Observation,Absolute Change,Previous Absolute Change,Centered Mean (w=6),Centered Std (w=6),Left Mean (w=6),Left Std (w=6),Right Mean (w=6),Right Std (w=6),Centered Mean (w=14),Centered Std (w=14),Left Mean (w=14),Left Std (w=14),Right Mean (w=14),Right Std (w=14)
0.4346444775819644,,,,,,,,,,,,,,
0.4519488512065083,-0.5679750238360285,,,,,,,,,,,,,
0.4663998020664218,-0.6430052637309398,-0.5679031517839658,,,,,,,,,,,,
0.46365709777140984,-0.9508715075285424,-0.6429186354069735,,,,,,,,,,,,
0.49366242806990357,-0.23400564574257035,-0.9507243308442109,,,,,,,,,,,,
0.4897773139416271,-0.9208320458299032,-0.23399945578025638,0.4663435823683991,-0.8111207215056521,0.4493383579859359,-0.6986719325870585,0.482608962508137,-0.6839436502022326,,,,,,
0.4700350110746365,-0.5038701115969589,-0.9206907770363806,0.47225460744252806,-1.0079131656938864,0.45903145218994773,-0.9981707019316409,0.4847358972212535,-0.8168295857492014,,,,,,
0.4576678992097725,-0.6977994364132996,-0.5038108471217437,0.47320981870415785,-1.0498917399746637,0.4729679262995921,-0.6735582571867562,0.4727322826728674,-0.688417250558447,,,,,,
0.4580970562974859,-1.01170581645868,-0.6977020316648945,0.47182307107475735,-1.014276804799625,0.48077833512796225,-0.6834103105129823,0.46216741035486386,-1.0226138111562186,,,,,,
0.49771452063373595,0.018743695047213894,-1.0115466754303066,0.47751143631347204,-0.9436288999235465,0.482909191082007,-0.8162809058595178,0.4713980955216815,-0.440647156311801,,,,,,
0.5084800618999497,-0.7399124480969836,0.018700176545295415,0.4799863186185588,-0.841636520584692,0.47088344653387776,-0.6878833944418876,0.4883431600806075,-0.3119102694109435,,,,,,
0.5110632860679787,-0.9550650088681699,-0.7398067609406861,0.48354156072848964,-0.737108995176309,0.4602990966976032,-1.0220413757708857,0.506006572448552,-1.0204116104812102,,,,,,
0.5142365317637719,-0.9395504986034972,-0.9549170074437592,0.49092422132506286,-0.6878789152318489,0.46954679966014795,-0.4401419024915754,0.5115164057329336,-1.1732648324885695,,,,,,
0.508901965730009,-0.8827189679036914,-0.9394055484332505,0.4994814772339986,-0.8504740607084096,0.4865231043320271,-0.3114198768297202,0.5116571040866242,-1.180550614048001,0.47947714368990163,-1.072024936641325,0.4631321991977134,-0.9323090412160918,0.4941830165366428,-0.80288197413095
0.5033333042225471,-0.8765634694028509,-0.8825851948471111,0.5070369608437509,-1.3224904233931838,0.5042190811670819,-1.0198394293154047,0.5090792755810994,-1.079705690464694,0.48441039291561566,-1.1416345731112496,0.4664417491463922,-1.073433714792003,0.5007162104451971,-0.9694788757102549
0.48973750841470265,-0.6654914124711174,-0.8764309069542828,0.50570461813541,-1.2353334143232986,0.5097390724425152,-1.172675006121616,0.5009092330105477,-0.9192163697485857,0.48712438401184754,-1.1903950637561154,0.4673255357603991,-1.104940239320763,0.505242902127411,-1.2877674135081705
0.4970924983542167,-0.8295922836222767,-0.665400361773914,0.5038026356839194,-1.2179131374809198,0.5098800301892843,-1.1799599466187565,0.496970959642622,-1.0304097744269465,0.48932874136663274,-1.2102260219345256,0.4718269355480933,-1.0235904694093074,0.5051539115191748,-1.2851614978355654
0.5086514675332587,-0.7190494034136837,-0.8294689590435326,0.5033998070620808,-1.2277307306632204,0.5072974491699284,-1.079126664458103,0.49874448424507917,-0.9310135095623224,0.49256024859488,-1.2336783118801087,0.4782701063777551,-0.9410670720767226,0.5051784339391328,-1.2847855925406495
0.5045350094630754,-0.9147488983641063,-0.718947819413134,0.501779431896263,-1.275670624810886,0.4991123442163536,-0.9186558704456452,0.5036792202866086,-1.0648942191250945,0.49334112019165727,-1.228351414536831,0.48077142914487003,-0.8659954637545377,0.5042444556477648,-1.2982924963733742
0.5252311399920927,-0.4787893842727913,-0.914608825949246,0.5045067758771815,-1.1334436325004273,0.495166810203039,-1.029836439084529,0.5130630188480222,-0.8792528044085215,0.49588742311261225,-1.1904949513265688,0.4842873706237956,-0.7884954243293831,0.5058174167872529,-1.2133409558427988
0.5170908821464577,-0.8089438048520217,-0.4787350524491637,0.5068046047043326,-1.1040962171938555,0.4969436044955415,-0.9304516484110528,0.5158774321280073,-0.8985343750567655,0.49926698789605245,-1.2105723646314777,0.4898743824009532,-0.7997747593251714,0.5069889771584918,-1.1886685414115576
0.47158397329504753,0.17360558242599136,-0.8088245412301339,0.5037725509123617,-0.9273040597283742,0.5018874382723316,-1.0643169029378168,0.504888774972139,-0.22527715766511924,0.5002664439220723,-1.2576612460182373,0.49643865165943607,-0.9662069568927791,0.5024467085558553,-1.0129945669858103
0.4714371234874082,-1.0191290357623863,0.17353160708265963,0.49948751903638444,-0.79299974412122,0.5112885369110608,-0.8786969184538622,0.4869493086259863,-0.31980379804103565,0.5012245309844718,-1.3097348660921537,0.50098687469829,-1.2841808225776146,0.49982853483555706,-0.9202557201298637
0.4803151961334577,-0.789543096986609,-1.0189684348020895,0.4947547163849058,-0.7711553135200849,0.5141081388752471,-0.8979762632596406,0.47468519033823314,-1.0931139152988656,0.49997490701624936,-1.285928242761483,0.500897460803323,-1.28157748321202,0.49742826336879237,-0.8842286167180573
0.5116165429616303,-0.19992712350782835,-0.7894276489212326,0.49593749375337304,-0.7484923614155486,0.5030992229065805,-0.22479676591124367,0.48803542857933924,-0.5095299836965933,0.5002001698941551,-1.2828974769533874,0.5009220998649713,-1.2812019495513272,0.49785246660801574,-0.875820927065556
0.5076228858534487,-0.9179779276381869,-0.19992763580237607,0.492996514303414,-0.8522484685715199,0.48512668315707635,-0.3193124942398942,0.500102816522365,-0.6577813244499617,0.49995307946439554,-1.2859684466760792,0.4999836790753956,-1.2946954999469482,0.49829423856248506,-0.8701608167551016
0.49914335678305227,-0.8000227288380422,-0.9178372201669276,0.4899988688323837,-0.9448214002622142,0.47283995460193545,-1.0925333414621332,0.506381714739676,-1.0462855662545545,0.4988690837488065,-1.2964323904433164,0.5015641220558511,-1.2098279457293992,0.4945619483024683,-0.9686729049330787
0.4833750646250619,-0.6083660105353186,-0.7999052197330468,0.4919682496137591,-1.003476366875134,0.48621480549347756,-0.5090167781215477,0.4969636217415393,-0.8301028086921347,0.49703573513492244,-1.288996320206293,0.5027412549922103,-1.185179923382264,0.48973834116286197,-1.0467682974043506
0.46389802168041583,-0.5108450736862493,-0.6082861947477296,0.4907090479171591,-0.9386975544807064,0.4983044410095992,-0.6572510049096775,0.4823820608117292,-0.6352449496749377,0.4942034829829869,-1.2378082097756034,0.4981773809408037,-1.0096796269064927,0.4886387382521647,-1.0014994658901495
0.45503796294140403,-0.7900167694417521,-0.5107844374383028,0.4864871743126337,-0.7797034605130333,0.504594915074783,-1.0457103982288838,0.467673599166425,-0.7502984296334844,0.4917113526874086,-1.1721568410338363,0.49554675379180424,-0.9170324651897808,0.48629256622643213,-0.9053218325831263
0.41104677948115564,0.1337498550786963,-0.789901228218743,0.4696897334445803,-0.41709773393273863,0.4951594587737187,-0.8295525965567737,0.4435532430093225,-0.2473641699596169,0.4855315269898792,-0.9640735751445773,0.49313506535551477,-0.8810409795380018,0.4763825698604456,-0.4872701323970829
0.40942513599368585,-0.9803496004243109,0.13368371820090166,0.4532884728712144,-0.36125781267206536,0.48055101511301684,-0.6347172317079852,0.4253873843683357,-0.3357116180200606,0.4784050662949082,-0.8375221348019843,0.4935612863312823,-0.8726416020461815,0.46176239344193565,-0.3786521152749208
0.4287320724968417,-0.5153179920602409,-0.9801966262541312,0.44152818485511436,-0.5708617351237593,0.4658154367812245,-0.7497574300243789,0.41661477977401784,-0.88821978992396,0.4729608798327891,-0.8007702962180873,0.494005159588463,-0.8669870875353243,0.45047575356393266,-0.5080587798936029
0.4307898916384157,-0.9688804398185218,-0.5152564761189892,0.4327452633963066,-0.8129171762755764,0.44165061206230577,-0.24688122850630043,0.42319880006338584,-0.8490142238147851,0.4661780850450131,-0.8345215428412986,0.490255116568083,-0.9654017829288633,0.4406966561928172,-0.718662511480126
0.422943612544842,-0.8166739234186001,-0.9687297212995655,0.42590494437860854,-0.9907805033998469,0.4234512626385685,-0.3352184778383728,0.4277070013634289,-1.1301048732850503,0.45941640388695054,-0.8635243055173061,0.4854085657837787,-1.0434199673349602,0.4320509342397302,-0.9276177261562834
0.3944891340583582,-0.27478501602688915,-0.8165531395066057,0.41579191102151764,-1.076377677577315,0.41466248477105555,-0.8876628688307472,0.41628751492933624,-0.5826042270164352,0.4538794326709316,-0.7717213809370254,0.48430373257596937,-0.998195890303493,0.4221208411706979,-0.9692703607641555
0.3893611358095711,-0.8881506307660656,-0.27477080594526304,0.4121699146614519,-0.9555637197232175,0.4212586434348045,-0.8484618285672891,0.4024716703569225,-0.6193656500436059,0.4479847140905715,-0.6937793696795443,0.481946400906468,-0.9021133418503358,0.4127246812804966,-1.0618147284927706
0.39781623988437315,-0.8006649797170914,-0.8880157894589479,0.41023096463123004,-0.9239601147113446,0.42577515610582756,-1.1295200292544303,0.3940920830812547,-1.12314370865101,0.4420596177984556,-0.6693700552713727,0.4719892673195182,-0.4844749434211963,0.4108318330581622,-1.0344964097477536
0.38573605340650946,-0.7053440880104717,-0.800547344299977,0.4030496502556467,-0.9257822531698437,0.41433461657719944,-0.5820825858343074,0.3911730670645695,-1.0525020357557722,0.43301884860786377,-0.7221301311474327,0.4572995495549865,-0.37596431018788823,0.4074427167235026,-0.9633610407933967
0.3730548285573593,-0.6895398918210173,-0.7052451994479333,0.3934065798679343,-0.9907132252111103,0.40049330095724356,-0.6188397651648435,0.38573516766258487,-0.8273061550001549,0.4233541360639252,-0.7880057666581252,0.4459592244062513,-0.505243038472815,0.3994771631310486,-0.9327124787905212
0.35102048450076656,-0.44360129954550026,-0.689444111485462,0.38139377951367787,-0.9665219643659414,0.3920982649795609,-1.1225596682092749,0.37012951236124103,-0.6384732260310984,0.41271591321553613,-0.8285381297211658,0.43613361243951143,-0.7156385592274327,0.38806482583424956,-0.8857736650128507
0.3086574005701741,0.09093926991162306,-0.44355388819749336,0.3670579252969184,-0.4792415285321173,0.3891738674318844,-1.0519261501079713,0.34442498259362625,-0.08622303594103088,0.40016764557038603,-0.7333018925904767,0.4274467668279447,-0.9243871928579885,0.3717142868716416,-0.5996280555659703
0.31745668361998125,-0.7916148552905526,0.09088155263419176,0.3550482442356837,-0.3744341807819347,0.38372594265696863,-0.8267562657072979,0.32588386752508214,-0.46405289264923333,0.3896501909430251,-0.6975910944436021,0.4174694409473256,-0.9659986480924592,0.36069351664472166,-0.4881736139622613
0.27438222659482103,0.10964469786355739,-0.7914989997704102,0.3344319529411284,-0.19545984408315764,0.3680915165927501,-0.6379451353956151,0.3003262026050114,-0.4493813379858096,0.3766754494160561,-0.5556197906849564,0.40802858791611857,-1.0584515229512765,0.34424387584806837,-0.2047751568562907
0.2369654508476392,-0.03912301675536382,0.10958330177100675,0.3095838742253771,0.030868564424285948,0.34233959766290717,-0.08575869643594702,0.27641805439626815,0.18874834348041006,0.3641728835448112,-0.2811981386974768,0.40612673629947293,-1.031160212131662,0.32123150149538693,0.03683513886440161
0.28885223377119157,0.3413632270574411,-0.039155154553519034,0.2955201232737076,-0.29455807489560154,0.3237642999846123,-0.46354493689757137,0.2668789160542197,-0.3030571064431231,0.3555133066438449,-0.2378545609760434,0.40272149952241987,-0.960095170299414,0.30737066351306974,-0.18441779671347078
0.30216449311276683,-0.6729469530053952,0.34125625865129144,0.2873600600699247,-0.5990552941971794,0.29815951666400997,-0.44887507590163983,0.27614386906576954,-0.023584617181105494,0.3464231904847222,-0.28518604202353254,0.3947180575144796,-0.9294769086266574,0.2972286247515106,-0.48603615490527585
0.3111660830063688,-0.7862952331124248,-0.6728544360196198,0.28777906716928436,-0.5876609484925961,0.2742072911224277,0.18918094060390647,0.30088862377950437,-0.8694031161123323,0.3378317777299408,-0.38516655575921827,0.38325143706307585,-0.8825845003394864,0.29152679131765596,-0.711674438933168
0.263422596585241,0.23241598853881568,-0.7861804238076668,0.2787541440670075,-0.6634872852007468,0.26465056631688455,-0.3025677358609085,0.2924082359941315,-0.3543059691226751,0.3263749372661281,-0.4335770062111219,0.3668231262285634,-0.5967217852883521,0.2850552020310547,-0.6952092467837152
0.24316943123332446,-0.49043707416821813,0.23233044689442212,0.27354089640422313,-0.5433892338523149,0.2739326003007482,-0.023127508583450966,0.2727343020523652,-0.006710698519606228,0.3155071172245544,-0.4138661511865526,0.35574993534857896,-0.4853775317702532,0.2744271779362325,-0.7041998945633243
0.2763213256716333,-0.15126730595588506,-0.49038045158183424,0.28011422378701145,-0.7244380384630783,0.2987229747245506,-0.8688483671944259,0.26111411839324367,-0.6696201216650044,0.3073885689378627,-0.4882362215273743,0.33922205129891503,-0.20225925312109463,0.27470459823444626,-0.7038947789680534
0.2256641594065672,0.30903067752829555,-0.15127738822514677,0.2695603763285524,-0.4789604218845325,0.2902269524002015,-0.3538106824303602,0.24852226790386975,-0.3412109162179551,0.29502456216619705,-0.5408479800347195,0.3161002178369976,0.039112177503096424,0.2730877609726074,-0.6247004085189145
0.24632417687207175,-0.47973897080174516,0.308930067996819,0.2602337718139775,-0.5726522734354225,0.2705167473709786,-0.006255537827825234,0.24957432642067176,-0.3505556110478674,0.2850119652766395,-0.6700735192321577,0.30217345032669884,-0.18192201903615038,0.26700341676941,-0.6091207167841125
0.23843826135141305,-0.8156316906763559,-0.47968445222199046,0.248086569300688,-0.9425721374803588,0.25887514060964434,-0.6690884354675083,0.2369409147213892,-0.8985465696236933,0.2753437687384781,-0.8099013679825157,0.291983170626953,-0.4832421858863112,0.25788632191299127,-0.6915576415975206
0.212907878217446,-0.3516735789466362,-0.8155111117413114,0.239649460915577,-0.8398874484220584,0.2462600756420836,-0.34071714120357216,0.2326868936989141,-0.6420875301366507,0.2654244857730878,-0.8747992778599329,0.2862542162363854,-0.708657395353875,0.24382885532941845,-0.9077527968942828
0.1986780372495974,-0.6488193086914017,-0.3516442471148689,0.23221838487726024,-0.6610348382694752,0.24731407374588357,-0.35006075729259983,0.21679764850364067,-0.544524409405086,0.25752573956528907,-0.8200550884576605,0.2797518446242494,-0.6922084813174884,0.23456607181649164,-0.7977776179097142
0.2330343946662817,-0.11959616793447232,-0.6487315369134304,0.224988481586668,-0.9627754911715483,0.23465737094569686,-0.8979884564188415,0.214995543161153,-0.6495532103846905,0.25146250902281697,-0.8994530052336035,0.2690732679861508,-0.7011902406019151,0.23311608666593106,-0.8063651440409895
0.25870915192457095,-0.3478772872380303,-0.11961247899794819,0.23050774790088352,-0.8223384260993606,0.23039550716188054,-0.6415590222700348,0.23026955431829157,-0.18125201101992533,0.250336864762126,-0.9107518748862524,0.26935200784306196,-0.7008854266554871,0.2305963729743848,-0.9430788720940751
0.2750524990773177,-0.5932450425721549,-0.347848702026729,0.23530603196540464,-0.6317869352419172,0.21447696837419175,-0.5440071641135557,0.2557392473564503,-0.5068256900127206,0.2530722863783946,-0.9064578840476745,0.2677274800420485,-0.6217693507628085,0.23766219446004053,-0.7725421696181596
0.2660983485161033,-0.787542641850314,-0.5931682006403743,0.23992589645026216,-0.5515996788752019,0.2126715406498827,-0.6490238406884844,0.2667655607998408,-0.9801967925806188,0.25143809647726245,-0.935153674700918,0.26161419545718684,-0.6062050617017982,0.24049121782456284,-0.7109323018963469
0.2930647695900351,-0.31391321883830864,-0.787427587216439,0.2533139227953722,-0.465936218256003,0.22797371114699533,-0.180776701478632,0.2782226240004872,-0.7780454409976914,0.25078455198948635,-0.9580264394180527,0.2524537348416983,-0.6885604862465936,0.24830644624026102,-0.5271967541455032
0.3441316921576174,0.31980514602183024,-0.3138913133741195,0.27760799571356315,-0.33535316579063174,0.2534903603997278,-0.5063127966182454,0.30125945857809666,0.16519649898037247,0.25315215053169776,-0.8298603645473225,0.2383294034597883,-0.9045419028180294,0.26708019020795926,-0.1911679666403292
0.366438102055088,-0.4364473770488722,0.31970241746491906,0.29988945297161596,-0.12920274306454818,0.26453700207947467,-0.9796292537674027,0.33472120300160646,0.09170750983610743,0.2605507506745523,-0.5841579102917005,0.22902256121494485,-0.7946754494639747,0.2910810511042787,-0.12781549114624086
0.3612615754826893,-0.8868745871992271,-0.4364013726699178,0.3170180432255572,-0.11702550615029358,0.276015187651609,-0.777501238305325,0.3574637752005013,-0.8530609643749194,0.2690321588987638,-0.4364572989832479,0.22756567916271941,-0.8032544856414096,0.3094260769807921,-0.16697892454479768
0.3467220756369291,-0.6406768840274896,-0.8867399968528668,0.32898849470755287,-0.2495135255626641,0.29909449319837794,0.16563181490186443,0.35832762773039467,-0.9059806326011411,0.27408835889870514,-0.3506072175195912,0.2250339803708102,-0.939833053320857,0.32201778610744536,-0.29136950011267276
0.3105602463709369,-0.07212160943012606,-0.6405907136282752,0.3364146442205969,-0.6049665232594855,0.3326179280729194,0.09215130924246535,0.33969323348594066,-0.32738435136820987,0.28018561773636896,-0.38031156388981757,0.23213341066683843,-0.7694649498931418,0.3270977585342766,-0.42856712651227113
0.3119971468894713,-0.9852073836627212,-0.07214725736224022,0.33957678239387573,-0.7644099639572848,0.3554024287355193,-0.852508101976321,0.32326431413329354,-0.5325100088484701,0.2849022673624254,-0.3917300844938697,0.23497589037327238,-0.707915992021859,0.3336643432357386,-0.7095375249956808
0.31908697643960127,-0.8365646285102208,-0.9850534541074807,0.3353937445028473,-0.7235187124777005,0.3562678738737214,-0.9054216612165608,0.3140484391301698,-1.112012985614859,0.2906944788576866,-0.4207331586805353,0.24282829217785026,-0.5243620921979518,0.337387251709431,-0.8546391323413824
0.3125886105366197,-0.8521170590454882,-0.8364399326734732,0.32639965305575097,-0.837218641695972,0.3375991250489714,-0.3268921724766614,0.31472486697572644,-1.1350059793598386,0.297853574733721,-0.5359699758806807,0.2616913340711008,-0.1886655154891563,0.33287449049236356,-0.8123143172489855
0.3040432441918357,-0.7982915495145447,-0.851989304496759,0.3168428886450118,-1.0377107199490543,0.3211399171545196,-0.5319941504856006,0.3120723643548749,-1.003474376701905,0.305420931041679,-0.7568931583305774,0.28580635584514386,-0.12537567265369434,0.3239478707634197,-0.9054478350453659
0.2981912035247175,-0.8691120652177498,-0.7981743808823087,0.30873712776452034,-1.2790773302924459,0.31190705165985433,-1.1114302300910621,0.30510394966230847,-1.0145638605614995,0.3101005098403189,-0.8967432787692132,0.3042386404356248,-0.16450038759751742,0.3149246075344894,-1.0801184017232768
0.3329225670340049,-0.10973544997888891,-0.8689809682442539,0.31247214459275097,-1.1299088580539731,0.3125847265754488,-1.1344205695511382,0.3118850073332347,-0.601032937804856,0.31543053643317215,-0.9749022517552146,0.31689024243746067,-0.2887679859274059,0.31295035885498096,-1.212279719791253
0.3523407569512451,-0.5123926034878409,-0.10975370035957238,0.31921044625483774,-0.8862888429027563,0.30992733377072124,-1.002904150750998,0.3279914753207096,-0.2791076069911913,0.3209813990255451,-1.0045682669050617,0.32199437791884084,-0.4258299735531187,0.31892775415330615,-0.9948989470608487
0.37323420112079686,-0.4736010574789678,-0.5123316628856692,0.32825426592065887,-0.5914349677982246,0.30294607202989815,-1.0139923544532576,0.3530171457829998,-0.5440024600965488,0.32867592356115516,-1.0523935665720525,0.328592196794627,-0.7065225940505053,0.32768873086138395,-0.738467025811761
0.35357711343885206,-0.5061108296061965,-0.47354774604873096,0.33510027937383907,-0.5847545723348835,0.30973963133555377,-0.6005091692334296,0.3599051151929879,-0.8513329297782912,0.3330219356862483,-1.0910308805066173,0.3323328134039099,-0.8514807484471605,0.33262311725050087,-0.6997126649689636
0.3579904719309987,-0.9069419550113957,-0.5060511244467418,0.3441106949956252,-0.6945477312671671,0.3258757933898441,-0.2786210011118052,0.36178920711120177,-0.9026300436113248,0.3340172768200233,-1.0757421580489253,0.32779858709091436,-0.8091977772712708,0.33911860687149126,-0.7025868395060991
0.38892196661743417,-0.20965231924964398,-0.9068034179958493,0.3592647987264097,-0.9099888947849158,0.3509476014616579,-0.5434852750582498,0.3670208324751241,-0.5768238767371785,0.3356320737654419,-1.0150372486973929,0.3188295076040575,-0.9022392197417651,0.3512619164985865,-0.6806089221172105
0.40409065858424675,-0.6241323900367207,-0.2096509188802727,0.37115149079106224,-0.850131630892684,0.35784826961006844,-0.8507802668620305,0.3838663127355878,-0.4225491188172638,0.33870806954790295,-0.9065442259559384,0.3097633249292542,-1.0767371004766328,0.36641259072387045,-0.8254990829061155
0.394078122589478,-0.7597125866740522,-0.6240494734595944,0.3781225813756867,-0.8745221852767965,0.3597358350614834,-0.9020714590149058,0.3959009819528096,-0.9973633863180685,0.34210919304042886,-0.8376534134836652,0.3077796856715047,-1.2087677588560397,0.37516190769406405,-0.9184322931388429
0.3810608820819963,-0.6807044203424936,-0.7596030054048079,0.3794298153403356,-0.8796623775846015,0.3649771055091839,-0.5763029028320765,0.3932794327428596,-0.8576969516230876,0.3471725668603629,-0.8395257991156223,0.3137855126455396,-0.9916018969972971,0.37927079814416803,-0.9911024698033484
0.38930624319899687,-0.8061801331795148,-0.6806103776879016,0.3853973937022946,-1.0214415280328417,0.3818536422878601,-0.42204595421378993,0.388349060566091,-1.0384261393361118,0.35272492607455164,-0.843263741189679,0.3225881612250987,-0.7354234940655164,0.3815701704452339,-0.9863432657780435
0.3822028506282923,-0.8362079913164541,-0.8060614130916836,0.3894414123552938,-1.243303983451011,0.39391049875756434,-0.996793865812903,0.38438884239423615,-1.1155663047154099,0.35725792441940335,-0.8622889637120612,0.3275460181840273,-0.6967074472528183,0.38566555713416145,-1.1173274368464186
0.34651325717500137,-0.08453896543959591,-0.836083365619898,0.3823581920662445,-0.8950031302421686,0.39128411642979727,-0.8571435540514228,0.37286774777017584,-0.4430280118024417,0.35969440128101726,-0.9168402077448209,0.3340724038132726,-0.6995787802720619,0.3840235511230488,-1.005290922091353
0.35600665696354744,-0.7733631801205741,-0.08456217123795362,0.37432706873482646,-0.9130884759620433,0.38634465456303857,-1.0378518785936965,0.3617628545975395,-0.6050302925697986,0.36342642697367866,-1.0174616366296299,0.3462734734887048,-0.6776225910853689,0.37931446991663437,-0.9310178165018242
0.36181564420896595,-0.8702441472206227,-0.77325091417554,0.36893850010247825,-0.9767847265071261,0.3823771352881057,-1.1149831390005194,0.35496403890732836,-0.9969284954371206,0.3679959506952669,-1.1892657887596463,0.36149621239013235,-0.8223695079693084,0.37326632764518314,-1.0051517489099167
0.3307260596227519,-0.20549537368504914,-0.8701128275994333,0.36053143843103524,-0.8266541754807584,0.3708348002435001,-0.442522483138981,0.349699254502094,-0.6762309019763134,0.36783819696709896,-1.1822610354807994,0.37028714577188365,-0.9152108409077997,0.3642027638433827,-0.9097000321516665
0.3417482227834015,-0.7331646214025037,-0.20549479086629646,0.3525881659395181,-0.9507110009940825,0.3597094339640284,-0.6045060625483093,0.3449442888619788,-0.7041765818892524,0.36707743843419827,-1.1630551025767675,0.3744155802934391,-0.9878091730811175,0.3585784356197111,-0.9120963509476047
0.3181173407511244,-0.40162061978021113,-0.7330602613479934,0.3418844263123507,-1.0049969999910655,0.3528980839002024,-0.996359025135261,0.330371585516851,-0.8476152476769321,0.3631189313226261,-1.0766855456411542,0.3767258896338569,-0.9830546741853081,0.3483936818942397,-0.9197727888351037
0.3371710810591581,-0.5219757406055937,-0.4015814648142468,0.34032407014311833,-1.0054724679997205,0.34762359327880565,-0.6756984526378982,0.33252089974677806,-0.8218139294056609,0.36194064585041164,-1.0557635042917288,0.3808407561631554,-1.1139093493372567,0.34195114004974775,-1.1010545276169132
0.3295361919889352,-0.822232386174278,-0.5219129152783138,0.3359028996563525,-1.0483785497779807,0.34285986133017815,-0.7036409065335062,0.32844837775102076,-0.9290190801679774,0.35989705213425954,-1.0210528013349003,0.37919093989689123,-1.0019835981273821,0.3395222891761445,-1.0873326359299402
0.34119041092747987,-0.7165448280685919,-0.822110509073885,0.33245801598112257,-1.2283170902124683,0.328260291584102,-0.8470630139256417,0.3361428871560762,-1.0626670994541336,0.35646895950746854,-1.037067685818739,0.37445945979211565,-0.9277839217453346,0.33740257933620277,-1.139346917161147
0.34698655802305955,-0.8705817766580242,-0.7164437366453663,0.33517388952911187,-1.182384338005626,0.33041356831408814,-0.8212646741290457,0.3394161957897624,-0.9545776589875449,0.3523677282933642,-1.1137745581762009,0.3683825493346694,-1.001844562537828,0.3352810324997732,-1.2534975066571086
0.3388325029382106,-0.808581008921135,-0.8704503906349175,0.3346868979126246,-1.1906987255977477,0.326333538170651,-0.9284574492513563,0.34251637064663554,-1.1254490120714076,0.3483999736570151,-1.1758725850015883,0.3592758743960065,-0.9064872129648285,0.33644079372544544,-1.2570749082649844
0.33955821177135376,-1.00390804149289,-0.8084618166506838,0.3382680116654831,-1.3289587531889202,0.33404223326039933,-1.062090040363004,0.3419720576591689,-1.1139120065209691,0.3454192411829187,-1.2179595577369993,0.35362479387168233,-0.9088811626691733,0.3361274763115401,-1.2622600300900537
0.3521879132319907,-0.6908946900823416,-1.0037504340606749,0.3407761646303422,-1.2659226725225388,0.33732157660295853,-0.9540130776178132,0.34370662857965184,-1.0047496924948165,0.3427533931618474,-1.3115452214840961,0.34339159603290503,-0.9165500113392041,0.3410018370345121,-1.326434992385611
0.3409254137229462,-0.7268450202206999,-0.6907986432972648,0.34267842403704096,-1.3431961186791013,0.34042746697731263,-1.1248647055080818,0.34440458171696503,-1.0258433361186843,0.3397888370089504,-1.413409631921521,0.3369184100279842,-1.0976525281226346,0.34153895661733497,-1.3315938871960689
0.38245044873941114,0.06890292400099461,-0.7267419030484393,0.34956979000405136,-0.990367797049081,0.339882150488257,-1.1133290317763704,0.35870847444698284,-0.4961277084658775,0.3423698553656499,-1.3101149488009367,0.3344780062459754,-1.0839442024179067,0.3491092190464343,-1.081362355413193
0.36847026754495876,-0.6553840676616527,0.06884954063363045,0.353158058762292,-0.9460578107803418,0.341619919283336,-1.0041793193229127,0.36413838591693487,-0.5087376608874589,0.34326499508862135,-1.2858392500568554,0.3323482139370384,-1.1359070603591055,0.35301205518748324,-1.0481051345091912
0.39276250490992504,-0.38423039990724506,-0.6552950047860056,0.3621655972886165,-0.8203907020131619,0.3423191591749587,-1.025270527920683,0.381425248160252,-0.8342165808581765,0.3454876065970405,-1.1938732363831015,0.3302165758938798,-1.2499447962554544,0.3595610639453372,-0.8880259978310553
0.3697275808044004,-0.4172912265917124,-0.38419466509311906,0.36720456899165393,-0.9165750213255373,0.35664942272363,-0.49561605003415793,0.377182369937413,-0.7801504152366127,0.3482887058963161,-1.1883861120288566,0.33138185356165156,-1.2535186611085003,0.3639811174730159,-0.9396694797691443
0.3922689985353833,-0.43026788821035317,-0.4172489896719208,0.3738990230403769,-0.9019599715927105,0.36208934483987126,-0.5082245467772524,0.3851188759175285,-0.7990009335690108,0.35191712102655515,-1.1268228634963742,0.3310670458432471,-1.2586986567255931,0.37152227014439937,-0.9600426376158466
0.37880317519890494,-0.6689090152978732,-0.4302230991576147,0.38022547183162103,-1.1786698232630521,0.3794080773382239,-0.8336658938336611,0.38046365695755574,-0.8651915288999854,0.35627559329116165,-1.1613257593584299,0.3359645916219918,-1.3228101732208961,0.3753300249931342,-1.0133359544459606
0.3973646285606355,-0.5349203375773783,-0.6688172924573228,0.3827164795159652,-1.1154874827386168,0.3751573768970353,-0.7796059695484274,0.3896801817747122,-0.9289891138036336,0.36059870938045374,-1.1275172871078492,0.3365042660316304,-1.3279639677523982,0.38340459116588477,-1.2009045532246398
0.4156615887303774,-0.5418751386294586,-0.5348549664233376,0.39059850488486286,-1.0148011710773464,0.3831085147094705,-0.7984543117985464,0.3974812461275856,-0.6070469274421962,0.36678425756301297,-1.081870298307339,0.3441105366609038,-1.0779798243467797,0.38815599581070187,-1.0447063800846756
0.4501341847832199,-0.11653969384163317,-0.5418083996677778,0.4001808820012215,-0.6093835738419645,0.3784447133350947,-0.8646372661628905,0.42126902642399433,-0.3023624620657639,0.3746086274686502,-0.924892501280742,0.348031936769362,-1.0447554827919665,0.399839374212808,-0.7565632304875235
0.4519354132936044,-0.975627444451545,-0.11655660602490879,0.413911462220757,-0.5528010063390542,0.38767822984179723,-0.9284274863462953,0.43946753287154666,-0.5337218338144252,0.38214608129228234,-0.8192277530977924,0.35461209610099104,-0.8848346064160931,0.4083050406072132,-0.574723949206407
0.4211790835110727,-0.21425824898567106,-0.9754753989924771,0.41874010480738993,-0.6131217215982229,0.3954936763252722,-0.6065224646226836,0.44130753141348,-0.6496112702834879,0.38806023392407657,-0.8458206895170561,0.35905317375744933,-0.9364270316504104,0.41566603179901485,-0.7089020882610697
0.4068204842375553,-0.6454336321339202,-0.21425594276351764,0.42341963348054007,-0.8068181784973428,0.4193253120428734,-0.3018731716725018,0.4268630871471075,-0.43879911307679054,0.39289102766146206,-0.9112427422994316,0.36663019616749476,-0.9567800478210282,0.4177478632800542,-0.7526455402953478
0.42533085023183487,-0.5362636707430634,-0.6453465262203248,0.42809062939986586,-0.931769923777649,0.4375573694630422,-0.5332058355598674,0.4179908798885335,-0.9245176551342337,0.39814417224069537,-0.9443772083833851,0.3704560627263706,-1.01002067685806,0.42440441922255034,-0.9327408958684277
0.4087162415882228,-0.5861122703148648,-0.536198035394353,0.4269305982544121,-0.8963384105933957,0.4394007602471286,-0.6490818938849134,0.41383471628931584,-0.9073616606819849,0.40301292696301216,-1.0573217187821247,0.3785690358365014,-1.1974038382102659,0.42602845582231896,-0.9949356634844991
0.3947357137388992,-0.6553749524339803,-0.5860368311924982,0.41767779195017696,-0.8911106880049252,0.42492968603969816,-0.4382940725925626,0.40980463361938463,-0.720424941910012,0.4038952578603406,-1.070838739599396,0.383343040692495,-1.041360088504904,0.42303466218384617,-0.8981223782540476
0.3820377737940288,-0.689100371376553,-0.655285891351034,0.4060032943111424,-1.0037441869128458,0.41604112187932907,-0.9239565438569707,0.39536706717164294,-0.7922519225811454,0.4048696796545637,-1.0998866908916132,0.3950819914650641,-0.7535018081474063,0.4132923406749406,-0.8719213575850893
0.39986815670428205,-0.5541437039969456,-0.6890046774819207,0.4024438842012643,-1.0536957734611143,0.41187729592982414,-0.9068025298731022,0.39241636872379937,-0.9439698417422197,0.40538000939707564,-1.1051189437631752,0.403587925077811,-0.5718423000723172,0.40584325567308055,-1.097823794459572
0.39830882875869655,-0.9819881764231833,-0.554074552164312,0.4010222438926143,-1.0549825377546458,0.4078397833538349,-0.7198873908621665,0.3936079469106261,-0.9186106121460871,0.40743272198857505,-1.1567821282124255,0.41098392906432035,-0.705887785532736,0.4025712862469159,-1.144014845866953
0.4119185591819817,-0.6651250042569826,-0.9818348799926322,0.39878208583697033,-1.175151832248593,0.39337559964505964,-0.7917060799087914,0.4035727232685509,-1.0069956785912564,0.4088439584965526,-1.1685418235526206,0.41307566284470537,-0.7495879911322532,0.4033006504595625,-1.1316430172157232
0.3908840026423439,-0.4698905330130768,-0.6650340256216472,0.39580369582318825,-1.1967963835346673,0.39041946125613586,-0.9434064849267798,0.4005766478699282,-0.8897394788727679,0.40971160663593703,-1.194692001447146,0.41976388091266836,-0.9295052976103635,0.39837245733880783,-1.2380362261595232
0.35179882112297506,0.004747413830992981,-0.4698379513353771,0.388632256915369,-0.8609536041775881,0.3916132362500045,-0.9180501827711115,0.3850662849903033,-0.16711458261186818,0.4064390586065918,-1.0731888462454562,0.4213956422954973,-0.9916385771216993,0.3902294759162122,-0.9765174508785195
0.36830442840785066,-0.5889784414957522,0.004706647991621711,0.38633847547389777,-0.8105729648536374,0.4015963837824912,-1.0064250461452862,0.3705216519237022,-0.563641970886283,0.4030378551515425,-1.0288125435063566,0.41838760857993024,-0.8949210051746996,0.3864480419779464,-0.9338564166007732
0.3628265542167863,-0.8789507056067392,-0.5889024386806488,0.3801516842763394,-0.7863477612347259,0.3985947847853278,-0.8891823823484009,0.3611649300335385,-0.9720848681864376,0.39676739863109184,-1.058395014012402,0.4085989474009884,-0.8687458878279148,0.3836995582475857,-0.8796611543658025
0.35074245787351865,-0.7052412788008261,-0.8788176736580525,0.3722070170662278,-0.7591792395189181,0.38305582682501615,-0.16664090507914292,0.3608126493489138,-0.9510034176067819,0.389499694502355,-1.1061662296909756,0.40111443058333957,-1.0944249889905522,0.3766713118920628,-0.831900909039424
0.3494075689594194,-0.9878897605077166,-0.7051424104578773,0.3617662580793513,-1.0130857190926361,0.3684843791081502,-0.5631225186853179,0.35451084115257947,-1.009037563834532,0.384345045836672,-1.0901756269054603,0.3978268979278729,-1.1405703741736568,0.3696751752640849,-0.8414848220871219
0.3386510481194428,-0.7401496385872658,-0.9877353034067541,0.3530421651253852,-1.1793015175756727,0.3591104070595287,-0.971518265804497,0.34644868654479183,-1.036826879872093,0.3794490993720958,-1.0408252862856535,0.39855973138518763,-1.1282107767811815,0.35919304208614083,-1.037400361610571
0.3070072843809537,-0.19092333225629005,-0.7400439047824787,0.34556095841100803,-0.8285922729829939,0.35875747690624366,-0.9504392488433878,0.33186368761754603,-0.47550708558236254,0.37095107038884123,-0.9639187067619046,0.39360809715310424,-1.2344988013658231,0.3471930857808915,-0.9485289582739489
0.2540313236867155,0.3700029612166195,-0.19092561533541821,0.32647474747709304,-0.2511895269271836,0.35244405062493955,-1.0084666956756643,0.3000571958650102,0.27896226846652555,0.359841559733488,-0.6947153568432768,0.38542638337376084,-0.9732385734588377,0.3332058230263772,-0.3579291046293627
0.24394762391981695,-0.7578413480476182,0.3698903602054682,0.3066192587793577,-0.021383091602874243,0.3443670325375991,-1.0362528037463612,0.2684750794572017,-0.04452733786034231,0.3490119202749611,-0.4839965987905595,0.38162696292162324,-0.9306197154966297,0.31541451870440196,-0.11042505361449775
0.25846539744036945,-0.6412481738526686,-0.7577321347967356,0.291206888177482,-0.08212706916157542,0.3297551445411306,-0.47499780757176724,0.2522871164878726,-1.0073058386738543,0.34013692036913856,-0.37728224498147617,0.37886540593874785,-0.8764780327521564,0.3004839235733518,-0.14102141556485182
0.2276496896884334,-0.21269691592836823,-0.6411618910973162,0.2708705494361581,-0.19752307179142217,0.29789001398013587,0.27938445139768875,0.24348925259853965,-0.716783984968184,0.3277681456992044,-0.26210908758261897,0.3718037295001846,-0.8287650050146426,0.2828734606185414,-0.11166568696787649
0.22705561856350917,-1.0073694314240673,-0.21269491677514005,0.25223157123596823,-0.592767897083136,0.2662496724247956,-0.04406781165896234,0.23785603200452962,-0.6239451646879538,0.31546869602281313,-0.20922827330686958,0.36477431552013273,-0.8383394430426268,0.26536898394079106,-0.3002912942437248
0.24429342213304278,-0.5697254714945924,-1.0072111432368516,0.24175692800066428,-1.1009869871963156,0.2500318651435794,-1.0067351704233587,0.23312989905139783,-0.9218811976803882,0.30342981549448916,-0.2905785414552255,0.3542423237338171,-1.0340612930375945,0.2518695598768286,-0.741145757770552
0.24573381636897765,-0.9851155169901996,-0.5696532551802478,0.2403710553119121,-1.133784191109309,0.24121778141272893,-0.716246854228244,0.23916067353273693,-0.8997449419717215,0.29300509172111705,-0.37140210584516703,0.34218528924498215,-0.9452777513389498,0.24310337357321887,-1.1866669800596048
0.20996532101355328,-0.08246425407238649,-0.9849616055024688,0.23469523681663454,-0.9700117830284346,0.23557417534942576,-0.623418751155258,0.2334613255817158,-0.5408104043375007,0.2828185732025176,-0.33138846199361366,0.32813149561893357,-0.3552617870961527,0.23679900070806956,-1.0653321959491564
0.22170364368625636,-0.7143333354611239,-0.08248786790629226,0.228555186730798,-1.0820207127182968,0.23083932924404993,-0.9213203907527587,0.225927986438359,-0.6142040758941193,0.27228966707487423,-0.4025267688666949,0.3102555663776265,-0.10800242796767343,0.23361663024352977,-1.0498881862341676
0.2468424458028828,-0.3619701315758305,-0.714232678974349,0.23176081409602792,-1.0308385543233467,0.2368812221295318,-0.8991866904281364,0.2262976970811433,-0.592091420927552,0.2639596585274605,-0.5401131936497274,0.295253953383823,-0.13856854119485923,0.23195377415332263,-1.1238407563510207
0.2774471351700485,-0.2182456065142182,-0.36193877471081687,0.24017734498121798,-0.7817636185599383,0.23117136679607317,-0.5402935877864681,0.24880183067622927,-0.2615123218158562,0.25869556956773515,-0.6842356717100708,0.2775597256875425,-0.10924183478389324,0.23907812501347303,-0.8923359717408516
0.27607900726235457,-0.9870157471318565,-0.21824251609449388,0.24548626157989403,-0.6538719403598068,0.2236241391033435,-0.6136787868615742,0.26693516721279636,-0.6486095631422243,0.2534290933749243,-0.8678780004270257,0.259971988395506,-0.29768095963460256,0.24609173420700484,-0.7998093774581946
0.2718852049494068,-0.912715145370671,-0.986861461923974,0.2498541390422131,-0.5950930384215889,0.22399453134885644,-0.5915686845546084,0.27528653719991925,-1.1727237403221156,0.24863395331748378,-1.0714779596899986,0.24640835388065332,-0.7380995777283565,0.25003919656656776,-0.7472069451316765
0.27471025110959946,-0.948706342949889,-0.9125754729360346,0.2606680168635068,-0.8064774330920819,0.24654015381953678,-0.261027747116069,0.27437382900882384,-1.2003861253459487,0.24631437206721168,-1.1707852631658673,0.2376004709259513,-1.183180340849732,0.25418475635928445,-0.705003063716537
0.27334086613454095,-0.9869826927709341,-0.9485595920906286,0.2692926089938695,-1.1479500956204427,0.26470692118073424,-0.6480803023795767,0.27346070160535124,-1.2268242004683914,0.24770118838055707,-1.1483890380013548,0.2312661111056302,-1.0619655129060066,0.2632516796728902,-0.9183975203484043
0.25296846226633773,-0.487301718765366,-0.9868284140638856,0.2703157932566167,-1.2239008319322997,0.2730736878481592,-1.1721339764182233,0.26715226266005726,-0.8347848644579937,0.24834906731465478,-1.1496679584427547,0.2280686035921719,-1.0465367717244218,0.2677246307447605,-1.1755918596730195
0.24450952564648143,-0.8005642036321744,-0.48724571281244755,0.26481446234800154,-1.0906002980270024,0.2721592969779047,-1.1997931681279634,0.25708079127201217,-0.7384985204780513,0.24734675300694847,-1.1512148500716546,0.22639783807273198,-1.1204162295273117,0.2673908678064772,-1.1559556113819487
0.24439427238905065,-1.0199598613839467,-0.8004465880347927,0.25952239003883393,-1.0527210331110874,0.27124448612240826,-1.226228191269248,0.24742755327131827,-1.0991788215951892,0.2485493532504343,-1.1703058667941146,0.23355607614013377,-0.8891403193223142,0.2626621073428258,-1.1090659658435313
0.23579534740181862,-0.7968832346159833,-1.0197990970243487,0.25349456192119263,-1.0027100202271617,0.2649244168676207,-0.8342341118314694,0.24170058703625702,-1.0962353200566222,0.24917704282722797,-1.1846120515448868,0.24060304579456748,-0.7967052003379524,0.25689886137706025,-1.0611478128797478
0.2558258373613358,-0.4962922836792345,-0.7967663429584391,0.25034043475328344,-1.10314954999647,0.2548343776008477,-0.7379588830369646,0.24547440067505777,-0.9122911352882423,0.2500053038600321,-1.1863263886591071,0.24456928438760364,-0.7441547727699087,0.2546013023721153,-1.1027433184820261
0.2317180669077547,-0.38908092426187807,-0.49623450954297266,0.24338847936849264,-1.215139347445411,0.245163342781236,-1.0985975476326097,0.24124708365349234,-0.8083028228975003,0.24899868912283338,-1.171120093101601,0.24873456267069602,-0.7019926157116592,0.24845055705704502,-1.1288207717676595
0.2417998952411312,-0.7578905570564782,-0.38904423549030304,0.24152307432333486,-1.2472718043839235,0.23942581824635595,-1.0956543858884942,0.24324950680175622,-0.8372996981028522,0.2512850564454412,-1.2459899476786922,0.2578446131007917,-0.9151761024950598,0.2439380978145829,-1.28614042937329
0.25417492454475743,-0.6975912487808725,-0.757781334127611,0.24313741605828162,-1.2060620539798097,0.24320658933072617,-0.9117314354264484,0.24269895310010314,-0.8686083826226355,0.2536171522023115,-1.3021413890128644,0.26233883991033596,-1.1721161697469593,0.2441107022622178,-1.2795981788157387
0.24795066305613328,-0.8593245854661856,-0.6974938849769363,0.2437314142926075,-1.201708438242871,0.23897147877961808,-0.8077551273275693,0.24811227099744596,-1.0529167309575722,0.2536967446509532,-1.3031864017305521,0.2620034894177499,-1.1524993345952539,0.2446030140671172,-1.275886442950009
0.2856569506026607,-0.03151035590939097,-0.8591954134060668,0.2520594375708482,-0.9378400171127086,0.24097759361787902,-0.8367486551668079,0.26273791562895926,-0.5420488644686624,0.25428637571042595,-1.280646569387891,0.25725223645070844,-1.1056560459377511,0.25050632485304697,-1.0114413908528794
0.27149976384873703,-0.6507297382175604,-0.031543990897126166,0.254677340250848,-0.8896030617935663,0.2404260249091856,-0.8680537254478543,0.2685154796005828,-0.5845481621351503,0.2539574932687048,-1.2891491530446795,0.25146157741751873,-1.057785266676308,0.25561443406557066,-1.0048412515160103
0.24332796844421653,-0.2822181169738781,-0.6506415907135141,0.2566164582102986,-0.9622080405116723,0.2458493228607192,-1.0523407974378314,0.2669738829731615,-0.49347153571209396,0.25190650518566643,-1.2967983563365004,0.24915308999822405,-1.099339649385085,0.2538264065410904,-0.9880553025654579
0.25413184501374736,-0.7389044281708861,-0.28220244501689595,0.2586761746690495,-1.0098211326651585,0.260501931496336,-0.5415319049512086,0.25646075144817254,-0.7606229126838016,0.25042855875822184,-1.3225918778357402,0.24297308846243498,-1.1253913215119438,0.2570330694087263,-1.0665052685845693
0.24767724513934272,-0.8532678789184075,-0.7387989392628699,0.25759091423077507,-0.9901358992031939,0.2662901470503386,-0.5840262965473754,0.24851631263441507,-1.080288935178594,0.2485853908865968,-1.3502033411381495,0.23843916556039677,-1.2825554469409202,0.2578739218339443,-1.0897256599052954
0.21712726924485498,-0.21968428746658045,-0.8531398980367894,0.2524427054950684,-0.7703216732216192,0.2647457083179137,-0.4929601839059195,0.2397787876813968,-0.5583437542142371,0.24601126716998387,-1.2895262393143325,0.23861259100671692,-1.2760196643002517,0.25257364001527055,-0.8985659542881188
0.23380077930878485,-0.5845634680303328,-0.21968091410004234,0.24378154392117762,-0.9349199730228024,0.25421319466456577,-0.7600807212281796,0.23299869404470336,-0.7211585261288244,0.24524216224910234,-1.2796093577279366,0.23910724450877477,-1.2723115979972908,0.2505492643576156,-0.8656210397159916
0.22660636421687963,-0.8338145704444467,-0.5844883335124518,0.23628332378438055,-1.076052058933936,0.2462541093934267,-1.0797098418429003,0.22597188355994705,-0.9736899980072459,0.2439646301014593,-1.258967598254594,0.2450386345850145,-1.0081279863023596,0.24210109815467923,-1.0052883081752935
0.21174285641471038,-0.6321571529176906,-0.833690415464354,0.23100789075893335,-0.9873077529466447,0.23750047584043738,-0.5578249136333456,0.22417626577498662,-0.8685705074477289,0.24223717400208833,-1.2101067764180387,0.25017104068562607,-1.0015343721134147,0.23355188100588622,-1.0719112839606386
0.20614440453638858,-0.8757801369433628,-0.6320726581024672,0.22299289533753025,-1.0296809635808521,0.23070788234631895,-0.7206208903968555,0.21495329569907592,-0.8931249155554932,0.23866904069711514,-1.1607529449194076,0.24837450834990296,-0.9847650183882602,0.22823215520572818,-1.0064568388314437
0.18868391322810227,-0.5638699373384274,-0.8756477285535686,0.21313966539947776,-1.0121054426017602,0.22366811715416213,-0.9731232103309544,0.20230674915950678,-0.8402244994192394,0.23557831669289914,-1.0679413731719942,0.25159642381406505,-1.0631374257973472,0.218868742592838,-0.97053784409405
0.14952922099231047,0.006575185654056471,-0.5637988726378089,0.20184925186939065,-0.5607339214422894,0.22186918894791485,-0.8680158546452146,0.18155947108937046,-0.22233373356103406,0.22895141309654365,-0.8592262899374856,0.2524412757812709,-1.086334860559053,0.2048270391783017,-0.703809933023851
0.13503766433809358,-0.6419375416515226,0.006534060344982895,0.18535356244691895,-0.376401537129775,0.21262921529990603,-0.892567428220187,0.15784648113888483,-0.2675019165275059,0.2203949443750216,-0.6826702364612756,0.24711578299923975,-0.8953641426726898,0.19308275909182387,-0.4257356041904751
0.10854177971191734,-0.3262858903512752,-0.6418511233175196,0.1656340880422845,-0.21071881806224918,0.1999593534438924,-0.8396731188474758,0.13112032829626757,-0.5212634103122558,0.21038256245716072,-0.4749452962963798,0.24508177833273725,-0.8624517986918738,0.17516238078950402,-0.23206106818565905
0.08902644500953912,-0.5098381987834999,-0.326261551541474,0.14513765260502595,-0.10597962497801615,0.17917382545690694,-0.22185368159267102,0.110943595192553,-0.4371632850947311,0.19626050888730537,-0.3559918476742076,0.2365934281516907,-1.001980986795539,0.15547929049711867,-0.12208718705949717
0.1006451421146662,-0.7174788683082178,-0.509777760558642,0.12751687314981142,-0.3605568813318861,0.15541711796955776,-0.26701665039575484,0.09947422489683136,-0.9207382712033485,0.1839896859368761,-0.3211502492442258,0.22800354637266748,-1.0685380965817028,0.13958491903328935,-0.22304122387396869
0.0873412331527563,-0.673166524741231,-0.7173775931863694,0.11059033760808185,-0.7202952829741124,0.12864169248883967,-0.5207488502438598,0.09240417294254025,-1.0144494218355375,0.17278667842119205,-0.2485890150932655,0.22265851712321993,-1.0031483621979898,0.12258815407777773,-0.4446464254898007
0.11289635643149921,-0.35102304127637646,-0.6730739645720639,0.10447181495283504,-0.9582103173952297,0.1084277613314385,-0.4366584334486147,0.1003644164875226,-0.8127645975768606,0.1626431092445463,-0.3032832563838596,0.21325056713281676,-0.9672648783402902,0.1117454865427098,-0.8576947247870662
0.09428849345733525,-0.5337000051410252,-0.35099383738649975,0.09766577539777065,-1.1821396341423958,0.0969372459747291,-0.9201775962138444,0.0982445732024843,-0.7970180840605018,0.15162668958101083,-0.35559769594120366,0.19914207389797095,-0.7008006645932011,0.10384238386499227,-1.0480935311209916
0.08586779004552378,-0.8015695389813955,-0.5336348739909785,0.09387870274806794,-1.1862597107456718,0.08985415959257442,-1.0138779289379711,0.09775320288376368,-0.7745444881614876,0.14219959996837636,-0.3630052627111781,0.1873419317601819,-0.42300125058161786,0.09680781747665936,-1.2241834144777417
0.08652105573115124,-1.005812921065669,-0.8014517256637108,0.09346024568106497,-1.1758494910590875,0.0978290787327199,-0.8122163869447631,0.08895745105061513,-1.1076601156652086,0.13162193227717436,-0.4612666715921974,0.16933631459393253,-0.22951818856426007,0.09365738752355002,-1.2468016381856417
0.041892952439326336,0.15049754783189437,-1.0056549389988936,0.08364729198816274,-0.7817997042684248,0.09570532728059039,-0.796471691187917,0.07148435448978535,-0.346623736470909,0.11835576745536669,-0.5018799098645254,0.14955960104054006,-0.11965303178550012,0.08691415933007754,-0.8869692868414013
0.035069637994919876,-0.8435725954213714,0.15042811716870905,0.07491674516816232,-0.5520097418886404,0.09521305106598457,-0.774000689615113,0.05454396226086333,-0.2604766757613459,0.10566705139191915,-0.5554544822049637,0.13358962748039366,-0.22050726161255021,0.07753249537799622,-0.7022721783265383
0.024231425607491603,-0.7380015739966752,-0.8434465213208013,0.06010768247333894,-0.549576555766177,0.08640108328512923,-1.1070778626317408,0.03377134114192833,-0.9538876692658305,0.09260201437878318,-0.6464309603562476,0.11651201685796345,-0.44189337592619904,0.06850359023395035,-0.530424200807357
-0.0029908209591422725,-0.30718633338459883,-0.7378962626538875,0.0438598215353614,-0.41213223537041854,0.0688957731255667,-0.3461293366067461,0.018803302042260148,-0.5640764011115484,0.07883588558806146,-0.6777583753706724,0.10561777582109423,-0.8545333200183313,0.05192400660393096,-0.44373079169022367
0.037819367409537466,0.050106159590114434,-0.30716575090366227,0.03583464070466392,-0.6035887512884154,0.05192414939765203,-0.25999222061535493,0.019720293958834133,-0.5213879997659469,0.07081285512380082,-0.753120440239723,0.09767708177770339,-1.0447438908753164,0.04384516113625959,-0.586766371132022
0.0331989906106772,-0.901498445760717,0.05005647300110184,0.026928641477595206,-0.9982454910198466,0.031113231639136086,-0.9533231675477233,0.022710837164831504,-0.46433332607387423,0.06349877533987167,-0.8181335043871714,0.09060905524488788,-1.220659685098756,0.03631001544900958,-0.7552819249267921
0.06907691922531048,-0.07958672614602937,-0.9013609793255489,0.03146898301608847,-0.7857978035341762,0.016117597293044683,-0.5635568987604549,0.04674430563747623,-0.5674132437921419,0.06066439889234346,-0.864052128020034,0.08744364016894451,-1.2432555475733627,0.03381434227304624,-0.9064528491582999
0.040535709236628484,-0.2725044267300475,-0.07961090590621435,0.032381941397271366,-0.7791151812881764,0.017036279786302594,-0.520873425315087,0.04765016331381371,-0.5879180504463425,0.057181781756404475,-0.8704844192884003,0.0806683375906163,-0.8837789401309778,0.033620166112296464,-0.9087082036225695
0.08679447328127321,0.19337547990276147,-0.27249066517418663,0.042831395164056284,-0.542733879229306,0.020032336391627645,-0.4638253379492985,0.06552342171963077,-0.4282116367597631,0.0561870231524279,-0.8948748770519829,0.0712420494479318,-0.6992644301784703,0.04102026206500453,-0.6749667567590532
0.011967781812698114,0.944564008461217,0.19329761639403026,0.0453298224928372,-0.6731104081992247,0.04411011323896937,-0.5668933562397452,0.04647841420318966,0.09702130656915738,0.050773682458629864,-0.8669391207868413,0.062170198022059614,-0.5275863480837005,0.039265744330748024,-0.6304941266313577
0.04079795211262067,-0.26490626716489935,0.9443384079574575,0.04582731397227154,-0.6782722646511264,0.045017640964779365,-0.5873957958425147,0.04656586811635453,0.09628635637545467,0.0455955564856456,-0.9665314154641922,0.045511753061704144,-0.440978647356903,0.0455304549013754,-0.8140074497350507
0.010659169945007615,-0.23049655277584918,-0.26489399994663715,0.04206265060123904,-0.5646687180277077,0.06292385071223912,-0.42770781848169354,0.021175930708796885,-0.6578162715096566,0.03958927692546757,-0.9991403353902788,0.03739448030204657,-0.5838728164031528,0.04164473798764967,-0.7149750058516587
0.0032172101588480843,-0.8273054271009371,-0.23049105295033906,0.03106257930400995,-0.5425319008053046,0.04384373160422287,0.09746449255689722,0.018257751403851,-0.5534865215635004,0.03365329098463612,-1.0224746046558957,0.029823493448550578,-0.7522217693339196,0.0373553468093467,-0.6088174543467045
0.06285157650204365,0.5450845437116737,-0.8271825522805396,0.0347898373569008,-0.4677170816730045,0.04393134674841261,0.09672962720500439,0.02561229152282958,-0.09473729013370145,0.031953342888404526,-1.0830172833152703,0.02731594952172084,-0.9032432402596524,0.03646470823629569,-0.637103396716552
0.10490558369186771,0.08281215243949594,0.5449375092315606,0.03781480525628072,-0.2883293214438415,0.018494600164665195,-0.6572859479351237,0.057042002065268674,0.5827637411036933,0.036478926298984284,-0.9422335776091461,0.027120849755728732,-0.9054963649950102,0.045673886859975886,-0.356774628640184
0.15138774468354027,0.19924966256333915,0.08275603353034094,0.06110111419349917,0.26563337240255996,0.015571040871299256,-0.5529682416959916,0.10645456670181512,0.33471971699573294,0.04483292268853753,-0.6700379256981435,0.03455614450621533,-0.6719860037857489,0.05491502612373302,0.09716677491298617
0.13158329698030677,-0.5022360242723138,0.19917064377326174,0.07626433432374229,0.419222592005941,0.022939139903744143,-0.09427196775285035,0.12937552458057366,-0.4287160726140473,0.05254296174772861,-0.5616357334997002,0.032793281351126226,-0.627557340985917,0.07202801033667895,0.18073420857227518
0.14238170195590374,-0.7390483027521614,-0.5021770811746781,0.09826499700674571,0.2564760943547303,0.05442679461653542,0.583150853540278,0.14187322611069417,-0.9171293755202833,0.0629836537959836,-0.5158848612949822,0.039087790221927786,-0.8108892358623827,0.08656125132071363,0.2812782796642916
0.17122389589838888,-0.2645901076399023,-0.7389427855481883,0.12632593969451208,-0.31374609440959067,0.10393045681692903,0.3351354633508013,0.1484882734761392,-0.531874142351584,0.07256480140122615,-0.3662315986235675,0.035183590768955955,-0.7119546992068032,0.10953269960270665,0.18661157901677958
0.14206860633818147,-0.25635731451897453,-0.26457790260104835,0.13955698775871117,-0.8249349353436434,0.12689367203325258,-0.4282121961044796,0.1519849607766359,-0.6684615533055667,0.08038384525098914,-0.33907919352937893,0.030873796961600204,-0.6059020990811308,0.12939769577342178,-0.49196335742164643
0.14233697602398074,-1.0159336923581914,-0.2563467286317318,0.14580888273736156,-1.0872977574762577,0.13941441446747221,-0.9165691171375698,0.15197004537521075,-0.6679983875967598,0.08564540140434447,-0.2955194723444634,0.029978922037125245,-0.6341600768961829,0.14076940106828412,-0.9483786250362382
0.1300118056324749,-0.6989022799339364,-1.01577371982926,0.14223861410210703,-1.0466511945613073,0.14604165740916708,-0.5313583573924157,0.1382264553921958,-1.021878129010248,0.09207159769933568,-0.31353921573049304,0.03923190441931788,-0.35410845246569683,0.14436126270190516,-1.1311142730071322
0.12062549047473443,-0.7761789512842442,-0.6988046582881994,0.14040841086356942,-0.9774736076438972,0.14954479124197706,-0.667930000851877,0.1310755103543652,-0.8816868862768292,0.09450135007009357,-0.3060261093479043,0.048516999463414485,0.0993841674094343,0.13996021180234064,-1.0682168588154706
0.14220279420140436,-0.4556190930602993,-0.7760661315586949,0.1403785291941357,-0.9775298379430389,0.1495298483423489,-0.6674668886103899,0.13103076280720963,-0.884231077026163,0.10385486221245604,-0.4085849217458539,0.06571138214396788,0.18286898313621408,0.14147950708807147,-1.0810855626381544
0.1517890336618354,-0.7709219775971918,-0.45556931816088914,0.1371324645928143,-1.1635514587919242,0.13576092052117122,-1.0213057785512207,0.138293129046607,-0.6969263338457546,0.11182627028408955,-0.4623545135784534,0.08031375096279454,0.2833136525484619,0.14282538198351533,-1.0668854469374907
0.10416573119076145,0.22925577312460133,-0.770810191765886,0.13080182124650186,-0.967139013801984,0.12859679192007198,-0.8811307193345426,0.13280405578294785,-0.3608750092681249,0.11854193560296766,-0.6742360395099267,0.10339446368783332,0.18874054298951742,0.13323159883270025,-1.0585655551098068
0.13218174248703518,-0.2863144321636409,0.22917085300291637,0.1291056659714474,-0.9902341587304813,0.12855196187583162,-0.8836746163854058,0.1294621911730181,-0.4065193080874096,0.12780420154006814,-1.0592752359835904,0.12335394836079935,-0.4891635285456055,0.13181711890705095,-1.072175089198974
0.1299968350646142,-0.9655386762642472,-0.28629795458027624,0.12910316554567627,-0.9902332832428864,0.13582771709588687,-0.6963914954503514,0.12219483248249384,-0.7107290841667314,0.13262659130875068,-1.2563762322115435,0.13477974354282382,-0.9451275667263761,0.13005165698409896,-1.0922414597139039
0.12873903886446225,-0.9899168995960139,-0.9653886149732528,0.13045831290399057,-1.0091566715904012,0.13032852411458554,-0.3603789642533278,0.13038964771789502,-1.2148308175960134,0.13433831619948636,-1.305317814375241,0.13838868998346604,-1.1276825553091567,0.1298695665790395,-1.0919649317247526
0.12742077808776106,-0.9883269943986952,-0.9897620438155907,0.12798937956869294,-1.0357374964047927,0.1269804984052085,-0.406017993946955,0.12880194027075595,-1.2313622160456525,0.13261700248394026,-1.3136633657526648,0.1339667053417424,-1.0648473238852691,0.1308417452256078,-1.1062779003767476
0.15452230610160503,-0.31036060608188887,-0.9881724513065085,0.1284458983134414,-1.0098178343060125,0.1196997415298869,-0.7101926523976158,0.13698080273315216,-0.7217254674604432,0.13426448802883273,-1.2962961708050658,0.13549322720505683,-1.0777033052195701,0.13260425581935667,-1.0428948008945973
0.15493801923134684,-1.0120593229226538,-0.3103393993135839,0.13692602669976783,-1.1002152674618486,0.1279096648194766,-1.2142361928992735,0.14571775448231325,-0.7039624153652916,0.13516628597045652,-1.2813389328515243,0.1368455037983412,-1.0635172282915386,0.1330547704558771,-1.0244993684243804
0.16772254237331516,-0.6868236817357296,-1.0119001123698126,0.14286214968378452,-0.9695669276310821,0.12631903025690444,-1.2307656829831806,0.15915776493456582,-1.0049679824695723,0.134914817858226,-1.2931659942776284,0.12720608750503518,-1.055205561824278,0.14214762688731983,-1.0563952221430575
0.16673196208716046,-0.996943294135048,-0.6867284355999133,0.1489977524990537,-0.9513105276082112,0.13451297136277618,-0.7211877662814153,0.16322949496855213,-1.019229878568357,0.136686146422168,-1.2530807954167364,0.12578487955948142,-1.0688016410121801,0.14709060908944088,-1.00937810715897
0.1950330387961212,-0.27881868825749134,-0.9967870564666226,0.1600703602612751,-0.8210567591229623,0.14326603065514318,-0.7034267647326841,0.17660055927768512,-0.6932956737130949,0.1404707912266192,-1.1299557843065093,0.1240110201593063,-1.0888481731526103,0.1563951171724259,-0.8449462660262602
0.21846458767491073,-0.4068620493049794,-0.27880368486953583,0.17527674988592062,-0.7191787528901509,0.15673081926289703,-1.0043975840985233,0.1935222407800019,-0.3347891730567615,0.14682349282110277,-0.9675944026365529,0.12382806363529568,-1.0885719185495109,0.16923184573677366,-0.6671227709163497
0.20471394717233588,-0.661419798991303,-0.40682186350185734,0.18365989700468618,-0.7290243224097223,0.1608100559844934,-1.0186578338203323,0.20618864101312878,-0.8494284238740587,0.15286274744493497,-0.9197867555653553,0.12480486648130731,-1.1028707368581685,0.18028991609211087,-0.786889315122142
0.2310524492006021,-0.33042423754007727,-0.6613295490623722,0.19637274023278484,-0.6913987835786787,0.1742057713392373,-0.6927612544369454,0.21820055316888182,-0.7984743529265165,0.15924395255742516,-0.7947803155987031,0.12657576051418565,-1.0395503003106799,0.19123882291939315,-0.6900458866732307
0.23332361956764616,-0.9632704076048181,-0.33039908483741853,0.20732961411730969,-0.726593430730101,0.19115864984523923,-0.33429613936106534,0.2231558087883024,-0.699070307554377,0.1650997875230371,-0.6945564531915464,0.1270284180382698,-1.0211730542622752,0.20245318369189189,-0.7268992262845486
0.25099973145945703,-0.5582002327616425,-0.9631207924164769,0.2214042507091421,-0.8724457107247804,0.2038484019973049,-0.8488759808117816,0.23859139667477078,-0.8805468409261636,0.1756454432513561,-0.6667890066512849,0.13616452493792333,-1.0530373745309651,0.21436736740069234,-0.7125453730586759
0.27485285920517494,-0.39577670860035463,-0.5581302831274623,0.23473597852692035,-0.7405622615520505,0.21588245945036408,-0.7979277919439193,0.25319815096232884,-0.5192091014524348,0.18589211961058802,-0.5552216183009163,0.14113101859612107,-1.006066742448918,0.22983585577260435,-0.7367308565085526
0.24677046939540445,-0.28456902105482695,-0.39573870296221425,0.23946370540986506,-0.779183975578876,0.2208468506351715,-0.6985352216611006,0.25768246586612176,-0.7268194114590412,0.19427883211275812,-0.5736832702604441,0.1504797838753012,-0.8417974648670821,0.2372377536938202,-0.8638285123816144
0.2291415901372381,-0.5594422063931507,-0.28455288674320106,0.2435436780979584,-0.9671934595933421,0.23631089574630226,-0.8799908055894086,0.2503931163042547,-0.43860949599494437,0.20148976921199818,-0.657647336250716,0.16337757075777917,-0.6641497728047732,0.23876527605848571,-0.896888524727687
0.24229011727053515,-0.6772522620601601,-0.559372012498781,0.24542062459129096,-1.0028782262859046,0.2509445792115118,-0.5186947785311044,0.23953394922525337,-0.9445548130629021,0.20973971474603342,-0.7724457734963174,0.17448823918545836,-0.7837979112652556,0.24414117068864538,-1.0716708081301582
0.24769163618129922,-0.8809584540095292,-0.6771588983449709,0.24782041058169726,-1.042346523539241,0.255437161449054,-0.7262811222409435,0.23984114399575937,-0.9307841036202322,0.21643116003568955,-0.8361261241330038,0.1854892248452007,-0.6870502259005243,0.24652168247858883,-1.1029222602826898
0.21945265494186922,-0.28045147749329224,-0.8808250271949675,0.2425513303529547,-0.9183402451776311,0.24813437315977013,-0.4381044773998955,0.23661003507024744,-0.7323220182527843,0.2210646177934017,-0.9520424398786597,0.1967569270905086,-0.7238671309033899,0.24453721082934826,-1.0227818734940124
0.23926098566053372,-0.5021339210778926,-0.2804361529830538,0.23660667690484652,-1.1627864019984364,0.23725518599734297,-0.9439913887190421,0.2355998668748532,-0.7502903224857422,0.22620252722082757,-1.0509132397535237,0.2087277810027419,-0.709527468440894,0.2428577884629841,-1.0277682058698743
0.21942359881434584,-0.5013698954152677,-0.5020749980609934,0.232039126722622,-1.1326114054526486,0.2375629471156074,-0.9302222689513223,0.2261729168538953,-0.8614399809488874,0.22998685414558542,-1.199050758103612,0.22426984574415262,-0.73368904120509,0.23492771303192994,-1.1808395558860172
0.18956450725303853,-0.23785096711206197,-0.5013111226600555,0.22542885255601117,-0.8377242448241867,0.23432588128108248,-0.731783093820051,0.216205685283338,-0.36714621727076147,0.22959410280129486,-1.1804625623573428,0.23170695103426897,-0.8606610435179645,0.22674345093468598,-0.9589304800513291
0.18819947560150965,-0.9870971626324689,-0.2378440208865698,0.21639448354183935,-0.7430958421325208,0.2333138507281613,-0.7497493238125166,0.1991774672619523,-0.6355636450133761,0.22742045465494723,-1.115073197091094,0.2332417391088874,-0.8936883714827039,0.22088600210195583,-0.8214351484449509
0.22946015172887346,0.06195165441925669,-0.9869428614125189,0.21334941043608416,-0.856086501895613,0.22386952107536814,-0.8608861512861977,0.20252450128061605,-0.4246321052606565,0.22919773344159405,-1.1404607986102353,0.23864320435720865,-1.0682978584947436,0.21905046264489414,-0.8638604190763192
0.23339592140822138,-0.9195000671984813,0.06189963816499476,0.2156782534786715,-0.8121650757180512,0.21388391380379113,-0.3666494483148843,0.21714159496932794,-0.36643973520430567,0.22936604221929727,-1.1403508442629515,0.2410350391291295,-1.099518414277102,0.21700522343924758,-0.9367426214555877
0.2708858102916974,-0.037200519947803434,-0.9193590603665209,0.22096031941300673,-0.5486085423286615,0.196824302366787,-0.6350358902565983,0.24471619926258256,-0.44546386326804843,0.23206376843428875,-1.08753644414046,0.23904112827575896,-1.0194572573124965,0.2243635897372187,-0.6863705453800029
0.27342647112894386,-0.9561842040182633,-0.03723303584531787,0.22998002894614084,-0.3515429292736921,0.20017750701527856,-0.42412870019960963,0.2593782817485219,-0.4619099430522974,0.23367446265518213,-1.0462975750822656,0.23735371768212907,-1.0244386600111663,0.2292515293379401,-0.5296035087884644
0.2644244962561141,-0.7862851101526654,-0.9560359824806294,0.2424833519643618,-0.4842779389228058,0.214821548943479,-0.3659430478039103,0.26972582800776673,-1.1092412229774968,0.2329254949415039,-1.070095249636318,0.22938592258862056,-1.1773586778885687,0.23568965441235384,-0.4701082677254616
0.2554670210450718,-0.787455220779296,-0.7861703028388001,0.2537185639985074,-0.9181037811205601,0.242446990089539,-0.4449580534126801,0.26458390203233556,-0.9512201860619085,0.23355008352149198,-1.0609065509727367,0.2211627317817533,-0.9556689897776349,0.2451181025240937,-0.64258892102567
0.2214568440295402,-0.1286989195026466,-0.7873401833386099,0.2523818293461077,-0.8481493847314288,0.257136103756823,-0.46140223468028624,0.24725284112724924,-0.4526520557347862,0.23299816307620277,-1.0556026560473581,0.21527742180258952,-0.8183095912677941,0.24987612091389286,-0.9107860690851313
0.220658234521547,-1.001991131320904,-0.12871344031891818,0.25025434554909004,-0.7607950221514985,0.26750272686955534,-1.108658787422809,0.23265747475567886,-0.5545640575864278,0.23144455568412317,-1.0511866477156513,0.21343315154222792,-0.8606929186685015,0.24861686060806018,-0.8637996503081192
0.26981465833284635,0.26956892383292785,-1.001833900889319,0.25007543877763794,-0.7661576977935127,0.26235132118115456,-0.9506559922750119,0.23744218824232777,-0.25290237611081673,0.23303343683463082,-1.0166526849451596,0.21137818408958722,-0.9335030669399241,0.2538271652175707,-0.8601247146485396
0.2631649108001213,-0.8481365062384777,0.26947607528379847,0.2483615245068667,-0.816479427068022,0.24498830853587925,-0.4521454160826998,0.2513511786618966,-0.3069465599241005,0.23617286231201054,-1.0046839237150627,0.21877155069687296,-0.6833785181890115,0.25272256243318725,-0.8832460696825264
0.26978608901072015,-0.8488877314404812,-0.848009534549028,0.24925703260131754,-0.7908683714768251,0.2303660339815483,-0.5540456533293926,0.2677345526787896,-1.1387462653237679,0.23836518309884142,-0.9770777947344971,0.2236827399417421,-0.5267664674320458,0.2522017453666811,-0.8988467047933835
0.22804084260957952,0.07469334287078543,-0.848760612006824,0.24467623620125567,-0.7478986364778865,0.23515956862017642,-0.2524187953333155,0.2538036360079222,-0.4611230203011752,0.23898407576828523,-0.9859294545538094,0.23015148816807376,-0.4673300456195037,0.24699646000223657,-0.8724884321424353
0.2531695732268459,-0.3622349598453921,0.07463882069598311,0.24997298420006825,-0.8402981309619888,0.2490942018120263,-0.306456740347824,0.25047034666340184,-0.5128088482840255,0.24355220799317429,-1.0765385079758414,0.23962478300079823,-0.6396401780080422,0.24666777197051862,-0.8762657305384858
0.2440196685225214,-0.7823953217616003,-0.36220355089633927,0.2538748757094397,-0.9956098288327064,0.265507780402827,-1.138160423740733,0.24187764689411329,-0.8150627748036892,0.2475612286297892,-1.2149194963908094,0.24440543306026755,-0.9075721762010149,0.24989575839692002,-0.9571705702801673
0.23494276059942723,-0.784314759033622,-0.7822812794562866,0.24805047461847882,-1.0037871397995066,0.2515511805361934,-0.46061540277062657,0.24417932900576592,-0.9463507109707525,0.24795499101135768,-1.2237891681107504,0.24314018304171509,-0.8606322099786092,0.2519393968740676,-1.0454759552781279
0.19627781651909804,-0.006302654267854874,-0.784200339230671,0.23687880659283317,-0.7313371555322693,0.24821174590168216,-0.5122952642006016,0.22520681456741426,-0.35487457234824216,0.2452891591554394,-1.1198518134608604,0.24837527063505271,-0.8569609074997198,0.24141873146318377,-0.8101496015111714
0.21280595698614008,-0.5883859355115341,-0.006341246879342972,0.22736182688429055,-0.8595630919562197,0.23960320453377165,-0.8145142988726407,0.21479752810714936,-0.5716890405353594,0.24111784912785136,-1.1044013672337276,0.2472654137714949,-0.8800594038857132,0.2342140475190318,-0.812541440055349
0.21126215223356096,-0.9823963559995287,-0.5883100492251718,0.22455940347509398,-0.8248542426935135,0.2419091300526359,-0.9457870793104918,0.20690041418186772,-0.9457632898362548,0.2366531917293143,-1.1097228915895017,0.2467421194216237,-0.8956446156173632,0.22584122728125772,-0.9479044665153025
0.17293614053119843,-0.015214820366132604,-0.9822429792918945,0.21115859298589368,-0.7069063193050167,0.22290163767176896,-0.3543792200170211,0.19911632892377387,-0.45564046009495474,0.230082474450898,-1.0054980136733733,0.24151207494755497,-0.8693124017538587,0.21795758530216383,-0.7087691343925192
0.15628868663149983,-0.5852486101961724,-0.015251660213050295,0.1965055210325393,-0.6157895209536187,0.21247316053308266,-0.5711686593898765,0.1802686998493564,-0.25154133104013177,0.22295946092187696,-0.8770040137980759,0.24118182350049286,-0.8730859657695377,0.20409716693988722,-0.6091662267064174
0.19399288468708162,-0.03156529869910176,-0.5851733409307003,0.18966595916636045,-0.8195868605378959,0.2045614873991198,-0.945199725987218,0.17450966819300312,-0.5900868872115903,0.2209869922863285,-0.8536982198702272,0.24442516394962327,-0.9539108199199816,0.19694000542283055,-0.7661334891082188
0.21095620920454272,-0.5769428489468237,-0.03159892288118386,0.192117585029236,-0.7727932090276659,0.19676305131327582,-0.4551334754648865,0.1871887687094067,-0.25912802133442975,0.2202901903285168,-0.85018355153713,0.24647852305984766,-1.0421289028671492,0.19350833123935218,-0.9023979165728063
0.251057231083197,0.03145875390891162,-0.5768692131836772,0.19850641893454482,-0.47583712837039566,0.17788067453641454,-0.2510579073801171,0.2187926017066509,-0.21098896643250245,0.2189430270709467,-0.8871305308743005,0.23590781576076944,-0.807035201653488,0.20134543544206837,-0.6332060800211115
0.29734212767085216,0.19406263043490182,0.03141273472372068,0.21288373521024734,0.1173843173802804,0.1721110254640686,-0.5895643822397265,0.25325796396950223,0.2962325779541734,0.22139764359172176,-0.7897237120336583,0.22866886250243165,-0.809424675535419,0.2134397373586998,-0.13010341499269762
0.2715711455907877,-0.3453470728053391,0.19398463178359204,0.22935802735999603,0.12054600507356879,0.1848135013137971,-0.2586437218755635,0.27347210082021567,-0.43357724831456923,0.22152584681518908,-0.785830191473501,0.2202562166720884,-0.944653876976527,0.22206793955951548,0.009480094848869606
0.24669849124985344,-0.36896843960968007,-0.3453189852138268,0.2444585237160823,-0.3270682252331975,0.2164755994955234,-0.210510224091083,0.27201852899879964,-0.3559624994516223,0.2228658439473287,-0.7748027984749497,0.21233507589276898,-0.7057549631074195,0.23262086776109392,-0.11575050242172948
0.27815945316383617,-0.19573007345004304,-0.368935706380465,0.2585162574536159,-0.5748989367615959,0.25100450249062267,0.29665276722055944,0.26562140593367584,-0.6739525542531656,0.22466062356257724,-0.7305501631449884,0.19840872999844716,-0.6062505266312688,0.2500565031029272,-0.45286671186854716
0.2597126368873865,-0.5379346991771027,-0.19573141118259996,0.2666596912511788,-0.9204064216615291,0.27125590635299435,-0.43307281063643777,0.26166677804710403,-0.7025050628256939,0.22578769659353823,-0.7140269327051053,0.19121752520917928,-0.7630626052476719,0.2594588041364229,-0.7315506667438056
0.2845768805995559,-0.36918959558478465,-0.5378687351855682,0.27225823609391525,-0.9473787893878738,0.26979965471010414,-0.3554670215313406,0.2742986307165573,-0.8081453294647369,0.22935243187924653,-0.652338953834805,0.1877695281555114,-0.8991923165342136,0.2699914627598794,-0.9969188457904702
0.27257031053120045,-0.7072798182969441,-0.36915681886060403,0.2681207784804459,-1.0830831064063078,0.2633907378364389,-0.673420367924606,0.2724347387323385,-0.8253893435255079,0.23483177845452619,-0.6523053195886834,0.1956439098000018,-0.630266613235754,0.2730692657392816,-1.055004503455066
0.2745533743236956,-0.9708461183167582,-0.707180549032405,0.2686188785958498,-1.0777934740838078,0.2594288191531024,-0.701969580428197,0.27738389343558995,-1.0438543755574805,0.23926649387577079,-0.6415483309035707,0.2077957386581968,-0.12766133457191356,0.2698089564414779,-1.1674814649385705
0.2763213256716333,-0.976502461470528,-0.9706950132058566,0.2735665665720752,-1.2496245657956309,0.27208396004921476,-0.8075976520756677,0.2746307944959434,-1.2099320021704858,0.24393906047336894,-0.6417568998153416,0.216464981184219,0.011784177720961327,0.2704885485213051,-1.1603260367965607
0.29991691224121986,-0.40254870764216377,-0.9763502439209927,0.27720055774042746,-1.089308465824774,0.27021663177262206,-0.8248396755071755,0.283750460082093,-0.7625124449123014,0.2530588522117933,-0.7171124568372499,0.22706810473300815,-0.11332261183435509,0.2781023266920297,-1.1782743088084289
0.36189874563556246,0.6068107688529996,-0.4025093701482365,0.29426796507869246,-0.44400782219099927,0.27517491079354217,-1.0432794881856835,0.3128787804967815,0.3315784833311062,0.26782581962103386,-0.7488051407101101,0.2445866732430678,-0.45010553541824444,0.29008262195777157,-0.5378595386781296
0.3939822117580924,-0.17936143691926176,0.6066515946147962,0.31254114696941077,0.10749574999567489,0.27241673620950685,-1.2093379429873963,0.3521168527463723,0.4633428895223689,0.2821891046147702,-0.6087350515982864,0.2540336966281176,-0.7285139727722977,0.30929211256458705,-0.10319436770664847
0.39795307829296134,-0.9185772016764355,-0.1793659938878451,0.33348292464158313,0.27192004422395233,0.28155321491442714,-0.7619700353312399,0.38481038663480854,-0.5582316762745589,0.29561926792893284,-0.5148234320049391,0.2646164541858753,-0.993619798778471,0.32551245888448793,0.14886786148022457
0.39611892150993494,-0.9747616014274159,-0.9184363763453552,0.35378713954460594,0.15124777836032757,0.3107352366305611,0.33199459230659656,0.39622228210843186,-1.205895800345927,0.30603763590780325,-0.41194545011504946,0.2677088968355421,-1.0516480307601834,0.34318813771468426,0.15104366774817454
0.3963790571956267,-1.0161502039144235,-0.9746097262545567,0.37383951489317085,-0.2988404718081957,0.3500456486345906,0.46374378776549224,0.3970215927168856,-1.2421332627900399,0.313150493701276,-0.3022368521623023,0.26443307977021724,-1.1640137932561665,0.3606173230908245,-0.026922940459339136
0.36476432700962014,-0.19168676431226403,-1.0159901888039489,0.3846705099887254,-0.9790166191202143,0.3827994566924148,-0.5577128486318167,0.38595366127387293,-0.6161968785556872,0.3198436520002501,-0.30276950504548095,0.2651159043519394,-1.1568654392416418,0.3732705619580553,-0.4863886492178431
0.37360670965055803,-0.790481559270772,-0.19168889724645047,0.38662600661535906,-1.0644058011203088,0.3942323912657928,-1.2053022070973605,0.3784461893788579,-0.6842080036429614,0.32895823294130694,-0.3655346999450207,0.27276589770688253,-1.174795966911476,0.3838131102048628,-1.0646931669928128
0.36864991619860255,-0.8926524301967929,-0.7903659266370849,0.3823949363414882,-1.0253229545363631,0.39503317549233785,-1.2415354863302492,0.36919895290079213,-1.116857468937934,0.3354572813096301,-0.39606574037626074,0.2848031776378342,-0.5350143350976203,0.38477897717540377,-1.1048891886528756
0.3601808451456875,-0.8002977205322914,-0.8925167035163036,0.3760861131844272,-1.0149196954902857,0.38394483908555327,-0.6156713594762816,0.36767043311385256,-1.0310082939092216,0.34267293391049136,-0.5003895830014116,0.30410403881330433,-0.10077889058998919,0.3799431308188185,-1.0519530825556669
0.32805169125250583,-0.1781600851831099,-0.8001801573444061,0.36471733557441044,-0.8186097759124639,0.3764235263303174,-0.6836746334370523,0.35247854426541686,-0.4982180221988283,0.3457953060120549,-0.5625996851101845,0.320401537739558,0.15103414032278115,0.3699425775359941,-0.8514645535988312
0.33832998560841243,-0.7527245182260757,-0.178164878422734,0.3550218186149702,-0.941719392126112,0.36715924154233964,-1.1162741541725223,0.3423673198248115,-0.6806593658029358,0.3505181828178447,-0.6768482633609494,0.33816129151266294,0.15320779550618147,0.3616749113692732,-0.8720782368432094
0.35357711343885206,-0.6220699330684621,-0.7526163113072033,0.3531532991720502,-0.9591252836537116,0.3656279037590077,-1.0304348894743995,0.3401650781925385,-0.8105105558142328,0.3561936881200782,-0.8212244477003311,0.3556733793775574,-0.024582868166697698,0.3555513831065157,-1.049598459565057
0.37626810094726054,-0.4263349777351245,-0.6219874221167989,0.3535978121288864,-0.9398739665294511,0.3504080069722165,-0.4977061224636819,0.3562444995716074,-0.5829713981809292,0.36337189126978353,-1.0125836300632118,0.3683868037881889,-0.4835943317096398,0.3571971888492555,-1.003007499971557
0.372530446857347,-0.9247094810948154,-0.4262909621718008,0.35424594912375373,-0.9190973855787256,0.3402781413637052,-0.6801264052477207,0.3676498205248149,-0.8351678002013633,0.368587014033428,-1.1745805982503836,0.3789794980096136,-1.0613271157179114,0.35704321159836816,-1.0077216731534322
0.3568391876560168,-0.610391578316467,-0.9245674497222428,0.35368781622037204,-0.9234446107866113,0.33807183965381477,-0.8099626053861386,0.3687376714502497,-0.9028012842869528,0.36822363527583557,-1.1701564568243388,0.379949959157905,-1.1014833980673453,0.35535349090612406,-1.029975133880626
0.3283598559839696,-0.27413150596939184,-0.6103113641584479,0.3537392867486426,-0.9260977465877119,0.35418090523626555,-0.582449714612982,0.35276101820764605,-0.4627313032053224,0.3635106207777708,-1.137383668429581,0.37509111094038694,-1.0485996266111486,0.35080097040406244,-0.957783535453557
0.329676201071794,-0.9883773670941726,-0.2741174244142387,0.3522939076505122,-0.8724913279686378,0.3656072531683674,-0.8346170033691748,0.3384697949450618,-0.6927597025256848,0.3586069578654923,-1.1434008652591972,0.36504298969967053,-0.8483093082134854,0.351033383489039,-0.96665344505813
0.32561326526219836,-0.9161562566081732,-0.9882228140951377,0.3476233081588253,-0.7857379638044274,0.3666971096680902,-0.902242679922706,0.3280564363541011,-1.2027763922673567,0.3535432234693231,-1.160966047644619,0.3567359981091494,-0.8689026119892539,0.3492140456362481,-0.9118156074971278
0.30951735540663616,-0.5997513619289758,-0.9160159074067674,0.33647441347802604,-0.7900298556640524,0.3506910016866051,-0.46222350001643453,0.32177275599431254,-0.8899787043676318,0.3473047936685511,-1.1669373695364131,0.3505833430844702,-1.0462473314900782,0.342910566170607,-0.7806532009879423
0.36065198090441075,0.3215853824301461,-0.5996732403928963,0.3344904391447626,-0.8947021001161402,0.336373430962941,-0.6922253451214362,0.33210269593855746,-0.32600887666899486,0.3470094439118039,-1.171603218825497,0.3522369771559089,-0.9997024334852461,0.3406764210817642,-0.8653108820829697
0.3560899204973699,-0.9030318648257977,0.3214823037523699,0.3343652944655252,-0.899758366384487,0.3259408741861326,-1.2021831591196914,0.34226618560635175,-0.2476229001302866,0.345751383601952,-1.196379870450301,0.3520822675072053,-1.0044119460568244,0.33832433098996706,-0.9601575231407082
0.3499916564199322,-0.8626376647983588,-0.9028940968115768,0.337978297779021,-0.8836267705424808,0.31964560916205914,-0.8894215802273471,0.35576373436902853,-1.0834736903417943,0.3444113425776984,-1.2170684138312424,0.3503845096033725,-1.026643406169234,0.3373446780262498,-0.9877928415157435
0.34255686459989,-0.8274939074845695,-0.8625078411516327,0.340129661931296,-0.8978700289622332,0.3299945935005898,-0.3255168565606727,0.3497292950193213,-1.0314290036311833,0.34314558375440923,-1.2265397405731688,0.3458103348890467,-0.9545231790927666,0.3393757956782952,-0.9978644688647661
0.2842499401530641,0.5101796970952724,-0.8273709955955475,0.3332210446333966,-0.5662672353679267,0.3401768206930548,-0.24713992880945507,0.3257717809046675,0.03298835334531253,0.3399997307057486,-1.095475812675375,0.346043853454443,-0.9633843195684939,0.3328768153004841,-0.7189422112678366
0.2985166184855261,-0.6478506767948944,0.5100395273860591,0.33138367103776895,-0.5034925411804212,0.3536992536895137,-1.0828942293616066,0.3086056577799731,-0.17127175652745166,0.33714032442181774,-1.0362902988287657,0.3442158618618113,-0.908600696772313,0.32900019036714656,-0.6342692780151749
0.291576169472822,-0.8404925629535933,-0.6477630955187216,0.3198464374023303,-0.5016569979276438,0.3476536891790708,-1.0308555506301118,0.2916043902792287,-1.0184376943577707,0.33268740065280206,-0.9820021136393304,0.33788239969048234,-0.7775679623898667,0.3264334060230193,-0.560102623692009
0.292384358922364,-1.0017392284758386,-0.8403670946060721,0.30920615779453536,-0.6184814902212077,0.32365200672003475,0.033438931223945444,0.29431709219738267,-1.1400455588398635,0.3266628486895002,-0.9964801382181109,0.33563762781765016,-0.8621419476924443,0.31666658994069663,-0.6135234726027708
0.266384383059395,-0.3393257223490582,-1.0015820475862365,0.2952418390787444,-0.7195234006874099,0.30645423593631144,-0.1707975990953237,0.2836014923313001,-0.7398429799907817,0.31903941104098965,-0.9635158364957479,0.3332743499326099,-0.9568948197657053,0.3038327243352275,-0.6299563196128781
0.2676854937759494,-0.9887779521547547,-0.3392988189825289,0.2827366150372335,-1.0867683151365193,0.2894216247062337,-1.0178657410585852,0.2756343242241637,-0.7447004336689821,0.3126363697777491,-0.935871093052076,0.33229003721761596,-0.9845028168174881,0.29205746207111793,-0.7881854019871827
0.246799260166959,-0.47379065787586755,-0.9886233203722576,0.2764814985811116,-0.8825035326745765,0.29213932779237006,-1.139459567267871,0.2604324040452223,-0.8521002900803553,0.30677866677361726,-0.8333982335950029,0.3343308159470252,-0.9945644869739519,0.2783577478606805,-0.993068944720473
0.2948501089755567,0.24049802739839088,-0.47373730915673207,0.2758691079921869,-0.90521069083367,0.2814039725250016,-0.7393031873468263,0.26992528011718386,-0.4007416240393218,0.304277447866975,-0.8416718421960506,0.32780092295706054,-0.7159179824933313,0.27987427789827257,-0.9642210050019969
0.28832702246964637,-0.8514670352245942,0.24041089625137657,0.2753264264468733,-0.9194986525370956,0.27342211605650085,-0.7441600802861289,0.27680890832333166,-0.3289795376474131,0.3015995403035115,-0.8455582818455394,0.32390585873077815,-0.6313287601119802,0.27841648711325984,-1.0023530636867606
0.25827898350164774,-0.23288262893683562,-0.8513394085166964,0.26963005203883655,-0.9434356233353076,0.2581921694453293,-0.8515475385808987,0.2806372171912493,-0.5678372362481947,0.29791958723269174,-0.8012696382206507,0.3213268653931936,-0.5572354297545388,0.27365277216322204,-0.9936402789562943
0.2803807918629505,-0.4418273377514452,-0.23287665983935377,0.271967771061997,-0.9347742358565018,0.2677025466911405,-0.40024097686810634,0.27581192537890314,-0.7111966415005639,0.2921544897553717,-0.8955877227111049,0.3115135931315972,-0.6106034647891693,0.27193546272139296,-1.0390909822799432
0.2678999080617485,-0.6948078237498841,-0.4417802752902687,0.2720035831307755,-0.935130454799895,0.27459886563221825,-0.3284871746093848,0.2689998009962998,-0.8746626171413792,0.28582066034174114,-1.0009271664016626,0.2986186828257552,-0.6270200656638412,0.2721522837199367,-1.0411875394316377
0.2332946983403518,-0.11305264120845904,-0.6947110073649171,0.26974801375404456,-0.8063525218674396,0.278434232413727,-0.5673172997505939,0.26066793117217774,-0.3898050111885333,0.2774394547476873,-1.060581683262952,0.28678741114259587,-0.7850927167696938,0.26723210978986006,-0.8777118752633943
0.1944177802166259,-0.0007288348098017746,-0.11307023919384418,0.252973527614419,-0.427360009089877,0.2736000446387408,-0.7106601557571642,0.2320006061675655,0.060652960624719386,0.266800067542026,-1.0058263689836833,0.2730225337946534,-0.9897737038666006,0.25973806992233384,-0.4977798919272122
0.20723867878742885,-0.6858671963576864,-0.0007685236299062945,0.23942992752078707,-0.43856626263822424,0.2667753613464665,-0.8741072610726887,0.2117710313599658,-0.556747858929684,0.26126909891024286,-0.9147763390083651,0.2745462772568361,-0.9609542843148011,0.24720380110626913,-0.4698112421052782
0.20128096943801563,-0.8663335261662456,-0.6857721383348008,0.22990996110447748,-0.38152871757046436,0.25842813079276383,-0.3893056265273984,0.2010949515731311,-1.0446043415791724,0.25428560954470797,-0.8633365061830188,0.2730815524424036,-0.999048644200967,0.23475041887367595,-0.516701287940277
0.20082781321604004,-1.0110747635269934,-0.8662029756507883,0.2166228019380098,-0.6332004399456886,0.22970795438306574,0.06110034493272479,0.20323259770447377,-1.1479730536660284,0.2477680392187372,-0.8314241893315324,0.26829517872682107,-0.9903444732597401,0.22653107568283096,-0.5083985634215115
0.17836158854985035,-0.43224507636480425,-1.0109157466084278,0.20166786344182916,-0.9474717544678728,0.20944108410221565,-0.5562292025771192,0.19360253804074434,-0.801019269123532,0.23957889447475703,-0.774385083018757,0.26656970084661596,-1.0357502422952907,0.21193553585449873,-0.665937530733674
0.14979691983423632,-0.2718875837121957,-0.4321998984565049,0.18772183286035446,-0.8410152203162741,0.19874532177376075,-1.0440293676321555,0.17643340966472368,-0.3467491725160719,0.23120555282935817,-0.6279824100048378,0.2667875531613117,-1.0378447267111157,0.19503894371754113,-0.7782509480043369
0.12059545483013762,-0.255143139502443,-0.27187394347146465,0.17539182329776745,-0.4337513110295023,0.20088690889372374,-1.147386146953099,0.14967716823384034,-0.2262822069013392,0.22064150833728405,-0.44580870585040616,0.26184397626344835,-0.8745306807809556,0.17891544692618414,-0.5875202956712153
0.11319747599310644,-0.8284618982712139,-0.25513279240820835,0.15968480074515523,-0.30236076386312605,0.19123909514292106,-0.8004724143587194,0.12794595201043552,-0.5734466694587097,0.21104619377792397,-0.2847287396072383,0.2543142907508484,-0.4949743126046855,0.1672955347266622,-0.3734709927583168
0.10584146048431867,-0.8295653164621384,-0.8283387960064811,0.14374422921903227,-0.315160451273742,0.17403831356735613,-0.34625475817171547,0.11328749118201294,-1.0095945109557292,0.1974715439487558,-0.24934720403553215,0.241720402276312,-0.46703331365010703,0.15278898017455214,-0.32975616771459715
0.10697317692876225,-0.9932321441626273,-0.8294419971870525,0.1280683675219468,-0.6070038917189688,0.14723274402670986,-0.22580169912572914,0.10874467374899087,-1.1340145590793003,0.1844466640395975,-0.2712810931410977,0.22920778512491977,-0.513877002208443,0.13929668561638,-0.4237117182888642
0.09828568335497614,-0.7945543395154478,-0.9930766363697578,0.114693867712888,-0.9395611157014572,0.12546146388693172,-0.5729260854145538,0.1037718232430391,-1.1062566753882666,0.17295590400379293,-0.2570936664345621,0.22094934636008548,-0.5055824860778485,0.12462633246849922,-0.6872885523408391
0.03528600078058337,0.6335749305126888,-0.7944379058840194,0.09556793636948324,-0.5455968335263768,0.11077597855409331,-1.0090235785035229,0.08024267674805172,0.14664077520779062,0.15535313296418318,-0.19419339888479503,0.2062843823704763,-0.6629657043954681,0.10415699559925792,-0.517918132698918
0.012403858130717774,-0.4213085875701429,0.6334104925401927,0.07749747577491585,-0.164069783557138,0.1062247859313964,-1.1334292637190233,0.04870528240218687,0.3415898217378165,0.13700334083437982,-0.13269869728148415,0.189307421041879,-0.7751680843646174,0.08450063837330285,-0.28482672324595804
0.014116397732972132,-0.9779595033863464,-0.421265560551972,0.06094867924184049,-0.0717298027462048,0.10124276742192569,-1.1056745843663394,0.020636137078857676,-0.8140661506132795,0.12126189881758405,-0.08471556749367558,0.17310723231211086,-0.5846259955839694,0.06926704245925899,-0.17116164730723668
0.07341320424911513,0.5362084685935447,-0.9778069992789283,0.05553242193235186,-0.2090580026976445,0.07767024232595164,0.14707823318081487,0.0333509653802027,-0.012984887149607766,0.11257131899703818,-0.12945898037826103,0.16143204962118868,-0.37078830992539275,0.0635752422498582,-0.2883157875286821
0.04173875137722854,-0.1901163669970498,0.536063179779953,0.04463678722226018,-0.45442863410959067,0.0460747052826549,0.34200477501584997,0.04313369521443606,-0.1975884078429448,0.10068507157249146,-0.19656114800751323,0.14685649416917054,-0.3271167030147061,0.0544042860622785,-0.4015452090909012
0.026169713232135235,-0.6136053590724526,-0.1901188087828381,0.03259177784908337,-0.8078380937184644,0.017953811365075727,-0.8135177897313878,0.047153288132132994,-0.4014248893046633,0.0881085360376587,-0.2782866685425723,0.13330002307183506,-0.420979365570324,0.04284400981672227,-0.6009772144516444
0.047208009926509996,-0.46979218631498515,-0.613524512856976,0.03458302488722368,-0.787189317381942,0.030692080867894656,-0.012529002172666389,0.03841426412555625,-0.8807079543819765,0.0770755221881443,-0.4645440532327446,0.11855988991068257,-0.6842956175733694,0.03553650110607587,-0.9158883798746129
0.008445685411527563,-0.0037420532017704315,-0.46973962397922836,0.03392191990004724,-0.7611701513076811,0.04049284625365684,-0.19711121244668428,0.027311545361285914,-0.5715211129195058,0.06487211824910792,-0.5816666016657778,0.0979931899729452,-0.5150926439482315,0.03169654863388333,-0.8453895089461192
-0.004807198063616099,-0.6745082307654071,-0.0037811494092169174,0.030761248437738933,-0.6314429946313641,0.04451984973838572,-0.40092416325808705,0.016981228091713044,-0.29379420022754454,0.053768410670836486,-0.6411640387522715,0.07824333664268546,-0.2822316774979032,0.029234221463952423,-0.7549292749692922
0.022493648642931224,-0.305119556800848,-0.6744154067215818,0.02225652301409076,-0.8969074015643175,0.035764714368165806,-0.8801519004464682,0.00873937367516058,-0.7810346612193082,0.0467227136763822,-0.7142408793929698,0.06293728163278055,-0.16867897516168887,0.030432726209506423,-0.7732867723642987
0.029686424006383702,-0.8338576868100611,-0.3050993807949178,0.020243509864533937,-0.9491601329293714,0.02464152650582406,-0.5710007511593947,0.015822829047131327,-0.6154938551204057,0.04072492840764222,-0.8061493646728032,0.05721840819002618,-0.2857172923594256,0.024176884741715435,-1.0067919924117017
0.03523963864861042,-0.8769696419541411,-0.8337335233502299,0.021758393966756075,-0.9234556716352786,0.014292164146324194,-0.2933058989446306,0.02917782512566736,-1.0455232723635255,0.03565428737416696,-0.9096032336042171,0.048003830050198114,-0.3988347710235676,0.023247078826760734,-1.0330584616171166
0.021624380089893716,-0.6649796429271637,-0.8768369996232134,0.017485345144736722,-1.0512654775447445,0.006035114953616037,-0.7804901134547779,0.02888793760719819,-1.0289331384789062,0.02952451479668161,-1.0536481976834182,0.03638856697360189,-0.5980696103444124,0.0225967935005025,-1.0340070871735145
0.06562170048846863,0.13391122477146153,-0.6648886928801855,0.02703504178405075,-0.797007344405879,0.013131629464143002,-0.6149684171972216,0.04087179241071279,-0.4578822327838717,0.027178579131951163,-1.174565906922925,0.02904629985941388,-0.9126694426526488,0.02523117747190993,-0.8859307851335633
0.09985886336251097,-0.12273036705822163,0.13384505615692893,0.04451665769775048,-0.54483812186802,0.026511246964717985,-1.0449481923361899,0.062421297028358365,0.1501352282260794,0.03181621875857137,-1.0149992991981862,0.025188082528034162,-0.8422402695801895,0.03830934938747574,-0.5334476481496556
0.07628023656709976,-0.40299466186272687,-0.12274606171563864,0.05350024281204057,-0.5539931613086462,0.026220825006336282,-1.0283599735976539,0.08064817357712462,-0.6401613003887318,0.03640383671441939,-0.9882019274724088,0.022714043218602237,-0.7518694680195347,0.04991025238705417,-0.6389448114934612
0.07155120676342637,-0.8986414344837753,-0.4029552366625395,0.060492614957291496,-0.620272093003338,0.038226773380304634,-0.4573749893661279,0.08262557153289071,-0.7259861620385873,0.04052881949598464,-0.9847853550504962,0.023918248691071804,-0.7702088164967822,0.05692875008332199,-0.6924417158442148
0.055938003513781066,-0.6124440455683354,-0.8985045299398564,0.0639497132724867,-0.704135017052331,0.059816006908748935,0.15057228280344342,0.06797864909902267,-0.890554932245113,0.0392737460770215,-1.007572845600562,0.01763265110928357,-1.0034831844327146,0.060684474121674985,-0.7683002523995048
-0.014502804316338899,0.8292379847035424,-0.6123634277495407,0.05791565071937541,-0.300081896563894,0.07807648673357157,-0.6396330148838751,0.03770391944413571,0.39150757869855796,0.03523446305752335,-0.9192743229478644,0.016698422542165584,-1.0297236856110519,0.05356799228417805,-0.4127996421601132
-0.01906341720287986,-0.903069927117759,0.8290350654835762,0.0437713074536102,0.039508448730796016,0.08005753024260638,-0.7254479690098499,0.007485354207026737,0.2531673699650993,0.03198580797621535,-0.8405954677139047,0.016045044112541724,-1.0306713733202673,0.04774692775292024,-0.17854476855517887
-0.05718825697938659,-0.02050460008057906,-0.9029321516177894,0.017540861779412793,0.2334796546229982,0.06538360457663739,-0.8899977415857411,-0.030240491060659597,-0.4245827271999152,0.02448804119129797,-0.6687946747819759,0.018691958617238606,-0.8827414651252921,0.030176925563857933,0.2190792712514941
-0.07315588887714566,-0.6031244078254686,-0.020540399581259205,-0.0074183744147557655,0.31109425932233215,0.03505306008724471,0.39191676952781307,-0.04980038089496969,-0.2660321016611328,0.0186273951027726,-0.4921364397914437,0.03183233728411017,-0.5306068063313538,0.00542429443957976,0.28465151158289537
-0.041908302399074004,-0.20134074227295085,-0.6030456229090979,-0.026368696361623943,-0.09802845187975243,0.004778783560986792,0.25359253062984694,-0.05741879416446524,-0.7091851739416056,0.01596278423099692,-0.43629006913643487,0.04348842035720928,-0.6359996711806455,-0.01148453715008199,0.08746224808818277
-0.030906367546816124,-0.7336965211441432,-0.2013409765496901,-0.040873684114695816,-0.8037484951451999,-0.033016613502345867,-0.42407932783901525,-0.04865419353369154,-0.4799726768140789,0.012127581310737755,-0.39814950086616296,0.05054030176670174,-0.6894436864639769,-0.026142793223395258,-0.31566694875399737
-0.03204425263718194,-0.9930699407243182,-0.7335920564803816,-0.04380350547165632,-0.8940772456908492,-0.05261256417110426,-0.265547005203129,-0.03494410340316792,-1.0579156453126215,0.007694068210445215,-0.3692934881823702,0.054313890028948965,-0.7652272263946378,-0.03873011484652524,-0.9247441677025812
0.023502303283142147,0.4375963017046421,-0.9929144648321604,-0.03669406076257126,-0.48400394032554567,-0.060245022833595244,-0.7086489203997207,-0.01313068556300163,-0.12201415444389328,0.006851089760594543,-0.376195458560951,0.04716355841346355,-0.41007807753365216,-0.033292853589484694,-0.6344515987390084
0.003092238857598209,-0.4863114411637164,0.4374704070439901,-0.02662584513516227,-0.448312553107593,-0.0514642636858243,-0.47946288330073855,-0.0017926800553627574,-0.2549427032519995,0.005520106602832099,-0.37773933104587204,0.041314805798888854,-0.17605479717611078,-0.030123119363460016,-0.5551860331419733
0.0062461611913673136,-0.940058602942685,-0.4862556299696788,-0.013363894478521841,-0.689243591533501,-0.03772889747784543,-1.0573391347239243,0.010976576358086049,-0.8781097659067953,0.0012557400735193527,-0.43369730056372513,0.02366123132130847,0.22117613643301243,-0.02104777328321135,-0.5570575574538554
-0.003147361603458105,-0.7759894277596328,-0.9399135528430527,-0.006889934627449346,-0.8258344086446824,-0.015875264173474107,-0.12154568325301962,0.0020893283436580474,-1.10416478255198,-0.006142193541154797,-0.607594184202526,-0.0012091365003041696,0.2866835495621298,-0.011031891812253706,-0.8240432452129022
-0.015005701990501929,-0.7111774911851733,-0.7758766453078635,-0.004234161359208442,-0.9158038844597476,-0.00451635579045872,-0.25445888694146646,-0.003946052947330216,-0.8903958956458449,-0.012698373166470746,-0.7450955839557596,-0.0181983954989616,0.0896892348476965,-0.00718302843166063,-0.9401558034147893
0.01452103609589868,-0.24659014213416447,-0.7110774553614307,0.003543302332946909,-1.0887356247970579,0.008276442168747958,-0.8775540119031935,-0.0011865110965051024,-0.7371105168802871,-0.016794294716561048,-0.8941856121142903,-0.03292637404541681,-0.3130414131900176,-0.0006838845682273362,-0.9921564240972528
0.006698678205730295,-0.8173029271723817,-0.2465814771664289,0.0007367142607609688,-1.191302088144333,-0.0006271904767829834,-1.1035829330157696,0.0020969897698864836,-0.7211120183242058,-0.020330675745777255,-1.0257002533513633,-0.045573567674425816,-0.9215164753130949,0.004858934546411455,-1.1772116514749458
-0.01848115740990585,-0.3608911630778612,-0.8171820195535935,-0.00286653422651449,-1.0997652925377237,-0.006673698665080503,-0.8898387233454762,0.0009379795381745845,-0.6501805442457698,-0.020616402089901027,-1.025772000764755,-0.04011044390686126,-0.6315109005866354,-0.0011474961330765322,-1.1836284263476216
-0.057538976976676676,0.0040279361942153055,-0.36086001841465515,-0.013520104937616167,-0.715339666398178,-0.0039090692916425975,-0.7365710396687484,-0.02309291206305601,-0.09938610802789741,-0.023379726705361797,-0.9784552982370256,-0.036925632736598754,-0.5523236999322825,-0.009821797605836463,-0.8236036714595809
-0.08800128533320084,-0.22198948965601342,0.0039873118552264395,-0.027692642656168633,-0.28857437981009376,-0.0006195149258623733,-0.7205743879610447,-0.054673874394446424,-0.009030738692894192,-0.025592726340133973,-0.88936910127003,-0.02780711947669589,-0.5541933739842904,-0.02330545866958452,-0.4519610794377234
-0.07527213842993469,-0.6882797900018448,-0.221985662923068,-0.03775851004399499,-0.163894516741703,-0.0017806619219652635,-0.6496511021308602,-0.07361278171111864,-0.7210424289238093,-0.025744715928226483,-0.8835707859018556,-0.01774359713881936,-0.8209151095724216,-0.033624104753785924,-0.3506896822362651
-0.09793945200055615,-0.426957479683814,-0.6881842574917677,-0.056541972721222744,-0.22987914588658612,-0.02585585714714353,-0.09892024899282492,-0.08708571065659543,-0.8644442052873208,-0.029768887527977607,-0.7590698524498958,-0.01387642651401263,-0.9369128744980655,-0.04548915380410349,-0.18799429810100834
-0.05151869897652761,0.1976349510663601,-0.42691334169241285,-0.06626560054801052,-0.6166621793742666,-0.05749504249839743,-0.008575310178328755,-0.07491933653747644,-0.43283639854145306,-0.031249270481642315,-0.7457266970805886,-0.00734636926080108,-0.9888620853958573,-0.0549372336969036,-0.43123288666812726
-0.08837175835894329,-0.05394583747627792,0.19755624984319875,-0.07793892258880326,-0.9313993945489218,-0.07646886579911473,-0.720504806593969,-0.07928785568018488,-0.3855621528172296,-0.035294726454302296,-0.6717904710000149,-0.0017771855462454795,-1.1737343601613126,-0.06853863714167976,-0.7244445035472464
-0.10826760424519657,-0.4998327254401405,-0.05397506005553949,-0.0864117586318762,-0.8947118709336327,-0.08996663358899976,-0.8638900288204091,-0.08273213353206245,-0.22956179884161892,-0.04475847516102913,-0.6389061233521096,-0.00781218600918076,-1.1801447911671237,-0.08138407817895982,-0.9281146052360447
-0.1108795895130052,-0.954308740907161,-0.49977425500167627,-0.09023295645836077,-0.8098769535694661,-0.07777782940474941,-0.4323320463861722,-0.10252806563101645,-0.8299125949309123,-0.05294396123730518,-0.599253542907659,-0.016527747079837923,-0.8204759703983747,-0.08901533787770181,-0.9355699766141891
-0.06961613419796263,0.06202473266088129,-0.9541608882187224,-0.08928827494228293,-0.7856903001969169,-0.08215440239883043,-0.38506325794681306,-0.0962733572024749,-0.4367009365763295,-0.0583924108366617,-0.6594565812182648,-0.030075543617251486,-0.44920079832996945,-0.08638503694484123,-0.8993389846246661
-0.08433125862272806,-0.6360588672171021,0.0619727020342489,-0.08701539673640415,-0.8021961981052458,-0.08560503016036815,-0.22908091247366577,-0.08829095888672989,-0.516602784158319,-0.0642230592360941,-0.7055653069126748,-0.040443270678130375,-0.34802952187044056,-0.08768109440548899,-0.9134497680719625
-0.0718099664811573,-0.6937452936862686,-0.635973605047847,-0.09040450052119185,-0.9613341233598577,-0.10543745826396314,-0.8293624047536103,-0.07526184834474671,-0.9891393572534203,-0.06830275614636418,-0.7524644770128885,-0.05236475622127499,-0.18549498455885022,-0.08394283793801247,-0.9102392352150152
-0.11023043535380019,-0.012731086012507147,-0.693648686270146,-0.09405539738689217,-0.8987228328979437,-0.09917121858411729,-0.43619613830319737,-0.0888060849736338,-0.5646080527117098,-0.07726243896576035,-0.878039684348479,-0.061857776214266684,-0.42849309823744003,-0.09234252602472151,-1.0107544477527288
-0.10729477872419024,-0.9457978604922107,-0.012768414337930438,-0.09389291336984343,-0.9034548613225191,-0.09117410382842281,-0.5160887621072765,-0.09646406113560083,-0.4993953060374849,-0.08544947841073894,-1.0582599717343752,-0.07552387517818429,-0.7214148349980312,-0.09504977807574909,-0.9877191545111703
-0.10839733830699401,-0.9939988186107793,-0.945651681647088,-0.09347832088787399,-0.9174341593986576,-0.0781209726706671,-0.9885707861207651,-0.1086653795760377,-1.2242689217597218,-0.09190728168798351,-1.2029871516769037,-0.08843041597475622,-0.9248835807042577,-0.09506833868595611,-0.9872543040744687
-0.1379449275257755,-0.24604186534741868,-0.9938431600352837,-0.1048907854874549,-0.7937262769570705,-0.09169017960761526,-0.5640884889873635,-0.11790773089919392,-0.6450361334824087,-0.09768205777150282,-1.1556232741473498,-0.09609797400917496,-0.9323315814196643,-0.09894048438111354,-0.8165974741455332
-0.11920127313586357,-0.5301293942152512,-0.24603330820982405,-0.11071487203774716,-0.8370514106530235,-0.09936227410117437,-0.4988832703980384,-0.12187836127181752,-0.7337527097928673,-0.09992284893357863,-1.133884690906554,-0.09345516196413095,-0.8961364087621451,-0.1060344612674075,-0.8968657412329448
-0.17857765883029372,0.5383009888157625,-0.5300649653008065,-0.128547508177948,-0.6456232174757197,-0.11158608703048918,-1.2236732075390304,-0.14528240469512674,-0.1727586980467151,-0.10734227802346175,-0.9488076097868272,-0.09475738416436563,-0.9102332417540613,-0.11951797263814465,-0.5732626854242081
-0.199254108604787,-0.47930688618367373,0.5381552884641375,-0.1434164890280489,-0.3077263829655138,-0.12084547765723047,-0.6445072852323946,-0.16572806133393128,0.23527725491970958,-0.11461872276259674,-0.7382812000027633,-0.09100134655806551,-0.9070258829515904,-0.13775097183677462,-0.4419027663049814
-0.24239904102409596,0.11149783571442569,-0.4792524525824306,-0.16598197768453882,0.0956093522168268,-0.12482342832898335,-0.7332136202027388,-0.2068125973949198,-0.09226638857051651,-0.12832779810518727,-0.5147217327837632,-0.09944098803514359,-1.0074417223401961,-0.15665988393830177,-0.011454835561963174
-0.25043326396297527,-0.8117319737100451,0.11143607516341082,-0.18970521198257312,0.15045978700177387,-0.14827061971183927,-0.1722843689637586,-0.23077532213305066,-0.2758124917278365,-0.1399670971897751,-0.3054214591869061,-0.10216111721885818,-0.9844292026626807,-0.17713821933421128,0.14905524193406233
-0.19995639101961796,0.3042898969657583,-0.811612161736215,-0.20006253862958284,-0.03320826271796454,-0.16875397019480576,0.23570448079887918,-0.23100952237621994,-0.2904197256901477,-0.14655220947780667,-0.26399197082172754,-0.10217976611321307,-0.9839648117947408,-0.19023726105490632,-0.0954813361730715
-0.15632923487618133,0.12417782206373304,0.3041902198083101,-0.2062637537891031,-0.38189413127274113,-0.20991425017183013,-0.09180135142771619,-0.2023065830692807,0.4369562182034984,-0.14981641471704132,-0.27759774172241036,-0.1060703297956728,-0.8134766996765591,-0.19286744127034844,-0.17851319218611775
-0.21299534662746475,0.46703482151104936,0.12411356772719159,-0.2120122914765793,-0.45199696021703234,-0.23392115286070775,-0.27532626623278816,-0.18982162095361407,-0.19738234078108147,-0.16011394669268952,-0.3172376584533587,-0.11319804941442077,-0.8936656105125882,-0.20628623979895624,-0.5593785005756118
-0.20921857437464342,-0.9236808760161709,0.4669031371474281,-0.21367658418999427,-0.46443217720388585,-0.23415578487809807,-0.2899318139527153,-0.1929104147895419,-0.12435156984924271,-0.16908338588486158,-0.3688638892801561,-0.12674569554680373,-0.570382480950882,-0.2106699311892131,-0.6247655834824068
-0.13509640085650626,0.9260388352948505,-0.9235390469403822,-0.1957545995812645,-0.21415172559700138,-0.20539992850714184,0.4373601624937834,-0.1858295954702338,0.3215638080065551,-0.17362863390626163,-0.5024793392565817,-0.14506542060085373,-0.4391524292268472,-0.2014911065334215,-0.29568973429448003
-0.08089069061545669,0.4023390050204429,0.9258168781553224,-0.16743712868480168,0.10411188230446675,-0.19289194897390485,-0.19690516917296688,-0.14177475099713102,1.0680550777479387,-0.17152144588031776,-0.42984564634168726,-0.1640642735595707,-0.009130055624136262,-0.17838465711564033,0.14605511391054116
-0.07389319922970936,-0.8389926439837653,0.40222004444739595,-0.14638170470400902,0.35876053208754605,-0.19598643734513457,-0.12388282882980768,-0.09664584687483661,-0.05818640209366954,-0.16912253583573433,-0.3491732827266527,-0.1846400148257619,0.15122133552519965,-0.1531276715439909,0.19190797770344345
-0.021976423477628203,0.3421518831050255,-0.8388674706267996,-0.1239417254615176,0.8944871657827265,-0.1888925637471268,0.3219810730647123,-0.05892209692786587,-0.10604450261488758,-0.16291576346796857,-0.11133761216509512,-0.19780136256567152,-0.09307348445174603,-0.12766468398339506,0.5784903600092458
-0.029437241914428675,-0.8268095422642338,0.34204475959310654,-0.09328334163855334,0.6771051044849622,-0.14475649926375567,1.0683861687075926,-0.041763173476122885,-0.2559387568682856,-0.15512271353239004,0.07989901433507078,-0.20044405331910073,-0.176023252024645,-0.10951067888413017,0.7867525343134776
-0.03940357418367903,-0.7609275053508979,-0.8266867649700004,-0.06492036925501132,-0.1920696895682194,-0.09954439498265805,-0.05772529910553476,-0.030261420902010658,-0.959822745496326,-0.14939162223526437,0.20407896774922327,-0.21392667880060995,-0.556512022533702,-0.08467549544521118,0.44316926833815984
-0.07575331385027209,-0.0671805391440836,-0.7608176851423891,-0.0550087222508027,-0.6941950597172519,-0.06175109710299799,-0.10557787494235842,-0.048195175949968895,-0.39037546348412244,-0.1420067512880416,0.23575944592909312,-0.21833122136195365,-0.6218344612918614,-0.06558107535154789,-0.3909231836153582
-0.058415957553216366,-0.5671077503770748,-0.0672071588414052,-0.051254929991848344,-0.7959511416650185,-0.04456053926562472,-0.25545482557446214,-0.057859126101589234,-0.6160818836131728,-0.13189171899521016,0.24722033008549874,-0.209108737327288,-0.2930839489619441,-0.054610665586120814,-0.8330914063763555
-0.1067760682401008,0.24863001302836163,-0.5670360488925459,-0.056747117988102336,-0.5157801079883936,-0.033037581930189505,-0.959257558639806,-0.08032680314660859,-0.3859188005610784,-0.12215124214915118,0.08987011062254828,-0.18589238132915517,0.1482241735419613,-0.05831399836879378,-0.6556525837095829
-0.09049884228662826,-0.5949836876496313,0.2485412825556456,-0.06819192245265623,-0.5811640901569097,-0.05100439985208513,-0.38987601297062696,-0.08524420713180875,-0.38205412220124746,-0.1106647107802533,-0.1434743471935336,-0.16051526008179107,0.19403170545568155,-0.06068971114385207,-0.5951448665792033
-0.026753613572712852,0.6531789325534986,-0.594906503776794,-0.06774369540287523,-0.5600476479572587,-0.060686166571666034,-0.6155563778086519,-0.07468530874151776,0.2620976336401871,-0.09822524268157652,-0.2057213210250317,-0.13493115699030073,0.5802318977650697,-0.061373167454389844,-0.6220522705384045
-0.05002347874788397,-0.4111134932970716,0.6530106390424234,-0.0695174613218532,-0.6096386538487046,-0.08319526528057111,-0.38541986451965415,-0.05575920440119879,-0.1034080475606343,-0.09059033588875828,-0.24466827571612673,-0.11669080177362613,0.7882881761896811,-0.0643183702187753,-0.6990028322130148
0.017118750740913694,0.7425024587487586,-0.4110724713582313,-0.05400571147501872,-0.12529456050884474,-0.08812173504745653,-0.3815556322938735,-0.01987041390340123,-0.0365164643994701,-0.07406348213118621,-0.3816977127291063,-0.09173748897459535,0.4450445896545072,-0.056231913769055925,-0.3136471633719502
-0.03501744656536908,0.3479215335241404,0.7423165978909474,-0.05009762726444979,-0.1127139601419813,-0.07754337015249532,0.2625217634055086,-0.022626273448659577,0.005253523527877129,-0.06155231225227329,-0.7615645337450856,-0.07255224564892665,-0.38822324688503385,-0.05040397202779853,-0.32533394400718624
-0.03609358789531984,-0.9946934818319941,0.34781327528933514,-0.038292043330377216,-0.42682737406228183,-0.05858237343184349,-0.10294172423746159,-0.017980871889295903,-0.1704616560055522,-0.05444190471918789,-0.9156509162779577,-0.061529654771612825,-0.8299543253807814,-0.04721038665539966,-0.3221432338253991
0.010331927191103383,0.19776016864305318,-0.994537686636392,-0.021451008516650633,-0.6598998273427945,-0.022627417953381215,-0.036057862964161344,-0.020244171798469695,-0.31315056009428943,-0.04789027280652591,-0.8581415222375305,-0.06525060257746346,-0.6526909254598523,-0.03045614474776824,-0.46571404831776814
0.013711704432485955,-0.9341197886492913,0.1976814427932265,-0.014692378856247367,-0.5712129036619685,-0.025388358232512103,0.005707303083547058,-0.003993759183777968,-0.2646292711356539,-0.04159846605574682,-0.8115083767315197,-0.06763761550782832,-0.592243028552151,-0.015547096884469723,-0.7147221118521009
0.039717980382788315,-0.3391600626824143,-0.9339759065421728,0.00029648858255607735,-0.5584638610966637,-0.020734392358216332,-0.16998759209050204,0.02128821762595976,-0.6926357744065066,-0.03716755807608467,-0.6889930417310144,-0.06832432270060043,-0.6191238308318827,-0.006037232412654331,-0.5363334066362042
0.047823635805416494,-0.8098536693597744,-0.33913319189633634,0.005424903658639156,-0.3966055526981887,-0.02300186491273849,-0.312660024335328,0.03379111829499067,-0.6291836585697104,-0.03161866193343283,-0.5676288936852416,-0.07128353441800257,-0.6959983162644381,0.007961420891530699,-0.5698381957063031
0.06226967639099525,-0.6431343785140178,-0.809734226793929,0.021674068800602592,-0.41742157648458067,-0.006721492853286127,-0.26414433661880177,0.04998444536718081,-0.8622161499426741,-0.024316462882956726,-0.4398184305725519,-0.06315861447441264,-0.31102362464435834,0.014421009990550807,-0.3955565789652254
0.045360369033083395,-0.5783632204703356,-0.6430477247969186,0.03527873463279231,-0.8730560545356438,0.018607094095260394,-0.6921014313083784,0.05186609406867004,-0.9455680738106735,-0.015618046975605543,-0.4354741966515699,-0.05730295193816466,-0.32269885128527515,0.02592039021292516,-0.5624816946506804
0.09236369164756068,0.2129535139756706,-0.578289305361309,0.0489799074810988,-0.6988127175238572,0.031133045253581834,-0.6286566403112714,0.06671950871872188,-0.41115185636167284,-0.0047890137244621265,-0.32245062315757816,-0.05409417617277225,-0.3195112955605165,0.04429833553026257,-0.710438984955554
0.08834336584220881,-0.9172766790285611,0.21287180003550638,0.061445094591317195,-0.8010118287732826,0.04735622652697985,-0.8616622306799234,0.07541467789965745,-0.3293262031803175,0.009224514300189604,-0.4149917602303681,-0.0372602421670102,-0.46294017050367803,0.05545916626526178,-0.7206400180396899
0.15325996454542873,0.6839798963618187,-0.9171361094725635,0.08040919174148882,-0.2576868911574146,0.049241344257328096,-0.9450045324971514,0.11139751183228189,0.046553390324162336,0.02673133460674588,-0.338164173662168,-0.02228027893124025,-0.7117020552278392,0.07542386038467827,-0.36025236229960345
0.1664362026673858,-0.676523606582725,0.6838055451945574,0.10022019167944163,0.0009424149825650641,0.06412214283086953,-0.41065000744514313,0.13609954014242961,0.24436081657174655,0.04060627698084307,-0.15523494605817384,-0.012725180478867865,-0.533489711847679,0.09355300470521598,-0.10234427793379404
0.21373767854116443,0.22079340046151633,-0.6764303861729333,0.12551879755728212,0.4087738731630092,0.07283334252419497,-0.3288338001236165,0.17791658967369056,-0.11995293976803802,0.05954967125045049,0.036519048367092556,0.0013400578763725422,-0.5669613768133162,0.11728976151360157,0.27015370220988105
0.19495980038617858,-0.5292294864499414,0.2207101446430795,0.15050530955734145,0.10131998436507679,0.1088825148170258,0.04700240227043918,0.19182283520640936,-0.4108017005591982,0.07232226125337834,0.18790842188571388,0.007830372221643761,-0.3928520614846309,0.13627328546500955,0.28849771449633893
0.17274429997680127,-0.43883782573559116,-0.5291652345212519,0.16393070172912055,-0.166974805305662,0.13363008406635954,0.24478699385494684,0.19392648737338974,-0.5308766617323526,0.08724376341595,0.1220002670982081,0.019384449621137508,-0.5596121486734826,0.1544976704552683,-0.1244776262072554
0.18107061383355763,-0.8040514954047987,-0.4387913512247161,0.17941826390574636,-0.8392940536692676,0.17552422798378714,-0.11948470652142935,0.18303253027504104,-0.8695078349611954,0.10284055233240022,-0.010648330423574928,0.03784981023483646,-0.7074231627928927,0.16718866757901754,-0.3634961225285814
0.16646577992998227,-0.6389589366935211,-0.8039331939582758,0.18162393582302513,-0.9271702125909105,0.1894561112282825,-0.4102998920642539,0.17353021841483354,-1.0114411688345997,0.1140541258610624,-0.10237643918416406,0.04906372782527542,-0.717614110749055,0.17836537519164586,-0.9408329523655296
0.17445567170718398,-0.8128976536565008,-0.6388731041647175,0.18296336978734512,-0.9622303581365472,0.19156364171222542,-0.5303609919212062,0.17410093422224074,-1.0119186360985235,0.12559879900339238,-0.2283838614499669,0.06912338466348779,-0.3575827479057983,0.18139777279937264,-1.0294251844876534
0.13461916629370416,0.024503340892584845,-0.8127776124272362,0.16974877640408154,-0.8808471953945529,0.1806496003911772,-0.8689530739546648,0.1586101002221691,-0.510679503229191,0.1324146266250245,-0.3550169211783896,0.08733876085033027,-0.09992964124810656,0.1768458178092297,-0.8161834207978012
0.10492068081055103,-0.24207407513582133,0.02445868963538953,0.1547101928920817,-0.5844738089666981,0.171129769961194,-1.0108700232063195,0.138085768592691,-0.007503260771291036,0.13651535110727428,-0.46874555992867084,0.11118842231673057,0.2722000732729959,0.16127774069435713,-0.6283968084082981
0.12350750409970429,-0.5342532398853589,-0.2420662983474739,0.1464865266662131,-0.5494576444694702,0.1717015379467281,-1.0113474353519685,0.12109534851292011,-0.7317608415439122,0.14091346767008908,-0.5754550173690088,0.1302622420190261,0.29052594997358416,0.15105530410980395,-0.6632513730441578
0.11891297550923087,-0.9021781197649197,-0.5341879999300847,0.13610478549354346,-0.6502537944028793,0.15618214486963325,-0.5101661649549251,0.11585757860258579,-0.9256682893809237,0.14619603481665286,-0.7701281667665707,0.1485733118909417,-0.12204110765450814,0.14335383992696063,-0.6505801508933882
0.14071147849989632,-0.44980269808094825,-0.902040519657589,0.13180323062855948,-0.7652383608967533,0.13561997434988932,-0.007048008587030068,0.1277932519798321,-0.859754474145798,0.14966838532429014,-0.8490155522881156,0.16132467415647042,-0.36082330123046036,0.13757979594240716,-0.7959441500085297
0.13678575286010075,-0.9197641734173241,-0.4497540670977236,0.12551149628972794,-1.0884705489782152,0.1185982305392133,-0.7312219818927764,0.13222134105461386,-0.8550891948649857,0.15314753004018694,-0.9569211473982798,0.17255454414342478,-0.9375893539936859,0.13333357559235118,-0.8953694369858199
0.09828568335497614,-0.010638001656090816,-0.9196231146433309,0.11944297718346422,-0.9832284495455356,0.11335080421694543,-0.9251070452757592,0.12534246051255046,-0.4244190272185654,0.14919926300199618,-0.8727311675996211,0.17560136544928476,-1.0260940004770769,0.12243619487760218,-1.0597785991196156
0.14315684482930544,0.15688871915350108,-0.010675741630496222,0.12582928736158228,-0.9785936000854233,0.1253084823368223,-0.8592008390560862,0.12615795208244796,-0.39406123376494606,0.14752733352457487,-0.8771271757944502,0.1710277589367536,-0.8130630556776611,0.12365765145696604,-1.0208737880907757
0.1293230816786404,-0.6592341038660608,0.1568180315322954,0.1268006212607096,-0.9806343200087002,0.12974473508677814,-0.854536098329779,0.1236692675184185,-0.44135289902787017,0.14146465543007536,-0.9912972548257184,0.155385631755278,-0.6254620962511507,0.1271488198077326,-1.0813378913100202
0.17821428835067366,0.2625950867170137,-0.6591442837999641,0.1367052910280343,-0.7094594987166146,0.12285317256263209,-0.4239156467550041,0.1503242119264174,-0.3603865948012078,0.1402619884415154,-1.0362346587311264,0.1451145718176706,-0.6602822023432615,0.13497553303900733,-0.8173411930288117
0.1739246614854889,-0.9101954559537071,0.2625036097193659,0.1422526489806923,-0.5848711208157802,0.12367016758202472,-0.39356135777034434,0.16058479939156953,-0.2921882916638615,0.1403467623091681,-1.0339298691335483,0.13737647536923195,-0.6476235074430083,0.1428458675212872,-0.7397123052196551
0.11131497946730393,0.6233199358255592,-0.9100562790688944,0.1379984497549769,-0.498256675525485,0.12117689485094434,-0.4408475637375125,0.1545793778861848,0.08562912455578287,0.13533689467775356,-1.0592577998928263,0.13157496695612575,-0.7928437941986544,0.13864021056152104,-0.664648370170192
0.0835270120943719,-0.29231080623305483,0.6231575147130677,0.13553341554179393,-0.3742357164449974,0.14788098061636745,-0.3598906061684183,0.12300264656587401,0.40816778844288976,0.12938021100418606,-1.0046961700227814,0.12730854932046967,-0.8921707855685589,0.13102066397804998,-0.4688773189110997
0.12688132150503711,0.11700336615480246,-0.2922931493368381,0.13281503248932602,-0.3736806584201625,0.1581604846167893,-0.29170017576519564,0.10731442565906218,-0.4783676948844219,0.12596340891602964,-1.0665786884658544,0.1163593348588956,-1.0564174065727987,0.135111744499967,-0.5513989652342217
0.12956265588629537,-0.9524852184053,0.1169405228256402,0.13285504683804644,-0.3738607733071225,0.1521439914482954,0.0860736256439864,0.1133997414299262,-0.337157373931574,0.12560024903585268,-1.0677516964284157,0.11758660133632119,-1.0175510583148148,0.1331668702046558,-0.5556588946301186
0.12352250729524736,-0.8641658010911938,-0.9523377243508454,0.12372027385605097,-0.5946830740809114,0.1205090449084611,0.40857505603658434,0.12673761591437616,-1.16805177502387,0.12693623700639506,-1.0869982225902861,0.12109437554322458,-1.0779553844297467,0.13233700179076288,-0.5502128998568884
0.12015990396899584,-0.934571373667884,-0.8640356769043831,0.11474033491700379,-0.9775654036136939,0.10479190101988908,-0.47785808664836005,0.12449612789171104,-1.1047472484158507,0.12669581150256432,-1.0851454489851324,0.12895831679127895,-0.8142196832911591,0.12403135881440114,-0.7470688556109617
0.10759166698088674,-0.6925108873651081,-0.9344274027470907,0.1141184569373904,-0.9694298152987127,0.11088843574783507,-0.3366640668534771,0.11716914541911586,-0.9724438438437831,0.12588271220733588,-1.0726239042553465,0.13686608677624168,-0.736667542342986,0.11454132329380665,-1.0721665576089987
0.09019490639545602,-0.565545725267158,-0.6924145227209043,0.11523214713970138,-1.043455036957315,0.12425090008875918,-1.1674625504463085,0.10605490979241196,-0.7302317986032139,0.12225459898414621,-1.0338849088944315,0.13264042547196447,-0.6616778183449842,0.11151974639762882,-0.9972793641463069
0.026293720736076935,0.657279792466885,-0.565474330987661,0.0984317270382452,-0.3130644680008066,0.12200527963338671,-1.104165331640447,0.07475200020204416,0.28088393963738745,0.11431903277080102,-0.7954684690228924,0.12498463626663153,-0.46610031376779837,0.10333157440257262,-0.46045696889495014
0.009365572252008358,-0.5778677964368024,0.657110692435612,0.07835607671366651,0.026261139377210672,0.11466478905291423,-0.9718772000221031,0.04199512805904409,0.2743430905571397,0.10793276748278847,-0.5721068164336179,0.12909517614649565,-0.5485403760634119,0.08651899654491063,-0.0976675834503678
-0.01489568587395452,-0.3850449934413677,-0.5777939787633132,0.05523708613083484,0.2470228839031165,0.10353006309552089,-0.7296931154630466,0.006949052941183076,-0.5242291338376251,0.09658139400841423,-0.35081474586787126,0.1271410509931601,-0.5527960939316369,0.06585183377335857,0.15533575716628684
-0.012413544544023611,-0.9577229639688902,-0.3850090984203212,0.033094301013283034,0.11967789170469804,0.0721694431064724,0.28130590073302836,-0.005959216936440887,-0.7921004386531475,0.0864018329973215,-0.1998325947614857,0.12630723528308746,-0.547355483275268,0.0464039259845035,0.1642207964310929
-0.012963207784664527,-1.008537128777682,-0.9575744398018062,0.012958891421481267,-0.24902603516647784,0.03935218002296093,0.2747658067209183,-0.01340551717661173,-1.2307961457043657,0.07267141597158812,-0.19948970675714756,0.11796208624499167,-0.7440168197697282,0.027358455949730198,-0.03336609926489753
-0.04641577060758351,-0.14336128470107962,-1.0083786109382666,-0.009858202797385961,-0.7415445189979972,0.004241493564054876,-0.523714231409497,-0.02391697432459267,-0.5689826201227891,0.05684650937208987,-0.17359841768674925,0.10842691106089346,-1.0687931178568582,0.005325136572764552,-0.2565488810821012
-0.0028812473994782603,0.12174205564095339,-0.1433729218554047,-0.014731086904144125,-0.9306636028504496,-0.008690574146124083,-0.7915546134679249,-0.020738101748474243,-0.4482683773315983,0.048644906938005446,-0.1678716166978138,0.1053909619356499,-0.9939799607121956,-0.007990951630869101,-0.8733349534260155
0.03101766319454525,-0.13162465010292204,0.12167828034901688,-0.011114694613957102,-0.734810708568297,-0.016150602469760005,-1.2301996779884066,-0.006071166537615671,0.13549100978969508,0.04487367197197,-0.17823246255907052,0.09716384263341393,-0.4576882884288451,-0.007315113278281223,-0.8374049175932389
0.030336638353849095,-1.0050829990611554,-0.13163859551284657,-0.0035598663509941097,-0.5935771009653409,-0.0266814386591995,-0.5684625514033836,0.01952456598088686,-0.5724979649067545,0.03793980795512835,-0.2712066213619215,0.08027129520077217,-0.09525757032211507,-0.004314854301624019,-0.7353182848920288
0.03923958214584241,-0.7888891146641307,-1.0049251605488665,0.005067382149906038,-0.47796721475701004,-0.02349670547759348,-0.44776224372633366,0.0335712063546273,-1.0977999710364488,0.0314527815290433,-0.4001084043433235,0.05950582839536692,0.1574956416020049,0.0034300940496701238,-0.6231831453508989
-0.015713045427439933,0.4219790623276714,-0.7887737952181082,0.004608096639005133,-0.46751092831817076,-0.008802730138851616,0.1359297548788885,0.017987243134797465,-0.20402636955825967,0.021452848261077132,-0.5133956026219989,0.039965415998754035,0.16637189678020955,0.0029580457000119875,-0.6141099915108464
0.01850223734041014,-0.12330570052681315,0.42185623912502024,0.015450882403236724,-0.8361031050277464,0.016840190962038214,-0.5719774903799673,0.01404065478720549,-0.26755669322323,0.014151768453620789,-0.7023863583882376,0.0208293555645271,-0.03101965702123529,0.007459699728120798,-0.6275150071651507
0.04908527149980521,-0.21881502631914326,-0.12332128203282468,0.024130474540276666,-0.8066805689003087,0.03091272788107432,-1.097218856246801,0.01732403878223974,-0.09762305791351175,0.009949824057095451,-0.8734225293571826,-0.001308766014747258,-0.25398179188067105,0.02112270844078027,-0.8560163206369182
0.07896176987087312,-0.23739325817095014,-0.21881182391105958,0.03213823223002972,-0.526528903912404,0.015300033890136917,-0.2035484309710611,0.04889661456721312,-0.17722913705771065,0.009143057297896053,-0.9159650301291998,-0.014688192626271319,-0.8701580861344109,0.032831710074264615,-0.6891448317554455
0.06861849235156645,-0.7510157975978279,-0.23738640196353064,0.038532173675172754,-0.43433580515403586,0.011346169567565343,-0.2670714207681198,0.06560960475803763,-0.7256867110696165,0.012182833299498834,-0.8428259727258595,-0.014009139626514573,-0.8342635720969738,0.0382111325919563,-0.6035772017851577
0.050592379884634234,-0.5489970304040301,-0.7509079267347408,0.040428349445154874,-0.42586660286897265,0.014635606846522873,-0.09715740240292826,0.06611220192230023,-0.7553688816596253,0.015143753244991101,-0.8170154799048718,-0.010994609820171176,-0.7322778661104092,0.041109052519417176,-0.6017511806890836
0.021903815486170135,-0.268629768949725,-0.5489288907728108,0.04671122190075931,-0.7542883625998394,0.04626639018982776,-0.17675429191238703,0.04708426314818848,-0.4202061359843778,0.017786702913374485,-0.8466989208855337,-0.0032128223694160873,-0.6202535876186721,0.03862888344811934,-0.5766740969850482
0.08127569977443624,0.5381826251479106,-0.26861676942666346,0.05719581972447556,-0.8088942719410527,0.06301019263867176,-0.7251485526091564,0.05130524461327704,-0.19685789632384068,0.024515488577600348,-0.8020575523535113,-0.0036871160324468463,-0.6111894038424205,0.0525047327737475,-0.7892532114890634
0.12772043400826422,0.19826553267751346,0.5380369480749859,0.07032968269355461,-0.4138544628072619,0.06351371639675918,-0.7548272967233364,0.07702624894049077,0.6535281710654749,0.03461942397566802,-0.6525209311199418,0.0008359502598835282,-0.6245811667901366,0.06813020805364332,-0.5594106367070334
0.19144223880329225,0.6525630048069397,0.1981867074372395,0.08911648262542797,0.3739404615309173,0.04445069749919897,-0.41970324185216273,0.1335646715587832,0.7361639615008588,0.051702447491205214,-0.42752660172049706,0.01456394751915059,-0.8528565752021455,0.08849673434126255,0.0972515813179325
0.19765378920360313,-0.8596588212539175,0.6523948324309871,0.11066831583804561,0.7572795331834138,0.04867946081352653,-0.1963807852569945,0.17237495111027065,0.13152879764797368,0.06610492548412669,-0.21240410577285662,0.026328643400833792,-0.6861500617997851,0.10547759715155816,0.4831077659018108
0.21661834920944142,-0.5243207206592198,-0.8595295834593139,0.1383984337758927,0.8671092173583174,0.07444788467565304,0.6539071145371897,0.2020210207220411,-0.8005933105389555,0.07943481457024837,0.01977212412728212,0.03173365331719917,-0.6006670272318962,0.12665143242182808,0.745555099752529
0.19199946272191382,-0.37564121980710813,-0.5242574341423806,0.1668082806073427,0.10355610195786208,0.13109054217028054,0.7365333655914269,0.2022068462168619,-0.8086119575801977,0.09104548026575669,0.10726874674022167,0.034645357295320596,-0.5988428114094924,0.14688206197521694,0.602091163554219
0.1368305621650525,0.42766592164689343,-0.37560717423557505,0.1760872078280535,-0.39173711164797465,0.169972372792743,0.1319680001304056,0.18192324767895643,0.2098111628137656,0.09805448959321843,0.08547959489728962,0.03215339121893592,-0.5737905198609448,0.16332424005558627,-0.10056058526307206
0.11133004415803467,-0.35245887710408685,0.42754198000396393,0.17334963944978787,-0.24331919909943658,0.199673098234243,-0.8000465049463148,0.14681123842884336,0.22353933395663522,0.10717875701751306,-0.09609104908617715,0.04609524147448978,-0.7861594705946259,0.16762401270837676,-0.3271820245746768
0.17364436794757093,0.6155535441694947,-0.35242939082694985,0.1703769896897601,-0.26983796917462693,0.1998592663190509,-0.8080642263241125,0.14069010031014578,-0.13725968246099024,0.1183211048071759,-0.17788006776630144,0.06179503983723283,-0.556544126894126,0.17419419346961368,-0.443591398822607
0.13699485718694673,-0.05929811198414273,0.6153926504809745,0.16024556660187683,-0.2795922205143325,0.17953827270913386,0.2102413284694853,0.1407448901400846,-0.13761466578540812,0.12463479389947729,-0.255915131828331,0.08225844017146312,0.09946888997155415,0.16640459208946487,-0.4005939683811762
0.1465829458705473,-0.7708733526055689,-0.059326281926253575,0.14854805926425999,-0.6112100938269224,0.14436153056106274,0.22396791484797748,0.15250118358995118,-0.5860335500060874,0.12949136418110402,-0.2901245024716597,0.09932007300960491,0.4849436025056123,0.15909806053729725,-0.4627010821577248
0.18015806510468246,-0.14013868584605138,-0.7707615763373886,0.14657027618725066,-0.7120402275497161,0.13822910744279698,-0.13678945134379683,0.15467340010270528,-0.452767887994551,0.13750216503230922,-0.3304961501473869,0.12059462231799502,0.7471314709741135,0.15388181191428413,-0.6917408802935359
0.187847107869459,-0.8208084244873114,-0.14015095679209844,0.15509120116614453,-0.5918245854401438,0.13828399828388685,-0.1371443936893457,0.17163183338246707,-0.47905029748374806,0.1473598349572836,-0.4450300573756604,0.14092147952074585,0.6038093686610783,0.1532877486530337,-0.7178147889447765
0.23937643756890128,0.3319640586311453,-0.8206868274388797,0.17647786498288942,-0.38467364932959547,0.1500619657695181,-0.5855115129468352,0.2025770170595355,-0.10547867793739832,0.1629787747030008,-0.6635311165268043,0.1574418653574724,-0.09814771200356909,0.16795863766295738,-0.31967354999042613
0.2211374259018322,-0.543398884115401,0.3318589387687982,0.18441028726391226,-0.261561539784591,0.15223818700523925,-0.452261234970921,0.2162429953908486,-0.32663144433688646,0.17302367990622028,-0.7816082528771479,0.1617620900191377,-0.3245451047702659,0.18366840564426135,-0.4516340617037173
0.21730173611336784,-0.9221316499820519,-0.5433318454771802,0.19782336494631583,-0.46189097562437365,0.16922788504467934,-0.4785406104488228,0.2260656549811375,-0.8486998228823042,0.17945743210234566,-0.8083371411939163,0.1683635220594744,-0.44083939229835895,0.18991431656270075,-0.40244767748715915
0.23131292600522133,-0.6545686995242456,-0.9219901255940882,0.21197520126180927,-0.7692091346569447,0.20023011961288287,-0.10501211558302286,0.2233765995112637,-1.0145589284090155,0.18232095512912613,-0.7568580401240714,0.16053686918627638,-0.3978844707464647,0.20340808131739405,-0.5636004104971939
0.2589958963880387,-0.29507168325912925,-0.654479797007861,0.22514291453186117,-0.7661062415245439,0.21392129269663854,-0.32613935236006464,0.23600180955009806,-0.5055021927406139,0.18672656107075253,-0.6493899903448892,0.1531955838784533,-0.4599301830761859,0.21949061914570853,-0.7196367424528702
0.2273599136870078,-0.19112793324088878,-0.29505348337848186,0.23174245296450421,-1.0383037004534728,0.2237620614534068,-0.8481474639288923,0.23935605505564192,-0.6504533391328464,0.18749802299889584,-0.6355080771016666,0.14795452399871903,-0.6887435437858884,0.22624362680094157,-0.8974306711014322
0.16563750561815482,0.5999892264416977,-0.19113017608093782,0.21942637200487633,-0.5597000874046106,0.22106804841041053,-1.0139874228701355,0.21745432563745085,0.45104300738107994,0.18560470044803717,-0.6247733640338988,0.14735763505618904,-0.7147916747827141,0.2230661746771902,-0.6913471957795346
0.13472379631344567,-0.2101199826727056,0.599831393803025,0.20499332788732927,-0.07071413956078425,0.23371653442947493,-0.5049894521291503,0.17601151653135283,0.4395291482598251,0.18545339198180744,-0.6204472925263498,0.16209830662822972,-0.3170440533485952,0.2080938778548401,-0.28222382491037973
0.1442893834761614,-0.7714650260620638,-0.2101184903275038,0.19279860222011586,0.10394322806777631,0.23707696386002547,-0.6499238655268069,0.14830878901806846,-0.7018420884745367,0.18782054022298775,-0.7029268940337198,0.17788279863336465,-0.4488741038980907,0.19709949025400217,-0.11763145141820891
0.1322565397280025,-0.7065889565981406,-0.7713531334288763,0.17625392981052568,0.14676315058299233,0.21513485616540384,0.45144532550853167,0.1371767569985501,-1.0467887976761243,0.18484805573746343,-0.6416316319912304,0.1841584184308194,-0.3997363472053613,0.18493236376468034,0.01630843237788765
0.0831620499132678,0.267940380499814,-0.7064898232060589,0.1468856730249183,-0.03717990289037711,0.17361564262702592,0.43993279553400677,0.11998171795151769,-0.09886153483192574,0.1809817696500577,-0.4904411194597528,0.19771636671771373,-0.5607297585151056,0.1637369226871274,0.23621428751377374
0.09401576248788819,-0.7375939993540892,0.2678478522379216,0.12461416300686609,-0.538448506179474,0.1458618420515165,-0.7013066826100406,0.10321624865922611,-0.3389959413205898,0.17720638099656488,-0.3828342651143069,0.21387540166179564,-0.7166118270385093,0.14013377703392757,-0.13064221186645095
0.005294090769253149,1.309930022365606,-0.7374887681694118,0.09783316108049014,0.10224077118603012,0.1347092868916773,-1.0462135715579937,0.06087625011826549,0.48437653592738555,0.1646476053093758,0.009239587790222064,0.22066053021821327,-0.894229981869994,0.10836357634966082,0.04137766590081306
-0.006718720667000654,-0.7071157026473136,1.3096325649645066,0.0742090395454993,0.45412810330201686,0.11748254687589407,-0.0983957363529831,0.030902413551317974,0.7256567851117548,0.1506738373776531,0.31436853204771037,0.2174679644397918,-0.6883502484833202,0.08370515829002599,0.28565762775273945
0.005949647273398754,-0.689877961931004,-0.7070164656595627,0.05110315306283892,0.29538213576168876,0.10068616857451712,-0.33850242200037606,0.0015337362749340874,-1.0185043433468506,0.1339090651606026,0.4201629962890218,0.20242445139923346,-0.2796313524862814,0.06528187953333861,0.32921467983782815
0.05328175099106844,0.22159875412417518,-0.689782115106864,0.03791256477897961,-0.15625332375719775,0.058268111532672265,0.4847750060704217,0.01753687326889332,-0.12643444043234456,0.12185362734364732,0.3987756907319779,0.19137776863515252,-0.1152017012533599,0.052261727625844356,0.024233311280067022
0.08684004043471868,-0.14058122216878502,0.22151533991603256,0.03852687295829277,-0.1326839244507683,0.028239014861124092,0.7260274021387494,0.04873726236841364,0.20191236786308,0.11248383474900274,0.3141256996707337,0.17915276881181175,0.01860576449667249,0.04576414381053194,-0.25350027485284604
0.1085116220570569,-0.45314007270044915,-0.14059340608077334,0.04094801163375336,-0.015740545571766296,-0.0011838068413378893,-1.017932382353782,0.0829400829528586,-0.26475617735038465,0.10366421346199348,0.15815467960938998,0.1578565109274115,0.23829421236871853,0.04939082072860627,-0.1232883480191356
0.05730359336967686,0.32351550613751134,-0.45309078535243874,0.049634783027794234,-0.12132085700612211,0.014848833717246766,-0.12596545896871136,0.08428130472227688,-0.34207364975947524,0.08917862029697916,-0.1309752653633008,0.1341410961420148,-0.1281995987706546,0.044138535774913425,-0.23510426012120123
0.051330277492041734,-0.8659231553053518,0.3234120478603859,0.05933028772305751,-0.42232350617086506,0.04610674420750964,0.20234344534665585,0.0724393520542791,-0.1334834777099984,0.07653612647472842,-0.4066262720033371,0.10221977946189943,0.043650213625096815,0.0507247761594266,-0.33766065988222005
0.12050534608036075,0.7959555983239588,-0.8657926854979399,0.07846369830507499,-0.5714903044257207,0.0803726214993905,-0.2642712281836242,0.0764390721432673,0.11778723430450386,0.07329472314927075,-0.5059695433478891,0.0774440728324452,0.2876886710473919,0.06892628992379281,-0.3863898837211458
0.0585305561683468,0.6066255617482676,0.7957592247840238,0.0793403683055023,-0.5978762981827151,0.08171631596045456,-0.34157977515211896,0.07684824511946084,0.10686275551245183,0.06782250501229112,-0.5692183318640276,0.0589331631494133,0.33120266097977485,0.07644886141095067,-0.6953038369364868
0.0894362173845664,-0.21033160571628384,0.6064664239349299,0.07977398898122716,-0.5938198101406628,0.06985253133438735,-0.13301368251356305,0.08955598234950832,-0.14965863160313483,0.06388293649170429,-0.6718706842716217,0.04585108046467419,0.026522808563179477,0.08162135773596688,-0.7452734466717512
0.13612847231801534,0.2047740450864418,-0.21033007175096757,0.08438663191849162,-0.3898245649597966,0.07385962535263539,0.11822802309729352,0.09476605152770182,0.1445662645850236,0.06416101968785107,-0.6612563135086039,0.039322590680003294,-0.2509361996190904,0.08867288575486897,-0.537684553294194
0.15640739736042403,-0.48975972772618137,0.20469393981055914,0.10093922416612869,-0.18620452672327362,0.07426955268476243,0.10730480541458018,0.12740645305786086,-0.02745219137957461,0.06942151941179298,-0.5222821858592557,0.04296651800513493,-0.12085300523188428,0.0955251711418049,-0.2904671232799222
0.21350477545458163,0.47837489265842525,-0.48970323835419594,0.12802605867340955,0.16399663281959767,0.08700071804310447,-0.14918696916543167,0.16878138407679769,0.1830234840312021,0.07800325110716208,-0.23035647979156085,0.037689250386738586,-0.23255837188490366,0.11787234206956292,0.14863374468009236
0.2243735803169063,-0.7371971503553886,0.47824097803173277,0.14537441927680794,0.5360315732005149,0.09222039256384798,0.14500396203718177,0.198209752657916,0.051463976457134436,0.09373759648819091,-0.07677889589066841,0.04430681843847349,-0.33501338050175516,0.14262905782879093,0.25643438243667815
0.19265919846102095,-0.18906644152322175,-0.7370919972193984,0.16777695717340727,0.08342656993676828,0.12492097030797734,-0.026994636313577507,0.2102991634899711,-0.6912817379930312,0.10805697000594325,-0.13425052580164362,0.06259490829676462,-0.3836944287829299,0.15295186365346983,0.30639697808578253
0.20186558536475202,-0.7809101324570928,-0.1890690897988972,0.18655522208248643,-0.4443348851728672,0.1663721806183837,0.18345674202592646,0.20641767494384824,-0.6840385617649818,0.12212770315372956,-0.21034928372342526,0.07015326114057557,-0.6923029779548495,0.17345831792374877,-0.11151680741852006
0.22827261271407728,-0.32862237651139753,-0.7807963822454367,0.20194539201105594,-0.6880714279249626,0.19585480367314567,0.05191242153096376,0.20771794149794304,-0.6049824067358458,0.13469559192578168,-0.16433451977163643,0.0753503606130804,-0.7422231858398494,0.19332116797399376,-0.5124883730051454
0.18746532914720765,0.05002977834743286,-0.32859757818253943,0.20713277393001664,-0.9864435059543163,0.20796650267994435,-0.6907475512033181,0.2059858670068486,-0.5244938296457848,0.14192252608532907,-0.17533942000688235,0.08243542945501414,-0.5348395227108679,0.20066575717071133,-0.8094945504763313
0.19150089885829552,-0.9168758432609051,0.04998010678039523,0.20345762542411136,-0.9573017414160604,0.20407785817757323,-0.6835052111192493,0.20252940554788781,-0.45930234812697734,0.14788283732582524,-0.1700800399697137,0.08932030796090377,-0.28786650121859647,0.20568646486292427,-1.0528769350607292
0.17740400711398288,-0.6523151846826479,-0.9167353525376765,0.19561263701836137,-0.9646879935868135,0.20538052191781497,-0.6044581822422425,0.18556551815793906,-1.013859147613179,0.15650847998255804,-0.2994794793013922,0.1117737739361092,0.15080025497939165,0.20052165093538246,-0.9770087503377203
0.1514471983116078,-0.340460792466275,-0.6522267253672686,0.18872929443499606,-0.7150388311243953,0.20364525415456997,-0.5239788966614752,0.17355403271846928,-0.5382816374052474,0.16369890302906331,-0.498435491462278,0.13664824582137106,0.2584943169393467,0.19008832192939756,-0.8524513525920391
0.15453715399748577,-0.9417405944779168,-0.3404336658643768,0.18082436854319303,-0.6330843677313849,0.20018242032411301,-0.45879494077274235,0.16122719973509408,-0.7618676379962062,0.1661430762413249,-0.5349336895637705,0.14702015240866873,0.30840751767257807,0.1846343309136347,-0.7497774853031133
0.19935092295209322,0.15537959313955016,-0.9415952135793364,0.17599378769295723,-0.8896671926574886,0.18318725811922662,-1.013287722856194,0.16854615421482222,-0.30181619709947966,0.17625683126345962,-0.7933458403860201,0.1676241462975725,-0.10909310242250253,0.18427456672996734,-0.7572395119570519
0.21107276263264393,-0.7147667527838933,0.15530920231965858,0.17993676671861114,-0.7549088081368418,0.17115362816914967,-0.5377651127721775,0.1884303508970767,-0.19151156478655476,0.1849927992805472,-1.0073442025509924,0.18758147464197633,-0.5096682523207052,0.18181384278043367,-0.8837856010906577
0.2551942917538258,0.13717727085820336,-0.7146660110565024,0.19057501387980835,-0.2929916487754977,0.1588040692968635,-0.7613253028509176,0.22199793801194886,-0.20578072524120633,0.19354413710750176,-0.9796138883776871,0.19496099861677704,-0.8063807982269303,0.19150359470118075,-0.4867526754504658
0.2607587686154336,-0.8766735039151566,0.13711045990713852,0.20449715736444313,-0.04634683059423588,0.16613651708397034,-0.3013269697664206,0.24247649775234775,-0.2867861548780001,0.2010386794752057,-0.9271172710129619,0.20000558746889557,-1.049522565760606,0.2014120821588086,-0.23484893772689278
0.22212460770897346,-0.0071120923044303815,-0.8765409198259917,0.21630189433481822,-0.29480392874285916,0.18605737249645132,-0.19103507089410726,0.24616211588782186,-0.5175984402393028,0.20165775804845482,-0.9204869325614377,0.1948162069354393,-0.9737293872007705,0.20781010611835565,-0.25895990901487265
0.2510859804791245,-0.2614563217386309,-0.007150525722934776,0.23242774715160405,-0.7074858384401083,0.21968684519513978,-0.20530258413319394,0.24479205808881904,-0.5460690644846855,0.2035762495100533,-0.8741585843737532,0.18433325145971868,-0.8492951316198044,0.22206508720371915,-0.4226505766360213
0.27406843023350425,-0.4186710302449007,-0.26144473302456694,0.2449072724774375,-0.759052424367986,0.24020315944023138,-0.286298662595827,0.2492306228621934,-0.3302467747293469,0.20942308150951286,-0.7774845306384813,0.17885331835778875,-0.7467227716078966,0.2391660196397341,-0.7111765153538285
0.2535573917648658,-0.48365634680810615,-0.41862852195775224,0.2520031730836751,-0.9751377580077681,0.2438955724230461,-0.5170843032508609,0.25971296659437065,-0.8187750791467997,0.21313560036259255,-0.7447745466107708,0.17849184294404682,-0.7541774210194396,0.24692115444589216,-0.8856385599347882
0.23228227855744546,-0.4635651385724861,-0.48360105779411616,0.24817634508373224,-0.9189086424458325,0.24252298876996675,-0.5455516408799392,0.25344222498172914,-0.5172715550718644,0.21342357559648237,-0.7421829505993037,0.17601941448078226,-0.8805984018926438,0.24995552762629938,-1.0256302251641694
0.23725429458329056,-0.8922521553462119,-0.4635138009164021,0.24425056263157433,-0.9343619901800507,0.24696973653163176,-0.329754265402919,0.24116528433904444,-0.8729359398788482,0.21699943192129012,-0.7538649883807141,0.18575525602260481,-0.4839579980521307,0.24738891335448418,-1.0138528933037552
0.17236058182340042,0.683378114586072,-0.8921165073881757,0.23593883698719972,-0.4289023645647692,0.25747140563144444,-0.8182261746715832,0.21408741334138734,0.037161358896572703,0.2156247694206978,-0.7228095553079238,0.19571087352402414,-0.23230330191199217,0.23474208595165452,-0.5906836091559906
0.16435026560370458,-0.8123605966038101,0.683203881771831,0.22145199729158005,-0.13282181245031438,0.2511891032085388,-0.5167574558186724,0.1914331454619058,0.17786410770424244,0.214687246342382,-0.6967256224652988,0.20213932989322825,-0.256390436179839,0.22647650766964342,-0.3054079160247116
0.24042972970972998,0.9775054403046858,-0.8122406609980903,0.21583356821934774,-0.3231922109809079,0.23888952865902754,-0.8723807831358064,0.1924921036005015,0.24431650840210603,0.22107799467207073,-0.7929261580847217,0.2164621152610993,-0.4199192730023412,0.22495195417898192,-0.3307315339330079
0.23601206788250081,-0.9068287995871129,0.9772733611767628,0.2129030995553527,-0.4103917463810008,0.21176173659169517,0.037611455048216974,0.21371888245499454,0.27716782191681005,0.22692954397777654,-0.9209052946989916,0.23364438884005165,-0.7081599640406597,0.2195073600792757,-0.49074260850966067
0.24034317179018452,-0.9091048245592273,-0.9066902848259561,0.2142494523032807,-0.3799883368936609,0.18906570304735204,0.1782979612914698,0.23906133263176815,-1.186280124699355,0.22987361785020827,-0.9458014702566074,0.24143641119787546,-0.8824495288314252,0.2176168466496735,-0.5438280328390033
0.2433423804998199,-0.944126769944664,-0.9089658621699757,0.21526630130086535,-0.3547117468565214,0.19012661349316662,0.24474269080019076,0.2400326562886001,-1.144054571561019,0.23219123011909074,-0.9571448573760518,0.24448521747329174,-1.0223027929942266,0.21919917775168563,-0.5131007732730547
0.2564859465478882,-0.6773827129065838,-0.9439809197545813,0.22931715307340161,-0.48421816009649654,0.21139252627758595,0.2775902119968309,0.24686037582244266,-0.9655531660475677,0.23228399709917147,-0.955563354641107,0.24190639501697375,-1.0105371046505052,0.2219505846740908,-0.4441308578014587
0.311461911965288,0.42259272675359016,-0.677289323535497,0.2538881483232874,-0.617486413030466,0.2367816980825528,-1.185688795861953,0.2705773675782263,0.037905385541027875,0.23592550991727276,-0.8230140128946114,0.22919941256708296,-0.5877861816971294,0.24185133804528297,-0.2727903629685568
0.3642246454472277,0.364396189907023,0.42246978286094605,0.27456471854580405,0.09425458675807347,0.2377548124826804,-1.1434681171931826,0.3108897194860252,0.683881713064711,0.24613117123704117,-0.5298698163849945,0.22089451879236333,-0.30279252292935294,0.270446684577395,-0.09726130067035121
0.32247120232221743,0.07490887425502747,0.3642846915851616,0.28900536300984536,0.059983933766198365,0.24459511967759137,-0.9649873176778524,0.3328947741783592,-0.26450473052916484,0.25125807626087393,-0.4410385504529958,0.21936271371329497,-0.32809110494910243,0.2821840785405226,-0.05466002576871531
0.31564263778429236,-0.8434345451537919,0.07485430969145346,0.3015820886941776,-0.11576020419290514,0.2683558363480122,0.03835539580308716,0.3342889810996065,-0.3203777890226974,0.25424394655798455,-0.3867439245923546,0.2138922222241594,-0.4879439865122662,0.2935765528670176,-0.14996435112591475
0.34843383544370055,-0.16075176307373648,-0.8433084982037052,0.31913475501322325,-0.35582852284887606,0.3087425085643957,0.6842571525582494,0.3290229919981552,-0.6481436278218977,0.2610579971861318,-0.267164033274784,0.2119927165057637,-0.5409769285789328,0.3090407158401704,-0.2280744230573548
0.35611767449179405,-0.820945255284314,-0.1607599800253838,0.3357755225839281,-0.8055458417987227,0.3307881320248061,-0.26401981038913785,0.34024356622503993,-0.495345220445037,0.2699518872260015,-0.17385216896517752,0.21358257401727573,-0.5102800471464969,0.3251750929148442,-0.4625694764743218
0.3456639113533262,-0.7481105980552443,-0.8208236313252334,0.34148803539501404,-0.9139447447412616,0.3321849093217252,-0.31988641896069353,0.350255193202423,-1.0810199202342334,0.27773789383212916,-0.12828820826321588,0.21634706809645385,-0.4413783179476161,0.33793348050127187,-0.9231625828336839
0.3016416224304737,0.13456776763976383,-0.7480032985606407,0.3310352452910356,-0.8387576843586939,0.32690921178312,-0.6476144208462907,0.3346507192264084,-0.22530631275431282,0.28702289147536353,-0.30159520612949964,0.23634248005018735,-0.27020721682250615,0.33652852513623666,-0.8566329925758721
0.304537455618349,-0.9468450107511311,0.13450146990229234,0.3280399011699424,-0.7577860351178766,0.33815047238774193,-0.4948336523428397,0.31744951989735704,-0.38146555241701857,0.29709117157880954,-0.5812444625309534,0.2650738412808145,-0.09485168920865482,0.3279892822476769,-0.8867268267140893
0.28372391722110163,-0.4757021654323013,-0.9466986259619256,0.32270874792179893,-0.5668124820184601,0.34818055691401956,-1.0804407425144609,0.29679349693392626,-0.8676547067067714,0.3002005712798119,-0.6461493345969388,0.27686706454118304,-0.052292531542172734,0.32244584018415046,-0.7200378123934129
0.30545505950085483,-0.4515739358946668,-0.47564844077507357,0.3155303135445349,-0.6320010908126477,0.332547314353035,-0.22482591763480708,0.29806521878019254,-0.8306483436534657,0.3051879848285227,-0.7454429542882973,0.2883137275434166,-0.1475026354308477,0.3209883380692428,-0.7005600836064464
0.2701574688415487,-0.09484660861001352,-0.4515249565603397,0.3011730015508981,-0.7133016581660048,0.3153144026980671,-0.3809671304534674,0.28660002886060415,-0.6297699406573448,0.30732925532384797,-0.8184430125453193,0.3038514463121678,-0.22553548478444205,0.3097896049949194,-0.6243748912281186
0.2891360932452422,-0.5239508998397693,-0.09486778719393715,0.2917315685673622,-1.0709156885171471,0.29462029805673556,-0.8671001596232473,0.2884049052381846,-0.6348687648886266,0.3106181715711177,-0.9235137548196619,0.3200625670776753,-0.45979870750314994,0.3002067783789555,-0.8373239876556557
0.25693072029856967,-0.17615591883984552,-0.5238876860559585,0.28426382966924224,-0.9134676160039905,0.2958943644638021,-0.8300980685421726,0.2722227941661681,-0.6886791928504086,0.3106501153364768,-0.9248806834913118,0.3328816403508163,-0.9199364540589485,0.28751202305764934,-0.9931939175101163
0.2276496896884334,-0.2530509761600942,-0.17616110624085765,0.2714218217238314,-0.6578361701925952,0.28440803719021474,-0.6292428547191722,0.2580471121272448,-0.15813185114137498,0.30463069993990866,-0.7586405054876151,0.3314700022697599,-0.8534726374758458,0.27692624933819837,-0.7202067370863845
0.21311171022558725,-0.6407168622235654,-0.2530410405337049,0.25962797503948093,-0.4090792682480597,0.2862162410583282,-0.6343410903480158,0.2326941649170406,-0.4653776769333552,0.2937777300008772,-0.6771734839860695,0.3228901421938641,-0.883536719708938,0.2638462794415623,-0.5528414322184495
0.15328967284195769,0.5500193200650526,-0.6406306839617995,0.23421289006651563,0.001865008001828944,0.27000429646304885,-0.6881453064955305,0.19813149040907,0.15714967010250386,0.2816270689671605,-0.36355198686163015,0.31732033256734404,-0.7170125004661064,0.2451854965008106,-0.014150532785107086
0.14836891477905348,-0.8935999742897108,0.549871315057566,0.21387142793642205,0.22700136940175064,0.2558024799761543,-0.1576592105648982,0.17169258724109374,0.034468984179395035,0.26961342708599145,-0.14174575835525172,0.31585589779608547,-0.6975540281001149,0.22271171698374578,0.0862443167362852
0.1580391906391667,-0.7687122555377014,-0.8934640612547825,0.19197525961205322,-0.08813456340906545,0.23040279178530712,-0.46486956825011044,0.15332676003738624,-1.1021649469750374,0.25593923464452684,-0.08295320837739618,0.304603897582609,-0.6214441552907448,0.20667133691957543,0.09177970571508072
0.15299257655151888,-0.8902906126886944,-0.7686009042946308,0.17461522252828926,-0.41755813959071175,0.19577639713913123,0.15758591494071927,0.15322768305354678,-1.1021180124046384,0.24135073777908417,-0.10244372925971644,0.29497548993926953,-0.8341827221697945,0.18719374784084253,-0.23120265030955262
0.10304805472620296,0.29029181978277746,-0.8901553505092036,0.15380391182308487,-0.4210095179147301,0.16928875090980794,0.0349193911356977,0.1381138823648417,-0.17115494848056587,0.2239260044507061,-0.036348465789334775,0.28222035160019465,-0.989898553103407,0.1651782791711157,-0.29714021749092223
0.09713552650705554,-0.8675215558843044,0.2901948956410911,0.1344332479108356,-0.6495733568821896,0.15088906425904272,-1.1015833282975591,0.11780345930951279,-0.16067294588243827,0.20923832395433029,0.061644456678753845,0.27158422630275586,-0.7171812581537235,0.14650606251962395,-0.40004184910324697
0.10552450286487845,-0.8024037961764482,-0.8673907717178609,0.12645537672494592,-0.6274950204954799,0.15078980461575364,-1.101536399145233,0.10197359632941762,-1.1212942427667112,0.1949451624156274,0.05949383432108729,0.2584420411026584,-0.5499814169701029,0.13111392732295502,-0.7250811061037933
0.07673748669504965,-0.2660409972769337,-0.8022858187845713,0.11449129690717028,-0.4966351656950708,0.1356481399529088,-0.17068080453262524,0.0931994318328526,-0.7390491740721664,0.18007934364907444,0.10731015696437642,0.2396924975391637,-0.011823087778825936,0.12016186687190837,-0.5906492110961069
0.06944360996787986,-0.8311992445815064,-0.26602850689017177,0.09969381726722058,-0.5946924339936086,0.1153002723715842,-0.1602000119648905,0.08396460913148683,-0.5834378124519645,0.16312894053970128,0.033705328023811675,0.21711182075676666,0.08847250758889867,0.1088702924190194,-0.5242483079864882
0.0773165695145535,-0.8159723656889133,-0.8310756039601523,0.08705420065342039,-1.0251762072822599,0.0994412252767982,-1.1207104158252026,0.07455770286360185,-1.1184651450786227,0.14927905746819944,-0.0366520779011424,0.20099514410160912,0.09400242407233282,0.09732158204480544,-0.7066485576523974
0.023735021275137304,0.3859267771177519,-0.8158517197529753,0.07380711779914795,-0.6200808145356476,0.09065088463118465,-0.7385094730642584,0.05688220647115934,-0.22453416525094017,0.13021788410370572,-0.13209542155371984,0.181424909235095,-0.22866061935260398,0.07882914400489059,-0.7097835952855781
0.028323610037045435,-0.9023343064918611,0.38581104435388985,0.06231396063221679,-0.5278289809155045,0.0813990365060862,-0.5829160750416872,0.04316932718004312,-0.19656894584667892,0.11379926254839008,-0.24439422074271994,0.1593047232705307,-0.29453299815571826,0.0681385722969066,-0.6118982332557925
0.01896843647017509,-0.7769978138315883,-0.9021966756671316,0.0478571263241748,-0.6345090925482156,0.07197478755925617,-1.117881644724916,0.023711133925052183,-1.1079021795972888,0.09881172117944854,-0.33130103803900074,0.1405436916114778,-0.3973328973145815,0.056955473048464475,-0.5565676893618245
0.06635588732768036,0.2230540972408125,-0.7768848330595273,0.04612316280020568,-0.6895148476549916,0.05426670442145881,-0.2240538592672592,0.037924528682936776,-0.3641523093081924,0.08827168017004036,-0.5422617711960381,0.12507834322167874,-0.7220508081851604,0.05135175267496512,-0.7592976803552823
0.05612216448321831,-0.7538965181265527,0.22297039680889166,0.043898178022853986,-0.7429956601341723,0.04052854391075929,-0.1960918681359454,0.04719491346477183,-0.37007835917003534,0.0812930846863305,-0.6034185278349166,0.11407418893785772,-0.5877518176444716,0.048402388764593345,-0.8244149150442838
-0.002255190032605569,0.5120316431294304,-0.7537880807092942,0.030607882018334236,-0.7237366290247627,0.021034477310285567,-1.1073198986202375,0.04011716470889385,0.0698327130507367,0.07047522267328606,-0.569138530493104,0.1027289057427702,-0.5214165609845695,0.03814468573353799,-0.6931608364046079
0.003482756778220849,-0.8721121427086208,0.5118911091961484,0.027225292624086996,-0.6453715173051873,0.03527407604373721,-0.36365588596562665,0.019149955289401645,-0.10637089224557829,0.05937493977482843,-0.6444436480526301,0.09112526355096055,-0.7036364828498427,0.027581533704571715,-0.7908832566853293
0.06612647336577679,0.6242148687237878,-0.8719804557069009,0.03353923171901731,-0.5229316126292253,0.04456155181195929,-0.36958125173105044,0.022486236425791468,0.1032909050176682,0.053136193864609126,-0.8365345587602281,0.07254486562631464,-0.7067684210659868,0.03364633432324277,-0.6833963910614442
0.04920832932351284,-0.5781308614399698,0.6240522716039532,0.03858998250614207,-0.5421756751348389,0.03747075443830716,0.07027903765861986,0.03964851828409654,-0.09795480378749301,0.04926941091539549,-0.8960132807292736,0.06180344386529202,-0.6089798322154134,0.03663423995521755,-0.6715003171030587
0.0964845832312802,0.22013019338827639,-0.5780569920292248,0.043622160870278266,-0.33118392103433786,0.01646488963403906,-0.10590422689500341,0.0706631783558176,-0.40581442384390565,0.049222660001624285,-0.8975430071333035,0.05056715184049959,-0.5537039901944235,0.047724210967028204,-0.49224416634078005
0.08351180622896077,-0.6818735802371465,0.22004706800343427,0.048196854811072574,-0.2339071578548699,0.01980732157612112,0.10373336725013296,0.07646091598688846,-0.38860235540392934,0.04764170245807185,-0.9493190081808874,0.04493677718825915,-0.7562335546343775,0.05017864983229344,-0.432932273147656
0.11349856513813815,-0.23449397709425812,-0.6817793076427152,0.06753036809026983,-0.29558154477706783,0.037001244011652855,-0.09748910998054522,0.09790070793256082,-0.7305414502102028,0.0502818925826597,-0.8645708302397862,0.041973384532244085,-0.8212864119569199,0.05838729598683114,-0.22527810195711243
0.1281399016939972,-0.637999105997701,-0.23448769109133152,0.08835095022189421,-0.5950857256766938,0.06807308306197712,-0.405313191074482,0.10845726342213553,-0.44969913215845836,0.05449747537642424,-0.7444845574084976,0.0316668904021314,-0.690162096074526,0.07704247749097473,-0.2982577722676654
0.0835270120943719,0.15009750652376008,-0.6379134622397551,0.09125723646788596,-0.6561601798387869,0.07388150946781409,-0.3881031095760029,0.1084623343413276,-0.45000186968024314,0.054943510962512244,-0.7383253262724329,0.021053494395985965,-0.7877879042664245,0.088494136380234,-0.7463095557983364
0.07294018395614546,-0.7446116777489874,0.1500281545370967,0.0952209966586751,-0.8585664468611794,0.09536082805676041,-0.7300027313242081,0.09493674615243884,-0.21127759808343544,0.05847743842304509,-0.763959705933649,0.027147142436623976,-0.6804073042321465,0.08946895073940168,-0.7710104807848737
0.05722689142275084,-0.6098122158010443,-0.7445050663905204,0.0886640680754824,-0.6914906851179358,0.10593684573160705,-0.44919283338849275,0.07128836211413929,-0.7963057289414158,0.06055327953855782,-0.7905663612160873,0.030149260139198015,-0.6685229911833925,0.09061613909889465,-0.8289181172336315
0.06350990544345966,-0.8577796981710434,-0.6097321155868275,0.08532329512279702,-0.6253022206161212,0.10594192599960318,-0.4494955359626042,0.06461296893020949,-0.9902182203548127,0.0637522593154934,-0.8423624853423698,0.041291980959863736,-0.48944405984639777,0.08589856429583301,-0.7746241821990649
-0.019157848428339758,1.1507433382252361,-0.8576508299454454,0.0631666529518785,-0.018716297422105458,0.09239140188312858,-0.2107988224227083,0.03389971009845376,0.3979229690169595,0.057610640782484054,-0.6859062642364911,0.043758094443651536,-0.43019080463908044,0.07120996660984369,-0.13758143834162753
-0.03804112517637872,-0.5264580493466195,1.1504771882276301,0.03541063687265782,0.09404610453927995,0.06869941941615694,-0.7957594183022914,0.0021293109222533073,0.6889039559653508,0.050847809059730166,-0.5108101811006435,0.05200578529137641,-0.2227419282332329,0.04952969942750223,0.1823432395494976
-0.010090374130067591,-0.28803043873336165,-0.5263943424792216,0.019774401339181208,0.0034492176411406936,0.0620117194017428,-0.9896495246794348,-0.022415235558332438,-0.7589123523147386,0.050285084119260665,-0.4942417279264407,0.07074970077484709,-0.29564944807544863,0.02975356482979363,-0.05640286785821204
-0.038310397112138884,-0.2809499814707767,-0.28801362366127825,0.0011930206899783107,-0.07665077284598192,0.03124183725812377,0.39833141926089277,-0.028802312130802907,-0.6876740385549776,0.04728348903963404,-0.39668799303518654,0.0822558298531482,-0.7432582706296788,0.012322701806914095,-0.07218634013128393
0.005497016522893666,0.12891766047987824,-0.2809345589192652,-0.0074470465098556435,-0.32880592867589276,-0.0005871341858529529,0.6892788156969121,-0.014283020236692198,-0.4695238711235912,0.042929065829138545,-0.3721846435060133,0.08323528094861217,-0.7679347753454946,0.002673837627885399,-0.29843874567632944
0.03755686233753692,-0.17998252867933967,0.12885247395460137,-0.011781795760828238,-0.6111124435881716,-0.025176931270339986,-0.7583703583242496,0.0016065907393432088,0.10884502098817837,0.042092254468423865,-0.37126831257264026,0.08438792594695654,-0.825785162109891,-0.00014028641556725258,-0.4082567001055701
0.09428849345733525,0.46875764155663563,-0.17998696349718882,0.0071663269509410436,0.06768111356610187,-0.031575783129524214,-0.6871402682339618,0.045826254736754723,0.3593719508145348,0.041934530735076136,-0.37475067030761006,0.07964791184546427,-0.7715449041174917,0.004263101305833891,-0.13934576897222062
0.10300273467749964,-0.7938510149505558,0.4686256183642825,0.030723863666808803,0.26550505128052904,-0.017029723304421287,-0.46901528380843066,0.07834289251633915,0.01607150360119047,0.04333437423772479,-0.34582440737406395,0.06488944736546262,-0.13513196486350892,0.02174019971740669,0.18439900692056643
0.0383134318978803,0.6780031908114597,-0.793734719642669,0.03880840161743306,0.1468109762578641,-0.0011108180616129799,0.1092868420598471,0.07859519667669175,0.0002837393426510677,0.037934558598369895,-0.4225389948794614,0.0431060572850922,0.1844764233644227,0.032663986050371185,-0.00014005952153238064
0.05507843518001116,-0.5821576702651121,0.6778300150888232,0.05440646343915094,-0.35726912161982444,0.04319036980920877,0.359784851343923,0.06551925316845238,-0.05552065227060691,0.03268726525042421,-0.55719345558992,0.02323585685810323,-0.05403365059191798,0.04198746556168231,-0.09512230462516086
0.09942027164415727,0.1429702129339839,-0.5820830088978705,0.07009378604423079,-0.5448311653821538,0.07576695563051111,0.01652403434161201,0.06432455756476224,-0.12831344930874428,0.033828723245885706,-0.5254655567444984,0.0057220833666880725,-0.06980151872603385,0.06169212307841713,-0.42983644137775745
0.1079234867930844,-0.7993999076506753,0.14290226267923947,0.08184661485152799,-0.6087101408521403,0.07601972494167153,0.0007380926045239719,0.08753842628634145,-0.24478057148142157,0.03634123306842653,-0.46194506796730633,-0.003972675949538924,-0.29583024256694107,0.0763459292026944,-0.6111068672224585
0.08217338621397055,-0.3458961481281796,-0.7992825210365423,0.07982311603351537,-0.624999626236091,0.06291967447587256,-0.055059857013583194,0.09657417029296599,-0.8004190887344101,0.03813289675132696,-0.4375028543948169,-0.006800185465796553,-0.4055396268038227,0.08272906326071015,-0.7608709541508389
0.08002761862581238,-0.9665678511872856,-0.3458679525494775,0.07598574841964408,-0.6895864551034332,0.06172277631783545,-0.12784425093447518,0.09010702266596506,-0.7128884422659483,0.039319203167563516,-0.4212621127281977,-0.0023758528870669923,-0.1368945512099643,0.08068880848679412,-0.7749975586224382
0.09481873225085304,-0.6340607448229216,-0.9664175874874354,0.08542342042525372,-0.9272323871470262,0.08497944239072722,-0.24429792827575883,0.08573679120974774,-0.9871749043660467,0.047505030555870416,-0.45524354418530855,0.015184375913175877,0.18653015832594533,0.07951795114333404,-0.8043984250828007
0.040566562537217264,0.40356064852057255,-0.6339758756263849,0.0829996072018152,-0.7684728828641889,0.09403184479734789,-0.7998723032537353,0.07186156378450946,-0.2568147343091526,0.053150654939256976,-0.6036444315324228,0.02616012159214982,0.002173534199818427,0.07984029886726449,-0.8225096544750602
0.04130694595976792,-1.003522175795998,0.4034414476856834,0.07329335834483187,-0.6438148045235074,0.08755277426373012,-0.7123517612230029,0.05894882275257385,-0.1451588487858854,0.05684202370965791,-0.6918277549164757,0.035527948537873714,-0.0927148078560326,0.07787005882537092,-0.741553165546013
0.04726957823638305,-0.8662040786782946,-1.0033646442523732,0.06316277428916627,-0.7623132465203046,0.08317448579929965,-0.9866065600075863,0.04309192074644956,-1.1444303476015025,0.06298839958726461,-0.9323619234357859,0.05532633190082177,-0.42709803352581605,0.07040903680217675,-0.7325045790785966
0.04064369439152175,-0.8487639976314075,-0.8660735536214036,0.056226369961320445,-0.7677824946190187,0.0692736778476191,-0.2563307018934951,0.04311764301807611,-1.1453721752424337,0.06551264304667109,-1.0250690358469539,0.07004983933191325,-0.6081892485565366,0.060783546132295155,-0.8424264098148093
-0.03647349526256387,1.0047922474967925,-0.8486369025326015,0.03676803075599785,-0.20059280160771714,0.05633713074005777,-0.1446877057979648,0.017179077758213597,0.417319078616059,0.06019576369129835,-0.7674722462876358,0.07646333497528374,-0.7578052730318254,0.04380914104129737,-0.3138950583600378
-0.06401877398445867,-0.29869226079100025,1.0045548018453603,0.010238549863515772,0.0024528699957788174,0.040450994769787994,-1.1438438498545098,-0.019933853736888836,0.6977006340859891,0.048826094958734655,-0.49962887853546006,0.07441337566298567,-0.7719179114067802,0.023200914431082145,0.06446249488872448
-0.032360408933838625,-0.19053939337224327,-0.29867334884776875,-0.0019419152044856743,0.01507985459228848,0.04047676446328586,-1.1447855687719353,-0.04427958472766023,-0.6513161175253931,0.03910427911079526,-0.44393464049970527,0.0732369490983799,-0.8012897110561306,0.005005828013905737,-0.14200414592932556
-0.012570580841550213,-0.5026204443203972,-0.1905417519610136,-0.010940689182294941,-0.12332079581426092,0.014490378570710899,0.4177252897952813,-0.036308335196713726,-0.3330855793800851,0.03544977620654118,-0.3973972592795855,0.0735608300797737,-0.8193830350005133,-0.00259632204570804,-0.21252502002974247
0.05394219669673456,0.7259511325889214,-0.5025614256184882,-0.0098262099377996,-0.06923112892691369,-0.022690974745264405,0.698074478339088,0.0030298105896394605,0.36835815151169776,0.035368171265940225,-0.39797406047486106,0.07158121852685473,-0.738506582725048,-0.0007886397723385335,-0.14671829436014294
0.029639974696537567,-0.3839678557143865,0.7257685268968876,-0.01166408172459099,-0.13614374839961335,-0.04708158980144813,-0.6507865443212026,0.02370597250978046,-0.0524715083263612,0.030356532361577187,-0.46339917066007297,0.06408470790904046,-0.7294669420331967,-0.003310847084953999,-0.2223065547945729
0.009786442751666971,-0.5009453629406879,-0.38393217253508805,-0.003937618556516657,-0.18149307018860786,-0.03909564438457811,-0.3325927423452948,0.031161691536001103,-0.4728020572559542,0.023308304575360036,-0.5630868239851232,0.05441343327881922,-0.8392800998809961,-0.007725488943308725,-0.3297067767781599
0.06809885664835551,0.5103240411949935,-0.5008866736786998,0.018129034594286043,-0.3095034764747463,0.0003150256529197185,0.368770014684354,0.03588271705663439,-0.1984880014527699,0.02229746823591568,-0.588931661229046,0.03735828887632775,-0.31127127455406434,0.007235321156071297,-0.14656685589649002
0.05117656388708198,-0.5780217716175982,0.5101838430974824,0.0320816115189397,-0.5636753279209992,0.021029306379370186,-0.05201106505902746,0.04306483399264901,-0.18563852473696185,0.020225378051646956,-0.6347333407879706,0.01665203856403314,0.06671222007604861,0.023715925663260824,-0.4426289936036339
0.057456991342575155,-0.8578477114395426,-0.5779479236616569,0.043777810875365454,-0.8438027558858768,0.028498770853636557,-0.47229309151073545,0.05896221919858101,-0.9667150256487819,0.017542048194066268,-0.717815919903881,-0.0016295933751816274,-0.13955029999484458,0.03656579510389631,-0.6789268313029485
0.04260217459658191,-0.6323856826812809,-0.8577188298377075,0.04188376892799131,-0.857745082106186,0.03322850011039351,-0.19801070220845182,0.050459472995081335,-1.0066857388406565,0.01768824637660763,-0.7160186084016957,-0.009267903309524119,-0.21000145448605737,0.044459173245307015,-0.9644545898845633
0.01438097518638649,-0.2809190475042203,-0.6323011429208816,0.03933516850270268,-0.7736219489887566,0.04042385807854133,-0.1851627088215414,0.038188717471076966,-0.48133525580460934,0.015754416218694483,-0.7249059310579661,-0.007451622736457581,-0.14425978783983517,0.03879928407287937,-0.8925716785875201
0.00906936849585603,-0.8833226797167162,-0.2809036310365228,0.0392154007713985,-0.7678067658085362,0.056350551883904525,-0.9661490431553229,0.022052199173483177,-0.6218260835976781,0.013010867313560586,-0.7421340153788701,-0.009985827010425932,-0.2197733188548537,0.03585631752987427,-0.8137849831327009
-0.019315240452470437,-0.27662222300311035,-0.8831887879275331,0.024615255794716243,-0.5897631164315833,0.04783212992119569,-1.0061151421737766,0.0014037059824909854,-0.6184271933336664,0.008704601165769989,-0.7323056269069733,-0.014421467256778587,-0.3270673609080208,0.0316928388662184,-0.6161361556659706
0.002748540760100256,-0.4428272548079904,-0.27660765159616096,0.01652667303703661,-0.6430196319630802,0.03553875189331961,-0.48082530499670856,-0.0024755296551019976,-0.7355137108315153,0.01152153789774114,-0.7862896656847483,0.0006105044238371981,-0.14410849909398762,0.022343391827179093,-0.7037933372870181
-0.01981895078539591,-0.4295822819335137,-0.44277999569213183,0.0036198308262604235,-0.7818346240909856,0.019372484127818244,-0.6212999146892799,-0.01210933402994168,-0.8089320952248499,0.014695980587149507,-0.9160948527753562,0.017169499463936533,-0.4398779385496649,0.012186305431836849,-0.6815281031534787
-0.04018013185655523,-0.48759682020106376,-0.4295376277196436,-0.01020669962827068,-0.8549082783955594,-0.0013140768591009587,-0.6179014167892735,-0.019067450219814288,-0.4961634929641806,0.014134366072236356,-0.8933538145489768,0.03008048972770891,-0.675942163249845,-0.00178230512477023,-0.7352588938686464
-0.11131784850504386,0.8475630771066841,-0.4875407562102525,-0.0312012658385274,-0.15389500994663025,-0.005200464299454499,-0.7349744179534407,-0.05710681378492749,0.4714374388404876,0.007042311868264851,-0.5652657452378697,0.038011412979718794,-0.9611876382664986,-0.023803118408929572,-0.26714817729175294
-0.11776932935569258,-0.8533498930887381,0.8473565538725693,-0.0523862169929202,0.07755209559783165,-0.014852029665159227,-0.808384327012441,-0.08977173888494736,0.289856514241388,-0.0052900541710694995,-0.35318666096366924,0.03232460235982583,-0.8893757931402596,-0.04270941223039652,-0.011370725611310872
-0.19240717204833085,0.9395982637639937,-0.8532218960773115,-0.0812965115496262,0.772905664679391,-0.021822973916852253,-0.4956518304015395,-0.14053708495753214,0.3632601896247999,-0.02123753745656386,0.07503543012008176,0.029367637500463985,-0.8106669891989485,-0.07153397443523264,0.5501749309542914
-0.13030588671782276,0.6099517360932926,0.9393736398781827,-0.10351963110808536,0.44639413558483887,-0.059932467283496056,0.4718374026580945,-0.14686929985113364,0.17742265217284367,-0.03129900465122334,0.1954700116572982,0.025184355114738318,-0.6132135648548599,-0.08741302804013092,0.5171691591599724
-0.18386224304306722,0.3852643602522435,0.6097919441179381,-0.13091859682241025,0.20999242325282685,-0.09265761380941741,0.29027743955327745,-0.16891025678006324,-0.05232811021147653,-0.04939491574410677,0.3105243616213034,0.015790437125893585,-0.7007840852635427,-0.11411079707715885,0.38475100583142013
-0.1422884376164006,0.07018533319130497,0.3851487577665652,-0.1479730092897466,-0.44688678953715727,-0.14351655144902747,0.3636726413003464,-0.15219643974104305,-0.2545449791841336,-0.06328962199470947,0.28262545455307986,0.005585038217803738,-0.6785408633844234,-0.13163208929222273,-0.04296979807844444
-0.09920022299502133,0.11000645138900246,0.0701316976112499,-0.14594908986385224,-0.36241592333756223,-0.14986044048573016,0.17785655672119274,-0.14182318554312962,0.26357799642098156,-0.07454078348822736,0.13124850630674842,-0.008450014490549917,-0.7322185338032439,-0.14007589264401857,-0.4813413443977106
-0.006844109248958121,1.4054970237164925,0.10994498415002618,-0.12742205190496525,0.5917254813015672,-0.1719420323725061,-0.051867683497857184,-0.08279039602123682,1.2420959762768757,-0.0780920283329214,0.026334741066900823,-0.030575570491379607,-0.2645706092243274,-0.1251291907211786,0.2837453718075871
-0.04962594002754643,0.1019501431862791,1.4051807710581885,-0.10357433447046688,0.4970451762613731,-0.15519740155107972,-0.2540612087864121,-0.051888896838684716,0.4051279932518669,-0.08268902147376557,-0.06743724476168733,-0.04957179271610189,-0.009046028827769332,-0.11538014818137561,0.4691923777132958
-0.0006124147927382466,0.2658114313899319,0.10189026038944968,-0.08191257103142635,0.7944286896714712,-0.14480502310423185,0.26400195529491655,-0.01901139888811427,-0.3064852839616954,-0.08338436964388324,-0.08825500352473262,-0.07853345989127714,0.551944462416565,-0.08794072572483494,0.5333122473359845
0.0054033601994054135,-0.8648067005034943,0.2657193218305784,-0.05030090497198292,0.3670479422494367,-0.08566340006292748,1.242406976154234,-0.014927058653445882,-0.17889133101389326,-0.08160907337677838,-0.0429388137129355,-0.09448804273259682,0.5189713213793139,-0.06852526614342444,0.6740481372662309
-0.03617273127056304,0.07024544428997286,-0.8646764502703588,-0.03257716534260579,-0.2783848678239784,-0.0547049305264692,0.405535611756042,-0.010440623145834113,-0.45989406322693593,-0.08440440916135707,-0.10539618596207123,-0.12131280057888856,0.386684081656405,-0.04739583088714125,0.09255009808578199
-0.029610971709445048,-0.8504501341731034,0.07019179688780823,-0.020954175558517852,-0.8235401909846667,-0.021766819248282235,-0.30599551763458843,-0.020111190054495885,-0.4641826271921697,-0.08510767462685413,-0.11987726854163204,-0.13891743339189036,-0.040613861254110366,-0.03127544974328474,-0.4739258165008683
-0.09596854558202694,0.7218700800317606,-0.8503227074601468,-0.03583998613809411,-0.36600169351910977,-0.017674949077694953,-0.1784162939868002,-0.053917141169020945,0.05348094100340428,-0.08911441287345384,-0.1422059483960525,-0.14740139996975257,-0.4785520168463688,-0.030813104666458112,-0.5036300793862112
-0.08093889544126942,-0.6277884699186271,0.7216882769643921,-0.0410699628106368,-0.2259378621636537,-0.013180242326764667,-0.4593865875657865,-0.06884595942368313,-0.01101283743650807,-0.08693258863784804,-0.15219349815075078,-0.13238360357167872,0.2857783056309503,-0.041413593278609974,-0.4229911780595828
-0.09533877651142147,-0.6443481346944301,-0.6277048342966342,-0.05689142250736014,-0.2198302661776997,-0.02286863800211524,-0.46367465646410044,-0.09076515822805044,-0.9686417453931823,-0.08532162055376001,-0.16714939639486004,-0.12258818939303677,0.47104197159731825,-0.04795357304613007,-0.2674101615797892
-0.13153139457964286,-0.0713120233968302,-0.6442612422666958,-0.07976264509534225,-0.29952711866358195,-0.05673691415102623,0.05392915324115295,-0.10262481426824198,-0.3288778383266473,-0.08094950653245837,-0.3122140414491229,-0.09501825042855082,0.5350984498864573,-0.06668370543012102,-0.13845644288799952
-0.05151869897652761,1.0809290571787524,-0.07133783055103471,-0.08232577118993589,-0.3899272131802495,-0.07169325534411755,-0.010557180110730369,-0.09281363713982872,0.18103245152899014,-0.07529099041083784,-0.3529239717777652,-0.07551044058033962,0.6756952029813751,-0.07482735049724336,-0.45097151069100677
-0.027447968017074983,-0.3900548711177357,1.0806766376252357,-0.08196450031325624,-0.3707366858983844,-0.09365286463167363,-0.9680755404813994,-0.07017311030555697,0.7063395450725725,-0.06405727688127269,-0.565062712292535,-0.05428050247605102,0.09477205480393497,-0.0735791283447147,-0.4033807578190578
-0.07578539497358626,0.24803354840604688,-0.39001799079906385,-0.0785934545123793,-0.39519818716589894,-0.10553438526807211,-0.32838548702867226,-0.05158268800871186,-0.3980066865214556,-0.05928101122540665,-0.7002082785699717,-0.03808344421346232,-0.4711438202214882,-0.08018514576021568,-0.5528967554587156
-0.05862328157777593,-0.5717157310392134,0.24794493524062133,-0.07486623878337943,-0.3743973792733902,-0.09570512014237627,0.18146593936622965,-0.05395195561057521,-0.38576400817215895,-0.05636676483893036,-0.744170464130178,-0.03761889997719679,-0.5008187163466131,-0.07484228607819163,-0.5538457128366412
-0.08436343220233869,-0.34615778039878625,-0.5716431232985445,-0.0730331063322534,-0.40720234226080304,-0.0730228529763895,0.7067123920596662,-0.0729323761232959,-0.8009169957114852,-0.0619342225848377,-0.7779408966348098,-0.048269810159203605,-0.42025953769442503,-0.07533222288485919,-0.5498632194974633
-0.10279149276292397,-0.5384278773623153,-0.3461295333646053,-0.06823288820890286,-0.6823820695023742,-0.05439815716642906,-0.3975063550682996,-0.08193848895724914,-0.47026864879110125,-0.06575258627940292,-0.7388804527433904,-0.05484089755381174,-0.26483233450476606,-0.0763984576068084,-0.5245286025262278
-0.15344662940038745,0.3089773088344548,-0.5383618163769366,-0.08525717388727208,-0.1859815114019521,-0.05677179277687928,-0.3852650899997911,-0.11356059802481026,0.02462203353906849,-0.07672917894739074,-0.6751992656592499,-0.07366012042343456,-0.13600610434721963,-0.07953379558520147,-0.3390285310980532
-0.17040336844320592,-0.577116012821586,0.30887670979905235,-0.10913398141196388,-0.11978472637930322,-0.0757872058078435,-0.8003701527529983,-0.14225357618314688,0.0029602142530244556,-0.08935566349180152,-0.6501145770034706,-0.08184250100395155,-0.44821220790842503,-0.09654222019378193,-0.04206464817700226
-0.2004413968908661,-0.23314585377396052,-0.577042343002128,-0.1299543726368044,0.19237975171862962,-0.08480992241342732,-0.46975997549965853,-0.17481829773829885,-0.4114788471435496,-0.1011534813773928,-0.4838517981291433,-0.08058834164203935,-0.4006685050586758,-0.12129180065675998,0.0465005974277792
-0.21970461279593684,-0.5164676173465242,-0.23313983290778814,-0.15685862340209566,0.14437263432637512,-0.11649033035944077,0.02507357721609225,-0.1969143028429715,-0.3733379947886191,-0.1148060556542797,-0.3535883828561769,-0.08722578079485503,-0.5500366855157166,-0.14188183280336508,0.25121940385329317
-0.23039661224603927,-0.7418462169634586,-0.5164058753073241,-0.18124949021599715,-0.03455556923936589,-0.14523620721730798,0.003414258545694481,-0.21692111490363694,-0.725372720849063,-0.12446071403495637,-0.1662243944697245,-0.08185750762647778,-0.5509847047184085,-0.16645685797307397,0.11953187475017649
-0.22869074232439757,-0.9781348814419901,-0.7417401494909148,-0.20227753211103064,-0.5092875045373286,-0.17786096546197117,-0.410976960479578,-0.22634183145603368,-1.0690620989109618,-0.13507228974359078,-0.051975087098287784,-0.0823497748335472,-0.5470061486231007,-0.18710527449458536,-0.1501237606729699
-0.20811162830902175,-0.48186631251455636,-0.9779823428427955,-0.21140783186457854,-0.8100878026711916,-0.19999770701193048,-0.372840511061026,-0.22247575175855794,-0.8265325631919945,-0.14317166501350373,-0.004089459483892665,-0.08342108113573028,-0.5216965784145026,-0.20217306745087976,-0.670464310264058
-0.23677270437447737,-0.26935256973673116,-0.4818113755483912,-0.22249302245443187,-1.0704155297085292,-0.2200414038579229,-0.7248345986352749,-0.2246020791382614,-0.7400488817230151,-0.1507301229964179,0.10070160665492539,-0.08657133245148735,-0.33637989938825563,-0.21409424509711286,-0.8644364014797093
-0.23580780421933537,-0.9976185485748374,-0.26933942805971994,-0.22840001790969053,-1.1670052317301955,-0.22947948855006162,-1.068484301588408,-0.2269755083901265,-0.6854732655593017,-0.1639658140135823,0.060686988328279706,-0.10366065818650655,-0.039709606218170136,-0.2234514348841154,-1.1260727003221342
-0.27262684171828183,-0.05484043680099498,-0.9974621781034497,-0.23723923538583827,-0.855517259572392,-0.22560628130426555,-0.8259827632016912,-0.24849032685826755,-0.5139846582716047,-0.18157462388853524,-0.04886857539315535,-0.1285279608362491,0.04876808042777252,-0.2337787605325126,-0.9488381659027822
-0.33755344565084433,0.6842429820731549,-0.0548694834385176,-0.255136866944595,-0.07363725437457576,-0.22773652880521061,-0.7395090653099992,-0.282099133821217,0.598023929543767,-0.20037487272780138,0.08093378761461231,-0.14921593014237394,0.25328449408146114,-0.2506389915262438,-0.2705018595877015
-0.3404795595471124,-0.9460487849541471,0.6840685791645651,-0.2738081452893321,0.2244665289301677,-0.23011433373812765,-0.6849397492930038,-0.31700553334488374,0.11879133743836243,-0.2206178632265346,0.039312669422354146,-0.17390784722090116,0.12172715626118447,-0.2663881837329465,0.03764662593391887
-0.3646462867032341,-0.3875306683412111,-0.9459025567594609,-0.2999529981475017,0.24928762578805766,-0.2516688171692893,-0.5134709384540205,-0.347692584503365,-0.73670332849035,-0.24074785004640595,0.0302960849869698,-0.19465447860911594,-0.14766188737958227,-0.2858388802530219,0.2829692243113002
-0.3639394525289369,-1.0044043472624744,-0.3874942844600098,-0.3211927411734641,0.1311805285713892,-0.2853395857094338,0.5984092803616495,-0.35649190667998143,-0.777362978218106,-0.2595035637966669,-0.04603143545189401,-0.20979394201409463,-0.6674880085800223,-0.3081326361431131,0.1516939352620267
-0.40933877659226375,0.17077665971639805,-1.0042466422213099,-0.3501763655386181,-0.11149895816896971,-0.3203103390666381,0.11923201031863459,-0.379455382677284,-0.3309580940696913,-0.27788180373379445,0.06523010625281116,-0.22177182313065208,-0.8612683316338553,-0.3328210761453572,0.20001675424272827
-0.4408638979973326,-0.1940430111375817,0.1707032407401092,-0.37827578535291895,-0.2417760728594351,-0.3510539652202193,-0.7361638982841734,-0.4048727685063467,0.13016190357091711,-0.29730634864545147,0.20808816378819397,-0.2311735206960933,-1.1226459669140143,-0.3621577528354585,0.0512005405796729
-0.42612390323398786,-0.6354049061241289,-0.19404468066636152,-0.3930690688649969,-0.26452492343538225,-0.3598695099268682,-0.7768188543084624,-0.42561031392796717,-0.7037743897613511,-0.31351492439387146,0.27189468080549073,-0.24154996860579817,-0.9455866532734009,-0.3841180544465963,-0.30935898009629004
-0.42522197776887377,-0.9992744567559428,-0.6353197725700522,-0.4072229826242947,-0.4810885750105386,-0.3828753216486207,-0.33046550262937224,-0.43090711404610305,-0.9584187748683433,-0.3282752344939209,0.30173469701681094,-0.25849039583820527,-0.26792097594283804,-0.39666049264122194,-0.3963504420851583
-0.38790604023059566,-0.04177453937528566,-0.9991177606154462,-0.4111078911789169,-0.6246294217156523,-0.40833956725809395,0.13060126384603812,-0.4132464936109654,-0.483939974024031,-0.33958760219111533,0.2369980255863211,-0.27431449959135296,0.03992286230573763,-0.40344563764581853,-0.6299346970508192
-0.31652458249392124,0.8539722053107193,-0.04180615569585008,-0.4031885280610519,-0.10849457418060586,-0.42911534465334256,-0.7032387608342042,-0.37669682779810765,0.7333450216912217,-0.34589585122083094,0.11021880421154585,-0.2938577139838772,0.28500292546349787,-0.39656102938007526,-0.25836956087615526
-0.31381298804912255,-0.951689535461008,0.8537644215869861,-0.38723354587856673,0.2560139409300698,-0.4344219100121717,-0.9578537500845871,-0.3395436655767583,0.2520499803004435,-0.35348735010933696,-0.10624996717963826,-0.3162575108510468,0.15385742014092127,-0.3893896068928529,0.013651127517095194
-0.28029635678331394,-0.14167661648461635,-0.9515421978943094,-0.3604151097449736,0.4404192395040629,-0.41672873025716256,-0.48342972253043764,-0.30365751280074277,-0.5433145079067182,-0.3566132300383895,-0.21414004644013993,-0.3410633822234596,0.20213246535111937,-0.3709279475512795,0.38364657690383486
-0.3046362236144413,-0.38297799163587604,-0.1416885849643151,-0.34012390049894675,0.22267903179775098,-0.3801116810664237,0.7337147511969777,-0.2996929303455381,-0.6474323990105328,-0.36155650485169955,-0.3863090084760242,-0.37053959977315354,0.05346337703771659,-0.3514383183186933,0.25259508932738894
-0.2865736051143187,-0.5480371108078738,-0.3829425031341304,-0.316966464699974,-0.31146325337044173,-0.34289002285437886,0.25247526995537617,-0.2906090205503617,-0.8180328773464494,-0.3625581649919227,-0.4211333064919354,-0.3926043562752152,-0.30673968082922654,-0.3314733326286035,0.06671582817392827
-0.2797122992973861,-0.8425736190937461,-0.5479691599649962,-0.29889564596953205,-0.9855699615080405,-0.3069377099606324,-0.5427974022848332,-0.2904142464789349,-0.8093605185892755,-0.3584039989591311,-0.33587542912429136,-0.40520645298622815,-0.3936451397613924,-0.31065575869578527,-0.4310949287296175
-0.2877273045269613,-0.8122372999299062,-0.8424477414628438,-0.2940858447224102,-1.0737391007890864,-0.30296581835630754,-0.6469032741383665,-0.284775385419115,-1.1204632946252402,-0.3546153184129591,-0.27720387587585593,-0.4120238717543599,-0.6269984644786667,-0.2963235282976884,-1.0767301282636903
-0.33858689429874206,0.3143533673369804,-0.8121173885730659,-0.29822365126482575,-0.805213783779594,-0.2938651613621417,-0.8174840585501599,-0.302121006949259,-0.11532785962243144,-0.3527437261367546,-0.2798631663421107,-0.4051065166248355,-0.2558006716816685,-0.299479908079091,-0.9009475578646354
-0.30763421266974783,-0.20909521239449189,0.3142517109868054,-0.30278969578774895,-0.84026744579415,-0.29367002820303056,-0.8088127009201634,-0.3114325300109338,-0.34482538867170964,-0.34869986930407865,-0.2642340945523545,-0.39790098303263216,0.015951086748189607,-0.2985959317372729,-0.9185250773228871
-0.3303992037423173,-0.4243890672864862,-0.2090939215918799,-0.30709270019291446,-0.7398046317877407,-0.28802077127509096,-1.1198795636074348,-0.3256629435334819,-0.6941360380413687,-0.3430304088446956,-0.334038367974458,-0.37935151020621033,0.38558074460912045,-0.3057639753462627,-0.8747491658706086
-0.3738504165120237,0.11955142260322259,-0.4243454344273057,-0.3216699153306418,-0.41797742918195935,-0.3053983713895572,-0.11486016028978561,-0.3374227787548791,-0.052962216747007636,-0.33821748333965546,-0.4922775408565498,-0.35976917791645835,0.25465881950075236,-0.31566621410440915,-0.5260916494688523
-0.32620909604842446,0.22972955300690726,0.11948807814526437,-0.32943593930196186,-0.6020092012962021,-0.31472706128061767,-0.34433119640676013,-0.3436172129486193,-0.3174890085885516,-0.3310415761464141,-0.6693058888446899,-0.3397092281207072,0.06896332563055485,-0.32133672875024927,-0.5924766627110574
-0.3445493530783857,-0.540736655454368,0.22964453970646165,-0.3389265154703121,-0.8214511822156729,-0.32898371015472017,-0.6936015217545222,-0.3483360672804087,-0.4030654251068955,-0.3252476474573574,-0.9021273972601217,-0.31879263471844105,-0.42835527668937756,-0.3306127451283387,-0.7322315242437287
-0.25813107533632174,1.2493626908166802,-0.5406701403993057,-0.32548856140995175,-0.301941878612672,-0.34076522594153213,-0.05250171683285498,-0.30974547000757385,0.3800899987686601,-0.3159271760445684,-0.9580608786874737,-0.30439223259896087,-1.0733521767926197,-0.32637851345535807,-0.48106064064807375
-0.24920889739623917,-0.7883833561893615,1.2490771452529152,-0.3157302031863607,0.026737831969869157,-0.34697108026431467,-0.31699797200405744,-0.2840671034879896,0.6396435125067024,-0.31109254619823057,-0.8656429340028676,-0.3075636258037498,-0.8977433917056369,-0.3135915079583343,-0.2073715463302396
-0.24647289599233202,-0.9510477588481221,-0.7882681362113613,-0.30171259846187254,0.2079643591842815,-0.3516986343293994,-0.40256450967874235,-0.25136013316737643,-1.0562328628938724,-0.30625616343780004,-0.7892718105025281,-0.30667544479962794,-0.9153035333618826,-0.30484136676405077,-0.01310301392970505
-0.28216954829089674,-0.08435335436897713,-0.9509005475002682,-0.2863998055370377,-0.21144760507167965,-0.3130368909943267,0.38050050763028537,-0.2593765893571478,-0.5546924294063832,-0.3063906965344686,-0.791006520901844,-0.31387758344185424,-0.8715709004349761,-0.29794131428190174,-0.038932509818832804
-0.31339603852883363,-0.20189546412412937,-0.08437659667164871,-0.28425973312783626,-0.28246514342923607,-0.2873111835473747,0.640024058807523,-0.2807820008326697,-0.05863988234481832,-0.30701982869841943,-0.7879124437173701,-0.32382692252164924,-0.5232580800696729,-0.28929231239798764,-0.3707089701208119
-0.2590008830964176,0.40732043235443405,-0.20189558930317045,-0.26997119036763007,-0.7152921037593839,-0.2545439142858152,-1.0556565465636532,-0.28495988933480837,-0.2840758860112,-0.3050395486995019,-0.7526733629091152,-0.32952440915536557,-0.5895774625714865,-0.27967706235608053,-0.4463676823250603
-0.26070712562703546,-0.9781250837557816,0.4072004920791189,-0.2704014494329199,-0.7208453843177521,-0.26257514970501833,-0.554174010330252,-0.2778025057798601,-0.1519587857483182,-0.3036745922301681,-0.7283916891525135,-0.33884454720792645,-0.7291941571506887,-0.26768204053350997,-0.8486164860525671
-0.30498265783707457,0.1412267544625058,-0.9779725470835076,-0.2797169376131824,-0.6687053349323698,-0.28402002443959,-0.058178727007441935,-0.274996774407042,-0.3287969783730078,-0.3049138761504217,-0.7304216694469667,-0.3345901752738793,-0.4782715906110988,-0.27438493681384185,-0.7464701236527701
-0.4058425414155874,1.6291021264894245,0.14115914709547298,-0.30633529786894276,0.18053901914090234,-0.28820561534429306,-0.28358870659936547,-0.3239661795341067,1.4309033408294336,-0.3097441940535072,-0.5427809537514081,-0.3217423479681169,-0.2048530757059944,-0.29679397859712475,0.0598380975014835
-0.378605205208472,-0.30678955399414587,1.628741897193165,-0.3224422487912142,0.3673975811932993,-0.2810350363559531,-0.15148685778345097,-0.3632833521185889,0.6221186862504877,-0.31484134902198396,-0.4528789480071809,-0.31295058644182694,-0.010776604540270176,-0.3156976978886234,0.14150878975070819
-0.447943261491846,0.8002413305370313,-0.30676904954820666,-0.34491469919248147,0.9511236078512426,-0.2782241323049963,-0.3283046364094134,-0.41095848598533136,-0.005934302234966248,-0.3232833935325745,-0.1831685504860985,-0.30601771363497776,-0.03658056441070414,-0.3394143782285799,0.6186701365048308
-0.479606008988599,-0.19042415773707486,0.8000441141178795,-0.38176077925791974,1.086249168177113,-0.32728381798201694,1.431192545000545,-0.43555745312113325,0.6032118799787108,-0.3308787874301822,0.09759636032562105,-0.297327572491486,-0.36802901792816073,-0.3631934724081832,1.0807193124391943
-0.4750909351710064,-0.904267368769287,-0.1904265389893522,-0.417567757809502,0.5652422879424109,-0.36667347615121126,0.6225012555972103,-0.46773394073098246,-0.6544980007779,-0.34157151947257813,0.32501658282822854,-0.28766658719912025,-0.4436129310617076,-0.39410873991797346,0.9491041206173844
-0.4590864221075114,-0.6021546241862988,-0.9041293577672768,-0.44330659598803046,-0.25517125743860375,-0.41443650443475427,-0.005479231169484478,-0.471450011176045,-0.8855572808640906,-0.3497976012785736,0.46560171754886914,-0.27561451066399184,-0.8454640563747526,-0.42249018996723586,0.3232464689031268
-0.5168303620004945,0.4953761192113526,-0.602076029998241,-0.46184408965243046,-0.0794754189432449,-0.4390808225049938,0.6035966319055279,-0.48386375291730715,-0.192454275251917,-0.3683774506958077,0.6285682652041535,-0.2823492894891191,-0.7434186797406452,-0.45279851921547515,-0.16478081539533196
-0.5113487923574525,-0.878853534359686,0.4952388609365249,-0.48401529179691116,-0.6505713459510133,-0.4713166310518552,-0.6539680602607457,-0.49595518335963557,-0.1173629535653299,-0.3872044054873466,0.6664378117738518,-0.30486492061059184,0.06209239454335078,-0.46789293906732926,-0.17365863084656571
-0.5018218717864694,-0.7724817571576392,-0.8787205215217653,-0.49301424674277333,-0.7994974388736766,-0.4750395524864812,-0.885000667127879,-0.510206789971621,-1.00167060742371,-0.4055436347147519,0.5911096108034777,-0.32385855605951,0.14368234405051955,-0.48552112774307815,-0.7640837646729202
-0.4396131438716581,0.6127769195799895,-0.772369664562936,-0.48633452747430156,-0.5448791349037599,-0.4874761803426248,-0.19197767253405146,-0.4844560508379256,0.140670665672006,-0.4168512743117459,0.459853836155065,-0.3476880455631043,0.620371951010611,-0.48432936619670347,-0.7040849836821815
-0.4325173535493086,-0.8364078910736474,0.6126165719729889,-0.47922376977653247,-0.340628481617819,-0.4995899026830732,-0.11689501930376661,-0.458166994258662,0.11048798962192419,-0.4254065978458873,0.3601966084487583,-0.3715802457798095,1.081964327615837,-0.4775925526987867,-0.5279273602643985
-0.3814297322448416,0.32034941559633157,-0.8362832260626073,-0.4662533340229458,0.18229671227969146,-0.5138677837184327,-1.0011005896978655,-0.418018091537107,-0.12214929588328985,-0.4341994693332198,0.08425184898843237,-0.4026425627679174,0.950479255561489,-0.4641927635092683,-0.07301806468291111
-0.3969322601011574,-0.6153542351886432,0.3202465799973818,-0.44622762045708664,0.14172346474881214,-0.48806957023039843,0.14110881282764773,-0.4037846818054054,-0.3242654006751215,-0.4439831935870035,-0.28846685349144485,-0.43115901011009733,0.3252403504446264,-0.4553005793165008,0.1046714755107642
-0.4002570809914955,-0.9355648560447456,-0.6152730450199614,-0.42767277466625553,-0.15842107445850084,-0.46173204684865604,0.11092962103117271,-0.3930263835508391,-0.9122883721445988,-0.45082582720361775,-0.5685292550349148,-0.4616115019150158,-0.1623044515820754,-0.43862283717942513,-0.02890058882204895
-0.47283596037907377,0.8854581928889785,-0.9354206897347851,-0.42283146733866456,-0.45652408475902423,-0.42150912515528743,-0.12168080909184296,-0.4235089364440611,0.2840538885285223,-0.4556373118131688,-0.5882918176447378,-0.47677771886725145,-0.17117349008844365,-0.4331129375253705,-0.256446228455775
-0.42352709635872027,0.273577311793079,0.885244216784753,-0.4201447310617936,-0.49334545901472104,-0.40724947454818633,-0.32377358183167426,-0.43237789996498355,0.0715066917875572,-0.4588636136088641,-0.6774898634140427,-0.4944897565974403,-0.7610149072476441,-0.42191157076308733,-0.6281827689244026
-0.43725807553903595,-0.6619367899342661,0.2734836749103028,-0.4209365395988579,-0.4785786622009612,-0.3964713421731015,-0.911728672601779,-0.44471715513850313,-0.35140488481346255,-0.45809620080089325,-0.6731668921993718,-0.49329232639839693,-0.7010754433260252,-0.42157463916069354,-0.6347718545810999
-0.4706742533636606,-0.14431802170634925,-0.6618464383282123,-0.4358424070724586,-0.48010743597623373,-0.42701009304610543,0.28447548368888825,-0.44399625953015864,-0.3950910282400996,-0.45745471981081487,-0.6818388950929605,-0.48652346902733307,-0.5250919760119446,-0.42703361681273905,-0.4768242715181859
-0.514394929055756,0.12663690182496298,-0.14432947069825597,-0.4554613478722082,-0.23871630568770924,-0.4358954074886314,0.07195282315324932,-0.47429926593375,0.1306272917688793,-0.4602775427775519,-0.6154650298121119,-0.4730599433034547,-0.07063242100324307,-0.44605649449469337,-0.27414694621874836
-0.4711321112686276,0.11459761032099043,0.12657216385875916,-0.4672990920301033,-0.5205536597080482,-0.44825741145275244,-0.35090993301900264,-0.4855957290622537,-0.36368870163821915,-0.46114266727644887,-0.6105473708036262,-0.46412546314652525,0.10688144857573836,-0.4566720143948735,-0.4215844222522265
-0.43727618434952686,-0.1327548981268029,0.11453524013422071,-0.46135979959800444,-0.4735935267322547,-0.44753518679309906,-0.39459103336720136,-0.4744579934173763,0.12960403664166364,-0.4554290657419174,-0.6902465990755242,-0.44736839278497287,-0.026558561351274088,-0.46196821138450045,-0.6305400555939454
-0.4579191719553912,-0.4801867679070388,-0.13276862124972447,-0.4671040594647089,-0.6191466880746418,-0.4778940601625303,0.13106659832011894,-0.45562420836644396,-0.6568013500659623,-0.4515917366395006,-0.7774491516943114,-0.4418322851134895,-0.25387924074062224,-0.4598341172877165,-0.6435018246325177
-0.5151569498806985,0.4820666810407639,-0.48013216125858205,-0.48011494554177325,-0.5395356202179141,-0.4892113495784098,-0.3631923318139926,-0.4703058060978055,0.19126656247894652,-0.45254946538376023,-0.7398905869168146,-0.43057763868483057,-0.6252482683748021,-0.47294328823898646,-0.5874397891024576
-0.5390641163109656,-0.39435577108082825,0.4819320403463785,-0.491537610158607,-0.28314755024735216,-0.4780530802779433,0.130043461316305,-0.5042504954613101,0.24043153033167775,-0.4596920598460291,-0.5808266447291697,-0.43023910445627983,-0.6318308398116622,-0.4875083316288132,-0.4584616154455818
-0.5294109884145524,-0.7691631581680676,-0.3943180448998831,-0.49404563404591895,-0.21115193661476683,-0.45918457304756566,-0.6562711436528003,-0.5280919023449682,-0.8402278259026552,-0.46665098566487456,-0.4966549395848698,-0.43572404791359054,-0.4740394097163108,-0.4959115961905877,-0.38756323047442054
-0.5688180674130592,0.013211650319417094,-0.7690517182455282,-0.5103614134132837,0.053463613063325956,-0.47389323793879934,0.1916988689021215,-0.5459870489545339,-0.5301664378206994,-0.48010926417374467,-0.4458044129347705,-0.4548374085337354,-0.27156245890307573,-0.5036977291702657,-0.125286210156233
-0.5910631173321022,-0.43806082667801144,0.01316921981023729,-0.5360473335512549,-0.07641173670399973,-0.5079005081160972,0.24085816120718814,-0.5633279056048465,-0.14112826807355291,-0.49405179235424007,-0.3628061997968839,-0.46550342150058227,-0.4188541726591824,-0.5208558495907766,0.09989539108162863
-0.6035786920127535,-0.6938956332958367,-0.4380145049803138,-0.5603757906377409,-0.40670760680123025,-0.5317858692875314,-0.8396764449468862,-0.5880616791566975,-0.6370430992729113,-0.5086544028397813,-0.3194813928885114,-0.470824810023944,-0.6276032245413913,-0.5446481827527971,-0.07444557007358972
-0.6941708136147313,1.3591131666224614,-0.6937989963122735,-0.5902751827270742,0.33703071682012853,-0.5497140075920801,-0.5296508499969893,-0.6298648669087562,0.7710122509709899,-0.5245507290219366,0.10726682265650071,-0.4686805650389779,-0.6405521790837808,-0.5784479001919155,0.2523574844965253
-0.699188691630362,-0.8910462225491773,1.3588060363234644,-0.6170196334681967,0.6170117400092031,-0.5670868340421286,-0.14065759037126044,-0.6659230612455381,0.6815982942793156,-0.5443488158133788,0.3090233714289504,-0.48185209018947806,-0.5845455686070572,-0.6047766944694014,0.4850282956409965
-0.7343522975790107,-0.09836971254942739,-0.8909108117631437,-0.6512494994137366,0.624976237688647,-0.5918662070590528,-0.6365151737296255,-0.709534021133923,-0.4808408861942943,-0.5656861993810379,0.5279581128082956,-0.49648641268327726,-0.45569490766153,-0.63271590919696,0.7361693676719675
-0.7319124796718184,-0.9588358507799929,-0.09839019824099525,-0.6784899805585378,0.4450257699025465,-0.633746463641545,0.7713776322148735,-0.7221202787155637,-0.5631232506443276,-0.5844483960976142,0.6836107723527157,-0.5049296476470412,-0.3848666155211291,-0.661687107608204,0.5300194353825843
-0.7285559955803611,-0.9347322778494412,-0.9586871077403529,-0.7014544224765265,0.03186847264274542,-0.669871135273828,0.6819739973681073,-0.731913817014424,-1.1722837576345002,-0.5998294990699905,0.8153141164308392,-0.5127528156222084,-0.12284889220674469,-0.6845402687479281,0.25330592700318744
-0.6385557287066941,1.3435504526781625,-0.9345882752834626,-0.7072963841683263,-0.3718727681182544,-0.7135624968218331,-0.480330992455856,-0.6999671538904301,0.6505219193857674,-0.6118539064079401,0.6898616753289866,-0.5299925492021703,0.10211008596470522,-0.6913348748451915,-0.046658865254094246
-0.6137636175991166,-0.37108630948706944,1.3432463831135955,-0.6938665512474176,0.11746738247536335,-0.7261719585705126,-0.562603858323834,-0.6605663492525213,0.9217543513239701,-0.6245292793326039,0.4093973081869146,-0.5538980513729445,-0.07205851510798338,-0.6927919974477701,-0.12987938509086602
-0.6455967751492521,-0.1859432559428244,-0.3710531597342792,-0.6849154806975493,0.20490245190664919,-0.7359835523475096,-1.1716940445217061,-0.6329007418164705,-0.6692644265638201,-0.638008333145597,0.12010402946254181,-0.5878585382705555,0.2544214495750309,-0.6858426752611412,-0.04228673585264136
-0.6363285589327924,-0.7792843417666743,-0.18594651845851423,-0.6685432839597598,0.07497404193985699,-0.7039779919935287,0.6509012098957383,-0.6321580153981446,-0.6819481233702447,-0.6467109093253045,-0.05413836562049364,-0.6143125663168261,0.4868622335363008,-0.6768494902468919,0.030597975489658355
-0.633000590292706,-0.9354820865295961,-0.7791709113008902,-0.652022745822908,-0.2589818041137443,-0.6645045475859068,0.9221023310721753,-0.6385732460624743,-1.0405400147515695,-0.6534574510876449,-0.1965177135213114,-0.6423846748305695,0.7377550179840495,-0.6623494468008865,-0.119552150065658
-0.6743794254035219,0.06505862369981683,-0.9353379364979985,-0.6429740247910049,-0.8914285410889404,-0.6367879355226258,-0.6687327814273598,-0.6481718114632321,-0.4409517738719144,-0.6638691215805892,-0.4130675233386524,-0.6714936756920514,0.5318088933317671,-0.6541183887476247,-0.4218223743062261
-0.734712439833057,0.5634553698542089,0.06500599639481636,-0.6590343854134618,-0.16754816027697148,-0.6360438398054624,-0.6814150140423298,-0.6809813028359446,0.5846789118458757,-0.6757836981473597,-0.47323047312965194,-0.6944555386381707,0.2553689544154806,-0.6549991702512314,-0.36116384258825385
-0.700751094021712,-0.12998292725988977,0.563304722365447,-0.6735632750210534,-0.2483060457945081,-0.6424708976617085,-1.0399655099857936,-0.7035750402170463,-0.17666419339659975,-0.6836615168922557,-0.5777223389819667,-0.7012824635009651,-0.04429928127811755,-0.663897249260989,-0.2768979042322892
-0.6674070745889275,-0.14621541367970298,-0.12999719554907865,-0.6772060917332937,-0.3030387788430025,-0.6520871590863595,-0.44044648488698607,-0.7012498698557488,-0.052567983410230196,-0.6882456877730645,-0.6867604176316359,-0.7027465169547319,-0.12743752615453469,-0.6715718358838716,-0.44729657471480005
-0.7061367774625343,-0.004599833411738785,-0.14622648950964318,-0.6888656540338964,-0.40786530050967595,-0.6849571384089913,0.58506580319734,-0.691720331689169,-0.5141687492934057,-0.6891050863794169,-0.6773919590504914,-0.6957641400904463,-0.03993147432951494,-0.6802330877489617,-0.4374799828147207
-0.7084365762736808,-0.962517627801052,-0.004638760918698246,-0.701465181665132,-0.7442588774574213,-0.7075925298602422,-0.17618941346772632,-0.6942833202736141,-0.43863834897105836,-0.6897692718370418,-0.6691092799972091,-0.6867281786983332,0.03288118042448289,-0.690549336110662,-0.5545344848552696
-0.769186640399189,0.5744216168207753,-0.9623681606626635,-0.7173001457004562,-0.4409143609690517,-0.70526307278853,-0.052107529005923095,-0.7282252196560531,0.024038175353276712,-0.6922710833128048,-0.5760160917421284,-0.6721591653227084,-0.11712050102532275,-0.7100330102998371,-0.5133465610406313
-0.785933141255992,-0.5826441882210898,0.5742688125893157,-0.7258551693337684,-0.10906353734499648,-0.6957159658574477,-0.5136550082245644,-0.7548360636835394,0.20690704495270387,-0.6961508611451888,-0.4383422467712373,-0.6638889559733322,-0.41909188946476195,-0.7259926203521304,-0.32001462006505327
-0.7717382082831309,-0.6497372081595881,-0.5825694311698778,-0.7377116340696291,-0.03920200935017115,-0.6982836795966774,-0.43813332704525493,-0.7759461716635057,-0.9496562273888054,-0.6992522187865854,-0.35490470606544205,-0.6647739269428904,-0.35849332707048603,-0.731289770893768,-0.2111676458330678
-0.7901497973081066,-0.5388609934373482,-0.6496492558574155,-0.7582124640955398,-0.3284038059221813,-0.732288154649269,0.02448978643022175,-0.7829370578681805,-0.9269563622541163,-0.7101397438489059,-0.27625809168478754,-0.6737143299556994,-0.2743106972152503,-0.7440797387825862,-0.12526096367658276
-0.8471571930124517,0.47600882185474425,-0.5387948472706001,-0.7817660850787316,-0.12493833237775677,-0.7589480587302184,0.20733754585646832,-0.8033543252043065,0.1538660964216358,-0.726902130564564,-0.1482159793773904,-0.6814254210001865,-0.4445409051132216,-0.7697959757987174,-0.0938475163334156
-0.8003800849166922,0.20700524377277799,0.47587537256555,-0.7971227449353688,-0.6235010995154401,-0.7800970855443652,-0.9490922141435094,-0.8129059447959348,-0.17128963521711357,-0.7380187077490756,-0.15614593207891095,-0.6901278703922893,-0.4347340182679891,-0.7832790446997697,-0.3169285059931151
-0.7821696733707243,-0.5441509191709316,0.20692469968483057,-0.7992912071160464,-0.6803143639456181,-0.7871008602260309,-0.9263949694552922,-0.8102446978001777,-0.05727717497138961,-0.748493054161234,-0.26449395904972045,-0.7004931883258217,-0.5516727957909117,-0.7938277876853708,-0.762365502986131
-0.8124113111233264,-0.2277919836135366,-0.5440837326292284,-0.8037136644953717,-0.6759542651929766,-0.8075557690674788,0.15430272031184186,-0.7986574875615963,-0.7237315034960297,-0.7613783783530917,-0.3997429565790421,-0.7200695372468046,-0.51052559191897,-0.8000117940550772,-0.8008934028137219
-0.8683640354255071,0.44827642646784877,-0.22778701569833354,-0.8198523781761078,-0.4530281359393863,-0.8171249981331751,-0.17081547572109013,-0.8213290758064569,0.31450893307079203,-0.775310403021365,-0.3336159419272298,-0.7361050597048889,-0.3173847862284184,-0.8118049012335692,-0.4973552832340126
-0.8660002550393835,-0.9608352437607696,0.44814843133643734,-0.8325211320287861,-0.3863521675289748,-0.8144588448323133,-0.05681617694339405,-0.8492852686386533,-0.12574387759198022,-0.7847395277333226,-0.2242679012986222,-0.7414274063158625,-0.2086454222409643,-0.8252906511027203,-0.4741288533585382
-0.9310666252973993,0.6879181125368132,-0.9606861074985236,-0.8465359181662913,0.21112794465237794,-0.8028502722816907,-0.7231935707424959,-0.8888549671614003,0.0657848413786482,-0.8012808485260132,-0.034793247376001264,-0.7542782101041323,-0.1228236706867212,-0.8454511415653484,-0.04838348498002528
-0.9390060466916785,-0.8142247633246497,0.6877429868366599,-0.86968961083799,0.4257418015965246,-0.8255636581234347,0.3149270125356439,-0.9124129772539106,0.18060638232985513,-0.8207871566748072,-0.03354680405764838,-0.780116767240454,-0.09144127986831298,-0.8585916441229626,0.2916903911955472
-0.9520201370646286,-0.6807872525650938,-0.8141044610914068,-0.8980585064341678,0.18187820102252275,-0.8535713913093891,-0.1252749758461316,-0.9410992676438005,-0.8929836442722205,-0.8384465629086588,0.012610346521409114,-0.7936639687985306,-0.31430172320582983,-0.8802862697308727,0.3885363842439545
-1.0087295123643671,0.4681724287592747,-0.6806931936198062,-0.930848116974608,0.16843474522716273,-0.8932140409765283,0.06623163326820812,-0.9669986304244456,0.07200864262109948,-0.860013678943534,0.13702215397136805,-0.8042628872242261,-0.7592983442994886,-0.9126994139835546,0.3977976082699775
-0.9939377180482493,-0.6340428461731116,0.4680405206613044,-0.9518217817764453,0.0670084364860096,-0.9168154828832805,0.18103991935203573,-0.9853174869380376,-0.20689023274815627,-0.8761553592431826,0.24532736269000124,-0.8104763080219425,-0.7977881539849236,-0.938669778543592,0.0909760570508958
-1.013361549686758,-0.5122442554388045,-0.6339579804967201,-0.9764344739755216,-0.3724341575638396,-0.9455546596430554,-0.8924261732451096,-1.0057738922942805,-0.9087754226371606,-0.8924893261293381,0.3579776259118279,-0.8223255094994016,-0.4945501236957346,-0.959414078887844,0.005074325278720636
-0.9563492709295223,0.4761372208548343,-0.5121833440123911,-0.9806572515808019,-0.5158191555721064,-0.9715017707822782,0.07245471604216139,-0.9883058979060604,-0.22261236582275928,-0.9057481402101765,0.2558271383465861,-0.8358754047776893,-0.4713466563492246,-0.9723400047630699,-0.5384055279435478
-0.9422220685067219,-0.6515181708273918,0.47600374631328096,-0.9811944004653086,-0.5390578276368635,-0.9898544001472316,-0.2064119635598661,-0.9710595345593291,0.09346151615568091,-0.9166700099062256,0.133462203813342,-0.8561317892708062,-0.04602219597961644,-0.9739359760153128,-0.5960650312265667
-0.9551209672732961,-0.6838161951975676,-0.65142986826152,-0.9817123097281869,-0.5542115012523642,-1.0103485191640937,-0.9082161286252146,-0.9516372077640117,-0.9932450287427628,-0.9244239959884798,0.10666163806667804,-0.8693347950574583,0.29371547027159034,-0.9762414827977709,-0.663407921897116
-0.9270941591858364,-0.2860305324755823,-0.6837215405471201,-0.9680773465911221,-0.49719062129565395,-0.9928483205835639,-0.22213228168940657,-0.9418810838179053,-0.7673467205495054,-0.9335246334479915,-0.06793727274703895,-0.8911326118597169,0.39046571770035726,-0.9726754080679614,-0.5362132010755799
-0.9267953704899301,-1.0151338299424342,-0.2860141107270517,-0.9568630454550553,-0.5136650100076879,-0.9755701616460216,0.09390511308155516,-0.9367365203908465,-0.6857597288328372,-0.9439116882751867,-0.3784593676259477,-0.9236999302903024,0.3997177857292648,-0.9609533695478393,-0.5678692756534796
-1.031962017730514,1.742347704656575,-1.0149740147232396,-0.959969747223762,-0.29485343316023,-0.9561120276290327,-0.992675983656086,-0.96236181346708,0.9300493348023947,-0.9596798765868318,-0.533341438736974,-0.949793823736482,0.09319956992567932,-0.9663933765507702,-0.31316891604345504
-1.047766400926508,-0.6074170031631798,1.7419652032398256,-0.9752384898588123,0.16520334224045544,-0.9463379171823141,-0.7668037529051926,-1.002604125907779,1.1167093467498617,-0.9725646006967668,-0.5281707202036996,-0.9706367950219679,0.007382763861608525,-0.9713155613968593,-0.07866543585829579
-0.9852413835496457,0.621093694264789,-0.6073373740178146,-0.9824236951890255,0.10656637595379309,-0.9411838691798502,-0.6852261794975467,-1.0220949606228262,-0.09415028085746587,-0.9811285292666111,-0.7271113939727439,-0.9836242034852427,-0.5355597845773551,-0.9754490575110898,-0.08119320057237672
-0.9535270821775624,-0.18906855783036405,0.6209317109894394,-0.9821574800790402,0.11120722996212791,-0.96685640533665,0.930396356987193,-0.9959381317013027,0.4682137842430021,-0.9827416450662592,-0.7576511102602186,-0.9852277660268048,-0.5931622834898657,-0.9770664272996578,-0.11137337426406593
-0.9466444009193721,-0.8420115556991049,-0.1890712056898233,-0.9854228156840036,0.00711656034938584,-1.0071729089603787,1.1170348211163423,-0.9622155202687527,-0.5284695008627056,-0.983290233634768,-0.7684623308510109,-0.9875442390274758,-0.6604385964260898,-0.9758537138319153,-0.09105505414952925
-0.9390060466916785,-0.8221412704799922,-0.8418857886097696,-0.9874622766945426,-0.07245723817546951,-1.0266996771990742,-0.09368502624029433,-0.9467967558138926,-1.013717941336404,-0.9823555583113506,-0.7517939363512306,-0.9839612021468942,-0.5333696251268283,-0.9775579069923802,-0.14176821924457494
-0.9848496651846494,0.18245930206907443,-0.8220194112994135,-0.9795934408868716,-0.2634570771002525,-1.0004946252514797,0.46861412019560916,-0.9572423492133235,-0.38370056365538496,-0.9806405015347067,-0.7780617968554704,-0.9721834073681968,-0.564994403309488,-0.9858635371375347,-0.2952044467830559
-0.8736631999510158,1.9006377392567324,0.18238358545589478,-0.9505142413132094,-0.2382274514694023,-0.9667098424305252,-0.5279541089314573,-0.9329042558017706,0.7568835139790994,-0.972002354658493,-0.6080224654763304,-0.9776492899418815,-0.3105458501292999,-0.963216264617805,0.030163993326326088
-0.9139119601813575,0.035343507372780754,1.9002241067814463,-0.938600603160788,-0.33189044799969003,-0.9512626517668719,-1.0131465328801097,-0.9245357689385495,0.7720790635485946,-0.9648598595188963,-0.6238210080964046,-0.9825948873207448,-0.07627420897342217,-0.9440661658359252,-0.37868569256682644
-0.9260485297575048,-0.703861504552217,0.03529672416926237,-0.9340110591125367,-0.36284741251501285,-0.9617275027806085,-0.38320188368469243,-0.9049265064470804,-0.2795531391447097,-0.9626836524815068,-0.6076017943989438,-0.986748044544071,-0.07879947464349275,-0.9355976459198851,-0.5153830705148235
-0.9186329612404377,-0.827999380789004,-0.7037629075708418,-0.9293325107561278,-0.38315489190622753,-0.9373445393843707,0.7572505262282239,-0.9199232211686136,-1.0554522489755367,-0.9609894767203503,-0.5871929892903418,-0.9883731074047942,-0.10894981107150169,-0.9306054629251864,-0.5383903115196186
-0.9363072673071865,-0.5582477166078129,-0.8278763694880446,-0.9288817531371543,-0.3886330271897562,-0.928960624283981,0.7724443216408542,-0.9273917071564638,-0.9550280667393757,-0.9596382719417872,-0.5830758253346746,-0.9871546256258856,-0.08865157841838887,-0.9291265644389456,-0.5583497458401714
-1.0496338776914644,1.9569124722031388,-0.5581777576349373,-0.9397021920156662,0.3353297533916708,-0.9093152099340736,-0.2790664818336013,-0.9686054951238637,1.3106879323554883,-0.9684391060949211,-0.4389010465422579,-0.9888669248367064,-0.13931460655615727,-0.9449537112999465,0.1474621709048606
-1.048655529659291,-0.9972649390598909,1.9564877721201543,-0.9689298963366415,0.5126935566495661,-0.9243395727687312,-1.0548760227584955,-1.0119659958254108,1.0945537372048542,-0.9771911341214473,-0.3455591794713866,-0.9972120609825629,-0.2925991412241484,-0.9540821989373398,0.4892270874135031
-1.1886843838869132,2.6590431855809906,-0.9971086381332381,-1.014823148738114,1.7640612244428917,-0.9318218277419422,-0.9544634333750883,-1.0961298319469772,1.6560404941073719,-0.9884469748353724,0.20442664823764659,-0.9744570659723747,0.03244762731236723,-0.9991512064142197,1.4994561773113484
-1.2068443479772926,-0.5454774259689468,2.6584803967522816,-1.061722445199714,2.2497002024323804,-0.9731115979156568,1.3109910140558776,-1.148557074309699,1.8746006149271903,-0.9998719939760039,0.6483114486756872,-0.9552158791209929,-0.3759978542840104,-1.041060045086099,2.0371582031256947
-1.1907122470965765,-0.59879972541265,-0.5454099785418322,-1.1071658822470554,1.8677419193075768,-1.0165520385274303,1.0948817691895638,-1.1959307762062525,-0.9158427931983348,-1.014628964331655,0.9555430578188718,-0.9467070784137425,-0.5125600880227028,-1.0789245813899155,2.0394839488334457
-1.1285954407665875,0.6103598579912832,-0.5987217910358706,-1.1392823863684722,0.7232926489651585,-1.1008710400505721,1.6563037087029722,-1.1758920499142858,0.2264950822825726,-1.027202418948593,1.0347622705923252,-0.9416911499377922,-0.5355445831969594,-1.1089631979724548,1.4029564180733205
-1.1340810834038828,-0.8787464357061998,0.6101999857501892,-1.1533869929155687,0.3186153429052852,-1.1533949378711437,1.874838599192385,-1.1516266348948063,-0.02576193102141661,-1.0406641697741768,1.0790539129182453,-0.9402052170226622,-0.5554842848641877,-1.137258024006141,0.39586541194332886
-1.107864265015909,-0.3336238870401752,-0.8786134439314777,-1.163276200134574,-0.24162566578487546,-1.2008559784611033,-0.9152826833372133,-1.1239981237154364,-0.7746561410918141,-1.0527916105173705,1.0434339339384062,-0.9561076462239642,0.14962983946640218,-1.1455888471238695,0.11102811747962406
-1.122937529431322,-0.6266416403878602,-0.33359810505926696,-1.1522949781274963,-0.25995756877829274,-1.180780308546371,0.22692332196570825,-1.1221112984403656,-0.7990616283895742,-1.0627091165033122,1.0549276342628204,-0.9652795538105616,0.49105687422410743,-1.156216119745015,-0.3693034156426641
-1.0945370254876758,-0.2762042669516137,-0.6265582303139716,-1.1335370975947998,-0.4785438343727901,-1.156470157532914,-0.025304571077142297,-1.108923971256563,-0.7607534456830779,-1.078572331557347,0.7842087411508741,-1.0105629334915853,1.5002872133513079,-1.142746777948348,-0.30253013839502285
-1.0558895492815321,-0.00676196888706877,-0.27618977774449666,-1.111018636619602,-0.6058676344853487,-1.1287907101173926,-0.7741123296563529,-1.0915912133710022,-0.05252840430577225,-1.0887691985843828,0.561565238141114,-1.0526711129216075,2.0374576465615313,-1.1211501892171163,-0.3266209728491511
-1.086308014917335,-0.22314232613511775,-0.0068004711646938824,-1.1039556734527143,-0.639440917809733,-1.1269004062698733,-0.7985149996125691,-1.0793758410006855,-0.5368116526763348,-1.1002790760964085,0.3151184370630847,-1.0907157531274347,2.039781092948919,-1.1062134314349412,-0.7242209155417663
-1.1322742778361672,0.1856842152534178,-0.22313827267267541,-1.1036538957748785,-0.6527579925382035,-1.113688766780305,-0.7602112391588758,-1.09196062667928,0.12233093727482083,-1.1156228504949857,-0.03913397963711207,-1.1208972493695615,1.4038828574330513,-1.1067397501203158,-0.707538234411491
-1.0749824307173084,0.48348842078903875,0.18560786439335475,-1.0981618805990536,-0.6108971055972202,-1.0963240540259827,-0.052067954470431714,-1.0983278051541987,-0.17319642923809575,-1.1255825364581562,-0.4620788621153542,-1.1493266606662094,0.3977874996451439,-1.0982847072354966,-0.748691863455825
-1.0898222919780605,-0.6327789344837426,0.48335350047968306,-1.092630881780898,-0.721673609963536,-1.084086161256804,-0.5362952977366211,-1.0994997617984186,-0.19530237982809748,-1.1284688787260075,-0.5289922730584079,-1.1576971096158357,0.11323180612740157,-1.095703503623791,-0.7610916893485018
-1.0303707115767788,0.540278220147845,-0.6326943173821201,-1.0819136460398737,-0.4402012170723962,-1.09669414838882,0.12277120154773571,-1.0655165101982338,-0.1512668940348941,-1.1271556583805837,-0.47835788061310824,-1.1683749312058485,-0.3666248530344471,-1.0824602843777926,-0.5970560154257283
-1.0699402267698561,0.017482880926151606,0.5401321309321674,-1.0842604291692992,-0.48282454513497886,-1.1030730654660943,-0.17272204962395107,-1.0638350137437336,-0.17599978986852485,-1.118627422424233,-0.5463838090804513,-1.154841522045577,-0.29991759037971005,-1.0789413041890017,-0.6099534984274322
-1.0630294709417913,-0.8412733399188386,0.017439610389800294,-1.0803723821818991,-0.46549408372029644,-1.1042471827428582,-0.1948254483282967,-1.0549000253838925,-0.5085068941889523,-1.1082986009043416,-0.7242390029840781,-1.1331422084355987,-0.3239846077217425,-1.0799627884545027,-0.6302963072569193
-1.0358554574277956,-0.3084546128541407,-0.841147718015135,-1.0642682433400938,-0.7885832963367141,-1.0702012792351037,-0.150795045941215,-1.0567291026680352,-0.6220183038079193,-1.0971767463743856,-0.8711779205962217,-1.1181344034778191,-0.7211914680401282,-1.072744712951405,-0.5284473074056147
-1.1174723379511173,1.1231108119789357,-0.30843378093941953,-1.0713650255094973,-0.4879875213560248,-1.0685166827546941,-0.17552508663763491,-1.0725803211548242,0.23544090406302348,-1.09637788226452,-0.8919351441564934,-1.1186632256151883,-0.7045252800407694,-1.070627049843748,-0.6524295159805653
-1.1928814896273983,0.9598796951709181,1.1228500964977493,-1.0885782585778994,0.3924781108300473,-1.0595652217491087,-0.5079938067181895,-1.1158839461776477,1.582057007762724,-1.100600942588312,-0.6873171414526253,-1.1101679660430972,-0.7456382230475166,-1.0874944665080721,0.1094169042583346
-1.1893135731191202,-0.9291727003650739,0.9596510825158207,-1.1151253362060094,0.5712721291367149,-1.06139767114085,-0.62149211270984,-1.167059836748096,0.27128763293234776,-1.1064506528801699,-0.5160027682723519,-1.1075744848522178,-0.7580257900023049,-1.1017283451241293,0.4766660128029925
-1.1511280085848772,-0.018907853465606507,-0.9290297912067285,-1.1286855447324107,0.5132024129418203,-1.0772781131135836,0.2358681110507231,-1.1782834785194611,-0.43528490514170437,-1.1084753003557266,-0.47728694828026746,-1.094268273801903,-0.5941522879644849,-1.1190046801748328,0.3171263728962702
-1.1483222188823254,-0.9492126880503171,-0.01894396700003151,-1.1429313760879087,0.28706193481523595,-1.120661573189988,1.5823287629273817,-1.1634236559986677,-0.44423910535625954,-1.1123381668020753,-0.4395681559868062,-1.0907325554690603,-0.6070370200256189,-1.130218524731039,0.23254447357152247
-1.181167696356408,-0.15932448508081212,-0.9490658376076623,-1.1672018293169446,-0.5929526208216137,-1.171931812211948,0.27171070181466045,-1.1607071330182372,-0.6151272721925565,-1.1213356756005568,-0.3928574342453376,-1.0917588984577895,-0.6273597171832104,-1.1471201581323014,0.08562686350701919
-1.136736100702134,0.1453304147419876,-0.15933298273664187,-1.1704193164075751,-0.7618011072153907,-1.18317614601641,-0.43478027033362165,-1.1559076559779429,-0.438831745162088,-1.1249574337134682,-0.39596614382177825,-1.084506489943119,-0.5256114091137086,-1.1615528080550697,-0.6935831936559242
-1.1372628075984599,-1.0091407617347092,0.14526200030400618,-1.1611297298538428,-0.8078779697533996,-1.168288927758504,-0.4437334368855439,-1.1522195146301444,-0.34945171452313467,-1.1253157112061984,-0.3928537459936767,-1.0823787541018157,-0.6494710441777608,-1.1643841631193983,-0.8160734624824144
-1.1266322065120908,-0.7434606759273292,-1.0089821251781996,-1.1506605141306192,-0.9176762694501066,-1.1655673965655375,-0.6146018765872864,-1.1340327784780302,-1.0600636880303993,-1.1290252114103747,-0.4208119934111328,-1.099326401183692,0.11162218581257514,-1.154906103902057,-0.844233975456686
-1.086645746185979,0.028446378428997745,-0.7433542909375354,-1.1398905077967187,-0.5545065586768715,-1.160759071155009,-0.43832670091084946,-1.1173284256987388,-0.3061931059454431,-1.1287970710732111,-0.41758184953736793,-1.1136279837076732,0.4785082179680798,-1.140217767702337,-0.6971527123069966
-1.0931376182460575,-0.8522878134800905,0.02840095169068848,-1.1306734227212953,-0.44119730967203513,-1.1570641303080473,-0.3489569882004195,-1.102613362559027,-0.4966995688428764,-1.133305006480913,-0.5469454808392946,-1.1309864942095722,0.3191263049966623,-1.1319212801356495,-0.5852912276934815
-1.0898899148515522,-0.9375926467682747,-0.8521600253489169,-1.1154279544579369,-0.7532141734118882,-1.1388438648831667,-1.0594869294741072,-1.0903603807675046,-1.1600558557622764,-1.1347377982186024,-0.5798000578089693,-1.1422536777831882,0.23462802654363354,-1.1235615694826981,-0.5277079911416526
-1.0104629393741555,1.0655276515094996,-0.9374480816506958,-1.0943374607824607,-0.12670587312619053,-1.1221087157698855,-0.3057033733470322,-1.0649546016909943,0.4270982294892117,-1.1309624563786327,-0.42031557443833517,-1.159235704355028,0.08785566479729945,-1.099139421509508,-0.237245113520771
-1.0455225304766826,-0.1011047642753302,1.0652782609657536,-1.0790147452182464,-0.23781220367818035,-1.1073665237730956,-0.49618784439624886,-1.0490757118049152,0.17146752970883258,-1.131656748055546,-0.44630551957934655,-1.1737370036479244,-0.6905840357674544,-1.0860898067911544,-0.24121781244485546
-1.0833151370140928,-0.029240613523618144,-0.10112471206155489,-1.0717798081130097,-0.47788639217602463,-1.095090952245556,-1.1594675542244908,-1.0468831258369489,0.048738997847452746,-1.129203569084287,-0.42324245737051513,-1.1765818261449708,-0.812953206071233,-1.0783716973657862,-0.43530028643776875
-1.0456113645164429,-0.03157648866860582,-0.029274694903845787,-1.0649261318608467,-0.48854328910535877,-1.0696383347869758,0.42750331177444045,-1.0586045779784832,-0.4845016093636787,-1.1186265907574364,-0.4480035660095201,-1.167058684229803,-0.8410858784949641,-1.0667803215476186,-0.6127022907172485
-0.9448832688783747,1.6256367862288135,-0.03161011064994548,-1.040164279185128,0.14853078830171976,-1.0537301703996467,0.1719021217097087,-1.0250429522837858,1.3283292608474848,-1.101071543333988,-0.2006731609960968,-1.1523004824798386,-0.694150025457087,-1.046498846918224,0.028333646653463364
-1.0073478813065817,0.6195053569722542,1.6252772384644696,-1.0263778797782175,-0.04307171511456154,-1.0515335421553549,0.04918775748969653,-0.9997090561420877,0.5736382304481186,-1.0907452175506118,-0.17234288342119478,-1.1439645323994216,-0.5823991313473305,-1.0342252015485511,-0.06687686736164433
-0.996907689518173,-0.748467454271312,0.6193436860767797,-1.0241138443462168,-0.011380867608629624,-1.063276604098823,-0.48399129303554406,-0.9834671393763227,-0.05960882247340348,-1.0798705870425667,-0.159147445516713,-1.135565058510069,-0.5248728237658286,-1.020922551369889,-0.23730699340206574
-0.970933590904455,-0.3400061599775743,-0.7483600845934415,-1.0116557927558054,0.046353364809512985,-1.0296531038108512,1.3286303060530873,-0.992154515885057,-0.595323967712441,-1.0647715194261371,-0.23646825028738427,-1.1110267457934324,-0.23469710875565433,-1.0152672221647898,-0.12941230012995514
-0.8696617737220177,1.6399338467330358,-0.33997912278869974,-0.9759708153634062,0.37699076896496303,-1.004272501811276,0.5740263963232175,-0.9462383442764348,1.1704954960322156,-1.0455901724557382,0.05971079059781146,-1.0979150601570131,-0.23866588011899875,-0.9901074228711758,0.5075472453585774
-0.8383187328932107,-0.19883078723808661,1.639571487151583,-0.9413482250184446,0.639571267957049,-0.9880006412637935,-0.059147555282686726,-0.8933513981976432,1.246200461624457,-1.0241199319930778,0.31055017172169797,-1.0901602392924106,-0.43255647682149595,-0.9550566220609715,0.6746696147381812
-0.7926989788227072,0.17657282722564646,-0.19883151515017894,-0.9159299827477118,1.3046641231414053,-0.9967040339182589,-0.5948008581779933,-0.8339129321206252,0.1313009162237725,-1.0001367615487993,0.5914444877749839,-1.0785137287170716,-0.6097830947551856,-0.918873308737683,0.9268892177387511
-0.8233573597382303,-0.21683379687860543,0.17649826831132884,-0.8851993754620865,1.0685252764357211,-0.9507032107355787,1.170814761387132,-0.8184711315205884,-0.4312659607045714,-0.9812273218028152,0.7159058870511382,-1.0581357845920523,0.03061909018960393,-0.9014870109679876,1.0951318172742235
-0.8198963682641395,-0.9319842749642838,-0.2168309841208863,-0.8556344535726341,0.4525181056000358,-0.8977187616839595,1.2465109876847207,-0.8123275599534598,-0.6667216546399475,-0.9616030648336381,0.7440832950953229,-1.0458037592278318,-0.06449729510242798,-0.8746689616631521,0.7999035229777675
-0.8390231883198881,-0.5200541217447373,-0.9318408128507656,-0.8336024122252818,-0.714887361940157,-0.8381707141776379,0.13174014501257542,-0.8277759620487836,-0.9070759179807021,-0.9435857519030296,0.6541166807592582,-1.0324378345596832,-0.23475892746015292,-0.8520809640050726,0.16723355166002266
-0.9175264703886145,1.0412392989734007,-0.5199916743441501,-0.8415969066349328,-0.19813557859662975,-0.8227004448991097,-0.43076178983883856,-0.8591798932129983,0.6060757096920968,-0.9369110307571541,0.6000685881693627,-1.026755605596752,-0.12697090297152086,-0.8444401892362993,-0.35250770730281855
-0.8533347599288158,0.6649190899944359,1.0409946852441048,-0.8441049251235362,-0.18477096043858485,-0.8165455469738533,-0.6661903030381702,-0.8703310758335754,0.24449823557784175,-0.9231080555628366,0.5000404499397819,-1.001476132897125,0.5093589201666182,-0.84210433900068,-0.3923925108245395
-0.8747535244136759,-0.4597878539930269,0.6647484875349203,-0.8578099029401252,-0.3646509112652225,-0.83202242991826,-0.90651682015763,-0.8822465862107429,-0.08792203779934973,-0.9081291068138916,0.19369375355174256,-0.966258611809565,0.6763160660371398,-0.8473169404865148,-0.3327442892282227
-0.9474393988710262,0.888271609061329,-0.45973725921925795,-0.8785344293085836,0.0017438097327785863,-0.8634842577256732,0.6064601310216867,-0.8922220817898538,0.5182268702177167,-0.9010783709490716,-0.03842953643010678,-0.9299031913762116,0.9282863151778895,-0.8694551251666669,-0.10873831666906097
-0.9522353682994614,-0.8968812690548676,0.8880570796397467,-0.9006380561910552,-0.003164019602632019,-0.8746559987928361,0.24492439699754914,-0.9252038937228702,0.30301171090887313,-0.9016064006236235,-0.028133524878677995,-0.912434195114061,1.0963625837022857,-0.887893262751199,0.02411969847223626
-1.0603723147145607,1.8204511887900965,-0.8967447106844344,-0.9376084012842043,0.7591582098025511,-0.8865934767398989,-0.0874575021634343,-0.9871048681839678,1.0477096921994382,-0.9054146290917348,0.14702003832944305,-0.8854885848829445,0.8014261632880939,-0.9222973370841444,0.6943512611023556
-1.0513912633784046,-0.7868352907973086,1.8200533266834424,-0.9599668703383424,1.1646742825969254,-0.8965873632556493,0.5186214327168731,-1.0217711953355708,0.9073445857634367,-0.9093276534030464,0.2955517918613522,-0.8627931466772194,0.16938167348512256,-0.9526801140233904,0.8194782739384019
-1.0319399104375069,-0.5115205877278521,-0.7867203752788687,-0.9897979980110464,0.7654364089211233,-0.9296299808307217,0.3034311175999034,-1.0483514182716367,-0.7489248608385073,-0.9137091429890439,0.41753513074688514,-0.8551160283140283,-0.3498457495685016,-0.969048855073095,0.9260155867810803
-0.9889652777486991,0.10701983484055146,-0.5114598186258873,-1.0088739618662705,0.02957472659280382,-0.991645076629472,1.048043131807133,-1.0245382840280515,-0.1148506074375514,-0.9222775513845474,0.46385262158807167,-0.8527690675305717,-0.38969112146164187,-0.9884530511507825,0.43261099042271517
-0.9790017767011963,-0.7610019518190259,0.10695895498242218,-1.0141455977626834,-0.15837876859529337,-1.026375315014468,0.9076942289584993,-1.0003975181131675,-0.25365015871451996,-0.9323814438351823,0.43647901781594683,-0.8580064629254006,-0.3301018703581396,-1.0033674934212866,-0.17467571097845622
-0.9590446927156333,-0.4982224806005538,-0.7608921169690561,-1.0152829100151282,-0.2133151389031508,-1.0530045415506064,-0.7483840197926126,-0.9760880987746235,-0.7233584923255686,-0.944328435862824,0.2538106613225299,-0.8802499486030966,-0.10631735859431607,-1.0050278232712349,-0.23651002978724445
-0.9995307123427235,0.04158220066282611,-0.4981643268505436,-1.0051209768178144,-0.4433838877422317,-1.0291475051430043,-0.11438296319835202,-0.9796115065929526,-0.5409660668368251,-0.9569812514346326,0.13548352181639498,-0.8987757877904725,0.026409308077276986,-1.0117942070035133,-0.4093045813208501
-1.0191672402802856,-0.5066514443977851,0.04153419048929351,-0.9997388310934022,-0.6811043624183731,-1.0049622330386434,-0.2531664916138502,-0.9930060628832772,-0.1616616802008638,-0.9712929368012304,-0.03493009180437208,-0.9333435062251894,0.6959782543796927,-1.0058991373940274,-0.5969701548980154
-1.002900310397815,-0.5952544209902428,-0.5065916329150817,-0.9948885565415145,-0.8594660572986323,-0.9806079965792606,-0.7228206026320179,-1.0076312280711353,-0.8958317906100619,-0.9830626339287336,-0.24318803538748557,-0.9638707998339852,0.8209815619079548,-0.9989617019646444,-0.8200066783929788
-0.9367783067155452,0.7156758041220338,-0.5951771838720102,-0.9861721438775579,-0.5559547220673956,-0.9841379001921522,-0.5404492323162916,-0.9867042785322232,0.31103053398274233,-0.9844453057736073,-0.2698793344533297,-0.9803173993344153,0.9274135479248982,-0.9853472555452888,-0.7122047557704833
-0.9191012156624248,-0.5581744858905979,0.7154952192890692,-0.9761673860140531,-0.2564203738297259,-0.9975571508381703,-0.16118863214495704,-0.9533338184389688,0.3305407786988383,-0.9891686695678842,-0.45971589139437674,-0.9998138921036807,0.4344967500528175,-0.9753520422164859,-0.452767835432834
-1.0009087238977812,1.128123333481836,-0.5581045413200805,-0.9831596326291838,-0.23267012915758928,-1.0122092791462243,-0.895273990796195,-0.9526696553718785,0.28953068356888473,-0.9982291684963502,-0.6806776358227856,-1.01479927540533,-0.1721895646963637,-0.9784861945127362,-0.41065360012294105
-0.9207619834158036,1.0844537432303218,1.1278616321830601,-0.970003461026385,-0.08668592096158377,-0.9912437484461081,0.31144901499000716,-0.9473284610998417,0.4247910791861326,-0.9963131896454235,-0.6223886437723422,-1.0164675026683667,-0.23396275175376985,-0.9730092177262497,-0.25426827244625944
-0.9270728161428429,-0.8570482102767814,1.0842006304732938,-0.9546215948452386,-0.27574260428282876,-0.9578117661946471,0.3309570074657647,-0.9499868656555016,0.34478236669214035,-0.9945060086668787,-0.5772173344016714,-1.0232660709255768,-0.4065864720440138,-0.9626429133882651,-0.23143035311821103
-0.9395418094215101,-0.6951204829076204,-0.8569194859136351,-0.9440392822613543,-0.5571343839093078,-0.9571463786690037,0.2899516464942944,-0.9295219558282446,-0.9302056371981435,-0.9858279306470169,-0.6661736201598378,-1.0173429612252054,-0.5940665123217443,-0.9512511742871437,-0.463850032900249
-0.9906000335528098,0.3195764221996571,-0.6950236050316659,-0.9530287363743765,-0.373633421635864,-0.9517953373107086,0.4251964278061539,-0.9528118574106034,-0.05230496854400841,-0.9814618888592274,-0.7888961846118011,-1.0103725276579143,-0.816882533455461,-0.9494914155872074,-0.5463777818966485
-0.8724056286510963,2.0849102561030763,0.31947373862608747,-0.9452295099023555,-0.03037632021781009,-0.9544586429311184,0.34519695142643525,-0.9345812021450395,0.8807798527848463,-0.9700040956403131,-0.6859062734245335,-0.9966933236800832,-0.7091871878998633,-0.9402818358607131,-0.23385495104707235
-0.8970033560157614,-0.3761975951483372,2.0844603825686283,-0.9278749471344877,-0.26063519316580763,-0.9339560037643031,-0.9296438693067358,-0.9203952907207922,0.9931198547646458,-0.9633993667291918,-0.6304059677911076,-0.9866505677930537,-0.4500067567355235,-0.9371203703706928,-0.16479845792631423
-0.8558760607419422,0.05844442879433642,-0.37616344015391245,-0.9170375203417438,0.01643594798871927,-0.9572888428730179,-0.05184454450183669,-0.8754669449065325,-0.5245236951851106,-0.9545564460879709,-0.4817256985484951,-0.9897996277869323,-0.40793415715498293,-0.9163710413938431,-0.21574139393422362
-0.817344402175758,-0.00980737296035853,0.05839310230962637,-0.8987103762641371,0.41234409360839097,-0.9390245773649124,0.881132562582305,-0.8571048837794126,0.17264193709479153,-0.944379494714974,-0.24735764607027394,-0.9842965995817106,-0.25170343794097233,-0.901575440399923,0.16250462419425132
-0.7445531400447664,0.8910427590406798,-0.009845276295335652,-0.8661428278236737,1.034988613800301,-0.9248125126336832,0.9934595961607462,-0.8062651120617316,0.7807679244839768,-0.9260669397823522,0.1096156534386005,-0.9738809875790098,-0.2288880970456348,-0.8754629722034499,0.8252974578832714
-0.7566227108686187,-0.7056232247290061,0.890827684614275,-0.8270632863567543,0.4315637419760991,-0.8798013364121888,-0.5240087587531573,-0.773165666333592,0.142591709800559,-0.9072109240403385,0.22803115652115546,-0.9624350632992732,-0.46107799792245546,-0.8492933599972393,0.9637373936192568
-0.7382160927368142,-0.5389917021818618,-0.7055242812683716,-0.8046505778385602,0.5283193610950534,-0.8614054227811926,0.17307639352342205,-0.7467776080244642,-0.9377015310396505,-0.8882012353370057,0.3322685085284423,-0.9606669342496801,-0.5435241568580124,-0.813185649482144,0.39422013522366695
-0.8266779184444841,1.3030974181051649,-0.5389255303084951,-0.7929046281789194,0.02932910847120034,-0.810471922284524,0.7811321795440664,-0.7741649420443835,0.42175732859559945,-0.8802937970860792,0.31889753949293054,-0.9514135488568148,-0.23131029792508012,-0.8066435417817934,0.2483845008242923
-0.7503404351504345,0.9842900085834989,1.3028013044791407,-0.7752777752462249,-0.29499287956465436,-0.7773114540433312,0.1430296351930634,-0.7720699009757609,0.4684468079108041,-0.8681733543516661,0.42486353156663637,-0.9482370457530692,-0.1623220766709828,-0.785660977388898,-0.13610122479631215
-0.7769290829619954,-0.3238466990267018,0.9840565951277847,-0.7685274965226567,-0.4913735840477309,-0.7508747464110141,-0.9371388978308298,-0.7849800800333713,0.13306391865424533,-0.8520870788355075,0.25489671932808494,-0.9273890219161306,-0.21321464856138103,-0.7743663022582078,-0.48722509736759834
-0.7793451097606936,-0.9594614337114078,-0.3238228399350844,-0.7743385478144238,-0.5350839109681127,-0.7783125720301417,0.42216302742831957,-0.769195325824176,-0.6921121760981873,-0.8419304825361948,0.22058149333300195,-0.9125230451634737,0.1646574212162922,-0.7689298729597911,-0.6457618572252214
-0.8788877980604338,1.5944667128452237,-0.9593125676377505,-0.7947596018296386,0.1186780335327392,-0.776213668520075,0.46884711696342546,-0.8120638684735214,0.8407816463987358,-0.8384698221235493,0.1446584341941206,-0.8862863721602766,0.8267949927870022,-0.7881486747904144,-0.07614775143762972
-0.9745745836728976,1.4930764431579127,1.594113295330213,-0.8342368526231353,1.0847123544669188,-0.7891476489300262,0.13350294392406384,-0.8779755634696166,2.2772638536672947,-0.8409858849958213,0.24174327461054546,-0.8599922833399957,0.9650980615550029,-0.8193303066485903,0.9358361767613453
-0.9332687115262043,0.06314007564257539,1.4927429661680822,-0.8520399425569868,1.3825637724879636,-0.7733337937691811,-0.6915778934436491,-0.9293066863931237,0.4696813735080809,-0.8368683346775281,0.0724026695931845,-0.8237128253220586,0.39614384950841064,-0.8472358202549127,0.9804652927907497
-0.8961794489310333,-0.04773491635492994,0.06308782566032949,-0.8763983791830239,0.9905348857402138,-0.8162813693493156,0.8411389735433983,-0.9350731825393174,0.15005812388509843,-0.8385757765749174,0.1028560149237321,-0.8171395998730381,0.25045239374505074,-0.8571791674229228,1.02291290359392
-0.8953768866618224,-1.0018871941735261,-0.0477653604422257,-0.8961818599206032,0.5197270182439551,-0.8823145798928702,2.2774553549486884,-0.9086619845560007,-0.48978561324068676,-0.8384589631268852,0.10036949152781573,-0.7960572312281896,-0.1336532147134114,-0.8779290383868914,0.6418780175376909
-1.0032725125782818,1.8141057095540936,-1.0017299841833631,-0.9335828358938184,0.031043521472239204,-0.9337403374560134,0.47008154004386155,-0.9320071614859878,0.9821786121928762,-0.8490450142716984,0.3974855666345173,-0.7847088326068258,-0.4844299529150489,-0.9103112216872804,0.6051156695739619
-1.029177789224113,-0.3418158212813945,1.813709095419152,-0.9586846871089972,0.22903364393468026,-0.9395174647798177,0.1504951873632994,-0.9763600357424406,1.3063584489258464,-0.8642589427044068,0.6921616797716813,-0.7792465447551234,-0.6428099773225976,-0.9460539319330662,0.19002342673164566
-1.0970214627985908,0.760946805192555,-0.3417884281846315,-0.9791361045172784,1.00554656040155,-0.9130575748127462,-0.48927468693318726,-1.0436053600839466,0.4850008160160489,-0.8895733084514341,0.9937359079533784,-0.7985567614435412,-0.07375901363100631,-0.9772615721438394,0.6409483076374568
-1.007786424962552,1.3234288923613764,0.7607573168667842,-0.9915822597209026,0.9399039429868972,-0.9364457911753463,0.9825196166335068,-1.0451106795333698,0.4185821605975919,-0.9076119511052758,0.9628954998930025,-0.8298867097507462,0.9372244288976628,-0.9820130771210681,0.6699143119231403
-0.9698075177083502,-0.024341869584668423,1.323128780124089,-1.0038798240057794,0.5564726112061732,-0.9808804348931517,1.3066620304168517,-1.0253116190239882,1.1002617269750032,-0.9242449069119144,0.762156297753612,-0.857924956842771,0.9818094228913098,-0.9872405596301657,0.5936759548704252
-0.8796439199196289,1.3478452097995672,-0.02437691440573873,-1.0012520602586514,0.7135594740932347,-1.0482497334762837,0.4853992140929055,-0.9528195954074394,1.118950660468879,-0.9280489387835528,0.7037825385375247,-0.8679155998659219,1.0242150683774784,-0.9848748778327101,0.6990217908200945
-0.9173137307680835,-0.03246950414389022,1.3475402955808455,-0.9868949860787288,0.9281908202752286,-1.0497578281496944,0.4189882259680746,-0.9226483615378501,0.3710654771565654,-0.9400410038923466,0.4220964750142146,-0.8887641682679588,0.6435568878525957,-0.9880133073779623,0.5852025310031024
-0.9271795328860745,-0.7635709276503089,-0.03250295049498819,-0.9698589543710917,0.9022047799575145,-1.0299222658680989,1.1005891000359014,-0.9084325927811712,-0.36458300745429967,-0.9508320299151016,0.1549227628747416,-0.9213003784794719,0.6068308845395272,-0.9771269440298268,0.6645516058924242
-1.0046741613063555,1.0147169321682405,-0.7634605875573073,-0.9544348519126895,0.08808367264357533,-0.9572965951357125,1.1192758761006671,-0.9501282302023554,0.4643086352709223,-0.96701522044891,-0.16890628192457527,-0.9572131000924127,0.19214901762240771,-0.9736212934699573,0.5939664445139128
-1.073255916299531,0.7803545237379069,1.014477534619203,-0.9653697479623128,0.6499952435582574,-0.9270697372376195,0.3714770277986452,-1.0021325193604884,1.3835589482113324,-0.9809747887761369,-0.11154701543371917,-0.9885691804617925,0.6426280970988092,-0.9702212377039398,0.4002978899425424
-1.080033178492444,-0.8447835311158938,0.7801612184768273,-0.9837799435826173,1.124299026010844,-0.9128277601286423,-0.36408653439243244,-1.0531068285757779,0.24015141432348644,-0.9885488522255069,0.02575921845231823,-0.9933432861274321,0.6715654644947099,-0.9805573345795116,0.7470477605627877
-1.1394622418922706,0.5396861396325306,-0.8446572188593963,-1.0271755204313155,1.2635026951399106,-0.9546002680992519,0.46470942202946086,-1.0980565533341626,0.04841604422848595,-1.0033577246982852,0.2572428600510757,-0.9985956333275964,0.5954024795715648,-1.0048292579378122,1.3498642981463087
-1.1046231379213733,-0.10690243386182989,0.5395401668619169,-1.0584604571936298,0.8688103849764395,-1.006700432953916,1.3838536177649854,-1.1085170330161056,-0.19066838925292048,-1.018328204143176,0.2512613337193564,-0.9962186990875065,0.700644166634718,-1.0370162681305128,1.0281489507740729
-1.0701641436985447,-0.11689735152264896,-0.10692124141461076,-1.0823421435180738,-0.12476737838114221,-1.0577687189830474,0.24057807753526847,-1.105225863680597,-0.01628930640182074,-1.030881469974207,0.1248564051313258,-0.9993720566752613,0.5869374328522592,-1.0588840559317543,0.5291775049503179
-1.1436594143752514,0.9095545375012084,-0.11691419336503274,-1.1055558460183237,-0.4817053832688728,-1.1028013135631307,0.04886484115212618,-1.106625555308025,0.0610037704843206,-1.0409640934293158,0.2695652100243449,-0.9884339119847643,0.6662080602384473,-1.0898550950077042,-0.13965191386175269
-1.094672486868181,0.2651120489088116,0.9093358223449223,-1.1091329010423538,-0.5639070049298531,-1.1132810783038982,-0.19019199269569237,-1.1033071682216924,0.08465957672596003,-1.0456679394875905,0.3079309287779054,-0.984911586683658,0.5956926820259798,-1.1027308488124936,-0.6470366121891427
-1.1572547224354106,0.6225982363196338,0.26502007689770624,-1.1220306575173757,-0.4629027154051419,-1.1099838413313243,-0.01583303996649977,-1.1323505192825092,-0.07938800670041701,-1.049993907712678,0.41601100974168065,-0.9814953584414849,0.4022155955285959,-1.1147482718139794,-0.53913222402964
-1.1186100934652292,-0.0068368364461007,0.622435957144502,-1.1185478738450927,-0.5118241552507479,-1.1113861134460907,0.06145111429523699,-1.123996961049501,-0.128155527694123,-1.0579532921361745,0.45619831835495617,-0.9918806192989925,0.7486226560833164,-1.1202673396037115,-0.6342988773532059
-1.168666423777546,0.29323180389797865,-0.006875323999448516,-1.1292445610991468,-0.32578775001087584,-1.1080616085437394,0.08510418973765628,-1.1486727861180617,-0.32279513478839317,-1.0722353900023307,0.5076801923828251,-1.016267992852459,1.3508432263882373,-1.124445482404454,-0.48921120886236574
-1.2049226220849287,-0.06964019240985175,0.29313430154669223,-1.15175229596723,-0.30821597171893234,-1.1371585042555383,-0.07892445622329225,-1.1645692879433138,0.30023577809637736,-1.0955969901937914,0.30029065196984167,-1.0486081016090307,1.0294459390029185,-1.1387949878733075,-0.1867341687800624
-1.2998254555310553,1.4724625615293256,-0.06966632836471924,-1.1778355813517292,0.7458815316644382,-1.1287895453079533,-0.12768634755014452,-1.2250017876973083,1.1885581858151497,-1.1230690808132302,0.36994304400506,-1.0705799042562414,0.5309677952638391,-1.1716518492780192,0.44433233133488603
-1.1812374236537397,2.09526060683786,1.4721331386920973,-1.1922938972170611,0.40094238083915706,-1.153510863007107,-0.3223034856707585,-1.2291940202887672,1.0074491642589487,-1.1413155839814095,-0.01617403861871346,-1.1016982580897827,-0.13720039343305426,-1.1770280070334365,0.41707694554033264
-1.3287222898740143,2.8550976838496687,2.094808697689639,-1.2209328859663777,1.0005346988570687,-1.1694366718031795,0.30065550523791695,-1.2704792805885614,1.5683001980899185,-1.1645888040600563,0.16437523697760903,-1.1146352558375314,-0.6440834720154425,-1.2105127149182824,0.7358153907188687
-1.3533922932573674,-0.37429711019811185,2.8544963367877934,-1.260146860240522,0.9904414813633575,-1.2299805855982235,1.1888753660338138,-1.2883429863517741,2.112337822809461,-1.184708270825046,0.4482329733802046,-1.1267098401035132,-0.5362857622241515,-1.2385734489153637,1.1134485620379746
-1.4716910476446141,2.0876541071122987,-0.3742633289739524,-1.3107588734820526,1.770640795866057,-1.2341805470371725,1.0077872514959478,-1.38520474442943,1.5052066408054923,-1.212837239890852,1.0315782312722914,-1.1322551595192105,-0.6313583301869837,-1.2890875380475137,1.6930266095425799
-1.6006529056300385,2.368038504024192,2.0872036939419436,-1.3768548431602359,3.0010676930796625,-1.2755419213104828,1.5685735413249526,-1.4758893678655498,3.225963986621169,-1.2459600721776132,1.9397378600846462,-1.1364531757924692,-0.4864141008647098,-1.3508903721847958,2.795697211471093
-1.5605250468702756,0.03216442488503732,2.367532947375632,-1.4203976120631032,3.3822514821612737,-1.293438560803978,2.1125483629632504,-1.544964913884709,1.1254215072831233,-1.2787030647328896,2.3375195331133605,-1.1508709351521433,-0.1842361010495157,-1.4017651995256355,2.8974282715234585
-1.586533308967071,-0.3391078373165519,0.03211826691483365,-1.4880912550827328,2.1899265824747878,-1.3904788943159538,1.5054872674886264,-1.5832630186921632,-0.5368995213420155,-1.315788831215292,2.5532789491616126,-1.1838840812898657,0.44620650280306934,-1.4427835152742567,3.109463901228209
-1.5324397462699857,0.39939010546319403,-0.33908097680168864,-1.5221167097440247,1.3572875086805987,-1.4813307049510016,3.226045971044133,-1.5605149928666915,-0.2929424414120548,-1.3437111348139261,2.6252077744245446,-1.1892858109150086,0.41897806271601806,-1.4930288349893523,1.71514655557206
-1.4660851970916553,0.7217905462388309,0.39927172485315593,-1.5409389911424838,0.2655691963484328,-1.5505335994292024,1.125745975927755,-1.529020774421566,0.9189789674496398,-1.3703860913496888,2.384619200760127,-1.2229297899051272,0.737401390985984,-1.5126808781157475,1.0114334584091447
-1.4110006832362834,0.4254469884642012,0.7216087588134525,-1.530802318129351,0.7807945919118408,-1.5889023110564724,-0.5363831562588435,-1.4704833786932685,0.9364124002633707,-1.3886101916272846,2.1613646755786764,-1.2511239956987623,1.1146612198378738,-1.5209227141924608,0.5363249712754447
-1.3454000135630673,0.7019674198441999,0.4253234832210676,-1.4881692720475894,1.3836099823944843,-1.5661123467129279,-0.2924542384552044,-1.4081085420792938,0.9222908382192516,-1.404898302116881,1.7668695995577888,-1.3018783567435597,1.6936662745160176,-1.5028546862326586,1.2867875459247564
-1.449508642443447,1.714527301608227,0.7017895310528053,-1.46962700423063,1.148845930145627,-1.53456006516995,0.9193272675849855,-1.4025805193814378,0.6389166066193438,-1.425068462615189,1.4323915620295258,-1.3639751580773267,2.79524673449113,-1.4812309914622492,0.9978436583988483
-1.3813736739855138,0.768606351915432,1.7141502716578145,-1.4353606729014976,0.5500172937864017,-1.4759147492358502,0.936758687903169,-1.3927003734112045,0.6475558386516098,-1.437741222621989,1.1196100810398826,-1.41509197319387,2.896877219361448,-1.455600414930356,0.9467402774224902
-1.326085916390634,0.4307912461470909,0.7684153571789893,-1.400894883827948,0.22672486864990404,-1.4134249176665903,0.9226387560360231,-1.3862594229348448,0.9734197508110266,-1.4396272556864373,1.074965636290594,-1.4563053938993022,3.1087032226055373,-1.418339093844888,0.5929488383940764
-1.3244271730182884,-0.9793740656045778,0.4306666898434836,-1.377234767700501,0.053853694868868755,-1.407886703443474,0.6392972368333487,-1.3445467017610213,-0.09785134205268492,-1.4499111803759501,0.6554374241428809,-1.506789707116546,1.7157643519284043,-1.3885794437095107,0.16538872921492517
-1.4239075413941158,1.5928280216216986,-0.9792212832938015,-1.3793905069524943,0.1212268813041963,-1.39798834232422,0.6479354715625487,-1.3587310838266733,0.7963917789688907,-1.4567474096628155,0.542350387575719,-1.5265352258270903,1.0127469722073372,-1.3825452302123713,-0.07169696082970434
-1.4169565559105324,-0.8402155083413141,1.5924749263897209,-1.3913420791468287,0.12205306643020512,-1.3915355172386072,0.9737617663645987,-1.389035026261954,0.7444934132980036,-1.4613126113827057,0.4674070708721986,-1.5348162644659384,0.5381081953328347,-1.38339731662362,-0.05230382941829076
-1.3273549903299324,1.3330666736756094,-0.840090094482399,-1.370939637327501,-0.05375032927477948,-1.3497458940195586,-0.09738566018924148,-1.3900114077174155,0.6830512032358064,-1.4509463585608888,0.5892065603020286,-1.5166622953417948,1.287828834234833,-1.3808156766308661,0.021947386945149337
-1.338703019984096,-0.7245960203928216,1.3327646659662855,-1.3638126663316028,-0.03645538362766222,-1.3639564265726496,0.7967542304290858,-1.3615970273886657,0.49862296264944567,-1.4321330502873286,0.3916883877500844,-1.494935746761879,0.9991706075884474,-1.3649630937514954,-0.2411133444857751
-1.252531928695024,1.2428629673629181,-0.724493345533594,-1.3515274752744857,0.48578880706799676,-1.3943162376994487,0.7448618558461816,-1.3067639760928123,0.42699650546176066,-1.4100129051913386,0.41131271133028935,-1.4691832575566828,0.948117749351578,-1.3465301442295596,0.20560486757599503
-1.2339977048360888,-0.5356363324703459,1.2425787001062296,-1.3364236946554244,0.9568565929311716,-1.395294419222821,0.6834267386024495,-1.2756307759693546,0.7567978211117192,-1.3846937072784746,0.23580848750532188,-1.4317447017820664,0.5946760819501256,-1.3333553975562418,0.6003956079642007
-1.196523767818635,-0.03761997140422624,-0.5355708205008775,-1.2984454260505602,1.0106996392015073,-1.366827653820655,0.49901978820127296,-1.2282162106501555,-0.2390605225963123,-1.3605681351636545,0.2144872325687231,-1.4018434989001072,0.16753867490142163,-1.3150566931540846,1.0780763257922024
-1.1604843739531816,-0.07534102633109285,-0.037652404807805566,-1.2556087307891084,0.6817560807633769,-1.3118935116903525,0.4274015994898948,-1.197519785325733,0.060552665091595806,-1.3386198053135347,0.37673394447515174,-1.395780583469642,-0.06931262324338154,-1.277369638097513,1.1047082625916989
-1.1876593229583352,-0.3084300142819039,-0.07536604109728312,-1.2322763729213937,0.45536402150450733,-1.2807029140465096,0.7571648432531304,-1.182066656962304,-0.5943143246573674,-1.3225793712786635,0.46648507738033207,-1.3966367228576995,-0.049938664616770996,-1.2445648642177582,0.48859454008905456
-1.1054840726819746,1.137793044503281,-0.3084091872050084,-1.193323497414457,0.1268674722271625,-1.2332009346976356,-0.23857853970655152,-1.1517063371128677,0.24653829120253004,-1.3053485465947439,0.799874133679715,-1.394042803210111,0.024239144179706434,-1.2128225479663768,0.6437749231031185
-1.094988587365223,-0.7470135208592629,1.1375294414528214,-1.1670101715343897,0.17348998861518664,-1.2024479170957947,0.061000060977602855,-1.1298645127678262,0.569976697229347,-1.2798868249035908,0.856717493326168,-1.3781148170031885,-0.23856151544090254,-1.1779551544511604,0.22499736183542446
-1.1301715292861392,-0.09786127662614567,-0.7469064371279226,-1.1496688356894957,-0.19276172259608815,-1.186966299169881,-0.5937913316749593,-1.1106932292886138,-0.6204186339224317,-1.261845422153768,0.8753721810102572,-1.3595941905555977,0.2077150540637294,-1.1604494690019103,-0.036079053324035486
-1.1514961769831773,-0.46226263805095075,-0.09788186231231223,-1.1421482025656415,-0.4222904177425271,-1.1565500066908871,0.24696421712054908,-1.12603754916395,-0.23895838795229452,-1.2493063420897554,0.8932375375394536,-1.3463567777699887,0.6021154893615857,-1.1486462565029898,-0.398003450813568
-1.25522314605632,1.704491625419544,-0.4622115565589398,-1.1579717350792054,0.34066795317005577,-1.1346679145110865,0.5703652857876533,-1.1794732778918708,1.1582660176835595,-1.2443360910442263,0.8332063521907178,-1.327971034983468,1.0793239539256259,-1.1570441765527757,0.06506245258249474
-1.158384702458497,1.5233590833574162,1.7041165691955489,-1.1530822067581388,0.2748276347996316,-1.1154612866365037,-0.6198926274884144,-1.1888819315587627,0.834211738289338,-1.2252661723449,0.5229540175108642,-1.2901047202202274,1.1059295613829283,-1.1567437837058245,0.06420947839199481
-1.224785424054215,0.7230046416739909,1.5230196506506193,-1.173008249395627,0.34902992252623916,-1.1308338954737633,-0.23847641685284024,-1.2133227535459303,0.5253207736405997,-1.2114643921456942,0.06959207528421617,-1.2571439093634733,0.49042495225992033,-1.1620552884972521,0.21981641815596284
-1.1068439498465257,2.078259488861486,0.7228226154712558,-1.1749883649229727,0.2622086181009229,-1.1843681389164193,1.158586694795471,-1.1638406034885342,0.8752209656297735,-1.1956272324076485,-0.058751106731039,-1.2252506097494578,0.6454519180652797,-1.1622498414899487,0.21377671508870555
-1.0597920747407517,0.21423019302745347,2.077810923340046,-1.163233393198476,0.7350814634915983,-1.193794138483781,0.8345698238566795,-1.1309614983046512,1.8174687876226714,-1.1755957764641018,-0.23730911854203712,-1.1902173683396668,0.22708837616826844,-1.1572143963468224,0.4330667820556262
-1.107909620463986,0.24225181080808167,0.21414822800155037,-1.1559534456234237,0.8302517392319061,-1.2182800198471988,0.5257145172276574,-1.091985238835272,-0.27747095937709476,-1.1652089650277255,-0.3219584721373732,-1.1726284165265695,-0.03372992895115683,-1.1540294609001944,0.48869678885174755
-1.0331118229674272,0.9438042466485722,0.2421643347427399,-1.1188557963241361,0.6300689709519863,-1.1687066439374856,0.8755743171388083,-1.0673967233325754,0.10238110895889313,-1.1507812892374434,-0.2356250418502309,-1.1607690616623956,-0.3952965142627165,-1.1370926147185523,0.8828597405841735
-0.9374421704326258,1.492625931953238,0.943578795567924,-1.0819533617503205,1.4426740743875213,-1.1357669224628724,1.817713367120675,-1.0265949365650902,1.8338398182908517,-1.1321739821656707,0.18369110178737014,-1.1692069266928253,0.06731158462890162,-1.0916287732477907,1.1710946870204364
-0.9613539115544373,-0.3942354803870438,1.4922925435658945,-1.037954299797111,0.7278059805028834,-1.0967188059200617,-0.2769845424304376,-0.9777208911107886,0.5351288048333428,-1.1178723810539672,0.4102231160665446,-1.1689051050174992,0.06645945372101811,-1.0634402492968544,1.3322684508255949
-0.8713371100473719,1.3439852278982378,-0.394197777863789,-0.9986192941389075,1.1973546817709007,-1.0720849587516765,0.10282367621717449,-0.9237715449444716,0.41997759373910537,-1.0951540382282248,0.7961621701645576,-1.1742418741547203,0.22191255456611014,-1.012873603245819,1.1161385845292544
-0.9001743535168405,-0.26472027944010934,1.3436810728259956,-0.9719594995747832,1.21845755635339,-1.0312079493479556,1.8340825079357967,-0.9113433086684725,0.3959094308536545,-1.0804086413035918,1.0423458012913005,-1.1744373525450726,0.21587882257823793,-0.9833060882430158,1.0344288128789527
-0.9700673429977219,0.8148331994499552,-0.2647080488002379,-0.9489367000301954,0.25359438415669305,-0.9822437991498708,0.5355214161924959,-0.9142491022918711,0.5707829704008328,-1.0714367653495032,1.1059418586634504,-1.1693779561428748,0.4349520910728436,-0.9704694765737167,0.8258652862340015
-0.9314513386101249,-0.007589514711945691,0.8146331132334316,-0.9319570839357318,-0.35003891029052275,-0.9281949913578914,0.42038349802238206,-0.9342962608849161,-0.003125288221993986,-1.0571646300586253,1.1760646230135992,-1.1661778714469073,0.49052709993561083,-0.9452241913999835,-0.004022195816845705
-1.0039951553956148,0.8845362280548014,-0.007627854235310365,-0.9430729480962852,4.167850078552957e-05,-0.9157438422447224,0.3963181135381307,-0.9689188806919465,0.04373120642323766,-1.0465710686873388,1.0999532787788373,-1.1491604646039488,0.8843003672333485,-0.9410585689738991,-0.23203170919366872
-1.0392442324215037,-0.09612226590082716,0.8843224332743168,-0.9560824055483013,0.46434274145544074,-0.9186549930221584,0.5711714658838863,-0.9919882954779112,0.7235115022781798,-1.0310594074671742,0.6923302485768019,-1.1034803728882727,1.1722503536761222,-0.9556230431327933,0.17362507853226208
-1.0630741492754618,-0.3963870348367907,-0.09614319359996266,-0.9881068577016052,0.4364780318398179,-0.9387391107838545,-0.0026705414258775297,-1.0358824520354786,-0.19571672958128833,-1.024214178982596,0.5337830013934346,-1.0751577693036984,1.3332647749891489,-0.9701758109724697,0.566046207008891
-1.211982843662981,2.8925369901738813,-0.3963489091651824,-1.0401859766547286,1.5271480748475807,-0.9734255612449225,0.04418054415919662,-1.1052431054412601,2.1312796662864035,-1.0232946943605503,0.4845108926322873,-1.024350601351317,1.1173485828709542,-1.018910835466606,1.500200572161965
-1.1250579878330806,1.2626830707922665,2.8919282798863946,-1.0660729440853414,1.5076163806378482,-0.9965375070652879,0.7238823669541713,-1.1338606558171285,1.4461375393024467,-1.0246028312612514,0.5194252217459338,-0.9946424474989572,1.0357195925980855,-1.051084170827089,1.2716366424121135
-1.1267006696656718,-0.9797964009121203,1.2623949054961237,-1.0986840289624529,0.8106772238071196,-1.0405125873870624,-0.1952397502494259,-1.1550791090100285,0.5325682776438502,-1.0294082237865028,0.6123155185538477,-0.9817447780675431,0.8273622597611014,-1.0734931672079848,1.1727596626188441
-1.1030604970625713,-0.401376325886474,-0.979643535540239,-1.1152301971260794,0.3592367497808042,-1.110001114879093,2.1314880198154436,-1.1187552035248922,-0.7975088725226858,-1.0290599584945237,0.6048316770516767,-0.9563794128714196,-0.0017047640684023637,-1.0980447048181288,0.47367877873835923
-1.1848189509594533,1.1268334584485107,-0.4013372189660327,-1.139544490427557,0.1765360113798497,-1.1386714248949779,1.4464249848551078,-1.1386845535990955,0.2541139493228787,-1.039955603511407,0.8239657395054637,-0.9521939765263895,-0.2294888585976821,-1.1239145491646043,0.27344110166978125
-1.2349205007857031,0.294420842907678,1.1265720108307409,-1.1682467447432399,0.1547567853977787,-1.15992899666852,0.5329611845873339,-1.1747741811173356,1.145973267393316,-1.0613205738370688,1.0352518716168277,-0.9668277270816907,0.17576688145162758,-1.1519092861907578,0.2907264381060202
-1.3643951600429676,2.38152252150716,0.294323106706907,-1.1937030726031772,1.5343392518938876,-1.1235381240198,-0.7969624229940422,-1.2619252193970598,2.096775446491685,-1.0902671001395288,1.5736938567664807,-0.9814497156362849,0.5678000475260621,-1.1950182565702998,1.1116069134292121
-1.262570860867667,1.6544612616594137,2.38101431294347,-1.21667085410585,1.4689125853966114,-1.1435042160695346,0.2545390007155877,-1.2878542699082105,1.2052022895577423,-1.1183656089174736,1.432836965954072,-1.0304165498640874,1.5010308722649588,-1.202255711833316,1.2214163110071863
-1.1869140454522902,0.966391968777183,1.6540960449568185,-1.2267278591562571,1.2223687754080264,-1.1796603788338451,1.1462953635662634,-1.2718448650373768,1.9655072152311577,-1.1389593274653702,1.1314694943198234,-1.0627429187436561,1.2726929094796922,-1.211105247247089,1.0592428070201796
-1.0765977390514057,1.8777570687941867,0.9661620753467586,-1.2223079759079067,1.4553338124063546,-1.2669720897548788,2.0969877831483994,-1.175868909274005,2.1280148274154826,-1.1466103679555038,0.9542674535317246,-1.0852585042467837,1.1739136832165429,-1.2039371916698292,1.3338234724591607
-1.0410620256083762,-0.08858521271429971,1.877347936283117,-1.1982972954668938,2.2243941337062707,-1.2929489433572434,1.2055175484001044,-1.1019991640177926,1.4917510913385892,-1.1544826357348548,0.673809580582983,-1.1099268220464027,0.4755239371962729,-1.1950672815938959,1.7011285036540054
-1.0609526676617538,-0.49996955929241477,-0.0886076227331816,-1.169240705407295,2.4998428057757724,-1.2769100233662558,1.9657347053423728,-1.059993007113863,-0.6296025930022381,-1.158573338939843,0.5567147509122666,-1.1359197171513458,0.27548422268518236,-1.177346154467372,2.023502986373674
-1.2288447670910059,3.391702221473912,-0.4999110619427007,-1.14660070277177,1.4346156239088168,-1.1807571252437437,2.1282235578337882,-1.110765018822269,2.478820316659242,-1.1721904981868225,0.4804405057881857,-1.1640476120573087,0.292752470182626,-1.1764769199483074,2.009445387187494
-1.281356277530527,0.35779032505816727,3.390995339863926,-1.1497382951718689,1.5867863044467139,-1.106751192888474,1.4920332713149662,-1.1908994078422115,2.9147991495210075,-1.1878675768743954,0.4896458809177192,-1.2073616316606075,1.112821391952733,-1.1645968299490692,1.4427018643769276
-1.1631861266919907,2.0842724998612865,0.3576801259183157,-1.1457751923613937,1.5407809091706095,-1.0646675929578833,-0.6290755263824874,-1.2249926735414518,0.878145178399495,-1.1843629840899814,0.4789034886310653,-1.2146335121156566,1.2225222277979755,-1.1503781946443328,1.1525013919570077
-1.3079873191433298,2.7845309633556625,2.0838227517549925,-1.1844225218823832,1.9626719396737695,-1.1155332085221563,2.4789885504930456,-1.2513854815402328,1.5288365257029113,-1.1975010157929875,0.6004331647479054,-1.2235251406332832,1.060509054684139,-1.1676997354025,1.6865936903909404
-1.1807493668221465,2.322708713729007,2.783943494720891,-1.2077534890921189,1.2654752653873644,-1.1958153342093574,2.9149170544569234,-1.2178346443632708,1.5997924069804434,-1.201382807147399,0.5652961718748368,-1.2163229899658594,1.3348182592693854,-1.1826003539325944,1.4720895796178748
-1.0971118450046784,1.176243212449216,2.3222120721353883,-1.2137928951942656,0.9251015609288208,-1.2299714546394063,0.8784981923407518,-1.1957999009160618,2.5892255412427834,-1.2009555734240425,0.5752341869486584,-1.2074108898733273,1.701760158787825,-1.1906192106262596,1.143726218779709
-1.0129002185480307,1.1913391909829159,1.1759720473659847,-1.177725237685721,1.926837634139465,-1.2564129207179582,1.5291144245791557,-1.0973929505844742,1.7784172892810506,-1.1886083257706204,0.8310973625486433,-1.189605471627591,2.0238159298743876,-1.1837445104510795,1.5030560827679538
-0.9256645130898926,1.2708568060224683,1.1910650569585723,-1.1183166125316468,2.6574230430404815,-1.2228002288375552,1.6000621147908973,-1.0123261263114698,1.8440995168698298,-1.1663974810603108,1.2412709678486311,-1.1887321025661832,2.0097722285636115,-1.1403695444767352,2.523719312131202
-0.9729485908932406,0.22033592131951854,1.2705670331896883,-1.086542611600602,2.9177717753300674,-1.200724861887745,2.589381030023718,-0.970919615638169,0.3122345187086622,-1.1382836876151143,1.092444953351406,-1.1767955045313538,1.4435890098819057,-1.0962467075255213,2.4040202535644917
-0.9570390668208594,-0.6046523426733689,0.2202527554739596,-1.0279262609985818,1.4885345480182242,-1.1021364873878963,1.7786663768393642,-0.9522907919031045,-0.401973945779133,-1.1163403154521467,1.127604565779562,-1.1625092378240012,1.1536754406489653,-1.0667539500335084,2.5487733726532915
-0.9767656563976389,-0.5042832897452115,-0.604573257256532,-0.993856335850883,0.3354030151386573,-1.0169128329541324,1.8443410221469037,-0.9693322269954119,-0.8972040996776495,-1.1012474040094533,1.180655290672204,-1.1799131690557858,1.687239715192089,-1.0193671952499719,1.1138163180189549
-0.9747480752657739,-0.9699384910679815,-0.5042239440098389,-0.9734187996029173,-0.6242041249701545,-0.9754299847687535,0.3126528607293071,-0.9699323269961029,-0.8829665255212151,-1.0939325349167182,1.2709156619106976,-1.1948846628639536,1.4729476713136351,-0.9898952923341069,0.06841635644026486
-1.0370289107166468,0.6146729743097684,-0.9697875644610336,-0.9774488406997517,-0.38025953407739194,-0.9567668167232473,-0.4014731563501052,-0.9966076936231232,0.010684352186933439,-1.0936428755661367,1.2734655855012285,-1.2029416615110446,1.1449089429404895,-0.9812994316341127,-0.4710933153560321
-0.9602746146610068,0.9952500254029585,0.6145122538037983,-0.9832295158694976,-0.602188458922076,-0.9738396695983148,-0.8966461414459931,-0.9911081881489121,0.20712082369624676,-1.0864121518618104,1.3702664148723567,-1.1960342616002393,1.5038835598049256,-0.9737704657867178,-0.5506162672372495
-0.9078833621880861,0.3546281633921341,0.9950144564298358,-0.972362140886026,-0.21605442411553655,-0.9744408759501643,-0.8824102108588374,-0.9688098481486282,1.0874910803313826,-1.0633606210720068,1.3575214722513553,-1.152452981185415,2.523537722811751,-0.9712265771093656,-0.4190588214692063
-0.8185789516542467,1.3252530350095193,0.35451858615776244,-0.9492361483749007,0.8085540719750849,-1.001165421585243,0.011137504813953576,-0.8959601904440945,1.3311554602790072,-1.0301238343016805,1.2776853023606596,-1.1081202725210253,2.40395700327149,-0.9491414387763188,0.4736732478637816
-0.9623256130082474,2.756802257259006,1.3249525640162831,-0.9468243322726111,0.7786381642550233,-0.9956557771604483,0.20755129992163754,-0.8966441664365392,1.3650199730485804,-1.0156979804609736,1.136851420029442,-1.0784872317659941,2.5485670139399432,-0.9498977669275509,0.4781550420877755
-1.0109897498154397,0.25662432534119967,2.756220242056441,-0.9528775172870663,0.9154698826490879,-0.9733163276879724,1.087819927621125,-0.9310285402219259,2.3655232985332364,-0.9943675385160003,0.29999366307546155,-1.0308750803376485,1.1150286122413515,-0.9547940913679126,0.5813538302091732
-0.9117241226224663,1.587181440727842,0.25653402261913005,-0.9319487639952817,0.5356973286178675,-0.9003323635293454,1.3314561792313793,-0.9620910034560199,0.5295559068086216,-0.975046076168278,-0.14664511509306838,-1.0012629933542372,0.07066217269018944,-0.9457774691921731,0.6043215469554742
-0.7881731336462708,2.225760673751475,1.5868294560145446,-0.9032038972420553,1.1036489450913827,-0.9010176005076771,1.3653167827203252,-0.9040138650378223,2.7874463163065375,-0.9528580183262565,-0.04598244546136268,-0.99262624616244,-0.4683141193946488,-0.9101745210433573,0.8234432606114953
-0.7963532071848135,-0.8078968583471193,2.2252830990253005,-0.8845758213787219,1.4020459434229653,-0.9354653657140373,2.365704611245247,-0.8324359222969,1.2381803847188515,-0.9373055561808782,0.11954801134369065,-0.9850614685434089,-0.5477584518713474,-0.8867228437724484,1.0024262483410262
-0.8580024191080735,0.5980645469195115,-0.807777800629242,-0.8911604382700378,1.2790782258417892,-0.9665850960571862,0.5299491614967496,-0.8145205712063096,0.11210100391250737,-0.9324460471592358,0.17221785262928666,-0.9825054797765852,-0.4163310687808283,-0.8795865471953758,0.9985721350428478
-0.8691593563872406,-0.7296207601249735,0.5979070928094746,-0.8755995516543188,1.0409102423663155,-0.9084008859687762,2.787578922707881,-0.8415282146537381,0.14992285564506747,-0.9249918775976703,0.16992912496617998,-0.9603152927626749,0.47551841178972754,-0.886822913368002,0.8874494480019903
-0.794025415289937,0.9526430823499099,-0.7295170970451852,-0.8393615666621757,0.06906344502632339,-0.8366909813218719,1.2384918366076214,-0.8407519323258439,0.1983906411067432,-0.9132841951473105,0.29339645503060147,-0.9610752184134286,0.4799957751420707,-0.8627447774961318,0.83735673586922
-0.8338472533765994,0.024117666164197096,0.9524158929266535,-0.8263543559372495,-0.412240276952844,-0.8187426012870884,0.11254244911723078,-0.8326965609131574,0.0908018608359578,-0.9030197586220983,0.27626744664191355,-0.9659948323807012,0.5830925370298186,-0.8374016040729156,-0.17208118633492117
-0.7850376154199771,0.26045025197290633,0.0240730907580342,-0.8258306529854462,-0.3924233385277901,-0.8458000363318852,0.15035993473847936,-0.8046432709913903,-0.3321347206746129,-0.889394704520633,0.30746119158912494,-0.9569353223474748,0.6060375470207611,-0.8192769971211172,-0.49938368314818693
-0.7204600622371223,0.6750647552044635,0.2603591968020409,-0.8131547693954697,0.20491489159799606,-0.8450223228410985,0.1988221251344284,-0.7801103719612763,0.7932526372646818,-0.8666586482648135,0.24662906264655918,-0.921163027614477,0.8249426286449317,-0.8095895186998481,-0.046522951187535064
-0.6299854100325923,1.356024329882226,0.6748921573868805,-0.7750707360408593,1.147584199986355,-0.8369521004544345,0.09124576478940062,-0.7121256235531334,1.5584648350936974,-0.8429371924955912,0.5819257923884155,-0.8975998016756722,1.0037486670085072,-0.7857878447930849,0.9547063177392575
-0.6100961044046401,-0.5000047003593115,1.3557178070678229,-0.7318012730763933,1.3436149725529116,-0.8088470911696153,-0.33164199340586414,-0.6537853553723517,0.864194802451553,-0.8215500349222891,0.9121625838945622,-0.8904295610711561,0.9998983640328241,-0.7503207329901898,1.385489136714436
-0.7047498258099898,1.4659122050900728,-0.49994619609836893,-0.7168902164789409,1.1708310679166634,-0.7842689630089716,0.7936154511038053,-0.648546236303226,0.5394504841421816,-0.8133747977782138,0.9974000086168393,-0.8977003472555213,0.8888855370924409,-0.7267992216102974,0.949052194457405
-0.7204003218357437,-0.6114634387082342,1.4655840705179604,-0.6979419952813242,0.4970151488319731,-0.7161588771486179,1.5587393137117884,-0.6786982006456108,0.8954329717050924,-0.795999661038699,0.8251574399370621,-0.8735076829449856,0.8388423485136313,-0.7162659303379011,0.785526855574838
-0.6763997523955494,0.13399665773819402,-0.6113830137463658,-0.679796998047255,-0.03858862263485564,-0.6577110521886131,0.8645494268082557,-0.7008094341813431,-0.465938479773378,-0.7719693212231693,0.41923526035951497,-0.8480439638907276,-0.1695976050982358,-0.6937404528119969,0.2117300721398951
-0.7197631653769122,0.11724274291376369,0.13393047232147487,-0.6796806004005326,-0.04252108144091984,-0.6524622742202296,0.5398425966116175,-0.7058161490058547,-0.3596529318381323,-0.7581826358186586,0.18524263800861152,-0.8298331466547668,-0.496576518256868,-0.6844018596409469,-0.17991384212191677
-0.6537837226642507,0.7119271889914849,0.11717985250613616,-0.6836554605906645,-0.16274864919972343,-0.6826698270655993,0.89578398996326,-0.6836005511274563,-0.05709044657648634,-0.748530753699023,0.25740447073405,-0.8200995894263966,-0.04416350158135634,-0.6748627029112504,-0.24346526459241263
-0.6444706424261994,-0.7781046503643378,0.7117473414023863,-0.689396791282924,-0.4761510336100445,-0.7048218251219263,-0.46543030635169474,-0.672952690436335,0.21671841975663758,-0.7376225087683684,0.3055219573178451,-0.7961847020813229,0.9560759141389382,-0.6769350557571578,-0.3053213042234255
-0.6070464817446517,-0.03892883123054545,-0.7779914519096351,-0.6730781077367796,-0.1256941862801087,-0.7098377703825981,-0.3591570278985562,-0.6353634326701876,-0.37729190445683236,-0.7195987886928401,0.2446082814356045,-0.7605488898042558,1.3864328448906094,-0.6764987566335631,-0.2816796286633442
-0.5306252636284872,0.9864918007149407,-0.038961007219360966,-0.6413813510959353,0.4972407086469394,-0.6875812155763208,-0.05662947010420315,-0.5942920054990318,0.8351074648308727,-0.695285182933957,0.2453698084009302,-0.7369154975882504,0.9504273807376796,-0.6515873487821398,0.4228404063076909
-0.5628245812892887,-0.17631514149593353,0.986257954230578,-0.6224117109703795,0.5989814998963452,-0.6769137243686237,0.2171477880465148,-0.5670643162274204,0.1191519329763595,-0.678680279471477,0.2514409238503716,-0.7263321043723375,0.7870637092035014,-0.6290435244585432,0.3934859034462021
-0.5923600022534059,-0.2463618274216973,-0.17632029758246753,-0.6011324812604925,-0.043116039308983896,-0.639255166621095,-0.3767939642944288,-0.5621666041453772,-0.1536826651277021,-0.66133660288115,-0.029344906990094583,-0.7036994836778359,0.21383420301822392,-0.6170202437375816,0.31308734337313465
-0.4926204610292988,1.5996429251900406,-0.2463532073568433,-0.5742145462497251,0.1893242100050205,-0.5981080197016011,0.8354654469965666,-0.5494925946268476,0.5877237615117581,-0.6403351275170247,0.005985372564522919,-0.6943164711837575,-0.17742251722482635,-0.5845237109245863,0.19270947562308063
-0.462901410152872,-0.2415333118076588,1.5992884896642,-0.5438883494185964,0.24665506223954722,-0.5708301331536476,0.11959256422989513,-0.5161697739438708,1.1915576517853745,-0.621837198769181,0.19951118793574688,-0.6847319411439239,-0.24091111035017398,-0.5572148288288095,0.36571103863390453
-0.47668694801778405,-0.6605021791067502,-0.24152564137177296,-0.5221153384898253,0.07691926855753722,-0.565923391594135,-0.15321053816017072,-0.4775946126443631,-0.7365961772651832,-0.6108272637328089,0.3799115923264959,-0.6868141512037398,-0.3027059967557766,-0.5332105873257,0.1436438057880216
-0.42614194452725335,0.3060813774859098,-0.6604121096470349,-0.50466424470614,0.4459254780221744,-0.5532260161281017,0.588110301369259,-0.45542506318477405,-0.3266409575864896,-0.5976156285780758,0.65412123723318,-0.6863757768091322,-0.27908769425228325,-0.5073291915459519,0.18407974106240335
-0.40937465666893974,-0.5820975977440781,0.30598134799620597,-0.4790346126396599,0.49602079165273133,-0.5198417611154749,1.1918744857491173,-0.43757472489184807,-0.002050035347440463,-0.576401707832502,0.7722485245422425,-0.6613458770336927,0.4247358255075998,-0.48998228032125085,0.4452027047068341
-0.345234045304835,0.6635754484367089,-0.5820229481913588,-0.4377589498047703,0.1686717228337512,-0.4811954822116646,-0.7360567594284214,-0.3937372299890892,0.2770422799939014,-0.5494571691975062,0.9162960325736037,-0.6386948222743569,0.3954103436203118,-0.45885234369077954,0.7319118009067769
-0.3879950985484696,0.1014038016306826,0.6634051102325149,-0.42028413154180505,-0.0020329201853125805,-0.4589850607195831,-0.3261488645114692,-0.3810158512166219,-0.08878164333963522,-0.5287438726561672,0.9180221115580292,-0.6266143524264656,0.31509126861121123,-0.4296145532094778,0.007246217606280278
-0.4045526597337846,-0.5876123230005297,0.10134402628339031,-0.4105385613925844,-0.1633379347148449,-0.44110181334079424,-0.0015954126772862026,-0.3794077903697125,-0.16345238006477747,-0.5061053729328053,0.6475257579522122,-0.5939632487951597,0.19483241098409487,-0.41701499293397815,-0.2254637892482804
-0.3382890842110238,0.7193984102798305,-0.5875365888613094,-0.3874229662762622,-0.3943996404569652,-0.3971834991358968,0.2774646845663382,-0.377091754053534,-0.02223445587208092,-0.4834464667178262,0.6048588191222186,-0.5665244711109214,0.367662938092164,-0.39918713202819145,-0.1375851138052799
-0.26937283608450086,0.78914996069501,0.7192170933182104,-0.3612389549206411,0.13846492278927422,-0.3844386670854328,-0.08831700847183925,-0.3375330777611354,1.1836303043149061,-0.45650684562945787,0.6512419924710285,-0.542406052650122,0.14581524933005144,-0.36952740837391235,0.07089355997272248
-0.28817512906894976,-0.5285875028874943,0.7889549256265963,-0.34099587362422284,0.14215417455174806,-0.3828276415993319,-0.16297912529252623,-0.29872298454884405,0.019211154250503064,-0.43360542292907217,0.6022838954266845,-0.5164015511671372,0.1862112081061113,-0.3497889661530999,0.09173561283022402
-0.29659295779152794,-0.8016451284192702,-0.5285233772183506,-0.3328717042617136,0.21933944862827276,-0.38050733541236775,-0.021777503135503883,-0.2848179760503218,-0.7706931333743116,-0.4167971624298323,0.6262600079947691,-0.49897212879336683,0.4470760156909107,-0.3336536727532898,-0.033288011387896596
-0.30785961693779973,-0.7267356433057529,-0.8015273002353356,-0.3194872538344303,-0.007111099954340276,-0.3408757282962857,1.1839480534025753,-0.29765271780694896,-0.9185567602990654,-0.39848551300317264,0.46766076314051525,-0.46769412160390317,0.7335016604107446,-0.328306640625253,-0.020188942066940708
-0.42547448939111615,2.0696715542993678,-0.726632547644759,-0.32298167585908666,0.23029406803854857,-0.30199408435655634,0.0196633225532441,-0.34343991522942613,1.3215152224806237,-0.38649975247448504,0.030607551851562487,-0.43831726061848647,0.00955250897408834,-0.3336686893770627,0.2315463686173283
-0.5201986269433938,1.467763785045898,2.06922467777556,-0.353364712287075,1.5770197760928077,-0.2880634404268678,-0.7701497794239293,-0.41800892191829236,2.596095967431979,-0.3884804234554301,0.11180919997286183,-0.4256577701235586,-0.22292743194690642,-0.350213763888308,1.1410834395588607
-0.42917443301432057,1.3704744309804024,1.467435286321714,-0.38005521828165667,1.4209433998744165,-0.3009218444587733,-0.9179963371406854,-0.4584655228881228,0.6758576051065706,-0.3860581432682196,0.060878689457323866,-0.40774511041585676,-0.13513563669345863,-0.36321642108607477,1.2739926307823135
-0.3475877768501922,1.1223160678740411,1.3701650662502445,-0.38997848351946296,1.156312991009603,-0.3467934556770382,1.3218170542910228,-0.43249151779930883,1.866692130364746,-0.3767862075349857,-0.05460475853143678,-0.3779443093185626,0.07313692716533735,-0.3744063661752594,1.0239465130013365
-0.5709574636678375,4.850475433119333,1.1220555086959685,-0.4358036043535668,1.5787401529507579,-0.42149993863125973,2.5962506630987714,-0.4494187989795238,2.838435585567324,-0.38718689542866147,0.34644373226870984,-0.35811198055349,0.09395837477937342,-0.4148630713184899,1.5417746490895239
-0.5621446944123852,-0.7912602379315804,4.849481653130947,-0.47827500335747203,1.2496400615943857,-0.4620311258488795,0.6762339708939553,-0.4937623093619865,3.3289166360617446,-0.39815887889773016,0.6340140321396877,-0.3418999391043158,-0.030941646344869456,-0.4528546535153832,1.4969276560759819
-0.4976056521086446,0.6740521185442683,-0.7911444521543867,-0.4903225502399596,1.1454115877437696,-0.43600923479008297,1.8669310275763547,-0.5437909333500454,0.1803736287082004,-0.40910224695405906,0.6973146672475449,-0.3365274736435503,-0.017855527260359792,-0.48000097228346333,0.8650170460054001
-0.43943191869301185,0.5066774628150441,0.6738797198829444,-0.4768326705883434,1.1535621502843458,-0.4529677232976127,2.838562305825735,-0.499929213384781,0.9574376121354993,-0.41279645262857156,0.7049855113038849,-0.34191502715514954,0.2336309083538299,-0.48199781413932424,0.8248073157341106
-0.380736675950483,0.5203904570441041,0.5065379818937298,-0.46874246204153214,1.372992002261455,-0.49739298587808395,3.3289867357485927,-0.4394324657244517,0.8500216901481048,-0.41108598253751627,0.7105352691407785,-0.3585387988529818,1.1422687764713524,-0.46204546797164914,0.9941062028036868
-0.361784642945237,-0.5246501158933401,0.5202482791745762,-0.47111366199756244,1.264289029053706,-0.5475138432039883,0.18080719259919292,-0.39413827537941093,0.19620059350238464,-0.41277343961899493,0.6876541048497139,-0.371603303613836,1.2750465686304864,-0.4524042403102549,1.217776401583616
-0.4175666100455593,0.44378639646667756,-0.5245867645940125,-0.4454938961330355,0.8232930867784711,-0.5035712592749858,0.9577814726488831,-0.3868465356262543,-0.2451925846423472,-0.42341675464422274,0.5025247136379778,-0.3828464740418357,1.0252476559194563,-0.46241587355059527,0.9321730012677004
-0.40507212827829164,-0.6944502676706948,0.44365928439393215,-0.41925920043204473,-0.02057848186667726,-0.44296297912543897,0.8503779506326837,-0.3949620298097936,-0.2120915527601498,-0.4318123272437533,0.3294080064392362,-0.4234956128227139,1.5425638474842167,-0.43868322380442387,0.5266853011449921
-0.3171506855216172,1.288888145314999,-0.6943535216066374,-0.3891191113467123,-0.15167941064815976,-0.3975852838980426,0.19663233034666078,-0.3800773004453881,0.7149467383489945,-0.43328878854563974,0.2780944404530538,-0.46166790321955237,1.4977611919078773,-0.4036327656716304,0.162670788210785
-0.31777692008970626,-1.0065236994538815,1.2885948262407867,-0.3687999560198862,-0.18276679880991278,-0.39028010101088545,-0.24470989387435635,-0.34679899365637845,0.5639998922364763,-0.4340010518130139,0.25388184373437034,-0.48894334433832304,0.8664753126187565,-0.37790528167624243,-0.13443301202539681
-0.2884335199898056,-0.2514109816113894,-1.0063655775976135,-0.3533832268706183,0.11085629111065165,-0.3984105570114236,-0.2116126831374256,-0.3079018351244214,-0.6677184416289512,-0.4241587340845845,0.43900597623831983,-0.4909496842376052,0.8263053352109487,-0.35630245524049364,-0.09832945736069726
-0.23992350030325868,0.2525718432914763,-0.2514013685243592,-0.33302964079462255,0.614252670998248,-0.38349838599136643,0.7153185917315396,-0.282147772121669,0.1537548686048297,-0.4040293022816641,0.5879040440568685,-0.47090243408456944,0.9954368469835542,-0.33615679396528636,0.3327316529493235
-0.1759554648100248,0.6590375968599931,0.2524823375750819,-0.2926750771096414,0.9023145814348966,-0.35015872693902583,0.5643891707503161,-0.23485252648908667,0.7764896609771252,-0.3858430507481205,0.9575068534765595,-0.4612153476093221,1.218885916926831,-0.3095708465881675,0.9830194557772085
-0.16668014558296498,-0.7790975693767186,0.6588681511195819,-0.2528581868817944,0.5982263148511253,-0.3111898571650213,-0.6671869749592237,-0.19424967314921873,0.17422872767836473,-0.37285021806305024,1.269330437255775,-0.4712746015097339,0.9335648749581623,-0.27367737491290084,0.9656657450882898
-0.15308444188813317,-0.6654938345662654,-0.7789841756436462,-0.22545538776501442,0.6307907440717835,-0.28538831368000744,0.15419150533504775,-0.16529020019679255,-0.8593064185402342,-0.342838469981698,1.2119175651248677,-0.4474290666409232,0.5284780553456613,-0.23762635516843544,0.5873096426127351
-0.1430266438630787,-0.7585224297044781,-0.6654027833927062,-0.1962681118879773,0.26548964326869884,-0.23800587399687598,0.7768544099150616,-0.15430895147102316,-0.8459233679431668,-0.31273730361334984,1.0252570083761168,-0.4122118898607304,0.16482342095678076,-0.21271502178645382,0.5209415358085139
-0.24823996374327717,1.743574953345489,-0.7584130825045887,-0.1895548726303456,-0.10973723144772467,-0.19732816477669274,0.1746630009297049,-0.18150788005368051,0.8363642857422584,-0.2948277956305593,0.725316707608117,-0.3863620322485283,-0.1319866512008744,-0.2027666063613699,0.11032677042421847
-0.2441467218122462,-0.915359362579795,1.7431922105645192,-0.1902602468016192,-0.07885862870734948,-0.16831530181191506,-0.8587528351735491,-0.2118757315778413,0.8924091171355275,-0.28080236247902207,0.5179457109243789,-0.36465645126418766,-0.09591878987880867,-0.19643064503568083,-0.1751408494618426
-0.2971457779845865,0.3706102526716286,-0.9152191701043302,-0.2105017890791411,0.44289231936679896,-0.1573138079316131,-0.845371329500538,-0.26327206149550264,-0.20425214758481217,-0.27479884265148585,0.4111973703735661,-0.34441496649400516,0.3347161570783425,-0.20461724134149692,0.19112859666117876
-0.22573733637314286,0.8546817414587878,0.3704975322238629,-0.22036568490428857,0.3389058407112645,-0.1845628807670806,0.8367221228219835,-0.2557677858783188,0.07203234337625225,-0.26502789004344285,0.3319335195208167,-0.3177025621909953,0.9843610607354255,-0.2117393640941925,0.16285793731866666
-0.26735371403317293,0.07130476243316604,0.8544738181898748,-0.23945125571071466,0.11305270272017744,-0.21498671880628006,0.8927604844640086,-0.26350695619861625,0.028064873636028286,-0.2542395611523009,0.03942029041535473,-0.28163836204691667,0.9670245065826801,-0.22614238852739937,0.1514978754572825
-0.1941925393536982,0.9007695431670458,0.0712509066938486,-0.2479971255051839,-0.41758049899484656,-0.26647780357993045,-0.20377418293405639,-0.2291736552173572,0.05825617594295854,-0.23909413474657026,-0.2851879179780977,-0.24541586445110927,0.5890424612914853,-0.23202358397237846,-0.05343527244764275
-0.220748512379193,-0.3247058766667781,0.9005525557643328,-0.2434054270395247,-0.37321669640155775,-0.25895969299521976,0.07247841406132609,-0.22750996014564695,0.07062767740710707,-0.2321705058352702,-0.3992043827336395,-0.2203860394993278,0.5227399685133101,-0.24314298689476282,-0.5536101514687382
-0.18772358262196048,-0.15460581947635654,-0.3246818485998397,-0.23398147781921078,-0.18859262407813812,-0.26671313133757935,0.028516019875528435,-0.2009545520275951,-0.6408591831021874,-0.22283004163253872,-0.5327797979530451,-0.2103903041117728,0.11253115245027927,-0.2344851144331241,-0.38832654552990864
-0.19673060203666146,-0.7861524648287956,-0.1546152451568438,-0.21720985658965317,-0.5871667011855615,-0.23231653309374684,0.05870383693304667,-0.20180095638711032,-0.6565001165563054,-0.2162439144396082,-0.6291032616664208,-0.20402420557936904,-0.1726542433262145,-0.22770145172831796,-0.33007851263763327
-0.16342407130022343,-0.1472011722273291,-0.7860376836024181,-0.20680212220574506,-0.40241759209754124,-0.23064977081495816,0.07107391024521405,-0.18268414845255984,-0.6507863759493847,-0.21074970573996776,-0.607955684157776,-0.21224974169754762,0.1932530949390574,-0.2085703427562783,-0.554449985277462
-0.06876785832321913,1.4659777205199205,-0.14721205418715533,-0.17363376172563472,0.15892722220020716,-0.20404540484571368,-0.6403308170345484,-0.143014267833891,1.1396684633015228,-0.20305146422721365,-0.31667094407652163,-0.2194057410594288,0.16501038504196053,-0.18611325434246506,0.2537679462901692
-0.09653383626223479,-0.2928890144545458,1.465649573062823,-0.15732253423877027,0.35455457716860256,-0.2048933696458931,-0.6559699449171953,-0.1096002076019842,0.49390204921568226,-0.1980135382199174,-0.18602541688739682,-0.23387727394815622,0.1536615541683316,-0.1616746364302682,0.13153231446404196
-0.12673028474327097,-0.228980227405622,-0.29287124384154306,-0.1416193490608491,0.08392049583623398,-0.1857413177477034,-0.650256863897956,-0.09736340150675636,-0.222419559201591,-0.19612077586411908,-0.1481611504759525,-0.23978644349110467,-0.05106898905865723,-0.15202304151383444,0.10733439565612465
-0.13094308792409928,-0.9122155209571559,-0.22897502579733053,-0.13213571333239207,-0.09042110811494497,-0.1459983012877956,1.1399912872938442,-0.11809787183380621,-0.5946900995102565,-0.19525293176347913,-0.13061067718669145,-0.25095873621618675,-0.5507493762354028,-0.13917488541315276,-0.15577612445039155
-0.15008985016736814,-0.5195297455001027,-0.9120759467841497,-0.12434564557789717,-0.42541205428422824,-0.11252263851597288,0.49429941974435754,-0.1359579680212996,-0.8248264787011587,-0.18820376531992522,-0.16259415011855818,-0.24225968230177808,-0.3856291759344202,-0.13379075553277978,-0.29169589688963243
-0.08679354090216793,0.6413746761537444,-0.519467401229113,-0.11154660182456555,-0.5516821047530305,-0.10026327250642478,-0.22193949732561416,-0.12263968619993934,-0.09599739871440993,-0.17690261932786838,-0.1098435766864279,-0.23544375288404415,-0.32743872925533296,-0.11806243476288229,-0.5199750537058172
-0.058846569732296676,-0.28812982990650743,0.6412087041975157,-0.10988952068334444,-0.4652391961360701,-0.12103596913782351,-0.5941670631488292,-0.09859662071022837,0.42440583606748894,-0.15978790879787538,-0.20146684106180396,-0.21622164616815234,-0.5515883797525896,-0.10310088791962113,-0.5348004938516518
-0.11676087277748251,0.4998557877474942,-0.28811299528706313,-0.11326789643011144,-0.47783623240260853,-0.1389289924009448,-0.8242768756592979,-0.08748192604552672,-0.2233913116523702,-0.15196119110669595,-0.2632302168180361,-0.19365773988078397,0.2558305169326825,-0.10996708498056768,-0.6314670605231893
-0.03970466436917587,1.0031887565747315,0.4997176484518001,-0.09873263591393239,-0.17742410851184637,-0.12558615684436597,-0.09553193086806532,-0.0717785194079441,0.18300083599728276,-0.1356113777103201,-0.36051945657651796,-0.16910287888533848,0.13371573188547642,-0.10183672898053134,-0.34046186959695857
-0.045748743567286074,-0.864062446483365,1.0029516262834535,-0.08450324019795283,-0.15615946851968154,-0.10149876528678864,0.4248112291595353,-0.0674105984575841,0.2824109486018267,-0.1249501060531865,-0.33278398293521616,-0.1594053758428649,0.10954173605730608,-0.09025097579672935,-0.2521542968059058
-0.05969202644193035,-0.6563543023640742,-0.8639323426234078,-0.06940474492383664,-0.6103685698062008,-0.0903635794451099,-0.2229111375984017,-0.048379027387569454,-0.9049352800641487,-0.11338298773999277,-0.4645214737200624,-0.14649610706860372,-0.15330866301592275,-0.08005732919000282,-0.3395879605506119
-0.08236932667527448,-0.42669488217841806,-0.6562650486714031,-0.06866580039128607,-0.6266397425296174,-0.07463122182918185,0.18343409660647025,-0.06260702751363591,-0.6050910637683399,-0.10581641793535666,-0.5761519779011419,-0.14108636739883287,-0.2890940600161399,-0.07036878462461482,-0.7459180012041201
-0.06971218064233597,-0.6901730399752766,-0.42665079583232945,-0.0704806048657132,-0.6357193605220951,-0.07025524813028346,0.28283273342129894,-0.07059846040670635,-0.8643744005162332,-0.09669392218690376,-0.7647061176331271,-0.12528323435816033,-0.5171475314050564,-0.06792501261015321,-0.7759789290094032
-0.014062838441586869,0.4402990485158716,-0.6900771351178441,-0.053327694295757136,-0.7566106102743484,-0.051188590240278484,-0.9043764293538697,-0.05538183715153427,0.04522977222797283,-0.08596675996287968,-0.7749181892687768,-0.11025052242931713,-0.5319583145588099,-0.06151795675706337,-0.5679764873432542
0.03636757919470882,0.30306836299735,0.44017262230331616,-0.040621897158103465,-0.14915293508521482,-0.06544282126853421,-0.604566826731493,-0.015784929069468868,0.654312041648774,-0.07841590575416973,-0.5138849598455681,-0.11714937878054858,-0.6285293129984243,-0.03961039085742907,-0.36182841855735987
0.0366456359360558,-1.015678972969733,0.30296892608020226,-0.02686015933880145,0.14275207152314673,-0.07344898725780319,-0.8638202321075045,0.0196837456109594,-0.2148835284226084,-0.06885092174969946,-0.3390600720562815,-0.10898035047699867,-0.3378118208343908,-0.02868721352590456,-0.0906723653148686
-0.03850048606648667,0.9529633770687762,-1.015519050536717,-0.023320689481852952,0.07898598971868735,-0.05820431046364315,0.04567893697120903,0.011534170888129422,0.29899176621577905,-0.06251423487797993,-0.39724344786197274,-0.0973394892802689,-0.2495915522570662,-0.027650230020803516,-0.10102389918040545
-0.02463998451299422,-0.6585310223586817,0.9527361246528387,-0.013678574617872273,-0.19933756472853012,-0.018534401073333796,0.6546908946313652,-0.008810901056808082,0.17821509564195423,-0.05487951860399805,-0.47884939916311986,-0.08709735626095677,-0.3369387757676526,-0.02263545380786162,-0.16339516159933912
-0.06290056215374422,-0.016935397282018445,-0.6584413405683244,-0.012540879203085251,-0.2550275832565376,0.016999664057479744,-0.2144043364974066,-0.04200800710231299,-0.5727609713079599,-0.04861756147617529,-0.6706591799749023,-0.07736272781731846,-0.742867103141176,-0.019850123999801673,-0.27344142379210545
-0.07405350822526133,-0.7297257082143913,-0.01697189874136284,-0.022560687279115657,-0.020778647650368343,0.008835064686382649,0.2994116369646276,-0.0538643860448609,-0.33435536071069794,-0.04770256904709023,-0.689761780726751,-0.07490733192155806,-0.7728983115737822,-0.02047122294575371,-0.2479299950451877
-0.16616753253728733,1.3991313254621056,-0.729622024494358,-0.05638866345490806,0.5650055529000335,-0.01154751566363587,0.17864890871153546,-0.10106161818710427,0.785990490826036,-0.05541038824497523,-0.4319443920351404,-0.06846980069831493,-0.5651015090057224,-0.04223232329404708,0.5254950424889192
-0.28636701952637583,2.1376335300215232,1.3988163247520085,-0.11033913317851489,1.5942049936009801,-0.04480582426986124,-0.5722404664200145,-0.17558419991664245,2.5994089460459544,-0.06759154540031816,0.21196579476033145,-0.04645803074688872,-0.3591572460145985,-0.08840486274386054,1.6009377009954535
-0.2514709682088165,-0.10540501359365345,2.137173287348356,-0.14591005386702618,1.8283520294522575,-0.05668406176692174,-0.3338623770938029,-0.23475015850085998,0.9739129904378167,-0.0828006558996971,0.5295951038520675,-0.03548289696608998,-0.08826926792441586,-0.12962472365664335,1.5854677661013223
-0.22609159061610398,-0.3556442425742733,-0.10542411564556776,-0.17955705992713675,1.3859992568665218,-0.1039683072609333,0.7863541429990396,-0.2547338982005386,-0.1760558453120566,-0.09575292563668926,0.6945378494012463,-0.03444098101512215,-0.09861056787120207,-0.15646274384280773,1.4952136354754304
-0.2210011236635214,-0.8891375094693189,-0.35561412982814117,-0.20596345426734428,0.8159969602007078,-0.17862827966624592,2.5995632592662843,-0.23293539038850752,-0.6838027840708767,-0.10733818655740268,0.8121779200404726,-0.029402351855549298,-0.160920167695948,-0.18455546299894263,1.0168059882798441
-0.2983554297232863,1.0110271808623166,-0.889002474071785,-0.24342698338944577,-0.009604879409878165,-0.2379033172818667,0.9742549490523702,-0.24857062780237815,0.2975487027691128,-0.12285036412307547,1.0821594621081367,-0.02660377353540424,-0.2708576339826464,-0.2182411886837237,0.7323019602594755
-0.3127359877114405,-0.6448562316703779,1.010788508980338,-0.2679072533404466,-0.3085956099409524,-0.2579238992304062,-0.17558113561019034,-0.27746518423764777,0.5187247035727545,-0.1403043965572997,1.3055420082698759,-0.027227826758751968,-0.24537142680118942,-0.2523886778086127,-0.018354476067615737
-0.21143370051784552,1.6407350502122753,-0.6447692393147059,-0.2553916825413006,-0.18476850332704112,-0.2360852034424669,-0.6832694606430515,-0.2742745976874428,0.7179776333241381,-0.1544796227205131,1.2217589361906587,-0.04909243449066482,0.5272889734244122,-0.2588647542352096,-0.3359198574359684
-0.25363259415246064,0.08662191552295637,1.6403725330573373,-0.255752723302569,-0.18512696224142908,-0.25174926615713,0.2979687401035553,-0.2593602288457457,0.5750726856859713,-0.17530750988340954,0.9994959655944639,-0.09548459513044683,1.601668408554478,-0.25418155152643934,-0.39276982926249165
-0.16210282244441435,1.3837685080138116,0.08656504734390665,-0.24506514174340607,0.24894331826046417,-0.28069709292392475,0.5191192086025975,-0.2091264152265852,0.39024982476605763,-0.18958167536809753,0.6196792133246449,-0.1369005196561882,1.5862137678243653,-0.2413959553981806,-0.004269617677521185
-0.09973378668363782,0.6169921856418219,1.3834565287243012,-0.22481073473625643,1.0355483655250028,-0.27750062417221694,0.7183491368236332,-0.1718762343459212,1.5410830487702267,-0.1939794667940328,0.4858708479585176,-0.16386619576078204,1.4960488658530606,-0.22331837490329776,0.6670771646397186
-0.07431002055259808,-0.35447705391910445,0.6168310090142525,-0.18739004901460282,1.3231591075617875,-0.26255875903119213,0.575460685969198,-0.11207495005401247,0.36702257148341116,-0.1975467815789497,0.3471289711207589,-0.19209253885192334,1.0181141905913627,-0.20233177857255055,1.218260645245696
-0.11458247020462482,0.03596641646779396,-0.354447170725126,-0.1542938988604517,0.6445239228236189,-0.21223233378425801,0.3906591607889884,-0.09622765299098798,-0.5364994616990235,-0.2012585895300402,0.2321150628485647,-0.22593849178969938,0.7338914340371183,-0.1760400073871551,1.0408889606586018
-0.09441858407254133,-0.49278465524338677,0.03591951075612433,-0.13474970952227247,0.5371330458281031,-0.17491347804819932,1.541359533921853,-0.0944551157357257,-0.544879660737375,-0.20272121452407163,0.18163866346209298,-0.26024840456044823,-0.016022874883656533,-0.1448060802778719,0.4365600123159156
-0.13959963217647317,0.16503713250728477,-0.492727570955898,-0.11570360789578656,-0.5136676984198506,-0.11500194343121647,0.3674345888338985,-0.11622818394263278,-0.4539089114718702,-0.2008131010754369,0.2075484799050868,-0.26675528465580767,-0.33327429907878636,-0.13452902486616172,0.23559626348650545
-0.20047484848076746,0.5777124709185585,0.16496484232952058,-0.12211261012495173,-0.11835756090736986,-0.0991254301118284,-0.5359831427982792,-0.14487195381881504,0.6601410976768982,-0.1946443032224335,0.11024671194589625,-0.2620498061405945,-0.3900680668682841,-0.1269239273066954,-0.24928578195038317
-0.14972807028091606,0.3113870072834689,0.5775590194715505,-0.13046279405105055,-0.11804796662945857,-0.09734962498680523,-0.5443623744360372,-0.1633168056987947,-0.0902693953393399,-0.18733710208110577,0.07645088738530595,-0.24920339490730561,-0.0019519413184479432,-0.12515351367669025,-0.2920224317312531
-0.1075865930442541,0.0851121616351953,0.31128593433027585,-0.1360207394948476,-0.31957261002562,-0.11916283426887643,-0.45340212672979485,-0.15264095593954946,0.4157211536040106,-0.1788260426249095,0.10869537716283977,-0.23103982781113666,0.6687311221226335,-0.1262769879274024,-0.311812222241631
-0.08013558343770487,-0.3011710502738392,0.08505559038094425,-0.13026732491444598,-0.14264611782337247,-0.14785941212364295,0.6605192777599276,-0.11250968603943205,-0.0015570613135006582,-0.1687090432345276,0.16850489479546857,-0.20995340805039256,1.2193696818472715,-0.12711043136109756,-0.3458730929203393
0.008040221415878273,1.2955765510387478,-0.3011516508246148,-0.1131543710101935,0.7028650761114353,-0.16633826914146857,-0.08980458872715445,-0.05989641892750012,0.9220610333392583,-0.14670362863262668,0.22324291729707965,-0.18353657919775762,1.0421733536307702,-0.10956722065878349,0.38754344238615385
0.04337287689635106,-0.09392458542557111,1.2952819165491298,-0.08259379499544567,1.3679036994641949,-0.1556427372646846,0.41612754924586887,-0.009553787783818782,1.0385315611381263,-0.12112779823173257,0.18348846066762609,-0.1521540868953776,0.43844186779328803,-0.08985386580732226,1.039122357539049
0.01146933074633591,-0.18409240033169524,-0.09394594534471144,-0.04719429026670108,0.8889307803233364,-0.11543748090082293,-0.0011024955517051186,0.02099502381130816,-0.5685986824058117,-0.10511884509955782,0.22719576562375302,-0.14182814833438026,0.23767679934342958,-0.06824094398909085,1.1597334172154616
-0.020558929694954146,-0.180813060407493,-0.18409602685699894,-0.02562010210237002,0.29784563917982615,-0.06272721537370667,0.9224089776844422,0.011457652515813004,-0.1140200944141006,-0.08837943447116502,-0.012687555534509261,-0.13418687688030603,-0.2467258733240598,-0.04250098648002239,0.5584642180213879
0.05856122376822226,1.057459821667623,-0.18081733188384116,0.0021303671408563147,0.028445869638411395,-0.012291771985030972,1.0388660602587751,0.016522729549757045,0.17125174954863126,-0.07253128582222942,0.11728615250606442,-0.13240804222012165,-0.28942027203303894,-0.012701746842964927,0.2772117852724526
0.04902374068276129,-0.7722040177336055,1.0572120178319964,0.023702915731892923,-0.5677146253066224,0.018313359745171176,-0.5680786580077372,0.029046540132770575,0.29481368514574763,-0.06184748188218743,0.24261237971170396,-0.13353686031275327,-0.3091904976063934,0.009703960016214024,-0.11438368279562275
0.056521140887928666,-0.8258476312251928,-0.7720919797621909,0.031800333383856995,-0.536002063277599,0.008758405243928324,-0.11355254604837489,0.05475154269677184,-1.0953600475347918,-0.05245115416133983,0.3636302240746528,-0.1343742680473264,-0.34321769441728356,0.029254971962283726,-0.6529224623771888
0.025363538679543628,-0.20370686250758405,-0.8257250431109601,0.02879236375858772,-0.5460337135988831,0.013832820311262952,0.17168636645892232,0.04368063196886862,-0.6859684129677116,-0.04240019574881697,0.360713685776898,-0.11674761249107489,0.3894737575025144,0.03173335994091195,-0.6934344164396287
-0.037011780266611186,0.6171574008745876,-0.20370663143710346,0.020694914114931764,-0.22440305137047076,0.026379719933321263,0.29523403820749683,0.014989126241452247,0.4563791038092706,-0.03827722430969034,0.3264785965322932,-0.09694049042424409,1.0404084970420238,0.020233000919214598,-0.421054742392374
0.03768039701589174,0.9410269820607244,0.6169961917539741,0.030422208012868573,-0.39491107513493195,0.05213211253120339,-1.0947792144071227,0.008706031715512626,0.1802118625133011,-0.02554492694021968,0.2413254088381955,-0.0752247660384048,1.1609003160531215,0.023982928866667575,-0.41356029095852936
0.12214189709460493,1.1979095730655756,0.9408020771874649,0.04104162843895274,0.08613171781887016,0.04104079134688488,-0.6854348395421632,0.04098010635486696,1.6218781770038988,-0.0023745091568531437,0.02905376636505279,-0.049362375581847584,0.5602255543802647,0.04439864995939152,-0.1457050530244625
0.0593738002162426,0.6274854261655665,1.197634146837653,0.042770324092376764,0.09983630017212876,0.012296389634528239,0.456780805943853,0.07312319567365712,0.31932182523597896,0.012643241053424866,-0.26996023078016645,-0.019421394889452197,0.27925117844711767,0.044514902503278275,-0.14450163585988804
0.14470652610871385,1.2208182996024135,0.6273221858219469,0.05749929175033678,0.5538657143352002,0.00600171152435362,0.18064544507839814,0.10881474216475293,0.3321741657146289,0.030762997869576005,-0.3198464330942345,0.003090885445241306,-0.11195714349793953,0.05820391261330276,0.24883269685668533
0.12951773718906998,-0.6236039442659862,1.2205383678924584,0.07489541489984648,0.6490397101218951,0.0383352870132731,1.6221453352583182,0.11127446991416896,0.37965296478623295,0.04582035337023496,-0.4329989025294217,0.0227348924173557,-0.6499635032288916,0.06864728693936713,0.4145265481125073
0.17663772041049347,0.21602108371470777,-0.6235211316188152,0.11057974714757753,0.12941275970058985,0.07053763569560777,0.31973934910606333,0.15038016022379183,-0.40231036402724,0.057929069184005706,-0.23980877907467824,0.025225068929245385,-0.6904354056379542,0.09028956871327093,0.6404103599798929
0.21293699792915402,-0.06850743227464991,0.21593876647255203,0.1398515907782732,0.10932362897089788,0.10629498352608341,0.3325902059252261,0.17313395948505853,0.24511816981698767,0.07010720804159283,0.03145875985145903,0.01367000807473773,-0.41832501646091674,0.12604888880913412,0.27282829357595606
0.2095134832366636,-0.9329697202157982,-0.06853379101057981,0.15444463545670098,0.2830147509111537,0.10875924605743896,0.38006352409856137,0.19981129438774717,-0.5482991366667321,0.08433079009580549,0.16999039619998776,0.017437772676789514,-0.4108379743258341,0.15063246300214722,0.057058796206679085
0.22528719407451459,-0.6082235273201099,-0.9328260642937821,0.18215595072785043,-0.28639848008694585,0.14793703206065661,-0.40180953576247436,0.21603513585304393,-0.9760806112993463,0.1019875220425685,0.2033654891664912,0.037950601812819666,-0.14324754823294572,0.16538910921467218,0.1970172485291549
0.1981366928476657,-0.3090728642282347,-0.6081437395548366,0.1910800053871024,-0.4303335982432144,0.17073278048396773,0.24554425967219543,0.21109946471016056,-0.7816863432526412,0.11201186819085263,0.2587854968035884,0.03806740731572339,-0.14204532081219529,0.18524144348433055,-0.46788536732893377
0.23056037534560303,-0.17041550833853847,-0.30905191072140087,0.20795642709526543,-0.9000188998199066,0.1974592980234502,-0.5477814556250035,0.21811827529937441,-0.6445921696395706,0.12504987606184076,0.32847738065795,0.05182152964885016,0.25090014667385746,0.19752426118195834,-0.5121608365182394
0.2086096021542429,-0.4457987804601228,-0.1704218247117932,0.21329645947124976,-1.1379391259133174,0.2137130499466356,-0.9755135476533903,0.21255655824553224,-0.6756072485556068,0.13597290853272417,0.32590467356866787,0.062314578225542865,0.4164301867077618,0.20883966482859434,-1.013894858575517
0.11226390631881535,1.5104023693091289,-0.4457509369313588,0.1964817604523261,-0.16344571533816796,0.20876827934452816,-0.7811417202586822,0.18391932191181526,1.0136181504146313,0.14221411532482833,0.19033072261948342,0.08405980221864139,0.6420906812766903,0.19962992257454928,-0.36149177478546646
0.06849623327688302,0.12787268871094268,1.5100654848121702,0.17292866819478137,0.5731134685430538,0.2158000298924445,-0.6440633726402347,0.12987345563397698,1.3325139935900565,0.14979172803967805,-0.15150205259685803,0.11998921268695326,0.274872020436667,0.17896527449995106,0.30838402258537984
0.1243025694196529,0.4444271760677634,0.1278077077013029,0.15606193606259175,0.48452000562894626,0.21022805919404575,-0.6750748712110293,0.1017583737948226,-0.20864038616737576,0.1560129547782917,-0.33813948190489396,0.1446897194524929,0.05931584097115484,0.16677443938229855,0.347832181923541
0.10799889523547808,-0.594288236166246,0.44429993797225653,0.1410068710712025,0.4537641319148255,0.18153802692705742,1.0139555255109236,0.10033605905115368,-0.2331322015774731,0.15499720074109335,-0.319418003187906,0.1595165561340663,0.19913592506258962,0.14999440208041773,0.27262242795672664
0.0841959933888822,-0.3970973896108147,-0.5942111890685438,0.11656068599506027,0.009338513991290185,0.1273925210779859,1.3328145557148967,0.10557168443241607,-0.5436569639292286,0.15677993704972415,-0.38672614126838256,0.17946331867923015,-0.46510934286656613,0.13369329441626449,0.279399134550469
0.05943511775160074,-0.3719076405770834,-0.3970591242330265,0.09164514981343315,-0.7004311932822841,0.09922560595550063,-0.20816191494337632,0.08393939999315553,-0.3938296889031849,0.1506557225329375,-0.2458214751887668,0.19180455999988288,-0.5093410396487854,0.1092109868532393,-0.07339305453533515
0.06150384523649764,-0.9685936068870269,-0.37187432929229086,0.08316706360758291,-0.6805229300062541,0.0978006690162601,-0.2326509030463112,0.06843402525232532,-0.7779332758973072,0.14577094729040077,-0.14072288727450266,0.20317378573305475,-1.0105790284338088,0.08816506741511765,-0.7587120141101366
0.019403489881898623,0.08403086912069,-0.9684429447797885,0.07496745742686459,-0.33799000276607477,0.10304594685577795,-0.543139818774612,0.04682673485702542,-0.4139145299668576,0.13447834434539027,0.03875782306194891,0.19392023703957104,-0.35882093506149837,0.07487984402025709,-0.5222678928266412
0.11774068759300907,1.562768553996454,0.0839745105253132,0.07387147372210773,-0.38797405766341325,0.08137378089190193,-0.3933298396378572,0.06627073394699802,0.5186910176513015,0.12764132081150664,-0.03480440328150427,0.17315729689235773,0.3103925977046649,0.08192508031845705,-0.4251442800291262
0.15043632532225068,-0.1632644943008138,1.5624213705898706,0.08095949101284095,-0.06600797740255732,0.0658398202665742,-0.7773890861531518,0.09592833040922846,1.2057539808334747,0.12339838410997339,-0.11330307684919026,0.16090847566982225,0.34980175709723593,0.08566394773511202,-0.25689628885179144
0.12458754120411501,-0.3433012821664073,-0.16327221707111159,0.08770579937148859,0.03225876020045803,0.044192694425961375,-0.41341236213044624,0.13100557266501617,-0.6502358831366534,0.11616610909744633,-0.2590693725994623,0.14404862357317666,0.274666358343992,0.08803722879465908,-0.20329758710428023
0.07272653728089475,0.34068537286662715,-0.3432735969225747,0.08992576913048371,-0.007796496102291208,0.06367254069289337,0.519085526569809,0.11599405489603958,0.16307460583371455,0.10715911941506996,-0.3372331902942937,0.1276699791587024,0.28143636522872717,0.08639633278687968,-0.19230201575599246
0.06254532744624863,-0.7552773383025647,0.34057853777473535,0.09009972037813455,-0.011681554269873459,0.09338481423588543,1.2060691759892268,0.08668377652355533,-0.0664228722825768,0.09509223538901578,-0.5788589099342475,0.10307122070117937,-0.07100704012648515,0.0868412998910971,-0.20092568494744525
0.16026292462414718,1.5464762690879033,-0.7551686293180289,0.11362645390028396,-0.2717626222221233,0.12852672529280668,-0.6497064346334854,0.09858096104023639,0.6783026977164697,0.09161996455318834,-0.753005989835928,0.08192519566076556,-0.755648467401081,0.1009704248969804,-0.032148397122691116
0.14622562364101835,-0.6538821130616327,1.5461322899011969,0.11838408693368795,-0.207562956714629,0.11348753211963966,0.1635101667041248,0.12309176116083319,0.6460100700333854,0.09405910384086984,-0.7036206854836025,0.06857678066748428,-0.5194381037382164,0.11911443547814078,-0.4124023894312028
0.13158329698030677,-0.6379730713681575,-0.6537933455768906,0.1152352018434017,-0.2735652226365709,0.08412321698595802,-0.06596081848574252,0.14611484832806404,-0.755957304428625,0.09859003300924753,-0.7018685496907425,0.07565552786194114,-0.4224105110257487,0.12109485044002431,-0.4045263298591116
0.17486861426621292,0.11518923060654201,-0.6378874327304681,0.12363328614143555,-0.0631143160130715,0.09604233528677034,0.6786787812451598,0.15098561825418877,-0.47638575857467036,0.10222169937751928,-0.6074289260324967,0.0794121793234194,-0.25432885618987183,0.12459029477597243,-0.2871241774903608
0.22315499287763982,0.2466912413264942,0.11512674406522233,0.14875826407031514,0.13684073565064164,0.12059832379609692,0.6463898813860858,0.17664036426726717,0.39015622412710405,0.1104922399779851,-0.3810775955958846,0.08179674897173889,-0.20078314415054777,0.13869200425768813,0.12435408687453901
0.21235454963710498,-0.7389947069411404,0.24660289215393702,0.1737798159180362,-0.3770212891345197,0.1436638565876058,-0.7554156515654845,0.2035763185410504,-0.355261731347411,0.11969662050537432,-0.262919576589615,0.08014804798857504,-0.1897984434408781,0.15866810825882044,0.04743559254812205
0.0878423416124763,2.251035756255715,-0.7388892002779087,0.16168392925519365,0.07956249623894257,0.14854360632033625,-0.47587637913106967,0.17455441255701015,1.4606142296770885,0.12173683464165441,-0.30506962374305213,0.0805951315933378,-0.19841358694609115,0.16228726588610967,-0.16296190161779162
-0.001863970941874779,1.335820976566243,2.2505532106539268,0.13694959438064674,1.1299686066405157,0.174245649713749,0.39056557095518546,0.09951409411685794,2.63996789182327,0.11718574175819493,-0.1384701405958755,0.09479146224318138,-0.029803158745523223,0.13909232332011107,0.7507944164107585
0.038050970335046744,0.026565797855970505,1.3355184271654303,0.12132756573403058,1.4222038869911806,0.2012312634179279,-0.35476633432299787,0.04138656622291411,0.35865407928424514,0.11852500860851418,-0.18529578059527113,0.11302177540250011,-0.40968121754384723,0.1236161442335366,1.0047926368430429
0.04218591248191661,-0.9142628628823629,0.026520740973312924,0.09916653283205085,1.4465536727113308,0.17215585231929192,1.4609000040571682,0.026160858475253075,-0.39225960940730875,0.1130986451947637,-0.10618175559996951,0.11501161027274784,-0.40181294454278826,0.11082636501922888,1.1548453653998159
-0.028474014958661583,0.834999695566072,-0.9141228860565841,0.0571387579468283,1.1360114782874822,0.09697718869810132,2.640117522965282,0.017286823403578927,0.16605976282153206,0.10024925846289985,0.10830069675843537,0.11852368080369578,-0.2845268603919558,0.08173482786479694,1.3970406762566705
0.04636131668032099,0.9447912001926495,0.8347956431847,0.02941410772798063,-0.24742993241231062,0.03874249623533685,0.35906706268390187,0.020058194427213735,0.25335983681097135,0.09463103086408266,0.13528109719091982,0.13269246552653682,0.1265446009638566,0.05644155896506708,0.7580831082627779
0.05444895115082863,-0.8103275270641072,0.9445655550068662,0.023836651022791144,-0.49088764096702675,0.0234887182004146,-0.39175994139016257,0.02414772675435199,0.386932105091345,0.0933183299193467,0.1491658130420365,0.15276358651793956,0.04970215117649874,0.03385054298988089,-0.41563522289030796
-0.00452527388320554,0.5277262463696616,-0.8102079913041957,0.023392152823313767,-0.47686806424474426,0.014598322857168432,0.16649497908883343,0.0321342587605345,-0.11384041295052226,0.0885013020523808,0.24521650825105515,0.15639995878653423,-0.1604873360516408,0.020635822946658958,-0.5988784058393057
-0.04894229742717107,0.1449472437146224,0.527582625763151,0.008862295930111064,-0.15628265109024506,0.01737480321181301,0.2537849752575663,0.00035198836993833964,0.6107832335777047,0.07347612910686008,0.3691817791091054,0.13309468871963795,0.7523656078453002,0.013900487177001356,-0.3276697320053211
-0.040275234455919254,-0.7950915585452901,0.14487890463526804,-0.004910593571305713,-0.1290598425895802,0.021471875047070644,0.3873418241080409,-0.031237051643666046,-0.4207455713873078,0.06008158942989128,0.43228297020947204,0.11754489668242961,1.0061127160091536,0.0026946239228110265,-0.24048211508355774
0.04397388638501017,1.1923250990937773,-0.7949750192584607,0.007189855875124042,-0.07681224799777234,0.02947313111412112,-0.11337288532701922,-0.015063337353850886,0.5911279043380543,0.05378945899001876,0.38446669455933324,0.10469428246610658,1.1560170967507806,0.002950423257316061,-0.23255756061342528
-0.011769782207073694,0.4427793440605752,1.192050771169905,-0.002519361511530494,-0.1873481725748421,-0.0023677334301566376,0.6111671114761208,-0.0026668827084793336,0.2824760496432398,0.04038504127143077,0.2645966043778613,0.07546437046627946,1.3979729641429954,0.005340240924084134,-0.27867085317098705
-0.008647153246079531,-0.9408814565679973,0.4426524300458281,-0.013057847890859344,-0.491489574936651,-0.03401501135573093,-0.42024261498328674,0.007880589581639428,-0.13750448059187587,0.02373695141735206,-0.12934661895585953,0.05005079330800144,0.7596470938202795,-0.0025296334489018917,-0.39200026107849567
-0.004540935638149585,-0.9150181694826494,-0.9407362446369241,-0.013060463760614408,-0.49151077975962,-0.017811479023055618,0.5915140512252003,-0.008298347659425635,-1.146229290824754,0.00815946178583611,-0.7387580401970719,0.027352322428445926,-0.4129108549012554,-0.010969115567326507,-0.6555360508933747
-0.0219449162912227,-0.5653558748832674,-0.9148780441099703,-0.00855128627496338,-0.6341374561214562,-0.005392170133488448,0.2828978269475223,-0.011691596338936143,-0.9469299251144877,0.00027451263856458134,-0.8698848753666324,0.014074746138295052,-0.5959728766938225,-0.01346128445617035,-0.6517991097167452
-0.10497749053548248,1.1603362244962607,-0.5652845179418342,-0.01935803656365507,-0.006326098007389765,0.005174747596012845,-0.13703422121546618,-0.04381626291344894,0.6765958657739047,-0.0071311269039075,-0.6238860572478587,0.007307373524353028,-0.3250323300348579,-0.021478048616637622,-0.21439151506841583
-0.12390875174262914,-0.525196306599381,1.160068187856171,-0.047398260475182905,0.15630136364972294,-0.011034017317004449,-1.145642585409813,-0.08362356972857903,0.6971069225478547,-0.01876311586940983,-0.4281047644731363,-0.003951790783923467,-0.23793091009599876,-0.03344321098705002,0.21645856870299407
-0.125066398817763,-0.9925503028787368,-0.525132847880184,-0.06632137565619864,0.31832236749403703,-0.014433521828214946,-0.9463662265904086,-0.11801297742764907,-0.8674760830624473,-0.03077521995636795,-0.31988637852884416,-0.003694774731540088,-0.23001419014079286,-0.05762722865377027,0.15065096672812342
-0.10919208266900805,-0.6055781287113253,-0.9923949291842709,-0.08311466867107324,0.16041476362411916,-0.046617413801892243,0.6769721463373224,-0.11941847823712039,-0.9559524118744954,-0.03657241237482148,-0.22733993364198318,-0.0012935898190879443,-0.2760818933494244,-0.07156510525329011,0.119199214604873
-0.11316898609167378,-0.9184184627944071,-0.6054988612192275,-0.10125802698233355,-0.30060984357826814,-0.0864981098187537,0.6974808353383344,-0.1158369337275371,-0.9774370100883096,-0.048029919819893435,-0.2506305259462455,-0.009200897506231985,-0.389299259508565,-0.08651868776212518,-0.05098717375286518
-0.18123539803049446,0.7668036705395309,-0.9182776686826606,-0.12786316510000328,-0.6358231178213114,-0.1209509182193776,-0.8669215565990325,-0.1345684198025018,0.19662645156496972,-0.06495683049774426,-0.17873041857970176,-0.0176805222966355,-0.6525745078524032,-0.11179776248080579,-0.15485798563911338
-0.2619532996964389,1.0994723241370477,0.7666130303382273,-0.1540817001829442,0.3411435048665062,-0.122359010226061,-0.9553876718048627,-0.1855119055268329,1.4344860420483447,-0.083445377633147,0.21649647837640912,-0.020184545268089753,-0.6488412611574683,-0.14613494416190462,0.14859233210477113
-0.2609802150918236,-0.9974033399436463,1.0992162576607754,-0.17697575621552553,0.7107729650658959,-0.11877086274045262,-0.9768697898612285,-0.2348046473692419,0.4089334948458862,-0.09867399550741127,0.5083492675529508,-0.028239441428780508,-0.21186610423698665,-0.1684537224472207,0.46796803419520033
-0.35830844051734406,1.536237808684712,-0.997247011797554,-0.21593248901279544,1.5127044503822265,-0.13753688239531178,0.19705813924867813,-0.2938557480846396,0.7582023904409368,-0.12151522230202472,1.0113875208628305,-0.04026151648429252,0.21855802481038866,-0.20198848729692304,1.2624446615706086
-0.39877296612124813,0.04101701917764738,1.535895843106196,-0.2642990914385018,1.7887678033087264,-0.18857428810694785,1.4347748326365246,-0.33948297506639274,1.301296853116056,-0.1533134153144381,1.297372916467602,-0.06456056621988909,0.15281548272524395,-0.241146753335253,1.7904463763406793
-0.3419173862168637,0.4720168526197334,0.04096912015891958,-0.3025052837550502,0.9698932408899812,-0.23795790660654353,0.4093406740473092,-0.36647426056417876,-0.21239692946374844,-0.17702470129075562,1.370492907215247,-0.07856473878408614,0.12139482499630999,-0.27444196959534656,1.4547427108616586
-0.22255094136767678,2.1157288363413054,0.471884188435099,-0.30940592040885667,0.6186644041982453,-0.2971178746000766,0.7585692504404709,-0.3212012498191784,1.997500549157704,-0.19238732646193996,1.1775464532211033,-0.0935894484958868,-0.048623310647043616,-0.29009087326136934,0.7784353623474649
-0.21160158020214528,-0.7350789368086349,2.1152729016860303,-0.3009960365477453,0.9014793597429445,-0.34282922045430103,1.301601018911893,-0.2587825089102132,1.3544644116788016,-0.20725847529981392,0.903768385773208,-0.1189887639580304,-0.1523914319114751,-0.2944352594840357,0.5908422536508582
-0.28628094642362634,0.9406901175085477,-0.7349742002638098,-0.3052218348767524,0.8454648617765752,-0.369870267391754,-0.2119180245886868,-0.2402286231039085,0.19056680604956916,-0.22624315708513745,0.6462794621041524,-0.15348927156382017,0.15075888334611212,-0.29791573301455637,0.5553401445274648
-0.3333008113615007,0.2133884914028799,0.9404652788867748,-0.3010449912862133,0.7526676003813608,-0.32451379081134857,1.9977243459950378,-0.27716197916631996,0.9569768186748603,-0.2426413968100784,0.6035426475284902,-0.17591420984605374,0.4698188385116331,-0.3082623943193211,0.5291144540845747
-0.3269419398288506,-0.8557850384979894,0.21330669191527243,-0.28904757402200193,0.2775998017950764,-0.2619799740046428,1.3547624398724798,-0.3156261919974326,-0.34914994146479816,-0.2572232926861183,0.5304957531197928,-0.2096084838986149,1.263510016178866,-0.3037748959346388,0.445678036605488
-0.3918092908026063,0.6826849361470948,-0.8556565625640932,-0.2973806583216003,0.64495400074182,-0.24339188204431053,0.19099919325182615,-0.3508182506232636,0.02406415421593534,-0.2763808359097701,0.5138595994594986,-0.24895300750663715,1.790989728439999,-0.30277862663274313,0.3981271581774455
-0.4251498355199477,-0.1463067806991619,0.6825108396609469,-0.33121928761415553,0.844188997433129,-0.28039332886029317,0.9573207323817142,-0.3814484690914093,0.5406376159008486,-0.29907300312010704,0.420163999820519,-0.28240659354890935,1.4556179523293982,-0.3146864095732114,0.8206371095108997
-0.4366786516841919,-0.7198422715304886,-0.14631783855985953,-0.3688122844367944,0.35710116254444246,-0.3189284547498553,-0.3486552499784197,-0.41804395270053646,-0.429593901058516,-0.3223075506491502,0.21604795028533347,-0.29812993173566216,0.7799792268951334,-0.34532093153356547,0.8255070155453885
-0.30262769874359624,2.5018553432488346,-0.7197405315957778,-0.3715425643537051,0.2289684010875981,-0.35418539385358017,0.02451576229391018,-0.38830328127661407,1.427511112647359,-0.33102597696081515,-0.007343247619942267,-0.30249498217310367,0.5925715798564337,-0.35834372817815785,0.22791271801485702
-0.34755263286186555,0.15830266118291675,2.5013234687094132,-0.37392294311397734,0.18080149314666089,-0.3848720825394342,0.5410295913291518,-0.36242582322290706,1.2067569474268176,-0.33717374312181764,-0.05883754140098615,-0.3059920106894998,0.5571045694638146,-0.36710965959808267,-0.013953737415683889
-0.3351201262125096,-0.6960798922822546,0.15823169548032587,-0.37528888648933756,0.1418523518775366,-0.4215350339966507,-0.42908992321343653,-0.3285576373493854,-0.43340465998431765,-0.3424984906392609,-0.12916924118418308,-0.31638788622625247,0.5309048067325717,-0.367369942775231,-0.019512431888204267
-0.33849930000771017,-0.9341356561584304,-0.6959828257183042,-0.366384903949616,0.16377097542434627,-0.39173953233402636,1.4278007084134126,-0.34052025745982445,-1.0441431842935582,-0.34107579306440533,-0.13556386497915032,-0.3118790429091283,0.44755087765843227,-0.3690234149189313,-0.05806349559673837
-0.47325749268018524,2.520452085170111,-0.933991770930633,-0.37441997829486434,0.5627832875794334,-0.3658143663055443,1.2070720268012531,-0.38244086961679474,1.591629202998272,-0.34642529095140623,0.04853379125559452,-0.3108780348198014,0.4000470098312028,-0.38067593165934854,0.3502625116773478
-0.5778404452490776,1.7269995579377464,2.5199165531909595,-0.3979972126262839,1.802021326609269,-0.3318837406609301,-0.4329002422295857,-0.4633843142191249,3.091879220236556,-0.3633693458322467,0.5880534818769917,-0.32284245751823915,0.8221392518116803,-0.4025208569610432,1.368338169987214
-0.5107176656093582,0.741991028455167,1.7266200750562772,-0.4327529761151936,1.7229454921565388,-0.34386841519330225,-1.043568263582011,-0.5208164558334516,0.6516408731584349,-0.3840655542080295,0.5803822010252686,-0.35362269358154746,0.8270043432724714,-0.413113366424956,1.6042381620424842
-0.5119243479398495,-0.9912609296325492,0.7418052681808602,-0.4602067959199778,1.5787585436752438,-0.38586631266566895,1.5918998531596582,-0.5337112495988837,0.12067630919678264,-0.4056348127594724,0.42482027485644736,-0.366707433583163,0.23000085011607646,-0.44305672493074605,1.4066550159718232
-0.5267973053076953,-0.6319086782828056,-0.991105809520402,-0.4922212500678366,1.0168762639175268,-0.4669589855192933,3.0919766832516147,-0.5166891577255143,-0.9520994955626112,-0.422908759619051,0.4158880983539827,-0.37551506044181754,-0.011626486968764409,-0.46870064951295565,1.2462559919630078
-0.5577480614150664,-0.20914584364026909,-0.6318242323353358,-0.5288407863745859,-0.3547854051354016,-0.524497009680419,0.6520200344976619,-0.5323730619517245,-0.42683672272794765,-0.43902861894252093,0.5047366373899559,-0.37577658166438804,-0.01717968590522893,-0.5005512696866375,0.7774074432164366
-0.7294347094943024,3.4914791977531645,-0.20914454287995962,-0.5716282157396062,1.0608005064917183,-0.5374155764336931,0.12111676447807064,-0.604909378527113,2.6975533613348848,-0.4679357533545971,1.051268239751116,-0.3774379186022735,-0.0556926365709165,-0.5564810667656578,0.9307821821541798
-0.7532383018180425,-0.39707923363813197,3.4907526929060175,-0.6009236522817474,1.970785912586601,-0.5203621024389411,-0.9515352002692313,-0.680423922713136,2.6065127659238367,-0.4938936780411218,1.5418457480912926,-0.3891458609186533,0.35222968413492733,-0.5965369672062566,1.487714039883848
-0.716539649191989,-0.05800593544523407,-0.39704097183109693,-0.6353006109115277,1.9499363821902242,-0.5360749216886304,-0.4263330631683816,-0.7333784431239408,-0.6001919478610205,-0.5148213695301624,1.8032026685370717,-0.41109469232009255,1.3692988342591952,-0.6163801897522426,1.7532880185280058
-0.793270294471902,0.9946281324964844,-0.058034359520989995,-0.6822917913298484,1.8955258858062614,-0.6087449670388572,2.69769634487615,-0.7546666160993274,0.11949745575106555,-0.540431873184318,2.1793692447782567,-0.4217375854007814,1.6049656066406148,-0.6568040316784034,1.9530810839066308
-0.7864828017078866,-0.8445145200833964,0.9943926858316582,-0.725665183282991,1.1666032485990487,-0.684398730693875,2.6066662590873237,-0.7657531388339982,0.26880824749947246,-0.575182471335393,2.1449402906791053,-0.4518233704680094,1.4075777987574776,-0.6960841742107529,1.6445996945477355
-0.7108969456827896,0.9645261043348508,-0.8443882607335662,-0.751244534754717,-0.4093836041494434,-0.7374508786583114,-0.5996682763725113,-0.7638713851319728,0.3871116870156694,-0.6012779534910341,1.9344031322579232,-0.4775892712139587,1.247337351303665,-0.722422682513241,0.7845418849828649
-0.7153466384216521,-0.905986552509779,0.9642965778658418,-0.7488915060451129,-0.3500582252647471,-0.7587782987505208,0.1199380471178472,-0.7378850599584137,0.2664962984569766,-0.6285859195561166,1.5550353279725684,-0.5095913899014137,0.778952324003921,-0.7449697739713832,-0.5195929053594214
-0.8708344102712042,3.065532652219597,-0.9058482033941927,-0.768532734280068,0.46179655852589513,-0.7698852607240795,0.26923160259920415,-0.766015007141919,2.039120025417469,-0.6668183643213862,1.30098339046041,-0.5657872188845823,0.9321754308611359,-0.7651993473985441,0.17420730630598574
-0.7724878932721891,1.5630136030006907,3.064889918703198,-0.7778773652017722,0.31637293969704733,-0.7680000377996149,0.38752138530163327,-0.7865546285217719,1.5862502292769505,-0.6883091687829974,1.0974638963310521,-0.6060336465221873,1.4885566846459497,-0.767953320862595,0.17045053917647968
-0.6594167857527642,1.950194070190867,1.562666371400076,-0.7555207808778199,0.782798212732377,-0.7419658039426255,0.2669199204454618,-0.7679028940930661,2.574945469460614,-0.6941680025745852,1.0171262200665345,-0.6259712540034679,1.7538681067883333,-0.759780947413685,0.4984039068699727
-0.6066631022318587,0.3641582228045469,1.9497706914226884,-0.725486795867544,1.3338150542747294,-0.7701476118153787,2.0393390177500588,-0.6798058788836073,1.8074186789061608,-0.7010588285513544,0.816324487025703,-0.6665873732523124,1.9534636491694404,-0.7330836922093572,1.0263653795577987
-0.5601248344947571,0.20072497937283623,0.36404677128391216,-0.7003044196285438,2.0110285436310957,-0.7907251002738546,1.5865215003809117,-0.6089861075848434,0.5311010328647937,-0.7045205999136772,0.6857603236409896,-0.7060543530638734,1.6452872362049418,-0.7006994290645174,1.5177293387407593
-0.34918726681925993,4.5235750897142735,0.20064567043073459,-0.6391474656901033,4.085248457411707,-0.7720389792962926,2.575102606716705,-0.505529396669678,3.719050682838425,-0.6917646011915465,1.370585049255697,-0.732518141340223,0.7860797123907906,-0.6489508576907422,3.3940666971757953
-0.362720557386011,-0.6671349765766743,4.522645601541553,-0.5542808805187565,3.6757247414397667,-0.6837795474317419,1.8076644185772217,-0.42417835880330595,3.022131587080059,-0.6777576756070036,1.8983240649427844,-0.7551724787743365,-0.5167657608650011,-0.5985018457094661,4.191503214665329
-0.33120298081704236,-0.1942414012498285,-0.6670436026380836,-0.4805762503555501,3.035036464266011,-0.6128292120004544,0.5314941091853368,-0.3478364874059039,-0.7024096513170461,-0.6491565702564753,2.4363959162285176,-0.7754982748273604,0.17634853361290498,-0.5212986156759704,3.585414634539966
-0.2393642450334936,1.3918926629729738,-0.19424303176102764,-0.41041790981637255,2.924275030291906,-0.5091817671212185,3.7190757458970642,-0.31121222077976557,1.055966871107018,-0.6122500031082093,3.047276272607739,-0.7782653476560235,0.17259548056578206,-0.4450264317283048,3.2152840654876984
-0.21948577698200744,-0.5002896724889951,1.3915790858978276,-0.34575047895780603,2.251748278673017,-0.42768074955999413,3.022237101682127,-0.26344565323906854,0.8923262598265171,-0.5765514659494909,3.5402633853756895,-0.7700541020462337,0.5002246211290183,-0.3820870011926302,2.8429097384391575
-0.16172307176599826,0.49586955001515914,-0.5002311121823003,-0.27920831141592756,1.0281308690045037,-0.3511981334237793,-0.7018741799337446,-0.20692674421680846,0.190674093411933,-0.531193581708467,3.8775856859273663,-0.7432298604767041,1.0276641310927546,-0.3184309469892816,2.300166811980055
-0.18451099788302516,-0.42378599440539316,0.4957321946968045,-0.25170362418093173,0.9868204065294662,-0.3145063458848555,1.0562993575154227,-0.1886340409540324,-0.2185906956020321,-0.4879598116710361,3.9561824040194153,-0.7106915605278922,1.5185423092406918,-0.2646931551393286,0.890614650870641
-0.10005720510555165,1.1977069109616196,-0.423742480153156,-0.20783286247836313,0.9163301610240623,-0.266651715359201,0.8926776367199513,-0.14880647303557845,0.3130979980322524,-0.44408914413138584,4.1944434700705155,-0.6586968453864209,3.3930246494412835,-0.22905096602110891,1.1918939924056804
-0.06499355789782275,-0.10099810971642545,1.1974315245914546,-0.1633698262212232,0.5956160953997531,-0.21002860743609253,0.19110646822905958,-0.11654868729156859,0.9593367166728881,-0.3973806183369074,4.306105803734649,-0.6080078710340884,4.189672790963081,-0.18645617859014255,1.0845433873910255
0.00986437521218395,0.9453855018201331,-0.10101807847850831,-0.12174297072984708,1.1237764958878573,-0.19170217953838456,-0.21811107572569055,-0.05172752890384014,0.7667546036673986,-0.3341286046679842,3.8629721389436225,-0.5304374213186905,3.584183412981601,-0.13766083401379867,1.1009011839675427
0.016698914339991953,-0.8432774443842377,0.9451597397524577,-0.08229474842999839,1.1078236857467718,-0.15180118506459966,0.3135162403738317,-0.012791182231932605,0.3724050436803314,-0.2774490048261132,3.388233324190578,-0.4538024462401995,3.2144187690395647,-0.10102675023514601,1.2047220347916046
-0.10038065862308689,2.055595950198217,-0.8431514283313156,-0.07204916842849371,0.845726176780017,-0.1194839285014166,0.959680357955816,-0.024592228961610365,1.1150707757309544,-0.23729888615049755,2.7701727657116755,-0.39056364225019685,2.8424125853654596,-0.08398678675464814,0.7401772669261887
-0.072947551610051,-0.3016417957598207,2.055151841937467,-0.05341553216494382,0.12088344395980008,-0.05454326509187218,0.7671204764092179,-0.0522087162740649,0.9519322025493875,-0.19896729780304878,2.0926814763727357,-0.32660480594866975,2.300206235135931,-0.07128597555305752,0.5022939936952837
-0.11931520729641729,0.1962387660944164,-0.3016223037286133,-0.056632057110840024,0.2435259483358309,-0.01553513493021846,0.37281643968438366,-0.09756730661998754,-0.4291658691989116,-0.16730823681134002,1.212419785013228,-0.2726114085389404,0.8920476107215596,-0.06195863592244054,0.05914784239608242
-0.03894407410847152,1.0903541091936684,0.19616033946034211,-0.05228120006940026,0.246488446305478,-0.027357938203314433,1.1153964392521996,-0.07707916292046595,0.19111649868493996,-0.1450264907825175,1.0183177942447141,-0.2367996861855878,1.1930290960796721,-0.05321538848926842,-0.010130262970436198
-0.061750838888574126,-0.42329063513813303,1.090099836005798,-0.06424257178272028,-0.014610655389216945,-0.055025339584582965,0.9522766986009581,-0.07334523368249629,0.23028765653123184,-0.12341076806083608,0.60755379358678,-0.19400229525883117,1.085784621942221,-0.052751463728881356,-0.013424018639487115
0.037649513826282795,1.590724024165595,-0.4232472183086957,-0.06074334454142616,0.2064183988660683,-0.10046755354143228,-0.4286619407653405,-0.02099994483668921,0.6181758066710774,-0.09691968686763543,0.31713697115063094,-0.14497485403438262,1.102126246581006,-0.0487763386141222,0.1705227594749035
0.019947217367408083,-0.5575117142663472,1.5903713427288897,-0.04064584891470686,0.3240491301256157,-0.07994163766812237,0.19154882243130775,-0.0013606167076767664,0.6529033581432665,-0.078295870831272,0.17129725057084172,-0.10816651904129068,1.205844456176651,-0.04831161496728501,0.18867549810611908
0.09001283864366218,0.8193725215514155,-0.5574419000437841,-0.013427752496956982,0.8356282692567362,-0.07620082451591637,0.23071545840393337,0.04925020513755181,0.04870414565212163,-0.05606760052052862,0.16083932925619845,-0.09104550441868106,0.74175895487715,-0.021072666003111928,0.6032354212936506
0.11677846586398881,-0.3191930572107219,0.8191715425818994,0.02600526769706217,0.6574034025813411,-0.02375903130269171,0.6185588311793095,0.07563847774335798,0.542928929969256,-0.036065548337251806,0.2805739997792907,-0.07828428139432962,0.5041108620670415,0.006070788901290869,0.9479737005287255
0.07775842546326035,0.00303453979802573,-0.31917011335546885,0.045497242897849594,0.4671473998431883,-0.004083495885891067,0.6532823737426706,0.09491761489378084,-0.5514924786387577,-0.01722929078372553,0.1040758906661332,-0.06891257596851648,0.06140282185031078,0.03426544209054353,0.42075214920850196
0.08817636712276915,-0.7490525174206483,0.0029941108312941133,0.07053850073054671,-0.3881663856190264,0.04662063264374696,0.04915290931766299,0.0943051802554078,-0.5424162872630499,-0.0037103071314475173,0.10793694908298948,-0.060127740993737515,-0.007806792555280719,0.05245213050538203,0.23434197491045367
0.09278816422182906,-0.9017240474283799,-0.7489450326778263,0.07974791106930158,-0.49852583192175126,0.07305755496782228,0.5433206408908835,0.0863047884477763,-0.9978481535280358,0.007621616800687232,0.13822221342632965,-0.059661609560095176,-0.011097291892628583,0.0745614991504708,-0.5414821427729339
0.18448283582442734,1.3881045211697465,-0.9015865366239073,0.10722910647111182,-0.28373541066203434,0.09237223535386542,-0.5509744289612836,0.1218957164429096,0.7001652499600453,0.020162759629026975,0.43141672155019556,-0.05566757663306535,0.1726676294644814,0.09556844225286287,-0.09298547397759716
0.1939782320367634,-0.7733106845150342,1.3877916891122166,0.1245936948663428,0.07197668684217795,0.09175867162405618,-0.5418992853307288,0.1571789899054788,0.7570872044443497,0.03289500589869359,0.6785398135054339,-0.05520064251304342,0.19080242161021307,0.1204664665804479,-0.11353839148752086
0.2406028380084945,0.2029952277694826,-0.7731984288943631,0.1452751849796758,0.619218409399997,0.08374353020346978,-0.9972785770618978,0.20647288053051707,-0.18426066984186387,0.05738452847477035,0.8044189433574409,-0.027832130599630637,0.6049524951439359,0.14201086471431656,0.3344267275059736
0.2708144121353741,-0.22858250126063462,0.2029154723353708,0.1775199313937222,0.8171061754816267,0.11940007403658408,0.700538809700706,0.235263116108216,0.13158099815283736,0.08207360127478117,0.9488579788869596,-0.0005595669665983012,0.9493499530489781,0.16404826273141226,0.767668362312833
0.2435585529722937,-0.3063024961887464,-0.22857737787353966,0.2034722950906221,0.4626075871331997,0.1547483961417533,0.7574541931796798,0.2517973806351477,-0.6716684007718283,0.1081352882248878,0.7344902776018932,0.02776919501021422,0.42264963293853375,0.18776872207643433,0.6033326391696945
0.18351251498874857,0.5559093756700606,-0.3062820875329502,0.21862532781696165,-0.3613476005941815,0.20413316554188693,-0.1837850129844368,0.2327586474255775,0.34852149255588105,0.12411217776561491,0.549186963436028,0.046042389001719024,0.23642375080460745,0.20140813993178017,0.18510373588416193
0.16982089361495692,-0.6629716963988246,0.55576021225948,0.21617644955821766,-0.2645050809401884,0.23297647912399644,0.1320201946093027,0.19907888256699507,0.15026273807324178,0.14074371925412768,0.16745099128126778,0.06825692157994095,-0.5386333577487029,0.2124289500678074,-0.40272042693522153
0.18636377032060022,-0.587998448760147,-0.6628811412566872,0.21490466104054623,-0.23403372600061897,0.24954122640828932,-0.6711364781233345,0.18000531369774955,-0.9561779842034963,0.15142441546898902,0.04029115668162231,0.08936378489241294,-0.09058008976024289,0.212698048957642,-0.4092172442252294
0.17737453819086588,-0.7866201782972192,-0.5879226386811895,0.20434409501534595,-0.2196248199024183,0.23046739317452714,0.3489356456497622,0.17795839407073885,-0.9766397664930807,0.16273088620872095,-0.20946525446696812,0.11438023748484648,-0.1111126878768653,0.21032261504956185,-0.3557364739840488
0.11988953004075105,0.48856755546656566,-0.7865053050851687,0.17913620255575372,-0.28156040351390454,0.19672553591996952,0.15069977793101486,0.16130706229336672,0.03528030405943919,0.1648766378820288,-0.2621962656910248,0.13602711225118322,0.33640955582003473,0.193052573360988,-0.07377524149548824
0.08197561411711453,-0.0260508049670678,0.4884316362387413,0.15214817189151597,-0.18768441076349185,0.17761680280311531,-0.9556132180940519,0.12649523865891993,0.47116860164918023,0.16237708810326493,-0.19570169766427037,0.15816933187077242,0.7692228715248549,0.166036049921279,-0.016032908367844288
0.12625183207186652,0.1412447859967573,-0.026085513690116777,0.1425843337947166,-0.24292758061592962,0.17556610945189532,-0.9760726382988885,0.1094466127050245,-0.40639178792952885,0.16585989705931034,-0.2861431209888971,0.1820026183543931,0.6050496169067026,0.14925337703784233,-0.35679065968979073
0.18680444270338725,0.569229612605485,0.14117717508344468,0.14542097327431247,-0.15988963191210087,0.15888407909065316,0.03573061735790271,0.1317616934847393,0.6384072856060871,0.17294339085718458,-0.39148230400667416,0.19570691254566425,0.18723419056777493,0.1497243419200498,-0.3425600133696375
0.21199046165055196,-0.36072857348416765,0.5690778294906583,0.14970121434639655,0.013524397569130297,0.12400807598384943,0.471568596501045,0.1751196193912947,0.326769510708726,0.18150453056875016,-0.5014580729206727,0.20678014352458496,-0.40000882700298085,0.15575739834294502,-0.1622172988054586
0.16735296136288416,0.15074464015243097,-0.3606974607976187,0.14802738278562722,-0.015161035629833905,0.10692801899004005,-0.4058904885098554,0.1888262056180541,-0.46315526435432475,0.1802742585717314,-0.4969036830884127,0.20705052239206664,-0.4064992212931563,0.1530375866770982,-0.20764162889703555
0.24203059800395574,0.9406446385018439,0.15067516089335323,0.16842772276525983,0.29401004333513486,0.12928424010543743,0.6387879746155274,0.20724326793865194,0.09030382759428007,0.18372539187528614,-0.4419251752945232,0.2046637896551198,-0.35307132416860554,0.16228770886486685,0.11727209315213322
0.18643722024211684,0.43882747363076613,0.9404198088244724,0.1858751899874289,-0.28837843621031445,0.1727221011752981,0.3271861748265164,0.19872166007094408,0.13480701117563024,0.17983520325254823,-0.49596386481372595,0.1873116024499327,-0.07138884924212277,0.17180846016730636,0.03446112031162053
0.26711364693178347,1.0983817470734827,0.43870133683430695,0.20940232104342824,-0.3305007813875422,0.18645395701967607,-0.46264741222384664,0.23199029434882476,0.22552762560699183,0.17956941334219237,-0.5072478218123802,0.16016657403524623,-0.013703602373711272,0.19829552773821665,-0.15564223216306566
0.2541462049265973,-0.6820138630300463,1.0981258950820862,0.22064992896998664,-0.28129748809605554,0.20490497324497345,0.09074778904011077,0.23603066048569474,0.2996296259616219,0.18032982123326244,-0.48268845640639296,0.14330407382081517,-0.35412446766640027,0.21659293991356315,-0.40861614594131523
0.1013858688731602,2.993815217068698,-0.6819195628460587,0.20217644307704113,0.457876964883997,0.19636765484447866,0.13524583522484146,0.20766735997911723,2.0786500388974605,0.17443146435085105,-0.3803062831146778,0.143777278862847,-0.33990789030260665,0.20437239558533754,0.16819107114574916
0.08737160576068911,-0.6544878897392231,2.9931865882915987,0.1888177352032233,0.9379376893821727,0.22969762355333917,0.22595597697221975,0.14772618978787694,2.0910195891212,0.16850993525565022,-0.2657105236806556,0.1498390317154065,-0.15974346938187195,0.18654360046213847,0.596779417933978
0.18289487359203047,1.4887767724267564,-0.6543990031157794,0.1789407224747246,0.8062551497521324,0.23374543855498325,0.30004942307667076,0.12396498094630018,0.6004692253842264,0.1682607981989071,-0.2670903390327221,0.1471062831766551,-0.2051228912589274,0.1887671288919063,0.5835685345686509
0.14954409378094285,-0.14603765074455474,1.4884441410574452,0.17277873015493547,0.8330782981042709,0.20532984714632813,2.0788644679304995,0.14002499860548326,0.48748638932626565,0.16626200851139383,-0.2618162527686051,0.15640040387233428,0.11946960876888524,0.17553539984353664,0.49604416170459054
0.26041487540671676,1.8923368953992428,-0.14604876153530819,0.17165988275302868,0.7828445907904842,0.14527816873478525,2.0912325902275075,0.19773223286587188,0.7935012560578907,0.1763545750192934,-0.19686109964265897,0.1659664409388958,0.03674050599504295,0.1861191309186276,0.708479060498415
0.34613734707453553,1.2310665948725108,1.8919248954591739,0.18702449848978997,1.5701464518749984,0.12147315345945113,0.6008542939199534,0.25217105431076703,2.3116191874172767,0.19532673873660644,-0.018517315106252517,0.19257949511067352,-0.15317490309958726,0.1974247824563597,1.2308817087814907
0.35714439065793446,-0.7335621879749328,1.2307846476201323,0.2297419962495908,1.8735905090133356,0.13756277954909832,0.48788450047138177,0.32140251872375875,0.6504817597461293,0.21190950177939155,0.1749366631090203,0.21096393952386483,-0.40589871727779,0.21216038196377873,1.7279089665179919
0.3744619234622103,-0.5676290055647968,-0.7334577497306092,0.2776926174750046,1.4650187594736028,0.1953764035202042,0.7938640411967451,0.35943543229680214,-0.7582121581478639,0.2253871103939162,0.4094328829794046,0.1986852677779271,0.17033824633079106,0.2512284426962724,1.8029751512878784
0.32470184698352583,0.28544186246947684,-0.5675572015644916,0.30137761153073755,1.110605188352554,0.2499155889929295,2.311806722758231,0.352287027000426,-0.3582533626827819,0.2334820711265006,0.48947402090373343,0.18077166940917733,0.5985028744338973,0.28518247170004196,1.090789298079935
0.2527098710916792,0.8700256707174484,0.28534589217371886,0.31860864582983184,0.08043108925149425,0.3192746893178797,0.6508610548920831,0.3174597419068785,0.9512273120149054,0.2396124263738293,0.44208905252267283,0.18300577412444935,0.5853050518486188,0.29517066552560095,0.7975799960825417
0.23813509514370043,-0.6397493052456744,0.8698147297427072,0.3148874151281789,0.25423830145527504,0.3573777208011753,-0.7576702449869888,0.2719968687547226,0.40981836001276883,0.239332650354802,0.44221583272148296,0.16971110792526295,0.49786720889715197,0.3078450782521278,0.10700748992853773
0.21821751967333405,-0.4992613499226289,-0.6396633172743016,0.2935218907174529,0.5462266192622219,0.35021613662382667,-0.3577576203078686,0.2364860047163859,-0.647634035253281,0.24161511964755003,0.417039065749322,0.18034518086243723,0.71009208649776,0.3018080463379856,0.333311853024955
0.19482796671335073,-0.4079663244589085,-0.49920299185715594,0.2664113513389597,0.6164815512607971,0.3153246435530011,0.9515718894382332,0.2171832914572667,-0.4887711574729743,0.23642354347121566,0.4317127755222865,0.1917046081004811,1.2319782677212578,0.28016072881597215,0.5573973747118957
0.22966285501686293,-0.10701328407973057,-0.40792592147689366,0.24222660926752967,-0.12771415620994064,0.2697779545329558,0.41022543706636894,0.21435793137992915,-0.6315921202005993,0.23466514297302085,0.42976662683555444,0.2065102979676092,1.7285141454711204,0.2619223798542071,0.34972417317969107
0.18954983281755775,0.031774300188423615,-0.10703206983148884,0.21965314496191193,-0.7401566584417247,0.23420162226345567,-0.6471048871044573,0.20479770448133805,-0.48442930170873655,0.24099710157729531,0.25931701064759993,0.2457641872053156,1.8035061169653865,0.23546763705975413,-0.20333794902561597
0.13239117003206943,0.47998636262685257,0.03172821894443204,0.19955718175760084,-0.31686287769100013,0.21486332230353516,-0.4882603482730885,0.1839760056084173,0.5021726254031145,0.2442304182817166,0.12503903125762056,0.2798797196555685,1.0920243576870743,0.20795440373011384,-0.3550168208746715
0.12635675620971987,-0.8643165958057101,0.47985213107075875,0.1808876535257135,-0.16604173210508177,0.2120327533603569,-0.631064823912104,0.149525031256254,-0.008127169990618941,0.24016983612532936,0.2379131806446521,0.28991542265085796,0.7991049335196293,0.1898774940817128,-0.218525649545701
0.1854234514382561,0.530157733551519,-0.8641864419619528,0.1754102972812738,-0.27720879689930045,0.2024549011191694,-0.4839189937277149,0.1481489473589107,-0.09454827764829264,0.24274670083592212,0.1779784772443486,0.3026501216349379,0.1092151535211127,0.18233621881064388,-0.3758226167691502
0.208317969132304,-0.4209831880025718,0.5300136347420059,0.17766343490534792,-0.22754986988734224,0.18159481512636455,0.5025690411859328,0.17346935185243165,0.2620027802476892,0.23900508760550296,0.18813739453188427,0.2965843743815776,0.335295783546187,0.18091992384350153,-0.4153568535663917
0.31936797130867034,1.8970494676376548,-0.42094022498105754,0.19264623226239236,0.6559342738046462,0.1470803265676684,-0.0076718457829911876,0.23783558480319364,1.3311391219470678,0.23708250414137053,0.1325252540579433,0.2748340906876693,0.5591597657925065,0.19873743798064156,0.3797907823743741
0.3864504335436542,0.7409308895277181,1.8966365408713166,0.22553311678034982,1.7435687679445226,0.14570170570646543,-0.09408297708682671,0.3048749511578938,1.9984529888559168,0.23918727169157614,0.2183605636783551,0.2565089904241614,0.35169187785911493,0.2211685026494336,1.3114270929436966
0.38759033952590644,-0.993016801734569,0.7407453377519886,0.2681571899689241,1.924166683415193,0.17106879118450824,0.2624269209627778,0.36465949346272497,0.14447959414912062,0.24013015791556164,0.257736315943265,0.22992841478269457,-0.20082346616855817,0.24950148320028592,1.8036531099195923
0.44783402022416546,0.56110635541042,-0.9928613362933092,0.3218512143538411,1.7659149600505446,0.2355536904513978,1.3314398427855183,0.40750091916184505,0.0006895024965402547,0.24897354232039606,0.5948280185949563,0.20228431386128348,-0.35235238253557044,0.2946308170317797,2.042656857010727
0.5129202423319604,0.6884401133667487,0.560956169904665,0.37655063681576867,1.754065850188322,0.3027166513412469,1.9986766757447008,0.44967662988173157,1.0046638598735123,0.26766191822119034,1.113784153551542,0.18412142080249952,-0.2159961515522247,0.34993513793063913,2.004262533685882
0.45137096623953693,0.5954367521690449,0.688264885004173,0.4171460225999324,0.578117858548664,0.3626114131054352,0.14491730160641478,0.4709464751323826,0.05473508996001395,0.2829765734195096,1.3186023027784466,0.17654427520961924,-0.37313760903159154,0.3879833427633481,1.4091508628779459
0.4727051333227329,-0.46201232749903093,0.5952798148700151,0.44275682074311806,0.01925204924755441,0.40553182174222785,0.0011438089175786982,0.4792406038369033,-0.13996522605241252,0.3012539393957687,1.4934913609591287,0.17512124358926837,-0.41263276078380423,0.42580831355043763,0.3708299738913912
0.3671294702969547,1.7531027013799252,-0.4619612952358451,0.4395297798670277,0.1690442644189018,0.4477852880801108,1.0050022686428643,0.4306216529118742,0.7549402766818409,0.31362867777338765,1.4292238406045408,0.19302350731358095,0.3817287620642841,0.43264138848246525,0.03150931493356075
0.3581430184086014,-0.7866932842457559,1.7527180847672734,0.4346114066097779,0.37409711484706704,0.46909434665838395,0.055183157420241304,0.39953158488380164,1.0420476775358722,0.32285615620868285,1.3842018783806738,0.2155612660731361,1.312444021663637,0.42859154304530106,0.17574100912824342
0.3036336926404646,0.410322520858176,-0.7865783966558857,0.4105266678979155,0.9731633768603382,0.47740376651252975,-0.1394946826103609,0.3431488936982322,-0.026816357713056814,0.33104968841272864,1.2551377599639084,0.24402901337015576,1.8041834053414993,0.4165801516241316,0.6514927402067061
0.26669898935763375,-0.051799025755968287,0.410201990159129,0.36940211123036826,0.9856070462381348,0.42869518113888105,0.7553075132560568,0.30965689310032035,0.39722289679860123,0.3406957105985772,0.9813576242020541,0.2893730063500668,2.042950864268908,0.3906657799033083,1.1455297104107962
0.3941192262867912,2.3275018548067967,-0.05182867055082606,0.35983976681224417,0.7178072405816993,0.3975477951092429,1.0423817707600649,0.32165439788668876,1.1094946466560145,0.35992648018348844,0.5677456262892834,0.3449403840552215,2.004594499027425,0.3736693233047291,0.6402507709851237
0.49579509807857264,1.6505583902270884,2.3270042705413547,0.36369631677526526,0.9483643669613742,0.34106115615557164,-0.026358876046971045,0.3857372325563419,2.902547317447279,0.3822174518066219,0.3768113289576686,0.38316956641528976,1.4100711781747448,0.38002493248945896,0.9091923860285578
0.536551096895066,0.0486812550331224,1.6501939411060995,0.3919935868101488,1.7791881449608211,0.30750740932600235,0.3976314278580708,0.4757287058865518,1.393453257431506,0.40579123960564806,0.21890534671752512,0.42117445290971905,0.3727768125762237,0.38915915696814224,1.32667220082461
0.4857808414362697,0.31200433759727186,0.04863184868150621,0.41331201006815504,1.9164887025306776,0.3195270328480875,1.1098209538792234,0.5062964263701994,-0.29883571053429275,0.4177430548113598,0.18032829755382127,0.42804002958554505,0.033791618883667045,0.4061342043798927,1.4957352882984272
0.5778396396507028,1.3976791651295328,0.3119031432331121,0.45911064796062123,1.9791860579021279,0.3837280113575872,2.9026666367206784,0.5336570026582831,0.40115949975414483,0.4314886769018039,0.40600085231192473,0.4239709209264594,0.1778807201584181,0.4375654514525316,1.9479244756436802
0.5671799419750512,-0.7426955863300015,1.3973644500172524,0.5092978101741178,0.5841415636106253,0.47388539398733864,1.3937467847974174,0.5438712452680753,0.5557752040395016,0.44438684841759074,0.5379670303573622,0.4119023969302024,0.6531621050423375,0.47527011541627945,1.715110717669709
0.4259273610371129,2.691220859979237,-0.7425893518111397,0.5146104930730437,0.2613206720892393,0.5045094694667026,-0.29834682726519435,0.5239110421249008,1.810189359844334,0.4428135065109406,0.5411849392827801,0.3858647626550031,1.1467106515713894,0.4980503760453967,0.49956543082334165
0.4188700452285133,-0.8374195715131106,2.6906517427353007,0.5017622573627968,0.6456714813160109,0.531920488023137,0.40156757637667106,0.4708971592714024,1.7689183157294213,0.43605879712470214,0.4965045401910377,0.368787461856215,0.6419312500576505,0.5015913913828614,0.32967766378159247
0.3816250417070168,-0.043639736626042126,-0.8372947075338723,0.4758860778742423,1.0261885774954793,0.5421535617262987,0.5561654320019412,0.40901749114079916,-0.41130424986178465,0.4310496268560491,0.5205858464680856,0.37517330170334207,0.910606979226317,0.4852574704066387,0.7590867412043976
0.26824293884131906,1.9583716370506696,-0.04367098611640815,0.43955229395211287,2.1227231404491738,0.5221565597265254,1.8104347796711557,0.3564321932006911,1.5792028477508055,0.416365099372548,0.7208144113241376,0.3843509734187022,1.3276740576530388,0.44687153638674554,1.652079918067171
0.2630074251863334,-0.8853235324406904,1.9579466499922833,0.38696814417581976,2.009412647591057,0.46904493987812385,1.769168499838379,0.30445443789353016,1.1628494875143467,0.4088870272676139,0.8919499544556495,0.40140676319716606,1.4965700029503037,0.4150001027352859,2.175544176770271
0.29930878465165806,-0.06845268786047058,-0.885189247141812,0.3422275604289955,0.8114228490577035,0.40705118969046017,-0.4108023833531235,0.27700324872535903,-0.5635859110069483,0.40466153744165495,0.9659462118099779,0.4329875140217437,1.9483121389248779,0.37515164229318637,1.6664355083837668
0.32946618498127433,-0.230006991544749,-0.06847905736303887,0.3261163472294568,0.4394329916560535,0.35436894489944976,1.579474932396431,0.29742024740093037,-0.06627992022181808,0.40651683369682756,0.9292205276449628,0.47087152144950184,1.7157285494567618,0.34114274499474406,0.47781951850243937
0.36809711651045873,-0.007197008200775455,-0.2300015880017331,0.3176361118353966,0.04451423700233358,0.30229536281386604,1.1631696355157426,0.33246602206757186,-0.022414880450040916,0.4137992733122651,0.7734492565949561,0.49376013713135775,0.5013849967557799,0.3328691689437736,0.21082032698944436
0.42577824452681445,0.4937244921794177,-0.007235424918786059,0.3250107022474009,0.4400014272918765,0.27479356432241203,-0.5630664652774715,0.37464161643035576,0.48705353006624136,0.416073032158615,0.7700814280093312,0.49731799542377736,0.3316651872000631,0.3338575014804519,0.260932397359964
0.3914188793099152,-0.11951707836720658,0.49358755873172105,0.3455838895035288,0.36476870819853713,0.29524820400799967,-0.06581788292720621,0.39530187471141376,-0.2214604172423533,0.40857670523607825,0.7167835206663983,0.48090638161964455,0.7606497345323308,0.33525867245770924,0.3014670625362287
0.41594722700143794,-0.37802192121183853,-0.11953340498530632,0.3711283194440437,0.030244584034982838,0.33035858946177094,-0.02195790688545693,0.4112591410132816,-0.6337635880128623,0.39991490422899795,0.5651060922324747,0.44233786365249705,1.652760064491871,0.35639022172142076,0.2604436051496863
0.3536465564565473,0.6151945345499588,-0.3779874074253924,0.3802039648190244,-0.3550893916278851,0.372611939228034,0.4874516911801354,0.38720434691708566,-0.13521203397419645,0.39042498583983565,0.5081529253416548,0.4103148324872783,2.1757068065870917,0.3693576534156252,-0.19105674656927957
0.45522589250413165,1.6480200001450709,0.6150337114682175,0.4012087000156879,-0.33145053413221465,0.3933102869952723,-0.22098046608862734,0.4084829916478875,0.5873453403051934,0.3816188349306405,0.18536211798935856,0.3702768315432919,1.6671014623277363,0.39166418281082105,-0.24150578875339168
0.38410057742093756,0.8472369801712216,1.647656050251784,0.40388164244913055,-0.40399038614527927,0.40929697229403805,-0.633236041052606,0.39786263021164203,0.6203583031389999,0.36847002780140226,-0.273438344590554,0.3361061698155329,0.479660583268069,0.3994805391923007,-0.501541245307219
0.3117436265373013,0.879622622676009,0.8470305210709154,0.3848352642306728,0.028495104346024185,0.38519783050698403,-0.1347420392352027,0.3838886559681294,1.3346996589953382,0.3602693225723294,-0.28310920376293375,0.3277932402302049,0.21292535727631248,0.39141823738383946,-0.13365219819976443
0.2540600444117806,0.4937890225398187,0.8794097942591812,0.36189321060484275,0.7406471740187156,0.40651570478822924,0.5877319238472055,0.31680297997043394,1.0949009978750586,0.34843262585346707,-0.19068851243504384,0.32878627380283176,0.26298788495458375,0.3668510995545473,0.4373155388075445
0.1948865601766848,0.5329657313286527,0.49365207640087194,0.3249710448292169,1.3780719796812282,0.3958757635333458,0.6207410757023357,0.25370305334052995,0.8498553931383986,0.33502102000029815,0.07250264990457164,0.33019410949554645,0.3034824760244032,0.338733890261522,1.1586084228024005
0.23116821947948155,-0.06897070010133322,0.532821080267424,0.30451437324333774,1.5594368662325209,0.3818760267126383,1.3349999688094636,0.22683241052255823,-0.1915171360249375,0.33235830410412476,0.14601417413677362,0.3514261716626087,0.26249957598281265,0.3122981872160026,1.175955417091599
0.16800339329716132,0.6379173520681262,-0.06899696772591889,0.2565416746962197,0.955097611285567,0.3146666708028115,1.0952289897723935,0.19813385821425514,-0.12375160987968502,0.3255350900578385,0.3790996659756998,0.3644552833686438,-0.1885544053744847,0.28573885236770463,1.5285709935132488
0.23047353034975107,0.619650625979671,0.6377520600672639,0.23088245914667702,0.03105252229945332,0.2514504124334562,0.8502116728201142,0.21000155829063286,0.042718876796381006,0.32059132435976717,0.4604219012890613,0.38686791449851177,-0.23895357172324072,0.25358429766816376,0.6178896395006924
0.37745324097254135,2.841814708002796,0.6194889265139963,0.24185746122225554,0.7449310078136421,0.22453023059402855,-0.19104064148935265,0.25878533370908813,2.6381252819809564,0.3240377670840241,0.4874241964824909,0.3947214496340771,-0.49873194736816806,0.25263328589063544,0.560267593599923
0.403148288395053,-0.3473437610084146,2.841215973316991,0.26675859328982204,1.5378805286119692,0.19577876930962881,-0.12328293811894277,0.33720249245964895,2.1150151100438834,0.32655515127905255,0.5261967195023596,0.3866207992240844,-0.13120660931738648,0.2657102394377509,1.1074367381387165
0.259454630161387,2.7554085497147955,-0.3473152807262475,0.277542931444728,1.3460121427644105,0.2076683488122897,0.04316833139451441,0.3468672376957658,1.5126830714651207,0.31460974644516765,0.46232881097794043,0.36193680700236586,0.43919664734278935,0.2664820244410513,1.1047195399624783
0.026665712296421926,5.098152424368661,2.7548268086140792,0.24338635542331347,2.7951965391209046,0.25654206255166756,2.638275125831741,0.22988506246095752,5.6415205284107515,0.2884130800184582,1.0468759195766257,0.3336858572861992,1.1597764338521794,0.24241524088015617,2.197875184053224
0.00543457930087192,-0.4647215903566957,5.097109933500071,0.2162336611582783,3.734539769155518,0.3351037920643116,2.115225341134696,0.0972537372079454,3.8546565880691794,0.2589299558997237,1.4252678675227939,0.30712441195685275,1.1771062782452921,0.2101202980770013,3.043472620247542
0.08530556308960635,1.0772027704326268,-0.4646700252600891,0.19198730458350532,3.9788204454840748,0.3447863553342158,1.5129628350776496,0.03917773673536253,0.22848707835841922,0.2396576366230925,1.5375926956677257,0.2804387467660252,1.5293732455423241,0.19828900126902482,3.2412345965374847
-0.011188945278673425,1.5143153681740966,1.0769510837316305,0.1270752085771045,3.662908559024648,0.22758851043611805,5.641323663748924,0.026553798242975237,0.6005924121909477,0.20615960281050458,1.5570556200338477,0.24813124787822505,0.6195922256353954,0.16371517424920773,3.7365829147326046
-0.08576331914189007,0.9379293622761443,1.5139777141037594,0.04541583568913613,2.1497964814513115,0.09471266456958903,3.8546659969371957,-0.003859279944098986,1.8455591095894288,0.17241385670775192,1.803433206057201,0.24717571258215637,0.5620271470733464,0.09744435921900829,3.5404957503113206
-0.26198744878529634,3.6107914617816346,0.9377050666148488,-0.04167686677031615,2.269789356368288,0.03652959452472318,0.22891508808780592,-0.11967608827335387,3.412376048568024,0.1312083430670463,2.5951812935817142,0.2603148670853684,1.1086553394555985,0.002285655484917277,3.136624434487526
-0.3055890146290403,0.12350492972239485,3.6100414916728556,-0.09717097290635104,3.327101670935501,0.02388238239634326,0.6009774665061306,-0.21785392438930762,2.96085213638198,0.09101420346366212,3.2936177093811603,0.2610903231092114,1.1059408276044718,-0.07855321361476987,2.872047293975841
-0.19564498179104328,1.8679682022174515,0.12344080772425943,-0.13075583897667403,3.1873668592503592,-0.006586765686157661,1.8458004463727884,-0.2544977468297092,0.7381309780065728,0.06296612750641939,3.5480222712941116,0.23690906510728824,2.198015736589796,-0.11035844718298453,2.8019915205330177
-0.450361355760026,5.67473095039815,1.8675609948925074,-0.2202244136551457,3.3747681738700535,-0.12261709519507516,3.4124365137957353,-0.3173175097743896,3.37477648337289,0.014018497829420164,4.307423840800491,0.20446051035528,3.042777183106624,-0.17556761866959292,3.880687350671332
-0.3887967431716023,0.5958400225810941,5.673575063257393,-0.28329351550954496,2.568874719650027,-0.22097593308172706,2.960964725013758,-0.34506599079363465,3.562274345106455,-0.02597103142086535,4.708421806709054,0.1925729375981181,3.24034364441071,-0.24339582031217763,3.1029762084584407
-0.19903676900550682,3.96671406613821,0.5956830059704714,-0.30221276131619995,1.6823159811645878,-0.2576873124882348,0.7385001550270048,-0.34619709898262413,3.4929193029584,-0.056818571775826394,4.558860465054515,0.15783465904233748,3.735202242482461,-0.2702705684363598,2.1151456152059347
-0.10476691727653654,1.455818420788587,3.9658940963768394,-0.2759533520278861,2.545464193710504,-0.32062289065942307,3.374841289051409,-0.23094673841413688,3.9907086994562753,-0.09145174777624324,3.86152835950602,0.09124862471879729,3.5393089372645377,-0.27298934847431766,1.9807434844459244
-0.13683138614083828,-0.17986096641761604,1.4554922713710718,-0.24776698479919507,2.8437039324644413,-0.34842252909257504,3.562317506246235,-0.14692021768657307,0.46746805198216285,-0.13023322711703614,2.794688159490333,-0.004362704493531965,3.135836903932164,-0.2550836970110583,2.2951155130528256
-0.0823854028367739,0.4086569421245233,-0.1798654251432361,-0.22885005575029507,3.305220328686381,-0.3495557226054335,3.4929704703649325,-0.10801880460033446,-0.2815535263557781,-0.15478426635562698,2.0113860106216674,-0.08558608631092836,2.871521334410291,-0.22315071674907888,2.652539653208412
0.10171838020447882,3.8179855348287637,0.4085367389965024,-0.13664016682960453,3.450313826478881,-0.2340928851667914,3.9907024026241404,-0.039159175113224615,3.2748088124702748,-0.14939396441056252,2.185116889658476,-0.11754260251004685,2.8015348207605326,-0.18060795369523575,4.0128832322653025
0.019325806429591766,1.143507526924658,3.8171948156555677,-0.06847440649969835,1.8815079060481552,-0.14991145219386773,0.46786847402124926,0.012916815542406535,2.080570601303339,-0.14839629289936382,2.208320458651558,-0.18306194354785174,3.8791642113135922,-0.11341141167213054,3.093916378164328
0.03511600277112398,-0.6077900439571382,1.143242800001257,-0.029365561038682732,1.3892631547016607,-0.11093832002183716,-0.2810666381222577,0.05210170353724347,0.31444030010575447,-0.15200092005183163,2.0969628171940293,-0.2512127722439985,3.1022219438147554,-0.052763659423431,1.6134023637125467
-0.013151687088952788,0.24619982396117512,-0.6077103414454691,-0.014063731160284294,1.1448346460398262,-0.0419517401418498,3.2748851583024012,0.013794325871711494,-0.3819396780201914,-0.15214188467431194,2.0940553020088517,-0.2782153509842453,2.1153679573301036,-0.02616971408278652,0.9795362241619593
-0.12105731459941976,1.8143686996749473,0.24611157143615994,-0.01142910197556734,1.0072613627666083,0.010220258400005242,2.0807848086288505,-0.033021257698786964,1.6340858423014206,-0.15467670852090695,2.0764198795817803,-0.2809470629881361,1.9810987016110275,-0.028500325724750603,1.0585190091135097
-0.07706892312066363,0.13367644042603985,1.813972033817477,-0.010541128785943854,0.9786935703528257,0.04947738809818648,0.3148583874935174,-0.07043318254373793,0.6979233097741026,-0.1413958123668893,2.0234413577786903,-0.2629562427096376,2.2951599301142886,-0.019950313757168273,0.7662152365076605
0.06968804540402021,2.835957744477173,0.13361031798677797,-0.01589092415360639,0.7248000857775622,0.011099386517292639,-0.38144120132412285,-0.04280742247333174,2.3595467237556056,-0.114443317232222,2.0471452413824807,-0.23087137218543852,2.6522307072168827,0.0018063163531206571,0.7892676490751174
-0.023835937202476253,1.4362059259689959,2.8353601616862103,-0.023099918301855954,0.665193566853913,-0.0358025067933443,1.6343515913169184,-0.010385607906141233,1.4276683333112834,-0.10210394738649939,2.0363892826836256,-0.18812625309145184,4.011229399048182,-0.016156312062114774,0.3998771990534564
0.053650389894538915,1.0144986503616293,1.4358836337603433,-0.02000425355176409,0.7683182537771608,-0.07328340468669454,0.6982971283217745,0.03320724626238926,0.5433047312416426,-0.06590569396442582,1.3005474919114415,-0.12061008852436839,3.093171070412281,-0.01124561085309055,0.5234666089722085
0.10146144288745648,0.23419263942739185,1.0142592957422916,-0.000861250656520127,1.2344456635440737,-0.04560671345211277,2.359728726396574,0.04380317926559693,1.0247368184860635,-0.030695224735847317,0.525460930639626,-0.05967386326386375,1.6141207482335405,-0.0017537947812288615,0.8445139229882237
0.16529725483792965,0.6555608025145966,0.23410674836730103,0.04696648385291438,1.1897280301432072,-0.013125125660352744,1.4279579109279632,0.10687615194934848,0.7618841429770391,-0.004528661279590223,0.5052861963978904,-0.03295342295475388,0.9808812727749818,0.02377628734677032,1.46440839802933
0.02691368088138591,2.615780835899213,0.6553920405587872,0.06433394681180143,0.49461186028348564,0.03054809678788774,0.543696398781201,0.09795987607494107,1.2443310687971028,0.004928673205143108,0.39615091187051377,-0.03529512022701385,1.0597859723515148,0.04494599351815768,0.8128075642086124
0.22099222452760933,4.080270076174043,2.6152265555198433,0.08960519051330369,1.3043595603019145,0.0411635645731975,1.0250729100560285,0.13782152935706632,2.3614316722249304,0.030627657109888122,0.539500398625182,-0.02670443984861979,0.7677711823349338,0.08758858638791328,0.9116272003601537
0.3847741173889176,3.2836250768484767,4.079427773239237,0.157852375278971,2.5698369427001704,0.10435281930379994,0.7622505779592708,0.21101364337498418,5.246475247288924,0.06417917420737608,1.287233232265125,-0.0048443236175442625,0.790800804413533,0.13266687717687511,2.541502792151809
0.4596790392595482,0.9466210628542993,3.2829394508780156,0.22566840658313686,3.647964522026924,0.09542010528219813,1.2446418106579364,0.3553341475286334,3.167742751067535,0.08988800096255507,2.1581247961895533,-0.022892391860749407,0.401795320550469,0.2018417174751799,3.331403891287301
0.43344129994367203,-0.3330737749927116,0.9463950577876064,0.28111660319114967,3.8091079654680935,0.13535524795981685,2.3616134572696033,0.4261826040361701,0.10604465486810463,0.11962988239581322,2.6542577165672827,-0.01795833274124512,0.5252625452939631,0.2561771089901132,3.493048123628966
0.3490876630336033,1.1950733303890486,-0.3330481012028869,0.3118137869861785,3.5374414907966494,0.2086822997881662,5.246323986202582,0.4142817275350621,0.8263469820560297,0.14217940792476616,2.8252429686512675,-0.008421368536629533,0.8459924597661586,0.29160414861900735,3.135788742233971
0.31370080760002567,-0.092499407378294,1.194798461967794,0.35971376841260944,1.1757360163317674,0.3532688748579538,3.1678314564833507,0.3656002617460418,0.9622609845436213,0.1656540383007392,2.806072501867541,0.017230148259762545,1.4652740836323612,0.3128357392868575,2.8396560390423513
0.4048279579236958,1.3731816509132744,-0.09252104758861834,0.39041852254833437,0.16017334900746033,0.4242479483823898,0.1064867992108358,0.3560581580034523,0.394972739717127,0.20342325405781708,2.5816255917199515,0.03850054882907658,0.814317447094655,0.3669026473113845,0.8408804847480063
0.3614555112524462,0.11748028216933515,1.3728717537514796,0.38652378426768674,0.20217408118486363,0.4123251312905662,0.8267059755218368,0.36018264268246475,0.38187136540527183,0.23491819191207983,2.2300316103154145,0.08134597258275139,0.9130393864081738,0.3869982511705755,-0.05653282747891822
0.4380215942027232,0.9903009955494815,0.11741734504462598,0.3829064977184817,0.039906372880668915,0.363553915799815,0.9626042882524103,0.4016416879871084,0.12016227875832164,0.2613720022810267,2.2435253574139957,0.12663867973223378,2.5413036214099334,0.3946161862588159,0.048083940075863904
0.570939706910903,2.4720675124884073,0.9900663999069822,0.40587186305844963,1.3300434058343604,0.35399422012668474,0.3953815305321568,0.4570373681069759,2.582360048329066,0.3040889422740258,2.1726554576997956,0.19614255241479178,3.3304237943779014,0.41053387090342336,0.9411036087360927
0.510957892158623,0.5542206373210238,2.4715414963512874,0.43290787774047285,1.4393941542150503,0.35812630875236834,0.3822816686279697,0.5068940827604077,1.1461135148368764,0.33693288490332346,1.9711625788265927,0.25073639199180076,3.491908219104407,0.42162390564479385,1.1839786318932197
0.4877465540078203,-0.412652450907254,0.5540718060362939,0.46197748109286657,0.8466390291057975,0.39966178842253147,0.1206027933786956,0.5234765820967372,0.285296251268959,0.3646759811030917,1.7089529489608368,0.286331941490264,3.135002037875648,0.44146136075169984,1.0883964016491483
0.5194170626899139,-0.1902200787603479,-0.41261112630008984,0.4811164712308655,0.7538202981366781,0.45515959664572037,2.582516329654651,0.5062945830172179,-0.6810370279937064,0.39010895693534303,1.547336730971084,0.30766452091166674,2.8391621026992078,0.4708924844714567,0.5994141374591093
0.5836309795687045,0.6655030037995769,-0.19022250014904057,0.51822483424396,0.15973680639053806,0.5051082277030013,1.1464355948198193,0.5305299253577642,0.5010747636393516,0.4300925367548255,0.6720109627571962,0.3619885999477898,0.8423626136807096,0.49647322357833734,0.7280685021364653
0.7181590713284511,2.514401622933651,0.6653322865011525,0.5650141727498517,1.076680180246221,0.5217212987229329,0.28571770301239097,0.6073689098542235,2.415732931235903,0.4657991877777648,0.8446299665268334,0.38217978920222406,-0.05416348172961706,0.5475055865935394,1.111490889568795
0.870908960457119,2.993540517055326,2.5138672809049254,0.6151158695650695,3.1521996314758973,0.5045076227152946,-0.6805040238415998,0.7245859812062233,3.9568291126326502,0.5007135174504335,1.8044744529679821,0.38983395924719666,0.050349857723299286,0.6094373071927931,2.534868452613733
0.7982115077791266,0.8885760562968027,2.992911942303752,0.6630937652618865,3.331916432927367,0.5287876456074873,0.5014713061580764,0.796145244010766,1.5045143536381238,0.5250270065560444,2.239675069659407,0.405827356878026,0.9424866532894998,0.6419523094051441,2.989010770040472
0.7210334922083347,1.006391654068745,0.8883614669992799,0.7020579967972754,2.547346605747066,0.6057682913260994,2.4159084478053336,0.7971038185881971,1.451500296093859,0.5456819518972226,2.3625698419435532,0.4169701417313833,1.1851215609926429,0.6720071097555758,2.7104657395695106
0.7961290260444824,0.951633170305345,1.0061538938604313,0.7482751964910381,1.5449720324109226,0.7232014653985309,3.956826726821274,0.7721658755988254,0.3231878702734304,0.5777885777604779,2.4095363502547147,0.43690195434057183,1.089633826964401,0.7161263393397846,2.1326789016339447
0.7736680704592133,-0.43238362590271084,0.9514061795024947,0.7800157185574931,0.2561470766145288,0.7948926556705133,1.5047950602380968,0.7639810216610069,0.12559671822349347,0.6108235450809534,2.165647254375499,0.4664730681602986,0.6011349891754378,0.7525011647626071,1.1246897493357146
0.8815732560549486,1.8143570796063295,-0.43233842074573614,0.8073096089868745,0.369137901879018,0.7958529974868929,1.4517871225760088,0.8175185315529255,0.7953564643202089,0.6450635152172133,2.242130902227376,0.4921754828871445,0.7296621612712763,0.7951267511402124,0.36441293031466354
0.9343412523180773,0.364534573794616,1.8139604160341898,0.8179042463290044,0.8843331243468342,0.7708690786233604,0.32360494785169674,0.8636101555469441,1.70460590728872,0.686208316733805,2.13395535306737,0.5434505830016237,1.112705482797902,0.826055199219984,0.6190759014399976
0.9984212826640034,0.6619824814276258,0.3644230482566577,0.8513438382943176,1.75487288850462,0.7626691349961143,0.12603660549839033,0.9385618499642326,0.8529543713943413,0.7264563667355485,2.2069759243191767,0.605676883850023,2.534675840831397,0.8442979527108225,1.3515987271896932
0.9745199954404417,-0.3945103637668353,0.6618124565138378,0.8936818572130731,1.3719246426149976,0.8163053472476751,0.795719035295943,0.9695581393572253,-0.09883866024340156,0.7554416070326249,2.342753946829126,0.6383465447309853,2.9883691759490256,0.8695218073397961,1.6082278060304036
0.9939543656062503,-0.5119671467533199,-0.3944726071819928,0.9267231941765101,1.1734649350026511,0.8624819462817569,1.7048635155485614,0.9894381838140197,-0.8154393043802627,0.7901305381906053,2.243897602554563,0.668544301719624,2.710099525653338,0.9085676668279906,1.1994386296820179
1.1279085435508913,2.4993106620847616,-0.5119062898261474,0.9858894206237259,1.0487103189650386,0.9375718224918314,0.8533102933335509,1.0326201677942173,1.763527738286941,0.8361071372053032,2.213858644783558,0.7128733858584498,2.1328839096865577,0.956034231991472,1.6937314566086838
1.1171134242041694,-0.7391346977742208,2.498779288010315,1.0252299928754078,0.9513990828730905,0.9686252569950359,-0.09837286440507526,1.080172854555704,1.4321713340354567,0.8790338438745031,1.9636734984532025,0.7494212293248854,1.1258912936717578,1.005169788598926,1.1205254049376339
1.1868343705934983,0.8103093572098731,-0.7390291635788527,1.067402093883133,1.2337628700672267,0.988541952526967,-0.8148907849830704,1.1444953309785797,0.08853635174851358,0.9223560668219356,1.8657371917810073,0.7922495656944752,0.36636611313201173,1.0488424562006675,1.2566457458207538
1.1868238689195656,-1.0227142854870475,0.810110160701902,1.0988696164514906,1.3682917363671177,1.0318035473019416,1.7637785446779939,1.1641426740363683,0.18771518578324486,0.9560156933276117,1.9458176414967012,0.8233251259463757,0.6207773147911826,1.0849642839241909,1.1901755094841586
1.1263121284004147,0.5681549403299119,-1.0225529794121215,1.1242223595562895,0.6773182077009399,1.0794439027353586,1.4324603918308823,1.1672102985619077,-0.005716808457567066,0.9743588146491302,2.04649010065538,0.8416546516892431,1.3525759407093265,1.1032611914867347,0.9759226853449139
1.0972130409050558,-0.2578351377355143,0.5680033685719504,1.1414689099350455,-0.34116285165957244,1.1438849648043314,0.08898051722973467,1.1373229814900665,0.3867045946381801,0.9958331817903651,1.9266479257829676,0.866998484405522,1.6089513063152618,1.1208144674738205,0.37773036795209053
1.208598166200003,1.9058614699434901,-0.2578242612033098,1.154945914535707,-0.0877969958253675,1.1635685299263216,0.18814790217328434,1.1445843703703615,0.8258210083310109,1.0308502022883286,1.6565122443684182,0.9062300667979865,1.2005662744416212,1.1515228247117675,-0.27525774992626806
1.1889759387921355,-0.5070274742616038,1.9054468101118942,1.1669485910623865,-0.15502760255102382,1.1666418099591824,-0.0052617624993182375,1.1654817747786403,0.8873227007074306,1.0590645687714992,1.4022968396142867,0.9539224082269525,1.6943704247435951,1.1602595288861774,-0.24788800998553764
1.1011389136405252,1.286668399528346,-0.5069675888247331,1.1526354981305573,0.012801856136102067,1.1366993922910618,0.38711433991842253,1.1667909921673643,0.8059448775701801,1.0825836090954954,0.759603800879554,1.0032916797121343,1.1217310663023972,1.1579741100866046,-0.16385676160273593
1.1145860584333573,-0.6694001642534475,1.2863755170137454,1.1405701386419145,-0.03548893779875037,1.1439741683501445,0.8261800625146233,1.135439419018632,0.44487882617142477,1.099318648593686,0.3713673549894209,1.0471720777818572,1.2577168334569273,1.1476377902231123,-0.1586642285610347
1.1125518551219424,-0.9695014138375544,-0.6693083448181436,1.1382718596291745,-0.0019958988785444406,1.1649100994498898,0.8876746552060074,1.109953177869161,-1.014285698232908,1.112117779999673,0.06104605604667625,1.0834657201571847,1.191312312115505,1.1370119462613026,-0.22846325539206397
1.0188122107842537,1.4418767125163252,-0.9693505731910201,1.1251771355054936,0.6020869180553013,1.1662217305266207,0.8063062262315974,1.0824985051891418,0.7146271874527023,1.1135822617106117,0.011014941243947638,1.1018496575573662,0.9772713064393808,1.1216322993109813,0.3148509529663779
0.946580476451015,0.8763300759382479,1.4415533050284424,1.081414214149943,1.1250156053015745,1.1348123572625206,0.4452818558849061,1.0264712612729776,1.7526630715521656,1.1115756382586957,0.11033656843864692,1.1194864262742448,0.37967038464579766,1.1000818115348265,1.1531772466466501
0.9556163789639357,-0.7853929889406794,0.8761178950698617,1.0424378531488485,0.9254182188886197,1.10927912939019,-1.0137142242354071,0.9741357251672326,0.1550952776174487,1.1088221941809828,0.22446544031749266,1.1503408488150522,-0.27267216442794556,1.0638885691693332,1.1337272030589758
0.9715413902330526,-0.6042451096125047,-0.7852783570811801,1.0207921152973785,0.8676303404864024,1.0817738409646462,0.7149990777238373,0.9583716430344253,-0.8179825403281346,1.0975918649446343,0.39056847530010913,1.159119109407845,-0.24532948324956078,1.0327809491283453,0.710448684895553
0.8371740852726977,2.5101737628773617,-0.6041661042865989,0.9744579980240335,1.297704747202156,1.0256433045869924,1.752915132147922,0.9218863162243994,1.3955577914869037,1.0774865495014607,0.9253048608884316,1.1568228199392054,-0.16138131134408465,0.9950164004884595,1.3555906664258766
0.7376604596237267,1.593702515655017,2.509640252346078,0.9118425972326636,1.711888941199837,0.9732112820940917,0.15553175961238322,0.8492014130696405,2.996647509086135,1.0452267634943844,1.542341152000176,1.146437335033128,-0.15619391183736958,0.9410909392901607,2.041333967849951
0.6817317111470093,0.44764598643685105,1.593349248435428,0.8555424771520393,2.314876611180089,0.9574181371209087,-0.8174337273426929,0.7525544005845151,1.589324722236647,1.0089509145956532,2.0843559035372667,1.1357609488979157,-0.22592393270476654,0.8794549691391939,2.2453466690211257
0.6962892668176854,-0.6402021093492541,0.4475181152947076,0.8137381450336113,2.4717303829510073,0.920865545549116,1.3958510759078107,0.7055715087393314,-0.22146671433873355,0.9780665618894647,2.445983107373019,1.1203081481552153,0.3168531346331616,0.8333127104139777,2.218884049021084
0.8871175829380471,3.994805926241097,-0.640116032324448,0.8022972861118215,2.07699172835892,0.848046639683618,2.9967559655410234,0.7554131306910331,2.8959794063551896,0.9629774519711235,2.396615073472298,1.0986551547810102,1.1543506271630435,0.824805556835133,2.0103766149085622
0.944462456363575,0.48488273801375187,3.99398043162566,0.7977744874623959,1.839939825159166,0.7512214476715795,1.5895956384246568,0.8430297406443307,3.454084843378384,0.9440071572410659,2.0483601365988418,1.0622897580776387,1.1349198126257067,0.823209803131233,1.9522920710112721
0.5493763135469562,9.36572884989643,0.4847475434826409,0.7497057053034403,2.9696267390308373,0.7041519376348271,-0.22098676245807802,0.7940365597617572,6.497182114323534,0.8980709473751206,2.389805832442496,1.0310341736272444,0.7120597636495611,0.7628120839685948,2.4672561873667087
0.7731251848841502,4.860446022062142,9.363847050527786,0.7556291220924187,2.9741740380226678,0.7540854481653021,2.8960994838207346,0.7560218711127485,5.937682056432357,0.8745129168692606,2.2126724226646006,0.993089996679933,1.3565639333630681,0.7536488260110464,2.3554634968636674
0.8765663715534443,1.6969770283593846,4.859450281148112,0.7881709475274532,3.0367255984485166,0.8418635890931201,3.45414049379052,0.7333795847093777,4.812945488497482,0.8574182816362459,1.8673246846963079,0.9389080372664809,2.0416292829665004,0.7735216215644265,2.5776326369585134
0.8550343215852843,-0.45680903252500976,1.6966034500386673,0.8146849869193449,2.863491339701425,0.7927800838273386,6.49688647306675,0.8353117679691665,0.7095689214165233,0.8389233060330833,1.4308200903971429,0.8769788936130225,2.245440289448269,0.7983154355804207,2.4750660358214907
0.8007468197220081,0.4044897010592918,-0.45675902359902165,0.8002591024622161,2.721681999131935,0.754695310867754,5.937451003222421,0.844523152818191,0.14476851152435816,0.823261793466538,1.1910223812080425,0.8306171577290922,2.219003831397415,0.8132598217770662,2.2573565194628897
0.8287070163529148,-0.28778206878028756,0.4043703175067158,0.7809253077763801,2.181972743593969,0.7320112808887066,4.812844273590716,0.8285628035497244,-0.2895035979282622,0.81479609119441,1.07063642703459,0.8220695395967597,2.0107025356376567,0.8049032210264003,2.145200700634973
0.6114903947537154,4.688681686622455,-0.28776530255536986,0.7912997739184511,1.4461506875759298,0.8341313874761125,0.709941395608105,0.7473446985802928,3.025640857398347,0.7900808743508346,1.1626188901951444,0.8204661956383162,1.9526754163221371,0.757266042641155,2.1743502521883693
0.6021263466085999,-0.7767644583880993,4.6877197267711095,0.7627390736141559,2.308423826138125,0.8433597545385796,0.14520618562936094,0.6811078654788889,3.3909604699922817,0.7635493907448746,1.1047585451303967,0.7597811927544024,2.4671304196326145,0.7648128101466203,1.7744743074240639
0.8224120984246265,4.7693839152903115,-0.7766515235102855,0.7536940766970629,2.0507512777022514,0.8273699805894229,-0.289015791947571,0.6790086084301743,3.2586806954689314,0.7624891810462981,1.0899710418004764,0.7505743494614878,2.3554482516208664,0.7718641209413893,1.838878081626016
0.9533684879743318,2.4204843538298917,4.768406083651389,0.7701181219375572,2.739178194090447,0.7460021410017335,3.0257459668942626,0.7930196257574242,5.186756400182031,0.7779813872155618,1.3241892873306038,0.7705416706151369,2.577397746882573,0.7828519380651939,2.266424391415667
0.9858430832273931,-0.16907676657267964,2.4199684826038883,0.8010334133087378,3.5618626743642454,0.6796431929245764,3.391023407409893,0.9209831787750543,1.8729275601379305,0.7998227443069571,1.5091361978588382,0.7954534172162333,2.4749325469751846,0.8015663019147333,2.860842740803177
1.0691929388501373,1.1686790814458032,-0.16908334623760896,0.8412000391707044,4.6174852692993245,0.677540065661789,3.2587589031124407,1.003280743994099,0.8977617282763786,0.8266047821039605,1.8325213155848985,0.8104688868732856,2.257438266496657,0.8399719735554885,3.7792409954144457
1.1704277212131344,1.638960022797267,1.1684094040077397,0.9345553018781954,4.6808243823445315,0.7917612749919565,5.186612032971105,1.075666616305197,2.0884358555567744,0.8469521892244126,2.4250421055074978,0.8020725376785699,2.14539332916246,0.8888607905230616,4.920013252899767
1.2833608967306356,1.9465671729354657,1.638597854738736,1.048336986123398,3.5706571889703795,0.9199607430653398,1.8731657375386568,1.1748841715189358,2.6238592225104314,0.8712919625223978,3.2198699693637636,0.7542087715004856,2.174514062364287,0.9849830141105755,5.091925909310271
1.3669010123036143,1.1736819327181192,1.9461445074727772,1.1392790348831021,3.608482244908284,1.0024100330077852,0.8981124777055508,1.2741651754616616,2.3130054823731516,0.9300067970069883,3.6092687854877137,0.7617914354517541,1.77503345011613,1.0943967198674183,4.122941801945139
1.2687456127530816,1.557988203965716,1.17341127136432,1.1919541970916387,2.933161810163277,1.074929356732972,2.0886491549263293,1.306952660410884,0.6505358420747761,0.9656023838238339,3.890607081375139,0.7688762860363212,1.839373552305704,1.1582521350592518,3.132868272061705
1.0954593284336926,3.533541345827044,1.5576419607153278,1.2102626064316713,2.10234429138987,1.174329830555314,2.6240107132188073,1.244290415055792,3.7276468854059304,0.9813233323806329,3.9136948312187227,0.7799163670706806,2.2664971736075077,1.1785805874860007,2.4580066611256335
1.1425577163293557,0.2154532384964983,3.5328065685754013,1.222516195073594,1.6483016440535794,1.2737938700814389,2.3131928576818015,1.1694754213145344,1.9851487410663504,1.0019733366661554,3.9326812500808725,0.7987197464023033,2.860327858483598,1.2010012161013932,1.6794510856628755
1.2403815235091773,1.5492690420419524,0.21537103293302637,1.2342000731786809,1.5548775389473675,1.3066418024092892,0.6509151309775277,1.1600164394891879,1.414239478722079,1.0335480143557754,3.9480646673203954,0.8373080958729502,3.7778181497688013,1.2254925836518507,1.2073529774828804
0.9433914863542296,6.786309342985364,1.5489245135978114,1.1774174392128165,3.1032636119112347,1.2438640322289016,3.7276709561287755,1.109304183506609,4.234148262549803,1.041784682537572,3.8209153809806238,0.8864294540931058,4.917462596559808,1.1930112830658577,2.6362792797449655
0.9768646807194735,-0.14281878199547668,6.784934840616584,1.1122724891856766,2.621962949490018,1.1689111087177724,1.9853739637822847,1.0540481377741517,4.64638315662336,1.068025957887456,3.0596757650237363,0.9830088861724693,5.089205293601897,1.149161913704548,3.036207889660139
0.9230154959696624,0.39296423116363643,-0.14283052584434844,1.0545276860560324,2.400116379494225,1.1594346882063933,1.4145306065503755,0.9482115124319728,-0.288013522435294,1.0910722992656336,2.078948387600137,1.0929430217896472,4.121179160654302,1.0856567252452163,2.611533197918944
1.0455243304494362,2.1983574081564434,0.3928471143366879,1.0461874041774766,2.348251694912488,1.1086289385342805,4.234113863332897,0.9822712246180533,0.9581495215539731,1.107096277250331,1.6564894731464799,1.157102167346704,3.1320844549908933,1.0537212169233718,1.8531635488665188
1.0762526679970503,-0.2149942997830112,2.197885222857769,1.035112951080731,2.111512328816136,1.05327102213004,4.646301169481708,1.015415569822743,1.674450130054248,1.1159218507183655,1.509972738644577,1.1775273127205024,2.457890037823781,1.0509733854537249,1.8246153896521358
1.2307630506096285,3.039832377507464,-0.2149918488010154,1.033506447056261,2.007062077622099,0.9472392751865963,-0.28752588846721366,1.1180445843172022,2.337438975050541,1.1335120658747895,1.465698715105061,1.2000545857872298,1.680104171913796,1.0635926221047654,2.287466670669034
1.2553825219521502,-0.37562584114992364,3.0391946984896534,1.0856160552571013,2.6427459451005286,0.9813617802438486,0.9584932998853479,1.1880290214078837,2.2581794161906945,1.1468842497014236,1.5255538117342444,1.2246624473263108,1.2084727978182572,1.065738763842092,2.390518220306793
1.0983599735977179,3.105889325185703,-0.3755917986029264,1.1059085360907246,2.3087718409152838,1.014567230738775,1.6747112194625275,1.1954014633744179,1.7976187251619835,1.1417083255007814,1.5322763550147502,1.1920266483745916,2.6359864093749863,1.0879095773188043,2.065907906157181
1.2213937289512287,2.2121601083978955,3.1052386546822937,1.155744496237885,1.3180134064297044,1.1173854532468084,2.3376235297847376,1.192276940583621,1.7306111077260455,1.1372578275461898,1.4388900568889482,1.1479687080576175,3.0355196347072466,1.1228935151142825,2.0172746592359614
1.2257400300506391,-0.9087052171280676,2.2116852085084364,1.1858446222875407,0.8662687819456524,1.1874989144384056,2.258373120557726,1.1823916313906004,1.3557837137569604,1.1271196094333045,1.1098715146962732,1.08416145509794,2.6112647924634493,1.1662032827923363,1.03681219096927
1.3788293252097366,3.002465137760177,-0.9085663333300069,1.2363818148958325,1.2647228856035218,1.194884948322455,1.7978655961284975,1.2759237901936722,1.9875668005948068,1.1350258500229429,1.4118219475463103,1.0520740444890766,1.8536448963918073,1.21388809278908,1.4452835561785797
1.383443782892772,-0.9016540878498648,3.0018348077945722,1.2618829743244857,1.8324952022705667,1.1917546651260507,1.7308657139752877,1.3299649583006,1.9905072914398765,1.1557089677359786,1.7638757510424519,1.0493131428694142,1.8251249609697313,1.2578368789662147,1.3778946455562218
1.5119880008278517,2.3570567337952957,-0.901516590804412,1.3047419332069965,3.092895011477504,1.1818511312650333,1.3560815896519156,1.4254241965592847,1.4745715832797752,1.1822415459454372,2.4155448149645116,1.061992403331205,2.287518649666004,1.2980707744322637,2.4890064325337877
1.486245848369864,-0.34610514254786295,2.3565533369424085,1.3695277079722254,2.3299089976807625,1.2755557270154887,1.9877917441727144,1.4612459333891408,1.198878858606543,1.1998995850992609,2.8286560179309075,1.0641487532617093,2.390468318635659,1.331099603968291,2.942460204919678
1.3186845101530793,3.3830049147071124,-0.34607690586602047,1.3857774841245007,1.7747434489242218,1.3296965260320486,1.9907318955708837,1.4396497249369669,2.5447370726791663,1.2268532267556935,2.547450537103701,1.0864250229359005,2.0661789265468533,1.362620684745429,1.8357857783163847
1.3806011772431317,0.60509723256789,3.382299743605099,1.4116428224995827,0.772800012838033,1.425331754023629,1.4748557464389165,1.3958342663938978,1.807611572891749,1.255849685951151,2.306290666757633,1.1215753629726235,2.017593760296966,1.3853979519367794,1.3091642946781858
1.5446339810575596,3.290222735365182,0.6049383953325722,1.439335976046601,1.2514624723467813,1.461219532213248,1.1991948474185428,1.4153057989067097,2.9742406080088744,1.300494485698495,2.0332603592108054,1.1650911349733346,1.0381006143904818,1.4310210230035967,0.9421598772949832
1.5736906135559101,-0.2589514842684413,3.2895358118266587,1.4711115294316812,1.5654795570699116,1.4395835087465572,2.5448976971580355,1.500346361171852,2.5136381210874417,1.33842752422333,1.9964111711245713,1.2130027593242312,1.4461681493251848,1.45889916361529,1.293116076476802
1.7388249066989843,3.319186199733111,-0.2589403881832538,1.5089984586755998,3.1152005970839416,1.395687271527832,1.807857290295349,1.619808393504144,2.536575173861016,1.3860136331061954,2.3455551936246684,1.2571605893363575,1.3788458619342205,1.509742330179045,2.4733231559342848
1.7391913908023036,-1.013353791344248,3.3184935799212436,1.5512461248210156,3.9295473301197075,1.4151947019785334,2.974351651090799,1.6846902582782037,2.1980541529935693,1.4225290874858525,2.765554867642609,1.2975858586385571,2.488859161682886,1.542247545077903,3.23194834851372
1.7698940223364554,-0.21567023479717498,-1.0131943262070149,1.626608389160785,3.2041501039208726,1.5003920459875,2.5138023355937182,1.7501210380845846,-0.6287709736156328,1.4594814359976807,3.114382381689251,1.330771790879621,2.941864632481393,1.5828281229094694,3.7802752853286252
1.7503475653301652,-0.5090198433832627,-0.21566765087836767,1.6883644565425497,1.5705193976985417,1.620074319875715,2.5367367405401513,1.7539636652049126,-0.7122388359188342,1.5063073528082618,2.8008796894365156,1.3624428027056434,1.8362843061643372,1.6445846854942445,2.7833373810483684
1.666038297420389,1.1939066554830018,-0.5089595661051752,1.708641742226205,0.7826866675742404,1.685075801590572,2.198254798152226,1.729568248351675,0.7318724278992119,1.5382418402700413,2.4875137284768605,1.3853284107113482,1.310183460486262,1.685421201765052,1.1408467278303773
1.6982694334793498,-0.17547848242229022,1.1936320165128615,1.7294492423003436,-0.3295403826753559,1.7506272103237215,-0.6282440029970731,1.7056825639420143,0.271187564581634,1.572179023762621,2.0513885668492677,1.4311684894038474,0.9435418775812555,1.7074013024916121,0.4494010665336417
1.5362864653080357,3.2363226747241884,-0.17548380305539638,1.6956207099956773,1.1441038690041183,1.7544769217549332,-0.7117022298657028,1.634296522345122,1.8447017623120345,1.5834876361303556,1.8448860006962982,1.4591792333007012,1.294151108161694,1.7020500184414808,0.8162405466913494
1.6164194324426995,1.0840915755326603,3.235646351764199,1.6751149969519996,1.1907402630527426,1.7300365292348643,0.7322423273995112,1.6177494039806821,1.671637934547796,1.600220007302836,1.599383829492554,1.5102642370446406,2.473191390165098,1.6845378842873886,0.915245073809218
1.6107951747750058,-0.8751015783395514,1.0838385340035137,1.6485418661062918,0.8176734188386481,1.706106808906879,0.2716106450157227,1.588578101628779,0.3508602984367497,1.6073163639915338,1.5527481715183544,1.542924064058434,3.2310665771237335,1.666168675119173,0.9014968021170925
1.571725374267697,0.004342972877126446,-0.8749693034025527,1.618707892273029,0.33144529375894727,1.6345891591951276,1.8449431980665834,1.6003964255974146,-0.39164248801506707,1.6134555255637073,1.4684390278548858,1.583697664732131,3.778851417144767,1.6378173618204774,0.6419859504000426
1.7423134038976167,3.462591222642376,0.004302286579559822,1.6314475721371926,0.891952706479586,1.618011534375846,1.671899348592709,1.64238010353866,1.9768046789590572,1.6438806618524735,0.9011491078454255,1.6457479744212422,2.782899123465256,1.6366679417175152,0.5820118623705214
1.7846334820168024,0.08980843981286389,3.461870399222026,1.645872335090077,1.5309002014180775,1.5887864514805112,0.35127418154155465,1.700352470449855,2.826826783128972,1.6728983660726537,0.3969948987684571,1.6867787309137148,1.1420322987650564,1.6536349507120116,1.1661447541418195
1.7970249579378235,-0.6971587879258242,0.08975094493691281,1.6894216013944003,1.551093299200513,1.6006265638450785,-0.3911428912377087,1.7754863712378801,-0.2334205107843437,1.6910251510559902,0.3689378353324598,1.708863380706337,0.45127022685807894,1.6677635671262874,1.6008874954661974
1.7412760025484733,0.4429183594466196,-0.6970615091743945,1.7102754920744467,1.401047493143049,1.6426876433705144,1.9770308649039792,1.775140414051571,-0.21211027675256303,1.7030611768686663,0.250901186203028,1.7034866430990707,0.8177470356007835,1.6970907217993256,1.1821244092020504
1.5176982544533453,4.8559463670993495,0.4427914180915783,1.6947261861997733,2.1408758340332787,1.7007668887939849,2.8269548434942604,1.6861216747451235,4.105886816386711,1.6871798037352568,0.5217139975989034,1.6858912119076563,0.9166536830904123,1.6829670192173656,1.7545806706114142
1.557283165922274,0.017887723238666553,4.854951511136936,1.6923140085005295,2.235773259897369,1.776039307292525,-0.23293917897109664,1.6061715224962214,3.0671660582033695,1.67411510815913,0.6115189807552599,1.6674346289968576,0.9029190034608049,1.6753112384315896,1.9657985517707361
1.6272376317809674,0.8164497097800345,0.017844373081574993,1.6730937338316871,2.2101976942856014,1.7756927122956285,-0.21163140496836255,1.5681415026635195,0.7419298208800899,1.663869489436692,0.5193688204991527,1.6389484617516814,0.6436647140084285,1.6832531879781767,1.7835393642279203
1.6511394203319958,-0.3944971814510012,0.8162493056428165,1.650797185348483,1.7858545491907167,1.6865098570331036,4.1058672235244735,1.6126420523531555,0.4981927129521694,1.6567443349038142,0.43202872548457844,1.6377935743945071,0.5837499186356295,1.6702092367883627,1.694493379383342
1.425227585394716,4.9173207620446036,-0.39445942745873785,1.5886985568536178,1.9236021893766464,1.606412307777941,3.0672663740775916,1.5686035737894723,3.2419361275573495,1.6394492475257676,0.8484070482309644,1.654841287520723,1.1673053144887744,1.6187902596906516,2.2480038127549284
1.5148115691935118,1.332604363875992,4.916313835518895,1.5508738390025494,1.0499880698115431,1.5683121753699194,0.7422985593664448,1.5311112336136425,2.8650388917517176,1.6262732564482876,0.9106093391546981,1.6690371071598267,1.601618252660311,1.5784149516923822,1.543546398903337
1.5818329984906612,0.7393260393723268,1.332302447089596,1.561585801855714,1.0283699246870823,1.6128947667770093,0.49858958817152965,1.5079986217846504,1.5835015894500624,1.629544420195675,0.8640187232957739,1.6985037574006727,1.1832691714563097,1.5556039843401657,0.709554297981659
1.6857972100971277,1.7107298752888673,0.7391408032240735,1.5830505740002847,1.4849739307335639,1.5687750983754336,3.2420162681746296,1.5948945317186405,1.8596622223272443,1.634527150060697,0.8913511807239363,1.6843128749666887,1.7551594809068947,1.579653329194093,1.0706321841010251
1.690634507179195,-0.8957945658138502,1.710353592182066,1.5936392959865688,1.7666516667367806,1.5312136368965898,2.865162540954885,1.653528742060625,0.9604926628821788,1.6402612314830667,0.9151848427080271,1.6766206792098857,1.9661685440627643,1.598731451246299,1.3294347728823614
1.7875623460939865,1.525709717185948,-0.8956582211664241,1.6164250314723536,2.5920167165278025,1.5080584143946392,1.583773177853862,1.722136274041891,0.8126532537187621,1.6557626984059737,1.039458448089518,1.684600404898545,1.7840895448612224,1.6216685618806495,2.042133417933391
1.83102652136395,0.11989226922293017,1.5253698221776582,1.6842026954079579,2.1932827544045006,1.595114526612431,1.8599019310633975,1.7705679865487833,1.3394572965776959,1.6621340973576766,1.2133691872103032,1.6714944097294235,1.6951315942525178,1.6474043965318583,2.758608963177844
1.7735620065506983,0.48802868684879397,0.11982885773032825,1.7274199112059636,1.2876820522215076,1.6538568356487364,0.9608361707239982,1.7982230155056995,-0.1869068851488488,1.6613389411373443,1.1938883206394106,1.6198308565899409,2.248094806229058,1.697239415356266,1.830222447072795
1.8695261461346324,1.5003694161001562,0.48789287360079664,1.775471218760565,0.7807942718517038,1.7225908532530627,0.8130138279729084,1.825556665751052,0.48065673939655584,1.6665459951522048,1.3706138052402943,1.579263502122199,1.5443338456790063,1.7479872213310206,1.37010904984585
1.9550802666224305,1.22663983078409,1.5000345047940837,1.820447621828578,1.2880310494422804,1.7711118550137062,1.3397570571755792,1.8669266569281395,2.0291501899622557,1.6819014724806536,1.8520890349153287,1.5563440336597136,0.7111662609604716,1.8013864362916847,1.296750642509206
2.0394938756342533,1.196650286049945,1.2263587541478076,1.8787150812526863,1.6916267008378458,1.7988178690952485,-0.18643092281535284,1.955610791814745,1.817015906559088,1.7193769684247082,2.3298708748871486,1.5805077700068906,1.0718871717950922,1.8519886131499894,1.9191942009870353
1.9416429467958114,1.5499822011916762,1.1963751074872522,1.9044500505877333,1.4590758994078807,1.8262019119677944,0.48105563894864956,1.9796606211919778,0.6536273087036976,1.746981786910128,2.416562712065322,1.599676637768936,1.3304338985273398,1.887899535394964,1.3310501920300681
1.9682633719763125,-0.3230111188090205,1.549637532489816,1.927371730059781,1.3367446440980149,1.8676481733292032,2.029370333201249,1.9840569814231006,0.5643725054911782,1.7714743434298377,2.566803744829738,1.6227228495181913,2.042427942683285,1.9137518155013946,1.139103854264437
2.0100808387345235,0.07659236420875859,-0.32298742405179554,1.9668757614932466,0.3175186117476606,1.9564958072913876,1.8172605383371638,1.9742481918980648,-0.0217601223241592,1.797253608574023,2.745777937508623,1.648581097506381,2.75819515304596,1.939368506631543,1.1054537778716327
2.0594963665745234,0.27638201780277316,0.076537468551541,1.9986051146715462,-0.019755293756518678,1.9805899752064664,0.6540062407310769,2.0135504711341747,0.38507886311731043,1.8428069558458,2.3015915550678194,1.6986531582233668,1.8307264750408911,1.9802761613130528,0.3668674251181465
2.0791086326947967,-0.5072894045325419,0.2762878293156765,2.0193206764165708,0.1479878644517889,1.9849944406171078,0.5647617409909701,2.0505156385169987,0.017249027151445967,1.8833349163270028,1.9365384923983016,1.749642347792554,1.3710679633588783,2.010260413596622,0.04981590674267927
2.1320173375825795,0.3682344818467767,-0.5072294675815843,2.034774201683002,0.7127844845454734,1.975167567496602,-0.021303224344104494,2.0911795610047665,0.08800772512315223,1.922849297305252,1.6801351219660794,1.8032955578609766,1.2977820809243512,2.0355741974965045,0.3885906870421476
2.1075971387597563,-0.3808656763200785,0.368122228644222,2.062492331166933,0.38849077652123976,2.0145423048598783,0.3854887960701404,2.107220419076143,-0.3138128404648836,1.9531430768506344,1.4972776201818294,1.8541384256240712,1.9196102681067695,2.0453174993172114,0.5633424129172878
1.9983458570848252,1.8497524346149088,-0.3808306032494869,2.067516791275882,0.13189612548209323,2.051575621643984,0.01770142195989546,2.0802872917653983,1.3142598597666801,1.9752429852769091,1.0095034726636942,1.8902201593420616,1.332047720610445,2.0534297914997492,0.2399451495392068
2.0840557221179967,1.2307351056751976,1.849348809803096,2.0798722814983117,-0.08633838201107423,2.09231451259984,0.08845195162842641,2.0642928402921776,0.8159113490173314,1.9965372159289017,0.8067366212973022,1.9161954066620792,1.1402911482699862,2.069995808518344,-0.1011226447131176
2.1445488700301762,0.5676660510637925,1.230453223617129,2.0940779865535286,0.10877924523069749,2.1083849437788476,-0.3133222282530337,2.076615666930342,1.3973832059387308,2.0190544717832584,0.7399572300829769,1.9419339444191641,1.1066743396181982,2.089233691609716,-0.09483264273360162
2.129301082875002,-0.6220525962427926,0.5675145754561695,2.1024612688120037,0.1619606017202927,2.0814021622495282,1.3145625291278538,2.1202871943335992,-0.1323822351792482,2.0446037438943616,0.24661511712741332,1.98303617769451,0.3688181813288952,2.0992204145391424,-0.07432243236467322
2.095133514895533,-0.12456035233066692,-0.6219700887007802,2.09630083043438,0.08680606926038022,2.065378223224407,0.8162715471606824,2.1239814656231424,-0.3566549723109645,2.06080692324227,-0.08625297489931813,2.0131630510521052,0.052080112102218266,2.1015130398372186,-0.09092153959266368
2.1311835959102017,-0.07506000965899937,-0.12457568708306033,2.100240305934374,0.15421624325230524,2.0777237683653387,1.397676279635881,2.1195243549468685,-0.5392087634206197,2.0734547097214358,-0.16270547333020519,2.038597240790803,0.3905199668127458,2.1013937592567946,-0.09366286117443642
2.193308197244217,0.6105648262242802,-0.07508507969301803,2.1328034567959193,-0.30281520866822886,2.1214758090911725,-0.1319125671089912,2.14086973030178,0.5304709986312147,2.0845016939268355,0.01629213601167017,2.0483868869444315,0.5650989265077843,2.113656148367974,0.2557061406051547
2.281842689618144,1.3050081750631746,0.61040491367188,2.1658383847511806,0.5538117135022828,2.125176891181109,-0.3561594144524078,2.2031343309783744,1.4793799079554004,2.108934927102414,0.19650465920294524,2.0565377655093453,0.24202138592253628,2.15421507429632,0.45051476627641324
2.219364522664679,0.619861770783193,1.3047116856466792,2.178334302586136,0.643495006799207,2.120711563325108,-0.538692131761183,2.2325412961144777,0.3788702889840862,2.1269690764363505,0.10472561050464564,2.0731825793282463,-0.09870921578033764,2.1735732433798516,0.35705488474867797
2.3142705942057265,1.4725477066545798,0.6197000297914599,2.2092284234575046,1.109721156436521,2.1420962912557973,0.5308641476821893,2.27288037080046,0.47869132479118665,2.1488160630430673,0.31986426188201633,2.092511968038052,-0.0924254323351989,2.19785475219867,0.8858378811652867
2.3791359141414126,0.6826315303652819,1.472218267071775,2.256663291976852,1.263621099461304,2.204475683655454,1.4796635160470397,2.3053261452648295,1.6484012609529315,2.171772657698449,0.723294933946964,2.1025461931408436,-0.07193549913767339,2.233597770295582,1.4394164795937947
2.3593741562978927,-0.5033585464779592,0.6824574443825021,2.2947763123530476,0.7999082781872207,2.233936863805567,0.37928093864761414,2.3520171766080957,-0.06734353915996134,2.191901399808776,0.9343321128945085,2.104849723385932,-0.08851819585907504,2.271401778566597,1.13960615189185
2.2858111146290154,0.9113365635870427,-0.5032993826127647,2.310226406209489,0.28651639355227415,2.2743503080665506,0.47909045122849475,2.34252638359302,0.5129199438060854,2.202946908498326,0.9822297222789876,2.104729875443536,-0.09125680726642324,2.293523810838198,0.4632359517812142
2.2700516559101906,-0.6085982842340896,0.911117497957914,2.3082570350523133,0.3235682124296247,2.3068558999282276,1.648665357412871,2.306148483101732,0.4581948304579012,2.2146144337734244,0.9530842638667604,2.117050591008503,0.2577667950753016,2.304503235996871,0.0688514155619521
2.2615841033376216,-0.8003376487006871,-0.6085184227650013,2.315308666529654,-0.005392857813538541,2.353633011385735,-0.06688137908239558,2.2735370240946393,-0.8304705345620673,2.233520272437697,0.5720243320734697,2.1578024367909956,0.45238282555507037,2.3016049090807527,0.11944204208080295
2.241076291281681,-0.4837411847514116,-0.8002200776600893,2.303083551020819,0.23620405499440472,2.344124721037157,0.5133151189307578,2.2586186575162577,-0.735637511200594,2.2447975301684284,0.3667428334805004,2.1772526836372057,0.35901534200877677,2.3047111378426095,-0.018296867983880732
2.248881624849371,-0.8177505786790046,-0.4836858790522589,2.2813281183094922,-0.17577623541719792,2.30767975383648,0.4585963229870757,2.2515587820052105,-0.9012798288745231,2.252290735498922,0.27365926225753356,2.2016496882447454,0.8872755635117979,2.295356160783584,0.07429437683802825
2.217633511862048,-0.2013268978066103,-0.8176295830201492,2.2576542026999262,-0.7671630743187053,2.275008171974181,-0.8299202799768524,2.236901944537029,-0.6859461365470224,2.2586347933059647,0.13142961349874518,2.237562719173116,1.4403068731547009,2.2722505623443894,-0.20493307005721192
2.1781352332154458,0.015609728711369274,-0.20132713480615452,2.2396698783029523,-0.4610365789272759,2.2600623017261987,-0.7350982040311463,2.215912082349069,0.012995973534112663,2.264595998099533,-0.10431067765765446,2.2755465434425797,1.1407929493069255,2.2463213271182094,-0.47803519510379433
2.1743223532180007,-0.9227314293464548,0.015566826569727046,2.2236809046227584,-0.35951695054206667,2.252989410548694,-0.9007214001453492,2.191047726959126,-0.40484871247339194,2.267694234763274,-0.22773760349501135,2.297773799882266,0.46509143441368933,2.2303710098765506,-0.4007426660838235
2.157073442103606,-0.5694334005943787,-0.9225897869992868,2.206225244080215,-0.32112655289422615,2.238305551568942,-0.6854125656930385,2.17085188727392,-0.8695358071960558,2.265091845313866,-0.1449380942321087,2.308805449034838,0.07109680169593821,2.214207601755375,-0.32111406580247664
2.1650486284419945,-0.8132843305329895,-0.5693612417219086,2.193526892938779,-0.4045441659138197,2.2172769922333053,0.013448859310208016,2.166487708482803,-0.963863533315868,2.2567036657503965,-0.05703502003080851,2.3058933361322045,0.12163741240379293,2.200396600268121,-0.42847439079757377
2.1041715532994743,0.5777613487363631,-0.8131642132555991,2.1693570153756965,-0.3650462598013763,2.1923667966361338,-0.4043475911845845,2.1430935097212216,-0.07321276351184598,2.2484304770132826,0.16842479349354653,2.3090143397724874,-0.015965323753456724,2.180810105853209,-0.18688060296251854
2.0967978296715457,-0.8290996846449059,0.5776078876765061,2.1491747045488454,-0.39010968046577627,2.1721337236721308,-0.8689810429604424,2.1229925321222645,0.08600765307746126,2.2328115270366653,0.29296169497592645,2.299614865459936,0.07653438185418333,2.1590519954418874,-0.2847343720609557
2.0952728885257015,-0.9828923711558297,-0.8289764569460927,2.135334805886018,-0.3576269387501767,2.167761499031563,-0.9632978799954232,2.099723410027663,-1.1049504288121796,2.212424411404967,0.15020215363886213,2.276399364488097,-0.2024170102030398,2.141546277956099,-0.4190281592683693
2.0482772181220708,0.2127523004637171,-0.9827388968964014,2.114282397784343,-0.15807729486805036,2.1443241704601648,-0.072749925897733,2.081083520128975,-0.2736283176321361,2.1900813491568916,0.07120375502441463,2.250346796008793,-0.47524913613696285,2.122967934175996,-0.17442933280379852
2.024998047345873,-0.4108688041868339,0.21267062609641438,2.092222798986554,0.0025546748222396894,2.1241861344712274,0.08645211046876515,2.057139411427214,0.025558543302000407,2.171349687471029,0.1730198553082734,2.2343206105629,-0.39803302144092684,2.101604614497787,-0.027340343708736423
2.098221435895132,0.9024054457162897,-0.4108278303712442,2.0810611359147093,-0.4844954278878667,2.100874113159569,-1.1043684885818634,2.0581227060339558,0.0843413137729691,2.1590087968007174,0.06564097689161566,2.218080320663771,-0.3184831450121117,2.093184858484241,-0.22616505172324647
2.0943900787856733,-0.9222455769995268,0.9021881365789952,2.079427406908479,-0.5259740124472136,2.082199858548735,-0.27314234427564754,2.0735006265862777,0.22281477073679729,2.1470008788829955,-0.0710574020224687,2.20420362669745,-0.425737329520464,2.083075980525686,-0.6343927905704267
2.1055530625548484,-0.7294617687545285,-0.9221040302054232,2.0808897301908824,-0.48550615729947894,2.0582116062169624,0.02600997886940811,2.10036446904038,-1.0716861729580052,2.1372675656808204,-0.2144106530425437,2.184523968482973,-0.18438239046158855,2.0832736283479125,-0.6290160228276644
2.046617063146158,0.5267211104062046,-0.7293581369437312,2.0727630992690775,-0.4603565827057008,2.0591967136367786,0.0847859635245767,2.0831552147701853,-0.13806239447870305,2.122740872749631,-0.37002018285651733,2.1626623649097643,-0.2821394176147829,2.076094437052038,-0.5884451063585028
2.0249108434152943,-0.4522292698483908,0.5265776874807836,2.0688603825493117,-0.3345712957874456,2.0746029850976124,0.22324343527088905,2.059984972321842,0.24156383454732971,2.108899481050405,-0.4544721675911907,2.1450733809077462,-0.4163004368938053,2.066027978988653,-0.504371610700706
1.9434033307061869,1.120235004916976,-0.45218016162888325,2.055232206639694,0.42028996930633417,2.1015163540359434,-1.0711080727153441,2.0059105631859633,0.7037152719953326,2.092040975337923,-0.22360959387285748,2.126406668629457,-0.17194343010050836,2.051024029231938,0.1598032599751322
1.9653693813374813,-0.44539706291673575,1.1199748550236248,2.0330428879677367,0.539685813797231,2.0842753725896515,-0.13759207069735227,1.9788157272132196,0.25772608550584286,2.077033919064652,-0.1831193138149197,2.10494173362436,-0.02499985875542111,2.042493159146976,0.3915926198873498
2.0305421480621093,0.6907157885464251,-0.4453492983941606,2.022378829469825,0.29992867948255675,2.061062413219887,0.24199033471093634,1.9806936795722423,0.37234405297792106,2.0679464089281807,-0.28846585990389395,2.0964819287666967,-0.22362800112720863,2.0328105140268424,0.23636179924052597
1.9471000112572872,1.17110559857986,0.6905401126245485,1.9959135613074908,-0.07807898798949138,2.006888311890838,0.7040884219255094,1.9819264649384951,0.3192987745724871,2.05229328309161,-0.31204191804122694,2.0863249676003965,-0.6314521505580384,2.0117382258976146,0.22249032986734824
2.089491157111095,2.721159220264483,1.170835443916258,2.0030745114104267,0.2866375946689791,1.9797435235715992,0.25815071991768174,2.023319143232399,1.3275534021219886,2.0512389332552274,-0.335661850523714,2.086523555540936,-0.6260806984916709,2.0094403038103037,0.10029105399844483
2.2002753638729833,1.8900604248787363,2.720584215013454,2.0323643800627904,1.6224721388466474,1.981624938144862,0.37275545602267024,2.0799225261123233,3.3442422965867857,2.0586707164206213,-0.04461001079359342,2.0793102161874892,-0.5855498919683568,2.0314236733660245,1.1771076159576768
2.2313943559410045,-0.2047221092245415,1.8896488726543887,2.080465439958899,2.1739907550637305,1.9828599962881797,0.3197163011035137,2.1747302605080376,1.4382675603145714,2.0684469952795284,0.29094351748333946,2.069195876687973,-0.501559514555143,2.0609645659929927,1.9861159672236732
2.195674818915049,-0.08375160456613397,-0.20472167848447936,2.1189316929898325,1.9765148406046462,2.02432898659263,1.3278545368918349,2.210140857284681,-0.5705562164862709,2.0790331289427066,0.45699328631683406,2.0541205601548356,0.16195872766823433,2.0970561882967242,1.9161313911167592
2.27900486210602,1.1681581171052664,-0.08377496521553776,2.160430624702826,2.2184855745547143,2.081036724110364,3.344310627096909,2.2363959182704702,0.24438060177205878,2.097275963818862,0.7839823887885609,2.0455491127080507,0.39351893183335,2.1419269479426766,1.9877499092400297
2.343893019379078,0.6832320340560722,1.1678885421257779,2.2267040935877045,1.1535233544799988,2.1760192471190725,1.438555914368607,2.2739124696988027,1.4278689173308325,2.114920160237351,1.2466239521346256,2.0358204117705703,0.23844157825978632,2.186756989484082,2.304126942328075
2.2506092881272646,1.4298885596816027,0.6830578299716344,2.2536144907573394,0.21379208635760927,2.2114951272730194,-0.5700359661127007,2.2922322592536575,0.46329585849298804,2.1261398640992093,1.3759307384273325,2.0146478926155114,0.224583822747024,2.2301790276392586,0.7893385143820515
2.3386243357696674,1.2913494689991762,1.429567509915661,2.2767219198112234,0.3297753485549775,2.2377985923866266,0.24480677677127816,2.3121144247965724,0.6303258535376723,2.1428791029879397,1.663591618437041,2.0123390403868373,0.10250535771416439,2.2658216626881673,0.24873615786590123
2.407398658615514,0.7854180608909082,1.2910556658539873,2.3061186466641383,0.838423828482747,2.275384309754113,1.4281584717923224,2.3332925660081245,1.5841599446294947,2.168790530123152,2.0001245778269725,2.034426974556913,1.1782573380038972,2.295454086777103,0.6442702172428908
2.387466017123889,-0.4988651915954084,0.7852237597789405,2.338152144600637,0.3691405855025803,2.2937378738804943,0.46369676216531963,2.3789321527801177,0.01052092777907717,2.194829336104431,2.1307551826600606,2.0641083794032387,1.9864658729486602,2.3177827275907052,0.7044507991691594
2.3369755142256734,0.3046482941845008,-0.49880691144278766,2.3478345637230764,0.17327666121044988,2.3136566944090045,0.6307074754583889,2.3783822964852894,0.04382508648609671,2.223095791721288,1.8642864985699927,2.10037167268571,1.9165504862464258,2.337998136643128,0.0884829306291141
2.2827444074562533,0.4030068021796218,0.3045485465407151,2.3376213529389362,0.3442049763805235,2.334873879881573,1.5844314570335252,2.3368120459467043,0.6292051927961242,2.245889747862854,1.465296178112805,2.1454558615635317,1.9880981995880052,2.3385331406553775,0.07038602278111983
2.176786965518009,1.76314150941925,0.4028877102702434,2.325291343840206,1.0729726804131907,2.3805976083126867,0.010974099271624061,2.2665538648013395,1.6891675380446267,2.256393088329768,1.1864101925231632,2.190499138659814,2.3041624503489815,2.314625846876593,0.8349431946068752
2.194716413751849,-0.5515387990785027,1.7627549184642368,2.3012554435170625,1.4976590803850103,2.3800467382965653,0.044274413384648575,2.2191126713154063,0.787271245185949,2.274176962150647,0.4218713465875244,2.234127715155834,0.7908715996603385,2.306629443772345,1.1077544772081918
2.226678636752065,-0.1825495030781157,-0.5514701595551101,2.2710710841642254,1.0706403525391923,2.338399848373232,0.6295869440846351,2.2004156103396504,-0.357803265020654,2.2840298022822343,0.09338841982114186,2.2699398855609596,0.2508037031251789,2.2906137540241396,1.1852945671109543
2.179911905986056,0.20673237374793765,-0.1825534330465568,2.2364048207854106,0.4892790611666172,2.2680121384493117,1.6894269284921584,2.2014577292964157,-0.40771687315652505,2.282567293490534,0.13301255340508902,2.2997132572416374,0.6459467225384915,2.258067999395671,0.9007653483189288
2.10563793889222,0.9300302201468742,0.2066518833256094,2.1977661772434374,0.31225336154348177,2.2204834818417134,0.7876347495101339,2.1717514458518314,0.9448779554684892,2.273535435219311,0.40194359385820627,2.3221481049635946,0.7060678076603444,2.2177478164596574,0.698166385149653
2.2034205909171822,1.5481868746252245,0.9298074780177176,2.184517293367896,-0.2310119060066757,2.2017519507525662,-0.3573075746045001,2.163995249946736,0.5807076603314979,2.2740917385600548,0.3918503959664361,2.34245966926857,0.09070890830317926,2.1986405686169515,0.04202727029723388
2.1840784139611413,-0.5143913506712526,1.5478425590120257,2.1857351313126965,-0.23251097039062793,2.202795990971644,-0.40721542077052836,2.1653847154385595,0.6077315467534201,2.267274096598278,0.4485583083075955,2.3429972180448546,0.07262989174424034,2.184524761092563,-0.4324628848922987
2.1165206443639764,0.7534290113799431,-0.5143300169734845,2.172674657001447,-0.012909537999112004,2.1730349406864256,0.9452232658542756,2.1690139281512586,0.3834643431887013,2.2509441540464628,0.5358354889281332,2.318976208443393,0.8364311933696629,2.1759026638584644,-0.2132073537754418
2.1646477278674823,0.24250260502991908,0.7532410015861585,2.1623140825313425,-0.2888553889055728,2.1652644453707075,0.5810950101196956,2.1560837824395414,-0.011532304242741848,2.2447703726422255,0.5858756053993744,2.31094177018695,1.1089727643961858,2.1716008394160298,-0.24245968227159542
2.102441834771379,0.6127023785304283,0.24241507964062828,2.149374816342004,-0.15691128943676735,2.16665647249685,0.6081157769350733,2.1288592552495658,-0.09023315551452832,2.2278076845725443,0.6164607037690643,2.2948499012880506,1.1864361952269409,2.153826703443921,-0.3097084953228448
2.14322341734333,0.04935397529498219,0.61254204558349,2.155652447211674,-0.296701021370741,2.170292376067213,0.38387446251986557,2.137764213985459,-0.12731393706393673,2.208834550684587,0.2803311986522554,2.2621493417161007,0.9021882728055916,2.148577806375172,-0.36813422982268496
2.0919028668519073,0.3264742467964003,0.049304436638803024,2.1370264475980822,-0.38029029396938113,2.1573383921924054,-0.011076586950310087,2.113504936265776,-0.29107299004232634,2.187607129085754,-0.060315074694235526,2.2216373745147706,0.6997896066507461,2.146612776415134,-0.2927254698750483
2.1619989166225526,0.8201726333547206,0.3263702066208068,2.1333386687060387,-0.5470705980293656,2.1300636735557372,-0.0897683530858268,2.1333662951113412,0.043302742174361045,2.1750402647664644,-0.44915862688694,2.202439242424453,0.04429917579798832,2.1406867186016116,-0.5134216500177414
2.256761922487522,1.4687858203579125,0.8199714970264204,2.1567621559950143,0.31860188194325423,2.13898504957442,-0.12684485407221816,2.1712296175470147,1.735140217055326,2.1731741960021087,-0.5437458358533536,2.188256292601139,-0.4297218804387445,2.151085300526462,0.09691933834185042
2.219379376775934,-0.04002308940287077,1.4684571206290271,2.1659035878164143,0.5042980434910829,2.114681047175554,-0.2905850028928042,2.2137410474103736,0.460205902108735,2.1762331939517865,-0.4955656009070221,2.179593184080307,-0.21068311365075207,2.1658009489226044,0.2057680360407722
2.2018521276656644,-0.56211455290688,-0.04005505018284321,2.1825073706908964,0.3179745782162173,2.134579022647252,0.043752129371742915,2.22703147234512,-0.2567611821249434,2.17674568276346,-0.488076188641361,2.175270897869593,-0.23990652218615535,2.1711236556426003,0.25939054655717575
2.103677450421087,1.5584951074735793,-0.5620438334394635,2.1759022935985577,0.5241505291332029,2.1725121503330356,1.7353943004693664,2.175980186101872,0.9929789003282653,2.1679117058722244,-0.4928339763179038,2.157412218639969,-0.30708885051178003,2.171300430963741,0.252905752658741
2.092212913022027,-0.7215324701339654,1.5581487645299739,2.1759540783699323,0.5217920013638062,2.2151019547500064,0.460607162482098,2.133572151805463,0.9166469697970419,2.1616131416035484,-0.4316884145393156,2.1521383550211017,-0.3654568231158872,2.164002531908403,0.4368061131249991
2.0545161630790125,-0.031761145483406264,-0.7214303977862142,2.158002010725525,1.0227770417481687,2.2284168820627,-0.25627715589128885,2.0844379032399183,-0.34148445741291245,2.1579415624940816,-0.3157266485426777,2.150163978331963,-0.2901226151266768,2.158653743579869,0.6573622300691562
2.096333463207346,0.07658798270600325,-0.031794731148106506,2.1312068044423276,0.5512102822633084,2.1772714770898896,0.9933186579959846,2.081988797929925,-0.4389001917024005,2.150250537392971,-0.32860620258609663,2.144209733031152,-0.5106006066602712,2.1492592108885566,0.7500104053320612
2.0312700351990136,0.6878407466090218,0.07653308791050019,2.0997882604136344,0.30913638244147973,2.1347852588611067,0.9169955391355298,2.061665297719664,-0.0774319530398014,2.1392758002620633,-0.1990925318210379,2.154657776150113,0.09913697546347175,2.1169988548477083,0.5455578355942636
2.1146826933290233,1.1703304621120474,0.6876656361245025,2.085228979690499,-0.5093393369332561,2.0855604258383758,-0.3409906508212468,2.081729898110508,0.3181750399623479,2.139143798145224,-0.19829470638169644,2.1694434200078527,0.20787806121397748,2.102020257059083,0.04887338706660035
2.0765307160349424,-0.019791023922510753,1.1700604598953057,2.0806948568107093,-0.5643809894696173,2.0831068053300927,-0.4383951395497716,2.0751259904727584,0.2425813960781486,2.1328152116537167,-0.18035776498537043,2.174791444355981,0.26144755848394247,2.0840909496797195,-0.6724016073861091
2.0871861901242874,-0.742806644774525,-0.019826963762923616,2.079855279608648,-0.577289517580181,2.062745836484645,-0.0769686283672743,2.093773156917388,-0.5612873880472826,2.1317195473248307,-0.16802006690035529,2.1749690605147025,0.2549691756985595,2.0817316012564406,-0.7154837132837788
2.022126904901044,0.6877318128180339,-0.7427003884136884,2.0744455358628535,-0.36311851554755736,2.0828474282000355,0.31859269621601277,2.062907243577363,-0.007332576259437631,2.123022364602983,-0.05093768718991851,2.167636448764462,0.4386877252977833,2.071704634864644,-0.5301097499526948
2.0735684225941364,0.3296550576714054,0.6875567237576315,2.070643255631445,-0.42388217980284193,2.0762313455233645,0.24300777877561577,2.0619193648699974,-0.02852702442063362,2.121705580092865,-0.03626519727602673,2.162262218749774,0.6590257921046287,2.0744303767205077,-0.5473458417540111
2.0670253626922293,-0.8509418383586693,0.32955039192257357,2.07661520961145,-0.5691209850793466,2.094912890095263,-0.5607682076566678,2.055196043044857,-0.2583675121451978,2.1148845549814372,-0.046298588317347567,2.1528230006572806,0.751582371869673,2.0702373666354537,-0.6004004635000137
1.8808632485481738,3.8721089820588013,-0.8508143149417615,2.037562037349886,0.9268680159673248,2.0639900720077944,-0.00687734377880152,2.0080868146633657,2.7069473194882807,2.087887415375875,0.17400174445166847,2.1204091971806416,0.5473319316920197,2.048719180120358,0.75305066308942
1.7258117353664246,3.0540613087834845,3.8713076183734088,1.9789839803354887,2.956295232380852,2.063000372036054,-0.02806934527713942,1.8921153778284197,4.944144350653614,2.05243926021141,0.9853650451457274,2.105359353203057,0.05113852423681698,1.9930847370870786,2.4928741747154857
1.7767085588847065,0.3153324220241379,3.053420831347608,1.9271271451286234,3.19354015428434,2.0562646550186434,-0.25788330047864266,1.7952992471501306,1.6003419412957298,2.021905339571303,1.2392665112595793,2.087344764488318,-0.6694233904167061,1.9501902025878188,2.9250839971130285
1.5490640493094587,4.962881130931406,0.3152305731223038,1.84811487475359,4.825263572845225,2.0090685755301143,2.7070892186017597,1.6846493839277907,3.0733921284138543,1.9820728622177388,2.348547234896381,2.084974193747305,-0.7124629037114736,1.8732029013376554,4.2986251413995396
1.549287239835289,-1.017121670267645,4.9618652440026345,1.7605479773000188,4.67096258541044,1.892883332440641,4.944027990300238,1.6257812150752862,3.506325586129566,1.9430798004948633,3.0386661794872474,2.0748995337628022,-0.5272722081070723,1.8055553414689542,4.8701511430792035
1.6093646664565155,0.5567347342690018,-1.0169614640979168,1.6841082183048135,2.66927187906674,1.7958887104472223,1.6006115856685705,1.5699746343157306,-0.01260689722543909,1.9111089053225077,3.3704455125806025,2.0776382406987124,-0.544491259654706,1.7391432916671894,4.073553610842057
1.5111027321255075,1.5607895169135582,0.5565854085343247,1.6223497911692413,1.8206319962740771,1.685034851883744,3.073491725557651,1.5573151265056397,0.5259070365940265,1.8690774834425008,3.7378863022097395,2.0734252864244196,-0.5974934295906341,1.6596093349962795,2.55329524287484
1.6934711014626573,3.772353142689134,1.5604427227261661,1.6169481687846057,1.644438185684301,1.6260581530083582,3.5063752059301008,1.6053981978468004,2.046153169700399,1.8448166769940064,3.707024470595831,2.0518047479532755,0.754619623912973,1.6327997789766313,1.4615119005308315
1.7165859527804217,-0.4151895548791193,3.771571398083885,1.6069063243383221,1.096644601209481,1.5701486866044079,-0.012151055883222295,1.6411548262337436,2.8212957675872192,1.81622526652565,3.4203979538793345,1.9959056778770004,2.4927230800680578,1.6314798776952242,1.4207582633021114
1.8442042721469925,2.332710396976681,-0.4151477312971936,1.6562014630492783,2.2854024064107503,1.5574658395823273,0.5263007125035593,1.7522389998155083,1.678451268551546,1.7995395214710717,3.1127406520916843,1.9528071141252428,2.92450560345242,1.6411362594269783,1.9532654666087408
1.9323838356411727,1.2956753838192168,2.3322117883420703,1.7201873191565273,3.2302857057801186,1.605637557418437,2.0463713501348555,1.831912674193209,2.673418782388817,1.788421576490179,2.8071051396802287,1.8754536202654786,4.296688812900103,1.6959765152484196,2.9803419945165515
1.9911783961017107,0.52300199862862,1.2953807298920574,1.7839589073990687,3.9559529601897387,1.6414601071304806,2.821424466446617,1.9234849756487309,1.416030224492593,1.7861988466149064,2.7424539423262044,1.8074842925717052,4.867649782311019,1.7591963774078807,3.5751060286567564
1.9017156231403352,1.329417146642625,0.5228593071446112,1.8492001559816527,2.1992502242247784,1.752749076752882,1.6787118960729732,1.9426641151275055,0.3775434286304381,1.7738563342834859,2.3852467624502145,1.7407563516888016,4.0718397965889865,1.801022032711551,3.388099912616006
1.836064750489258,0.7032874981442199,1.3291158566894126,1.8730165427841279,1.4283168080398574,1.8325696384191084,2.673564551998276,1.9105432009655277,1.557558981031667,1.7572686836124025,1.906746662508415,1.6608440891587142,2.553084413669191,1.847513241500597,1.679666451536212
1.8110605809916507,-0.36551027214942455,0.703109349731713,1.8887959572521495,0.6080659552070053,1.9243107636068093,1.4163211455992457,1.8504767160205358,0.42705205621459824,1.7522554380451514,1.8277938848368664,1.633907012611373,1.4623804497210804,1.8643363676976359,1.0920830866533746
1.7115968869372713,1.592389573329406,-0.36547821904144334,1.8666475039333728,1.5607452856429878,1.943525261964364,0.3779542314652079,1.7870750797141794,1.1197856700618931,1.7512345239687797,1.832320664282031,1.6325808331764677,1.4216671030828765,1.8636225990457043,1.13214550137726
1.8829509055181095,3.4827327647428636,1.5920365643274899,1.858391078821684,1.4094685475628028,1.9113451293212118,1.557833564220515,1.802710881888708,1.855676230297872,1.7588648766753368,1.931773090796173,1.6422831458029048,1.953647849583822,1.8691659478684346,1.1313870296394624
1.9522871699204227,0.8001942133458727,3.4820079800653962,1.8518953583440945,1.0870169198994568,1.8511679051242178,0.427457143830017,1.849807748861802,3.2342508732825594,1.7878244650804795,1.8545063879369805,1.6973842510899637,2.979708970705175,1.8720134500911092,1.2100882611032246
2.069713034639796,2.064701629829879,0.7999970061933058,1.8799547520225568,2.3154419990716613,1.7876493808430334,1.1201107893011286,1.9692339043555815,2.1602123121159966,1.8252015797412768,1.9103108994569826,1.7609048205859186,3.573884998576911,1.8832491332513464,1.7895586059377382
1.9933184263308992,0.9857921006047488,2.064255730746059,1.906219697169282,2.502455052717972,1.8033140093595539,1.8559163991723868,2.006039752923465,0.8922393417236806,1.8527772376939333,1.7697817591128258,1.8029294209833278,3.3870637638708785,1.8963544342038654,2.0207649637212772
1.9829405835362088,-0.7501069098801664,0.9855583917311028,1.934927571974062,2.327733672284529,1.8504977046500533,3.2343319010768043,2.0162621887571435,0.44765257175604606,1.886664753742406,1.0360024274605104,1.8496417667234488,1.6803193248682669,1.9173674592171674,2.051348912590276
2.045113471085293,0.6118345035904109,-0.7499992177689307,1.9906324370036932,0.5616061559734613,1.9701440355568098,2.160417325693489,2.008058617594579,-0.06519774583658915,1.911919799322761,0.9087693009270027,1.866544912668988,1.0933168671720896,1.9508526087611482,2.0185429476138124
2.1780373348670734,2.4722187359374015,0.6116743413293002,2.0399185909769577,1.0100981480344944,2.007017739804003,0.892590728650841,2.069659495508099,2.351655077075821,1.94506135646851,1.0919328544125964,1.8658277489531814,1.1333396746742275,2.0175846544369813,1.2363462243087302
2.103754659395058,0.9302592053894467,2.4716926900590157,2.065217111226307,0.7485249043813433,2.0172590218361717,0.4480552812715091,2.1099491074173056,1.1479691700551538,1.9637023321489515,1.1932366988316374,1.8713974648954024,1.1325819527903394,2.049174295203576,0.7680311935665892
2.0361075482812554,0.7557782305384179,0.9300364182255346,2.0596042296760873,0.7668272915656876,2.0090403264768923,-0.06473583346695075,2.106945772482369,1.3073368882013081,1.9711517959132285,1.2287471814157636,1.87425851135528,1.2112053772335347,2.061166191151209,0.43903669680239976
1.9201987299949297,2.024811165923098,0.7555897587213649,2.047391575166542,1.285138627009212,2.070754772466671,2.3518379907194573,2.020960615110084,2.1027411205754745,1.9660540180068609,1.2345520728921642,1.885547637408959,1.7901028357205286,2.0397756889959298,0.9493627452848696
1.986090662009192,0.7096261108702743,2.024373112136489,2.047917710011133,1.2721141333829014,2.111118662760743,1.1482910358233802,1.9817215052906185,0.8391182178128884,1.972113855036066,1.212913475910436,1.8987152741529332,2.021080614134969,2.0387416373801397,0.9689331595732201
1.796460101781439,3.9633111498371525,0.7094467158364984,2.0063869345277574,2.685046152062474,2.108109790843502,1.3076403567424024,1.901802815801227,2.228220919430307,1.9692694389624743,1.2950230341421136,1.9198282483051228,2.051634326552842,2.0120625102132297,2.1288230711909613
1.9315005136357397,2.527872987946174,3.962491849330715,1.9652096707745716,1.7768614502925673,2.021966110261154,2.102952768561595,1.905571784553695,2.2771547619026076,1.9779194659540589,1.1314365321607727,1.9534726710551422,2.0188607947968524,1.9958082914816822,2.1863930982230286
1.9822168810909908,0.31058736220773026,2.527335996490693,1.9449100939072839,1.0535290142452711,1.9826546587743745,0.8394757369818446,1.9042799389743885,2.218778754751727,1.9973554636543391,0.5378694544377373,2.020522129882927,1.2374373808213164,1.967792926339905,1.3192853338108605
2.0515004701179604,0.7988091237974332,0.3104864465215296,1.947481062411036,1.1667192278205987,1.9025886302838224,2.2284180821719444,1.9893319280610404,0.9157349299701683,2.009460736807535,0.4453187150052842,2.0522620278062322,0.7695853440698808,1.9603170975153026,0.9941360369072337
1.8445832934678872,4.417859628672885,0.7986121890518053,1.9348515624518177,1.4545369379978637,1.9063645475497726,2.27734627577743,1.9603463893819097,2.5577916720198064,2.001725416652828,0.6450190509611203,2.0643109635980967,0.440916103735611,1.9329163749215386,1.0342040298792428
1.6551987192820492,3.956842990977393,4.416950931665031,1.8795850723128258,2.897626920104233,1.9050703203093236,2.2189770074860573,1.8512909276496303,5.941101121417801,1.9719548917320064,1.3888123994410708,2.0428187168215914,0.950737624542825,1.8950037262705188,2.4723322659828657
1.9582923383343702,6.946801934428432,3.9560249625701913,1.9066147413700758,2.805011815732212,1.9902791122064174,0.9160836045934907,1.8202074679645934,4.2983925985227645,1.9694393090682818,1.3830236100099633,2.0417797467055614,0.9702886907778004,1.8910267148140423,2.3897594660124275
2.0326303910618613,0.9317153403914339,6.945395867822071,1.923505734023035,3.107787935895516,1.961240135459866,2.5579507894906572,1.8829182450727742,6.003766841379989,1.9730080438464188,1.4121797678415124,2.0149737194000514,2.129031891263704,1.9248147934454822,2.4683089161985006
2.250807721490679,4.713943353014464,0.9314922668480027,1.9683665212336041,4.749056988370966,1.8519836178430944,5.940869673514913,2.081544567196476,4.259218410801014,1.9877810579037978,1.8598524573785793,1.99864218694692,2.186545002384877,1.9704969877615401,3.894997077943317
2.346484729809088,1.4928193509640821,4.712976424926064,2.0176356105472197,6.414178579223329,1.8208428523397078,4.298350783013183,2.2110006813739087,4.580625712588858,1.9998789932058387,2.3653636756449936,1.9704935658070288,1.3202944935760157,2.022611547780473,5.350022015909096
2.5248370836731167,3.66675273601089,1.4924859245368292,2.131253485550574,8.099385449824542,1.8836692437468738,6.003528159418052,2.3751439443459477,3.787193789846083,2.0301212414014675,3.5184008033026823,1.9629821779587726,0.9954666515919757,2.090330204376397,7.377558324260339
2.402436711303393,2.195505416423065,3.66599175994265,2.2560592477494543,5.279546949193319,2.0826617556078317,4.259181117514864,2.4257098499352696,2.043974916131424,2.05643109626755,4.027134509647455,1.9354511229342228,1.0354950318273695,2.1701403922034634,7.342396420057043
2.332945983989514,0.8042557879058422,2.195033792028441,2.318634938902539,3.6139393102598762,2.2123565365436773,4.580551316411346,2.421194889150027,2.260239570353778,2.0860747103860238,4.21217195300095,1.8973581415332437,2.4722014798450442,2.2671033842121195,4.419951285368327
2.318375724305285,-0.6398680595910804,0.804057781959367,2.3663609170929014,1.3811394089130524,2.3768024158945398,3.7872109865423766,2.3523432426506896,0.3578365626127421,2.1099395091671362,4.354861540673718,1.8933622132920505,2.3897103144745495,2.318619287402697,2.906222936563052
2.371629451092433,0.37730677081821423,-0.6397820482641724,2.386540897519674,0.8368407094318336,2.4274615453601527,2.0441933480209813,2.3420695013745876,-0.275887190186583,2.151248320016235,4.201487555609228,1.9273110060216148,2.4681821076967796,2.367118727917405,0.9690710981270937
2.608375957302632,5.202216500196783,0.3771927333595644,2.4302826967985296,2.071020661909997,2.4229382607420664,2.260433036898969,2.433921106032922,4.34425268351536,2.1998616887646394,4.670161184861957,1.9732104891850184,3.893459791446791,2.418274797144107,1.6910505955494903
2.532496192438853,0.9722543845416527,5.2011535429429,2.431561942390267,2.112446881753036,2.3539596785673784,0.3582496403855885,2.505326945969977,3.124721311179836,2.2393828906747744,4.833380883013714,2.025572933808576,5.347046236606698,2.444886823342796,1.7828094131954104
2.6548398593737588,2.1940143571834447,0.9720233381440891,2.4737190163247775,3.0566588615575436,2.3436669965054917,-0.27540095606842996,2.5997732044641793,0.971078019324018,2.282714881050193,5.207965096378237,2.0936136964034744,7.372578045710467,2.4634858775297714,2.4923411174093584
2.77386428221608,2.106735429005185,2.193543026036924,2.5473624135625723,3.8546232778980993,2.4356879398225537,4.3442055739700125,2.654960982368946,3.117398680232935,2.349456081073882,5.220099699053552,2.173803503992223,7.337450903898467,2.516624754609186,3.6701423143465277
2.849765329895022,0.9728140123497502,2.1062812630922756,2.6361165795154906,3.788229413693378,2.507225424374912,3.1248149829414738,2.7607652963779636,2.3003353409073863,2.4352501628057692,4.215784904193614,2.271227703635148,4.41789500924414,2.590564337572431,4.230549691587797
2.852451168948021,-0.9523667688696893,0.972582855889629,2.716424756588252,2.6176598221378433,2.6018458050610422,0.971420305204395,2.826665589162719,0.3467572731332702,2.499468880383673,3.880162676402687,2.3229886438996195,2.9056631896618246,2.666972691788758,3.671704774316155
2.838955475244508,-0.6681235793533036,-0.9522192981108227,2.7549367872818986,2.5363785465489617,2.657135327778252,3.1174931973107154,2.8483724878595824,-1.0180895549520108,2.557379355664189,3.362938857731254,2.371718773585111,0.9704264929603912,2.733831433837467,2.309572468897785
2.7928330996317947,0.18978917054349967,-0.6680320109852216,2.798418979672607,0.8237112940723335,2.7631347038189946,2.3005241788426773,2.8293864761210883,-0.1396732998475496,2.5963077579649383,3.1613084593879948,2.4231181683237204,1.6916922140852617,2.7602210887264813,2.001917380202362
2.697536557637719,1.4828150571943488,0.18971201235779703,2.8055503006534797,0.350212133370988,2.8291564911299627,0.34717162988662403,2.7777248669551975,1.3484770674350814,2.6215203906815088,2.9274775910211432,2.449856775493066,1.7833603154859718,2.7838328514663684,0.7490101524405107
2.6325067782249176,0.6869559628236889,1.4824835983215017,2.7819403782237795,1.3399995506387294,2.8509034089111323,-1.0175176418416403,2.7088774431517066,1.65870476016417,2.6292532558832917,2.8926463774791373,2.4685442966879534,2.4921905497625887,2.7806377336374606,0.931656587198417
2.7517315088029095,2.112002484993682,0.6867810263504766,2.7655664974879075,1.1234047530776279,2.831882394346348,-0.13920279010512523,2.6951707030092575,0.8959016060530322,2.6543396982289544,2.7194842005408852,2.5219359305695024,3.6688273277923336,2.777471273153816,0.9477286937878522
2.7011466724131177,0.30712877642879344,2.1115472832036324,2.7402952007714854,0.7890277053357609,2.780125541252641,1.348775786800932,2.696374620038085,0.901198068510673,2.680783966531533,2.20766270579267,2.596227209570905,4.2286806650584206,2.7562089081865846,0.8384182811121034
2.614750615014379,1.2487784108736868,0.30702854094609777,2.7028478830915805,0.598624037994086,2.711151189558809,1.6589676671999434,2.6904532162640367,1.2445272273638557,2.702069687537688,1.4636238847568377,2.6729990026163826,3.6703882430548096,2.7222018998049746,0.8652929476353429
2.694340076493963,1.069800191798598,1.2484929802208395,2.686397305156248,0.04801116785173392,2.6974191795149807,0.8962525702125866,2.6713140677980642,0.4713041347891357,2.725246847794354,0.636013654328314,2.740175760452473,2.3096025932647137,2.701512267424931,0.2880987543777124
2.8187546016039113,2.2484672015315557,1.0695499609701042,2.70664347910751,0.8354564263618998,2.698625316098879,0.9015484212526582,2.71053447974807,2.4665995101389258,2.74035629622818,0.606086919791582,2.7666909385957554,2.0022516640515318,2.7052207683949128,0.49386682481884464
2.903417298813774,1.2032000155486973,2.24798516108998,2.751891705737864,1.6506000531355258,2.6926929955577625,1.2448379465803687,2.806800321113972,2.5520842385600075,2.766995945648888,0.436914718327661,2.7904150114552935,0.7505831078660453,2.7346754245785996,1.484337631360256
2.9023780024506123,-0.9956623136263433,1.2029235488441898,2.7770531009868207,2.214079549695392,2.6735185619408943,0.4717041139952098,2.8761777280063887,0.4911973645728612,2.784774198858217,0.5048400429859955,2.787204695944213,0.9330489714354022,2.7732849811501876,1.6986404189626045
2.8126316353326852,1.3368742041325312,-0.9955063278896286,2.7956736287429798,2.0684997806739474,2.7128112810866103,2.466769154728658,2.8741358141561424,0.6199453279429477,2.787558480146734,0.5185068355111313,2.7840231740879924,0.9491051885310556,2.7819977547599506,1.7211835146216596
2.7824539278858835,-0.22947301954000968,1.3365714475924055,2.823683901252798,0.9312150545389343,2.8092545992480322,2.55224401489045,2.8337964146675527,0.9936835881142915,2.7827241579129183,0.46394574619281215,2.7626596739882494,0.8399028442726502,2.7936301067784495,1.5654625633187356
2.8173025231058664,-0.10665286316918196,-0.22946772101379903,2.844221430172765,0.0690473755952484,2.878759911113616,0.49159504732723863,2.805425067856982,-0.5893154700864696,2.780199773113149,0.4194267100111365,2.7284909101620176,0.8667509414818902,2.822608518154387,0.5764449528520752
2.823337070110956,-0.8643130937894422,-0.10667171980527917,2.8449868067741755,0.05851733285352256,2.8767142327678674,0.6203281481796677,2.808995163555437,-0.4744808706959652,2.7790780552326693,0.39993301085930755,2.707702866870695,0.29012738428205337,2.8410636785254555,-0.16059194077394007
2.724509574811478,1.5756608411580766,-0.86418294063443,2.815105142437257,0.2906563035436196,2.8363004631054665,0.9940232644336586,2.789671624629182,0.7394304731005058,2.774171042077799,0.40860368208644476,2.711429007446506,0.4956920246091825,2.8275803636445374,0.3320253903672391
2.742990437576238,-0.5370394528724943,1.5753111222125546,2.788483789225066,-0.2142942640207735,2.807876810558561,-0.5887930541661166,2.764889701952793,0.6354007219897182,2.7774355514453206,0.36863785203534866,2.7410237656630954,1.4851836141678056,2.80462863919772,0.1912376506843862
2.688038357421871,0.42196466804546806,-0.5369736649499409,2.767673874337769,0.15954307665869213,2.8114534881258835,-0.47397171115044273,2.7197696893441035,-0.2598306917026294,2.7814238437699177,0.24425918395797366,2.779816969849899,1.69927453391126,2.77396379646017,0.007691124093271177
2.6116463815985265,0.9857228798692166,0.4218418476737547,2.7391451241519693,0.9770501031831786,2.792094324104391,0.7397995001087103,2.6821315729155475,1.1242181475651638,2.7713628938437953,0.48011155020495994,2.7885711860515334,1.7217953426114587,2.7452095209853864,0.6808436009544269
2.6198717114902554,-0.8067068506558521,0.9854891846092815,2.7061696823404864,0.9709150023583878,2.767266713194658,0.6357817580734241,2.6410733960640655,0.24898667458618662,2.7655257052113447,0.6252101231780015,2.8002588677318374,1.5662283429435397,2.721949437219612,0.9659604243953023
2.637449021613804,-0.5607982075400971,-0.8065880269779709,2.6751221448436415,0.2232960608208692,2.72206351681966,-0.2593463111282994,2.624202640798489,-0.7982110677466933,2.767155910621135,0.5722023341655591,2.829375115866715,0.578188512774945,2.6962184095400947,0.7266616644083146
2.593673436071325,0.12808074649387263,-0.5607277469596333,2.6532695300234943,0.2342262832252785,2.684356010333339,1.1245427551242653,2.6182089434994946,-0.4759480433184728,2.7599260065711144,0.763669878670135,2.847918058810066,-0.15811971824091203,2.6633612159051308,0.18930064349702308
2.4813976073531374,1.9292823567287762,0.12801572456530175,2.60957756988448,0.6216862650724356,2.6432221381619585,0.2494123178656278,2.572029987318278,1.6534069536202143,2.735696940330326,1.214512439076269,2.8343706101021127,0.33401059273421746,2.6285800150277683,0.8598679949464744
2.5014774755304536,-0.49499389229714413,1.9288630906880824,2.5784176538877426,0.5366942557625443,2.6263202797808836,-0.7976645371574361,2.526685595255927,0.9024333334202587,2.706829518669869,1.2575637907137285,2.811309715029315,0.19336204114732383,2.5940275784068123,0.6393036074184398
2.592749658897341,1.376995268776062,-0.4949363735168067,2.575261470844372,0.48368796109405593,2.62031553243366,-0.4754387144042207,2.526377529961667,0.8832854877197797,2.6845919312659428,0.9692430249294686,2.780499013967045,0.009996975609662178,2.580394948967081,0.24565784208214347
2.5122075333210407,1.0948503233815807,1.3766846215862494,2.5572791011557285,0.44274817604018674,2.5740514402057704,1.6536704722287168,2.536652160226177,0.5387296941897248,2.6630153948608433,0.9710637922021937,2.7516079678430465,0.6824839484165893,2.566168571742167,0.3078503119112486
2.5075722476457187,-0.9011064195277502,1.094595165918794,2.535586722101004,0.009216566003740769,2.528623450708609,0.9027835435646754,2.5386846717647034,0.46615464803890616,2.6432733217678868,0.9592507733008169,2.728237246730133,0.9673188945585599,2.5501022700654876,0.22657357681192788
2.506075020008228,-0.9836210928881552,-0.9009690301927712,2.5209557916599623,-0.3083526964573944,2.5283148174616836,0.8836379082696069,2.509780030162404,-1.1618283024977922,2.6209208823134946,0.7546629452637073,2.702383828578152,0.7282567143962292,2.5313070392602013,-0.19420104861675308
2.490450969430811,-0.6121588170298058,-0.9834674753102991,2.52246790930739,-0.3552600822744016,2.538608390150927,0.5391218898663285,2.502524555091441,-0.9329136431450489,2.597012916800792,0.3974362021869607,2.6693703486299136,0.19142694895868773,2.516539352647264,-0.4591926806217258
2.55098688062439,0.5687905038794967,-0.6120782553071914,2.5307371074808502,-0.32527144587013673,2.5406446488507477,0.46655522169584185,2.5170026587516006,-0.13366369453221008,2.5845504721994086,0.18824645496193607,2.63442370983607,0.8613313521068807,2.5264952528765314,-0.47712525936492983
2.4685276033801977,1.1452614826881744,0.5686388071246199,2.5099891951874866,-0.6620058557370905,2.5116867183237948,-1.1612397963507823,2.504481180327976,0.2772920781324738,2.564838480737257,-0.08397624388490174,2.599706923423281,0.6409850228927706,2.521781226931521,-0.3276332586938711
2.5121334793231673,0.12361826300861045,1.144996410812549,2.5099768264833426,-0.6621102706459615,2.5044178669768105,-0.9323515626445315,2.511711959544474,0.224212882633381,2.5522049470736192,-0.34182127757894015,2.586009449936944,0.24772843068108744,2.5102477447872737,-0.8040038120131677
2.4400619785458204,0.8721167633205731,0.12355411872110492,2.4987010740708158,-0.323470965939429,2.518922662632867,-0.13319387853175083,2.47472023300895,0.04382885685580484,2.539881711040873,-0.2902761993325449,2.5717154044847184,0.3098594146771362,2.499926126072735,-0.5032841770043377
2.3860336319248385,0.3976752604371748,0.8719054110885699,2.4786514284490377,0.2762327956982596,2.506378099469793,0.2777144538684992,2.447209778857325,1.0259400630398037,2.5230873999224963,-0.16804286938550841,2.5555726829200562,0.22866303283890022,2.482538010415831,0.04646633950587846
2.3626532995450953,-0.4082087779627972,0.39755721708741354,2.457306307125399,0.7328601620521569,2.5136222094327563,0.22464138577103426,2.3973604679342078,0.16776623021516057,2.5033515003675655,-0.14527268855553843,2.5366880519863733,-0.19169559884577042,2.462019153521382,0.4473450272023075
2.2640508045082965,1.569744499599953,-0.40816832729721064,2.40938144775743,1.2193692634264972,2.4765622845311954,0.04427818331910954,2.3386634838018145,1.0797339721023327,2.4796779180476234,0.2672038072824589,2.521850122390363,-0.4564252500789301,2.4296288532940324,1.3268186887727766
2.2479254658577825,-0.5989775370431435,1.5693959442272096,2.3725358668178047,1.6365627441824513,2.4490011117946926,1.0262760157085935,2.292606562265326,0.9838368335037924,2.462909888695714,0.6988960699342818,2.5318533781838166,-0.4743400999950606,2.3862708892440745,1.405836987748684
2.164655292528368,1.1665838498320347,-0.5988995676959739,2.31449909618587,1.667310556186321,2.399059898117328,0.16820124948981752,2.226577311908596,0.6646050790969605,2.4387192327365894,1.2634843953842465,2.5271169298206346,-0.32499589278230606,2.342796913054008,2.0106219283528572
2.1240758576923686,0.04403853682904135,1.1663145844652563,2.2617222177636362,1.7145590758732812,2.3402546995601425,1.0800637148637782,2.1798978480784457,1.0213683921426395,2.4050589595890473,1.5985447997749915,2.5155285882923644,-0.8008954881159359,2.287278831278602,1.9117166818638196
2.2387749735638125,1.9930022578583242,0.043990043565431916,2.2371266681618076,1.0676319805481038,2.294112866961435,0.9841776465212512,2.176846301471138,0.8400585476406927,2.385420962702521,1.6337328041581116,2.5051578744617347,-0.5004731559369457,2.25848138528088,1.2649928257238359
2.261086123750066,-0.4363227320053986,1.9925704599613008,2.220162636722245,0.29727361761913945,2.227961884330851,0.6649827438630797,2.2090044812062883,1.3992237819647348,2.3677182657818125,1.5806818087666084,2.487687051665536,0.0487338563745519,2.240605570995031,0.7155236136114133
2.3316516636887927,0.8325177931312935,-0.4362767521405089,2.2314535197413194,0.7757249068544195,2.181196361712457,1.0217048725598894,2.2782277782921994,0.4875474245910366,2.3551911353940467,1.4298500397341214,2.4670705961589756,0.4492162202051611,2.2361702725787604,0.4814723686092909
2.280191257120033,0.33015173726975355,0.8323142288681418,2.236842641700363,0.8643250842824257,2.17813918923926,0.840415958259049,2.292039463556021,0.051050860740111996,2.3400902286864187,1.2960176317654277,2.4345262304120743,1.3278204007776673,2.238479432141775,0.5246045659388424
2.379889040628978,1.5985449135582095,0.33004697383845116,2.2727915793473326,1.2040478083387272,2.2103566561588175,1.3995166431878932,2.331658385281052,0.5376273372145182,2.327801937737804,0.9408210963587392,2.3909620327918444,1.4067605792680469,2.257359011171128,1.0854959921395337
2.3474169096019892,-0.16914156295535712,1.5981906939794086,2.3100946213654145,0.19173848764502313,2.2797075740993105,0.48794552869031155,2.336915849156687,0.5737160967010727,2.3191037365087577,0.7555350874986467,2.3472812712159765,2.010947606555782,2.2835060930386537,0.9687740141657947
2.3200994868952827,-0.304683693849215,-0.16914812987671743,2.323677667168974,-0.15410592512262497,2.2935447227425256,0.051499353503547264,2.350224621981358,-0.18810712226440002,2.305311805698631,0.3544230203761424,2.2914991158736937,1.9121401415423915,2.311550525796511,-0.0580620963455312
2.305357905469791,-0.6353631851275028,-0.304663603564885,2.331072062957774,-0.43830553221245894,2.333236686360402,0.5380196601459505,2.3253696496665044,-0.5010159425583011,2.295637324466334,0.11836862030996835,2.2625646938847566,1.266055661120424,2.321076319009562,-0.35480101915699463
2.256952612699088,0.24981806781991933,-0.635278059778736,2.3185956202529745,-0.12383783842057282,2.3385038429559883,0.5741042535873804,2.295201216162816,-0.07507801266258024,2.286366692410239,-0.002720395483731022,2.244603852705176,0.7171296750985295,2.3204849516667867,-0.3256083423729002
2.1773820862224227,1.0693022992924262,0.24972910369128581,2.3014241473461925,0.7230432271482086,2.3518371519849834,-0.18763102137690402,2.2476071867012273,1.0752032187867635,2.2730604661377556,0.001159820349795047,2.2401474576473155,0.48330982202884487,2.298414128830627,0.4055308437892102
2.095528389923197,1.1293378403384304,1.0690521663849468,2.2539294426742575,1.4838164777082117,2.3269363567616446,-0.500503719834428,2.1776323125951076,1.6615054283818251,2.260957142905621,0.29990501892754456,2.242467600803113,0.526399377233206,2.271995041585725,1.4289459721383517
2.150126067698504,0.4126457210426507,1.1290759001813835,2.220977378992356,1.2910864745656898,2.2967123043922393,-0.07461495972623837,2.1420073242890814,0.23982046668399432,2.2539331649336423,0.39893532294309914,2.261436981165941,1.0867362849095665,2.2391236358740954,1.2860886230386743
2.246225687785152,1.5039318516234537,0.41252473343751284,2.2086387721456573,0.9008975387849397,2.2490305300388496,1.0755334845731903,2.1649655927662974,1.5005341805565573,2.2597915717360677,0.3284611473436799,2.2877084324812467,0.9701297027075572,2.2246465525374277,0.9097105850225912
2.12066149167612,2.278697594283273,1.5035962396896438,2.1777902647824816,0.5325576210240653,2.1789266494622406,1.6617680121116625,2.173347090605033,1.113285407209845,2.2595463510891305,0.33747887544006955,2.315886259498282,-0.05569123870306212,2.196113638066714,0.7522556888362951
1.9988337388071191,2.1804484893387626,2.2782096084002883,2.134678534466332,1.0699743683395684,2.143235982524259,0.24024716809999339,2.1228934561875037,3.2271315403475183,2.2423137097925485,0.8731678515093548,2.325457362457467,-0.35213679416765153,2.1522602699009186,1.0969347878884965
2.1167589566763136,2.077832031355996,2.1799798262049634,2.1245530912063866,0.9750735226045852,2.166236577125282,1.5008153466231593,2.0797183185684163,1.2435068555388569,2.231948095470129,0.9640297733744034,2.3248631822566366,-0.32297297837036376,2.1322032411876246,0.7028342352352366
2.1352659396897398,-0.5363526256179434,2.077383549903049,2.1311901669968143,0.9464669581143894,2.1746335271883677,1.1136112768319906,2.0845886744307895,1.4172108758948136,2.217843622177426,0.9109899785947556,2.3026873788317404,0.4074433758787377,2.126177827597133,0.6200012254000294
2.305603234836269,3.455998204365569,-0.5362869727743892,2.157158394731938,1.839510401891066,2.1240868758789513,3.2272133899894158,2.1868915216175617,2.5131974436144393,2.2196687169639207,0.9442707658348867,2.2761426283366095,1.429846717239809,2.156232519912742,1.3654362341811714
2.2606466608960853,0.15913462462622796,3.4552786776006803,2.159567025663425,1.9197448129297732,2.0808321400871157,1.2438176925459266,2.234875829077686,1.9369087234645603,2.2111046985309497,0.7219806751157255,2.243114868711499,1.2871306023304083,2.1720443246267482,1.5985949671200494
2.2367893973075885,-0.395667957356156,0.15906349530055924,2.1789630305904293,2.001572602926843,2.085711474992722,1.4175016607084185,2.268732320368338,-0.005630450601022589,2.203159402096861,0.5370163070442349,2.228568924655721,0.9111246659091827,2.1706943066985116,1.566714949786542
2.240176628579432,-0.9339237862550439,-0.395629973106231,2.2192727895038327,0.7858275765984464,2.1882029288673253,2.51336170899202,2.2469135665858424,-0.8081534268126594,2.1974193218219926,0.40131763519051494,2.1999002924466287,0.7538254356015278,2.187792930135186,1.5893480765733685
2.188584317709114,0.33362013722497047,-0.9337799426959111,2.231269260540668,0.32386384866274565,2.2362757007401886,1.9371395149529602,2.2228818979277696,-0.2271886668204016,2.1890326126644992,0.251821335183069,2.155838334304725,1.0981637718314685,2.2149398989594014,0.4731389112814913
2.191037170559408,-0.9584930992886745,0.33351469165999925,2.2405843262249396,-0.13982711222495528,2.2701946102416684,-0.005175414611825962,2.207624243167238,-0.21823455685697096,2.184298548628151,0.18625674640369297,2.1356859036801272,0.7044528419228019,2.225566629946317,0.10087406589736353
2.186580031624532,-0.9057907561209233,-0.9583444236583113,2.2207047406647753,-0.5032496543197192,2.2483356311575635,-0.8076057484888417,2.1897506131649718,-1.196973355351312,2.184959147436606,0.18741431410986034,2.129631830013353,0.6217017239408734,2.2329079622471597,-0.22706368971882154
2.162347180481642,-0.3857919499670797,-0.9056524455128074,2.204286488771969,-0.5491386616161834,2.2242596574429525,-0.22670805440409508,2.1810009366973198,-0.715954472838519,2.189758090189119,0.11175409484659231,2.159829478453298,1.3663997674168873,2.212412806638421,-0.475974411102077
2.1424842596091334,-0.5006984827721461,-0.3857559080413504,2.1885353830795387,-0.48651093387099725,2.208973873497285,-0.21775497809287886,2.1648092973925235,-0.47394026589736904,2.1892092535633743,0.11788840311899511,2.1757164925321826,1.5993279907945834,2.195507714477475,-0.484902559195922
2.0438690884689277,1.570077815465855,-0.5006398420643263,2.1557475531906953,0.24247595418152193,2.1910672914682965,-1.1963807920995921,2.1172174214123216,1.0327430660910077,2.174675950467104,0.24637108179721728,2.174360053199635,1.5674794912546128,2.1679072631908083,0.2648174519146961
2.019499211099166,-0.3821888699042331,1.5697291945395488,2.127506489657713,0.7924130016857193,2.1823014839980033,-0.7154174378565107,2.0695798493204456,1.0935358091908554,2.1674104494135045,0.43815152272847074,2.191540006796416,1.5900902420743972,2.1363356969420444,0.580130728546409
1.989165205324599,-0.22536318304022881,-0.3821535365998433,2.0937892740493895,1.0682657351127554,2.166079993603586,-0.4734311687586464,2.0184503335624684,-0.2800983267557193,2.1667160528478737,0.46903348633116976,2.218816101063335,0.47498460347283633,2.1078054839741505,0.958895398066499
1.9135073128542284,0.9664202897451061,-0.22535869279965015,2.0481799110810277,1.4086302190098658,2.1184003767017665,1.033078233428905,1.974976712546256,0.7098878880636539,2.1521184674246037,0.947688779156414,2.2294933784428173,0.10308779322542096,2.0681002328043836,1.4403304923100035
1.871830401137211,0.07289649460613895,0.9661903907447686,1.9996569927273187,1.4811746725536374,2.070674979442404,1.0938639586840109,1.9257314652340685,0.8881612587476029,2.1331984591765427,1.4434541520988848,2.2368696300302116,-0.22452575069519876,2.0230700755541835,1.641928909451253
1.943150746904336,0.8523652770305534,0.07284232581927196,1.9663637565019905,0.5273813178639548,2.0194512007300442,-0.27961160650877653,1.9103863602967048,0.02667923875051054,2.107167028114192,1.3845745609855356,2.2162769885453,-0.4731903895044229,1.99171038862656,1.1215707531472137
1.9120914771879998,-0.20629249775215155,0.8521578093430033,1.9443538943265195,0.18194068645988867,1.975897431253712,0.7102603254340906,1.9099142011619845,0.02412981460337249,2.0821337050215756,1.3866618091285652,2.1992914867620734,-0.4821097108926441,1.9587488782169287,0.31603982631893013
1.8905572252160536,-0.4567511312303375,-0.20629175816221582,1.9228176461707662,-0.22082115332902755,1.9265613948457918,0.8885131164439984,1.9161593052118644,-0.31528009022789727,2.0572672212217453,1.3788483068091704,2.171559753028578,0.26686909859712143,1.9368150722902586,0.03166173122209478
1.88384041855154,-0.8463731983937407,-0.45670113369185455,1.9052260081223757,-0.7103823435239259,1.9111879994991556,0.02713054494611728,1.896380234813364,-0.7407298685531934,2.0316750628142084,1.255596548616237,2.1398380155951373,0.5818706445717194,1.9174068310436154,-0.3535444118029403
1.8845385419035983,-1.0046333967711463,-0.8462465734957986,1.9003875636414174,-0.703021466964534,1.9107149698865062,0.024581415101587293,1.8871917601950168,-1.1437746612185435,2.0098384168641727,1.1544360774917266,2.1111720977386508,0.9602608529825826,1.9024382507815314,-0.8208776927374871
1.8503468975438657,-0.12392726822921087,-1.004475646682587,1.8967993292779306,-0.540939970521188,1.9169715874809494,-0.3147893086384126,1.873782242428665,-0.5665175033982228,1.9853699536837444,0.9992618385520521,2.071277987246572,1.4412199822432932,1.893402105356958,-0.6662199201374154
1.8289360319200234,-0.4599955531269972,-0.12394272749088416,1.8777228707598328,-0.5749747608506615,1.89715605216423,-0.7401899735278366,1.8554724849457567,-0.2568274052923661,1.959683869484706,0.7541797652207867,2.026033642584599,1.642619091547841,1.8872653540984794,-0.4318816758421883
1.7709301458525797,0.5022639468942852,-0.459944917504833,1.8541457136312616,-0.07591459341380165,1.8879506375700008,-1.143188239163237,1.817585854981622,0.21828108211377079,1.9315721972163953,0.560123155524989,1.9945247922832001,1.1227753810411134,1.862626339478903,-0.12710449038393157
1.6841534055478797,1.2587883996185132,0.5021253339835366,1.8196715751245145,0.8939742868122733,1.874516397864809,-0.5659977192490728,1.7621629148419549,1.375644443376928,1.8986547571973797,0.5168834552679217,1.9614064993741531,0.3180408326204537,1.8300160161772705,0.6984865985881562
1.6685142194809017,-0.6117608320460398,1.2585010002912238,1.7837071960600812,1.2612242792413488,1.8561728843056151,-0.2563433714139848,1.708664739906642,0.7311948183800624,1.871696673803528,0.6690340908463781,1.9393683645841466,0.033943884487680945,1.7982490798695738,1.1203722442851345
1.7436902362266888,0.953749453981406,-0.611680348595528,1.7601823213453058,0.7852868071851488,1.8182164061213466,0.21871027001169252,1.6995806544681942,0.16645426597159155,1.8518880021711828,0.5373677261643388,1.9198678074049476,-0.3508814291432586,1.778198270790117,0.8989927410859312
1.7666365224696716,-0.41962194329192165,0.9535220469669403,1.7462007822953027,0.3376704658017428,1.7626912876214769,1.3759400265719681,1.7270874888019963,0.5910984748956707,1.8359059348381996,0.36254450816662187,1.9048280286025954,-0.8177526866821729,1.7613304305737325,0.4520847358269264
1.7429321857154132,-0.39968914103826053,-0.4195792479877585,1.7318361813352197,-0.1738670581305214,1.709094482844893,0.7315647961028297,1.751904721043742,-0.7875958852399348,1.8236551852616114,0.34579133759974506,1.895748902457565,-0.663247814618341,1.745962973725151,0.06095062609137746
1.6745033390030166,0.7763338279156934,-0.39965036593814135,1.7157307085758542,-0.1916889559636547,1.699993649883638,0.16688943669790043,1.7288319688124485,0.4642026799784872,1.8094831048215203,0.4900049830550565,1.8895829615415543,-0.4291412459939315,1.7238688145172203,-0.23147866608695503
1.7184843549342366,0.13348250172622292,0.7761413134088601,1.7214647589733494,-0.2687711844191994,1.7275511961287808,0.5914846251801178,1.7127739711925658,-0.01531548525405825,1.7933475066691529,0.3316616160755243,1.864826750645254,-0.12466537481368889,1.7163655738986157,-0.397381172812353
1.6979332707336838,-0.48260335146877614,0.133416417429078,1.726378410519416,-0.4580417864656124,1.7524141817009855,-0.7870505800552069,1.6977675341688918,-0.4767716851317071,1.777966609107766,0.21603479977731754,1.8320613152771401,0.7001095035141064,1.7183370122613608,-0.4401301528783513
1.678281624779823,-0.5062539188703051,-0.48254826954842683,1.7154536827979112,-0.37083190331625365,1.7292988922823394,0.46460347896838355,1.6990275336064382,-0.5460884756623431,1.762720920795609,0.12032659449469038,1.8001432785007083,1.1215780570703242,1.7197344016589415,-0.49731042564207506
1.6082525870579083,0.8184105635505473,-0.5061941855693426,1.6889999585625404,-0.07543002728633813,1.71321128995616,-0.014859331235536932,1.6622669565277146,0.43863537551179427,1.7429281317377041,0.1254202359513992,1.7799970970938392,0.9004174180392945,1.7003577986420488,-0.012343617434208708
1.6319808876084119,-0.39905901731339743,0.8182097737702679,1.670468564983713,-0.2322187810301611,1.6981771868952154,-0.47626226113718595,1.6402728643516589,0.018910589997557667,1.7247893759394874,-0.05924628583405506,1.7630490244452632,0.4539512429741767,1.6810930757477327,-0.1564336404260211
1.5624537631694124,0.8052128437838305,-0.3990203661403379,1.651753734012466,0.32656573962856794,1.6994395092819963,-0.5455710498167927,1.6016460772046934,0.008963870221216785,1.704112816858455,-0.0425151558272532,1.7476084717869191,0.06320382324531078,1.6552726427421995,0.07529631642432753
1.563943972220151,-0.9838056453681687,0.8050146496122239,1.625941970610335,0.2518825451988155,1.6626111599869928,0.4390391259620799,1.586869844523548,0.16833624915676737,1.6850810188605807,-0.09353510186919514,1.7254092209900393,-0.22893636225034658,1.6394552908234463,0.31470831849359565
1.54178259928321,-0.44026109791668794,-0.9836519914941927,1.5998612523166555,0.09020003309182498,1.64057651925348,0.019362792997092343,1.5567901207358714,-0.8271168749906962,1.6686235830304088,-0.006614641168120125,1.7178702909626882,-0.39467485146912074,1.614175172683097,0.23851641269810495
1.5030006803063223,-0.003226820339823047,-0.4402143434894574,1.570585342756998,-0.07548034205903673,1.601878519324215,0.00941722145870753,1.5369634439324291,-0.15477101979142424,1.6556131476329579,0.2553221891737376,1.7198511065363111,-0.4373815682730409,1.5862868311255796,0.20170234871179704
1.4736533967572998,-0.2513088670131453,-0.003266017878628932,1.5481042126268536,0.19467435601845723,1.5870750450131321,0.16877120262908957,1.5068529438222629,-0.033623136728217824,1.641618193142717,0.5353462934731563,1.721255142662142,-0.49450531045171275,1.5570113677313293,0.09051665529303576
1.4916548132201985,-0.5496464074013849,-0.25129927400909463,1.5246665624305331,-0.3143409610099652,1.5569398659059754,-0.826567007548107,1.4901361082053068,-0.7392756535357833,1.6235169441301964,0.5799428927112543,1.7017863742009653,-0.010017958812933936,1.5403301214887088,0.05635075652792772
1.4518745358827163,0.023024833717544452,-0.5495781400565457,1.5061973131522044,-0.20600082670206085,1.5370766364166064,-0.15429876718547508,1.4730863356304005,-0.5527549243031527,1.6009106571610066,0.5669664122738739,1.6824300180238174,-0.1539655289463359,1.5145629193877472,-0.2389391764015929
1.407014323579386,0.15660081266558898,0.022980473239825747,1.4799864879273892,-0.07892780756065386,1.5069106242473835,-0.03316486929534667,1.4508632430210229,0.26402878986264744,1.5767849497594681,0.6206810694502589,1.6564867692864715,0.07753533088502945,1.4923247283633956,0.024207952181526906
1.3801287863424168,-0.3160400448264331,0.15653018166723864,1.4529866196767725,-4.7469326506267585e-06,1.4901629692829368,-0.738735926383345,1.413671050731015,0.041875699134134775,1.555642893547312,0.793669214395568,1.6405941816173795,0.31671064117422565,1.4660269159966794,0.11096313329237589
1.3336274396251226,0.19975414777800152,-0.3160177210772616,1.4246974311919531,0.36154965195837163,1.473081763554193,-0.5522367288903949,1.3742374865230225,0.0739851919525671,1.5280023707386476,0.8630603272023338,1.6151938177704983,0.2405940615848313,1.4362468665099455,0.3099864785915284
1.3196187578581255,-0.654634650217562,0.1996750297703152,1.3989701385246744,0.5641940972335403,1.4508177001995655,0.26445269669750304,1.3450924270548752,-0.12459229245087934,1.5008317249582994,0.8690076808167976,1.5871728244066885,0.20381639337760418,1.410011039665922,0.4482156542359744
1.3183931256986308,-0.9907626472771556,-0.6545457347305889,1.3700314908623703,0.17198909331930676,1.4135569399625856,0.042325251067733265,1.3245045461261413,-0.9700063864457913,1.4749844402357684,0.7801976786549465,1.557758111315884,0.09274062234981058,1.3877984816729045,0.4607127854428409
1.2253046483172672,1.424754394172782,-0.9906076251626947,1.3321891597565536,0.4351996225930864,1.3740506755889654,0.07443103720303455,1.2883805829894739,0.6922150272106187,1.4474810206160729,1.0256744773173057,1.5409975201813948,0.05860850128726787,1.3496926710620205,0.6187053262622666
1.1489674258433051,0.9842831503660626,1.4244343541482773,1.289089451097614,1.1115558530942624,1.3448518839590642,-0.12412352364270246,1.2314710226605943,1.8121445785564487,1.4127908693527533,1.2755466893241716,1.5151077555431542,-0.23638949682169944,1.3063567828636506,1.0924471488298868
1.1584714050316003,-0.773084996701367,0.9840497382591609,1.252067620413296,1.1099627486232473,1.3242260469798566,-0.9694400240014059,1.1781396205394088,0.23694540938696648,1.3837767523128248,1.4604674704359781,1.4927637878378206,0.026497474535605404,1.270798594317718,1.1494650292946502
1.1632173476618786,-0.8981967147411604,-0.7729727854669427,1.223605254151216,0.9570889936124799,1.2880354852955835,0.6925895047159019,1.1574344731456698,-1.0139965265641586,1.3549964628973614,1.4705924897929685,1.4663408890687888,0.11316688618598413,1.2397658138247631,0.9315074888093373
1.163820642595235,-1.0071268930354336,-0.8980598976607156,1.1975834207699463,0.5272985157145766,1.231021005856682,1.8123897726750584,1.162387789506236,-1.171570220973771,1.3278511377932278,1.3948380088569254,1.436419189805293,0.31199346946206524,1.215472133922521,0.6957211560955716
1.1483611168411358,-0.616484967754909,-1.0069686525484838,1.1691842029969493,-0.6121317976441156,1.1775912813584748,0.23737244269629204,1.1590161659219123,-0.9593470717194604,1.3023808329789364,1.3266784772803342,1.4100585713951144,0.45008598650394177,1.1909708867142137,0.304625222892034
1.1336229111706855,-0.6354519500009506,-0.6164035552039288,1.1538712649417768,-1.1482984828518739,1.1568479617204792,-1.0134250859483045,1.1491468824594888,-0.7282976574625715,1.2779597559016347,1.2465909925129897,1.3877403586454646,0.46257076257319785,1.164536441652389,-0.6745807173474289
1.0248059203709767,1.8383328339318235,-0.6353668071947078,1.133133465884858,0.15838244583736796,1.1618104100711923,-1.170980590230833,1.102787638569515,1.1796011924352745,1.2444305481423517,1.244438322953424,1.3494532965034585,0.6204071059781188,1.135851771764431,-0.08256407240346123
1.0258812924534646,-0.9947137090560823,1.8379314550242345,1.1109878974889236,0.5518185832215158,1.158432570523439,-0.9587819397741772,1.0619425254797699,0.9987218575197259,1.2138356036501023,1.1660009812132517,1.3059112797393246,1.0936805694229343,1.118242258027172,0.32667704592929686
1.072817639615124,0.21119240645446077,-0.9945579098823718,1.0958890874902352,0.4160531279604585,1.1485450919382376,-0.7277591975974457,1.0416649148156816,-0.2797944114401879,1.1898335117082885,0.9593673257303371,1.2701839575097211,1.150642079849828,1.1059880656400234,0.294045187674901
1.1535586048668587,1.1000787769894322,0.2111110388730643,1.0941750934828627,0.34873288333904906,1.1021003796211293,1.1799194066390113,1.0846019290148285,1.0738532948195154,1.1735611829031611,0.6261507337232899,1.2390035685841112,0.9329000204506415,1.104606222216646,0.25215531515316236
1.1476376394758048,-0.8672997019620535,1.0998225912414745,1.094054256286443,0.34462655894803895,1.0611799640182498,0.9990609522270345,1.1252057736756471,0.360853347404083,1.1602033475396547,0.35506151999977553,1.2145943350009922,0.6973467950427931,1.1022909750974659,0.18078813295567203
1.2224108541874246,0.9431578467270011,-0.8671689614278416,1.1088838648189288,0.9564125961106508,1.0408649693214622,-0.2793077262768816,1.175092779941458,0.2356567447101937,1.1532218508542356,0.10898179889446494,1.1899765468111465,0.3066375141031718,1.112885018724704,0.6173863027147634
1.2672331135152124,0.15560284597976057,0.9429325227744684,1.1493747270892727,1.274657066438658,1.083881142686323,1.0741837164396213,1.2130014574267143,0.92231499763795,1.1495475255988066,-0.07058344066584293,1.1634163654491352,-0.6716003460273198,1.1320001751507511,1.2379898200372572
1.237048017273173,-0.2292787324942559,0.15553241125251088,1.1846443792262984,0.7188297204814423,1.1245598450550673,0.36126607692274304,1.2428184253296983,-0.44581512573538595,1.150390937382678,-0.04544336355098177,1.1345952559932064,-0.08016899117872264,1.1623649288243942,1.0689207764015767
1.210213643192034,-0.3173853708339578,-0.22927347217867178,1.2075926408679598,-0.04337620039084932,1.174538823570687,0.23608392678149587,1.238750845506028,-0.23930349180018806,1.1547896564916011,-1.8808394717539805e-05,1.1169019820294617,0.3286675358723136,1.1887367302057148,0.41474182863305264
1.206574979864781,-0.9273124254470718,-0.3173627824981824,1.216447582882805,-0.274969382811891,1.2125173899231367,0.9226629126657858,1.2185223030407617,-0.6721109956023283,1.1582444676291046,0.03368157416251499,1.1045895021765113,0.29606793870988696,1.2078729371505335,-0.269981581027062
1.1459346467918754,0.571536258470529,-0.9271698821508446,1.2161631443207863,-0.2570039104595633,1.2423893287258758,-0.4453092753306801,1.1881374136118124,0.03680453893917483,1.1570032196000544,0.03381566157627984,1.1032010859698167,0.2542194801039439,1.206782203444337,-0.2222272177143272
1.141992745641709,-0.9193388412728528,0.571384021705366,1.202731488758827,0.03065253885371117,1.2383142498659703,-0.23882148086234023,1.1653868072204525,0.0402778818489823,1.155435534417305,0.03412859259373868,1.1008748263021946,0.1829228542079215,1.2059746077162161,-0.18555513850336988
1.0782900043538848,0.652061733303649,-0.9191978661493556,1.1711736865553832,0.31114672538587396,1.2180484138306915,-0.6715790218611934,1.122605766680485,0.10458368645517467,1.1504030090659654,0.0954339247220302,1.1115192608435067,0.6190893864672917,1.1853557287647487,0.3731718743575527
1.0884124340351005,-0.7568229518960392,0.6518936595132615,1.1463481591411284,0.22925778630624677,1.1876075064754292,0.03725467628170693,1.103423004972837,-0.03145221273935078,1.1471559809504563,0.13201806440695138,1.1307253391346008,1.2390793516288063,1.1597724634115536,0.28049246890191687
1.0711150159269922,-0.5681579178933799,-0.7567139389341406,1.123115520568147,0.11787184116185231,1.164814956808436,0.04072761823278095,1.079786386450439,-0.961756045085694,1.1504819121239553,0.02504297233988331,1.161234523749543,1.0701774560581656,1.136032994259367,0.17776253598291164
1.0993442525557884,-0.28070771028242086,-0.568086009871361,1.1052055470445312,-0.5062469881505782,1.1219550446575592,0.10502599945042869,1.0868076501820418,-0.7598596624179057,1.155758040844858,-0.13948097725509292,1.1877317634643403,0.41664525439382444,1.1201712882841979,-0.10748704124171513
1.1052862826259322,-0.8667458100028879,-0.280692335378625,1.0984163445066062,-0.7232248280507128,1.1027369173931492,-0.030994195915462267,1.0924348157776622,-0.6133306504270017,1.158089947150832,-0.19742410907990113,1.206958992401685,-0.2674012117493046,1.1056802594710036,-0.6718587262144549
1.082164725119775,-0.41501321685794906,-0.8666151784031584,1.088423702561445,-1.104080552011097,1.0790567221331173,-0.9611906350512803,1.0961197216292515,-0.8409508739556424,1.1529624203141042,-0.12930602677967995,1.205863070585037,-0.21969406021025278,1.096556914047909,-0.8395127727626833
1.0923932665233245,-0.7540327631861659,-0.4149714279565974,1.0907792685301765,-1.1267442099146097,1.0860909303460637,-0.7593175590710216,1.093801676089908,-0.856282798441765,1.1489947552159836,-0.0881556529914869,1.205051633501493,-0.18305823640684543,1.0894608855608525,-1.1867679720897302
1.2075658870247645,2.005452977191033,-0.7539242989734559,1.1106806087695478,0.02666602774023448,1.0917284702479138,-0.6128054622216936,1.1279103305505982,1.2579847451045618,1.147928585849832,-0.11509913075241046,1.1843346801797374,0.37511639775081546,1.1079559456386512,-0.188345251345641
1.168663743108392,-6.552711586958851e-05,2.005018730598655,1.1269734677748424,0.05225089441536934,1.095420169633669,-0.8403994095320331,1.1567564053189114,0.8556043914434572,1.140849308272668,-0.328442699838018,1.158629727190404,0.28252861866839274,1.1194372270034911,-0.05591467854216207
1.236614284233094,0.7637568682612641,-0.00010534638935798627,1.1499006892404002,0.5038930327717019,1.0930978505193132,-0.8557295641183263,1.204851867634632,-0.036506470272279885,1.1408181574539835,-0.32975468125219076,1.1347773404788508,0.17990024845501257,1.1431146434474055,0.2899198937334926
1.21949347357317,-0.5728017790725679,0.7635668272775948,1.1689758910729595,0.547948005081722,1.127269388081707,1.2582939108006168,1.2088295319062163,0.008918710091386709,1.1414846372627312,-0.30819163536448646,1.118840187781827,-0.10506732022528684,1.1603039831378923,0.3744519164389139
1.1534311675598934,0.7141060646213728,-0.5727289577377522,1.1808790099760549,0.13431483982999579,1.156168643800195,0.855960007467383,1.2037497052977388,0.321575897706743,1.1376678349714888,-0.37913230731155756,1.104280231917408,-0.6688810459579558,1.1671919077909305,0.2506966955867656
1.1613325875874232,-0.8152240024485873,0.713925788510637,1.192393446611704,-0.4369074642516612,1.2043527754550056,-0.03604786999068174,1.1786444324215486,0.03571720288103223,1.138773719046417,-0.37031701957411056,1.0951134910042195,-0.8363693433609002,1.1785181841413157,-0.10109375573026598
1.2181116530939489,0.4700049202492744,-0.8151035036939921,1.1941548297135893,-0.3983227913350806,1.208337772993495,0.009372066542111196,1.178183616821714,0.006838724440244284,1.1442405985902426,-0.2746483665394975,1.087983710026203,-1.1832812330353082,1.196504285372796,-0.5645469048776832
1.1935688199997838,-0.3776410301470121,0.4698726517533803,1.198314544740452,-0.4599399749263785,1.2032485811591442,0.321993161369279,1.1915688985304334,-0.24111982791189987,1.1525199528293562,-0.30826377035087243,1.1065667424605414,-0.18584559083780247,1.194501772682949,-0.5781979568394023
1.2375539593978868,0.13359092754845464,-0.37760659127079055,1.1984714918930506,-0.4530900056817519,1.1780970239175186,0.036167465744395416,1.216987538433115,-0.4754751713046611,1.1632313356044226,-0.2734177732209648,1.1181026349146947,-0.0535459439183305,1.2043576612115976,-0.5262184181558403
1.2011556742102028,-0.06590404337260863,0.13352482192709542,1.1954086617760291,-0.5030275455552484,1.1776353587528245,0.0072923210021336995,1.2113329836644708,-0.4219016098358389,1.1725708891848583,-0.38919559456266734,1.1418926737622446,0.2919467231904368,1.1992847186866662,-0.6247500890005824
1.1555756364892047,0.17552849293768621,-0.06593091411962318,1.1957668369251708,-0.5195023585792156,1.1910453177185136,-0.24063760729828843,1.1986628489309568,0.21774116594921725,1.1766094416659167,-0.47185101831039256,1.1591637751076584,0.3763951743340555,1.19014021150956,-0.5688599242990772
1.1856894703015017,-0.23115256530492312,0.17545413941363167,1.1998349910398902,-0.6355085798290291,1.2165108197136303,-0.4749658969782135,1.1813668499117362,-0.43405762125979996,1.1823840193191448,-0.5611506898529548,1.1660844623989821,0.25276230258413895,1.194755296975522,-0.6777983990732076
1.19182897169971,-0.8615533368437426,-0.23114693646077644,1.195445184687619,-0.6865026139448894,1.210845840143767,-0.4213985199800614,1.1782565399427298,-0.5715880786048398,1.1902601337614522,-0.7694884050343386,1.177464612552273,-0.09868035535822951,1.199118310746221,-0.780439137447004
1.0754460646177069,2.037277245787627,-0.8614237264528737,1.175715994421722,0.2056545758599067,1.1981523466063468,0.21817041617444358,1.151534576212889,1.107112054415556,1.1890429813544625,-0.6932000207104467,1.1955362652609391,-0.561675317155374,1.178707631078927,-0.03871634871134114
1.093444533479573,-0.5497239140419464,2.0368367402846923,1.151646438358165,0.157108228603969,1.1808244604874272,-0.43355312812796504,1.1207723270401437,1.003468559764848,1.1808467563416198,-0.5518553809921544,1.1935242275541642,-0.5753128731696855,1.1643831905399804,0.19880435865894552
1.0810115426258344,-0.6960671602148449,-0.5496556314537991,1.1315796322318517,0.14916875160296794,1.1777084163157323,-0.5710677091142867,1.0838164410771622,-0.9426509250139008,1.1745515527210193,-0.40082684547138403,1.203426995938083,-0.5233847234283318,1.1419872003281515,0.09824409327558517
1.0518602188383166,-0.2564615938006671,-0.6959700961549229,1.11425679547849,0.35423176213025626,1.1509371876708863,1.1074386366824882,1.075950928997985,-0.500856876202885,1.161282468145954,-0.2813564854926961,1.1983299237965603,-0.621818982128469,1.1206280081927165,0.14268445157126447
1.102208709420286,0.30091410579572747,-0.2564509874047143,1.1003136072279338,-0.004441157756022985,1.1201182248671302,1.0038071065182779,1.0788736451206336,-0.357579625211973,1.1528590461682742,-0.30413372408968764,1.1891419204727869,-0.5659840725622844,1.1129929837634485,0.07993827389950041
1.1191445179145307,-0.5776663778428817,0.3008150925584862,1.088173648136545,-0.7845790942043658,1.0830942066141978,-0.9420877204526998,1.0915903982340691,-0.003602753806543204,1.1503965701574328,-0.2911405730060278,1.1937789577433042,-0.6748148466309792,1.1034726241507882,-0.2176014588709226
1.1522414898869866,-0.15271148234630583,-0.5775925997825877,1.101000233088677,-0.44914295327528586,1.0752141935878605,-0.50034467184145,1.1250659881001823,-0.3514262894970897,1.1497436451784366,-0.2936923013939102,1.1981627243313182,-0.7773541104802589,1.0978089780063682,-0.5825738585627901
1.0951452833374544,0.4783440871025918,-0.1527212805879605,1.1012842970476642,-0.45094336638058535,1.078142298063058,-0.3570839606125429,1.1227104455559551,-0.2341129070582789,1.1409121688225514,-0.34597689700474626,1.1776549606004227,-0.03636461700827686,1.1006272781113826,-0.6207763289402237
1.0594104775040842,-0.08335011401329999,0.4782101785344587,1.0976764272316042,-0.3453427500796266,1.0908824959265726,-0.0031479518923456895,1.102790073788039,0.4271147896927362,1.1312768821011283,-0.3171409417244665,1.163262385392812,0.20092126838756616,1.0957581416804245,-0.5172606383742405
0.9802882141807413,1.0575153000623443,-0.08337355362425013,1.0857222724793465,0.3363157076827065,1.1244198017693323,-0.3509313352316976,1.0454463355234986,0.8625433008225066,1.112799989999946,-0.23674907485332716,1.1407598679230184,0.10046042069426465,1.0813479982542857,0.10105269352521236
0.9498570250217022,-0.2228077633733139,1.0572674853157267,1.0602760715411206,0.9597562992213088,1.12205991652019,-0.2336314953155978,0.9969949650942342,0.7814281567234584,1.0947516562728496,-0.06117448300320268,1.1192990800934879,0.144856843567237,1.0667547488500755,0.6536202682476543
0.9908493313142961,0.05489491774043637,-0.2228037757096627,1.038847853595759,0.8957291014890788,1.1021028193292497,0.427519870066274,0.9741308910829843,-0.503088359434692,1.0829209705965475,-0.006211009810220925,1.1116277394214797,0.08217269914509062,1.0508229420370443,0.7327662795579413
1.0059405718073398,-0.6261689626501918,0.054844289341595555,1.0144122684324093,0.1611801273097815,1.0446533614993272,0.8628981158266688,0.9826855526651308,-0.2212621292584528,1.07001135839777,-0.10530002400270431,1.1020620959077827,-0.2150728745673785,1.0346272391647096,0.5757703717940528
0.9768534126051868,-0.25814879006627794,-0.626085645538304,0.9946548320516203,-0.35870725010330123,0.9961126655747433,0.7817923355670934,0.9916884272967229,-0.748449337711769,1.054571758359185,-0.24896622177660982,1.0963715104457374,-0.5796844487107624,1.0095350645128052,-0.035752540022743244
0.9684242081087306,-0.8013460044851541,-0.25813785184775756,0.9794580529494177,-0.912488401599273,0.973206439097671,-0.5025758974733846,0.9842099981108361,-0.561376559835203,1.0468854210525365,-0.168685089586507,1.09920321588713,-0.61784915067793,0.9914055120312734,-0.5043579228981887
0.8669131454164835,1.6462247645098629,-0.8012282351302212,0.9605218344720937,0.022540324076008627,0.9817768721508067,-0.22078220099486495,0.9378465175792503,0.9502323331253175,1.0306158784002875,0.14847678012686985,1.0943109192499145,-0.5144357996473655,0.9638655745872516,-0.19331154017579236
0.8849684915363036,-0.5482283367437771,1.645861167687354,0.9496839716143638,0.2984723047831876,0.9907963445840429,-0.7479085515597204,0.9072043280507814,0.694078369243674,1.0165360159642303,0.3122742109621101,1.079832233506533,0.10326624425522608,0.9502285066323909,0.02691033119512125
0.7966677384027246,1.2988620436544065,-0.5481603482923045,0.9172512233238723,0.9762506058897349,0.9833041280814027,-0.560857369150699,0.8499262215209118,0.42080804099167757,0.9982080262737907,0.7037913470451314,1.0651695708355227,0.6552875297284213,0.9283122373271047,0.76827611512222
0.8310272091805497,-0.11951430266159259,1.2985667630036881,0.8880367083038961,0.7435262968439155,0.9368551713119617,0.9505770254078704,0.8379588209207197,0.34288715127112246,0.9787317010617529,0.796249371113414,1.049161983863715,0.7343552942919257,0.9054470308434617,0.8165477554329492
0.8651355067742849,-0.12611885649463558,-0.11953062982559311,0.8693772737765187,0.29039680213395885,0.9061564894958022,0.6944526316468839,0.8313448295179591,-0.03141392195915489,0.9604887084410076,0.6913056484474563,1.0328892456023897,0.5775145986333263,0.8853025299261889,0.42912501916501905
0.8859561043255488,-0.4755165462433436,-0.126133884734465,0.8556032223234952,-0.4261093825863022,0.8487727843999598,0.4212138494090731,0.8611211083618371,-0.2682632243255536,0.9413640234465553,0.3416245136517692,1.0076777192032862,-0.033403738453290616,0.8722981617268876,0.03143207250155381
0.8557972063248706,-0.22996761055274645,-0.4754628580920264,0.8537466073417926,-0.4403497514288046,0.8367833205644696,0.3433019547869182,0.8693815164710931,-0.7159451205255505,0.9241739828919727,0.11214171110262022,0.9894619329140187,-0.5015458402849061,0.8561850003131845,-0.6023224189912851
0.9115889542025599,0.4440435802535685,-0.22996221475482942,0.8581928308590975,-0.25206388361842846,0.8301571355322439,-0.030955909555510253,0.8848730174027941,-0.261145118392016,0.9135574030050194,-0.13758035617874353,0.9617910008592351,-0.19080696980657091,0.8625766160612361,-0.4096937269328558
0.9523575198104515,0.049011696559351184,0.4439164176002319,0.8841965700193722,-0.16373448602394333,0.8599883102610666,-0.2677778703093009,0.9070168548744705,0.4872548435951654,0.9115514133395262,-0.179505018927135,0.9480890677458274,0.0291971818748742,0.8722177347352249,-0.024991187062555407
0.9691925121940741,-0.5803173193924497,0.048962225219471384,0.9072733221869,-0.06936682812634319,0.8682639473522763,-0.7154080866231626,0.9448324225831044,-0.19950438430031822,0.9129400930096682,-0.1537598754253884,0.9260685529907163,0.7698300234867781,0.8969002663123137,-0.03508857053350835
0.970909182053874,-0.9778508990048624,-0.5802430199688444,0.9249399348388313,-0.03401515039433244,0.8837840085905633,-0.2606605860817721,0.9646147943101185,-0.9049093953428367,0.9115079863525836,-0.19213264966272797,0.9030945874066069,0.8180539406241768,0.9169127035793605,-0.10223443916777936
1.0443238346673853,0.9074346999866303,-0.9776984162567761,0.9513909524584709,0.45467720476992,0.9059686706918199,0.48765298146965597,0.9952841273987136,0.28385957100655895,0.9142646821799146,-0.07534883000158749,0.8828542685136391,0.43101422515844123,0.9425485671383828,0.3086719580175196
1.0149765769217762,-0.2513095455092749,0.9072164017408965,0.9779775324849272,-0.056387535842109475,0.9438539556094084,-0.19902696772592654,1.010552399629344,0.0675990915672468,0.9170026976628488,0.003058806240513417,0.8697880446128159,0.033714452816456235,0.9610070865670128,0.306695981755888
0.9473089096784084,0.7563187502790294,-0.25129995237178376,0.9839435785324718,-0.32001727612597847,0.9636727983410084,-0.9043505476206604,1.0026820765051607,0.5338127265575826,0.915486191489625,-0.019434029277675464,0.8535982404212625,-0.5994134849638558,0.9740993541762297,-0.23799856786087256
1.0294815182731178,1.13772358195799,0.7561301721574214,0.9968250426907911,-0.3037471584241841,0.9943986737594691,0.2842811885987174,0.9977323952440345,0.3191461565452668,0.9271618939108767,0.09154760616685048,0.8600202580981043,-0.406975232931917,0.9909658416459942,-0.3884774692753545
1.0206560048496376,-0.7909251323186857,1.1374599925687983,1.0054206179892604,-0.348865606166519,1.0096950947497236,0.06804567402183968,0.9996263959674875,0.36474887790314514,0.9369070060743787,0.16077471770877738,0.869707235067544,-0.02265302457454445,1.0007370732007441,-0.46071977603867964
1.105307868407246,1.2029151466054548,-0.7908094124470461,1.0278682593939572,0.07120811491767515,1.0018102618086835,0.5342054898433067,1.0523165869406095,0.41664073776861144,0.9590736197266393,0.19227626677800033,0.8945071699111845,-0.0327404253894603,1.0202106334554675,-0.03489419759700247
1.0731995049780674,-0.17870676670574057,1.2026387359264057,1.0326911539477757,0.17099614046766842,0.9968514552591204,0.31956370069434387,1.0668958543419698,0.27821148824193564,0.9764664964019611,0.11599498150390056,0.9146147969888663,-0.09981991107285935,1.0348449614428206,-0.07718965373730376
1.1783579955224053,1.742133225791518,-0.17871145242896588,1.0599795716879221,0.9474453665075581,0.9987489477837601,0.36516115772621927,1.1194870110954154,0.6845399880155125,0.998962216239746,0.3581415768058779,0.9403725983691084,0.31068024847292236,1.0540207721684933,0.646178449981285
1.2141496552983437,-0.08185514978901821,1.7417507665565402,1.104548053213767,0.9357622717518711,1.0515362789897682,0.41704702725472537,1.155784051172691,1.3901586672137123,1.0225331616235154,0.616272771575808,0.9589189163474886,0.3087062257363217,1.0825157858891352,1.2017534795288844
1.1879053470241796,-0.33290104541253607,-0.0818788834160692,1.1310084405453265,0.8337783184845948,1.0661424248936453,0.2786337578423094,1.1940366622770142,-0.6032517071131114,1.0463852538499705,0.5522913088530306,0.9720734577546379,-0.2354498182022359,1.1169370984439544,0.7788985223074575
1.165524026938943,-0.4344776270951252,-0.3328754055936097,1.1552046994456404,0.15519013036675847,1.1188305392993678,0.6849153515185433,1.1897567337189663,-0.39182971312618564,1.064622936195498,0.4816789233044952,0.9890201712222105,-0.38577995047093055,1.1364002366482737,0.5299927990413158
1.1230201721898319,0.09464081334030398,-0.4344320101088533,1.1581630575557624,0.0683700836737374,1.155194497010857,1.390452574903351,1.1593664709798888,-0.07786761195274508,1.0768799718574151,0.37865392545556514,0.9988378799585728,-0.4579508357514707,1.1510451293046307,-0.0567283258187294
1.1360914662728008,-0.6792830912684208,0.09458236807664509,1.1686674473878922,-0.46211905300349365,1.1935176310622895,-0.6027276824094933,1.1420873490552044,-0.48535875713133314,1.088866697737734,0.2828457889681926,1.0184040668378445,-0.03254624461740709,1.155449233768439,-0.1532331843592675
1.138899499163439,-0.9491537038218569,-0.6791893281480315,1.1620769798716686,-0.42236717360277204,1.1892298119794742,-0.3913300947357745,1.1332084838756677,-0.9696239477827218,1.100931805592088,0.14485280706458675,1.0331080034836182,-0.07479988586657395,1.1648487080900571,-0.5793212217418319
1.1161780109335413,-0.42553296673323043,-0.949006864979689,1.1457134840652687,-0.6641917779604567,1.1587835214077884,-0.0774042369882513,1.1309267297035974,-0.8271039893557087,1.1060923910434055,0.11060002577076329,1.0523750245784924,0.6478530687256696,1.1559528295483867,-0.4753949760746979
1.085023997980458,-0.203801241332081,-0.4254891089022081,1.1285299557643098,-0.6744476494334075,1.1414725434982076,-0.4848483418550404,1.1138965247042363,-0.29315777713726976,1.1111232148702463,0.01728409065192631,1.081005575761359,1.2028788357401856,1.1374792617000093,-0.5531064025241191
1.0782137655083994,-0.8439165835382872,-0.20380099170002314,1.1139471537093086,-0.7091647248793206,1.1325773091422573,-0.9690576294866183,1.093658778067463,-0.5410567004537062,1.1205248353411315,-0.34184271545031547,1.1155906144121144,0.7804419289576335,1.1217860608627865,-0.6335338713347296
1.0828281468192742,-0.9016560960421315,-0.8437904417852321,1.1072341701428317,-0.6474306211889845,1.1302913483023507,-0.8265541234006225,1.082537118005616,-1.1516781706138588,1.1243562039470731,-0.45167342183245707,1.1351463296681592,0.5317822833241952,1.109955043047243,-0.7714145319997693
1.0446983531307676,-0.020374337852921972,-0.9015185986017257,1.0919694388695071,-0.49393017219656044,1.1132297462241558,-0.29266954932230954,1.0690891437573087,-0.5203222425333788,1.1260829315946863,-0.5270151481626894,1.1498608812341296,-0.05435878679235921,1.0987498072447734,-0.5278904491519566
1.0225208528151248,-0.43983703138582547,-0.020410162972403986,1.0725315545324416,-0.4815473852924619,1.0929546890484552,-0.5405398554705317,1.0505164251187356,-0.16729312488781212,1.1201371468063357,-0.36918547507253535,1.1542859339644749,-0.15076823697176203,1.0825016465238788,-0.37697747832335055
0.9732792716416081,0.27180812140126204,-0.4397903603601814,1.0486642107075541,-0.13931294685637663,1.0818125249681463,-1.151090836186466,1.0139835821149503,0.05309376503285834,1.112960849905539,-0.10844425431345893,1.1637301171923,-0.5764350275698555,1.058806924857087,-0.13003948148475558
0.928185562295134,0.16274057554228935,0.27171483246691985,1.0224686201235749,0.379702080574599,1.0683397578821932,-0.519807791112315,0.9751283817431755,0.44020855912701085,1.0949934012989297,0.1825807751145078,1.1547919251141765,-0.47261152732847517,1.0319114857395548,0.2429580972428824
0.870605373106527,0.4910703238050147,0.16266873703066756,0.987793290537468,0.9302114539043563,1.0497327983691696,-0.16681942674437072,0.9244669362373402,0.59611223593133,1.070319962444178,0.4525673749536906,1.1362304871377495,-0.5502461253160847,1.001235343624643,0.8062749556954136
0.8721696847350493,-0.9818571313740769,0.4909339123552521,0.9526085298523982,0.7932788973624306,1.0131326030022245,0.05354202196575829,0.8907484643804255,-0.08358004474656054,1.0476437458352068,0.610477312172116,1.1204626410788572,-0.6305940804824546,0.971757319001293,0.9315361472131702
0.9232334846728238,0.31972303703101324,-0.981703860716286,0.9323211305898513,0.3171008444956364,0.9742057687429416,0.440612127970779,0.8890970236511162,-0.1876807830896132,1.0302423766680462,0.5773789755492751,1.1085753486411647,-0.7683384271000437,0.9489246544430493,0.48191449387446644
0.9026725445665919,-0.48234419219638874,0.31962032462255896,0.9123037336976717,-0.30419452731789925,0.9234509232223428,0.5964978074329368,0.8997909256982696,-0.3425027259850222,1.0144169532837153,0.6074185510436205,1.0973168147691037,-0.5250551013912276,0.9286055059079794,0.07560139579493044
0.9599031055152306,0.4818769119334755,-0.48228916124515125,0.9100696093269527,-0.4303003919915338,0.8896702876087923,-0.08311601034535769,0.9290486545644858,-0.2223847426520028,1.0017630598224834,0.4701460040432522,1.0809913691417508,-0.37429132884588484,0.9196469981467419,-0.3666142535425638
0.8831783356256648,0.9944736401609297,0.4817423085611692,0.9025523774825903,-0.4300672548042068,0.888015802264649,-0.187204731418224,0.9156908864517687,0.17419230855352427,0.9833970999754454,0.36796672799057706,1.0571839427584662,-0.12759746427106086,0.9067565642138852,-0.5612543731437837
0.8606633345202995,-0.43096250864370317,0.9942382238802646,0.9008918306195925,-0.36893583307520655,0.8987294197107436,-0.34200880184559707,0.9016814694418214,0.6167174709471315,0.9650459700868905,0.2840818747032304,1.0301605746074847,0.2450313549119073,0.8970963891411535,-0.49884505096839865
0.8296660905221342,-0.20792345288845926,-0.43091758297927313,0.8937927624129755,-0.07780565838462468,0.9280410884572922,-0.2219046847952086,0.85824945414903,-0.29969848215048406,0.946706099385059,0.26736733479873137,0.9993385204219959,0.8077912969658485,0.8912393454660527,-0.2779509108929672
0.7049675756473066,2.2559346614715032,-0.20792239253695474,0.8573373848373862,1.1652124711618705,0.9146586938119824,0.1746265860090466,0.7988189423768619,1.723368113261431,0.9198994618693637,0.5635001012682384,0.969720282612998,0.93292865052169,0.8673183093932572,0.8943677542768917
0.6847036014836007,-0.4901528584005476,2.255451152397154,0.8209316073372817,1.7943293979498245,0.9006234488821546,0.6171006638039719,0.7401391130167502,1.580875735448978,0.8913060544540424,0.7090308343684895,0.9467790137410176,0.48375151019222473,0.8331926517006608,1.4681688795566012
0.7456835897745805,0.5804674315198123,-0.4900962917111614,0.785152069592465,1.0974639153390213,0.8571113618340264,-0.29920949928401697,0.7121322575387729,-0.14714845120734316,0.869830737114261,0.6256445755406116,0.926363216513162,0.07784010864260264,0.8107327768157163,1.4443988066440085
0.7900887864580012,0.14463625853749335,0.5803134382519628,0.7696039948683857,0.6510912118692753,0.7975712832972011,1.7236235556336708,0.7405188550807027,0.6487799929425286,0.853137406226734,0.4255424478265261,0.9173620973175457,-0.36393834954193066,0.7864380207626475,0.7214961216325685
0.8314650021908693,0.06498974762640855,0.14456798061990306,0.7647272084091559,0.4348658511730984,0.7387832711390301,1.5811476269783606,0.7894614955446827,0.28420555274421067,0.8429522688589991,0.26523751785824784,0.9044103496152217,-0.5583860405431487,0.7790395703406569,0.45676817174335926
0.7779955536763855,0.3829791349533713,0.06493713386733395,0.7560970520157246,0.19740170412587793,0.7107247819050672,-0.1466770785419943,0.8002370320570772,-0.2570345025292164,0.8321655837463643,0.2117710452737988,0.8947042256046569,-0.4960384185892693,0.7672125725927508,0.1520743540814239
0.8372095112683507,0.5340299709894945,0.3828639819052254,0.7781844669304743,0.25950181570278297,0.739163713299753,0.6491594845384961,0.8159510595989334,-0.08890591555754952,0.8297670843453319,0.19424815468523648,0.8888193227102679,-0.2753626628336297,0.7682917840977228,0.19439517323662722
0.7825452879515624,0.41439552412236624,0.5338851106231932,0.7945262568084535,-0.4323987587253021,0.7881965849700528,0.28462713039663307,0.7996370971123581,-0.07809020568249794,0.8233302370782982,0.1908235199527817,0.8647845054491256,0.895797003667523,0.7793905630820278,-0.006074398163159052
0.6909237807320776,1.3861806768362637,0.41427419238171637,0.7853801216033534,0.12156567892366867,0.7989919873836132,-0.25655044474376687,0.7706000174903496,1.4139107925631673,0.8066456942910419,0.2266977142149845,0.8304965279525893,1.4690308474050549,0.7802804629343321,-0.060444368991473284
0.7267862859007571,-0.07999228289151558,1.385868223143112,0.7748071623647972,0.2734010419693798,0.8147349854846344,-0.08844126634391083,0.7337755923213679,0.40329747580972874,0.7940134978798672,0.16787647479426435,0.8079298219401487,1.4452842744875396,0.7775768900541179,0.014831820415496556
0.701706901712217,-0.36353251533951036,-0.08001638289045207,0.7531346044854672,0.2322458150667247,0.7983909463920347,-0.07762680502203854,0.706817250043809,-0.6081147234741043,0.7754697800033309,-0.12581005223061492,0.7835195070874569,0.7230962784718693,0.7649323949295039,0.20450694351149096
0.7731251848841502,0.8549405235269869,-0.363500851198928,0.7523211419798239,0.2197976229933629,0.7693003336811396,1.4142019583346181,0.7342301375582427,0.04138297309313612,0.7675657343639458,-0.30390586526029295,0.7760858656947083,0.4586300486683387,0.7565859160370503,-0.013878839575866686
0.7104926912869427,0.6239197622051827,0.854732549363147,0.7311565472053811,-0.3199091244190604,0.7324080185848157,0.40370530562674406,0.728796477623094,0.14019529238644157,0.7567804400782838,-0.4169570538207307,0.7642026124462361,0.15423746286385398,0.746928511504031,0.02829225520110714
0.7203704102967056,-0.7632575751182049,0.6237572231242406,0.7207719266719069,-0.6149116284701444,0.7053999756020838,-0.6075901373894388,0.7350204669421181,-0.051823606436091456,0.7489307961665108,-0.5011249464537486,0.7652869572559338,0.19651644205308497,0.7302127394105729,-0.5034441647521489
0.6629866787425512,0.4859045055376016,-0.7631472966525575,0.7161057944025859,-0.39415500159445793,0.7328634018264377,0.041832581906465306,0.6982909911988319,-0.16088464848458167,0.7459157173352235,-0.41158801056291705,0.7764385279445024,-0.003754937529688151,0.713107896539238,-0.5353446722663269
0.7527134905746782,1.336360001399248,0.4857691100544554,0.7204362280469788,-0.3011600749255499,0.7274197243342869,0.14063349441863174,0.7123709699240519,0.37680493634944257,0.7508002050912151,-0.47813150562482304,0.7773326606344811,-0.05807115614396723,0.7219479398026662,-0.49130656046231647
0.8323995342730885,1.0723398039226497,1.3360573459878853,0.7422648740669886,0.2971069915338955,0.7336551882705171,-0.051363237961811,0.7497309372577474,1.8086935865310279,0.7570281665658313,-0.3758649241119016,0.774616228121676,0.01713061236883787,0.7370576674123466,0.08867937941132988
0.8584130048076063,-0.3389708823806654,1.0720890736261135,0.7565098823314018,0.8240515726999507,0.6968579976497254,-0.16041169012832762,0.8149025720861457,0.7276237988756394,0.7619352295301522,-0.2410573239480701,0.7619115890435583,0.20661821544857195,0.7594770756687637,0.49201551523225345
0.8993668168716017,0.053882718902566976,-0.3389440488008656,0.7880561627065131,1.289397435378321,0.7109639343832036,0.37721582443491675,0.8638091714181754,-0.04866687507816081,0.7668119553541495,-0.05459513678593256,0.7535254098520037,-0.011551663175790625,0.777538035839282,1.034980117129689
0.877265511694856,-0.4418405688991368,0.05383228957387831,0.8142612177550376,1.2681913784635115,0.748392778975842,1.8089391790282103,0.878771275836889,-0.5316898273042716,0.7739415493140785,0.08561267262758517,0.7438220695593137,0.030577739658406433,0.801397655043284,1.083996005235905
0.8813172939082324,-0.9164495384205973,-0.4417935038357773,0.8507274027296439,0.13271029908521526,0.813684564968392,0.7279941888328145,0.8864094993829482,-0.8497295247104258,0.7771093816268158,0.17076683043346466,0.7270267883506509,-0.5006329855148053,0.8244237773193769,0.9832334806392912
0.8415165352379652,0.023563386690232373,-0.9163091315391656,0.8655595335810214,-0.7154182017767763,0.8626813290609026,-0.04820687101333832,0.867117331816471,-0.4805225646507496,0.7813447117997621,0.2143627723282504,0.7098405857362656,-0.5325019549780773,0.8499654356190133,-0.11375650667054565
0.9046819293011977,0.6379322843948793,0.023518920294764895,0.8776323397035293,-0.7610773337808745,0.8776710177847943,-0.5311740636222216,0.87626027991625,-0.11506957528932227,0.7966968771007673,0.25818575426243906,0.7187226769538246,-0.4885073809206453,0.8717070423758729,-0.7240330524678249
0.9328778535845395,-0.28158365243228084,0.6377669894572615,0.8900696653050936,-0.5534050676003066,0.8853233232462994,-0.8491770468894124,0.8934549232093617,0.4256373639155549,0.8114984265874423,0.3715440370933655,0.7339042744757359,0.09090516286868262,0.8860821331800294,-0.643421190244701
0.8869433899957472,0.1848480575725509,-0.2815681052560711,0.8879946700868131,-0.5651932904755333,0.8659955884211791,-0.48001270765898624,0.9086040714806731,-0.43457441029753074,0.8248021588986664,0.28398369173813387,0.7564303213788104,0.49384254529742183,0.890163878183009,-0.7124073389543182
0.8397826740093767,0.21709214446442887,0.18477187116045057,0.8817341825625369,-0.3854446984662215,0.8751553925636347,-0.11460190577272449,0.8869611810284141,0.41712053900510837,0.8295895169406923,0.2559663625016878,0.7745771890954999,1.0362703518085428,0.8816393778728733,-0.5660616114008558
0.8127959071721769,-0.31337823064175835,0.2170096165756902,0.8702895504776712,-0.09106658984014213,0.8923817360958808,0.42604261484143485,0.8469157228823843,0.08857435331008659,0.8369369602620704,0.09479653761604011,0.798550297356509,1.0852377809498472,0.8724159312082352,-0.30469213344494406
0.7752479080340788,-0.035672521223361536,-0.3133564303942299,0.8592211805388246,0.3434967245378569,0.9075588135085357,-0.4340698575081603,0.8096670199621623,-0.09780617580227755,0.8408782762877275,-0.024508289492394194,0.8216859441342839,0.984574874004417,0.8572409455602747,0.07735266203781166
0.8492770518256494,0.923592635317695,-0.03570533763390483,0.8499673042146718,0.20718102275871828,0.8858760219782955,0.41752677310351627,0.8128332470331201,0.06990780267075734,0.8542576988767707,-0.5200158762341627,0.8473490921647512,-0.11133058742295257,0.8583512162276163,0.06941572919491329
0.7906885637863832,0.5175833612660115,0.9233711592747493,0.8262184546121903,-0.23348530798155254,0.8457567355720432,0.08901851440445085,0.8054607924658402,0.14414477258094444,0.8569850784183988,-0.6385756885191328,0.8691941135833268,-0.7210037906947426,0.8420425738102623,0.08514611777958972
0.8506057355942905,0.5525208626910902,0.5174417354708021,0.8201492387766478,-0.516872477738206,0.8084393605212112,-0.0973404991527744,0.8305914538158397,-0.03206491207343633,0.8582926524877726,-0.6495493515194816,0.8836375799757861,-0.6404716244141763,0.8302721821987711,-0.40108148880811884
0.8591398595192306,-0.7985871669282532,0.5523723657027274,0.8233823295956111,-0.4165021817157262,0.81161142488426,0.07035411861038064,0.8338805465104213,0.08031706778580316,0.8583448553804233,-0.6495039216941023,0.8877387399320125,-0.7093895708022838,0.8262944258229217,-0.5756575209767381
0.8422003663722425,-0.5775694905597594,-0.7984699401566464,0.8282935439365529,-0.40575117581938286,0.8042253783762341,0.14458251868965752,0.8510589300735426,-0.9697919219054905,0.8542391461776967,-0.6860133919821327,0.8791736925580957,-0.5631885261822632,0.826640316831956,-0.5700735311287916
0.8679418202865943,-0.3461235106275006,-0.5774957315543837,0.8437755382856026,-0.6613685334311162,0.8294023708981467,-0.03160682452023736,0.8568402442069593,-0.8017590165872581,0.8535695162586822,-0.6937418770356791,0.869906374268543,-0.30207744799937525,0.8345298547335667,-0.48565121731281574
0.9281512012199449,0.5602044492430923,-0.34609527033318954,0.8569493175072872,-0.13214199243033248,0.8326975274012749,0.08076218209176546,0.879854451406656,0.32837149185831305,0.8569331395476877,-0.5986817046543628,0.8546592083063639,0.07958964351729503,0.85640520793278,-0.34439781650471957
0.9844721952676173,0.4579600133841595,0.5600544411161203,0.8893155971757756,0.2259716015221678,0.8499075812269082,-0.9692255842186464,0.9272998896228579,0.8442421502985623,0.8672002518808557,-0.34354721154772627,0.85577476001235,0.07166055742705174,0.8757471164815845,0.31811424587600207
0.914697078909217,0.8117337468323623,0.45783011377207816,0.9000203111198957,0.14285579041930183,0.8556995538565446,-0.8012120764268442,0.9428920398853872,0.06995653663077545,0.867919542505918,-0.33017849562314866,0.8393885450053755,0.08737539435331862,0.8934885922307348,-0.008615611822310082
0.8810496736150569,-0.13823793686066999,0.8115342701882676,0.9036797490460514,0.0615014429755089,0.8787561903093106,0.32878797104523155,0.9271844143124465,0.64306454577963,0.8641972292679537,-0.3988109715482367,0.8275621671422526,-0.39837150919223396,0.8978441027178077,-0.09371529362625537
0.795434542025489,1.2282441067640768,-0.1382505816289104,0.8958687913394318,0.4681646802580233,0.9262890994728101,0.844599077966612,0.864143302329341,0.9612789343829174,0.8576250402311949,-0.3448568289797324,0.8235654904384534,-0.5727749488782092,0.888729999994394,0.2731895780419113
0.6987519243298971,1.5192616692023388,1.227962714613242,0.8676102255990803,1.6939428086367403,0.9419099956001715,0.07040284694460612,0.7921289578928534,2.043572643874865,0.8474961754552909,-0.023799003023826933,0.8239130266893546,-0.5671964795742857,0.8682073201346553,1.2387377872315637
0.6187800844624497,1.0798547629359785,1.518923042338059,0.8159382035103877,2.7695309472706904,0.9261734112708084,0.6434446971602819,0.7046661363016692,1.9435585738656047,0.8335619090837444,0.4946283492611518,0.8318400914353385,-0.48285762885774586,0.8325605995093701,2.378529660943207
0.7893928935281592,3.463242793462809,1.079602554664979,0.7833555174012964,1.9188481212041815,0.8630160759796006,0.9616223514584539,0.7026513406620157,1.8307645333059956,0.8345778055861202,0.48092792002282436,0.8538194954655836,-0.34174387651584814,0.8127089211914069,2.1841465168630916
0.8343268205920439,0.15853912907517803,3.4625218418973773,0.7699318539172424,1.444653407057863,0.7908689650820222,2.043791122202272,0.7478634561891419,2.863476544902649,0.8335040761272734,0.47843154393298476,0.8732534044333031,0.32011320132772136,0.7912281339969557,1.4883329541288772
0.8171502150665201,-0.5713346630872536,0.1584681168662116,0.7592591890990692,1.0689477683050215,0.7032448960422839,1.9437885977028788,0.8140168039642349,-0.45246263996677794,0.8354045587395608,0.4633911181024266,0.8910792680905533,-0.006293638848691951,0.7772724365389447,1.0762430711763347
0.9064130709837154,1.3241603638168025,-0.5712621302915979,0.7777951308502064,1.6793682440527546,0.7012263859025681,1.8310075779583226,0.8530412098682278,0.4467573451449199,0.8394126559449406,0.508219056541599,0.8954554957053277,-0.09130918788153289,0.7809010913848353,1.2332788511799238
0.9240249938127643,-0.5598880726560153,1.3238601077202965,0.8154208638026161,1.8783317317375077,0.746521854997986,2.8636003744613507,0.8829541530607903,0.8087217561834551,0.8440727230063413,0.5696784793472658,0.8862980414550223,0.2752329477231048,0.7992980892014485,1.6709658923871415
0.917411158195205,-0.8490808036077198,-0.5598177910726843,0.8652990541133976,0.2935568161240264,0.8127971638343389,-0.4519560221806312,0.9163896154404043,-0.9542536786672087,0.8494743814517149,0.6162686104374262,0.8656777447991134,1.2398265793543932,0.8305809207965753,1.6119721775524072
0.8947256805534332,-0.4264798586902556,-0.8489536462023672,0.8828920283861058,-0.1036087557632317,0.8518935155750758,0.4471601580043192,0.9124920528317398,-0.7185928178001157,0.851398005196436,0.6316202721945648,0.8298614693844341,2.3784916116162824,0.8700595170549323,0.057734725318221054
0.860991365705587,-0.13595266573188794,-0.42643581463305036,0.8873456146760373,-0.24522794852650176,0.881861606608524,0.809082784285181,0.8914713199774447,-0.24427526602338456,0.8465745685073234,0.5749292840432084,0.8099153659110211,2.184300642080428,0.8803028665261687,-0.299325149152268
0.8828643663201725,-0.4478437964195433,-0.13596575994667418,0.8983213745036127,-0.781416034689234,0.9153587109852959,-0.9536891346973948,0.8799505031565663,-0.6549924132664631,0.839277068054972,0.3969836104559578,0.7883324046516099,1.4891749870088964,0.8872469678211977,-0.44440446077152285
0.8792455186951222,-0.9278334757829692,-0.4477955506954566,0.8937837745600042,-0.7626410871231555,0.9114539627860594,-0.7180554782505822,0.8747881103713756,-0.8512623447991771,0.836730927866965,0.3542310389402217,0.7743103264634271,1.0774925117347602,0.8961307313464028,-0.8780784639033915
0.8005675053173917,1.0458338274092998,-0.9276908300112542,0.8731635623714569,-0.26954533286982707,0.8903944758705777,-0.24379268114960603,0.8546376943888838,0.4155078514342692,0.8309506778051079,0.34121806622177064,0.7779562411244532,1.2343730402138529,0.8809877668929971,-0.32355243153905805
0.7621013419188255,-0.011529556647697748,1.045588310069527,0.847223286041414,0.1418508339592406,0.8788524191413151,-0.6544624156748965,0.8143651073453226,0.8965183868799033,0.8285566787857723,0.375064261945274,0.7964407448612623,1.6716273674217628,0.857821901706685,0.09270192456837345
0.784889660558888,-0.4237756730825632,-0.011567121279096232,0.8288781693066104,0.11336248042629078,0.8736805089103125,-0.8507096900311656,0.7828988988042663,-0.5737960282290658,0.8347431131935054,0.2147429114430147,0.8278723742652678,1.6126919760096494,0.8388625025539173,0.047849320733015406
0.7999338413473643,-0.6274063891426235,-0.4237321608602309,0.8186801722201774,0.06117359654412821,0.8534929433926769,0.4159142716994861,0.7826875817433059,-0.5845190575147682,0.847753622683848,-0.4044639271111335,0.8675387517544575,0.05999110183355628,0.8253009570840297,-0.09852261170021803
0.710517334033762,1.3282005997311976,-0.6273228286648367,0.7898942928124204,0.20644790479531994,0.8131461093514851,0.8968692798389843,0.7654851188379141,0.4654682619157147,0.8420887596801541,-0.18304126512411295,0.8778308240515756,-0.29671576971080454,0.8037731500528891,0.2737029502554106
0.7297136150633107,-0.5182276578950238,1.327899549037476,0.7649190594796875,-0.3387922962854087,0.781621889351953,-0.5732754038553332,0.7470847673565295,0.4361747457189482,0.834575412307451,-0.03073234702014837,0.8848079551909201,-0.4416516504234132,0.7818623938705713,0.08921369460518164
0.6433669905660427,1.2474785815942628,-0.5181655697068984,0.7386629934457202,0.2667991767047487,0.7814101827044654,-0.5839971952867974,0.694872162070399,0.3730293727040196,0.8220942563518429,0.3490008562873858,0.8937339746271072,-0.8748969069975279,0.7481160565129982,0.14758817206232722
0.5893982569118399,0.3961077481660486,1.2471934065801327,0.7098176451249177,1.0114374006008657,0.7641760051436135,0.4658689148082795,0.6544808369921429,1.2995718156881593,0.7993261707322863,0.7160558116016142,0.8785189821693392,-0.32091910008790053,0.7179047916184633,0.7226371624744072
0.6817565928202622,1.4055554550772296,0.39599001310048465,0.692592074069289,0.7438786213562347,0.7457417305658217,0.43657878022152313,0.6384879172867375,0.41161019372020635,0.7819263917570993,0.6611447288413558,0.8552429277896344,0.09492373118511081,0.7064101421075684,0.6679304867648393
0.7131036893524976,-0.19872414324374302,1.4052391909271715,0.6780894612240193,0.13397528769896877,0.6934328655291873,0.3734406966362433,0.6617440197728228,1.064062756676476,0.7672529767088341,0.5070748188651615,0.8361933476363708,0.050115470334026295,0.6961399677890883,0.4271506857263065
0.7639898920868017,0.31505315041406246,-0.19872489212961575,0.6870205961981395,0.44664281510676884,0.6529670745465147,1.2998761806203443,0.7199676098122131,0.23329184873315725,0.7578634986995364,0.3336900788310327,0.8225672962330995,-0.09611175325862796,0.6909975894330266,0.17582076949897205
0.7225678383554615,0.0661950495761574,0.3149513564368537,0.6858270887506479,0.41850193596896934,0.6369446701131928,0.4120170639265724,0.7335775243230539,-0.29255714583102305,0.7479218853030294,0.21835692678784108,0.8009370914856121,0.2757458123973746,0.6927216140290517,0.20141957455139062
0.7351808733418662,-0.691332932033496,0.06614219876914958,0.7011620981353822,0.38089316196029643,0.6602436478132373,1.0643943085051089,0.740939921201536,-0.504962872454306,0.7373152187894471,-0.010680801563799238,0.7789221160768188,0.09143894981828071,0.6935037960434681,0.2195005391979733
0.725597386042772,-0.7709943451860033,-0.6912367990589389,0.7239104544870544,-0.6710589639976137,0.7185745795227076,0.23371930380534653,0.7281366186249102,-1.0384700772403903,0.7262801703178003,-0.3078014197171595,0.7450152631648519,0.1497557160543485,0.7052682185570991,0.12116312522445537
0.6637752948708688,0.602610375760346,-0.7708825451220919,0.7209071682250275,-0.4872102683974099,0.7322095854260966,-0.2920689873522539,0.7085302214124122,0.13331897823546476,0.7164557185215891,-0.354654825475529,0.7146602974034023,0.724236191237481,0.7159090879678551,-0.5549180174045639
0.7019787608173408,-0.0184371390412865,0.6024520276176298,0.7190490518015267,-0.46191719180369156,0.7395855557028558,-0.5044501941013594,0.6974578342036427,-0.14204534844907266,0.7121376992574224,-0.3890339694278153,0.7031109732171714,0.6695836006211565,0.718802204644237,-0.631197367789689
0.6942458208451056,-0.8196541552892209,-0.0184733451515855,0.7074002035589126,-0.6935394417962213,0.7267586488125801,-1.0378958114258336,0.6870025756952206,-0.5426297885420884,0.7056276353364993,-0.48253643387921136,0.6927919484795486,0.4290418436206026,0.7161042736475429,-0.5929966848647453
0.6780220188574748,-0.5963884612509847,-0.8195327852520604,0.6999600372202331,-0.6603957980561639,0.7071161050241046,0.1337579740614969,0.6917536361682454,-0.832963967174717,0.6968718968369806,-0.6553331029162847,0.6876251102331,0.17796040167502097,0.7038051429258014,-0.7633007510288083
0.683845912234834,-0.8698521931543428,-0.5963110010999261,0.6913859296175404,-0.8429758975438804,0.6960233046368629,-0.1415745648800704,0.6857066136917328,-0.9789364824910681,0.6949563484519921,-0.6569289080810491,0.6893573352083511,0.20353389877845116,0.6982653288852159,-0.7846377479543968
0.6076539271342168,0.9804641596792142,-0.8697209506191494,0.6716866859460081,-0.4531682198802721,0.6855487706954307,-0.5421127619634238,0.6568295663171241,0.2663123418973504,0.6861899902185388,-0.5545834656438999,0.6901432376970327,0.22159698789803176,0.6800204831884172,-0.4459200401295181
0.5507156055662151,0.47419252982658144,0.9802314986570091,0.6528031430208607,0.3616395243068279,0.6903085902773576,-0.8324134247504927,0.6143748610305412,1.1545854557039903,0.6795357438779583,-0.29268665969538044,0.7019636180700867,0.1233567940194125,0.6550007426954348,0.0863754435358146
0.5144997199119163,-0.07070020639347457,0.47405943774934683,0.621489873558716,0.8525400483411172,0.6842504194417143,-0.9783690891666076,0.5579005444536894,0.43208060556987504,0.6741565116544237,-0.03724889380703667,0.7126551011232833,-0.55205594916539,0.6336443947829428,0.6952794351858289
0.5063696465186773,-0.8092116032014082,-0.07072613387433764,0.5901102737709798,0.9355138204712675,0.655320134015483,0.26673598512157054,0.5241238149667097,-0.4184022054619263,0.6615601759858901,0.26133013519572973,0.7155619790035054,-0.628259886893383,0.6056592652601394,0.8756942128027095
0.5536911003358631,0.22131871690078625,-0.8090922869113527,0.569344178876633,0.5542195692978429,0.6127871587533603,1.1549065576957678,0.5251160961115562,-0.35670447021708246,0.6501111227730567,0.3361222420797255,0.7128512152100233,-0.5900969706115622,0.5855505802809435,0.6186331813243542
0.544390941938478,-0.7784444278473961,0.22123535776784287,0.546052022902096,-0.39380958938316196,0.5562087254867977,0.43248511269530676,0.5350843529258494,-0.3651338323429699,0.6343394695978593,0.28187614979456355,0.7004935832718255,-0.7602326677205007,0.5664324374006513,0.2705981943308586
0.5945011408343618,0.2946482686426777,-0.7783311625683179,0.5438552080496419,-0.5288391873268332,0.5223697248387555,-0.41789951957338783,0.5644748331138205,-0.30744816327500935,0.6251416863879126,0.2029595762299479,0.6949274189250558,-0.7815485700821573,0.5536501853629993,-0.43487148968215383
0.6105476676794089,-0.6010498793346689,0.29455048771386116,0.5538485250325825,-0.20985742573089752,0.5233638353643599,-0.3562089066445441,0.5834356124474939,-0.021395699522103212,0.616190497447827,0.05474376276937025,0.6765957910245823,-0.44316573142220766,0.5540641829635324,-0.4139646109552064
0.6572849144171514,0.2059570965120122,-0.6009715024178798,0.5776969042922298,0.15954485661309842,0.5333504697698238,-0.3646372956945075,0.6210839932816017,-0.0902646715413172,0.6112842781362512,-0.076461481681279,0.6514570433198404,0.08860350475150375,0.5693106908884945,0.06865231058318584
0.6138968182981663,0.11789178159114232,0.20587675856422902,0.5956563907936144,-0.21105942240515732,0.5627951345799678,-0.30695828579421564,0.6275521495140426,-0.3287322114631646,0.6077019930985452,-0.11435288871748953,0.6299991132418922,0.696905510835085,0.5835310950987119,-0.03900809873130445
0.5386141530549925,0.9565537570950352,0.1178287635364326,0.5931381972366577,-0.10741999565503792,0.5817908702211845,-0.020938843610600028,0.6035634431743174,0.908689878757728,0.595969104881233,-0.19485999429189174,0.6018808715376828,0.877141923564256,0.5881442067885887,-0.2484312222073884
0.5083745766108815,-0.227846185350659,0.9563257985554872,0.5871226439934634,0.17831570134187252,0.6195086600366315,-0.0897998654744416,0.553904165670149,0.7008768483587552,0.5826197842340936,-0.25648290610440194,0.5816765389424698,0.6203350323654266,0.5816609261372053,-0.001821927787554748
0.49298654343486736,-0.6183648522749763,-0.2278412067755464,0.5701673943433686,0.5429884970955029,0.6259887410351656,-0.32823987697618817,0.5135824728918249,-0.43281246981416005,0.569330488718325,-0.3062604710612048,0.5624674599919637,0.2726441259522143,0.5743066739832462,0.25951337243367545
0.5778654038487963,1.2088839882353184,-0.6182830700052377,0.5647087119806986,0.45987771022635787,0.6019558088447188,0.9090393666537058,0.5266721534624972,0.36879184806586013,0.5617189413021514,-0.5321124595865205,0.5496244087555577,-0.432128103990607,0.5719266557723471,0.2412200654761531
0.5881789393020379,-0.7517978598913949,1.2086064036582496,0.5531664403231676,-0.029841294475624395,0.5522049789340658,0.7012503259533105,0.5532856649977327,0.6242996294527033,0.560320242658679,-0.5579955255296305,0.5500403755491817,-0.41124189459643684,0.5687264380159015,0.18669536396958586
0.6936882741832758,1.7513586147137878,-0.7516898352193387,0.5664934306194721,0.7407004522329346,0.5118089486262224,-0.4323081204211841,0.620216565092582,1.0563947257903958,0.5705885765529792,-0.29238131135509116,0.5653594039864059,0.07089789355990098,0.5739345426677361,0.480607096925258
0.5722306282692767,2.1707165933278443,1.7509743411123955,0.5721081475588654,0.7002145012185013,0.5249227614802582,0.3692036611730821,0.6183374552315772,1.125681007267278,0.5747348252644907,-0.34465985971848334,0.5796474480130964,-0.036656078593111756,0.5679735028211997,0.4119156634224558
0.5738950914553892,-0.9792236641273081,2.170249844175713,0.5830515656962527,0.48143866667106266,0.5515853379868043,0.6246819470338367,0.6135740145296533,1.2584349434152617,0.5795845201165065,-0.4256259540151283,0.5842825021191985,-0.24587215843121873,0.5730210264724428,0.37584840172488
0.6929075336095809,2.106420398959305,-0.9790709113961399,0.6164429240382123,0.344642138537249,0.6186396326471774,1.0567271628077453,0.613313649712951,1.2420185708046008,0.5895830802207259,-0.26032488938535636,0.5777683835319224,0.000493328692514464,0.5994215279079146,0.5742866560760885
0.6538586132338521,0.003793933561646154,2.1059662950036677,0.629135520668079,0.2892793570964233,0.6167570584379487,1.1260054459555284,0.6405353108627322,0.9313286483593767,0.5974450765754498,-0.24362266628503282,0.5703791506377089,0.261570262930125,0.6224369468267509,0.11998781522521476
0.6992837891402125,0.17145642929298363,0.003753355244187769,0.6476925608829849,0.3515875540745584,0.6119848358027925,1.2587440571409385,0.6823504878742669,-0.38255239008083813,0.6049705933720578,-0.11254182156972567,0.5679878117925573,0.24329504142926206,0.6398078615257495,0.2034647027522179
0.8006153235467087,1.6415041004306432,0.1713828766257361,0.6655518132737542,1.1702351407336131,0.611723990974565,1.2423295796175582,0.7182693576360631,1.4581755212155199,0.6186213013838119,0.3019227984861563,0.5647723720959671,0.1888242451093435,0.670200411227526,0.8050518844296263
0.7645465439058419,-0.07456833263631524,1.641141432025834,0.6976729509705533,0.9833398318643819,0.6389958382871745,0.931675522861681,0.7551820578997165,0.5924174349692751,0.6263248592476311,0.49044110902018256,0.5700052492674583,0.4824454057851967,0.6803378624554883,1.0321847738458163
0.8204889654019119,0.44800551602875693,-0.07459349936894297,0.7388597438264913,0.5493618328276673,0.6808881062326773,-0.38205384265398995,0.7956020956995871,-0.2453829037850515,0.6411623604772111,0.7966337013893743,0.5640158555404521,0.41382188323727953,0.7158553369079506,1.0183091822719403
0.8154972788803022,-0.8917349231875727,0.447877574177571,0.759335023134618,0.6098302568091464,0.7168731964296101,1.4584615771173155,0.8005649959293683,-0.1507244548835181,0.6610481779077211,0.9135872500213961,0.5690873879025846,0.3777902790017346,0.750420538699897,0.43920064582710194
0.7813423299678545,-0.12489216843501422,-0.8915993769540996,0.7806277071319773,-0.11567966395038631,0.75385394936557,0.5928034329944797,0.8061661288879068,-0.5022370625105844,0.6806527922788354,0.7983004482595524,0.595613464184277,0.5760323497729606,0.7630726037086343,0.3139402939683216
0.6956578058134315,1.2300687718128516,-0.12490743792880436,0.7800220853385861,-0.07503215866268112,0.7943485060049558,-0.24490019104683647,0.764536882144567,0.9703550578010927,0.6952086945573104,0.4592561145493612,0.6187383566939274,0.12218264597618686,0.7690526717769536,-0.00880301415051137
0.7280114596276352,-0.17225690001914942,1.2297870208033266,0.7678955865901833,0.01294914671601608,0.799320555893814,-0.15025266940839432,0.7353617245299279,0.29762687468971943,0.7059922229656594,0.31687679731183993,0.6361918967153037,0.20557700508801927,0.7731626417155231,-0.170823655513815
0.648441294571972,1.0692927957920018,-0.17226285424407092,0.7485033657808438,0.6375777863359627,0.8049320151645175,-0.5017246988220205,0.6910412999405908,0.17917024045042762,0.7103202808466133,0.201761699301723,0.6667290095710938,0.8065694348746747,0.7513916218623184,0.33018717005283815
0.609910521094727,-0.00983064621529343,1.0690426647535853,0.7133319698868591,0.911608278055377,0.7632260202703581,0.9706974271393211,0.6624459165051296,0.9153070243284722,0.7043033410360272,0.30087190407849984,0.6769146799164897,1.033477772106997,0.7292683729392012,0.875357419377055
0.6173439121878019,-0.8275307393489809,-0.009868544973096357,0.6802358449221253,0.5778326566358931,0.7339970750046811,0.29804690300008485,0.6255400137318109,-0.5337918643711633,0.7075433887096458,0.19352660284944542,0.7126010943947091,1.0196158984689003,0.7002051023114696,0.8144731308514701
0.7059796351512555,1.3076700152612015,-0.8274078202161995,0.6676485585844717,0.019122851710815986,0.6895949407785653,0.17960394325918444,0.6447281538169735,0.6684365202712259,0.7170297346669884,-0.02997670963342589,0.7473307066964413,0.4410798906740929,0.6845367861607741,0.2922220144472999
0.6969329717063119,-0.785110032162883,1.307373002337947,0.6678615403290992,0.023703048994644586,0.66094683857031,0.9156557483487326,0.6737487852095069,0.4981076216505863,0.7173188426681736,-0.03219242099615465,0.7600429516650832,0.31594337594710903,0.6724606268654602,-0.17595633333120514
0.6217646003514867,0.9535484197970997,-0.7849954559527745,0.6501158951734946,-0.20614273903534897,0.6239728956566148,-0.5332758580323582,0.6752230158338803,0.40557132139305474,0.7150138423945379,0.029549875555620518,0.7660514641222298,-0.006480855903848159,0.6618889777216005,-0.11647920656697827
0.5297511911973197,1.396485667929405,0.9533210523202271,0.6302919448721109,0.4971663952529958,0.6431964112141775,0.6688137427401575,0.616453575569622,1.7714051141368161,0.7028379675333905,0.3797849870508728,0.7701809832668729,-0.16834131751976564,0.6335245566099329,0.21112908553633664
0.5816503205543256,0.3416878743110305,1.3961711875434062,0.6255718477865742,0.5822405006993953,0.6722705453714553,0.4985045066927891,0.5780086076156855,0.40194640367295686,0.687111844606254,0.39571756612527503,0.7483064088476,0.33217418975409635,0.6239689995207894,0.2816619395537192
0.586715099473846,-0.8898129716920835,0.3415808420561825,0.6204561385255017,0.6404063884976204,0.673747493904106,0.40597888871993626,0.5663201451750863,-0.12997300306085224,0.6743399444522153,0.41324687463149057,0.7260779299693545,0.8768054631053482,0.6206505095786237,0.3241435087892686
0.6676027510008576,1.1039358662927619,-0.8896778034507226,0.614046324880651,0.38734162790177096,0.6148697056341105,1.7716550111726095,0.6122914925208404,0.4783157675332965,0.6633596171456703,0.17203001507540297,0.696876418946884,0.8159813670951969,0.6278408704106931,0.39622087169132053
0.6169497970380777,0.3089199157950684,1.1036789219672147,0.6006873131813761,-0.06849259337567955,0.576353860101798,0.4023543894561946,0.6240633179312386,0.21032237384249214,0.6490998858477353,-0.1165677488453822,0.6811335759393419,0.2942465679404454,0.6151036748054435,0.10436817801672693
0.5935658387125167,-0.40811343436776415,0.30881932804721207,0.5959774777915859,-0.10379493474262216,0.564643848679451,-0.12950361310959585,0.6263479327267837,0.10014951064906596,0.635613729868688,-0.3593171623322414,0.6689999759984344,-0.17346892097731317,0.6003152912702322,-0.2892452809558562
0.5868563785174314,-0.84656637248992,-0.40807300245349726,0.6055153445824822,-0.48813173391255504,0.6106999493218773,0.47871493732450504,0.5994202756031668,-0.7028901314565258,0.6277995833296427,-0.39183677792951394,0.6583780424605915,-0.11405059555506461,0.5953210909082546,-0.31817098939221405
0.49611288097595924,1.3630935698053943,-0.8464397096002363,0.591228644150886,0.22263434696529316,0.6224934774029385,0.21075248048459527,0.5591230468420354,0.7042043045464796,0.6111445676665642,-0.3362102781274941,0.6298787050547036,0.21323381057280194,0.5905085724739885,-0.03514111265892756
0.4383320968197355,0.4963449325060247,1.3627856566765444,0.5664453034463944,1.0947442157975509,0.6247823041401979,0.10059233552050419,0.5073550125992252,1.448600915858657,0.5960544709533068,0.010717877804938178,0.6202776966465783,0.28369693313718036,0.5700045225038727,0.729469058977951
0.41752454539776074,-0.4758595918734569,0.4962074836937228,0.5246765478519526,1.1524292682206332,0.5978050028829053,-0.7023546046071464,0.4508854845929247,0.2047444377668629,0.5822372606141198,0.33619450462818146,0.6169434221987586,0.32613650348313483,0.5457990063814259,1.261904592333056
0.38232665225472534,-0.09746813692171107,-0.4758058362550144,0.48548913938657945,1.247109433450599,0.5574334816943938,0.7045773980232979,0.41293955020406287,-0.24720579824435818,0.565358260457941,0.6675823390703965,0.6241679842166642,0.3981426079721551,0.5049855268981549,1.2609660093595194
0.4026428367108966,-0.4887799981229829,-0.09748879992705431,0.45360064998890565,0.8423637774023072,0.5055700073172905,1.4488880770419457,0.40103773802787135,-0.6347506483181145,0.5435725334449216,0.671408714804203,0.6113702037250509,0.10657845093310009,0.4743253602494947,1.0234516812985897
0.4006338436871171,-0.9701643138299942,-0.4887237014353929,0.422497245656861,-0.25345633857326977,0.4489963714495419,0.20517518831952777,0.3954049521793819,-0.8705445923749422,0.5222922537346789,0.5910209139672538,0.5965114787611806,-0.28664586685416554,0.4467232370599062,0.5838000190003543
0.37692963255385464,-0.3996924442198256,-0.9700133428102593,0.4025909289017116,-0.8031579420370997,0.41098047950623706,-0.24672287507329138,0.39360513019946486,-0.75741333535257,0.5047081432703202,0.6566439009450951,0.5914935233222783,-0.31554297823874455,0.4166897327564189,-0.33795805483672386
0.39000604827320573,-0.6791484187582114,-0.39965366847006645,0.3945193782213252,-1.0440021499180872,0.3990567250143088,-0.6342229874127453,0.3893909581477868,-0.845836008475544,0.4946716111027973,0.7551006691121429,0.5866581139871028,-0.03279291556974274,0.4015093897182815,-0.9127082553879549
0.31841248065714883,0.8595495965516587,-0.6790546821239986,0.3779654062403285,-0.5429723392732804,0.39341355449802795,-0.8699897116863214,0.3619714146585509,0.11028868206029349,0.47576580162309695,0.9114624105314532,0.5660565358344944,0.7310613334691808,0.384352898812084,-0.5977122431155855
0.342278047374364,-0.39544962807550055,0.8593407159168431,0.3712763771619553,-0.4454606233014232,0.39161041434592264,-0.7568715144068847,0.3504156509034077,0.04942753865135943,0.4582102695666971,0.9251890693803335,0.5417358853850653,1.2629704808742328,0.37358763871225786,-0.6117588096573424
0.26904319050594233,0.9027070031120636,-0.3954116867646123,0.34896219365931797,0.0421351453117351,0.38738847299891727,-0.8452839801175922,0.31007642254589673,0.0820862944533766,0.42958561925056293,0.7737530517329803,0.5007282752553608,1.2620328258194005,0.35738055980799904,-0.07161280793108661
0.20804089133013695,0.5810540922353161,0.9024896346671762,0.3167947845209979,0.6268286839902497,0.3599183785287306,0.110730336477379,0.27326921719191405,1.1696864366852702,0.4002176762949171,0.7993092434515265,0.46992227252394986,1.0247533134260873,0.32953952251075785,0.5304529863732297
0.15726790878439018,0.31207604585959214,0.5808999835883202,0.2801062740950104,1.1858531225276,0.3483413104366393,0.049876218809240216,0.2115712185930781,0.7600930727866169,0.3688826465635088,0.8753874902303591,0.44218885893507226,0.5855363074260388,0.29472198737642175,1.030413726999923
0.16207033902615353,-0.8967113831270161,0.31197483739249704,0.2420358196632587,0.9448739678943779,0.3079277122208165,0.08253120452183564,0.17589743935581767,-0.2573558999805499,0.33837440376910094,0.7400765252542565,0.41201249928871986,-0.3353104814403343,0.26398280029862126,1.1452251105598343
0.09363692807206349,0.7764538438325244,-0.8965748581682172,0.20449318336318298,1.2444807831921965,0.2710526486861376,1.1700057954370724,0.1377455001237662,0.11300938100132013,0.30946847714116715,0.9436341737237616,0.3967599504537626,-0.9094924621575998,0.2215822800308206,1.15927218820929
0.18671631343859835,1.4245153212733208,0.7762613057220413,0.17851083104687318,0.3021934365678257,0.20924090295824768,0.760459714527943,0.14756608424386336,0.478192625054717,0.291397366754655,0.9031299837696737,0.3795218541389522,-0.594807866882774,0.20274095808893522,0.857425220294195
0.1670424778971997,-0.505670447645232,1.424195328267521,0.1614743890860887,-0.31051013558481744,0.17350135513751783,-0.25687180509334623,0.149224215087055,0.5084485846162214,0.27340768013476047,0.8715473462854415,0.3687053887283153,-0.6088405464564176,0.17767060220903547,0.03618369655868348
0.2175634172705131,0.305448615839071,-0.5056108290961355,0.16306486778329063,-0.23712863763417505,0.13527907855816107,0.11345072134403124,0.1905517683508793,-0.3507754626241298,0.26157434215004094,0.7893020229088087,0.35242122032459905,-0.06922855354150917,0.1703055664490036,-0.33436034889726396
0.19469612720945195,-0.42169913372925805,0.30534871079522957,0.16931623264717677,-0.18824957540236015,0.14511776801837722,0.4785918090613524,0.19321291191092996,-0.35686999620353643,0.24663955590008385,0.637182877609216,0.32444775622532274,0.5322420156974694,0.16839637651321157,-0.3866554058613197
0.20331201689491396,-0.7964371509182864,-0.42165602990198564,0.17620453208555167,-0.1355259978798256,0.14677895581037262,0.5088442759094852,0.20530823805530163,-0.8576499348688249,0.23246785146360455,0.41480609483246583,0.289464610349427,1.0317084761851465,0.17498375018367943,-0.3382150052342785
0.1480564474578292,0.42994486431013756,-0.7963203469924667,0.18529383116825132,-0.7257375937289602,0.18818270101950052,-0.35028058348944763,0.18212874660258388,-0.19551442250553025,0.21603012034512775,0.24588323749146487,0.25857921132562706,1.146406352859386,0.17297883046373658,-0.306713381032077
0.07449629055058431,0.9112607092972356,0.42982047446528787,0.16655053165716946,0.10620548512836674,0.19084875069396057,-0.35637441352286753,0.14204397389618198,1.075457537050514,0.1933701282603234,0.06766212625707035,0.21597701160013444,1.160439543035428,0.17024044466761265,-0.12389318322933215
0.13618823108404177,0.5991880880621805,0.9110416585864455,0.16139716976751117,0.1544062763413832,0.2029663759186126,-0.8570965427247206,0.11965923717596164,0.16010434867024623,0.18028273570932513,-0.10437790816588687,0.19704607029585822,0.8588909924742151,0.16301156407940226,-0.0972965472098951
0.14893424858685472,-0.6878361806121472,0.5990304129841897,0.14993453564277764,-0.07148992043215642,0.17974415049290454,-0.1950374665277653,0.1199519701755751,0.17170251382113869,0.16639673426900772,-0.5106951753794505,0.1718564664504602,0.03846137923793442,0.16042088140852792,-0.0904778903344329
0.06718163142164352,1.1266799826359188,-0.68774073534717,0.12863671084247114,0.08028519362785286,0.13958547704551136,1.0757877734787313,0.11751264532490896,0.3237220685618402,0.1518989850897354,-0.5562993053973287,0.1644563986575999,-0.3317163323293359,0.13890627167298444,0.015791575931842574
0.16775210687463762,1.621492191728138,1.1264185652023897,0.12269739603086988,-0.19643416192938895,0.11715947157112755,0.1605402524237467,0.128038706108086,0.6690724969155342,0.14900543421049015,-0.6091183655835888,0.1625381275976035,-0.3839596884178515,0.13505148248466878,-0.09895459702935162
0.12122613981755673,0.20040153519755952,1.6211334590853166,0.11821612362391448,-0.24895715917631378,0.11745274425661482,0.1721370786957176,0.11879848355026629,0.5549088584833,0.14641690507780958,-0.5935294740014133,0.1691568343258047,-0.33556717780698625,0.12330773572604461,-0.4025492817025038
0.09206045993895037,-0.2560841029599585,0.2003222898675455,0.12114973991659757,-0.35369041766976306,0.11500892223902438,0.32413908447286705,0.12709518522672622,0.11216936840108606,0.1413887775250311,-0.5422464023633203,0.1671423781398166,-0.3040966973045289,0.1152965805756763,-0.4072051709900594
0.10950666359912056,-0.5642456284834535,-0.2560735708055048,0.11669331050297731,-0.3663953982536838,0.12555438898708723,0.6694496459680491,0.10767123740964821,-0.7437425836617955,0.14252854601912998,-0.567519010990394,0.1643909671223316,-0.12145724247906597,0.12030539536387172,-0.5295026199568139
0.03438953840694106,0.9522009111402467,-0.564174489895284,0.09756173527193181,-0.08257252123528258,0.11629713105029833,0.5552991864556799,0.07871258382994466,0.15355998371651505,0.1315883977922178,-0.4118220171310764,0.1571277021278087,-0.09488690090213368,0.10574140324093421,-0.18340801148960414
0.02117412350978257,-0.6754934603043297,0.9519738086792419,0.08987743367977209,0.20267972027617834,0.12460912861994358,0.11261080571389111,0.05507309510237636,0.45701520794367956,0.12111209499987373,-0.2541676946458553,0.15452469679030634,-0.08807498520931732,0.08746319743774392,-0.03278109430020924
-0.013560099804892487,-0.1096602519090657,-0.6754004424944311,0.05959416597628019,0.17836992837626792,0.10514937059266,-0.7432023408520517,0.014032246995712393,-0.37623608617153875,0.10451274445888209,-0.16447461112628167,0.13290775211178305,0.018089419034501238,0.07591175304635336,0.3456403514602497
-0.043431191136352756,-0.23753543530779478,-0.10967851707902836,0.032092641815625954,0.32519046142391433,0.07613732851120979,0.15399664294402174,-0.011919753791463431,-0.10064506529188878,0.08741037910625533,-0.01928102260290202,0.129034627492956,-0.09654331151069093,0.045698478122639476,0.3266709312679443
-0.07027251325821415,-0.3172026733491455,-0.23752855113825636,0.004979338335057965,0.47112537283359307,0.052454257754465015,0.45741683664712807,-0.042415782334443,-0.24500159119787046,0.06776146766673834,0.07504527036378923,0.11723502121981194,-0.3998378509709274,0.01830141828224541,0.42421824882285575
-0.09227257247566346,-0.44450281324251456,-0.3171801209446661,-0.0287223893917344,0.05278839413610172,0.011337746275372616,-0.37573826789159065,-0.06866516556049172,-0.3873763070777595,0.05050097553885733,0.26067778544800313,0.10918576074865963,-0.40448913726985347,-0.008070480624143983,0.4973102555607615
-0.08732488816393993,-0.8928919534056601,-0.4444552245929122,-0.049051470542557735,-0.12161050948330179,-0.014662099914405993,-0.10017906092422946,-0.08330302961673022,-0.8579084227458708,0.038878936793392875,0.44011940864631244,0.11421840012777475,-0.5266656783429184,-0.0362305001100087,-0.03076051578383282
-0.06958411940423569,-0.556500092015228,-0.8927561796179032,-0.06421016402931952,-0.5900167327126807,-0.04521435128102797,-0.24451892247794443,-0.08307346099220923,-0.8437581016313777,0.024100313567943312,0.4465407575738175,0.09958513390125001,-0.18091323212423158,-0.05110565708435216,-0.3133104604254691
-0.06397084201541765,-0.8753903028035063,-0.5564304767494193,-0.0726299060282183,-0.9635239513423627,-0.07151212816731216,-0.3868772027834497,-0.07363527484960723,-0.8342767130905232,0.008809415109886457,0.35113445085702333,0.08121998721595056,-0.0304352304146295,-0.06328705720458894,-0.7445745036400273
-0.07128137748471632,-0.8307612059446209,-0.87525797108278,-0.07728152140605553,-1.1566015711618323,-0.086176978755524,-0.8573550007622215,-0.0682850140101121,-1.138925797853118,-0.0011350338621638493,0.3776086155599522,0.06961359800252244,0.34761209356062117,-0.07154504374004973,-1.0690473200921133
-0.07848144274080106,-0.8336660003905838,-0.8306376514727611,-0.07865259957907468,-1.1661705958992905,-0.08594698689568658,-0.8432063131446157,-0.07125213271472396,-1.0140247464879006,-0.018819590832995132,0.10760669670443926,0.039256612651124456,0.328661427256147,-0.07655956381736433,-1.2352359372268287
-0.1098896860058917,-0.19711630086868456,-0.8335418746299113,-0.08159505874919082,-0.9888998373092533,-0.07649140040620821,-0.8337260191244116,-0.0865653517295109,-0.5305327210217353,-0.03541838898628857,-0.05524380930751452,0.011729237801950617,0.42611230583542753,-0.08222745774268672,-1.0710349948393272
-0.13192366353423945,-0.4436109373399721,-0.19711736597051635,-0.08904406992456286,-0.6639437962759509,-0.07113127576522837,-1.1383399355450534,-0.10678860926679659,-0.30006793998285863,-0.05150498643943837,-0.17189341476321698,-0.014768099901796821,0.49913205104494585,-0.08790020424518323,-0.8088880638339269
-0.189922786410897,0.502086110005399,-0.4435635240964906,-0.1091433678967316,-0.024612427029150282,-0.07410386468349184,-1.0134533026143706,-0.143952561026482,0.22745404887745407,-0.07301008668153074,-0.3291180116559162,-0.04306206343888154,-0.02841664951876367,-0.1025785359860264,-0.18597818285809856
-0.16919487973016012,-0.47795383606170655,0.5019475320700083,-0.1267181785579345,-0.021405238658573467,-0.08944531532230328,-0.5300170909147113,-0.1637299191063696,-0.20783434441670776,-0.08763157204183895,-0.38584208948003906,-0.05800797458257766,-0.31068725457517277,-0.11682950808198612,-0.08233683513661155
-0.21845914651897802,0.2724046355874214,-0.47789966856617666,-0.15130021780002717,0.11463618821701145,-0.10970585668624827,-0.2995789144666019,-0.19258815438273347,-0.37738184507902744,-0.10484209523232033,-0.3367692175867626,-0.07024731592982443,-0.7415249338096999,-0.13893162345012916,0.11553053259070993
-0.2424499298623918,-0.3921570793445627,0.2723112293360409,-0.17868668935301846,0.05853866637702016,-0.14693832432834422,0.22788217785858267,-0.2101051383046419,0.08197184765516691,-0.12128102179621386,-0.20781876122008036,-0.07854458184760366,-1.0656769641364154,-0.16342012505034292,0.20552758272518712
-0.276296138422815,-0.13301044062544679,-0.39211978558250804,-0.20648035663233338,0.10378694400709676,-0.1667521441696009,-0.20735596624124625,-0.24582173934669835,-0.2199282588911053,-0.1380054423036102,0.0030717283878317313,-0.08358295365323173,-1.2317012809049115,-0.19172079958702481,0.21134782671042932
-0.3103228356873656,-0.12826452251724998,-0.13302411349057097,-0.23627708122872493,0.1363469934492035,-0.19566358281538998,-0.37688389453398136,-0.2764568483671619,-0.04224826623628828,-0.15524591830492937,0.26608735714130105,-0.0892778071008877,-1.0676626737930321,-0.2203960874160667,0.28625086945142897
-0.2975950198982256,-0.6883147914090862,-0.12827912876680872,-0.25426079633894694,0.14067834826914635,-0.21321286124726715,0.08241677093523345,-0.29484687668503895,-0.6521023210863591,-0.16999222937629038,0.42046705745761814,-0.0949775362071594,-0.8057749111802093,-0.24409812391210198,0.0498585564410013
-0.3518608580113856,0.40392005663492275,-0.6882192520152475,-0.2847701747305894,-0.017411439432639727,-0.24899530981955736,-0.21944848460798727,-0.3200465333029395,-0.24466471880774002,-0.18899127088346065,0.6413969427226166,-0.10972568591171193,-0.1834808625238897,-0.2672660520766981,0.2682665133239289
-0.3364503281119096,-0.6177733049658571,0.40380078511488227,-0.30447738917724115,-0.2698175008515733,-0.27968689807400693,-0.04178900312833028,-0.32875964493717774,-0.2597680102694908,-0.2081576707459154,0.6842976456715453,-0.12404444322129037,-0.07994197856724833,-0.2911947192205537,-0.1163482795484581
-0.38568044663067147,0.27150671295006734,-0.6176916390363162,-0.3284001473965472,-0.27798351201037713,-0.2981108304563899,-0.6515726571237287,-0.3581347623039105,-0.3610966950705719,-0.23126293743182122,0.7393322273697663,-0.14625168802211816,0.11772976998024619,-0.31511850088775967,-0.12255938590007118
-0.44965208722672106,0.6591323923920339,0.271413483294025,-0.35735453883970075,0.22034489168762977,-0.3233569454466611,-0.24418208897597746,-0.3907466135737397,0.7890495215623752,-0.25843761928560033,0.8686141452398717,-0.1708566699789697,0.20763784561965445,-0.3447622075833001,0.19759776162012824
-0.4323546381953384,-0.5681571047714243,0.6589629280080912,-0.37773662899990834,0.2986020232109055,-0.3320861206721994,-0.2592836369310338,-0.42272920671293923,-0.07304572779622577,-0.28385288335192915,0.8066906411782774,-0.19929195759720875,0.2134523354910786,-0.3670889654387633,0.1871692847198216
-0.483006002657779,0.30887812016868654,-0.568085196909323,-0.40870448565391887,0.2837912509177596,-0.36151539433803376,-0.3606006244646193,-0.45518576323009374,-0.3405487477883715,-0.3106501933402778,0.833849720600358,-0.2281036403681522,0.2882813262448515,-0.39179415778831556,0.4307836485157236
-0.5013407734316219,-0.5408809155751563,0.3087775406408177,-0.43367103577134736,0.4021805074444311,-0.39418736918624997,0.7894128206043688,-0.47242313472416636,0.02316075610469431,-0.337181825346491,0.8220997863208087,-0.25191841637390394,0.05212271963543191,-0.42094336856408227,0.33859815971332996
-0.6338322341754113,2.4608487755957738,-0.5408143721483125,-0.4833405866329309,1.1282304332615007,-0.4262289257964194,-0.07258290946452478,-0.5396127737851086,1.7192030546636674,-0.3690635162498766,1.255593506805906,-0.2751965435445163,0.2703147501335097,-0.4612840526470524,1.2561824066295355
-0.6954343649803703,0.5968265573567862,2.4603249658587965,-0.5350765453054138,1.8024989716790973,-0.45874531958879594,-0.3400550492139549,-0.6104543227987017,2.3340761160139882,-0.4068581716562671,1.6053352205579807,-0.29923902817415704,-0.1139197979759577,-0.5126426757071364,1.7655393074983634
-0.6239641841782823,0.8563051624051621,0.596669346723388,-0.5641906352644566,1.696647027663601,-0.47601447009619824,0.023612468469914,-0.6513473197019652,0.13234888685764365,-0.435981647931715,1.6341419247222981,-0.3232766040892192,-0.1201247637924018,-0.5467331181814324,1.5075363392524352
-0.729115147189277,1.7419352906521623,0.8560969198564369,-0.6137563986637794,1.5947356219840898,-0.5433279807367527,1.719458977845509,-0.6831226866003773,0.6774042560409421,-0.4709340692202877,1.859225724055479,-0.353061312042588,0.19971586423631707,-0.5867149460115383,1.807566269137554
-0.8793708537887479,2.9279564347289977,1.7415528703452854,-0.6799583555803814,2.3977241099954543,-0.614300134032511,2.3342610589527863,-0.7444626397254603,3.397029814467672,-0.514247050648747,2.453108916062252,-0.37549426785005435,0.1892976973235618,-0.6506680329473162,2.4798125063751084
-0.7893956575520535,1.3428912247748568,2.927340758464123,-0.7280700813647072,1.5073452426139367,-0.6552685217280498,0.13278799466991506,-0.7996314585275446,1.4757724621097017,-0.5486541841391884,2.570530269890908,-0.4003169712528617,0.43267121472529985,-0.6945021569726999,2.0725377806606624
-0.692592127260197,1.5224410442379974,1.342587284861297,-0.7378843217024321,1.2462598994830107,-0.6871024700527871,0.6777804432847119,-0.7874516004420151,2.1238942772310674,-0.5770229781535127,2.3293857385607732,-0.42960483120048476,0.34057686399139425,-0.7218638365523684,1.101691312751391
-0.6421226653259273,0.3040950258108078,1.5221017920828672,-0.7289800537442466,1.466585952635788,-0.7485555102102331,3.397092051247098,-0.7083330261254137,1.4475856480915603,-0.5978696559353442,2.0710452409472264,-0.47013739706314506,1.257253952340396,-0.7230499202907429,1.0637281295552456
-0.49400440020525643,2.8717527943488883,0.3039953869788634,-0.7072738101282379,2.5703436529310446,-0.8038260388715437,1.4760564866407642,-0.6098246442562325,2.481100506240055,-0.6091852299839391,1.7420165253186253,-0.5217403090890518,1.766107283670034,-0.6942320215225013,2.1112755425212026
-0.49889947121205713,-0.8942754108235228,2.871148171709866,-0.6688225493287895,3.2792917940736475,-0.7916237258616897,2.1241034833209738,-0.5452311613663643,1.786208047744325,-0.6173166494981306,1.510063080663219,-0.5559929038649533,1.508359386938024,-0.6763394391464677,2.6742559531410737
-0.35189605283229664,2.8424380992208427,-0.8941393649498196,-0.5807222449050384,3.4140786957794917,-0.7123592876453227,1.447872926476199,-0.44844510808599736,1.7627748484345647,-0.6102957859229122,1.7609796530773425,-0.5961649065632774,1.8080926958619314,-0.6223719885401795,3.8901466167582215
-0.28196326769843094,0.8158796190086661,2.841839241932067,-0.4959694795795429,3.417755941463021,-0.6136692946075488,2.48126847685138,-0.37773269418258404,2.754581364721714,-0.5994946389483118,2.171110800057738,-0.6604221884431143,2.4796743249880997,-0.5369029206259226,3.8557810914943276
-0.27308954144978503,-0.7896573847269024,0.8156793269917672,-0.4259029940347643,3.0052645931675817,-0.5489567264409912,1.786456235946391,-0.3024286009244674,0.29390643730770344,-0.5844183846233246,2.611810672630266,-0.7044648109092247,2.072802246505098,-0.463036763701994,3.389503509971537
-0.265609472687938,-0.8263033584192729,-0.7895419141844426,-0.3630167161863876,1.8807291196421114,-0.4519922372965262,1.7630257417383612,-0.2736533708672439,-0.9801007474510214,-0.5674881018721669,3.0139939081518965,-0.7319566372103089,1.102915594213589,-0.4019498100851555,2.754096383263058
-0.30562366731448176,0.02917564688529774,-0.8261806806767197,-0.33155284362763343,1.2379805633241376,-0.3811494571858995,2.7547177650154846,-0.2815437454893331,-0.5034316997316347,-0.5439160780434398,3.2376207055980406,-0.7331483625946731,1.0649899428593324,-0.35380804492556067,1.4645784772872361
-0.23722987138516377,0.7754121738602608,0.02913007672103586,-0.28784806121644085,-0.2903303228282092,-0.3057065324485024,0.2943268951011056,-0.2695851042480263,-0.026771116768922142,-0.5110077132656503,3.4434730660040187,-0.7041933905509459,2.1115017107459217,-0.317072187943894,1.0546033170456348
-0.3449355703821843,1.8091116152668252,0.7752198406160472,-0.2866855021298671,-0.3616579602817544,-0.2768782520512158,-0.9795332197251453,-0.2960391218585839,0.7068331881966913,-0.4909678063363295,3.4663832669099537,-0.6862157015232128,2.673925537592283,-0.2950450972226476,-0.2966805493286425
-0.3755882283681736,-0.21698428028440878,1.808715983325374,-0.30232300276820556,0.10942547732474042,-0.2847831734573305,-0.5029191981355161,-0.31937121286050324,1.3683969280762005,-0.4655774119470256,3.233596794821224,-0.6319915529777826,3.8886141256114786,-0.29843465605494207,-0.1224505611906964
-0.40528710726324907,-0.24206373043987447,-0.21698143793096858,-0.3244030069146179,0.49878228259925206,-0.27280248512957883,-0.026313640325399228,-0.37541568254608093,-0.1791751501893532,-0.43152859513278746,2.3604488945958413,-0.5461159486541252,3.8542825754084733,-0.3160781776047701,0.2851930821613871
-0.43684160325930693,-0.19327061153523642,-0.2420559556860287,-0.3530026723452882,0.7245912507448141,-0.299305273666641,0.7072059781981873,-0.406064912533658,-0.1626269776663275,-0.4062080721245483,1.5603450783032702,-0.4718984449453902,3.388465973576861,-0.339505627168123,0.6170330868517806
-0.3588199113507712,1.0285759720742034,-0.19327243297261426,-0.36188765658586436,0.616291733158073,-0.322680379975808,1.3686933479161187,-0.4004729400735049,0.15119423987078245,-0.382236465587792,0.9115800234160658,-0.410520929241113,2.753687034438726,-0.35284092705028336,0.3989217961074766
-0.3797062747800634,-0.4737872442743115,1.0283338488540035,-0.3856844606977014,-0.47933860196043887,-0.37882817388049916,-0.17870008039849908,-0.3919421310122654,0.19279738060197388,-0.36338965281213265,0.21690693070097747,-0.362150176205228,1.465443994743466,-0.3634396732934969,0.3161649719458327
-0.40184930270359337,-0.4407434767545381,-0.47373389622653245,-0.3951903501436344,-0.6519839424704768,-0.40953390913563714,-0.1621538181775852,-0.3802727439877966,-0.49456201556801566,-0.35677104996753023,0.01884775922815191,-0.32523958392156227,1.0558741514852412,-0.3869912144572742,-0.6255561546499975
-0.44520028209586787,0.11691580391838657,-0.4406966274573818,-0.4068171484548586,-0.48700850489338976,-0.4039316272517177,0.15163117219705327,-0.4090792517490261,-0.0649069112670863,-0.3529143603706177,-0.15012865787979116,-0.30310772062481117,-0.2940737844388073,-0.40133574515020404,-0.598090001250565
-0.5492374193936636,1.712647443264686,0.11685297781017644,-0.4308601288921912,0.5878119427725532,-0.39538509069426664,0.1932295103092554,-0.4656152470331043,1.480594488712094,-0.3670874681583568,0.297401880163444,-0.3065134020042536,-0.12001604667125969,-0.42617914326997886,0.2965748645012972
-0.47639336427689194,0.8924309411344563,1.712270783027884,-0.4374661737304035,0.6754096830346977,-0.3836941898557034,-0.4940505378780937,-0.4904745301056607,0.6662870824597937,-0.381051487785885,0.3405836868303586,-0.3242408455398372,0.2872245847234196,-0.4363520731947541,0.35430500441291407
-0.4105051002197661,0.7095296625951368,0.8922155936928984,-0.4460987773453993,0.4103506520140276,-0.4125538056209253,-0.06444503247105801,-0.4789042275314726,1.2492248810307909,-0.3909207086192809,0.22924004152020047,-0.3477797285312047,0.6187365198068996,-0.4325841994360011,0.3740474937148497
-0.5848154675745514,3.560469425595151,0.7093502865299391,-0.4803566836805295,0.8071170878550257,-0.46919403130627774,1.4808779565939199,-0.4907689522624713,1.927422604060431,-0.41384616540946906,0.4177439589789224,-0.3611784582022311,0.40084086215205583,-0.46491661367536047,0.7470822137492358
-0.5746719203201552,-0.7562676690962504,3.5597293523712783,-0.5092219966693579,0.747061201027741,-0.49409914523468135,0.6666645530573682,-0.5235433194364315,2.28529140914914,-0.43316928025556717,0.5340201736283741,-0.37182761772766487,0.31816585452364593,-0.49280968431523997,0.7385054985462132
-0.5351317445402324,0.016711406318658407,-0.7561587653423725,-0.5242425989886615,0.5542802396913806,-0.48250751151961363,1.2495350579555369,-0.5651043635244166,-0.32215683020470354,-0.45456466953438807,0.22492057351034106,-0.3954911825652018,-0.6226242508708295,-0.5118779491621326,0.44167123674226577
-0.5685531163444612,-0.1441814469440892,0.016668287508985448,-0.5274687602734,0.6170725007201717,-0.4943941101915151,1.9276544906156066,-0.5596811227709368,-0.5031040871965744,-0.47062493929625865,0.22617866426436312,-0.40990394348626863,-0.5951852515517424,-0.5295256188825748,0.3231616783731568
-0.71564484635246,2.8447602376485457,-0.14419292279629023,-0.5674292064719156,1.5252682686089678,-0.5272289005600238,2.285481983738709,-0.6066933971203513,2.219546860794077,-0.4950478932090946,0.6808711648674558,-0.43486551003955265,0.2985951146018861,-0.5533329624907408,1.270386231503063
-0.44876119413115856,5.994667350098758,2.8441609236624963,-0.5738188453959867,1.1697374070502693,-0.5688665670596407,-0.3216652547722201,-0.577890164288176,3.5903908156228757,-0.49817021332823064,0.6322000354334805,-0.44508682783734005,0.356268180308946,-0.5493797220535729,1.3922838830419706
-0.36499976665572614,1.1795012895055277,5.993448540748069,-0.5371046172793911,2.199541386333164,-0.5634333279580802,-0.5025916234196722,-0.510008293707466,5.391248653456855,-0.49301051411466196,0.7430362442056577,-0.4413010320641514,0.37599115143762574,-0.5428694290218129,1.725885837147559
-0.22394983823624412,2.6858921483478753,1.1792294836530415,-0.4785260422579963,3.7839550534670265,-0.610532274668981,2.219745024859124,-0.34603566954202486,2.8598188710492956,-0.4833241107168333,1.147463981061899,-0.4737872364864727,0.7486570752080384,-0.4912416129378461,3.182628725345675
-0.17373338511008632,0.29744220457328513,2.6853240791069553,-0.4181642857791909,4.871062469336085,-0.5816759398705096,3.590430731029453,-0.2543181804090099,2.333417227245064,-0.4685310847156878,1.6783409526172397,-0.5018129814266789,0.7400888392707627,-0.4338807027432226,4.154338837511687
-0.18594208465893672,-0.7019648598549777,0.2973438741583104,-0.35425952993823157,4.94882082057766,-0.5136689215043168,5.391080679894065,-0.1946052333394833,-0.3244089171231796,-0.45302457269127805,2.080960102282179,-0.5209719450972925,0.4435480390694312,-0.38392332782826755,4.560431957337138
-0.1746618139575888,-0.7263777299059708,-0.7018666358886017,-0.2639030432290054,2.107201770761577,-0.34939399555168904,2.8599431228456837,-0.17816844519338265,-1.0307357217435624,-0.4335944302104339,2.4418425405618787,-0.5387035565343992,0.3251556437417883,-0.32757064122303026,4.40305607883907
-0.11744398350224122,0.4815421658953317,-0.7262747046361613,-0.20856552366540101,1.1157205829209917,-0.2575074150168483,2.333602246245228,-0.15939680679562554,0.05937725801777006,-0.40258291440124017,2.769826715094292,-0.5626241405489955,1.2714437347742626,-0.24198808190550744,1.985884589348159
-0.1008335525227851,-0.58622212124467,0.48140762835786166,-0.16444374980742985,-0.09159584970765762,-0.19768438048175138,-0.3239170817123577,-0.1310144373941117,0.13236542614342875,-0.3756101119651241,3.08849112974016,-0.5586520963947397,1.393220873674372,-0.19221125964503738,1.0237550464441536
-0.08079428330249111,-0.49606143459148305,-0.5861466605178117,-0.1405335119216616,-0.12180443252892371,-0.18121728928684938,-1.0301623487741594,-0.0997110784594466,-0.6098806086817979,-0.35193019615032617,3.399449755916921,-0.5521108369418186,1.726493016243069,-0.15155094945833478,-0.010171058797919009
-0.14097652220167856,0.5594907543221206,-0.49600370585654086,-0.1350623698140875,-0.2214568372657524,-0.16241104328392073,0.05982478959142552,-0.1075588134580265,-0.1621072270432836,-0.320053568746877,3.281547568496174,-0.5002374514666303,3.1817957132045946,-0.1396802398316958,-0.33787010568096504
-0.1869908751188408,0.18694873313557805,0.5593408865582385,-0.13523754170595312,-0.213200472010149,-0.13397634782469856,0.13280453204642392,-0.13629093813683654,0.6613889674491537,-0.2922102162017764,3.0166912817936864,-0.44260370223164364,4.152545155921395,-0.14157694375764865,-0.27540571606715825
-0.16649824054032134,-0.4841402737984358,0.18687213358152546,-0.1338740390287751,-0.2595867007885761,-0.1026152776629365,-0.6093558187453635,-0.16487187253250823,-0.43864784352539443,-0.26573486297300136,2.7604681780724385,-0.3924087034333747,4.558236796695773,-0.13879517922672968,-0.3593194967623296
-0.12872164341595024,-0.029661578168529,-0.48408488961004337,-0.13575766507078715,-0.2772483927154272,-0.11047748083464903,-0.16163412755395887,-0.16078506139927537,-0.20169340310753495,-0.23414605327295498,2.3143513548420214,-0.33578797343616373,4.4010165059564645,-0.13222267555011724,-0.457028783453428
-0.18281455264040802,0.39937292251763895,-0.02969557675722125,-0.14945035911840668,-0.2663458717658999,-0.13926257638395823,0.6617670034795236,-0.15939232292350167,-0.2676855610114456,-0.19587804430483186,0.6519430355933747,-0.2497983378836788,1.9862347238220839,-0.141575020152612,-0.34341561807996035
-0.1064681265938282,0.9845251566575852,0.39925454528698784,-0.15373847564187182,-0.5147412656689728,-0.16789620291401058,-0.4381428205035505,-0.13937321524439505,0.15179481569748116,-0.17129446800892087,-0.05335266079204035,-0.19978475054448527,1.0250563786533693,-0.14238113946739525,-0.3694470559654074
-0.09424103577148539,-0.7014812646165803,0.9842916969550654,-0.1459325850582368,-0.26893022448101667,-0.1638018572894822,-0.2012157338353155,-0.12787446983320494,0.46994233511636146,-0.15184850620091045,-0.6706174085368363,-0.15893103826610436,-0.00784754805046213,-0.14430492052869914,-0.46522500103741565
-0.12223014705965783,-0.2870217630527167,-0.7013831357593607,-0.13511606861731254,-0.4382178267534629,-0.1624065511452794,-0.2672002736799853,-0.10767051453042546,-0.7672177445807093,-0.14454297177444334,-0.801710944194622,-0.1470038652219224,-0.3352226192344445,-0.1416229405079139,-0.4381592033350837
-0.1903061470582207,0.7670557868510354,-0.2870051463578826,-0.13909253120494094,-0.26831422685159034,-0.14235053601250436,0.15223167869396534,-0.13562918808509855,0.5212121606370911,-0.14573323180721548,-0.7699378006722186,-0.14890959088196654,-0.2728199842839003,-0.14209724516881556,-0.41779318766609236
-0.1945764495743174,-0.9107035862475629,0.766865097065766,-0.1500917836048615,-0.09044619200882935,-0.13083059138403091,0.47034247152703246,-0.16908948527421838,0.20018035266260184,-0.1463533541199222,-0.750981830091491,-0.1461145947973195,-0.35665080463475457,-0.14611429887002791,-0.2914259386773997
-0.08726047739033746,1.7988638186071872,-0.9105643094282599,-0.1341320768981211,-0.021758577961644095,-0.11058938784041028,-0.766674791825235,-0.15742764529775435,0.934848888997696,-0.14007616761034875,-0.7206658534605755,-0.13951082879258453,-0.4542634922213946,-0.14018259110910325,-0.1348924702807652
-0.05317385963259106,-0.12668892389414013,1.7984702021100976,-0.12523072059671686,0.27961192740187635,-0.13859960632232937,0.5216063785177353,-0.11169616408313283,1.4094360623045359,-0.1354602707560396,-0.5950812931778817,-0.1489076581272398,-0.3407626491296815,-0.1216353388593456,0.022221534293339257
0.021080958483757625,0.9295267012178186,-0.1267038400182471,-0.10596932122329011,1.065027620861303,-0.17212159129434315,0.2006116300880317,-0.03977777862813971,0.7394152098455106,-0.12670433916656604,-0.2463717860363518,-0.14971761177483817,-0.36676835134892266,-0.10338732582985187,0.6954314956310318
-0.03872227183573099,0.5495247916861153,0.9293040581162304,-0.09202160425999872,1.1685645548181711,-0.16043825141760787,0.9351953571274468,-0.023591043343673186,0.15557865081900396,-0.12368271646396028,-0.173872874804722,-0.15165054336351083,-0.46245160671400404,-0.09544444543156867,0.8091733407896949
-0.014989985153814106,-0.39895420270271237,0.5493768839380169,-0.06273981258734439,0.8082089990892073,-0.11462245912623052,1.4097277446337306,-0.010857316143399178,-0.1815066250173932,-0.11463433091511659,-0.05097405368218212,-0.1489558064172748,-0.43541256728519995,-0.08010196084570552,0.9297636027274628
0.04218591248191661,0.4804395499232706,-0.3989155721436466,-0.023195106119062964,-0.018754902018543636,-0.042571484121211756,0.7397842386156878,-0.0038191428187815497,0.2365119416244735,-0.09817479498653532,0.11432474244801537,-0.1494323671237671,-0.4150666862312655,-0.046840114011110476,0.7759438430414622
0.03868392652967633,-0.9309063325128366,0.48030522923838037,-0.002159522417808401,-0.24670257416642047,-0.026354906788231856,0.15601507701388886,0.021994618279328235,-0.11105059158397237,-0.08343855888623268,0.21919464474599035,-0.15346852807193923,-0.28882436869482847,-0.013468346743454337,-0.08364653741782963
0.04520634724952909,-0.8514845419495831,-0.9307630823993324,0.01427221263355509,-0.4301466438544531,-0.013597703544259817,-0.1810312860837512,0.04206915722396353,-1.159391681987696,-0.07094700578735767,0.33471274535161977,-0.14750860594956675,-0.13244565521839594,0.005483230529986148,-0.3325089792303066
0.09792252387254302,0.3631719856505578,-0.8513569117986203,0.027106504036431518,-0.001804164198700258,-0.006546554563581367,0.23693902497282185,0.06065644869723845,-0.09519870123360591,-0.05078439662555948,0.4166003165596115,-0.128873133089501,0.024513020495436473,0.02710007531749854,-0.23135830505147068
0.11209824244498086,-0.6502424473730207,0.36306072809416506,0.05229696469423773,-0.0860385085859295,0.019314797076874637,-0.11058338601425749,0.08513897919528715,0.005514362411748505,-0.03508690369167379,0.5901239740908375,-0.11053832279081102,0.6970574209475681,0.040121608028799965,0.06433299134815985
0.16451305079122108,0.3552475608568225,-0.6501543957049496,0.08227805968317353,0.058817708548047444,0.03942634566888733,-1.1588034571213712,0.12492590592291072,-0.0006927810118343392,-0.016503118531607342,0.8452538751339604,-0.10255766182282913,0.8106868166067634,0.06919779319386811,0.20524873101944036
0.15637772012141787,-0.8090733640569348,0.3551378618049354,0.10135069215300366,0.1449668138082498,0.058047904883255785,-0.0947333255879851,0.1444198030884675,-0.25088852904227166,0.0035065702674247487,0.9346177764436459,-0.08714220020858565,0.9311578584406488,0.09371478692060171,0.0427633043125024
0.14418508869590257,-0.702387368276596,-0.8089540749545093,0.11897178890880965,-0.11885345081836171,0.08257557165183793,0.005968111856475971,0.1551202663718237,-0.9056379182945873,0.027529816994672596,0.7017923124996892,-0.0537221423145728,0.7774901707995567,0.10830746154009156,-0.03312656362412743
0.13520205820957862,-0.786783249398562,-0.7022890612150684,0.13400312219342667,-0.7086281884873963,0.1224358500082327,-0.00023831502156844667,0.14534550703692695,-0.8911765626860114,0.05121459438495228,0.24298585578242127,-0.020191641147373568,-0.0812503860271474,0.12211598179256189,-0.32378341991270193
0.09589406985858341,0.010606079512913124,-0.7866683441151557,0.13366432417726215,-0.6903172638146894,0.14196568634340617,-0.25040518074097307,0.12517515206281488,-0.3428398314244467,0.06436880115470064,0.004608115856885848,-0.0011499200784613611,-0.3298667929966068,0.12936770156807173,-0.721924863311355
0.09152973020980897,-0.908230896707374,0.010564161443935282,0.13022891420852628,-0.5513981100156573,0.1526858771220729,-0.9050789864725546,0.10761541042457004,-0.40220381534516586,0.07476145025734243,-0.19816464552458293,0.02056974593639026,-0.22881612020834416,0.12845310635963672,-0.6840889267441316
0.05722689142275084,-0.12100343070305844,-0.9080921061943822,0.1123096822685764,-0.3299367588024341,0.14289309693015023,-0.8906193002663323,0.08161190722294305,-0.5069598778045559,0.07735746047334376,-0.23921747328499174,0.03365321599277488,0.06658284456759297,0.12060284912109477,-0.3710957530190137
0.052283124956129835,-0.8929949724400479,-0.12101946499876598,0.09492351423495973,-0.3232109834205534,0.12268555566114353,-0.3423458683699552,0.06706833659491032,-0.4997503238778294,0.08389349151676447,-0.45720003263954884,0.06286770298100003,0.20735926959727377,0.10454649601050589,-0.31302650653054986
0.04546817954635585,-0.8437926576862231,-0.8928591783914351,0.07843554223690995,-0.44104757395541516,0.1050934406843198,-0.4017029993802582,0.051707527128177,-1.0632399151283658,0.08823561248144522,-0.6196035669788298,0.08750131258810057,0.04503448214213024,0.08867904592037654,-0.3688107369920411
0.0031547251631713386,0.0896342698625402,-0.8436665403057886,0.0563806303839833,-0.45496233737481623,0.07904199712965539,-0.5064469689195953,0.03367530217258678,-0.3088740134614844,0.08543238255256097,-0.521429203828103,0.10216339774040807,-0.030780358194479166,0.06850231231437265,-0.28346884253053595
0.005278480523663071,-0.9671466587663469,0.08957680924076648,0.04124576329371162,-0.4640040120004506,0.06447161381008158,-0.49923824725552945,0.017999985628123435,-0.40997164720139867,0.08303319481412032,-0.4457459970836696,0.11603759866987146,-0.3211498600976827,0.04991458871753862,-0.4574899982972206
-0.018968988968953784,-0.3854075630825015,-0.9669962812318345,0.022789960702893932,-0.526847534124023,0.04908248498102751,-1.0626627899120495,-0.0034888060838933043,-0.7891965770013128,0.07842410563333906,-0.3017028954791577,0.1233238114870332,-0.7188976857739829,0.033481522241063544,-0.40579066475081593
0.013057853011417821,-0.18085035858297271,-0.38537159675452304,0.015412725386463086,-0.6640008982166685,0.031017015611262858,-0.30838397138217577,-0.00018626724595866332,-0.6698815330424058,0.07232910310830423,-0.24409098182989386,0.12240486597665662,-0.6810991552478076,0.022254818131865323,-0.6810394691684756
-0.01780461997991184,-0.21146723234486983,-0.18085462272385158,0.0037064758100997506,-0.772638934733629,0.015312799875667913,-0.40946993452686475,-0.007884121608859627,-0.6167151526694576,0.06299944606191449,-0.15776900643456046,0.1145172687334965,-0.36841541843812853,0.011520315435381248,-0.714130497222589
-0.02356796962285681,-0.8714441797935244,-0.21146547503473503,-0.00782413332425459,-1.027787378198555,-0.006215608816147043,-0.7886510870345586,-0.009417810000767739,-0.560980768064051,0.04949141872023237,-0.21484541675066804,0.09838454305560415,-0.3104035814078372,0.0006685577662722236,-0.8281297962473427
-0.05773029618811421,-0.1246981743774121,-0.8713126241607354,-0.01799331847996057,-0.7338028450424646,-0.0029069813802037893,-0.6693498166678793,-0.033024554817094265,-0.49227211285956285,0.03411412582796814,-0.24025423416221273,0.08244161892154987,-0.36613266146461293,-0.014095696549481188,-0.8343366178268128
-0.06775984432330484,-0.7592652554924272,-0.1247134820242065,-0.03019238209769426,-0.5920942046707631,-0.010619027594599787,-0.6161895737610811,-0.049683843789222006,-0.4344516080624726,0.018892186134897574,-0.2915765714282842,0.06216891402401576,-0.2808751392348263,-0.024241202392846002,-0.6605179455131883
-0.04463736343023602,-0.41498893656469643,-0.7591557622002513,-0.0344795852019989,-0.5874298917439447,-0.01215554351179891,-0.5604616230692963,-0.056710158344270144,-0.8559668616230521,0.005976072540476418,-0.4591032639616308,0.04349277731359113,-0.45472425109071046,-0.03138249211902829,-0.7271406652761715
-0.0977940127338918,0.3747541357985724,-0.4149471524385742,-0.05299437131195652,-0.5861187045034902,-0.03580580999025626,-0.49176089951339086,-0.07007078358429367,-0.3075227066658898,-0.007934655451411907,-0.4358943989835206,0.02698154642039995,-0.4030760294650945,-0.04265971970430221,-0.46530135146353924
-0.1610792572536945,0.6410837306577456,0.37464060036919067,-0.07692449866047764,0.0011342536267486816,-0.05249581221622844,-0.4339470694492518,-0.10119135379792911,0.8449094277129255,-0.02607709801100306,-0.2669266199607338,0.015701442126908924,-0.6780527124814995,-0.06757292276730029,-0.08266204909160238
-0.20184668699817165,0.04898182923456203,0.640917815922057,-0.10670110456574745,0.4441989563959468,-0.0595350805643755,-0.8554136637709985,-0.1536182137481007,0.6313508965654563,-0.044683829158639374,0.014113851213534555,0.004915880418206452,-0.711111025490975,-0.09390319424578507,0.38137465730077336
-0.21625560985236256,-0.6441103826045809,0.04893236376871869,-0.1331784421890202,0.7156092505048465,-0.07292033760442385,-0.30703282057989234,-0.19312331065108684,-0.23594812245508523,-0.0639703502765447,0.2096805368158105,-0.005987493990222934,-0.8249976204876103,-0.12147035842726601,0.5567832730856349
-0.2100406639426249,-0.8595695369424539,-0.6440235369357865,-0.15694257935612357,0.6594601865793279,-0.10409828205379974,0.8452662783512336,-0.20945117692000045,-1.0150552397729644,-0.0823210612429825,0.2817148425832312,-0.020821974963215945,-0.8311983057679995,-0.14326088380517188,0.5775769998080009
-0.24936191571644983,0.010954838837705915,-0.8594403167074846,-0.19113624196659934,0.1376844626183554,-0.15662179675680082,0.6317324001563779,-0.2252967653684343,-0.5084043298823528,-0.10045687144712748,0.4638135557647777,-0.03101573823605515,-0.6575514771823587,-0.1692420734228833,0.6121795285724436
-0.31358713315252507,0.665800149926861,0.010912852177884798,-0.2271786075297707,0.09464521260937461,-0.19619972570390126,-0.23546649885723744,-0.25775531187817285,0.6254920287342054,-0.12335788197108705,0.732514402484362,-0.03819099573975765,-0.7241083311992739,-0.20771980063815745,0.4466867323264387
-0.2631145882549675,0.3041760917775967,0.6656293741884123,-0.24422083155050175,-0.19800527874503793,-0.21255769421200973,-1.0144836769404681,-0.27545463869785014,-0.04660442387707743,-0.14089248181133973,0.7871992662120242,-0.049521863825886324,-0.4625278816572023,-0.23137165211414157,-0.08801497416437078
-0.2550972630377687,-0.812176296271385,0.30407643700232806,-0.25311489047298114,-0.34986081076466324,-0.22843249576678595,-0.5078912542514964,-0.27736728766774515,-0.12337236129694919,-0.1601514513311205,0.6717801041976111,-0.074553567351883,-0.08026687100339613,-0.2448224878728771,-0.39546393588519746
-0.21533094618446325,0.022657745289633876,-0.8120563969121949,-0.25296045058223104,-0.3444514300473213,-0.26095088322051935,0.6258742086661294,-0.24460038023183836,-0.3462638990351321,-0.17433784296808086,0.5055889984371148,-0.10100907962550716,0.3833110711118949,-0.24675163489243404,-0.45949821595215085
-0.16944315933697804,0.18362070103036932,0.022613457007561386,-0.24617974274914448,-0.005636036316703168,-0.27868284071959704,-0.04614465789926301,-0.21336241817105664,0.28288982217703185,-0.18481463667535664,0.27697804245944396,-0.1287073679226148,0.5585462712903907,-0.24005433709192367,-0.18249817033070564
-0.1910229970738714,-0.4555524617158945,0.18354475600370085,-0.23643581473050923,0.13164193983440536,-0.28059901587079705,-0.12290373331622963,-0.1919946488055972,-0.4421272090495849,-0.19438775279333012,0.09805112872120123,-0.1506015406452533,0.5793194405463402,-0.23733354428810655,-0.10853809348595311
-0.19912035928367272,-0.810071737903845,-0.4555026999209371,-0.21731725663832202,-0.36186734494759176,-0.2477716989931992,-0.34576954071019134,-0.18658867064940682,-0.7195477468949362,-0.20382209882035546,-0.0993884793135804,-0.17670631063884687,0.61388775993925,-0.2301456559873048,-0.06420219199518365
-0.22088323573335567,-0.4507394915872163,-0.8099522524502422,-0.21026365899415964,-0.5985845535357125,-0.21647614627173797,0.28331155171588623,-0.20374313464589855,-0.715834326105824,-0.21648012277560352,-0.4810684704323594,-0.21536705841870332,0.448558576144559,-0.21688282523504074,-0.5447743929814256
-0.26779848786619465,0.21063771645457083,-0.45069067636388105,-0.21238505279706835,-0.4686209647632061,-0.1950689830446492,-0.44162178437376387,-0.22934656459536784,6.736127239892946e-05,-0.2286898879780657,-0.7084537298074826,-0.2391314106977191,-0.08561450397153687,-0.21755293479389928,-0.5120967957375098
-0.2346571036960721,-0.15154367157304954,0.2105564579646083,-0.21561296123369098,-0.42393532000853906,-0.18965303836589797,-0.7190102971094801,-0.2411975151631221,-0.3999764794984862,-0.23397426786551012,-0.8030784607948797,-0.2526462257954861,-0.39275950999506354,-0.21462863083855943,-0.6003151987637796
-0.2600927657950351,-0.3541642515758531,-0.15155369948921046,-0.23075350995823074,-0.5358140933440549,-0.20683912852651778,-0.7152973049934171,-0.2542732825196811,-0.6466100846637226,-0.23815751625070827,-0.8036912437900903,-0.2545845488657673,-0.4567304833455462,-0.2210325518622261,-0.4685800787869303
-0.20589896866311974,0.4020257519521227,-0.35413442990102256,-0.23323813599768406,-0.6339818943126238,-0.2324897612494453,0.0005217395127088169,-0.23363075731448582,-0.29074106696544694,-0.23741369961230385,-0.7930378075425185,-0.24785539514981353,-0.18000429046878996,-0.2262481602939111,-0.6594842346493487
-0.1796238608166112,-0.33209117618098943,0.4019068529868683,-0.22998177674216713,-0.47523236665244767,-0.2443625603638989,-0.39947592065468157,-0.215278028280581,0.21624578908500502,-0.23522915697547592,-0.7423276929904027,-0.24512166080627704,-0.1061173333594364,-0.2246173247075877,-0.588441987905535
-0.20216464213549187,-0.43028462255245337,-0.3320656956398503,-0.22685534531574714,-0.42403079602064214,-0.25746243435326227,-0.646081054718584,-0.19595990161131555,-0.7605385882765485,-0.2318394366273975,-0.7362628407353486,-0.23789958308031495,-0.06182526402141719,-0.2250528598830187,-0.5994103087553584
-0.20720625082867047,-0.8904222286386507,-0.43023983020855516,-0.21673506180828447,-0.6320149304341621,-0.23678185235478616,-0.29025311813274524,-0.1963958598449209,-0.7433415583990574,-0.22419913425186216,-0.9306233379369836,-0.22457366724096509,-0.541922353113847,-0.22309614025157012,-0.5798105424533041
-0.16243307975680205,0.15431207909329944,-0.8902869405741202,-0.20467200498695381,-0.4807275516535595,-0.21839528802175787,0.21667521193482647,-0.19066300220898355,-0.38505747875061813,-0.2169681623728254,-0.9139250305054508,-0.22524696419779827,-0.5092770621811991,-0.2080218703038948,-0.5821948323542236
-0.1361438183397265,-0.3317190105810737,0.1542418982224571,-0.18396970795965503,-0.6184608197055341,-0.19904154623535358,-0.7599964065552398,-0.16864608613568252,0.030345652955447368,-0.20842489532849184,-0.8380626062399764,-0.22230875069530864,-0.5974082491503502,-0.19392791021262368,-0.38045669211795197
-0.11858284938527681,-0.5612278956511032,-0.3316936032341133,-0.16938592751075046,-0.4042819941678708,-0.19947830820649637,-0.7428013618832113,-0.13909156258496674,-0.47446932715082923,-0.201476422091042,-0.6918519315315662,-0.2287431321782102,-0.46580336750648255,-0.173682568610388,-0.49314530546027685
-0.09569401449999729,-0.42113261644004424,-0.5611573505634512,-0.15536773176504878,-0.10780866314930428,-0.19373488140928682,-0.3845586421391987,-0.11683512417523927,-0.5395232172011474,-0.1961797395087661,-0.5166722943761292,-0.23398354882152544,-0.6565187882842616,-0.1579159212976238,-0.2921398725430088
-0.11879440096660789,-0.4155699055462471,-0.42108962403029054,-0.14144300282341346,-0.2745597503438768,-0.1716773747001332,0.030796535904391145,-0.11104936380051111,-0.7947288036991247,-0.19099226312800388,-0.4321377945048251,-0.2323449561125404,-0.5855467765984098,-0.14921325772896749,-0.265291041228005
-0.09424103577148539,-0.37736409044104247,-0.41552800716037747,-0.12257523924914543,-0.7084446183914523,-0.14206836409504292,-0.47396016893788045,-0.10293174822720748,-0.7765449273538373,-0.18345980309316826,-0.31269551925094113,-0.23278256292523983,-0.5965042537504908,-0.13377299507304197,-0.35657661558682985
-0.064386278022809,-0.2379649239380141,-0.37732970603082827,-0.10619919045045646,-0.7226840439316564,-0.1197708934633704,-0.5390065492415258,-0.09249110591417928,-0.2858894504513182,-0.17222015127189125,-0.1744060484164297,-0.23081653609303915,-0.5769238645203247,-0.11334022816570469,-0.6038722880138989
-0.06307625337740426,-0.9885435619941599,-0.23795795530051964,-0.09399524306754771,-0.7418524441540185,-0.11397446639528161,-0.7941826750984469,-0.07390997183099392,-0.636270628556662,-0.15751694764807073,-0.20314044017484373,-0.21567056488865877,-0.5793057972218727,-0.09912558553429339,-0.717452949029178
-0.07270718054866186,-0.7697469222548045,-0.9883889763094089,-0.08633296160344718,-0.8272780730221729,-0.1058418850939609,-0.77600089787905,-0.06672876663061571,-1.0880300730384953,-0.14588566244426268,-0.23247219072880465,-0.20150956641649073,-0.3777671029578505,-0.09004992190052782,-0.8410514497980122
-0.09214353832057455,-0.511914883007248,-0.7696353675228015,-0.08573995122325606,-0.8367730039503263,-0.09538199429450599,-0.28540206168367865,-0.0759853804573526,-0.7389904297208459,-0.13382350565808462,-0.44301143456075287,-0.18116792718655286,-0.49034430806560364,-0.08626733974789415,-0.9451137125837074
-0.0659686606968906,-0.3347267119159906,-0.5118540363588383,-0.07691684954952333,-1.0663298191223074,-0.0767666038220612,-0.6357427921865125,-0.07694995323215023,-0.7832665239100846,-0.12377367488953056,-0.4978016044177156,-0.16532628530156232,-0.28953759673835666,-0.08201463465654837,-0.924457770160336
-0.11307152913148395,0.21557105346418468,-0.33470071304141724,-0.08006197078461458,-0.8847140524488133,-0.06957215927043593,-1.0874500860746998,-0.09041083457241705,-0.4187194633425854,-0.11899386928194912,-0.5680918830101426,-0.1565822272297745,-0.26271530919568614,-0.08119588288149666,-0.9730578555885212
-0.0782887870091419,-0.10838445856228425,0.21548882472992587,-0.08238400639983193,-0.9217893781625798,-0.07884583869527105,-0.7384507354943186,-0.08579049087928402,-0.3885726315360001,-0.11009707345248577,-0.7161573909091598,-0.14106852246088902,-0.3539106351755529,-0.07891364900198665,-1.0006021381586394
-0.06510543873930524,-0.6763366465192858,-0.10840297464379328,-0.08272292656775743,-0.9331974396777152,-0.07981218976736176,-0.7827217185018776,-0.08550261980618597,-0.3757332307977012,-0.09989135651862091,-0.9646806317800886,-0.12053856643127232,-0.6009618217272066,-0.07901653687543952,-1.0032744543365246
-0.0428917457203816,-0.4388853507434525,-0.6762434628791159,-0.07774306993738113,-0.7526951714316271,-0.09329788774093539,-0.41821674083015997,-0.06209875550142414,-0.6267108209701477,-0.09130586711054826,-1.0472329739317814,-0.10625631138852547,-0.7144301925957717,-0.07612880813559726,-0.8847793430612108
-0.051502788430552435,-0.7965646012643651,-0.4388388668857868,-0.07095513915694274,-0.742062734805501,-0.08866902592983626,-0.38807338913936296,-0.053166042324916736,-0.8703565720625794,-0.0852269265362972,-1.1034421540932935,-0.09713747906465203,-0.8379064992017888,-0.07309516800075351,-0.830337577311755
-0.05951653457299369,-0.8122704074003032,-0.7964477722727591,-0.06987748715410279,-0.7321012912689189,-0.08838062413436722,-0.37523547056680245,-0.05130222986550153,-0.9754608257388997,-0.0809847685891534,-1.1478741049555095,-0.0933369049366275,-0.9418658820900513,-0.06842733373807236,-0.8675368760163151
-0.08639106814682597,-0.31632938417534306,-0.8121504895321837,-0.06542124255122937,-1.0005657569608233,-0.06493361220028365,-0.6261840881732534,-0.06580857613696167,-0.6127025719477196,-0.08031662858533824,-1.1585164723388186,-0.08906397171479817,-0.9212303609143159,-0.07134909799073587,-0.8388566510725777
-0.11855030432075028,-0.17736907700560367,-0.31630700352151403,-0.07214583285447043,-0.648118765803197,-0.055984430572585536,-0.8698017130788085,-0.08816787802698878,-0.20178373930596932,-0.08029909750134659,-1.1593465908466563,-0.08824132552022204,-0.9697823984558778,-0.07213292769032274,-0.7903233923667667
-0.13725710284531278,-0.5310985125852946,-0.17737402581359277,-0.0841968039357272,-0.31693423741451715,-0.05411718196740923,-0.9748938336402799,-0.11409314627928038,-0.34122470376561825,-0.08338852252086915,-1.0417815071142662,-0.08594823612082127,-0.997299449704191,-0.08056932372602892,-0.48917011310275293
-0.05863923017697426,1.0442524382408023,-0.5310338930733761,-0.08682699247178413,-0.404509278116787,-0.06865027230316505,-0.6121774562470729,-0.10483834071441459,0.2175365106249891,-0.08297576806396309,-1.0351975613610895,-0.08605161338380027,-0.9999691239290097,-0.07964422529804091,-0.4734248511528116
-0.038864857116374336,-0.5030268316071128,1.04400723191441,-0.08471617012719918,-0.32170182956875026,-0.09105079605541458,-0.20130605960544243,-0.07826448564120973,0.6173405121533564,-0.081236899346882,-0.9941023108780419,-0.08315014906801378,-0.8815911614122174,-0.07906811206547597,-0.45284514964920614
0.017958246182716367,0.47116288610752677,-0.5029677329806119,-0.0717761173372561,0.2445201594563046,-0.11702386042590487,-0.3407309271596166,-0.02650258513221466,0.17000123418656155,-0.07472528504079244,-0.773428857057548,-0.08010207932491609,-0.827203218855977,-0.0691305585040823,-0.015250539887940085
-0.003476123718671503,-0.45937751236393126,0.4710303898733356,-0.057927433320206834,0.4046099045637246,-0.10775199259667292,0.21796578447539203,-0.008106548618162098,-0.23312770783743994,-0.06835716848059077,-0.6964573218086066,-0.07541204235630708,-0.8643657409238118,-0.06111304785846459,0.15212990892476344
-0.029784711630746412,-0.33121082386086387,-0.4593269982924586,-0.04310155780129596,0.16639792581447338,-0.08112914566325997,0.6177236330870325,-0.005078461575367996,-0.40732588356367005,-0.06575842793654561,-0.6734683085396306,-0.07834770407594173,-0.8357138703375674,-0.05301456929525414,0.14542099735666522
-0.06240548804934302,-0.1652329590394307,-0.3311855164594911,-0.030599633466378645,-0.531510556536869,-0.02927181632819296,0.17043599545491592,-0.031878514803995055,-0.203069801537908,-0.06211957981286886,-0.7332057959606765,-0.07913526208706198,-0.7872285934509489,-0.04498212172233798,-0.06960791890678188
-0.07578539497358626,-0.6711681719503035,-0.16524029466981055,-0.033463433472637784,-0.4150912722853733,-0.01084186467285598,-0.23264640982503024,-0.055992530125370275,-0.41648271987733765,-0.06193978555192254,-0.7352870059756057,-0.08761178611569395,-0.48637304573392265,-0.036187573917419544,-0.5476651352664396
-0.06774384684915381,-0.8115393592695425,-0.6710760047991674,-0.03828688244554536,-0.323368837155383,-0.007808195014491431,-0.4068244763130648,-0.06865131028394578,-1.0329662885665816,-0.062129276702109125,-0.73432305699637,-0.08668228742685796,-0.4706433501467635,-0.03749014040436391,-0.5128932472616748
-0.10028361888233527,-0.16736295482749836,-0.811419585177386,-0.05803596674108816,-0.43527883440922305,-0.034657657124808006,-0.20259197337582777,-0.08128307674210854,-0.6609548097590302,-0.06625117581853895,-0.7061784867477339,-0.08610343389291042,-0.45008399451613074,-0.046277113390324295,-0.2940134367937786
-0.1296688216988561,-0.250311786674295,-0.16736987154948813,-0.07911302120501712,-0.4471695606685001,-0.05881612931796288,-0.41598025557202,-0.09925236000373731,-0.1500794768556915,-0.07186508046587912,-0.6246629292312611,-0.07611861203385463,-0.012922007372941698,-0.06739761501188564,-0.30469176020326233
-0.13737172927039426,-0.820443851879874,-0.25030238976702623,-0.09708250332796951,-0.5072926190956506,-0.07149824734702144,-1.0323926581030953,-0.12247217392748463,-0.5654340864780592,-0.07745666060697778,-0.5428273276760045,-0.06806296583733247,0.1542929627835696,-0.08655360310238447,-0.4052850809225222
-0.15911565664228902,-0.4512377541895399,-0.8203223265322996,-0.11323530395173803,-0.38225803270588504,-0.0841533018729032,-0.660424123875231,-0.14209174186545914,-0.722074811694619,-0.08267975928884551,-0.4250787205821422,-0.0599259665966765,0.14759068389974647,-0.10505654076165694,-0.42082090431289637
-0.17283838822843284,-0.6621536589439831,-0.451188840972403,-0.1294453641014991,-0.30911532148690823,-0.10215571350868649,-0.1496077658360937,-0.15648811968320037,-0.6269150786599762,-0.08657874346140038,-0.31333453005721346,-0.05185531242487398,-0.06722564662648847,-0.12085579953429211,-0.3502040766957291
-0.12283303218428986,0.2918914446575046,-0.6620632646860857,-0.138646512648657,-0.7009082035269734,-0.1254183357443884,-0.5649144273973196,-0.15163969073069367,-0.33724998146681273,-0.08554280299043664,-0.3345039657120896,-0.04301893306645715,-0.5448102375014654,-0.1275867446940001,-0.4992634768251338
-0.08034442373285924,0.09423991467689241,0.29179420591600314,-0.13531621296524302,-0.509745546183671,-0.1450740745400391,-0.7215370701876922,-0.12537071188059204,0.407975882141267,-0.08710167558355435,-0.34306802707243417,-0.04432769525338433,-0.5100727263031981,-0.12938946629732007,-0.5984343991825245
-0.08426691250531414,-0.9198492862635835,0.09418154825837238,-0.12773306015089594,-0.3262359864657488,-0.15949699368298914,-0.6263883222838078,-0.0958335047485342,-0.4230738204997703,-0.0903624628985766,-0.37597104828716066,-0.053156463762969654,-0.29140930871249127,-0.12709801068648754,-0.5148648217390858
-0.09280489741697513,-0.7984856429748097,-0.9197082107503624,-0.12028938427032924,-0.2743380271075615,-0.1546396261119487,-0.33675666369820784,-0.08581958966842623,-1.0462310484644388,-0.09831750040794876,-0.5775334564819495,-0.07437742573941145,-0.3020770751266944,-0.12182401463857397,-0.4505525704883041
-0.11219455984867821,-0.5131427286042382,-0.7983684361700198,-0.11245249252892169,-0.4374827875598346,-0.12832221747489717,0.40838317188840556,-0.0964411138098754,-0.7570494501853758,-0.10612568650006823,-0.7568319864974133,-0.0936245299121009,-0.40257094547613737,-0.11822200279055739,-0.4681052592667996
-0.13989462650073353,-0.294622139925372,-0.5130816404742138,-0.10695013406211021,-0.7762643200834342,-0.0987305552132104,-0.42257059532533425,-0.11499208969856523,-0.416290913119859,-0.11403380895378357,-0.8678687121875559,-0.11221547739788638,-0.418091409562628,-0.1154721154961845,-0.5576366594707107
-0.13184193657814258,-0.8112463876850106,-0.2946040284568592,-0.10845482626386663,-0.7277018755527975,-0.08869817836583574,-1.0456558867322394,-0.12801033402736275,-0.759313255984127,-0.11902075257612105,-0.923788121766452,-0.12808988586022055,-0.34754439641794865,-0.10960689283761016,-0.8413464262140102
-0.12381094301190865,-0.8118168894846359,-0.811126671211867,-0.11571472488609767,-0.8240010644289677,-0.09933928446949933,-0.7565076712461781,-0.13188421681881857,-0.9853798991689053,-0.12246995980911445,-0.9693118362527285,-0.1348528469801335,-0.49645643077434215,-0.10974679920787182,-0.8385024688741035
-0.13038757156821174,-0.850059156611151,-0.811697060810336,-0.12341792529737339,-0.9800191855255561,-0.11792446114745961,-0.41578847095649407,-0.12871376212711322,-1.122426166344689,-0.1269690482574168,-1.0527621805946812,-0.1366641432875616,-0.595529308998852,-0.11690630186664486,-0.9208619956763534
-0.150172078993032,-0.5027603503173228,-0.8499318067921403,-0.132999551095645,-1.1009856075033386,-0.13096670605895597,-0.7587712157137768,-0.13482657902271195,-0.7785359010972732,-0.13055205031539074,-1.0502587459470112,-0.13436178829337247,-0.5120423516073488,-0.12633512949051487,-0.984898949578671
-0.18313048398100595,-0.15635507635419973,-0.5027013040999623,-0.1448474659141485,-0.8379912132857414,-0.13484773078460457,-0.9848117620237922,-0.1546087216852091,-0.30784523007620224,-0.13439168067388801,-0.9572526453093398,-0.12906270631122754,-0.44779368188588653,-0.13925770341188443,-0.8650611734089328
-0.18870635953681522,-0.8763737772952438,-0.15636415800659703,-0.15300013696522569,-0.6313851237990685,-0.1316714310067187,-1.121842208735217,-0.1740571288146556,-0.5197709825621843,-0.13807854704502484,-0.8704550709916381,-0.12544356137636395,-0.46532901741092725,-0.1502039859098739,-0.7700017432736926
-0.17073454676561128,-0.550424831165703,-0.8762412521536113,-0.15949608860336104,-0.6599366937963815,-0.13779551756078443,-0.7779916417867538,-0.18091439143544857,-0.9432321045125197,-0.1389130187270734,-0.8522945688013667,-0.12268059415337837,-0.5547719034789411,-0.15461614822746156,-0.7505324370170042
-0.19017279863204087,-0.511865078131592,-0.5503564107274879,-0.17058002981089776,-0.7617387582875779,-0.1576141308055613,-0.30735530675847106,-0.18326289364610437,-0.8840406413750928,-0.1401579805481453,-0.8129093297959081,-0.1167874733719142,-0.8382011839929211,-0.1629613459224033,-0.7219076156923812
-0.20517853255394405,-0.6284173426045344,-0.5118042412783568,-0.1830718235781889,-0.91987412167066,-0.1770983932386787,-0.5192565947779412,-0.18875610669635146,-0.6492927769678838,-0.14607205559946473,-0.7184139920846816,-0.11692804521138953,-0.8353600382970398,-0.17460232973062792,-0.7779117104950224
-0.19033948509690798,-0.6328003333065217,-0.6283335833015248,-0.18978069516645177,-1.1582856862383508,-0.1839682979865098,-0.942668832860622,-0.1952940481676323,-0.9644735538358344,-0.15397192924479583,-0.7685361428948747,-0.12412160227809073,-0.9176381413492846,-0.18317944573698408,-1.0213923638956282
-0.2180048491811307,-0.295534637723359,-0.6327157119963716,-0.19560550838055119,-1.0063230403797316,-0.18632112992244204,-0.8834842027180092,-0.20457560337789135,-0.7740224852582676,-0.16357702231191495,-0.7881686532316209,-0.1335952784281072,-0.9816117858916765,-0.19288404905472806,-1.090076101016907
-0.2308190080513111,-0.686044415576934,-0.2955163467929967,-0.2026392797521734,-0.8351980347633423,-0.19182447032248873,-0.6487634373358135,-0.2131263024550688,-0.5247528733583908,-0.17348923129442134,-0.8025292113168381,-0.14657931899384774,-0.8618924858898678,-0.1997066837138737,-0.9420623526635749
-0.24302673075761633,-0.7019905457545261,-0.6859493227001682,-0.21471372085458132,-0.8355821636167021,-0.1983744652167196,-0.9639078300953183,-0.23069667796922003,-0.8225624180541894,-0.18288563151555393,-0.7781982662937551,-0.1575776678415894,-0.766927035110453,-0.20747811414946954,-0.7921004849341898
-0.25721037898310817,-0.6500339385679808,-0.7018923167364787,-0.2259105234810802,-0.7426639740399311,-0.20767313200729406,-0.7734787469713112,-0.2437711113014916,-0.7972185365969746,-0.19131127908303797,-0.6952398883501941,-0.16201081675315843,-0.747476976947907,-0.21984991683298005,-0.7772219214293651
-0.29728399905439395,0.03073822829809105,-0.6499459279075436,-0.24129423398832178,-0.3791293706155522,-0.21623959525014172,-0.5242379104703714,-0.2659361502179202,-0.2533928054082109,-0.20319337063312468,-0.5524174657616265,-0.17039570865314338,-0.7188804552066591,-0.23517395133877697,-0.4898478343699386
-0.2487328906289972,0.25365226431113636,0.030692350819388606,-0.25104726255839016,-0.6603285398701877,-0.2338423637076059,-0.8220130763729006,-0.2678390656280289,-0.33376802889565654,-0.2121652970947774,-0.6319201489661281,-0.18209206318056237,-0.7748291822383632,-0.24140512495450053,-0.5561129216422457
-0.32024835134323654,0.8574957895751865,0.2535625461072655,-0.2681242559038504,-0.42754359790082525,-0.24694090121325954,-0.7966721205843784,-0.28886124722299855,0.051579460099197894,-0.22580114721228203,-0.5514703418375728,-0.19070997651897478,-1.0180691214359703,-0.2599907438358026,-0.46073687497799587
-0.2381952320647679,1.1345816318153221,0.8572873128646314,-0.26935625329956175,-0.4707914748657933,-0.2691468038464921,-0.2529091680161125,-0.26915606408699233,0.347718630856167,-0.23212299274340786,-0.6529271274711256,-0.2004607400989485,-1.0866849552112987,-0.2628793131243003,-0.5530159369049676
-0.2425347465236072,-0.9088836706248457,1.13431866035659,-0.2692740807280816,-0.4685504350066385,-0.2710532274930047,-0.33327511307967456,-0.2670890796003902,0.4033805666592809,-0.23638942218361186,-0.6934837508389907,-0.20731582684239394,-0.9388175388599965,-0.2645554439108326,-0.599352176028152
-0.24016079181872182,-0.9605677118734783,-0.9087447517301582,-0.2664264113858492,-0.41553302137516746,-0.2921141658200756,0.052027891841727646,-0.24038112633368322,-1.1991357419768367,-0.24008489276636427,-0.7353419307662041,-0.21512422234034853,-0.7890039291172997,-0.264145423791385,-0.5896743744707678
-0.21994030010292195,-0.49129622157057967,-0.9604186282269946,-0.25350825224246276,-0.42278195928898316,-0.27237265398524435,0.3481328766314847,-0.23429339095232585,-0.8260476842879246,-0.24361886264798893,-0.8301465539056679,-0.22755487190687188,-0.7741400751243225,-0.25881332058890333,-0.4710157648487443
-0.20884954667502834,-0.7313610526255352,-0.4912394300148217,-0.24684682550243112,-0.292826642683154,-0.2703018587826306,0.40378838688438357,-0.22305990164790968,-0.7000485298184778,-0.24496023150414956,-0.8673810539835692,-0.24295179568264147,-0.4870500969801748,-0.2461613047920534,-0.485785242383898
-0.226732729145048,-0.5527553490413729,-0.7312570472806901,-0.23122758687890546,-1.0933822801196165,-0.24354466643076703,-1.1985429291016774,-0.2185818519672844,-0.9494886770695852,-0.24650825945635838,-0.8952756741963226,-0.2492126080789193,-0.5532496720754501,-0.24301381664530858,-0.46719481677880265
-0.27396372584656187,0.21894016326576438,-0.5526864702578893,-0.2372017399289477,-0.8021080649746288,-0.2374457076315064,-0.8254979402714875,-0.2365978227202316,-0.052998915162328006,-0.252514173971214,-0.9523965157347863,-0.26788663006266394,-0.4579679177861274,-0.23639203297186723,-0.9280621855393039
-0.2516751492802326,-0.43691630129320264,0.21885727192533005,-0.23872839535202,-0.7752784984461674,-0.22619150813896982,-0.6995133310003419,-0.25087949392845554,-0.417705758912962,-0.2549323835988508,-0.9797171246732501,-0.2707889389252029,-0.5501557491346734,-0.23832055880045186,-0.9024679110637883
-0.29215683500425577,0.04146824145887315,-0.4368702046904508,-0.24741291871725166,-0.49054454441419176,-0.22170520267523164,-0.9489246831661065,-0.2726974138673065,-0.5398130152646637,-0.2593376821331539,-0.9464379687489839,-0.2724730422824941,-0.5964461784955021,-0.24541982193193781,-0.6562693027485265
-0.2940892753518029,-0.9721772527234215,0.04142025369781052,-0.25979748624595617,-0.4191197843077611,-0.23975438787592115,-0.05253841101175225,-0.27940897105351625,-0.4059947851010942,-0.26300500724120984,-0.9113616469212938,-0.27206107188897416,-0.586777944779571,-0.2531351863312485,-0.5059802407080367
-0.3136218789458238,-0.5093841163745672,-0.9720258858169922,-0.2772968518109191,-0.5240855460050031,-0.2540623889349493,-0.41720315342141673,-0.30006724021237924,-0.845791855127199,-0.26705649570189793,-0.8373460548684646,-0.26670360636368506,-0.46823664555673195,-0.2665378906337479,-0.41082188426438315
-0.3350676304195866,-0.45907823595937636,-0.5093237674545482,-0.29539124753314006,-0.6011557396701375,-0.2759205326381255,-0.5392963138510852,-0.314377321895404,-0.5317536452656011,-0.2697701258407894,-0.7441086686479558,-0.25399141084100857,-0.48299152142656265,-0.2845954818373844,-0.45913159854598456
-0.32286124564430074,-0.7020257264107513,-0.4590277807468919,-0.30355824692711003,-0.5917913361030568,-0.2826444633271838,-0.4054935315109733,-0.32397232569531215,-0.8864877954041479,-0.2750940433957673,-0.6853168044046903,-0.25082895156422763,-0.46441947502088393,-0.2983482611734188,-0.6887992289768043
-0.3160377043785169,-0.8435666311939305,-0.7019274904736892,-0.31430825941560925,-0.9903387322970716,-0.3033408183050589,-0.8452398318662593,-0.3247779658364263,-0.9271352244668427,-0.2747916336459672,-0.6938390309740724,-0.24417567116075142,-0.9248312128316158,-0.30436764193171284,-0.7300820296480182
-0.3261218647415911,-0.7578292367537787,-0.843440558266351,-0.31998119289829596,-1.0727221049681395,-0.31767728221676106,-0.5312378742164786,-0.3217946923657219,-1.090855069682042,-0.28110654705746246,-0.6599561399827168,-0.2461133700853452,-0.8992622418259887,-0.315018479865327,-1.066640298831243
-0.32526713300299476,-1.0005154073315294,-0.7577200258848363,-0.3251886051677938,-1.2665517583733465,-0.3272899754743548,-0.8859310742504019,-0.3225970183140012,-1.0746184400994991,-0.28704840836885687,-0.643396032828206,-0.25324640109348284,-0.6533070347869774,-0.3197554573898949,-1.155191450197496
-0.3579028536319798,-0.16484000370719343,-1.000358467132049,-0.3325845363913446,-1.0489662881268005,-0.3280971009027584,-0.9265738110203694,-0.3365583932941313,-0.6008170525937352,-0.29550467358232013,-0.5841494660855191,-0.2609984638752219,-0.5031665542098739,-0.328885048615169,-1.1007766391413025
-0.35099871468412436,-0.8414473295973457,-0.1648474166204893,-0.3352453902766131,-0.9795695876806852,-0.3251083274352926,-1.0902747566038644,-0.3448544351467313,-0.6518524028959899,-0.304917322682278,-0.6324392297707759,-0.2744649185779112,-0.408102274924344,-0.33423242515761314,-1.0825102706235723
-0.381856308534925,-0.21159552847010937,-0.8413216734749189,-0.3450989093276434,-0.7317442856634717,-0.32591213256077795,-1.0740400013592728,-0.3637260434774334,-0.6884345409236915,-0.3173427128909999,-0.7070292262121218,-0.29260840130311805,-0.45636422839124424,-0.3409263219218458,-0.831267148227976
-0.37557049047667673,-0.857705966506788,-0.21159374592784802,-0.3550422404003911,-0.7647007564334442,-0.3398992468899582,-0.6002933089438506,-0.3696179250877942,-0.6843538981017837,-0.32803227925509243,-0.8160048678323353,-0.3064265961826583,-0.6858048006971508,-0.34846725399431766,-0.7763959913651587
-0.4006863604041483,-0.36257312937725517,-0.8575771127820698,-0.3674962093012048,-0.687041816538538,-0.3482105834192848,-0.6513227677836296,-0.38618798075813365,-0.8022590020740346,-0.3371335315167262,-0.7562605113561829,-0.31247460832187185,-0.7270467876268112,-0.3605776488054248,-0.7054057140361369
-0.4248432504398378,-0.3877893336588969,-0.3625416539200642,-0.3841276886507646,-0.6555503684228721,-0.3671169836608592,-0.687900682811152,-0.40052345610900636,-0.3809191600532542,-0.34957050915551846,-0.7534109138388302,-0.3231761073135308,-1.063272322548001,-0.3747013811035884,-0.568587844513937
-0.4859312615364166,0.5833078718214324,-0.3877528989057303,-0.4055113484783384,-0.03638542276294125,-0.3730197276108926,-0.6838205110539851,-0.43732705373940933,0.3219360124924068,-0.3634874383913986,-0.46742373592983694,-0.3279356164262071,-1.1517359288895135,-0.3976870505740378,-0.16748583637553838
-0.48569198163256655,-1.01669860295791,0.5831533199213638,-0.4280081915511638,0.029009634168374883,-0.3896203320235506,-0.8017120041958677,-0.4656751039566358,0.003782277297574644,-0.37724839411932704,-0.3127394663015877,-0.33710863284993703,-1.097374914378104,-0.4159694057266802,0.031239853150249138
-0.5016923376674365,-0.6022639325085215,-1.01653847999325,-0.44802353755132257,0.1166306492805423,-0.40398223641915443,-0.3804208011646127,-0.49130307717057037,-0.9443079694641081,-0.3907556629175338,-0.1547505695320073,-0.34248144436332834,-1.0791266046846706,-0.4375286289385826,0.03813992460844212
-0.5613516890074363,0.5457415197221094,-0.6021853168226871,-0.47905322867038763,0.2684287791092958,-0.4408536855790135,0.32235323458370374,-0.5164546146154633,0.17400882202823514,-0.40700744230315145,0.152532635913466,-0.34920718086586444,-0.8281318707631552,-0.4632084214639866,0.36799689048079864
-0.594459099725503,-0.15243699740243544,0.5455943560338709,-0.5114176891001182,0.3646873596121049,-0.46925399858271144,0.004236226692226905,-0.5527267538119534,0.43400183727173863,-0.4265136701553507,0.42501114819206576,-0.35678398162771235,-0.7733149616058841,-0.4945240690137283,0.48267135386345345
-0.5669639043115178,-0.30000919239109974,-0.15244684962731705,-0.5351550749397737,-0.04261722838138828,-0.49492921981834465,-0.9437445736155908,-0.5744938042992541,-0.6329530481100026,-0.444535254480965,0.4830480450699952,-0.36895197992676054,-0.7023948679558908,-0.5183128306962517,0.20778168042436096
-0.5658670855336511,-0.9941497720471061,-0.29999002144562065,-0.5485061779986312,-0.1908472949773216,-0.5201271269225558,0.1744431206652321,-0.5759996186868934,-0.6882348227838798,-0.46175381800410265,0.47803868861172866,-0.38314289221829423,-0.5657122617655328,-0.5384886303007445,-0.21674445457261754
-0.5443716751236833,-0.45777246313715086,-0.993994083783448,-0.5583070231777462,-0.5452862226908494,-0.5564661378457136,0.4344061226123798,-0.5592962429883787,-0.8143074070377401,-0.4774899626673827,0.35419599614895375,-0.40623789377533615,-0.16500679827600795,-0.5468495011603122,-0.3979049133285717
-0.5402073496940291,-0.9134902347308159,-0.45772226473230604,-0.5647399073236328,-0.9051103168666514,-0.5782733183138424,-0.6324255947175459,-0.5503733489141381,-0.7767191106435024,-0.4905831185418891,0.2446739686553791,-0.4246072095466037,0.033522423500488265,-0.5546488291295246,-0.6880198914501222
-0.5917496331778838,0.3323046760692811,-0.9133504098585842,-0.5698170562801623,-0.7997270766059227,-0.5797819088379428,-0.6877009877265741,-0.5590047752805971,-0.23546151779465235,-0.507873911533067,0.12976571963576228,-0.4462689799069414,0.04041567328649294,-0.5675330195639525,-0.9232778260803143
-0.6220754091986538,-0.22557958294048022,0.3321994892173637,-0.5744296088935484,-0.5527981855462898,-0.5630477386067955,-0.8137590183054827,-0.5849177599019804,0.22921115483019486,-0.5251265092306725,0.08455030818267581,-0.47207091920312694,0.36994653005927786,-0.5762205553198928,-0.6750312484379594
-0.6188017989511905,-0.9369114307155921,-0.22557505014031792,-0.5830877178499537,-0.39232475359333285,-0.5541083941839724,-0.7761750610611954,-0.6111277841584956,-0.6720636953199783,-0.5425954444692942,-0.09692605272313257,-0.5035355206519061,0.4845076219207381,-0.5797031823600873,-0.5613282847835691
-0.6325558527479209,-0.661330047033582,-0.9367669995734519,-0.5942262607387677,-0.2505289507663395,-0.5627557335458465,-0.2349799503698901,-0.6247360225882603,-1.016594162798995,-0.5592483711462434,-0.274993397719261,-0.5274374343553243,0.20988971483240215,-0.5890871989445245,-0.4128100649655527
-0.6991293760312999,0.7275484310627074,-0.661239814756258,-0.6200743212284047,0.10581546513079867,-0.5887164916391874,0.2296390809730217,-0.6504323199582744,0.28643006742339927,-0.5789476713508944,-0.27840355547601187,-0.5477092008087386,-0.21421671753600718,-0.6081525808080088,0.07852257984633237
-0.707762313467997,-0.7959888833567126,0.727365511228394,-0.6480598160604434,-0.048977966348562316,-0.6149748369932959,-0.6715317270391339,-0.6800992654664556,0.22067576742742753,-0.5948796346512253,-0.1727876336801277,-0.5561098404232684,-0.39519807419561287,-0.631528322747604,0.18323160963784368
-0.6057815164385779,1.6585763446688764,-0.79587216759212,-0.6504034601258376,-0.13993624032596544,-0.6286081637255667,-1.0160224223149845,-0.6711704414750326,0.781432701786833,-0.6035044959798042,-0.33533403054330174,-0.5639462661503681,-0.6850262336530881,-0.6409097953659685,-0.20042160696401135
-0.5940009887288318,-0.713223561580659,1.658210318648813,-0.6457143925430281,-0.00016923684137554938,-0.6543518350804675,0.286851388280391,-0.6361117623025321,1.0001755562801709,-0.6101341270806289,-0.4927070062962252,-0.5768917406568593,-0.9200515833717369,-0.6412318891340473,-0.21187863343617339
-0.5590116651213831,-0.1029524354574253,-0.7131231233542169,-0.6357280785382832,0.33597352538684183,-0.6840734749054174,0.2211046788856152,-0.5865057387450591,-0.3922895442250148,-0.6099660659622678,-0.4892021250270632,-0.5856205989599965,-0.672050431705737,-0.6322095741334283,0.06727617374022905
-0.5327561108441811,-0.332605333779385,-0.10297201986032097,-0.6190592488099471,0.7304052557732214,-0.6751281896329493,0.7817968801057911,-0.5621529037794695,-0.15917850739096984,-0.6055345414041949,-0.4117305575044039,-0.5891197912293056,-0.5584598791110855,-0.6198993107022621,0.41027209632317385
-0.5563907557847996,-0.40152167478017,-0.33257975211835966,-0.5952186485121883,0.42533304609474937,-0.6400048758824258,1.000514483174157,-0.5496104770931924,-0.7515619378842989,-0.60477517515303,-0.3991509529366138,-0.5985484431947184,-0.41008849003471115,-0.6090026297818866,0.513599538414378
-0.5775367280669401,-0.46696087604402314,-0.40148253927381716,-0.5734680100043543,-0.6745417303124788,-0.5903073980980478,-0.39178987275222743,-0.5557882969487389,-0.46236225917623114,-0.605613291886236,-0.4092362508889283,-0.6177045101689191,0.08075840470072494,-0.591606783915997,0.14542325757931998
-0.5876519536701283,-0.7570123818358754,-0.4669088705448733,-0.570439960140982,-0.7978907607137196,-0.5659096659700774,-0.15870574598969253,-0.5740952052056072,-0.6972896440515537,-0.6087216926417961,-0.4585544017912633,-0.6411914395875298,0.1853639151764261,-0.5744230039677843,-0.7944366655555356
-0.6406488479673982,0.37055340655433694,-0.7569033316186021,-0.5782312149880028,-0.35882875733991654,-0.5533441159238968,-0.7510207924172458,-0.6021939661332111,-0.04367873706822638,-0.615935426924654,-0.5107200215335993,-0.6506175354864125,-0.19791000731325853,-0.5794113542931062,-0.5232383674049713
-0.6916255946049109,0.3174339861117961,0.3704406972865536,-0.6003807613495404,0.30447633660877244,-0.5595333252781034,-0.46185449858936395,-0.6402408255185936,0.6152976166384373,-0.6231085442055081,-0.41175684974406335,-0.6509411613040054,-0.2093557069347757,-0.5933781740389548,0.09018107569233354
-0.7150882156786543,-0.4060450115108055,0.3173317238932627,-0.6308343752719752,0.5048480174902652,-0.5778739843583917,-0.6967547637160357,-0.6827388333292275,0.10785474223925358,-0.6297887479299062,-0.27033646626040186,-0.6418759313677922,0.0695231172179891,-0.6157075143586936,0.5034858062560015
-0.6945261333016294,-0.482314156390727,-0.40600498639531907,-0.6539061292000378,0.30821690648060324,-0.606024548479909,-0.043219308828351406,-0.7007060685326305,-0.8123951511434526,-0.6352272891319063,-0.20257165530827903,-0.6295071137670742,0.41217994103073075,-0.6388514003049572,0.3558648366833998
-0.6511170926950305,0.11844251313699405,-0.4822591313466613,-0.666195725805585,-0.06400143456222564,-0.6441415514862013,0.6156809734016354,-0.6871971143038247,-0.08879675396537727,-0.6365603621668625,-0.19582540422382563,-0.6185586024284684,0.5154052296960938,-0.6524035745845556,0.03534319635857709
-0.6653928315422494,-0.647612432184175,0.11837938676936345,-0.6791802228740438,-0.6193670213147168,-0.6867179091053988,0.10829667762756862,-0.6706244779921908,-0.47247281457862256,-0.6341373948500744,-0.24752414513166568,-0.6010800126542926,0.14759294188785946,-0.6649728479741915,-0.2877071895165352
-0.6684244912730302,-0.9432734761630488,-0.6475248977638066,-0.6838193878661047,-0.7789502657462307,-0.704718268907133,-0.8118469831598288,-0.6619199870622273,-0.941652756493934,-0.6313121423253787,-0.32036330098403615,-0.5838144974962485,-0.7913378001019311,-0.676528699728888,-0.7650788493680585
-0.6214589254653992,0.21196070551053448,-0.9431277937911028,-0.6720999561503478,-0.49107261988211687,-0.6911844094172985,-0.08833211735322793,-0.6520294503915149,-0.32096045177583504,-0.6324380978806751,-0.32573461137876125,-0.5888265750726049,-0.5204076188685929,-0.67378326289852,-0.6245086621042711
-0.6106526614806268,-0.7388416515152413,0.2118791868269985,-0.65465684019329,-0.5362360680096676,-0.6745812196056465,-0.471963886840802,-0.6337744565760292,-0.15961500125956812,-0.6336340253076974,-0.33784655220607235,-0.6028598284521502,0.09240537451582162,-0.6621987412393463,-0.4431276979770693
-0.6423748386657587,-0.1888614647386107,-0.7387361749535725,-0.6459463863001715,-0.7827082571144969,-0.6658606809776111,-0.9410896671601655,-0.6250873033080357,-0.6908908540967366,-0.6396211899086157,-0.4143457120770828,-0.6252953790074679,0.5053014963566865,-0.6517958861318954,-0.691300339851889
-0.6423360413786862,-1.0219702574137544,-0.18886415332727427,-0.6444797507514651,-0.7926039880469965,-0.655951910001465,-0.32046901445190923,-0.6320494961812622,-0.6116268661240948,-0.6474912487508131,-0.6041855982226989,-0.6485493496021519,0.3578264704701243,-0.6443292274973711,-0.9119475800763212
-0.6000384302776313,0.08921767360009915,-1.0218090976675696,-0.633564077364973,-0.7317576108006587,-0.6376632610726115,-0.1591421894699378,-0.6285098154541371,-0.3884290089690998,-0.6506260359778917,-0.7174443345666638,-0.6621659852407618,0.03762170998818471,-0.6370215772954506,-0.765752043449521
-0.5281038603825493,0.8685161903270731,0.0891602949107267,-0.6101273363567423,-0.19262285707938712,-0.628960092070456,-0.6903567124302133,-0.5904022246391798,0.8252044521612912,-0.6470757546853493,-0.5436663370642839,-0.6747950447892654,-0.28510929603034224,-0.6173801119489531,-0.21322443529880558
-0.4837416466213827,0.1435060303049004,0.8683055462233416,-0.5871254144287795,0.49806541869116344,-0.6359351205213225,-0.6111018746016982,-0.5375134650279805,0.8593432757064233,-0.6396128896625655,-0.21126643548026247,-0.6864058623297667,-0.7620090081643345,-0.5909581665976552,0.24804270825364214
-0.42727876620094646,0.46169089011166453,0.14343797467042074,-0.5564977977763518,1.2416883361525854,-0.6323889139987159,-0.3879297831520876,-0.47990080880614044,0.5622431173493537,-0.6242885954193084,0.2599305508400271,-0.6836473667395633,-0.6215777939159387,-0.5631774728030049,0.9279091811921326
-0.45928708926836265,-0.18133731007815976,0.46156025674434653,-0.5259179740029293,1.0825127695680936,-0.5942110675976974,0.8255635775194428,-0.45695148786546785,-0.24697431712375761,-0.60760198410838,0.41949428717680787,-0.6720077429252489,-0.4403761498850535,-0.5415221161043152,1.0682691747049085
-0.4968850535685024,-0.03435869624767267,-0.18134147844980375,-0.5016243465508187,0.3522894428411023,-0.5412248016702217,0.8596984601178255,-0.4613346092964743,-0.009321565432769232,-0.5919305767896833,0.36251919982981023,-0.6615554062981547,-0.6883034388792205,-0.5207073882487703,0.7271235553122201
-0.49372756096089276,-0.9399647232323022,-0.03439177104948063,-0.4838680102606761,-0.4333934589272668,-0.4835059301028075,0.5626325986632774,-0.4834942470181642,-0.5186808697734187,-0.5775091715921916,0.2956349655191979,-0.6540532322582846,-0.9087325388784122,-0.4994464792794222,0.07477426363179578
-0.5099382228997341,-0.596733976477509,-0.9398196915960859,-0.48083393509844063,-0.5686255905229057,-0.4605142995341077,-0.24649142067460666,-0.5003856108949496,-0.9652695142933463,-0.5673696687914059,0.2514087148284905,-0.6467108229798146,-0.7626815367006108,-0.4865561495903248,-0.5563782122831175
-0.46509404250285014,0.15617925656056283,-0.5966564483736272,-0.4777193605317704,-0.559122554328093,-0.46490550173743084,-0.00886610334549753,-0.4897838040365124,-0.4512451213462733,-0.552984158159379,0.20051563796128125,-0.6269759323627229,-0.2107001782866744,-0.477541549627058,-0.7125977827364015
-0.5207572707951995,0.440664180804325,0.15610870847007094,-0.49333239967013026,-0.7517069423725069,-0.48710599321822085,-0.5181666078305492,-0.4987977911195655,-0.20332476165546778,-0.5423786603409676,0.017893919924627112,-0.6004283101665193,0.2501109390834914,-0.48283724886165524,-0.5750531450161117
-0.5320456591717188,-0.7261642770930746,0.4405376827808392,-0.5054847378411631,-0.7770099904696365,-0.5040284982047736,-0.9647036986680653,-0.5061702766629437,0.02719180010628814,-0.5359569765201105,-0.08113630172285603,-0.5725154765956723,0.9293052702567396,-0.49782589128765053,-0.7411481874743089
-0.54227002701191,-0.7541425062862328,-0.726061293803242,-0.5130650619995485,-0.6383498224596144,-0.4934071457351283,-0.4507386441090838,-0.5319072650268988,-0.8863517897037267,-0.5310457180950616,-0.1712436958754285,-0.5507571154864817,1.0695264985596336,-0.5096979774594118,-0.7712667140914105
-0.5461179204240465,-0.9218107578860529,-0.7540340204902383,-0.521815445163262,-0.5831741466232444,-0.5024377511068667,-0.20284690406108316,-0.5403646465368592,-1.013385422738385,-0.5241325214281575,-0.3787411961176647,-0.5298433816989482,0.7287181486572792,-0.5167415559791128,-0.6894314319877386
-0.4833738019450285,0.626854918454827,-0.9216692966082569,-0.5173785818880758,-0.476246665857753,-0.5098238286480989,0.027643047132398128,-0.5241333405021653,0.0025767617015280088,-0.5127158124383985,-0.668595208933537,-0.50848134452259,0.07701379421367661,-0.5152602789530094,-0.6441595950141323
-0.4727076797710775,-0.7425266552993185,0.626691802113786,-0.5186502327041674,-0.5446726854932361,-0.5356082660153181,-0.8857950842503233,-0.5009353815399908,0.16637791238196836,-0.503570885132639,-0.8694274410593847,-0.49552970155986414,-0.5535147004399384,-0.5099338319957915,-0.5298519177541168
-0.5195097770233282,0.20766232916143695,-0.7424204540042905,-0.5184418728339523,-0.5456745501665161,-0.5440812396496247,-1.0128140526676574,-0.4920619802941587,-0.38488924765628535,-0.5029536558516773,-0.8813660396189288,-0.4864722233578301,-0.7095798263044256,-0.5177189057337609,-0.7045084136842992
-0.5209621331101818,-0.9848009822653969,0.20758165584385263,-0.5165906715664457,-0.5712896478691943,-0.5278200093952775,0.0030308502595220686,-0.5045971030784295,-0.27849596017666695,-0.5056268407804598,-0.872885216871371,-0.49179311175857404,-0.5721711704265663,-0.5177482146871812,-0.7043609266719433
-0.495610575056103,-0.3563757523538006,-0.9846471326375233,-0.5087974804716293,-0.658328801505756,-0.5045792824132032,0.1668130919224483,-0.5122348618087029,-0.7597770272369475,-0.5105344488968439,-1.0301680746616635,-0.5068530481511745,-0.7381020050300162,-0.5125355713407543,-0.7025868652820937
-0.5526613490396677,0.4771494459278448,-0.3563454957409126,-0.5098903820698993,-0.597658220472566,-0.4956895220643275,-0.38439043046527105,-0.5232903945454598,-0.2371894772692332,-0.5172406122897452,-1.0393611371540064,-0.5187816042880604,-0.7681907553300721,-0.5140222223789842,-0.6416451952049951
-0.5986808509863971,0.18708412594467977,0.4770157723109797,-0.5291492852522499,-0.13357621300298525,-0.5082477547429455,-0.2780094249050896,-0.549208376031101,0.6023073812353024,-0.5245516126860726,-0.8476899040624308,-0.5258586858187408,-0.6864363786882249,-0.5215422217673543,-0.25451088245087405
-0.6323818430744375,-0.13682888172525243,0.18700749976278874,-0.5558185069290468,0.12234333190258839,-0.5158995945317248,-0.7592349334293742,-0.5948194628983889,0.17927184275166527,-0.5345097989491392,-0.6060557667510745,-0.5243703630501458,-0.6412092991686636,-0.5428602945263652,0.13437972694585243
-0.5501212443846677,1.1400372657284377,-0.13684180361376777,-0.5609313191212177,0.04471777586105412,-0.5269755093738584,-0.23670771037080526,-0.5939723775730144,0.2278876430435377,-0.5373957539045887,-0.6051453900337451,-0.5190185806742357,-0.5270146308111789,-0.5539355894598387,-0.1256287433910053
-0.5391203306528262,-0.7337233713223725,1.1397732213047576,-0.5639641516440059,-0.023828291564425737,-0.5529412735437327,0.60269223757642,-0.5741098720471352,0.5780183620632239,-0.5427123409910022,-0.6990406186338056,-0.5268406843693766,-0.7014984547091928,-0.5567412045524812,-0.1764905359820329
-0.5173139671235643,-0.44959600662817734,-0.7336189013779598,-0.5675891123903857,-0.1927675107097361,-0.5986364495273941,0.17970553383156862,-0.5357365282763813,-0.6701217858702769,-0.5424650420342031,-0.6965652745151805,-0.5268701327317897,-0.7013511135080878,-0.5562192738744447,-0.16254842478374298
-0.47843069727939175,-0.0005618174597050207,-0.44954741629516626,-0.5551909030241828,0.21352595848322561,-0.597787802505919,0.22831572197105163,-0.5118288478186425,-0.15857454443115732,-0.5386144016582084,-0.6334924336345079,-0.5216326952772575,-0.6995788060225733,-0.5537614072945034,-0.046887546735349596
-0.4530362705087115,-0.3552485271383631,-0.0006015391272778961,-0.5308649411877376,0.43719236444071236,-0.5778886782398748,0.5784060223009382,-0.4831211550260595,-0.0991616289539338,-0.5322056102767493,-0.5282476481855879,-0.5231264176196428,-0.638697385190485,-0.5395083867417341,0.3197750392997041
-0.464308163803528,-0.7265980123084032,-0.3552184922179793,-0.5027928090545306,-0.24532430076514214,-0.5394445889379004,-0.6695900417612387,-0.46544454549593134,-0.8148524045177011,-0.526330012479514,-0.4775808991805061,-0.5306821861303943,-0.2519458080921403,-0.520284144207733,0.291886798686298
-0.4664469702126009,-0.9667508941429928,-0.7264949437154344,-0.488817299677346,-0.4512870584618964,-0.5154928320096736,-0.1581018527506734,-0.4614481592361788,-1.0158573156579114,-0.5251143230636106,-0.45196726420077565,-0.5521016589978454,0.13656032930737724,-0.4965444073041748,-0.38201452146354065
-0.5337098779898425,0.7456756727022934,-0.9666005944439026,-0.48791363086546186,-0.5020901329535674,-0.48673221338949363,-0.0986957958324689,-0.4883515503652722,0.15915291604237586,-0.5294955166557532,-0.48883437515147565,-0.5632296339329286,-0.12319108680017749,-0.4941964890292429,-0.4838711043087707
-0.577422842101623,0.12643412720348837,0.7454891877653379,-0.49795318190095295,0.016122646821429543,-0.46902301506181737,-0.8143039528715579,-0.5260735331513671,0.7578073146806867,-0.5336548479098872,-0.44261416563771044,-0.566048594025274,-0.17400259549515157,-0.4996762988417157,-0.19632398778110421
-0.516662978506113,0.5746792921271446,0.12636942911717103,-0.5043388435643715,0.010344240594556789,-0.46501926101909036,-1.015285660234692,-0.5428197895076159,-0.13681668348572276,-0.5333460815186293,-0.44143501438630095,-0.5655241807669429,-0.16007426799646302,-0.49958316411820025,-0.19761038807663073
-0.5161608844121677,-1.0097879509595222,0.5745264372184262,-0.5148820916805678,-0.1820959954437742,-0.49197225154479707,0.15958892962817084,-0.5369674735782377,0.004701983144984612,-0.534822010030984,-0.45644991484801767,-0.5630546232644423,-0.04452773667619245,-0.5049810934407487,-0.21384392558076046
-0.6452278227415892,2.3708015728256604,-1.009629187119664,-0.5450997949713888,0.4022064319733329,-0.5297637790056233,0.7581742202873146,-0.5595793781603429,1.430500085837887,-0.541470158020271,-0.26102747176639113,-0.5487338077545028,0.3217723528280929,-0.5324772840027703,0.332072021903012
-0.4283979665492012,4.678511759608549,2.370295472761611,-0.5387447448349848,0.7261908141385851,-0.546540908949771,-0.13634650350782443,-0.5301443719193466,2.694204812133814,-0.5292403973898026,-0.1868815783399638,-0.5294181244838241,0.2939116835864511,-0.527339734431245,0.5482104971131789
-0.39191630114330944,-0.06371157548731679,4.677551799886864,-0.5150619883073541,1.380332384372744,-0.5406778036244578,0.005155826369845609,-0.4887107392392242,3.709275833896358,-0.5119701002168776,-0.17340444423870846,-0.5055654687473313,-0.37932339217429917,-0.5166768855409823,0.9773292263919326
-0.3269419398288506,0.6854987538658416,-0.06373887742917093,-0.4732259731980931,1.9765946586185545,-0.5633313957699697,1.4307893365602935,-0.3825673564622311,0.5934596142828624,-0.4959413050657196,0.15339905925010183,-0.5032063825225394,-0.4810792757408912,-0.4870953011074345,1.708213878899192
-0.31916902368893274,-0.8186029891288855,0.6853241039833643,-0.44023998503393247,2.352844100292891,-0.533842122818065,2.69434818222777,-0.34614120590147246,0.17664100069541158,-0.4801443455332505,0.39827398661311436,-0.5087122572291279,-0.19381643919199443,-0.4501478072038436,1.923427521041176
-0.36669705417799453,0.22675061344260664,-0.8184818258256192,-0.4152761215089013,2.2329098750770373,-0.49233210262342547,3.7093020253523807,-0.33773097997661755,-0.34972339173046224,-0.469327000041879,0.47637329171834136,-0.5086186795072621,-0.19510156770342824,-0.4286926933591984,1.9034767064525024
-0.39977421553961423,-0.15323239880562858,0.2266661860131679,-0.3742797791676318,-0.17781564181030832,-0.3859930327036863,0.5938454920000789,-0.36201940913515446,0.19745950655235645,-0.4636778712589644,0.5082116090992919,-0.5140422842567052,-0.21131905611705498,-0.41204164918467656,1.7101290419031412
-0.341671854510969,0.504800738698336,-0.15324209459812513,-0.3597945433645157,-0.4593484656080328,-0.34949972647916433,0.17707499547671332,-0.3695237526003777,-0.21679909306982217,-0.45567965021105183,0.6234718729344298,-0.5416692613460176,0.3340571781682865,-0.3686129310556097,-0.33788816253371035
-0.30037837281439733,0.06281427097859245,0.5046616268742203,-0.34450562465697976,-0.39558702602342555,-0.34107399536653393,-0.3492286340456409,-0.347407505669088,0.540419637688497,-0.44390617038878233,0.7975147616445182,-0.5365072748523766,0.5499819706892092,-0.35029760395559467,-0.4296760908786653
-0.2841299262413333,-0.5957404362965008,0.06276208507267385,-0.33735504339089184,-0.1718212571854461,-0.3654072029481762,0.19789109806914978,-0.30884193702800045,-0.19780728317836418,-0.43081211332020275,0.9625922230978171,-0.5257937077735619,0.9786764569266061,-0.33487697453737936,-0.3777956676499809
-0.2681235568736604,-0.6021058130008297,-0.5956631035931546,-0.32882928792783617,0.07884761994829102,-0.3729253815060117,-0.2163196800140281,-0.28431472571321575,-0.6908829994475998,-0.4117376353143089,1.0220223022589854,-0.4960714175687512,1.708838529162476,-0.32646202888812287,-0.16122874723135075
-0.2734151880254148,-0.8838479329266422,-0.6020272284125161,-0.3132490918874634,0.06714558637485217,-0.35076836081137447,0.5408116382799558,-0.2753229236962577,-0.981263507709573,-0.3899037272766933,0.8769456625067679,-0.4589481817052389,1.9238394029402421,-0.3199161835076603,-0.041103666124524624
-0.26174841337876714,-0.7162146779756252,-0.883713937835388,-0.2901956395393092,-0.5927642533417165,-0.3121316922511181,-0.19733006251538524,-0.26785903788028065,-1.0655108355090972,-0.37159569753529464,0.8181039378191003,-0.43739101591175966,1.9039083124830993,-0.304901539039083,-0.06711545485254948
-0.2687224610198726,-0.8396090930449835,-0.7161136514833468,-0.27801142948332036,-1.0706204622502442,-0.2875592622917401,-0.6903488586878084,-0.2680587630815821,-1.0644663726691412,-0.3538246062193976,0.6691819753214332,-0.42066077050249084,1.7107517987636855,-0.2861524110264419,-0.7178431064597264
-0.2764333960162406,-0.820232772183523,-0.8394837984503679,-0.27401207303726527,-1.2654275355986377,-0.2785508828867358,-0.9806958457559825,-0.26906528842018884,-1.0107394344007117,-0.32733769547902253,-0.38257597347532357,-0.3770254822590667,-0.33524065823550075,-0.27681896704358283,-1.1620338028452846
-0.30290465620532697,-0.3269333855086815,-0.8201112883492023,-0.2771478805152749,-1.0575715816129752,-0.2710732365663269,-1.0649334481403294,-0.28279025415232795,-0.6252856544703363,-0.31832473359913266,-0.5927665160596665,-0.3586230377082833,-0.4269378415553054,-0.2771803938010217,-1.1382878320447731
-0.31337866689779187,-0.7475781922538626,-0.3269089193553637,-0.2847065145251419,-0.86943444129431,-0.27127332998327175,-1.063889105871969,-0.2976824030295971,-0.5847656531926345,-0.3126841404738728,-0.7285160295418142,-0.3431290595632436,-0.3751087092795337,-0.2813649114733436,-0.9637975389605009
-0.3368530062494532,-0.4057368814943829,-0.7474709974680375,-0.2953020748957643,-0.6000510981337001,-0.2722817109633934,-1.010168369779852,-0.31783140165162677,-0.6451177175424149,-0.3133959558175955,-0.7181260537877988,-0.3346740879505241,-0.158755895127321,-0.29119779962739406,-0.7227388233994342
-0.35813209161210613,-0.4634606914629663,-0.40569691697913324,-0.3114003441940135,-0.4395359254755614,-0.28603198019781534,-0.624759086193033,-0.3362488908676981,-0.46295037056087895,-0.3161942933939443,-0.6702791780457128,-0.3280971070429943,-0.03874957422897526,-0.3033179583845388,-0.47286893306962097
-0.3662726416825274,-0.8089361208536738,-0.4634093743485992,-0.32769344596378197,-0.4401616036358302,-0.3009515844094341,-0.5842437624979406,-0.35388820732368875,-0.7249974252268155,-0.31616381197917565,-0.6712500006271097,-0.3130110449282481,-0.06473564671669606,-0.3182718836034091,-0.4183739731919701
-0.3498906109794617,-0.5922278655535965,-0.8088168587430057,-0.3399624737706934,-0.7239808554940119,-0.32113772995354584,-0.6445888598744302,-0.3582360453637839,-0.9799449183082956,-0.312581158648091,-0.8168163015554304,-0.29417273607664784,-0.7148199643018954,-0.3298843342700823,-0.576069861922999
-0.37237938827351574,-0.4316520590594473,-0.5921512236710318,-0.3515663362374276,-0.8349733049421277,-0.339589173861346,-0.46244254208310603,-0.3629872968149337,-0.8547272545609398,-0.31478658163413775,-0.7476932063481068,-0.2847948972630421,-1.1585715169281177,-0.34361100048469234,-0.7600895006865446
-0.3783211242347184,-0.8667535435447532,-0.43160699778045125,-0.3624132056064192,-1.031792393583479,-0.35726101036095087,-0.7244593463367248,-0.367005278020117,-0.7320836969569335,-0.32038445012163125,-0.6580008531071155,-0.2851580431586419,-1.134849022294422,-0.35440057761417093,-0.8748245662392136
-0.3632327859293179,-0.6262452751538213,-0.8666229104240604,-0.36681922958370383,-1.1919589036415703,-0.36161686412450356,-0.9793774085711575,-0.3714546854830564,-1.0014477279109038,-0.3260656378837894,-0.6395180432252624,-0.2893624646257645,-0.960531236927885,-0.3615330365660176,-1.1270485772307965
-0.3457081551499708,-0.5621834014489416,-0.6261619430334776,-0.36474414925290877,-1.1126917738402178,-0.3663768750366449,-0.8541741998077078,-0.36256024479766036,-0.6838140713218942,-0.33163778372020997,-0.6920856837044482,-0.2992421232330531,-0.7197108411502663,-0.3627999125488347,-1.1949260693934727
-0.35963138997312866,-0.656881462282714,-0.562112668441014,-0.3636349089701626,-1.1155268766524071,-0.3704022638374887,-0.7315448000357382,-0.35632750962394033,-0.9411915214204982,-0.33782985355608114,-0.739606209161351,-0.3114199319206667,-0.4700879816652618,-0.3630144120570864,-1.1969545467626785
-0.37571239656429706,-0.6001432405936244,-0.6567921049129776,-0.3679477352258723,-1.1268332264823473,-0.37485987427842404,-1.0008777359140153,-0.36048926532738,-0.7314027999660692,-0.3460147761891448,-0.8336339732035396,-0.326444985972614,-0.41564689757055795,-0.3643649256258284,-1.1660394117134616
-0.39411086017660407,-0.5392061238097056,-0.6000650419863782,-0.3715773859442903,-0.9826186928038724,-0.3659490357014354,-0.6832807465910817,-0.3766308132969824,-0.6499028896124704,-0.35502020332054907,-0.9220641998664032,-0.3381126716396631,-0.5731868821685812,-0.37069136601562863,-1.0844648365007226
-0.40045382638133825,-0.8562032662432527,-0.5391399097658239,-0.37527405125095803,-0.8521369072089171,-0.35970480978655256,-0.9406284853311792,-0.3902444597896077,-0.8102247794201347,-0.3639273825809054,-1.036162435363993,-0.35190462918986515,-0.7570245921420465,-0.37470788022328544,-0.9693990190601309
-0.39664642715965864,-0.922875545362341,-0.8560747080560899,-0.380854890295708,-0.8139190844383474,-0.3638742381499462,-0.7308639816468436,-0.3972256328225242,-1.1619961396715106,-0.37065994072165004,-1.113228497525247,-0.36274552729489906,-0.8716462262599186,-0.37732961887660604,-0.914914492550857
-0.45742687535877335,0.5752205605875177,-0.922733874671733,-0.3995144608427378,-0.4767822143139475,-0.38004554486021647,-0.6493734795496942,-0.41834053736649335,-0.03826812270870993,-0.381005520164636,-0.9701570325558964,-0.3699119120203998,-1.1236208790337743,-0.3908056463225508,-0.4775989167295088
-0.4312700961059485,-0.335202605332172,0.5750675992269929,-0.4114797562604158,-0.5874651519415925,-0.3936842896257137,-0.8096768619817406,-0.4286172831750234,-0.1678359413408408,-0.38778657988292214,-0.9411319613986838,-0.3711848139401527,-1.1914312649348267,-0.4030467016969906,-0.5697985518281744
-0.44843399414145135,-0.5716688042585365,-0.33517651286316713,-0.4236259192109707,-0.6383064943855755,-0.4006783332283077,-1.1614076141495693,-0.44588762986753994,-0.7942541977715769,-0.3942720857871663,-0.8547977775504653,-0.371400333722312,-1.1934577368744164,-0.4157513877159546,-0.6311201205282188
-0.4495429839689422,-0.9938297364798621,-0.5715962057470043,-0.4328843462905281,-0.6911461644691652,-0.4218321654494571,-0.03780931906396912,-0.4432584749270069,-0.9051464537315824,-0.4002525832232185,-0.7886683788105967,-0.37275727105289536,-1.1625731656995364,-0.4263140783077061,-0.7240547256221996
-0.4188441396261838,-0.21576981831571265,-0.9936741111579174,-0.43595594742176924,-0.7952150290378217,-0.4321278575829618,-0.1673621805352888,-0.43911461204835134,-0.6440765250623357,-0.40520484341520596,-0.8300682042277114,-0.37911380336276823,-1.0810792382039076,-0.4298525843297891,-0.8204549277706684
-0.43847160915295186,-0.5068896336851781,-0.21576721481171574,-0.4429417053376102,-1.069692203802644,-0.44943004408225734,-0.7937081239588647,-0.43579231187742073,-0.712032610371204,-0.40995160374618755,-0.8183296672534819,-0.3831494222512661,-0.9661271791919664,-0.4352916589805162,-0.9206010323248364
-0.45587758342254464,-0.5653034530943961,-0.5068297753575507,-0.4426829383008273,-1.0808190946469574,-0.44679604200189615,-0.9045875786436568,-0.4379048020965563,-0.6034608821789664,-0.4155217286260235,-0.7809872549052758,-0.3857836312900082,-0.911696518150816,-0.4437656587005461,-1.1250856931416529
-0.47624658324928465,-0.4873912274251982,-0.5652321064628083,-0.45019503594426225,-0.9173244093746974,-0.4426445394507011,-0.6435477875884201,-0.4570476226642271,-0.589656202881183,-0.4236384086654243,-0.7500075307202172,-0.3993237579000664,-0.47481328908401516,-0.44645813018780506,-0.9964146295144097
-0.4879935459368721,-0.7141061478191427,-0.4873352038685226,-0.4568023820198013,-0.7283739691824643,-0.43931611424954453,-0.711496028124514,-0.4735624169862725,-0.6864333191893988,-0.4338573820889004,-0.7887723880521403,-0.41162303825367863,-0.566921772128628,-0.45457336089262196,-0.8614791814570347
-0.48826985311556304,-1.0157249774060264,-0.7140055360135873,-0.4632706511295421,-0.628064823027979,-0.44143249907957577,-0.602936833328418,-0.48436473422879994,-1.0283059362215006,-0.44309622965307355,-0.8416174885759711,-0.4243881545260987,-0.6281827160014833,-0.46027254151127467,-0.7672301259431408
-0.5454981678884654,0.4818178491452931,-1.015565045925272,-0.48442475825688075,-0.370808531635056,-0.46061061156807087,-0.5891337476270259,-0.5074590587052794,-0.07195608911792724,-0.4552902874916928,-0.7058152505227584,-0.4350010869001882,-0.7210254424222154,-0.47400052274568644,-0.3290003294237356
-0.5567865727527869,-0.7261638435492708,0.48168325738892404,-0.5041860516724688,-0.2619707109878703,-0.47715585275198713,-0.6858996920956077,-0.5304004612924363,0.05970236988143883,-0.4669736990792583,-0.5733288456701321,-0.4385564239415858,-0.8173303396768251,-0.4937354766693763,-0.2503536260291554
-0.5301021305799005,-0.3213278034743418,-0.7260608603447036,-0.5165832414309565,-0.4469571435776887,-0.4879780852689379,-1.0277328437437596,-0.5443508740430627,-0.7904148768147913,-0.4762850736882516,-0.5742646092723601,-0.44402136972830303,-0.9173774359960286,-0.5068447431755359,-0.41475971779214615
-0.5380337078825809,-0.8144310223065712,-0.3213044397764179,-0.5269030983791814,-0.5929980473116627,-0.5111149867036057,-0.07149339657286918,-0.541861592933961,-0.7791886532357379,-0.4864395446155479,-0.616503030185798,-0.45253567630440983,-1.1216599355262438,-0.5185985399878611,-0.58280419217759
-0.5188583087199949,-0.5187767428420849,-0.8143106795081693,-0.5320582166753096,-0.7614594133407074,-0.5340986843204235,0.06014986392455255,-0.529213107834788,-0.9273447185417313,-0.49085156598620505,-0.6028133629797258,-0.4552409546201221,-0.9931160809897331,-0.52469485436852,-0.7448440279147321
-0.5242232015366713,-0.8819215305854475,-0.5187145466648768,-0.5380632446599817,-1.0689566420637837,-0.5480748162100096,-0.7898692462088996,-0.527252576597762,-0.917963655530073,-0.4975274819658651,-0.6398317038661633,-0.4633947856844925,-0.8583140352309875,-0.5298781077571088,-0.8908185150101066
-0.50810177111969,-0.5990803033430308,-0.8817879143616577,-0.5318171947373963,-0.984127868632333,-0.5455809458340598,-0.7786443185722581,-0.5172707420532806,-0.9792697324313397,-0.5018128370807216,-0.6764026910986115,-0.46912107464165614,-0.7641581579058513,-0.5327153926966219,-1.0525717075901904
-0.4687886202240729,0.010741827697951489,-0.5990023137847108,-0.517119532607588,-0.7418540525475575,-0.5329091418444918,-0.9267832809115015,-0.5005732810697351,-0.23973199687696253,-0.5031950636348433,-0.7063134540735914,-0.4829143534665945,-0.32636161197422864,-0.5217408190694153,-0.7277215790427094
-0.5204593143783011,0.3356812116190131,0.010699882931243083,-0.515508962697287,-0.7699548003610284,-0.5309449961498709,-0.9174033008390292,-0.49931808334709754,-0.29555254737378955,-0.5104930916647811,-0.8507476832399168,-0.5027431773423455,-0.2477926616916995,-0.5165436019843961,-0.8734424340426153
-0.579112597179127,0.5192871279016538,0.3355753607004909,-0.5223700727367622,-0.40855021039279177,-0.5209447589821616,-0.9787023006368872,-0.5229990874267043,0.7321649672667684,-0.5205939636583312,-0.8532406106851812,-0.5159147985022452,-0.4120362153606193,-0.5235553624571646,-0.5660210439044553
-0.5933712010482548,-0.6480629933602818,0.5191451670249656,-0.534815422705541,-0.07050402188044362,-0.5042165143704189,-0.23924993647297868,-0.564545437025224,0.12916917713328407,-0.5304687906988561,-0.8157509570757389,-0.5277245026324987,-0.5799145546090202,-0.5314723090639745,-0.2845410479710361
-0.5466814436611914,0.20470837255211677,-0.6479753703275989,-0.5385664606023375,-0.06679733157046897,-0.5029590025510428,-0.29506404310929185,-0.5732901085771961,-0.4068111099679184,-0.5355274405198629,-0.8683076298027024,-0.5338498143313614,-0.7417941916224905,-0.5354528701837946,-0.2833693374598852
-0.5528684159350439,-0.8603050986815743,0.20462828019211676,-0.5460435097980751,-0.1235350654525087,-0.5266836651979991,0.7325348329966576,-0.5645380830397552,-0.35463097306904356,-0.5401867703969211,-0.9054118190041702,-0.5390577220337625,-0.8876243628068118,-0.5395510434106451,-0.2764433975024873
-0.5663776233763855,-0.6677682380405158,-0.8601757337829462,-0.5623430958077568,-0.7086942527150263,-0.5683066101172234,0.1296086520076098,-0.5555361454699058,-0.9114240476840108,-0.5457964905800536,-0.9446761892302953,-0.5419085026116381,-1.0492176400495141,-0.5478883710413273,-0.31299963463875546
-0.5465875157229637,-0.5026130933105282,-0.6676767395577633,-0.5667071004736357,-0.9140275950005939,-0.5770674034447173,-0.4063097621421884,-0.5555048219659843,-0.9099564861148232,-0.5458747278221783,-0.9442587758554787,-0.5308817280670004,-0.7246886706524429,-0.5590187939517,-0.8322744367174935
-0.5245401812492096,-0.44325971885579724,-0.5025540760543495,-0.5575922641860157,-0.7893766446768395,-0.5682992425738637,-0.35413564885864474,-0.5460577970771041,-0.5160103724137094,-0.5435587836767135,-0.9488416835968176,-0.5256597902493914,-0.8702654604915993,-0.5596026296709923,-0.8626993985194318
-0.477072320565428,0.22516845920294645,-0.4432123746868043,-0.5381677025650619,-0.522883376748937,-0.559280708929948,-0.9108644479178182,-0.5162758700449298,0.015564681627832411,-0.5397501690593394,-0.8592082476328465,-0.5327049023895611,-0.5631479987924274,-0.5450040749573484,-0.47190887156953365
-0.4656058888799814,-0.7214826602131328,0.22508434293735563,-0.5246262385091528,-0.21189158606229672,-0.5592493276776598,-0.9093970557622598,-0.4892697592578719,-0.1402359529966214,-0.5345483844389068,-0.7595903634568566,-0.5406595062111447,-0.28194628465238647,-0.5267251270546929,-0.38370001516722924
-0.4819396412967347,-0.5934973344344899,-0.7213805976615482,-0.5127795178189741,-0.22391552273386414,-0.5497848861466905,-0.5154964187500012,-0.4750631429376598,-0.9728409883372894,-0.5318968762331642,-0.7167284564280431,-0.5446590009997708,-0.2807757325386601,-0.5174627379722371,-0.3303889166908778
-0.5116458394257577,-0.24187127249577453,-0.5934204428842178,-0.503638063442459,-0.532956922871162,-0.5199480528165075,0.01601727087520296,-0.48659287279170127,-0.4281412753478618,-0.5309935668460396,-0.7129269825710072,-0.5487766673212509,-0.27385663982802944,-0.5115651644005144,-0.42667339865272413
-0.5323634718825654,-0.4782239949374602,-0.24186353559282403,-0.5012623241840102,-0.6505562396979008,-0.49289215325771146,-0.139765378302161,-0.5088554865811198,-0.3551632998911616,-0.5327360484454003,-0.7183013119024524,-0.5571536517227588,-0.31037673608261357,-0.506698875635923,-0.6268453575315172
-0.5333358152841037,-0.9974228297456349,-0.4781697743095155,-0.5027313953788182,-0.5945484052231904,-0.4786593454587367,-0.9722742986697033,-0.5259953098082444,-0.832050081336236,-0.5373718446239835,-0.7982575040655258,-0.5683370168527615,-0.8291381634090911,-0.5048030000040116,-0.7039949499847515
-0.544127657794613,-0.7392208615948,-0.9972664977664639,-0.5139311638083562,-0.5307127667595066,-0.4902103316533314,-0.4276374651922331,-0.536827490138918,-1.0404626965242278,-0.5390717111458473,-0.7975954073808222,-0.5689236296056965,-0.8595330459405447,-0.5076053135368609,-0.610514715317846
-0.5737997442997409,-0.24276823152889887,-0.7391153104535076,-0.532002001660662,-0.5482308817762748,-0.5125139890496949,-0.3546679142295632,-0.5506458413764225,-0.5151231696413863,-0.5386901406832934,-0.8086994478746808,-0.5542556363903752,-0.4691288693183643,-0.5214437764904782,-0.44555047394823866
-0.590510205643845,-0.5835918407445811,-0.24276031822012323,-0.5501357584829651,-0.6009204786035749,-0.5296854114490593,-0.8314996444099478,-0.569712609734037,-0.4226861685743297,-0.5384846632562655,-0.8169093315779896,-0.5358897440757903,-0.3810072195350243,-0.5393134115283237,-0.4666367169366127
-0.578998650989318,-0.7202961598330141,-0.5835168973176048,-0.5613852119009961,-0.7220336133584837,-0.5405375621100839,-1.0398882006839796,-0.5813415426436823,-0.9668119106031738,-0.5408056934124952,-0.7718384590506768,-0.5265832981375392,-0.32774882643136466,-0.5531993133552399,-0.6800891739707592
-0.579853353606407,-1.000516173076343,-0.7201943306316394,-0.5693171036792041,-0.804225966000869,-0.5543813890164466,-0.5146093183953515,-0.5833603270268869,-1.044679196558247,-0.5427437585882158,-0.734200602956224,-0.520657672564753,-0.4239381179047147,-0.5629575300192114,-0.8203240790615771
-0.582666105303883,-0.9490296236422717,-1.0003592327262627,-0.5775563855561305,-1.0072834834566444,-0.5734833090841697,-0.4221829881499886,-0.5807444417815047,-1.208390192403032,-0.5439136015566692,-0.7075835800112457,-0.5157682371389222,-0.6239121791975136,-0.5701541563966706,-0.9055387240980515
-0.5898811550069122,-0.8332719870453252,-0.948882809203076,-0.585198261576646,-1.3027307051152153,-0.5851336812262451,-0.9662459169254266,-0.5843735873123734,-1.0898886822338818,-0.5470229618838349,-0.6548127741009284,-0.5138633437127271,-0.7009854986393211,-0.5782439054951577,-1.076395517121103
-0.6430150668205281,0.3741562575754655,-0.8331479387756492,-0.5967587967411926,-0.7489073087977763,-0.5871561874632047,-1.0441042139700567,-0.60543703455416,-0.07789711686224614,-0.5555318586883962,-0.48198351170440445,-0.5166789865413026,-0.607597682075742,-0.5923913901851567,-0.8447193763879991
-0.6202841064168363,-0.42528389762194213,0.3740428397313886,-0.6017317162384387,-0.6854945810340908,-0.5845354795421547,-1.207796311204699,-0.6179820518037381,-0.307304220959917,-0.5658173660440715,-0.5088098650829601,-0.5305832725953477,-0.4427965306080633,-0.5990417494963556,-0.8211938363643576
-0.5803852922840202,0.0261417374937787,-0.4252400887755896,-0.6019633169139004,-0.6918505302282298,-0.5881713158068305,-1.0893084807143663,-0.6148153295395572,-0.12353697169820187,-0.5740608523673075,-0.6858322541219054,-0.5485379051351299,-0.46386192693735256,-0.5975932126385631,-0.7977211577347568
-0.5580874844167131,-0.4366735658894266,0.026096764011494314,-0.5983279210652577,-0.556676806783689,-0.6092735958585321,-0.07743373849173935,-0.5864933040544249,-0.13060191345677524,-0.5795298100782511,-0.8604208616026346,-0.5624898557070221,-0.6771033567816361,-0.594601523283467,-0.6970326783830927
-0.6316279185192849,0.910742101685226,-0.436627517025688,-0.6065056589241917,-0.48662634310334385,-0.6218417412440058,-0.30681436009565954,-0.5902762886440055,0.0951037960798369,-0.5881469539098745,-0.8941801788414875,-0.5722944876468535,-0.8171996203297274,-0.6020087338844058,-0.6239539225070224
-0.6670745329062157,-0.0909280564163805,0.9105231529695107,-0.6193987110284762,-0.25036640904988455,-0.61866918077479,-0.12306832471504583,-0.6191857996967818,0.7464865325308825,-0.5978219370183687,-0.8028734474123872,-0.5795253450124196,-0.9023300189380881,-0.6140847600334778,-0.40948443648903904
-0.7089522919403634,0.07817773879236616,-0.09095000566586137,-0.6304117292719649,0.20709023741444607,-0.5902949404826772,-0.13013245090482195,-0.6694968623993377,0.1314928816428172,-0.6104347576161081,-0.6227077856336947,-0.5876535732663686,-1.0730178964592916,-0.6311198619072123,-0.04278949674747508
-0.7322323420333322,-0.4108456827100305,0.07812253133795244,-0.6491096341190415,0.6424693958364152,-0.5940848994254959,0.0955472034227948,-0.7030468701357396,-0.0756906907929029,-0.6239444844997716,-0.433478201898424,-0.6018683509287643,-0.8415707995405175,-0.6438838734996862,0.3480985820088877
-0.7408415251233518,-0.7966134996427576,-0.4108047134417647,-0.6759094792191349,0.6545787892753407,-0.6230477083802995,0.7468547449956555,-0.7276470126854409,-0.6774096349105733,-0.6359414682337033,-0.25522845524688026,-0.6085503428909511,-0.8180685177574705,-0.661131612642785,0.6012743910329673
-0.7439108003124817,-0.9422843844312976,-0.7964966610342589,-0.7069462048973318,-0.09561175131493437,-0.6734515251279143,0.1319320882713517,-0.7393051305431899,-1.057771195920119,-0.6469587384635878,-0.1156361174404719,-0.6070949160203456,-0.7946190451076864,-0.6845266499285796,0.49472179550683537
-0.7728729399300842,-0.26143615762241096,-0.9421388965850062,-0.7305373401744429,-0.38729685886572507,-0.7070633860385912,-0.07522756712969832,-0.7528581367254439,-0.6345560101304432,-0.6608828398433835,0.027436155701262517,-0.6040889965972477,-0.6940301102032701,-0.7152552732532468,-0.09590074682876462
-0.7792232463922771,-0.856010255489696,-0.26142457287404375,-0.7492687293914031,-0.6959064694027532,-0.7317088816897365,-0.6768770495005761,-0.7656578427476051,-0.5926666590547718,-0.675201636907174,0.11563054267566893,-0.6115314398370214,-0.621023602755283,-0.7363712339399163,-0.41172034839485927
-0.8036956086235229,-0.37949404885001375,-0.8558817352621501,-0.7650930209533239,-0.6503289539741951,-0.7433884925856166,-1.0571947020064945,-0.7855951448193655,-0.6855118051900821,-0.691076032779695,0.20192710058669777,-0.6236649059983724,-0.4067661494005661,-0.7559171457610606,-0.5901168944748145
-0.8394583763289618,-0.08261486160161952,-0.37945924553876087,-0.7830022106368281,-0.34852496764754215,-0.7569664852435795,-0.6340283716938839,-0.8078003503986427,-0.17493629221108167,-0.7090007331139273,0.3191422319039962,-0.6407810358898275,-0.04043373817587105,-0.7745882066071951,-0.40303057805188197
-0.8315520163210938,-0.8150941065514731,-0.08263844581539273,-0.7981529284994753,-0.3691794239043347,-0.7697897889487421,-0.5921438562769967,-0.8252511798415776,-0.5940603958474264,-0.7225415054000643,0.42921313946097767,-0.653605759919783,0.3500678938093605,-0.7887975340154331,-0.3827435080958549
-0.8396656310481313,-0.8096443808776622,-0.8149736333436332,-0.8141461659442971,-0.5694171035685285,-0.7897638476564266,-0.6849782844748133,-0.8372466218755504,-1.1098012065068348,-0.7382975430186165,0.4596362168867626,-0.6709355384967101,0.6029934036321005,-0.8029359621464305,-0.43540112445673007
-0.8433364264905231,-0.926467517241718,-0.8095249794727907,-0.8259151729290437,-0.7071203342899444,-0.8120099910042224,-0.1744617117491451,-0.8385398911809938,-1.0586487900455384,-0.7571827612217492,0.3111059469209047,-0.6944418550404637,0.49654615004074365,-0.8171604477306187,-0.6510644012803599
-0.8229451261543944,-0.4868048395299485,-0.9263251401144279,-0.8332177225675004,-1.0450051392931092,-0.8294929929939792,-0.5935374321782698,-0.8356696274133294,-0.8823972474294295,-0.7762049052869463,-0.10989249060418946,-0.7253166400642941,-0.09349248046216732,-0.8243241048127635,-0.8463849461260404
-0.8102146032827835,-0.6882436091609705,-0.4867489312987635,-0.8343065431386001,-1.1145808014481005,-0.8415105499607551,-1.1092187063082888,-0.8258481685265375,-0.669745364845212,-0.7890310469961677,-0.3881931434802047,-0.7465330395067391,-0.40899985079912476,-0.8287579326524189,-1.0825843101089994
-0.8476143517602893,-0.03957074575801292,-0.6881480837666152,-0.8356687767790895,-1.0704249079454726,-0.8428062035521385,-1.0580721948234515,-0.8272747899501635,-0.5857239057625862,-0.8019974632989607,-0.5772759376640098,-0.7661719220950175,-0.5872200272915682,-0.8350412375974264,-1.1541463011450823
-0.8211731711034138,-0.3277243214140362,-0.03960279550085989,-0.833935273260842,-1.0467072719524306,-0.8399306481336813,-0.8818409984838637,-0.826683870549281,-0.5780109934857671,-0.8100571957520531,-0.7267032164522742,-0.7849317924510871,-0.40031867149249123,-0.8324252355853388,-1.1412048887878252
-0.8210907802202769,-1.0208239716228353,-0.32769969970656726,-0.8308328501505969,-1.0553359891926197,-0.8300910822940407,-0.6692136641897863,-0.8303109060975168,-0.7214007749519281,-0.8164390316753467,-0.844621898353903,-0.7992087069886283,-0.3800516581027968,-0.8309285821788761,-1.126814383493353
-0.8515446522366659,-0.22221132170699132,-1.0206630373178172,-0.8322038107836035,-0.9931246235390534,-0.8315203338530822,-0.5852019044483114,-0.8316216000688433,-0.6387539751988273,-0.8243897587852078,-0.939037484741326,-0.8134143850142042,-0.4326572151481695,-0.8326280732673026,-1.0673675550670887
-0.8294031264778552,-0.440782975906451,-0.22220745134611583,-0.8332824439115447,-1.0015564364951512,-0.830928325026499,-0.5774898825412653,-0.8343661619562702,-0.7049417588789142,-0.8305298396758968,-1.1179017904896937,-0.8277065298280538,-0.6481072790816922,-0.8306346835066459,-1.094742342740978
-0.8525436495421529,-0.4145145209077143,-0.44073611884095726,-0.8403523586347789,-1.0404415006546743,-0.8345620474185541,-0.7208631112550321,-0.8448552038117076,-0.8018319644096262,-0.8362518105658966,-1.1979672789265865,-0.8349042610787771,-0.843234722633183,-0.8348692434025854,-1.0361965622832519
-0.8711695340351323,-0.5332261325355516,-0.4144728300853912,-0.8442866105182949,-0.874080798108149,-0.835875157800132,-0.6382258521539812,-0.8513997961185493,-0.5161938045566675,-0.8428554166326433,-1.2502831913172783,-0.8393591785651764,-1.079200570971856,-0.8435898576657501,-0.9866821520304507
-0.8957992609196467,-0.3753561735123398,-0.5331610945825015,-0.8567508670455147,-0.6590164930436231,-0.8386247795929415,-0.7044059951920114,-0.8735418724446296,-0.48802848736483273,-0.8494703246693255,-1.1550819756392805,-0.8456723702551063,-1.150691813111069,-0.8504835084483507,-0.7208494619804374
-0.9031369978400081,-0.8300459486669306,-0.37532218400114503,-0.8704544539012434,-0.6282838220581534,-0.8491331591647503,-0.8012850158281991,-0.8904139658130346,-0.668392040666511,-0.854043739671851,-1.0294960780732207,-0.8430439251441182,-1.1377631951246079,-0.8622097938805601,-0.6208095491904668
-0.916207729433639,-0.6792978818246946,-0.8299225348654311,-0.8812546604242849,-0.48199983876923125,-0.8556898171560977,-0.5156798297177625,-0.905433502243682,-0.9017652998802508,-0.8601237347975486,-0.9055265880504272,-0.8415401528569092,-1.1233869168291368,-0.8758178517315116,-0.6032483320248464
-0.8942789936120078,-0.4463782491452079,-0.6792041157954318,-0.8920904077128926,-0.7911183857908897,-0.8778727148648903,-0.48751776389793494,-0.9049265167836873,-0.8764872446469759,-0.8640460805669956,-0.8678000790129242,-0.8432477276301326,-1.0639988597907653,-0.8819317083518883,-0.6327116237400936
-0.9095166720368634,-0.6223184034937426,-0.44633029165176136,-0.9016061999680396,-1.0199605582076956,-0.8947759138157351,-0.6678604962372809,-0.9070540387273979,-0.86895082499589,-0.8687991628522277,-0.8079627737538082,-0.841244856246058,-1.0913465837119287,-0.8933932803601101,-0.8780873510482741
-0.9410639008830735,-0.1934616999372751,-0.6222358436751538,-0.9132801509997126,-0.9690761585591009,-0.9098231404338684,-0.9012068151088591,-0.9153431846247351,-0.40919648725263674,-0.8772824836843275,-0.7154622769886192,-0.8454995579642672,-1.03285868383192,-0.9060575711220621,-0.9042549623912789
-0.9634056529390084,-0.4355180613299217,-0.19346348379310685,-0.9245719581288833,-0.699465237471781,-0.9093152202897371,-0.8759316779453729,-0.938395848456056,-0.2921488441673597,-0.8882847043374359,-0.6367411101681331,-0.8542616521136275,-0.9833932254019208,-0.9192534783959135,-0.7845261903587903
-0.9521062276936175,-0.7258740646053244,-0.43547223972041404,-0.9327509347353057,-0.6734312323923494,-0.9114466645570011,-0.8683961282899529,-0.9525988016847894,-0.8714057159922955,-0.8957893377873405,-0.5711709067385832,-0.8611880927710355,-0.7178233476255839,-0.9273091242887725,-0.7601309083976869
-0.909622762069011,0.09410468496780981,-0.7257711383918705,-0.9316510952199513,-0.649563281089772,-0.9197510924176036,-0.4086948640616808,-0.9421136717709352,-0.24542055765679985,-0.9021418101978643,-0.6575366158807527,-0.8729701546623961,-0.6178823380853745,-0.9282370204793677,-0.7842548465551683
-0.9191225017022358,-0.773196475041668,0.09404634514505116,-0.9358005268548585,-0.7934857274900969,-0.9428462564010754,-0.29166073282246774,-0.9273459308039746,-0.46616967959265343,-0.9091824736907294,-0.7714945923931491,-0.8866429396843891,-0.6003384826046957,-0.9286540270169127,-0.7893696749406197
-0.9133382940440534,-0.8708957220233021,-0.7730842418826877,-0.9364388247633363,-0.8158098207386894,-0.9570753943552545,-0.8708507358965492,-0.9144174289704021,-1.1039178658450792,-0.9136205089653068,-0.8311181786283212,-0.892785877063205,-0.6297726457929577,-0.9313807761927724,-0.8857405010095114
-0.89820793771326,-0.6251404187111603,-0.8707642742562481,-0.9292809029160976,-0.7065516041475284,-0.9465709339371288,-0.2449378405718649,-0.9106107629007735,-0.8849328893902907,-0.9185620882345055,-0.994160442071631,-0.9043019664125423,-0.8749057853562421,-0.9297628741030883,-0.8258391403506478
-0.9002589596455797,-0.9690591712169295,-0.625057303884032,-0.9187339670389427,-0.8980331778959435,-0.9317759669956512,-0.4656614794815275,-0.9043200655354809,-0.9793371499150558,-0.9219890140990828,-1.1055141674058084,-0.9170264952865929,-0.9010475264067994,-0.9239250501867761,-0.7892154696627521
-0.9417716165118379,0.06857744276106806,-0.9689084175466914,-0.9170078516120719,-1.0147626761074797,-0.9188236300296605,-1.103336044812651,-0.913802135562275,-0.3829992565884334,-0.9270596738518625,-1.1561280916363423,-0.930285169323822,-0.7814371227766184,-0.9208299423044775,-0.9362483811309342
-0.9787194554063843,-0.05145362720150263,0.06852412340642307,-0.9285485730013365,-0.5595960111536106,-0.9150099459473487,-0.8843763477331167,-0.9406514722725734,0.15136606075535616,-0.9330150235827323,-1.060002353014325,-0.9383791321591329,-0.7570659589159561,-0.9246374061194024,-0.700098031169075
-0.9762231616523254,-0.9573508285143817,-0.05148333992623764,-0.938085683618335,-0.37346051708814443,-0.9087076509811405,-0.9787697103380062,-0.965984350052642,-0.5262042409871389,-0.9382640906970082,-1.0003245319341383,-0.9393114419182251,-0.7811660472337657,-0.9341656983735334,-0.5413631991361219
-0.9977162087849397,-0.45783460509135243,-0.9572023775355477,-0.9521787169951604,-0.19180832948151777,-0.9182072022596369,-0.3825006575758267,-0.9846409999096989,-0.8501452161670172,-0.9441180506831504,-0.8874457622680585,-0.9397304319609681,-0.7862758189059995,-0.9454098322691955,-0.3325063100496216
-1.0476108306624987,0.2889797096050083,-0.45778439446498764,-0.9771324026058281,0.04117494390615582,-0.9451060387112098,0.15180297324682054,-1.007615200169308,0.055612523737091524,-0.955130382723183,-0.6742806484766974,-0.942470151008225,-0.8825513691233379,-0.9646197466031716,0.04458673101536134
-1.0487444571213858,-0.9931819206753558,0.2888830435173355,-1.0019328622797494,-0.1890815743151409,-0.9704856204716926,-0.5256891105549001,-1.0317999222625802,-0.2169660531776461,-0.9651297581173786,-0.5254851197476499,-0.9408445533144779,-0.8227092292201612,-0.9861564935418436,0.04175477635625328
-1.0203121196245244,-0.2753672093784921,-0.9930264227599898,-1.0150509149739748,-0.49965879994609563,-0.9891766659397451,-0.8495926903590575,-1.0393353064633855,-0.6919541536316132,-0.9708213856042031,-0.46562408474125394,-0.9349789615982871,-0.7861217660813148,-1.0033320901068457,-0.37095085345539675
-1.0602830396740877,0.028037749643976644,-0.2753528847963205,-1.028673891068468,-0.48195000415071515,-1.0121932216951754,0.05606048990736706,-1.0435612907245748,-0.5290128570117046,-0.9777791444781563,-0.3207244728999792,-0.9318691317343888,-0.9330093152399895,-1.02028711563834,-0.5115920886160841
-1.0646606641487064,-0.907881574594153,0.027992403271096943,-1.0434449680531455,-0.7064972160911477,-1.0364225310160329,-0.2164866208481681,-1.0488690977796562,-0.38815940087673445,-0.9858628331019,-0.2039729544622863,-0.9356947058751429,-0.6970924324652971,-1.0325824315627723,-0.5480354842463803
-1.0410620256083762,-0.4024684566187704,-0.9077428527826886,-1.0506847066164235,-1.0178300621695147,-1.043971807536502,-0.6914198892190077,-1.0557888681234624,-0.8210655117809927,-0.9953028348721553,-0.2272084853470833,-0.9452683197621785,-0.5385145317040787,-1.0418587069164404,-0.8457221453771805
-1.0613991699087633,-0.4882288627780385,-0.40242913490789173,-1.0529876732849595,-0.9850884610148307,-1.048205582870142,-0.5284974023560439,-1.0561610801664345,-0.812531470940344,-1.0055211818376628,-0.23171095157387145,-0.9565659367474812,-0.32986412645477503,-1.0509696111901765,-1.0873330437036934
-1.0708359954279134,-0.7748507903889389,-0.48817267448278495,-1.0566774632928728,-0.9197159297615285,-1.0535231754584302,-0.3876602061829721,-1.0582204569309486,-0.7240871993617422,-1.0168327073273749,-0.27741996458374013,-0.9758672236655842,0.0468561061362344,-1.0542923563826903,-1.028709884069218
-1.0886278741054012,-0.5551561658925959,-0.7747382318741138,-1.0680877501080686,-1.0257809565845728,-1.0604557031692208,-0.8205163429008523,-1.0740829262868892,-0.7746975264538756,-1.0305087162171773,-0.40149868265867955,-0.9975064108435647,0.04402695125484655,-1.0599983409637854,-0.8953411914788993
-1.0765079767311085,-0.7042998971101844,-0.5550868149380743,-1.0707976841018567,-1.0094272561659412,-1.0608286014265311,-0.8119832872201187,-1.079121477953624,-0.9472556479554106,-1.043166966031513,-0.6497775900583347,-1.014763703693869,-0.36827066212771253,-1.0680380907750948,-1.102120634943265
-1.05205889656568,-0.38010624659553016,-0.7042012139097089,-1.0686929019239628,-0.9729230489755788,-1.0628917748813744,-0.7235492255470845,-1.072859608046812,-0.5998244458678054,-1.0510878268984265,-0.8514394853392926,-1.03179937635735,-0.5087728540323644,-1.0668614906410558,-1.0771883475757207
-1.1285040988671107,0.9871224605654545,-0.38007132288273776,-1.083297719556142,-0.6690238803600068,-1.0787834884654897,-0.7741537102409356,-1.0861577076981317,0.1436693997084671,-1.0618453985809744,-0.8040029135351519,-1.0441531753530309,-0.5451802203403665,-1.0759953533252193,-0.6958267334312833
-1.209119209906535,1.096769463046031,0.9868884900485918,-1.1079703303987745,0.2692973940584044,-1.0838313292631476,-0.9466919118302592,-1.1303814877623186,1.5822725383325955,-1.0785720527678895,-0.5036556641042104,-1.0534735736129963,-0.8425725771542666,-1.1000387220950394,0.07369711320808044
-1.2320583985088522,-0.41980857448041964,1.0965139281441378,-1.1348981433779004,0.7821692719925453,-1.0775579149020489,-0.599300816803306,-1.190408517109584,0.7026433351125815,-1.095402569207724,-0.22727947086858633,-1.0626278142000938,-1.0839446097885195,-1.1244543564777112,0.5572026409659124
-1.275233224120289,0.11228387184072113,-0.41976584247131504,-1.1660654865639708,1.2787251251072427,-1.0908805310805099,0.14410720069368094,-1.2393403942125023,-0.055626875842815775,-1.1117504681485002,0.1588248233885547,-1.0659663641384984,-1.0253794072317484,-1.153696771584832,1.0131254243387873
-1.3372821513455417,0.6085749891049169,0.11222195669919953,-1.209620712572352,1.6632500607312939,-1.1351858426065344,1.5825442686166507,-1.2820807382908974,0.648192221214964,-1.1324733196839973,0.6231894777517458,-1.0716994894213738,-0.892142567986217,-1.1892708918394663,1.5649291182011018
-1.3562994165880171,-0.5229348459134185,0.608415467895762,-1.2604358081625247,1.1228259761128474,-1.195323538465015,0.7030166087859261,-1.3235131820358024,0.26578611752237863,-1.1566040139127338,0.9263388200505204,-1.0797774805649045,-1.098717581454873,-1.2292996998622399,1.6820301721041535
-1.3102921850591227,0.18676147750814454,-0.522871831957944,-1.290798558582234,0.30431321983198234,-1.2443456269307986,-0.055166068323464365,-1.3352047992594134,-0.43626118559248067,-1.1745597351444506,1.0413054257948502,-1.0785952838939492,-1.0738099430916699,-1.2662442566202328,0.8201641962950731
-1.3126231246177194,-0.9616987874312807,0.18668491478184243,-1.308086069527912,-0.12394669762527204,-1.2871647675916456,0.6485717806626274,-1.3269813980550447,-0.3343833770684784,-1.1923684629382074,1.098002200392715,-1.0877725920939023,-0.692825357494351,-1.2925855383223435,0.05817515731501994
-1.34780773739229,-0.09781734182893702,-0.9615494813350421,-1.3274188451865565,-0.5788844500024702,-1.3286735966591332,0.2662098214933388,-1.3241495553511067,-0.5127251456516927,-1.2143990189857985,1.1034743500303996,-1.1119303239315326,0.07593770870169915,-1.3124272334239837,-0.24455336735452832
-1.3694909462613964,-0.45283433633178255,-0.09783793615580384,-1.3431620314010693,-0.768893229492142,-1.3403867686806854,-0.4357564380836992,-1.3438914198432241,-0.23297880128376303,-1.2365262497375047,1.1046287998050262,-1.136462092075545,0.5589652245676858,-1.3320892397844366,-0.5845928334261178
-1.323744429247915,0.17990603607900038,-0.45278510911324793,-1.340900923503892,-0.7435346754875679,-1.332148206720712,-0.33389039021740713,-1.3476002016576734,-0.44481623152952426,-1.254690198611568,0.9584420316391963,-1.1658435996839647,1.0144372653953282,-1.3390295726194956,-0.8779782156343875
-1.337184185366486,-0.6695944481181378,0.1798308216191824,-1.337708244561328,-0.8016350058980913,-1.3293111431994895,-0.512211571230805,-1.3440574125813638,-0.4219003636913601,-1.2725415769222066,0.7968919795621741,-1.2015869294019617,1.565695425209969,-1.3390155569606552,-0.8779878159430028
-1.3538848265119396,-0.5838500611070524,-0.669502590472833,-1.3449892084588697,-0.8646028205194628,-1.3490894040165957,-0.2324975204609556,-1.3388530148020117,-0.728324314626641,-1.2924628537343996,0.5187204912730347,-1.2418061357557724,1.6826807085724587,-1.338670109785218,-0.8878091495155083
-1.347463657748943,-0.8541469439977165,-0.5837750668956205,-1.35080837094698,-1.027533562082987,-1.3528050233832063,-0.4443104964360232,-1.3467630079406308,-0.9714510810651541,-1.3136788997880737,-0.0765362912576905,-1.2789264205030577,0.8216668061357845,-1.3439881057360075,-0.9782097673251156
-1.338801035895251,-0.795208336935099,-0.8540187902294949,-1.3493040466791573,-1.0184408798673372,-1.3492557027808274,-0.42139727397943605,-1.34730220240002,-1.0025798771840961,-1.3287824799844923,-0.5695316241174695,-1.305392995370796,0.060431098402588715,-1.347733290311709,-1.1156635652684705
-1.3621962745648382,-0.40781681974448325,-0.7950917746813474,-1.3480856703776274,-1.0842022545446286,-1.3440417101147806,-0.7277858516842427,-1.35007394082598,-0.8474762095326934,-1.3397765142056837,-0.8121085603226725,-1.325329068142392,-0.24199813737265488,-1.3497918093017929,-1.0758761143066544
-1.29173412032522,0.8297992847132712,-0.4077764461657093,-1.342739219787619,-0.7385550816894735,-1.3519662862063442,-0.970884551846874,-1.3314890084104463,0.028817070934973543,-1.3440624399208654,-1.0397329366463723,-1.345084597477442,-0.5817014275390118,-1.338667405140426,-0.853620116503144
-1.2589663088609058,-0.16136669887991614,0.8295962551018738,-1.3296750530842523,-0.23832371316686315,-1.3525064747307463,-1.0020097544931905,-1.3048653708398623,0.6429573959403587,-1.3428941458760673,-0.9738260258530572,-1.3520579422320136,-0.8747967578377626,-1.329399820162222,-0.4316340321892707
-1.2400839617549038,-0.5264824941172661,-0.16137479489152687,-1.3106677169790943,0.055220938975572086,-1.3552833231650632,-0.8469239918318073,-1.2641428171351428,-0.3264185718418806,-1.3359133468583833,-0.7740862500763585,-1.3520438599072346,-0.8748063486551488,-1.315508022000333,-0.08557818495096235
-1.254389323380622,-0.6468335065357477,-0.5264187824422908,-1.2951221834730018,0.030560013732587467,-1.3366641273576214,0.0292681303416777,-1.251688909218946,-0.9195234143673231,-1.3285941377090031,-0.7019415830138521,-1.3516967696010396,-0.8846179724850104,-1.301273539358514,-0.06535425609076506
-1.2894194525647364,-0.10187946013662065,-0.6467461253074613,-1.2868743344450377,-0.14720911068584655,-1.3099914061472533,0.6433375596902655,-1.261844558157371,-0.3537868308114262,-1.3270950526837895,-0.6868540473199114,-1.3570400607730337,-0.9749292168172481,-1.2929693526852488,-0.20565691457866395
-1.3453017804202132,0.44642536452588427,-0.10189925556263982,-1.2840525691691849,-0.3322180650079531,-1.26919377588127,-0.3259265044388162,-1.2969330612959598,0.39177548469854495,-1.3294420421625655,-0.671235421022435,-1.3608030594413316,-1.112247122725819,-1.2938993920557456,-0.17037259803865165
-1.3768035138003318,-0.1946579950595037,0.446297733444666,-1.2982610952422988,0.20177699790674813,-1.2567169077993767,-0.918962879619503,-1.3377562864800248,0.33358054823259026,-1.3315245262944106,-0.6215629739246037,-1.3628713698441375,-1.072499007146153,-1.2959892000048352,-0.056844620907036084
-1.3375270803806565,0.009776348252562479,-0.19465954363878393,-1.311382533222092,0.17994842759182872,-1.2668912798072152,-0.35329160404784427,-1.3537994307974182,-0.5207618317526848,-1.3292288732119661,-0.665035044849997,-1.3516940520915164,-0.8504627400466052,-1.3025406427787485,0.019459538648018502
-1.3258663238187443,-0.7163729224345221,0.009734593367656842,-1.3257101412866097,-0.16091242793722244,-1.3020444725076283,0.3921846446010378,-1.347318008842361,-0.3062846331765034,-1.3293812682267077,-0.6644853283100137,-1.3423823855430697,-0.42889384717091605,-1.3121117999836922,-0.061467320240408053
-1.2587754607495685,0.7411517879562814,-0.7162718648201486,-1.3264427261167266,-0.2023784835928118,-1.3429429598520368,0.3339964260919979,-1.3079574921309578,0.26975602596924775,-1.3237499334241851,-0.6090779989031683,-1.328424510590095,-0.08318012386031046,-1.3147859290610464,-0.17905666768001094
-1.212452554401577,0.19506209026669483,0.7409661927362383,-1.3135875012862106,0.39521080684096394,-1.3590156814920102,-0.5202473295859441,-1.2662470864882176,0.798602577508475,-1.3135922312038526,-0.4812828824705248,-1.3141223211672837,-0.06297618914276513,-1.308786178405996,0.12587583002522212
-1.262236480598415,0.286068986531377,0.19498389505062588,-1.2997137044942502,0.38482978628476355,-1.3525223103140234,-0.3057948900122937,-1.2450275251832394,-0.265839317640837,-1.3074711933837175,-0.49627006821908026,-1.3057786353592378,-0.20314013910436085,-1.3048972032218962,0.19248996234563925
-1.2752092368885606,-0.681874124860043,0.2859728928985061,-1.2827451465509918,-0.06994062783305283,-1.3130892281081847,0.27017927165851674,-1.250507933472886,-0.0716633377833025,-1.3029040139958248,-0.5245016679415215,-1.3067130984923367,-0.1678907059771194,-1.294869301831161,0.11749535321801517
-1.247917267732143,-0.30535299038951014,-0.6817798521585002,-1.2677782670728155,-0.3555923474239434,-1.2713019246891586,0.7989647737566149,-1.2623348627971591,-0.7810650260278227,-1.2946964662832585,-0.5961589581405095,-1.3088128466811024,-0.054474966906933465,-1.276429985734583,-0.2469162899300314
-1.2356068676344052,-0.699290662159829,-0.30533276847396384,-1.2527028823292345,-0.8167492944160868,-1.25004324276061,-0.2653542434376001,-1.2534543017864876,-0.5400812555533631,-1.29066539253487,-0.5573829023552898,-1.3153954516062676,0.02175375546370314,-1.26184860814938,-0.4931819474683546
-1.2593003224616468,-0.3999752793577275,-0.6991929641305733,-1.2527905461883047,-0.8152475633657252,-1.2555337547930547,-0.07120067903312373,-1.2481489267000123,-0.8466887726880105,-1.2906893814777287,-0.5576410781266218,-1.3250121343326526,-0.059093096064522704,-1.252325237132276,-0.9300636380729502
-1.2118419448736948,0.22491910289870015,-0.3999364479825004,-1.2526885604911844,-0.8090724817181205,-1.2673824883781906,-0.7805204747580136,-1.2361183686120256,-0.4140170838483233,-1.2886610325492966,-0.5035422629370158,-1.327698982992189,-0.17656619021806466,-1.245610618923123,-0.8128132296848987
-1.1882417006950037,-0.4024262366460042,0.2248350356742617,-1.2403297470967996,-0.518077391122567,-1.2584855550646519,-0.5395645231744323,-1.220322823428756,0.039853866474084496,-1.283910293246323,-0.3830049585209898,-1.3216706943274454,0.12806483966157983,-1.2421468545721308,-0.6351330433425236
-1.1568627886179288,-0.19788755919762746,-0.40238692323856956,-1.220563195024161,-0.3017252110872449,-1.2531703989285747,-0.8461366458879331,-1.1861615019588807,-0.2737221765055034,-1.2743900394909269,-0.20308397370773879,-1.3177632211060302,0.19461311472580015,-1.2270713994792424,-0.30774324181885976
-1.1561482184185332,-1.004200929869808,-0.1978884726153166,-1.2052356738486525,-0.20420263570410918,-1.24111766116743,-0.41351490417320913,-1.1675885119433982,-0.6107976469488643,-1.2608049819361036,-0.16966705437771024,-1.3076876216752358,0.11969264811140345,-1.2100377452195916,-0.29642985730468135
-1.131245574188455,-0.3681798608526922,-1.0040432648349444,-1.1878049611283945,-0.06965819702817955,-1.2252929951381484,0.04030365180573313,-1.148581191803319,-0.7469492485060016,-1.2431689474497836,-0.25597233033759975,-1.289160598370183,-0.2443587238733341,-1.193345923536482,-0.16664860374418258
-1.1025171617767275,-0.26758197258686134,-0.3681472827140456,-1.1616186027283117,-0.29763799024033016,-1.1910686934690748,-0.2732361923140539,-1.130457772004511,-0.30077916479204414,-1.226290474549759,-0.22629752803919148,-1.2745098639868744,-0.4903809138480033,-1.1743052327694257,0.0015997903720853628
-1.0890560066116513,-0.6690317640277545,-0.26756917913495254,-1.141110554722555,-0.3549181652728322,-1.1724614620788285,-0.610272751150581,-1.1080835647226717,-0.4933778334412367,-1.2092826965582137,-0.22564211992131372,-1.26494119474489,-0.9268306866534233,-1.1499489585402602,-0.24141615159399507
-1.1137662676765994,-0.3732385416799356,-0.6689400170460894,-1.1286714613116222,-0.6354714381475005,-1.153419099828048,-0.7464086355225354,-1.1022544883439618,-0.8276813020581113,-1.1988680989528198,-0.19438738616729023,-1.2581946382352052,-0.8096961964634388,-1.1359176055573623,-0.5066526912426993
-1.1055293919267895,-0.8064032543881198,-0.37320496864549946,-1.1200976150020083,-0.7641637921727074,-1.13526226748722,-0.3002900571728087,-1.1032590201658041,-0.8200248977527865,-1.1911888498771321,-0.11902070665285681,-1.2547143983760949,-0.6321916714881858,-1.1240842373510402,-0.7539136029775125
-1.0747357245651954,-0.2132764640399346,-0.8062844904188186,-1.106499874447633,-0.8996441569571278,-1.1128468108634086,-0.49286649245194525,-1.0984834292259216,-0.5289732858753519,-1.1777224972727771,-0.08984134152992697,-1.2395672363893195,-0.30512553993190134,-1.1123345981121748,-0.7464691374845667
-1.101136630194656,-0.3287833460374386,-0.21327435090640293,-1.101470995102268,-1.0769889111953574,-1.1070069879334627,-0.8271313694587069,-1.094271641906568,-0.6716325374191733,-1.165220557813481,-0.21573279003169699,-1.2224525609975718,-0.29382334025848345,-1.1044642776149967,-1.0132470531553093
-1.115175395617914,-0.6538436058710527,-0.3287585160505436,-1.1035852084312332,-1.0236667128081176,-1.10801337172155,-0.8194758489999394,-1.0974884338443276,-0.5304526592429422,-1.155687002359786,-0.3372056206177292,-1.2056813441201655,-0.16417039336456649,-1.1021651719196244,-1.1202653601769763
-1.1201353670441119,-0.8925688659339908,-0.653754845959558,-1.1087761694220297,-0.9982961928391753,-1.1032289764481187,-0.5284578357877379,-1.112628507244628,-0.9193678221281156,-1.1473938094383314,-0.4730837521139362,-1.1865500856863982,0.0039116640118829525,-1.1046857485202324,-1.064502312359112
-1.1118127730682876,-0.8041493090068239,-0.8924331556881683,-1.1084498913337335,-1.0041421939488981,-1.0990094242299573,-0.6711006189107039,-1.1161888345492725,-1.1257890273391882,-1.1368012156435023,-0.7830301260489146,-1.1620779600443985,-0.23886402318253755,-1.107941481562592,-1.092915468324811
-1.049144663535776,0.6248562768370405,-0.8040309883232026,-1.0990323575916612,-0.6439167939038501,-1.1022321466817693,-0.5299370383781583,-1.0941686142168452,0.13517116562102227,-1.1251162549819083,-0.8560314892778071,-1.1479798664733567,-0.503838339934449,-1.0986962888304657,-0.7829832491592464
-1.0333108727534677,-0.606643735954675,0.6246935535708342,-1.092113463933225,-0.3463565115157018,-1.117400132492878,-0.9188073053416856,-1.0652139981730133,0.233744303057142,-1.1139890830041317,-0.863225555505089,-1.1360902124651755,-0.7508548001595848,-1.0883642313480941,-0.5215877743268214
-1.0390891062986296,-0.8710528102538444,-0.6065642588885408,-1.0817501143778199,-0.21837947496754515,-1.1209670236572684,-1.1252046815248886,-1.0409617884041176,-0.9864448027957516,-1.10553054679778,-0.8504662977212422,-1.1242846856840158,-0.7434176945474051,-1.0832643911243054,-0.39296827956154745
-1.0630294709417913,-0.39348283002616163,-0.870921331592092,-1.0730405573902708,-0.34348894973050986,-1.0989062065972188,0.13560994763266074,-1.0455921553364909,-0.704374491457689,-1.0988427343637044,-0.9340580934287888,-1.1163769297506754,-1.0099318634585943,-1.0778125296849164,-0.40942939929038175
-1.03395234583274,-0.2584126347449861,-0.3934452755274019,-1.0586460301235496,-0.5774057514464139,-1.0698982094952871,0.23417170589852151,-1.0458060766137154,-0.7130536601440384,-1.0918551096374225,-0.9169427949956884,-1.1140668882840696,-1.1168443681254492,-1.0661922246872435,-0.4561646361035471
-0.9940032002161712,0.027465194833173008,-0.25840164463587034,-1.0389691484725472,-0.7877750460907854,-1.045601288077763,-0.9858765427193816,-1.0307706294133445,-0.016059155885700123,-1.0840616089615573,-0.7555987952492054,-1.1165994540894957,-1.0611364497703357,-1.048146925324137,-0.4855769574624596
-0.9935448552472275,-1.0109383263559597,0.0274199610652174,-1.0296827142632918,-0.6591253253437529,-1.0502401916070596,-0.7038387932554887,-1.007598592710723,-0.4333608494328107,-1.0772019734639129,-0.6353692522965321,-1.1198706731322685,-1.0895215154130566,-1.0312267372721666,-0.7614495742635089
-0.9904910219349642,-0.9426904258143305,-1.0107793362706283,-1.0225308240011424,-0.5612078927515689,-1.0504545072719738,-0.7125169600285302,-0.9931049183565223,-1.2087405338918231,-1.0683483135551952,-0.581857700635674,-1.110581505339348,-0.7798957069872289,-1.0228353606071836,-0.7043912987434505
-0.9826091551955234,-0.8157381526524167,-0.9425448581114765,-1.0130973858975576,-0.5223293158336874,-1.0353913405508417,-0.015602916018691538,-0.9893051818713919,-1.07276183031315,-1.0595201504850653,-0.5342533840072592,-1.100200303088546,-0.518758657629325,-1.0155816386220164,-0.6250359286833183
-1.0084882290437034,-0.3425048191467141,-0.8156175527793895,-1.0039877563832025,-0.9354577657297611,-1.0121765836188916,-0.4328564367355187,-0.9942885642015914,-0.7951454303173832,-1.0547622382892887,-0.5195366125819818,-1.0950762053083842,-0.39026632097185204,-1.0112036753734208,-0.6858214251074971
-1.0693133488421211,0.5763951922802834,-0.34247729054405573,-1.0098938491940976,-0.5166890839361674,-0.9976561885624856,-1.2081466122504692,-1.020574582103848,0.34287219589582474,-1.0524766820238785,-0.567070328535585,-1.0895984119122275,-0.40671116661376955,-1.0121026883748174,-0.6279453064551831
-1.060751763469502,-0.797865073086161,0.5762419999037753,-1.0210423793832246,-0.334269078861066,-0.9938494468401327,-1.072183605897834,-1.0466339244325542,-0.07907589943105042,-1.0485679627417523,-0.6663729004354592,-1.0779228345547973,-0.453400199200339,-1.0159367897477976,-0.48943563689498937
-1.0112312357212248,0.2791429715614214,-0.7977479883294684,-1.0239964077104307,-0.3833753129934526,-0.9988420165904416,-0.7945992536218051,-1.0475486744210492,-0.1362421206109493,-1.0407464399730377,-0.812095349443027,-1.0597917021366607,-0.4827834424234926,-1.0184015460898583,-0.5201837621614654
-1.0361653813267024,-0.3673515378356705,0.2790482400748031,-1.0316250659126347,-0.47235996456061613,-1.0251764956930378,0.3432870011380519,-1.0364943437291836,-0.3764563114069875,-1.0353134248090232,-0.9953737434551694,-1.0427910326583114,-0.7583833210987196,-1.0244991195436317,-0.5497349365315677
-1.0316525305480955,-0.9043258231807602,-0.36731912260413546,-1.039816426505966,-0.7330895467869327,-1.0512838813204284,-0.07861238498323192,-1.026790202941577,-0.794377929245966,-1.034057135311332,-1.0114695528688025,-1.0343597421365078,-0.7013814555526138,-1.030387956339519,-0.6416440405723032
-0.9762231616523254,0.43451488990900905,-0.9041878006824627,-1.0344274254498371,-0.4536974283003104,-1.0522003177523633,-0.1357720069599322,-1.0151155556962288,-0.062470949048027205,-1.0299570811924719,-0.9501748014663406,-1.0270715175861131,-0.6221045392192599,-1.0294743340010135,-0.5929037525748935
-0.9712368371563432,-0.8918759166898815,0.4343896012726796,-1.0180464144125951,-0.41095185827450814,-1.0411256071712247,-0.37595846770449004,-0.9934628978593203,-0.0568933814351217,-1.0250839137418117,-0.9008965753124477,-1.0226727304125234,-0.6828299407976214,-1.0241449042829236,-0.4105729204609326
-0.9630167934798703,-0.806845850738041,-0.891740342727076,-1.001722448616842,-0.5091993070335493,-1.0314035757197457,-0.7938318411498337,-0.9705739489523086,-1.0353872168689287,-1.0179009774801042,-0.9045816592525852,-1.0235760195985857,-0.6250110406699805,-1.008937418270293,-0.42963685325820417
-0.9821525587990267,-0.5198189076475739,-0.8067269997228754,-0.9968656473356453,-0.5140244205636479,-1.0197074049625003,-0.06200935145669176,-0.9725513105155006,-0.928648037473666,-1.0141807034301027,-0.907755374137342,-1.0274283579998087,-0.48663830701927346,-0.9976924978534789,-0.6561490186303173
-1.016812813330137,-0.11160524780816498,-0.519756506506777,-0.9936333277465619,-0.6535956726792927,-0.9980148280403497,-0.056432427711813074,-0.9877501884556126,-0.2850983832089583,-1.015818895720415,-0.9083325283961593,-1.029904838035807,-0.5173560335236145,-0.9984910351449894,-0.6401666228033218
-1.0185729570927016,-0.9767077605277863,-0.11162313045384971,-0.9914487411064747,-0.767130435805844,-0.9750836808078759,-1.0348133069362477,-1.0062773034065264,-0.5302435165005972,-1.0176164204429752,-0.9103959677056346,-1.0360314147966063,-0.5468779924826077,-0.9959741469489879,-0.7352606185004387
-1.0220082298205768,-0.9326605447839111,-0.9765555026018812,-0.999095890195631,-0.6849882110802775,-0.9770646878572429,-0.9280864493897892,-1.0195685487057524,-1.1820401976545667,-1.0198799944331418,-0.9161355112319646,-1.041948262036798,-0.6386962316993069,-0.9945943697030051,-0.7951417315897048
-0.9978254849679016,-0.3871094858827699,-0.9325169496677349,-1.0035367999076483,-0.772333445847235,-0.9922915866208789,-0.2846110857612165,-1.0132365705362472,-0.8017542711365131,-1.0209728351575906,-0.9337952767502476,-1.0410302940238385,-0.5900041301980945,-0.9976849404984754,-0.8267490103721611
-0.9662155896098583,-0.19181389524653628,-0.3870731848359416,-1.0040710717104524,-0.802828327288615,-1.010852858370768,-0.5297279197790123,-0.9957762042546231,-0.259246217867125,-1.0179368033027032,-0.8815202065103929,-1.0356755146994567,-0.4078535572559464,-0.9969665677198941,-0.7999172484516184
-0.9453341913903742,-0.47391780357581254,-0.1918160031777554,-0.9979215658550019,-0.520385016657667,-1.0241686075603742,-1.1814493582694938,-0.970206607087203,-0.31573094297023807,-1.0090325882736177,-0.9008266192019792,-1.0203956937835628,-0.4268986427266431,-0.9944367780853519,-0.6733261280504593
-0.9692446405995511,-0.3942694509980962,-0.4738644298508058,-0.9899765976956698,-0.5440871029116962,-1.017824955684195,-0.8012073315239086,-0.9606753408050904,-0.8041138976236658,-1.0024605231340022,-0.9962499187017632,-1.0090972865359946,-0.6531868695862068,-0.9925900862071293,-0.639372389139399
-0.9968421435127394,-0.29731903504624063,-0.3942317417938075,-0.9863470569322109,-0.6493955265769884,-1.0003323992735251,-0.25876190476378613,-0.9708888193430143,-0.33947014438324086,-1.0014270948245099,-1.0060911125316263,-1.0098996220961791,-0.6372202745615329,-0.9897329505184348,-0.6969617749160707
-1.030326520752705,-0.1425247303100826,-0.2973003931766821,-0.9877364009578896,-0.5735203412937713,-0.974715661707147,-0.3152401093348284,-0.999232436929996,-0.16419997455033136,-1.0010077463538147,-1.0210878441471394,-1.0073707622393764,-0.7322202567299997,-0.9914144928256985,-0.6280360303698241
-1.0490779587351144,-0.5299247260463507,-0.14253653199039176,-0.9962967312962737,-0.2590634986047279,-0.9651668234745585,-0.8035666856184781,-1.025855604654795,-0.3144860953373869,-1.0022592450955419,-0.9703984855551078,-1.005984422037917,-0.7920421690810936,-0.995287266712215,-0.4558684340840002
-1.0647947745316089,-0.60971957222966,-0.5298603373841984,-1.012761700211764,-0.056586346846075754,-0.9753991316972004,-0.33897657032156786,-1.0485167483377398,-0.6497693529355679,-1.0086204811513437,-0.8544990622868105,-1.0090896932341855,-0.8236181997096831,-1.004868334798998,-0.1933343857630488
-1.0362539369312163,-0.27251421861333536,-0.6096394902357465,-1.0279473683152514,-0.41379014874237185,-1.003795003898606,-0.16372663347662766,-1.0504934492789055,-0.7576343832113314,-1.0132900260076074,-0.8483317963220464,-1.0083679034920507,-0.7968129646860233,-1.0148884825225746,-0.24612525233689939
-1.0706568201593558,-0.11837278006567618,-0.2725004551316951,-1.0448855118536622,-0.6750638168268281,-1.0304672543969764,-0.31399540540576437,-1.0576896633462247,-0.6079282069099414,-1.021020760455163,-0.8021878065850991,-1.005826080830594,-0.6703469970648839,-1.0328179640337636,-0.46105064552510583
-1.0681718741245672,-0.95764921475762,-0.11838933173406098,-1.0567992013227514,-0.9706786192474967,-1.053170176421092,-0.6492399582881129,-1.0588158734422883,-0.579509035373796,-1.027198689843105,-0.7615033311752346,-1.0039706051022166,-0.6364268261071153,-1.0469711462791618,-0.7591073021286592
-1.081224156638916,-0.6797829970559622,-0.9575007050948668,-1.065300265653968,-1.0022538096622498,-1.0551505216305024,-0.7570925367481341,-1.073812741039173,-1.025850719282162,-1.031824729113912,-0.6813974382829396,-1.0010998793544235,-0.6939592768341032,-1.0590433933991235,-0.9803220496103155
-1.0944015702630148,-0.6764926969647114,-0.6796891356186044,-1.0728703409750082,-0.9037272110995149,-1.0623600027195856,-0.6074036423565348,-1.0817312452346264,-0.8006097790511741,-1.0372707596476258,-0.5875884233269447,-1.002789419972521,-0.6251016748915207,-1.0682103924224275,-0.9709297261711277
-1.077787345056711,-0.5861223527301275,-0.676399482633945,-1.0750403961443435,-0.8997767162559784,-1.0634882891093387,-0.5789877514970518,-1.084937854972988,-0.9588552987950436,-1.0412768300743234,-0.546267732324821,-1.0066806148343523,-0.45310429001733604,-1.072317746507695,-1.0085535932759144
-1.1033322018501355,-0.35129299666675096,-0.5860469116248421,-1.0862439940202182,-1.0795697632870203,-1.0785128051011903,-1.0252779102318568,-1.0923105435881122,-0.806120605603513,-1.0488543496626337,-0.4905263261446051,-1.0163072555840094,-0.19082979280781384,-1.0778311649332704,-0.9049789250394972
-1.1163122745534908,-0.6816817410867362,-0.35126373968447916,-1.0938694946572798,-0.9528507922896213,-1.0864459079406694,-0.8000629715574271,-1.099617422080912,-0.5643742497886618,-1.0596343322448731,-0.509747953378309,-1.0263750644670748,-0.24356846832995063,-1.0892848385300877,-1.012761411561425
-1.1852844002686276,0.7906192518671435,-0.6815875062215014,-1.113429953633556,-0.27809479608337895,-1.0896584294210652,-0.9582902236194644,-1.1354660150952849,0.3260621865716515,-1.0768676180651755,-0.45597374023997944,-1.044389828141903,-0.45828137812778114,-1.1056842158686295,-0.37784715552167636
-1.1613385096582423,-0.3933375257089825,0.7904239278317737,-1.1268108751049069,-0.2185044362127749,-1.0970447104084287,-0.8055731619462508,-1.1548102149599182,-0.0028265743652452387,-1.0906638492303535,-0.5158464997920006,-1.058610330460306,-0.7560433646228853,-1.119013248986345,-0.32891843343162613
-1.168921028403938,-0.8236094544662098,-0.39329999978736735,-1.1392573217139268,-0.1924222533684415,-1.104365059945181,-0.5638547130542576,-1.172354414678319,-0.8325360514835366,-1.103022599076132,-0.54309382592489,-1.0707399996174716,-0.9770394108201156,-1.1315597416377157,-0.3111430219915734
-1.1605305371938763,-0.8023639634084898,-0.8234873065364263,-1.1530773191869037,-0.511697440196555,-1.1402797438316827,0.3264789323421314,-1.1640993870298788,-1.109693943801675,-1.112373885081554,-0.5557124260103103,-1.079950601770643,-0.9676563729878924,-1.141020587628478,-0.36588154468712164
-1.1531765225894441,-0.8296179298833494,-0.8022459938505629,-1.1614024559004785,-0.7937628593349884,-1.1596596068822933,-0.0023718620523148007,-1.1613774915133814,-0.9913497103269665,-1.1198502707566125,-0.5762985547329441,-1.0840774926195926,-1.00524304371154,-1.151806260399578,-0.675593990988691
-1.1691988037106074,-0.6016874162962395,-0.8294946002607297,-1.170235710702808,-1.1643745828783238,-1.1772361512860134,-0.8319855584574103,-1.1614701252501727,-0.9861711654263456,-1.1273485950299866,-0.5641547778954115,-1.0896171357997482,-0.901770773318102,-1.1612295707136264,-0.9082766763068757
-1.1880320316015087,-0.5277740750698521,-0.601608913994422,-1.1706946277097072,-1.1347354503985256,-1.168965904575098,-1.109111455985413,-1.1706414451376097,-0.6428397867529542,-1.1382493368919866,-0.6274075728341445,-1.1011252891686296,-1.0094467019883977,-1.1714902719980673,-1.1579826839684693
-1.1670467218576195,-0.47118546867591654,-0.5277101093783663,-1.1716480291453233,-1.1441533632918726,-1.1662389909411963,-0.9907808840336803,-1.1752669404836273,-0.8577928676439565,-1.1451720844650028,-0.6782147078751403,-1.117602670680404,-0.3751601462483675,-1.1688810694854062,-1.217725415374816
-1.15020778649156,-0.5802136393763678,-0.4711326323219321,-1.1685224915722543,-1.0828769968913425,-1.166331795458594,-0.9856029369383605,-1.16893373213785,-0.5880857859665906,-1.151063924826208,-0.7825396715146119,-1.1309951037789159,-0.3262797969476013,-1.1672886348454399,-1.1696993645917253
-1.1744118893898408,-0.38654787990369177,-0.5801393603436145,-1.1708409935216533,-1.0728217017070565,-1.1755200236952565,-0.6423111920466947,-1.1643916269240728,-0.8263848816049517,-1.1577566918004532,-0.8578099039927998,-1.1436012742318298,-0.3085219589530687,-1.1680741936187762,-1.1570992341022712
-1.218942132685533,0.14792433678270817,-0.38651168930846996,-1.1818253481478367,-0.7780229283083641,-1.1801540466568858,-0.857239458999856,-1.1816979378589685,-0.008449261911646458,-1.1667012270791746,-0.8307476403430161,-1.153107121045145,-0.36320636507023607,-1.1764309415715914,-0.8503107885913204
-1.2315383114078486,-0.691776164474905,0.14785541219549914,-1.1922374656476586,-0.5358975816601178,-1.1738091623364677,-0.587563511999566,-1.2088204007173338,-0.1851134960484357,-1.1777436610935628,-0.8898661054040925,-1.1639440962205925,-0.6726126179078523,-1.1876418957113517,-0.671105172124895
-1.17550199718271,0.45047440850194465,-0.6916799443293827,-1.1901446645418323,-0.5222475787651846,-1.1692586832460712,-0.8258350986628419,-1.2091839346814188,-0.20751531744145837,-1.1829269143875425,-1.017679183292809,-1.1734122288175233,-0.9050652643035776,-1.1885436721257896,-0.6856169930872119
-1.1445316999069677,-0.2086320121222459,0.45034598109122054,-1.1863841431209747,-0.403865466957,-1.1865969002918306,-0.007993900522095681,-1.1843692147298508,0.3279613775792565,-1.1849536407866328,-1.1000526998956688,-1.1837217354623113,-1.15452440314098,-1.1823202278802576,-0.5676596180642522
-1.119862126333499,-0.3743084119719431,-0.20863081241769216,-1.181315726785221,-0.18780738857732798,-1.2137693664299305,-0.1846377407417266,-1.1471269470208871,-0.2628614736576297,-1.1802549962177935,-1.0125855925150078,-1.1811001221927906,-1.2142080706185316,-1.1755696885612839,-0.35589480065399803
-1.1120625672644706,-0.8179024180857694,-0.37427462852505256,-1.170901970052389,0.05327685879109939,-1.2141335706093495,-0.20703697609410604,-1.1259708855853487,-0.6609549312364356,-1.176715985340052,-0.921173618315697,-1.1795001130855165,-1.1662295002096554,-1.1701123820110566,-0.18358861960110018
-1.103626576654726,-0.8011675648531792,-0.8177813925645069,-1.1516416460090686,-0.0018413092619024053,-1.1892731019590088,0.32837790410929835,-1.1123296643185754,-0.9825386508871656,-1.1720265209935312,-0.8265028536378357,-1.1802894083947821,-1.1536418266868067,-1.1599853684907164,-0.013009897287280666
-1.1690830608536191,0.6981760886535007,-0.8010498305921462,-1.141210196816212,-0.566770380858174,-1.1519621739834633,-0.2623767432132968,-1.1287440790755212,0.018586486040775264,-1.1726407654461717,-0.8254815515072458,-1.1886859054918189,-0.847156683861794,-1.152852200958594,-0.21271934701233505
-1.1404250049649072,-0.2694319847426015,0.697998945506982,-1.135351540275549,-0.7530994467138112,-1.1307671089934332,-0.6604242453386131,-1.1382025101368554,-0.08318629797189295,-1.171724948165189,-0.8159813036425576,-1.1999501849006284,-0.6681282368605321,-1.1398169306379948,-0.7238305164307098
-1.1475407478474553,-0.835883242081296,-0.26941882744696205,-1.1358541198093992,-0.7423047482627769,-1.1171007386166218,-0.9819708417325048,-1.1528472020081633,-0.7347932138257935,-1.1701694610133044,-0.8132720849727454,-1.2008562506439961,-0.6826257108865803,-1.1358166099623856,-0.8626533115468936
-1.139851894247489,-0.8208133985420715,-0.8357586802534951,-1.1391928662962287,-0.7621820525657588,-1.1335454151745354,0.01903872645450007,-1.1430990633923435,-1.122272576887833,-1.1667091511358307,-0.8259842693758038,-1.1946032043829113,-0.5647849529957005,-1.1351470861112525,-0.871349158131639
-1.1411128833120536,-0.9898329437988533,-0.8206918005153875,-1.144044930665476,-0.8519719204527681,-1.1430212839065075,-0.08272230902436747,-1.1433284601033655,-1.1280885587601082,-1.1648465761701245,-0.8237739163065176,-1.187820555903475,-0.3532294943108076,-1.1381873595087124,-0.8911130771497642
-1.1576928271084017,-0.587023776257262,-0.9896781045301004,-1.1530752257912003,-1.138843122553461,-1.157692974897626,-0.7342540041210693,-1.146714020358556,-0.9156469357709617,-1.1653841537156053,-0.824218800291325,-1.1823372914966328,-0.1810936616797027,-1.1447155253176984,-0.9399743935288877
-1.1699165097547106,-0.7015708819942116,-0.586948157868115,-1.153214430738573,-1.1301640306052256,-1.1479268645030394,-1.1216886370085521,-1.1567401011970233,-0.7517420200306661,-1.1650612943920584,-0.8279130507272279,-1.1721621085061558,-0.010683579956488047,-1.154199400189847,-1.1470952790172082
-1.1841209132442543,-0.6494881826217542,-0.7014727355118532,-1.160512642547941,-0.9622182935943895,-1.1481566841324362,-1.1275039474905313,-1.1710826090764204,-0.7965483642661565,-1.1625604254407553,-0.9131638376896088,-1.1649950118299943,-0.21019558934962904,-1.1563508144959056,-1.0343082375812607
-1.1860525505632387,-0.9721983682154752,-0.6494002792956818,-1.1669449906658318,-0.8756255881607823,-1.1515484860448604,-0.9150868485193976,-1.18054013497914,-0.957343141443794,-1.1592936263783433,-1.0725000773933242,-1.151897738820925,-0.7208014548924309,-1.1628785919870248,-0.9658758600972072
-1.2000769403347484,-0.6542216110558013,-0.9720469971562412,-1.1770039449222236,-0.8430960841832593,-1.1615930510795245,-0.7512008537751361,-1.1905981686515077,-0.9611054237718758,-1.1610586051267948,-1.0122011563825775,-1.1478783904895382,-0.8594870045313344,-1.1703947660500913,-0.8553532900489211
-1.2384013017228408,-0.01525821508391612,-0.654132776801651,-1.1932533264345846,-0.6364550260870931,-1.1759620009689018,-0.7960020256174877,-1.2086998324728522,-0.29131649459018816,-1.1678003441129523,-0.8227996112161706,-1.1472056820263685,-0.8681742540725333,-1.1844938940098566,-0.6134031126119407
-1.2221922278776474,-0.5967757351151876,-0.015295046396351505,-1.2040261952666431,-0.7077739362743334,-1.1854369628734986,-0.9567782408299301,-1.2207518517692053,-0.577599209447804,-1.1751497183692803,-0.7767711921235831,-1.1502604165834123,-0.8879186337311729,-1.19609363959138,-0.7013039910674154
-1.2276641554601584,-0.8791070706122508,-0.596698198798593,-1.2136713672391821,-0.7981907735670779,-1.1955135396506695,-0.9605400888444425,-1.2299517581804151,-0.9779503159450165,-1.183452254216073,-0.7736885905232855,-1.1568196338260073,-0.9367316439608533,-1.2061041991393164,-0.78219239276611
-1.2467290791481433,-0.5216816756352779,-0.878974007911103,-1.2241283567779122,-0.7904926969226584,-1.2136485759044677,-0.2908284793307795,-1.2327289421976495,-0.8091406962612814,-1.1937299128128223,-0.7958999633594459,-1.166348619058334,-1.143647761890937,-1.217093511734295,-0.8003510785336374
-1.2296006040141085,-0.5726002431002888,-0.5216189081420483,-1.2314018734636867,-1.0111865280302548,-1.2257228144401056,-0.5770781460391805,-1.2351995202101318,-0.8961078223547996,-1.1980762983538196,-0.7581776545406392,-1.1685102666367155,-1.0309722259993053,-1.2236001361388575,-0.9100088133265479
-1.2094476839131363,-0.493073005064934,-0.5725274614017533,-1.2329670010497542,-1.1054476017281152,-1.23493968190298,-0.9773830364624942,-1.2291246107778737,-0.5986055047916985,-1.2030335249382798,-0.8076773621988681,-1.175069093714397,-0.9626075033575374,-1.226947198157655,-1.0659990769016001
-1.2321529695503093,-0.42595901100332995,-0.49301586406739906,-1.2319233872779831,-1.1263347358500895,-1.237721985968125,-0.8085929039682075,-1.2242637053356233,-0.8252730145105358,-1.2091103964997292,-0.8324631235518101,-1.1826210187045603,-0.8521942001113196,-1.231536206371271,-1.1905354793437584
-1.2420759419322378,-0.7620676458123475,-0.4259150693817572,-1.235244420355027,-1.1018582254113496,-1.2401971187662149,-0.8955499906761436,-1.2284240361545626,-0.669078660170913,-1.2164521539405526,-0.8928766776733918,-1.1967872096263574,-0.6104832237907883,-1.2320619246261635,-1.174876823277497
-1.2275461200119404,-0.6409313633420045,-0.7619576013712802,-1.2352247057470451,-1.101652863977215,-1.2341110095621186,-0.5980820164403631,-1.2344595826039373,-1.0078381738001674,-1.2226598112682356,-1.0168802530344963,-1.2084421297761045,-0.6982972001059705,-1.2328278877325707,-1.1867265800081066
-1.2397520944433693,-0.702036516328881,-0.6408451428940902,-1.234059390408119,-1.1456730239994615,-1.2292411424995366,-0.8247233599210919,-1.2369937723547135,-0.9940086759693926,-1.2285533289892665,-1.1090287930219844,-1.2185003048770597,-0.7791056324646999,-1.234557267978075,-1.176479120860153
-1.2477508928146148,-0.8126634563633304,-0.7019382782697549,-1.2370909019908662,-1.082806865620122,-1.2334091433514969,-0.6685470364791126,-1.2388862800532556,-0.9076816892076919,-1.2341434144331962,-1.1834493947699225,-1.2295418884958502,-0.7972463658671791,-1.2347034553779144,-1.1705501571414836
-1.268380730966855,-0.4805325304320067,-0.8125434611938804,-1.246934062984788,-1.0598489674915796,-1.2394558170026684,-1.0072674440975136,-1.2525039865675116,-0.7402759859701794,-1.240194976249989,-1.187615869419855,-1.2360794618716289,-0.9067956888669361,-1.240251596013254,-1.0023174347989858
-1.3079388148006617,0.017182295384098347,-0.4804778557820903,-1.25959202508167,-0.6097221911396756,-1.2419946788143734,-0.9934395427281533,-1.2752431953975047,-0.16427971550813222,-1.2489488791492305,-1.0694615271184176,-1.2394424443000949,-1.062631734554663,-1.2543423865401524,-0.7192991026504518
-1.3288444006957782,-0.47328179298260487,0.01713908396420455,-1.2740843337523118,-0.2582526043612992,-1.2438906755615444,-0.9071225214550821,-1.3022866167675944,-0.15985052882281683,-1.2581969913268765,-0.904527281017382,-1.244053280280965,-1.187045015588859,-1.2681757001567104,-0.4127844087402228
-1.3256711440016986,-0.9395502094055279,-0.47322854434243405,-1.2904734474491375,-0.2826652435606096,-1.2575334878337745,-0.7397361433405089,-1.3213920768796175,-0.8679468579330749,-1.264464733882783,-0.7703153379195428,-1.244581499131885,-1.1714018402635207,-1.280135380899534,-0.29213614191012177
-1.3263299271122992,-1.0056678413654279,-0.9394052592921582,-1.3049339172206837,-0.435494907172817,-1.2803146189267276,-0.16380636522922354,-1.3275252262858197,-1.2172861038450962,-1.2719439302709363,-0.6947280908112847,-1.2453511055667923,-1.1832398818754655,-1.2942680436150253,-0.3885286680064517
-1.3638514643715625,-0.0363683315819506,-1.0055098878316213,-1.3243253567347437,-0.537963179015013,-1.307407897854769,-0.15937768984415393,-1.3391995365808045,-0.4822524275498036,-1.2817249378830589,-0.5381342344683375,-1.247088711665844,-1.1730025537540518,-1.3120225176516271,-0.375487989442602
-1.3717199979921213,-0.8160887446224048,-0.03640101114677863,-1.3415853677672043,-0.7371319085948653,-1.326548581009457,-0.8673922771239474,-1.3545561119049074,-0.3948403577516445,-1.2907018178759966,-0.3946239454585422,-1.247235594410819,-1.16707945163365,-1.3297583551541736,-0.5223264627349714
-1.3400755361262777,-0.19090497512269616,-0.8159680757981062,-1.3469529321074023,-0.8789734755821166,-1.332693037559373,-1.2166911957129194,-1.3591400583423716,-0.6782236230013516,-1.2986361559620825,-0.39171861340440467,-1.2528101249580625,-0.9990130505372611,-1.34001548665693,-0.8717809121097736
-1.3236712874041152,-0.5916436467257818,-0.19090726181214004,-1.3460889043756787,-0.8540558835626256,-1.3443888707450495,-0.48174237086464544,-1.3457405953662773,-0.38871614506185576,-1.30683972459237,-0.4890643939654208,-1.2669679387897215,-0.7162745210395978,-1.3422662779101815,-0.9556599925838927
-1.3129632056499674,-0.7414233356626063,-0.5915671197421151,-1.3439663892614844,-0.7780745127396985,-1.35977375762536,-0.3943403918158608,-1.3261461206027465,-0.7809189734327636,-1.3126435365682867,-0.5659868713050805,-1.2808670510137175,-0.41006285917409807,-1.3399942094438049,-0.8888105492651812
-1.3108261977327862,-0.96679818516476,-0.7413173513585485,-1.3413769133745561,-0.7009018260336759,-1.3643661550783974,-0.6776909436255001,-1.3163919219789726,-1.0275995178427348,-1.3175811976520961,-0.6398796424934927,-1.2928836183681003,-0.28953386979371465,-1.3378703935593377,-0.8306199064447768
-1.3300169191806641,-0.5183738460980616,-0.9666478761648974,-1.3357257737827626,-0.8095153359993338,-1.3509419887005882,-0.38821688609818134,-1.3185080913059217,-0.8952196955473568,-1.3249406768480745,-0.7787701503199213,-1.307083503554783,-0.3858310985850215,-1.3383978789526063,-0.8364472361781988
-1.2901908087869416,0.02423000571219246,-0.5183117291589568,-1.322108542447025,-0.9665051250184553,-1.3313113893414419,-0.7803744390230991,-1.310913851766104,-0.5528491093535316,-1.3285631983068134,-0.9063659342561232,-1.324922427326263,-0.3728033125303023,-1.3278594999273676,-0.7800169561448698
-1.275593055762372,-0.6391451271371748,0.02418540821209893,-1.3113384997079993,-0.8668200576705791,-1.3215392077666017,-1.0270265069131237,-1.299164147882354,-0.2522880000054971,-1.3305628296227325,-0.9971724399055831,-1.3427426259184052,-0.5194966157421151,-1.3141069458167165,-0.8753136340985823
-1.276840808539642,-0.9901809895996198,-0.6390592579901115,-1.3035167432244876,-0.825288495753888,-1.3236592784872916,-0.8946619663930439,-1.2814307435142152,-0.983556504974167,-1.331170434573592,-1.0221034296935736,-1.353048545801726,-0.8686055812023197,-1.3050601687879648,-0.8901921085013828
-1.2552469729890414,-0.455184391714672,-0.990026081880353,-1.2938768179457825,-0.6719959314277006,-1.31605103812144,-0.5523309030681592,-1.269777518731357,-0.8367338195632243,-1.3273860929196162,-0.9089482960899294,-1.3553100430169909,-0.9524017356380755,-1.2952709352531144,-0.7712973495232543
-1.2383539166014268,-0.5787905368200343,-0.45513470230840786,-1.2817722965195888,-0.5313268364768096,-1.304279672350524,-0.251804490150871,-1.2573588460397698,-0.5756560905840443,-1.3208870430387871,-0.7754565439401389,-1.3530271673828425,-0.885618382212933,-1.2845968384702855,-0.6169265408407325
-1.2424792427959084,-0.9145157126259933,-0.5787165376702762,-1.2671515109881095,-0.8591453052575646,-1.2865135744772307,-0.9829885783195944,-1.2458997992476948,-0.9575014582003797,-1.3149121792613563,-0.69132875971663,-1.3508932494988453,-0.8274852688677165,-1.2748186724924118,-0.6073058251076507
-1.261734980516973,-0.5166642548539099,-0.914375686072004,-1.2623987396165268,-1.0037143830046853,-1.2748388656771699,-0.8361828419515515,-1.2480634486693871,-0.8237403918552165,-1.310272953555208,-0.6703560868525127,-1.351423243893593,-0.8333068374820811,-1.265049808171225,-0.9781954860290071
-1.2888410663651002,-0.31024075864676576,-0.5166024741418155,-1.2646114590961919,-0.8994744187879004,-1.2623972977799451,-0.5751352514868404,-1.264900126481313,-0.4299617004887361,-1.304885687445359,-0.7658303568009623,-1.3408347387247752,-0.7769323465625626,-1.2648567051216433,-0.9875466097688484
-1.286408253653153,-0.9590200511327278,-0.31021957544897505,-1.266209440318293,-0.8410400614274557,-1.2509171249594109,-0.9569365393106106,-1.2795497671495215,-0.7320664006106523,-1.2987585759879647,-0.9272345495594225,-1.3270167701419102,-0.8721348106082637,-1.2664039986354092,-0.9400477611843998
-1.2811880257023112,-0.8857254672899854,-0.9588712718662213,-1.2705421869006297,-0.8126307485915576,-1.2530847633096842,-0.8231909141899791,-1.2860370546232507,-1.1358618088617618,-1.2945292598180573,-1.0123286259512239,-1.3179269618231297,-0.8869985755873062,-1.2670259401834654,-0.9251138923939992
-1.2555329110388618,-0.3483937857468618,-0.8855911029421805,-1.273411470204562,-0.9208102482907554,-1.2699524814115284,-0.429457680185311,-1.274929303792351,-0.6763581130719104,-1.2896355440729315,-1.0479616268224865,-1.3080911654796614,-0.7682213604745669,-1.267066848366035,-0.9257545613370254
-1.2634308681292807,-0.8153150597589148,-0.3483650989552851,-1.2769108687856792,-1.0627424886437964,-1.2846291303232056,-0.7315275056861273,-1.2672667037280405,-0.7997136016706176,-1.2860781188311194,-1.0848333917461077,-1.2973662970073128,-0.6140031686248787,-1.2706545223814318,-1.0276800675878635
-1.2982054303946802,-0.1085995464337057,-0.8151945430959878,-1.283002264490031,-1.002493257577688,-1.2911283778336011,-1.1352763002570825,-1.2729417430467913,-0.4513885089978363,-1.285171692069392,-1.111533437070879,-1.2875416208640167,-0.6043919642960406,-1.2786270781764666,-1.0627775465896363
-1.290914136578311,-0.8312671617578179,-0.10861802021366915,-1.2833485144275518,-0.994055090966872,-1.2800001486274553,-0.6758256490483917,-1.284740830493542,-0.6103630688922558,-1.2823633201487907,-1.2314351211645655,-1.2777262906210414,-0.9749149496401702,-1.2828016406178449,-1.0829899218192767
-1.3263299271122992,-0.09173856410189186,-0.8311435077791252,-1.2900163430678573,-0.7148184038153094,-1.2723234217068737,-0.7991668976305625,-1.3057166866416383,-0.5971430667953107,-1.284958840937485,-1.1253932331415675,-1.2775322690705055,-0.9842568285046314,-1.2881650441966312,-0.8530510614957745
-1.3131818496616965,-0.677264086385963,-0.0917603539480201,-1.2953600402935614,-0.650842961866842,-1.2780089235923924,-0.45088201520814025,-1.310711089121383,-0.6262356288664997,-1.28765847779938,-1.0748475423732218,-1.2790869223363401,-0.9368049390823202,-1.29199545135724,-0.7890881017546989
-1.3055630683733703,-0.8226559374106658,-0.677170720345272,-1.3037162159507647,-0.8384175884161058,-1.289829763970405,-0.6098382232611663,-1.3155962796317748,-0.8956526906206734,-1.2897213179003895,-1.0493969615042293,-1.2797118221696564,-0.9218858344806687,-1.2954827056639675,-0.7806505098676323
-1.3105834528392224,-0.8909803158900879,-0.82253397701003,-1.311591771446078,-1.123069220367869,-1.310844291444484,-0.5966197472661451,-1.3103450758056445,-1.1372162482782222,-1.2936955981396354,-1.0427070636925908,-1.2797529249333308,-0.9225258700340935,-1.3033585991166143,-0.9476580925271842
-1.318653168828856,-0.810798690305387,-0.8908449180659824,-1.3150070094395536,-1.130708821008405,-1.3158479016612106,-0.6257089509252385,-1.3121696754999195,-1.0377496094646745,-1.2994627111222035,-1.0829601392544508,-1.283357663837206,-1.0243506088660022,-1.3112590655297753,-1.1850022081221916
-1.3415958451223104,-0.4197168662674044,-0.8106790618813323,-1.3234720089871084,-1.1017344714249637,-1.320742098564161,-0.8950949114819045,-1.324186045123291,-0.6922648307071828,-1.3065812910368184,-1.0849818830076174,-1.2913681413539322,-1.0594133891696764,-1.3174667843293533,-1.0675642365475757
-1.350930847028904,-0.7775282240212048,-0.4196741522946453,-1.3275809228723356,-0.9346710087660883,-1.3154812135591776,-1.1366305833186054,-1.337641272437609,-0.673310773314814,-1.312987361149343,-1.0410928001976074,-1.2955625602377303,-1.0796057816790219,-1.3260531706105592,-1.0429351910431675
-1.3307744159033161,-0.4929806833022919,-0.7774151389328443,-1.33051928208622,-0.9521031414519917,-1.3173091771061156,-1.0371754268200941,-1.341683519477238,-0.9108788865308693,-1.315999025116517,-1.0246958946098013,-1.300951475020585,-0.8498942476285858,-1.32668902847907,-1.0372765164215592
-1.3494057705219031,-0.5330822965636539,-0.49292356046176977,-1.3378420118148084,-0.9917830773478992,-1.3293477002446312,-0.691730530430371,-1.3442880079124837,-0.8695160873671314,-1.320523523008161,-0.9842035650909631,-1.3048001016377953,-0.7859945240940033,-1.331871461418003,-0.9949060853806064
-1.3651367230897402,-0.6093478483623361,-0.5330172868989675,-1.3469536503379493,-0.9988188928724231,-1.3428277337684298,-0.672778661072712,-1.3490254462387081,-0.6517665190750896,-1.3265527400823314,-0.9336518913619998,-1.3083039431833812,-0.7775652739301001,-1.340394461224843,-0.9724400892817667
-1.3710758784761812,-0.8668213992953397,-0.6092678394757253,-1.355709436719163,-1.0456820453581441,-1.3468774331404867,-0.9103193496974569,-1.3624653560744737,-0.8704379595760218,-1.3348510657711536,-0.9771573948367893,-1.316217298580135,-0.9444077465630722,-1.3490489064569473,-0.9983954766048536
-1.3943273568075762,-0.4115969720568665,-0.866690752829389,-1.3645168000733439,-0.8304944197953233,-1.3494867232401118,-0.8689613254079526,-1.3774460051828674,-0.7163900409350783,-1.3442520853110516,-0.9754542986664744,-1.3241553438194908,-1.1815172147689585,-1.3598753547015043,-0.9177504145870867
-1.4075632571329881,-0.6749547996420358,-0.4115558550317776,-1.373975702302173,-0.6308774211405758,-1.3542328955612941,-0.6512368938770595,-1.3915945932435194,-0.6055170166597047,-1.352106192601388,-0.8807613141190468,-1.3303925898360252,-1.0641953468244856,-1.3693130875802686,-0.7519365942381953
-1.465445929754997,0.49902407144230637,-0.6748618877710654,-1.3964689121124363,-0.22053394290704442,-1.3676975833670633,-0.8698830911969694,-1.4230655349764851,0.09930306079537711,-1.3646411109521766,-0.6381789319088209,-1.3390198175436518,-1.0395906505280184,-1.3856963703014962,-0.23136475396171918
-1.495924818282934,-0.2215535170220152,0.4988860957210853,-1.4209409299002427,0.13100677440399686,-1.3827058509698351,-0.715852955671587,-1.4569467054005762,0.3564595749033147,-1.3768214597289936,-0.33499235916807707,-1.3396586998908548,-1.033937570286631,-1.40932387568593,0.06602322778148652
-1.5076232355702432,-0.7153826404138703,-0.22154977603224135,-1.4447394224596002,0.2582615651388989,-1.396880523527693,-0.604992730451343,-1.4903151491868025,-0.48521535051864917,-1.3907862901591177,-0.1254178901041978,-1.3448657832411046,-0.9916090282598412,-1.431959509347588,0.20556540931913125
-1.5094909468293887,-0.9738792924951567,-0.7152817775592467,-1.4678578911269948,0.07466775519331242,-1.4284094854453009,0.09974598338001844,-1.5050034761209516,-1.0104765308436137,-1.4054324429280143,-0.017174041590729335,-1.353429322974533,-0.9691652428963103,-1.4526117763086728,0.17443432199546785
-1.5337736494451115,-0.38448111442874133,-0.9737275908468728,-1.4911485977348804,-0.1230751052286018,-1.462353119578949,0.35687281163404755,-1.5176254715954105,-0.7469309061998615,-1.4214620203490156,0.09056642541661925,-1.362124933357678,-0.99509496973966,-1.475888392073541,0.040255511568068905
-1.5699106224518622,-0.07277520030943979,-0.38444533030634104,-1.5182643050275388,-0.4099611006552385,-1.4957830818060953,-0.4847049517970518,-1.5383973446280828,-0.17094338067918138,-1.4395073953999853,0.23270859657530485,-1.3730028779564518,-0.9145296364870261,-1.5010084916594382,-0.023183110172970617
-1.522206878873276,0.23137095762121632,-0.07280071969918567,-1.5277446761990803,-0.6899097373894417,-1.510498488306151,-1.00990549657204,-1.5426379098392942,-0.371952458700874,-1.4524789263750195,0.2224522925264458,-1.382485501719498,-0.748879745966045,-1.5174101640194781,-0.5836262447584691
-1.5261966508937324,-0.9180800853232166,0.23128562150409268,-1.5328007616530945,-0.8015047084210271,-1.5231437538344326,-0.7463902953338101,-1.5401110988787188,-0.3143626407732609,-1.4650665615625391,0.18913553438461073,-1.398946712059386,-0.22882256274295554,-1.5261015627089898,-0.830631975377038
-1.5282588217729667,-0.9687660116571392,-0.917939357760504,-1.5362473745019458,-0.8723609003114698,-1.5439539221275056,-0.1704692611543858,-1.5262208723240536,-1.1662194145925278,-1.4792499424702443,0.04820324576821164,-1.422686602443873,0.06827140996911384,-1.5307274784231075,-0.92835032144996
-1.5190553463975238,-0.7809866905713143,-0.9686153156428832,-1.5378448470486068,-0.9273351204260051,-1.548202305292772,-0.3714551349179825,-1.5251698853470386,-1.1023730110593437,-1.4914342187166567,-0.1201738120356086,-1.4454299032353815,0.20767563481679402,-1.532363031568818,-0.9723228814310142
-1.4961056388944667,-0.41953198187179713,-0.7808729253028978,-1.5315534314387416,-0.7618088275020183,-1.5456708358748892,-0.3138719650930921,-1.5151350016897576,-0.6751659492263888,-1.5008404399914348,-0.31992819276728185,-1.466180403377911,0.17657532486607153,-1.5304480411676558,-0.8894358558012477
-1.5086866499013103,-0.6921749968332365,-0.41948930426043596,-1.5213276337135098,-1.1264914924028184,-1.5317550011412169,-1.1656304015405592,-1.5086079873222338,-0.8596964696444702,-1.510723681048019,-0.5697816249987389,-1.4895677351249113,0.042529168696660874,-1.5268589296168527,-0.8626285528704425
-1.5342184165213764,-0.3516372004277587,-0.6920786982489576,-1.5233338340504312,-1.067517330702942,-1.5307020765527068,-1.1017913683631855,-1.513664634954551,-0.5709789009222436,-1.520770692996969,-0.8011366598604358,-1.5148073192838667,-0.02084673521830721,-1.5217525673213133,-1.15742088477116
-1.5241880588954213,-0.7592439700779423,-0.3516078757505909,-1.5229983534432212,-1.0733648807838507,-1.5206486924702527,-0.6746336228249011,-1.5230296844760305,-0.8097767604236766,-1.5291467163057382,-1.1194420365523101,-1.531287006733484,-0.5807357944775582,-1.5220360079970006,-1.1545773297905497
-1.521972352628108,-0.9647288261609189,-0.75913448097199,-1.5219483699285399,-1.093997563123769,-1.5141096448251112,-0.8591428412507317,-1.5274602593324678,-1.040612364531514,-1.5332064585594578,-1.2401196439234978,-1.5400197463443621,-0.8274973258681737,-1.5214316520367441,-1.1623574818712559
-1.5667347259605906,0.15402815447250068,-0.9645789241439497,-1.5299119121615081,-0.7550240228666458,-1.5191756149502789,-0.5704586017544655,-1.538303941897703,-0.3594175035851421,-1.5382920443717083,-1.1919105262199636,-1.544667665377464,-0.925119063880189,-1.5269362685575956,-0.8842702431721894
-1.5725332868491502,-0.8705183064044825,0.1539580294413959,-1.542677069926369,-0.7052935974072778,-1.5285579299831316,-0.8092288947040831,-1.5544263221590378,-0.2704935743033139,-1.5429539009774178,-1.1319633723752163,-1.5463109980850613,-0.9690481509216818,-1.5345871752932954,-0.7025388919423364
-1.5560409889579094,-0.5893284096146221,-0.8703869328641337,-1.5505863229923114,-0.8232865373069652,-1.532996673097558,-1.0400378514137623,-1.5657876815556644,-0.9735606675808884,-1.5462971369958283,-1.1314272243250316,-1.544386898969592,-0.886243070547256,-1.5431619216211103,-0.8165466567325208
-1.5488279105859029,-0.8333238228410467,-0.5892523379709407,-1.5530264412164003,-0.8468490021363534,-1.543860347198794,-0.3589216268231343,-1.5598160376321621,-0.8356946514584805,-1.5473783379094115,-1.1240425032439456,-1.5407807156926263,-0.8594622703322494,-1.5489047950219401,-0.946399755492749
-1.5460946632932524,-0.9511201777097226,-0.8331997643767732,-1.5566853430498913,-0.9511524412927802,-1.5600124508629927,-0.27000796281801037,-1.5509991686133127,-1.0911231026323875,-1.5456678695869037,-1.1678369237070592,-1.5356500648182667,-1.1539631593596522,-1.5506038891840284,-0.9671614017514425
-1.5491960391981887,-0.9414403018657486,-0.9509729521191792,-1.5612323186969013,-1.170978208247444,-1.5713947561904902,-0.9729938948343535,-1.5487164845187906,-1.2165679616709464,-1.5476062380346867,-1.1654493620850037,-1.5359348536887734,-1.1511224156252795,-1.554181695721242,-1.057270995024207
-1.5688251438774652,-0.5068466376432041,-0.9412949800260149,-1.561581466096009,-1.1580047960137017,-1.5654121028766113,-0.8351437938071854,-1.5553852502470207,-0.8293396225048928,-1.5506678273832113,-1.1305909059867616,-1.5353276230896789,-1.1588948759527347,-1.560884764933115,-1.2187611800804716
-1.536705102009027,-0.17839968423969244,-0.5067867877716511,-1.5555973432798278,-1.1718295729784463,-1.5565789789781723,-1.090542758612793,-1.552253977856366,-0.6885477288493284,-1.5512744414057917,-1.1347449372255896,-1.5408584224985635,-0.8810825648386434,-1.5565885289483157,-1.163258323835235
-1.5393249087905212,-0.954103075607421,-0.17840443035713177,-1.5528053772013595,-1.1542998274802372,-1.554292086501398,-1.215973136440281,-1.5489621096663169,-0.6286435903930578,-1.5527302065989275,-1.1517255323059892,-1.5485457210217122,-0.6995308801110782,-1.5518375194437486,-1.2223567901808101
-1.538695945135634,-1.0064519386059292,-0.9539552633673815,-1.5511131082266867,-1.13514765067064,-1.56097314684166,-0.8287894984708726,-1.5389144913253707,-1.2284673574873275,-1.555789053365761,-1.2433357250236103,-1.5571612534101302,-0.8134259325035674,-1.5493560231204042,-1.2170232780195465
-1.5292773817420995,-0.7753309897070798,-1.0062938308629386,-1.5483042392123743,-1.0756199173951835,-1.5578361016017588,-0.6880138576705043,-1.536437462346773,-1.0732904651601494,-1.557267885031384,-1.2970501220335438,-1.5629314429756145,-0.9431506535683261,-1.5465589955693366,-1.1654211543742001
-1.5614490732182806,-0.17704156706635532,-0.7752183367509773,-1.5503507749432301,-1.020998418763919,-1.5545381644862284,-0.6281166344794716,-1.5438155264694635,-0.6758607156277469,-1.559223597810824,-1.2920832851377793,-1.5646386189345065,-0.9638917740765655,-1.5487556986832924,-1.1171785115334547
-1.583525863632868,-0.44248518017388855,-0.17704658028604991,-1.5528061299352642,-0.8734334945438857,-1.5444720222423023,-1.227871158604017,-1.5587656057986714,-0.2846779965529514,-1.5634852542343387,-1.2635596238265254,-1.5682334434252168,-1.0539122815898485,-1.5536671497000016,-0.9445854677752581
-1.5718707800407614,-0.7165220921582419,-0.4424379883341885,-1.5586795990265772,-0.8402446206127335,-1.5419904265850228,-1.0727121797198311,-1.5729698404886172,-0.8760308099618861,-1.5670689721465054,-1.296194915147572,-1.5749683960044396,-1.215242811327939,-1.5541028784890967,-0.9306838617087619
-1.6418708515691691,0.8176489026867552,-0.7164210052065104,-1.5758071068427546,-0.2629551803034285,-1.5493820929902993,-0.6753283090232204,-1.5997892505264917,0.08774274659538592,-1.572465268045128,-1.0162616762207828,-1.5706517248330423,-1.1597948273102021,-1.5691485839683872,-0.40416070620761413
-1.6916829481524267,0.28680972179052044,0.8174482627030755,-1.6013594204589061,0.33294829250583274,-1.5643597344550941,-0.28419074763416446,-1.63585795303112,0.913913017308811,-1.5810226274166006,-0.6266234100889271,-1.5658781169967961,-1.2188348666718418,-1.590945929560745,0.18197902780548242
-1.715611395378747,-0.39379619636487156,0.2867134824765094,-1.6324814442904176,0.523137016778626,-1.578590156233002,-0.875475295950581,-1.683793208640945,0.09190365117251763,-1.5924830151160647,-0.29407985127400654,-1.5633848173552474,-1.2135066274228659,-1.6162566202583089,0.5344393018481794
-1.7310281476093212,-0.617609689885474,-0.3937585802360423,-1.6608050116924225,0.592998365548508,-1.605459010838999,0.08818700368947831,-1.7135257777211326,-0.5561987781191309,-1.6055686830795555,-0.029673380248783566,-1.5605744856513986,-1.1619555195929154,-1.6451204149458019,0.5641428105510401
-1.6949120357705145,-0.07332374097951434,-0.6175280561342738,-1.6794090391381484,0.309581803311424,-1.6415942100121055,0.9142619022516476,-1.7146026281297337,-0.6182296808006968,-1.6162567851108756,0.0503447636012552,-1.5627816374553687,-1.1137605712575023,-1.6642145062764189,0.3335537599675088
-1.7423416390563198,0.22416248778381784,-0.07334915248722106,-1.707881554881868,-0.39597667518299184,-1.689617839602123,0.09234742793654398,-1.7235167479154645,-0.3760333332008214,-1.6301285518530244,0.20512015500737163,-1.5677164499490428,-0.9413381595244426,-1.686935738164947,0.20798258582886506
-1.7990761414801824,0.468833141982096,0.22407856936362652,-1.7341384184762447,-0.2807578875118789,-1.7194052239834399,-0.5556801851518269,-1.7462096936237128,0.6211681763779736,-1.646665237820697,0.47861194539883256,-1.568154251296336,-0.9274502971126392,-1.7194412351145854,-0.09972853580329646
-1.7800065176190758,-0.5215580854259202,0.4687011039409991,-1.7488904660502638,-0.28941304424755526,-1.7204840596856514,-0.6177039270569248,-1.7745873774732313,-0.22675462207823138,-1.6641392081718498,0.5499739454407768,-1.5832715221645057,-0.4014476823606915,-1.739203834214246,-0.3347245923099682
-1.68950460077152,1.356741248781254,-0.5214953422392999,-1.744530036797046,-0.13805257749186944,-1.729414613643587,-0.3755355383264444,-1.7569670484528455,0.8537839668117084,-1.6749251523409074,0.428546990499424,-1.605172547542169,0.18411257169394293,-1.73889218547631,-0.32286637913578903
-1.6449377751837866,0.14888626159166884,1.3564345849696977,-1.7301509839875253,0.3197834738927525,-1.7521493963235801,0.6215508554504688,-1.7055643049045142,1.2284159853129686,-1.682555467946175,0.26786307456570135,-1.6306036293656305,0.5362243901498409,-1.728781151427147,0.04674573823880439
-1.6121527092910788,-0.16091299677952098,0.14881714782175096,-1.716328291711949,0.8145907445822711,-1.7805793975924702,-0.22627405976755358,-1.6495876751373069,0.13580766009595674,-1.6885075953220154,0.07913375402611206,-1.659604715634046,0.565898532838097,-1.7117740474875183,0.48335452392810446
-1.6750411136324326,0.6306488893303273,-0.16092118202117503,-1.7050875712700027,0.7980691040254292,-1.7629265835339216,0.8541397929833717,-1.6447643275302897,-0.13267512992454286,-1.6966658049294194,-0.09377582929083596,-1.6787896286328963,0.33553745133036794,-1.7089311823594497,0.515158863784838
-1.7674174647639151,1.4060291621369492,0.6304850268252608,-1.699799851266507,0.5600120383390799,-1.711429073305359,1.2287285643928394,-1.6856093956638154,1.5661849335641094,-1.709872947098867,-0.1670866512536614,-1.7016189348020332,0.2100904216142081,-1.712518695307578,0.5962873402212583
-1.7479864181930487,-0.5120545400863087,1.4057128048224525,-1.6944517654394748,0.3344396656734416,-1.6553492443894802,0.1362463686314009,-1.7309078211737954,0.4955805813035059,-1.7225216176038494,-0.39281675580853076,-1.7342790452081907,-0.09731648513942798,-1.70520946266471,0.3489575059206945
-1.629202394147728,2.100414185748501,-0.5119936659714024,-1.6843799236162322,0.48594170380056484,-1.650517004404182,-0.13220542804285143,-1.7156213224332704,1.4469038976780333,-1.7216117657280547,-0.3631614481348994,-1.7541356457550936,-0.3320802156371958,-1.6836344305244677,0.19329152707150238
-1.6214869815951423,-0.8201150356457294,2.099961263040789,-1.6804631070206508,0.5834482305278521,-1.69143737496796,1.5664585209828612,-1.6669557800219499,1.304477937408651,-1.716570273325235,-0.2579568346903403,-1.7538225146497701,-0.32023372594204197,-1.6739033814917679,0.3060533789122485
-1.5290684179865113,1.40713913165365,-0.8199935749667708,-1.666586138218555,1.230014548205152,-1.7368193131682939,0.49597775806435657,-1.5939500378883404,0.7511054651467339,-1.7031727086296287,0.10173188554637087,-1.7436633871373461,0.049012978883299946,-1.6573263473360993,0.8989719960635054
-1.4968548697332824,-0.1759409506200148,1.4068225560403447,-1.6368249774897858,1.9062117291534046,-1.7215046320655447,1.4471912547631602,-1.5498142005871256,1.0780064645158374,-1.6863543234822236,0.4393330494088027,-1.7265753883530839,0.48519011657756783,-1.6408310782618896,1.461506396989276
-1.5091795803376502,-0.6989143699542749,-0.17594618029904055,-1.5936933697040772,1.4758522056137033,-1.6727493693090127,1.3047817359837552,-1.5123614321159864,-0.6862736961277812,-1.6730149706825557,0.6626514464844978,-1.7237190010443038,0.5169630134583869,-1.617101833800317,1.723032044443434
-1.4845809093980478,-0.3761727840145687,-0.6988167459307816,-1.5496986509617698,0.47368064122481224,-1.5996090329622887,0.7514731444072079,-1.4975255411563029,-0.8303137702218932,-1.6545025286712878,0.827959536505023,-1.7273235781147886,0.5980112832078563,-1.576637371476693,1.2978886616623513
-1.425345092707292,0.534604752072228,-0.37613863389977426,-1.515649838993235,0.489407489481315,-1.5553918263315103,1.078336406698783,-1.4736781447034468,0.2912600104928662,-1.6276610684636323,0.9265972565924467,-1.7199795788684393,0.35092596855643093,-1.5304781763108668,0.6347957024896098
-1.4013508281650462,-0.3920655418455549,0.5344597786631596,-1.4788820880093059,0.04516605531360996,-1.5178700095121997,-0.6857400874606939,-1.4377189359208182,0.28205253449582596,-1.6004659192935142,0.9917756824736471,-1.6983019243840785,0.19541388699439227,-1.4978802290789073,0.5797361295356297
-1.3856272336113895,-0.6095413260257078,-0.3920282660862713,-1.454924143501932,0.13296403155460704,-1.5030067669359006,-0.8297635337333745,-1.4047194268313972,-0.5497709686119416,-1.5786413684957743,1.172354817498772,-1.688524589299243,0.30806425819421096,-1.4641365785327356,0.1303294329858795
-1.4167301660175635,-0.2051443951528546,-0.6094612790876525,-1.441541493228561,0.006498882389817686,-1.479115405152831,0.2916807737867534,-1.4018464830085178,-0.7118538273932599,-1.5622514392120495,1.2617057586808929,-1.6718687059398962,0.9003966935261843,-1.4480647275712515,-0.0680955378517226
-1.4649346145802076,0.24453690538617287,-0.2051438813613989,-1.4341515763161639,-0.3318681846537792,-1.4430899015655902,0.28247436069021276,-1.4230506850865763,0.17713249192298205,-1.5516781977219418,1.2747882044940326,-1.6552949765802853,1.4623749516205347,-1.44349800542202,-0.19072733271563852
-1.497655979973765,-0.1625879899813439,0.2444489799090077,-1.4363354108728,-0.20961327198415317,-1.410029554207435,-0.5492531176636164,-1.4604105264918856,0.20441972211255496,-1.5389383517226234,1.1401605087259943,-1.6314528631934206,1.7236420449065832,-1.441849363180019,-0.2710253070183173
-1.4481610717331446,0.2784693112018981,-0.16259584580041905,-1.440146198979188,-0.19983177617097048,-1.4071513137927827,-0.7113172657850724,-1.4708922438268344,-0.36146656631930657,-1.516009275324738,0.6694652080919815,-1.5907959303348673,1.2989189749886256,-1.4366389010913507,-0.39996299295133475
-1.422042280408692,-0.33620149109639197,0.2783747122047327,-1.443602142729164,-0.2805638952522366,-1.4283946081779668,0.17756642996709854,-1.4565883186809805,0.12047979133484543,-1.492599883375682,0.059697198511265384,-1.544417177451595,0.6364815746496237,-1.4361663789888042,-0.39564738346430056
-1.4411787242905165,-0.5198010649639023,-0.3361752021755304,-1.4528805067972657,-0.5819136459048889,-1.465823326610056,0.20485051015002362,-1.4377540338760066,-0.7857641698870331,-1.479095974965766,-0.23899544365190944,-1.5116641770203325,0.5814764356764792,-1.4418644203898314,-0.4757305470441923
-1.4615365978820696,-0.48768378978418714,-0.5197386673322438,-1.460364201336314,-0.7124535975271032,-1.476324368157807,-0.36097045301584,-1.4422145634441952,-0.5589357641545154,-1.4676082971992825,-0.6707868053336017,-1.4777600236996733,0.13251403962153807,-1.4527245145052052,-0.7245412935435552
-1.4312286189724044,-0.22604755478544805,-0.4876277086889814,-1.45473453245248,-0.6725137610357953,-1.4619940721335376,0.12092026930193067,-1.4452780642239496,-0.7155990551274726,-1.460581417627501,-0.7889197838808352,-1.4616117264548525,-0.0657147607686665,-1.4547987587717661,-0.7982263785165189
-1.4216391341607026,-0.7708366416675126,-0.22604292994879757,-1.4420379880008352,-1.0187146621979117,-1.4431250642277662,-0.7852190761534308,-1.438761915359679,-0.5197561474849997,-1.455179404120756,-0.8354004794327321,-1.4570232825427587,-0.18822531719186567,-1.4486046219002011,-0.7491303560590323
-1.3603692220225043,0.5880909270907134,-0.7707248726193091,-1.4273747497354161,-0.45031410875782363,-1.44759381727879,-0.5584168552326735,-1.405024171787341,0.1218736658603536,-1.4444918058483702,-0.8096675532658109,-1.455366798480158,-0.2684439058734828,-1.4289634731898944,-0.5815459445650182
-1.3467019084262137,-0.6636108650491345,0.5879354345024079,-1.4147911918194367,-0.07470439514255298,-1.4506629659632815,-0.7150620611744783,-1.3768358308207882,0.17528282915426055,-1.4345893004766326,-0.7311929294346369,-1.4501315526586076,-0.3972541191228501,-1.4144480563771364,-0.290503128529766
-1.316244551015788,-0.22211967389582407,-0.663520184201063,-1.3939243396428505,0.24594786724961368,-1.4441348038531578,-0.5192417614133008,-1.3416883794823948,-0.45556468641785935,-1.426753671464644,-0.5227371683714416,-1.4496567829892675,-0.3929427762109364,-1.399311935696392,0.0858681890483752
-1.2924578227704377,-0.397522671555173,-0.22211582155941476,-1.365684333614274,0.21860643744774258,-1.4103348609946316,0.12231398292015763,-1.31904098595125,-0.287956650932809,-1.418932947762967,-0.29354308966057846,-1.4553819273100796,-0.47294676653978945,-1.3780349430229752,0.32635465927659846
-1.3039157033402327,-0.7217075102657344,-0.3974843225367618,-1.3444201772907296,-0.03716257873625879,-1.3820945516833907,0.17571698072133182,-1.3047724532018372,-0.8450035417652816,-1.413064404607452,-0.15429544663132047,-1.4662936778173525,-0.7215115293040808,-1.3554846586711042,0.0886066595267852
-1.3055873011239612,-0.97903606116243,-0.7216054034926663,-1.3250368782195117,-0.6773246209485103,-1.3468823021056038,-0.45505771053501776,-1.3012184264122524,-1.0179790997757379,-1.4050820954169192,-0.0475317200052728,-1.4683777882944258,-0.7951237664090334,-1.3375095833991217,-0.20762111910669567
-1.30624165986964,-1.0057841792476354,-0.9788833453273235,-1.3159963426437136,-0.9271234052800034,-1.3241931555832238,-0.2874690235299099,-1.3058151213205134,-1.2345916640421284,-1.3936847265253454,-0.037197492342154775,-1.4621541888087883,-0.7460762821403155,-1.321000059923089,-0.8022924485366726
-1.2995352370409627,-0.8466462394949273,-1.0056262028335419,-1.3081184343528132,-1.261056714769136,-1.3098983172052183,-0.8444516095063349,-1.304354304061232,-1.1436068107926511,-1.3794556437258216,-0.15727725986561086,-1.4424196163339777,-0.5786575509477314,-1.3122967489592805,-1.019047533377139
-1.2596582357159896,0.02556817362321742,-0.8465195608977203,-1.2986672310060525,-0.952666995887576,-1.3063377381715886,-1.0174071994161866,-1.2890376763629647,-0.3610589498535848,-1.3659173214788536,-0.11829341539005078,-1.42783515646768,-0.2879024708722855,-1.299843707271171,-1.0023932262362583
-1.2727156181705432,-0.6796488950428439,0.025523312944309914,-1.295369833230667,-0.8859601000421602,-1.310942907598648,-1.233994758175873,-1.2778572638215793,-0.5378059593956712,-1.3551926421257006,-0.10973060449515978,-1.412627040335201,0.08809675175507793,-1.2936161711564491,-1.0015317193989346
-1.2846029933717669,-0.7104140259530941,-0.6795550599794624,-1.29214417084,-0.9140377747302082,-1.309479397160121,-1.143020408113806,-1.2728775932154086,-0.823844992032746,-1.3439473327923184,-0.21333784250544985,-1.391248842952111,0.32834546794328,-1.2924924074765756,-0.9965906823079997
-1.2732908835143912,-0.7255405250079001,-0.7103141402808181,-1.2867499335834698,-0.958330500264625,-1.294134531553542,-0.36056288360489686,-1.2774238688475161,-1.0341326107926874,-1.330427477088457,-0.45120853406672634,-1.3685912974371657,0.09083251487777223,-1.2881110188459328,-1.0004214378490084
-1.2972628359546703,-0.39265223456556686,-0.7254376643920105,-1.2852502655067384,-1.0247229794153334,-1.2829335066769576,-0.5372894896743269,-1.2856099835112496,-0.8414973022541309,-1.320806020038356,-0.7000087683316366,-1.3505307231333334,-0.2051024017453437,-1.2869200659764541,-1.0375587509866837
-1.3162931907039506,-0.5225906596793073,-0.3926148434208424,-1.2880492254125948,-0.8778582257454337,-1.277944655493654,-0.8232955022925837,-1.2961781705603443,-0.4934449696268991,-1.3132400472388879,-1.038974755643514,-1.3339426715703724,-0.7991858165582423,-1.2883581042463432,-0.9677885280679638
-1.2904560085967884,-0.34360635496438025,-0.5225277134152817,-1.293193154869419,-0.9971674372604177,-1.2824993126910111,-1.033558845690297,-1.3019024723275567,-0.7905232504460095,-1.308218862238825,-1.1676069936084605,-1.325197963024076,-1.0157266091058115,-1.287059169966674,-0.989897744822282
-1.2628336145396601,-0.2966645268800416,-0.343578609721577,-1.291542635211191,-0.9257732597573171,-1.2907005193684609,-0.8409457747514636,-1.2904208634232452,-0.30454903792907356,-1.302195419764802,-1.2435837627971802,-1.3126856880369786,-0.9990887670442459,-1.2875134605961407,-1.010204541843439
-1.2608277186028478,-0.970245751176401,-0.29664601373325505,-1.2875716228687988,-0.8329181495880784,-1.3012881900469024,-0.49293362088748316,-1.2719239926784376,-0.6752327378785289,-1.2982153685838012,-1.2383374434237953,-1.3064285304435945,-0.9982281119252365,-1.2858126993082606,-0.9555000284889564
-1.2638609648270078,-0.9432317596041508,-0.970094764140302,-1.2859966116918815,-0.7959624786019833,-1.3070230452016904,-0.7899776073295899,-1.263054959955421,-1.2220906931742628,-1.2961615348788589,-1.2161928715913837,-1.3052994215451224,-0.9932919597308582,-1.282845207954536,-0.9160939250786324
-1.2709425819430917,-0.8367805729907314,-0.943086085436642,-1.281600529856831,-0.827766351008942,-1.2955202686731537,-0.30405949511999436,-1.2657591742396128,-1.0892238285104265,-1.29379339680521,-1.225520676884596,-1.3008971926965438,-0.9971189280417354,-1.2825092444496324,-0.9115367474967261
-1.262093186250869,-0.7902971523448767,-0.8366558346839679,-1.2725478947671034,-1.1544458095941303,-1.2769892968879317,-0.6747004037670357,-1.2661811879831264,-1.1077132168931838,-1.2906696382695817,-1.2346058193016771,-1.2997005750208945,-1.0342195258239664,-1.2774776424930363,-0.9265741994315216
-1.2770328168732497,-0.6301555170112509,-0.7901815559786831,-1.2703059160507046,-1.3081047795163023,-1.26810391311573,-1.2214952304057882,-1.270573795411492,-1.0046719729590572,-1.2885718516404723,-1.2708343650865401,-1.3011454533667208,-0.9645182803922393,-1.27186079457312,-1.2203958104697104
-1.2832798303656727,-0.8587263256063831,-0.630071415859752,-1.2737208997339422,-1.224616986760997,-1.2708131129200058,-1.0886437037408645,-1.2746880755352255,-0.8817732249767415,-1.287404384145152,-1.2949546464094877,-1.2998403406637813,-0.9866056391368321,-1.2708341232035527,-1.2841716157523069
-1.2970695200865248,-0.6603930067993539,-0.8585972712066259,-1.2797741059492675,-1.0982419349546408,-1.271235904692837,-1.107130957729771,-1.2863521379073262,-0.9048732461482849,-1.2900912722269609,-1.2940114534468536,-1.3002967921414452,-1.0068923600887323,-1.2757321375649748,-1.1491419305048547
-1.2948472882691122,-0.9645572379912846,-0.6603029588106647,-1.2849495276438603,-1.0830782301565365,-1.2756366103820116,-1.0041016087590078,-1.2922929865526909,-1.0086176750019724,-1.291680774475248,-1.2856180028427273,-1.2985879411270231,-0.9522419296897068,-1.280599201489033,-1.1268477223641653
-1.3254515819830708,-0.21825601014434934,-0.9644073697207314,-1.2940537720336363,-0.8380915465834646,-1.2797584756391824,-0.881217048067614,-1.3063566086440583,-0.6567721692099214,-1.2946145306331818,-1.197652446972475,-1.2956063348038798,-0.9128747846468885,-1.2894107612401264,-0.9226743865407222
-1.3724386032364717,0.21252487260947037,-0.21825291767853275,-1.312483969666912,-0.4049864592226148,-1.2914440420087883,-0.9043144025991303,-1.3314910235578659,0.14519171362368266,-1.3017353454071718,-0.9553209842036099,-1.2952687732776063,-0.9083221124634778,-1.3039314511994264,-0.454185084984858
-1.4096704058769254,-0.04398685142576398,0.21244324297062991,-1.334637467707129,0.05268553408234681,-1.297395843270006,-1.0080468553145914,-1.3697827442347588,0.25885055409508073,-1.3098084860386863,-0.6452221149840851,-1.290213238342181,-0.9233446978033014,-1.325044821200909,-0.06172808851874678
-1.4211352780154327,-0.7215236682202258,-0.0440180326487171,-1.357662466972301,0.2178080223453188,-1.311485393214356,-0.6562419661653641,-1.4016917660252914,-0.3510081894681596,-1.3173382717599895,-0.3979286717720407,-1.2845696737019205,-1.2168758256596148,-1.3456610693449569,0.1481921299386431
-1.4226218986834034,-0.983900001249552,-0.7214215976035557,-1.3786325735166396,0.1602964491013002,-1.3366661462201896,0.14562933887471904,-1.4184271131568973,-1.0201395183233761,-1.3268304600360745,-0.21739285179066334,-1.2835381189364956,-1.28058857976371,-1.3655962643067439,0.14323197141059954
-1.413512258519611,-0.7834540706342942,-0.9837463288185109,-1.3984523260139121,-0.3189740667567426,-1.3750284619470428,0.2592750586995516,-1.419708311153782,-1.100279400305906,-1.3376522390662395,-0.1474680568292074,-1.2884594308629933,-1.1456923899813454,-1.3822553301622513,-0.028938207606518985
-1.417786799324564,-0.9105921412021278,-0.7833398201037866,-1.4138744101439344,-0.9234479142568508,-1.4069963115715738,-0.3505132834677567,-1.4185916456826257,-1.1122791906138363,-1.3489250806812294,-0.11835516042820306,-1.2933496451353623,-1.1234202227398777,-1.3998438671416848,-0.47624190638691266
-1.4337826012570667,-0.602383681813588,-0.9104528863008328,-1.4241202548561056,-1.2455320392581994,-1.423762512178708,-1.0195673685675783,-1.422313566097365,-0.8891087047728052,-1.3611288963867578,-0.0970085246237571,-1.3022031173578308,-0.9194487404153469,-1.4153424169745503,-0.9666695879723564
-1.3801310891258496,0.3877664651061109,-0.6023050425765387,-1.4191865162329163,-0.9387539260598131,-1.4250460722067317,-1.0996979992937788,-1.41118146621257,-0.2750449394554759,-1.3689708431029928,-0.1805466258010083,-1.3167928754525644,-0.45142260514092,-1.4164429547216688,-1.044202050601411
-1.402927759130992,-0.42355607543542884,0.3876503705289825,-1.4161454459228056,-0.9309292249998923,-1.4239273480384647,-1.1116964043596387,-1.4062262078249452,-0.29756807400767227,-1.3790856184106246,-0.30402957785729406,-1.338006671887144,-0.05935360653745714,-1.4154783072246035,-1.030025493992557
-1.408742073460436,-0.8701040725014741,-0.42351260640158417,-1.4138271990126723,-0.9547831159816609,-1.4276561302278377,-0.888551681064279,-1.3978755819582487,-0.7275006253576675,-1.388545011151132,-0.4277654977830519,-1.3587209818879584,0.15035907683501507,-1.4137052536738137,-1.0395894159454901
-1.4120301731539455,-0.9365304333301809,-0.869972780428919,-1.4135796570037207,-0.9565471526599806,-1.4165035070776046,-0.2745588025657841,-1.4085134294657915,-1.110400965267672,-1.3977918939402951,-0.5838438872841133,-1.378750999254836,0.14540382210770533,-1.4121899315893898,-1.0606178335715322
-1.418868978753663,-0.8431652582704816,-0.9363860771191753,-1.413760405613843,-0.9531552811576572,-1.4115391131194897,-0.29707933707308487,-1.4138295778317094,-1.090117813314046,-1.406539562441114,-0.7481897977270573,-1.3954893045004775,-0.026596142944387866,-1.4129562993023914,-1.0510750237971722
-1.4374023822104809,-0.5356579047968979,-0.8430392642813141,-1.4143649914696304,-0.9215550701646602,-1.4031730919443601,-0.7269622575010163,-1.4233873442469938,-0.8001466775067912,-1.416777906014625,-1.0001579315175901,-1.413161501929764,-0.47345762033328065,-1.4157626339136153,-0.9677594491650554
-1.4630179634706257,-0.34943330949727547,-0.5355923885847785,-1.428208987143483,-0.8064081303494202,-1.4138305515080598,-1.1098183958336607,-1.4403909778829245,-0.470843706353118,-1.4266579589744575,-1.1537985013633076,-1.428733771120448,-0.9634004465232233,-1.419945237577692,-0.761820036489185
-1.497087427945947,-0.12713996637942793,-0.34940441826152885,-1.443935796219474,-0.4330745499862015,-1.4191565007853197,-1.0895375853439004,-1.466475611976217,-0.1877300226597055,-1.4356102696785196,-1.0218573057826708,-1.4298395436112583,-1.0408562576208824,-1.4366777824906825,-0.5232487954988249
-1.5355792926357874,-0.010853745802630203,-0.12715479379656072,-1.465120500401261,-0.01472901095383724,-1.4287318880070257,-0.7995999234729569,-1.499216081920316,0.043948678692922544,-1.4446530783635996,-0.7348679917182126,-1.428870307736908,-1.0266937164932495,-1.455655785432106,-0.12203466765880822
-1.5418683232657544,-0.8576214925095504,-0.010891443346419734,-1.486806428392371,0.07381487099755257,-1.4457668697345234,-0.4703349666776879,-1.5255114483539325,-0.3952826803883681,-1.4533241567780812,-0.5249346670306723,-1.4270888205990695,-1.036248183190423,-1.474701704417244,0.039039726022185466
-1.5826215621128026,0.04860868213150498,-0.8574926553984173,-1.5141568391000617,0.16633983106154757,-1.4718995937546842,-0.18725396530415664,-1.5540357494014307,-0.34811134634103896,-1.4648153738264924,-0.24306541534150683,-1.4255662908357236,-1.057255811325725,-1.499107633213582,0.22862243322292816
-1.5718972774860787,-0.7409972840338611,0.04855929005287353,-1.5366205495858236,-0.10453669063452041,-1.5047004244000148,0.044397991324131386,-1.5661472314828104,-0.5088695622555257,-1.4761906266935874,-0.09626892411344881,-1.4263363038017498,-1.047722435934825,-1.5210008705304352,0.06914933762342496
-1.6104879878464093,-0.008254616622969379,-0.740891383521801,-1.561251402125748,-0.26605184026788614,-1.5310442692690291,-0.39478266339136503,-1.5890308204656436,-0.5527624437672997,-1.4900304756990737,0.10585264831764586,-1.4291559868350905,-0.9644892302378365,-1.5457636384087146,-0.04215122309882732
-1.636098402352553,-0.3495691683671846,-0.008292825340079715,-1.5844694006751705,-0.3005133085962546,-1.5596211580410257,-0.3476167747488939,-1.606864513469328,-0.10117784521521177,-1.5045608486566153,0.32400025606130234,-1.4333584851899253,-0.7587534170713971,-1.570525667097098,-0.14641025380494338
-1.6464044997554788,-0.7519934420905959,-0.3495402504119389,-1.6029797341875305,-0.26581623291261397,-1.5717549689879542,-0.5083564329187761,-1.6317115112080205,-0.6047032043003131,-1.523684673608379,0.3834972047482273,-1.4501706189985837,-0.5204180366528375,-1.5918879518226194,-0.2571358207726344
-1.6243442113920559,-0.4429190986499636,-0.7518853789531941,-1.6167550858031408,-0.5880596189680538,-1.5946807464146326,-0.5522442474865035,-1.6363323458683234,-0.8762520052252958,-1.539586860253561,0.35643235232208015,-1.4692388914300305,-0.11960056430748142,-1.6045872463180813,-0.42462169940565
-1.6139527283075792,-0.7497482409063276,-0.4428718214710853,-1.6219881040908488,-0.7017595141658334,-1.6125473178167364,-0.10071177934404738,-1.628947108623436,-0.6747012049294323,-1.554325142353355,0.25565123904564124,-1.4883754029500693,0.04131458512245201,-1.6149001165486054,-0.7426889939323483
-1.6233465652787042,-0.7759811665501701,-0.7496406193348758,-1.6305813068537014,-1.0866999824640209,-1.6374401237618952,-0.6041790120375197,-1.6212576467383606,-1.0694624536885367,-1.5695019400774595,0.10471403655438234,-1.51289741934281,0.23070986367279142,-1.6207265039973713,-0.8383840750666273
-1.5897037254423145,-0.1383579847540245,-0.7758683857231412,-1.6271098616932844,-0.9003641400938509,-1.6420694774453168,-0.8756964656794625,-1.609705584403403,-0.6460159406743409,-1.5817713355969998,-0.14751541743585372,-1.5348947925570837,0.07139442922036847,-1.6232740118381115,-0.9979821412266872
-1.5959745543803385,-0.858100102735101,-0.13837060591232636,-1.6204082653049905,-0.8642321262597398,-1.6346706246933942,-0.6741689321774947,-1.6037101435144525,-0.6266783167758907,-1.5931600298553852,-0.42318872183813333,-1.5597753453484984,-0.039796095548745886,-1.6211976243608461,-0.9379899966445342
-1.608180396259507,-0.7020400017668074,-0.8579711714952187,-1.6140239695088414,-1.0655891756623885,-1.6269669864292908,-1.068884610149485,-1.5986524624488248,-0.93606406527091,-1.603585633176652,-0.6941887901733931,-1.5846551554340367,-0.14395205182520465,-1.6172034903485701,-0.9766995921636783
-1.6208943146902952,-0.6886802199547463,-0.7019417630221967,-1.6134477581920097,-1.0866258335167909,-1.6153936265813653,-0.645486979316505,-1.6090540379861726,-0.8244353098743251,-1.6124774756791533,-0.9090545016731963,-1.6061190505636593,-0.25456815130037846,-1.613553835087054,-1.1362922865423422
-1.63490736339345,-0.6545198224144113,-0.688584608691712,-1.61694765947034,-0.9688417024990404,-1.6093871324296833,-0.6261515877312435,-1.6220375231845867,-0.791364195502741,-1.6196112433109808,-1.0150491729571267,-1.6188787496676196,-0.42188844704528516,-1.6150650692541768,-1.0732445289487285
-1.6526597561599885,-0.5561944408400429,-0.6544309295107366,-1.6218436299235066,-0.7633191240078793,-1.6043201269659557,-0.9355016210892652,-1.636870696683792,-0.6984659882720629,-1.6275683125647773,-1.1197943761881601,-1.6292406734017848,-0.7396412881883875,-1.620602751850285,-0.8913953828437986
-1.6552745338004362,-0.9542353159693724,-0.5561248856869547,-1.6327954482230456,-0.7638010382744781,-1.6147408789657804,-0.8238857519885464,-1.6483359640829305,-0.8746676680305153,-1.6327862677090572,-1.1130757504024846,-1.6350947742524984,-0.8352417615381693,-1.6251705775248901,-0.7674751921304841
-1.6704363450576987,-0.6243133170604334,-0.9540874777214893,-1.64523226305234,-0.7829302931731553,-1.6277483006645668,-0.7908184553085856,-1.660184325895127,-0.9287033466232331,-1.6398633689287925,-1.1326292709232504,-1.637654399397379,-0.9946820430005158,-1.6367207183491175,-0.7408947292389294
-1.6738344150754134,-0.9336387833760552,-0.6242303649002092,-1.6561979793933597,-0.8731116144498168,-1.6426088207704468,-0.6979309721407133,-1.6672457447235824,-0.9183662535945752,-1.644412925652395,-1.0749613575329768,-1.6355681355153493,-0.9347492089264775,-1.6478598633423909,-0.8101419150969842
-1.6326078395302723,0.061054985724929324,-0.9334949958687221,-1.6581544048044057,-0.9715058848874457,-1.6540952256664263,-0.874112311378756,-1.6596867553515438,-0.44478637905896073,-1.6441622325312224,-1.075592228536235,-1.6315550032743615,-0.973420534672218,-1.651354614424385,-0.9523120855808769
-1.6392135943910005,-0.8492932856594808,0.06100314581939132,-1.6588736434507119,-0.9977898489856282,-1.6659654312526628,-0.9281417521545313,-1.649274454482157,-0.47179033024890865,-1.643645779855346,-1.0813063969226921,-1.627887988308548,-1.1328554496639152,-1.6539754913555362,-1.0502379021764487
-1.6336897474284677,-0.8777418598252205,-0.8491660864650719,-1.6557052199712654,-0.9353860329901541,-1.6730398685928536,-0.9178058524280714,-1.635886833311184,-1.1492342534662745,-1.6443169786611829,-1.082879332828369,-1.6294064107102808,-1.0698700234732612,-1.65380129118797,-1.0442016687630746
-1.6049634835955473,-0.26763846908129374,-0.877609065621436,-1.6473021288076857,-0.7031296663540257,-1.6654669433823899,-0.44428064741159473,-1.6266678713303682,-0.6085419706465791,-1.6436713687900535,-1.0692284346046736,-1.6349704334742878,-0.8882006603270974,-1.6469775479781694,-0.8284700980137119
-1.5998236337865988,-0.8878389961169477,-0.2676256645181632,-1.6355081978978285,-0.6791516545635365,-1.6550354462771826,-0.4712814812962986,-1.6135319331990843,-0.6135539662631389,-1.64198194579005,-1.0399063542615423,-1.6395599861607095,-0.7644029818114726,-1.6390443766399772,-0.6967180188270338
-1.63975569941662,0.02701607964983576,-0.8877042160993264,-1.629816276277183,-0.9534368906115454,-1.641623143536181,-1.1486472011618825,-1.6155548336742556,-0.48706507309445013,-1.6455766914558345,-1.0961934548181969,-1.6511650656065147,-0.7378487973730554,-1.6346550012001484,-0.815038244240435
-1.6629414155389233,-0.4133261775518801,0.02697093420980994,-1.6348826742847768,-0.7706038374001067,-1.6323871853726366,-0.6080173352409886,-1.6348895706301267,-0.11543760243578786,-1.6503862686769972,-1.1254165967626295,-1.66235719430629,-0.8070275228383812,-1.6330965768700076,-0.9008886391751731
-1.6695874324949036,-0.8482346010849782,-0.4132847204422267,-1.6399557969792071,-0.6145005216154382,-1.6192270296770266,-0.613028752278506,-1.6581547105179135,-0.707860898862729,-1.654796537839794,-1.1305647294925967,-1.6658685682857988,-0.9490571385028241,-1.6383871212422672,-0.7646188206994697
-1.7125820351306908,0.10754494101519069,-0.8481076101031175,-1.6531326057113942,-0.18486131777326334,-1.6212536595944265,-0.4865544608429939,-1.6824411587801003,-0.2968128779387437,-1.6613815735434423,-0.9983624646906735,-1.668501911503562,-1.0468861419242665,-1.6488836940852467,-0.38142294909741087
-1.6919312153516404,-0.47998082231764383,0.10748395788390779,-1.667658197510018,-0.27735968431633984,-1.640624042290349,-0.11496989043455717,-1.6921088053310214,-0.4951046302210062,-1.6654770412822066,-0.9556346819469451,-1.6683268827472166,-1.0408558761600462,-1.6572161024664789,-0.29420969089724885
-1.738584383017597,0.20374625239720884,-0.47992625617271095,-1.6908344027565103,-0.3939202179618532,-1.6639320740535513,-0.7073247981936448,-1.715118213297077,-0.42681989313364277,-1.6716481701199881,-0.7806984667897241,-1.6614706821802587,-0.8253375858187542,-1.6763327892869586,-0.17985603627584645
-1.657346194058611,1.1131531852050514,0.20366634925833657,-1.69377241596608,-0.518578514937537,-1.6882632970868405,-0.29632422818312687,-1.6966979209225965,0.20657592717523265,-1.6717969572934532,-0.7809577141648019,-1.6534997764538288,-0.6937157617315753,-1.6845623459999333,-0.5234584682923981
-1.6608931647196947,-0.9297234676608547,1.1128944281002264,-1.6934303114325866,-0.508002447176076,-1.6979487670204456,-0.49459308989226924,-1.6863472146370129,0.3939670495233289,-1.6711115636229543,-0.7840116305501543,-1.649089522806546,-0.8119190112852471,-1.6875864111433736,-0.6280137412693685
-1.6472740105625427,-0.6648772088649029,-0.9295804501825574,-1.6897034618060018,-0.3937087620737231,-1.7210005953916492,-0.4263162355168658,-1.6558966281192817,-1.0209472721859403,-1.6692039885280516,-0.7878277859085887,-1.6475236857802458,-0.8976845312654244,-1.6853449288938256,-0.5595479725060143
-1.6799002740521516,-0.16508867749115627,-0.6647862789637335,-1.6842448634143785,-0.47675804409581635,-1.7025463431575052,0.20700646630285469,-1.6634180623846944,-0.6814296070283697,-1.6726005433594195,-0.7921304354869543,-1.6528393947993811,-0.7615494342975246,-1.6868203519985367,-0.5726977680525087
-1.676659953782721,-0.9377867847181093,-0.16509604149753174,-1.6816942149460214,-0.4946797173948198,-1.6921765541925737,0.3943759564340846,-1.6686760408767525,-0.6236121872319397,-1.6752899505382832,-0.7979193630289297,-1.6633858949334699,-0.3787324046590339,-1.6816811022102216,-0.6458464426718825
-1.6385090052210778,-0.019818074257474994,-0.9376421814192266,-1.6649793477462826,-1.0050279604492127,-1.6616698286286324,-1.0203750291839604,-1.6657530481618792,-0.43988572638399764,-1.675636070874542,-0.8039883297331976,-1.6717579366869575,-0.2916053687917159,-1.6740381686216814,-0.5640576406510959
-1.6182556837098108,-0.4904329679860985,-0.019854008777871576,-1.6584503422742376,-0.7735561672368223,-1.6692051294954502,-0.6808965575573885,-1.6451955377597216,-0.19816405405867343,-1.6765907201112316,-0.8372737745686315,-1.690965552651855,-0.17736476852780658,-1.6568231515836878,-0.9027007646195727
-1.621998925135893,-0.9245625630922291,-0.49037634620728154,-1.651954118489804,-0.687988443623951,-1.674472801656212,-0.6230858121377806,-1.6269669363729786,-0.8857803221487711,-1.678183355248988,-0.8982884566884842,-1.6992342535197702,-0.5206275021559394,-1.6517661382506135,-0.8133648006346061
-1.6035170047981937,-0.5370116441817138,-0.9244205606141662,-1.6446457020090173,-0.5200505662095346,-1.6715444200788616,-0.43938056046237217,-1.6152976494381321,-0.9224047657507085,-1.6755806828652713,-0.8202359867158731,-1.7022727027277056,-0.6250794078269146,-1.6435575265369873,-0.6799078466058563
-1.5908235015693986,-0.6892170340301188,-0.5369458617283231,-1.6297678523779329,-0.5730527179667372,-1.650949009617677,-0.19768679221047206,-1.606149444111865,-0.7072925454358356,-1.6704011557041576,-0.7108236216240198,-1.7000205587947237,-0.5566813269177303,-1.6354813445478962,-0.5250732715819255
-1.592637364806303,-0.975295216583473,-0.6891213171913264,-1.6157341664959295,-0.9292853444293596,-1.632686801774947,-0.8852236826649286,-1.5963578212209186,-1.0282373138345817,-1.6648745820180209,-0.6351919017649327,-1.7015029997975586,-0.5698181220779093,-1.6229969374355964,-0.6536586862912819
-1.6471924831485727,0.41152662838307097,-0.9751432364639904,-1.6171845050665747,-0.8453700394940573,-1.6209960012105324,-0.9218438983829798,-1.6109229127483475,-0.11154534307323632,-1.6601782875482756,-0.7163166841200632,-1.696339304999991,-0.64289447914488,-1.6187811268106034,-0.8970211091640251
-1.684409627979938,-0.04437227588717507,0.41140586087099945,-1.628233720343705,-0.37286315651166385,-1.6118309301493063,-0.7067565103768211,-1.6421324277519829,0.4028924005885807,-1.6596380852054387,-0.7296657421640151,-1.6886600175485367,-0.5611865366339464,-1.6253479725206752,-0.55443007689482
-1.6639250760939739,-0.48435280674971776,-0.04440338130831603,-1.635236342376129,-0.2643308021512907,-1.6020212553114912,-1.0276642292785305,-1.6659057687410863,-0.5993727932597335,-1.6542760345476155,-0.9384984045726782,-1.671363116720475,-0.8994948651739216,-1.6318817368888656,-0.4577998179824543
-1.6643896953296504,-1.0107733456373769,-0.48429738076225837,-1.6454034680040972,-0.2788553808616623,-1.616613199206635,-0.11107808038997531,-1.6716407710557641,-0.8523271192111893,-1.654781900623531,-0.9310444528519017,-1.6662820495385302,-0.8102472221091982,-1.6379464399508776,-0.39749072774129013
-1.6712581036055785,-0.8423868612081336,-1.0106143879989675,-1.658837878354586,-0.5031925823417077,-1.647880252425633,0.40330027716701633,-1.6672549425892473,-1.128724230201919,-1.6555263132046496,-0.917611049795069,-1.6580343932955361,-0.6769222086838395,-1.647637928156516,-0.4210531967847908
-1.6734779839698684,-0.9646190690294635,-0.8422610203070905,-1.672340102811943,-1.1208085269941004,-1.6716974222154586,-0.5988492163334947,-1.67044068852314,-1.1057069533842103,-1.657408289325722,-0.8943301444707046,-1.6499197966833816,-0.5222407089897263,-1.659463023341421,-0.6426253528808311
-1.651189951106288,-0.43693059785948074,-0.9644691885985386,-1.6730077709988642,-1.1598207321912541,-1.6774429976453626,-0.8517743415268374,-1.6660387794882892,-0.8311111109487896,-1.6553463065350755,-0.9281863445206339,-1.6373760070814303,-0.6506989992841169,-1.6678399423688108,-1.1597863361503111
-1.6533404669803502,-0.9664429958609425,-0.43688449844500893,-1.6678185135456303,-1.2235503128206835,-1.6730490834158076,-1.1281395455511576,-1.6600635268463353,-0.8304970342682488,-1.6536714949851035,-0.9586288012432995,-1.6331401438156865,-0.8938208248410426,-1.6687195134688309,-1.1974361070333335
-1.657209856364597,-0.92124552515426,-0.9662927567165136,-1.6666969189190093,-1.2154279992302832,-1.676240702626988,-1.1051249258215625,-1.6546383597617356,-1.167171171886972,-1.655014594932151,-0.9520478036278838,-1.6397382249415784,-0.5515684910521294,-1.6648281348161744,-1.2867082069670779
-1.6799002740521516,-0.426349961072293,-0.9211041750413473,-1.6692875388022017,-1.134099919203161,-1.6718306781827814,-0.8305607824161693,-1.6642128051320584,-0.7556852036357444,-1.6594419252921095,-0.9364426648295046,-1.6463030673731072,-0.4550337644764597,-1.667113651958946,-1.2171797760009027
-1.668355570110177,-0.7194245052642043,-0.4263059425621814,-1.6688027496064315,-1.142670473318686,-1.6658444094973768,-0.8299467766239382,-1.6692201080773252,-0.8650438740275282,-1.6627712714770793,-0.9450122977638455,-1.6523966173930547,-0.39478429808790244,-1.6676810361516652,-1.2141810441382936
-1.6840794438345006,-0.6095339852830801,-0.7193228474920006,-1.6705734348405268,-1.071340261790972,-1.6604092405132904,-1.1665820489652299,-1.6781806968467001,-0.981645240563643,-1.6685572866040692,-0.9882516197725775,-1.6621342034784643,-0.4183234723813798,-1.6695153416146225,-1.1528118647801808
-1.7150831201486862,-0.20775431629220328,-0.609453939788736,-1.6812450491679316,-0.808605598837645,-1.6700013374395453,-0.7551435821836082,-1.6899136278401592,-0.41229420061655375,-1.6774816444235887,-1.045695667544136,-1.6740155451143321,-0.6396765738452903,-1.6754676466948453,-0.872975876837637
-1.7225989916118223,-0.8253619328093365,-0.20775328920496136,-1.6928128000688452,-0.7045806845754441,-1.6750178719052384,-0.864489628335543,-1.708002963750676,-0.5346017284087924,-1.6868155219429342,-1.1559355880116167,-1.6824323092303177,-1.1563262721639083,-1.6856838948221928,-0.7450768747946764
-1.7496453748744811,-0.3118106274252567,-0.8252394402178942,-1.708251636778243,-0.5465137939571302,-1.6839949805175627,-0.9810775345432483,-1.7298681801775508,-0.616217717812122,-1.6941737150217533,-1.007777760153375,-1.6833160640389653,-1.1939388210563346,-1.6994619098741066,-0.5617719540223353
-1.7736202851837786,-0.39257445793015877,-0.311789135479812,-1.7239050130083913,-0.28793213480476926,-1.6957495424754971,-0.41179221982910963,-1.7493894126561618,-0.3485723345272235,-1.7005808474055883,-0.7956631645572934,-1.6794061759168168,-1.2831226632082573,-1.7161163533032378,-0.3967732441832884
-1.798675823729913,-0.3641595322303563,-0.39253708208184257,-1.7456714632647077,-0.21316281004175267,-1.7138722280905918,-0.5340856285802088,-1.7747598508234947,-0.3853162343614863,-1.7102586808167994,-0.5773715305314011,-1.681702564196428,-1.2136629706843856,-1.7331091665153993,-0.15910044737064322
-1.8030822787476428,-0.9071234806331941,-0.3641277447737384,-1.765547646855141,-0.34226813750463153,-1.7357777554781328,-0.6156921963270565,-1.7925802256711647,-0.6994869717440733,-1.7202196178894185,-0.42406651463041073,-1.682272647170567,-1.2106672034817618,-1.752384057692728,-0.21961123863291174
-1.817434026182941,-0.645613799991166,-0.9069849079168231,-1.7826425790932576,-0.389087455390787,-1.7553349775220533,-0.34807770971912944,-1.8071914256377044,-0.921028910572533,-1.7307180103084079,-0.27876283641076505,-1.684115677567291,-1.149358696020539,-1.7714626434368557,-0.3470182267792266
-1.7959322350924276,-0.457604684286443,-0.645526658643779,-1.7948909008392562,-0.7558421322000669,-1.7807521889165558,-0.38481736787961507,-1.8062764815746333,-0.8794572527735337,-1.739512706172069,-0.23373827424499083,-1.6900962949807827,-0.8697993645427584,-1.7830294508507953,-0.5487645585658927
-1.8403385592975205,0.14466590651767045,-0.4575545188788316,-1.8100387280763914,-0.8111445654147292,-1.7986054176091417,-0.6989518377515593,-1.8187008706523498,-0.46946368297905816,-1.7530974079429498,-0.16719493175380545,-1.7003611370255858,-0.7420268083011834,-1.7998740496490486,-0.6788880736115177
-1.8362531142125316,-0.9155643792482696,0.14459762276918242,-1.8204998369186496,-0.9063526836548172,-1.813243554949437,-0.9204682020319526,-1.82497674329225,-0.38434810572716904,-1.7662342413911738,-0.17565687713709127,-1.7142046876555113,-0.558903109721625,-1.8122647238348715,-0.8427394056218708
-1.8682456706221275,-0.1817518915181252,-0.9154241464519727,-1.8321195857271286,-0.6754414071130782,-1.8123269240851279,-0.878901343217589,-1.8490921473343873,-0.644109121878913,-1.7813908879405644,-0.16307123625655384,-1.7309383484880547,-0.39406752386134214,-1.8258024553313394,-0.75349676641647
-1.9012363128390766,-0.15550740419936918,-0.1817559783536251,-1.8485135447716063,-0.3513375998689553,-1.824774218907276,-0.4689551026119482,-1.8694005992998557,-0.09482747148252631,-1.7972872992693179,-0.07745090614274004,-1.7480119885705387,-0.1566296993845282,-1.8404754350742918,-0.4423135219345761
-1.9278106704605575,-0.3242224570122081,-0.15551665256429226,-1.8669489580738128,-0.027107215876370747,-1.83106166181706,-0.3838493510049602,-1.899933617761201,-0.19144873354621292,-1.8159214314202177,-0.04482467104948083,-1.7673785613964692,-0.21708066738491497,-1.8583199011144942,-0.16486367973557792
-1.9350750414960456,-0.8319750914530546,-0.32419852401989396,-1.89018897556907,-0.17369652726061677,-1.8552215252912385,-0.6435803806420582,-1.9222201716871874,-0.6294604294744801,-1.8339479999085704,-0.056416045511866734,-1.786547895056002,-0.3443616961534321,-1.8751504003605814,-0.0178490358008221
-1.9570051386036715,-0.4463424543740933,-0.8318512982451246,-1.9096749512674556,-0.10621798923709073,-1.875567418148779,-0.09436213869124344,-1.9408182061522536,-0.7247109376282553,-1.851322901600672,-0.01353785625739167,-1.7981697203666973,-0.5459085738693714,-1.8981945518743646,-0.13162826147089013
-1.898308032851253,0.5204394445550641,-0.44629450392043996,-1.9200395359132993,-0.5279721284982153,-1.906156727628799,-0.19097224690693196,-1.9309795361866315,-0.19802675087376223,-1.8639423702106244,-0.16661245788243512,-1.8150944410485788,-0.6759034438757371,-1.9064880469478749,-0.3227462350585192
-1.8898352007616397,-0.8001988247467737,0.5202972570511136,-1.9236454791246298,-0.7015254178775685,-1.9284843692980376,-0.6289333792659245,-1.915892754178271,0.05406319020753476,-1.8740108396231145,-0.3093708669977533,-1.8275440518803305,-0.8395927862485386,-1.914153853510901,-0.6471503848530061
-1.9520643059634457,0.6133127366872793,-0.8000812810088209,-1.9321349115285773,-0.6521298115029643,-1.9471166913100986,-0.7241728918099654,-1.914245063475283,-0.04907555253170634,-1.8868267351682615,-0.3296629799781566,-1.841146176038241,-0.7504383756989667,-1.9261455000906704,-0.7463653543424001
-1.9262584517983106,-0.3444301175819773,0.6131522837005953,-1.9318756556618915,-0.652297411988031,-1.9372598826610878,-0.1975495048756835,-1.9235660927019795,-0.1395436555766878,-1.895989752385406,-0.3898816861627792,-1.8558889482879501,-0.439562778767857,-1.9297253322586274,-0.7986168987200151
-1.8277813671816523,1.5664468550920772,-0.34440221032896073,-1.9139551685548266,-0.018845574644558927,-1.9221452864905326,0.05451133523110115,-1.9028721060564378,1.1105225037795337,-1.8977636472799937,-0.44461229101835786,-1.8738182921129312,-0.16238723399949367,-1.9154144806484041,-0.21535206643154964
-1.8246070541498962,-0.9395224331957606,1.5660989482703591,-1.8918416732288938,0.0914096366309269,-1.9204945580863015,-0.04861550128962597,-1.8603670984728682,0.8266837252747776,-1.898278815996573,-0.45988509244300674,-1.8907288461776668,-0.015517934314269179,-1.8996102020743233,0.05372908879889813
-1.8351819739053996,-0.7449248065371776,-0.9393774885451657,-1.8812981837577063,0.19745482550881685,-1.9298327716680572,-0.1390731608002498,-1.8299945121473284,-1.080639686419219,-1.9010977423500783,-0.5573996611025869,-1.9138826079497893,-0.12918467352907897,-1.8821813769647062,-0.04007291512473547
-1.7879444954619355,0.21911059950798173,-0.7448181335953604,-1.864280115522828,0.49833553613204246,-1.9091006333543403,1.1108486923480916,-1.8167095361223549,-0.37537003805046043,-1.897334787187063,-0.4272953234620797,-1.9222155513031376,-0.32011370064376093,-1.8663920416900803,0.23400386291427233
-1.7528534345124136,-0.10027727029205513,0.21902767464768216,-1.8310073631799064,0.29605587459956445,-1.8665172630573468,0.8270426798673326,-1.7927808219578534,0.22643017873359042,-1.8913450007046368,-0.20941166200986003,-1.9299178205251273,-0.6441971321993379,-1.8467945271034472,0.5632288780359719
