Observation,Absolute Change,Previous Absolute Change,Centered Mean (w=6),Centered Std (w=6),Left Mean (w=6),Left Std (w=6),Right Mean (w=6),Right Std (w=6),Centered Mean (w=14),Centered Std (w=14),Left Mean (w=14),Left Std (w=14),Right Mean (w=14),Right Std (w=14)
-0.0018682160876369344,7.853609515036928e-05,0.0028542641211784137,0.0025293656295644414,0.005654924386175643,0.005923168576272768,0.0065268173275127425,-0.0008644373171438837,0.001671043022615217,0.0016460171263631518,0.00542454456400409,0.0011034384531024223,0.005967192884361609,0.002188595799623881,0.00524035718090418
-0.004561218960499248,0.002693002872862314,7.853609515036928e-05,-0.00044603125720918375,0.0028716911471275866,0.0018476424991225487,0.0015309246996470644,-0.0027397050135409156,0.001577966024280358,0.0009055443219669362,0.005519803509997532,0.0002946636700928151,0.0055957967912462145,0.0015164249738410576,0.005816426415643132
0.002467506870546222,0.00702872583104547,0.002693002872862314,-0.0006367307890958331,0.0025705384982877572,4.7181147671654216e-05,0.0015938443067925444,-0.0013206427258633205,0.003546212647585379,0.000735501044563272,0.005424857852731362,0.0015008136137992412,0.007369635294069135,-2.9811524672697154e-05,0.002843386554330065
0.0038778891745971343,0.0014103823040509124,0.00702872583104547,-0.0001348558111312572,0.0031511503190475654,-0.0008644373171438837,0.001671043022615217,0.0005947256948813693,0.004520521930917486,0.0010782176205374465,0.005463636127898894,0.002148220321071731,0.007320405569232269,8.21492000316232e-06,0.002901391892944833
-0.0013810200495204424,0.005258909224117577,0.0014103823040509124,-0.0005424565074999724,0.0031230171578101695,-0.0027397050135409156,0.001577966024280358,0.0016547919985409711,0.0027220232648273077,0.00026054390584632413,0.00483550255797448,0.0008339670854509319,0.006434074478160692,-0.0003128792737582838,0.0029148990978101886
0.00694329219945019,0.008324312248970633,0.005258909224117577,0.0009130388578228202,0.004255261391997693,-0.0013206427258633205,0.003546212647585379,0.0031467204415089605,0.004210047433435275,0.0008495938528623831,0.005124020125621937,0.0011722515408032867,0.006364846786873071,0.0005269361649214795,0.004016578347480366
-0.0027309544033780804,0.009674246602828271,0.008324312248970633,0.0007692491385326291,0.004380764830184853,0.0005947256948813693,0.004520521930917486,0.000943772582183889,0.005239394756878283,0.0011276181799616894,0.004781508147309785,0.0018627679679864009,0.00559363403008976,0.0003924683919369771,0.004121447544838666
-0.015266997123258673,0.012536042719880593,0.009674246602828271,-0.001015047221927275,0.007817934835866042,0.0016547919985409711,0.0027220232648273077,-0.0036848864423955213,0.011135830804251061,0.00033347630752173337,0.006381029577664966,0.002188595799623881,0.00524035718090418,-0.0015216431845804141,0.007261535457498528
-4.926626851562905e-05,0.015217730854743044,0.012536042719880593,-0.0014345094117709167,0.007659626415954726,0.0031467204415089605,0.004210047433435275,-0.006015739265050794,0.008123250075090344,0.00031967322977200874,0.006381679997026434,0.0015164249738410576,0.005816426415643132,-0.0008770785142970398,0.007146094630276683
0.002978482014454758,0.003027748282970387,0.015217730854743044,-0.0015844106051279795,0.007542777691816642,0.000943772582183889,0.005239394756878283,-0.0041125937924398484,0.009777901112518684,-0.00041694679491997296,0.005267090290306406,-2.9811524672697154e-05,0.002843386554330065,-0.0008040820651672489,0.00718843755638732
0.010501209245834659,0.007522727231379901,0.003027748282970387,0.0003959609440978707,0.009021719206080475,-0.0036848864423955213,0.011135830804251061,0.004476808330591262,0.005432482830800907,7.516071822063694e-05,0.005950015177631913,8.21492000316232e-06,0.002901391892944833,0.00014210651643811176,0.008263006455737828
-0.0013398218670696654,0.011841031112904325,0.007522727231379901,-0.000984558066988772,0.008434067655967766,-0.006015739265050794,0.008123250075090344,0.00404662313107325,0.005992344994903941,-8.244365134217338e-05,0.0059566565055139235,-0.0003128792737582838,0.0029148990978101886,0.00014799197107393693,0.008261755350743905
-0.002844775643782898,0.0015049537767132326,0.011841031112904325,-0.0010035282737229081,0.008438907941007611,-0.0041125937924398484,0.009777901112518684,0.0021055372449940318,0.0073096992227303925,-0.0003616836350903696,0.005990286966092677,0.0005269361649214795,0.004016578347480366,-0.0012503034351022183,0.007731252069312637
-0.005290064236196752,0.002445288592413854,0.0015049537767132326,0.0006592938741207454,0.0055572262532266,0.004476808330591262,0.005432482830800907,-0.003158220582349772,0.0019936874105151462,-0.0006117110810696686,0.006125988540573183,0.0003924683919369771,0.004121447544838666,-0.0016158905540763144,0.007872158892840757
-0.00653430360599632,0.001244239369799568,0.002445288592413854,-0.0004215456821260364,0.006303178888463852,0.00404662313107325,0.005992344994903941,-0.004889714495325323,0.0018770626207589736,-0.0009450030466667675,0.006323361391235543,-0.0015216431845804141,0.007261535457498528,-0.00036836290875312105,0.005755708957345376
-0.0029724385745919,0.00356186503140442,0.001244239369799568,-0.0014133657803004794,0.006126906953240629,0.0021055372449940318,0.0073096992227303925,-0.00493226880559499,0.0018076874185281666,-0.0008315187333876713,0.006267479350569399,-0.0008770785142970398,0.007146094630276683,-0.0007859589524783026,0.005834206541702323
-0.014758490266374956,0.011786051691783057,0.00356186503140442,-0.005623315699002082,0.004847434860952945,-0.003158220582349772,0.0019936874105151462,-0.008088410815654392,0.006044765548363225,-0.0020619471003106124,0.007192616283100571,-0.0008040820651672489,0.00718843755638732,-0.003319812135453976,0.007531550611501149
-0.0005440410496569979,0.014214449216717958,0.011786051691783057,-0.0054906855627666375,0.004996664701437531,-0.004889714495325323,0.0018770626207589736,-0.006091656630207952,0.0076032744651580424,-0.002377799259185908,0.007006393698424425,0.00014210651643811176,0.008263006455737828,-0.004897705034809927,0.004823580598951078
0.006477235028533429,0.007021276078190426,0.014214449216717958,-0.003937017117380583,0.007022538869157176,-0.00493226880559499,0.0018076874185281666,-0.002941765429166175,0.010819002673549556,-0.0018164953250392024,0.007396316019053536,0.00014799197107393693,0.008261755350743905,-0.003780982621152341,0.006423950302483553
0.000690372510626308,0.00578686251790712,0.007021276078190426,-0.00294027765957674,0.007213893842125863,-0.008088410815654392,0.006044765548363225,0.002207855496500913,0.0037485524407238143,-0.0022631324456694802,0.00700510309221976,-0.0012503034351022183,0.007731252069312637,-0.0032759614562367415,0.006644973457478847
-0.0026323282194585114,0.0033227007300848195,0.00578686251790712,-0.0022899484284871047,0.0069977362557984615,-0.006091656630207952,0.0076032744651580424,0.0015117597732337417,0.004609993863192409,-0.0022560877182466535,0.007004646011287716,-0.0016158905540763144,0.007872158892840757,-0.0028962848824169926,0.0065863825065291684
-0.009546120625670038,0.006913792406211526,0.0033227007300848195,-0.0033855621036667943,0.007613482642428199,-0.002941765429166175,0.010819002673549556,-0.003829358778167414,0.005222174791331938,-0.0018474536827046083,0.006320716403290143,-0.00036836290875312105,0.005755708957345376,-0.0033265444566560956,0.006951880791129379
-0.0017203790916220747,0.007825741534047963,0.006913792406211526,-0.0012125435745413142,0.005194667882256252,0.002207855496500913,0.0037485524407238143,-0.004632942645583542,0.00427929914833557,-0.0019668188843550687,0.006299890861794075,-0.0007859589524783026,0.005834206541702323,-0.0031476788162318344,0.0069785660536064945
0.0028365813641253,0.004556960455747374,0.007825741534047963,-0.0006491065055775979,0.005458326138914455,0.0015117597732337417,0.004609993863192409,-0.002809972784388938,0.006262845835042433,-0.001976954645092887,0.006291430912286759,-0.003319812135453976,0.007531550611501149,-0.0006340971547317979,0.0049829054941122105
-0.004052751040686441,0.006889332404811741,0.004556960455747374,-0.0024041041837809096,0.004272857885569568,-0.003829358778167414,0.005222174791331938,-0.000978849589394405,0.003504015517660102,-0.0030165232369872516,0.005174210118823579,-0.004897705034809927,0.004823580598951078,-0.0011353414391645756,0.005146138462327486
-0.0042543918753852415,0.00020164083469880086,0.006889332404811741,-0.003228231581449501,0.004026393802779734,-0.004632942645583542,0.00427929914833557,-0.0018235205173154606,0.004037025751170074,-0.0032247068090097927,0.005160173523359737,-0.003780982621152341,0.006423950302483553,-0.002668430996867243,0.0039627653737480265
-0.007392246052645203,0.0031378541772599617,0.00020164083469880086,-0.00402155122031395,0.0043420505450388796,-0.002809972784388938,0.006262845835042433,-0.005233129656238962,0.0018725657442336203,-0.0035495261239285284,0.0052762385328323815,-0.0032759614562367415,0.006644973457478847,-0.0038230907916203156,0.003998359026570923
-0.014212283295543072,0.006820037242897869,0.0031378541772599617,-0.004799244998626121,0.005726575278749359,-0.000978849589394405,0.003504015517660102,-0.008619640407857839,0.005091146537011002,-0.004186827485310408,0.005992827667926038,-0.0028962848824169926,0.0065863825065291684,-0.005477370088203824,0.005526936687333178
0.0029520490931786076,0.01716433238872168,0.006820037242897869,-0.004020506967826008,0.006495119235496219,-0.0018235205173154606,0.004037025751170074,-0.006217493418336555,0.008642257193667137,-0.0035092308639407713,0.006238261463153169,-0.0033265444566560956,0.006951880791129379,-0.0036919172712254465,0.005992601818665955
-0.014450940045967909,0.017402989139146518,0.01716433238872168,-0.006901760536174876,0.006676786809105714,-0.005233129656238962,0.0018725657442336203,-0.00857039141611079,0.00997943965003626,-0.004329123826181914,0.006883248843629793,-0.0031476788162318344,0.0069785660536064945,-0.005510568836131995,0.007120215504867169
-0.012552858941903448,0.0018980811040644613,0.017402989139146518,-0.00831844518637771,0.00685089039714347,-0.008619640407857839,0.005091146537011002,-0.008017249964897583,0.009546979592443624,-0.0041715787315768065,0.0066473773826591556,-0.0006340971547317979,0.0049829054941122105,-0.007709060308421815,0.006458459481003431
0.01740736485124799,0.029960223793151438,0.0018980811040644613,-0.0047081523986055055,0.012663087971463656,-0.006217493418336555,0.008642257193667137,-0.0031988113788744554,0.01787068974856732,-0.0028893354529407364,0.008787722404826802,-0.0011353414391645756,0.005146138462327486,-0.004643329466716896,0.011561037074228248
0.004466096032484517,0.012941268818763473,0.029960223793151438,-0.0027317620510838854,0.013078950627341471,-0.00857039141611079,0.00997943965003626,0.00310686731394302,0.015026289610742578,-0.003032988238372801,0.008637991530574164,-0.002668430996867243,0.0039627653737480265,-0.003397545479878358,0.012068636940934872
0.003019920501721442,0.001446175530763075,0.012941268818763473,0.00014027191512686692,0.0118918691305239,-0.008017249964897583,0.009546979592443624,0.008297793795151316,0.007922188430982954,-0.0028665919532945778,0.008737101837243001,-0.0038230907916203156,0.003998359026570923,-0.0019100931149688381,0.012135695426209887
-0.01601734084434647,0.01903726134606791,0.001446175530763075,-0.003021293074460646,0.013418436251466163,-0.0031988113788744554,0.01787068974856732,-0.002843774770046837,0.011431534816108382,-0.0038226642836437174,0.00941549707570163,-0.005477370088203824,0.005526936687333178,-0.00216795847908361,0.012455625999946988
-0.006794682938676875,0.009222657905669594,0.01903726134606791,-0.0017452502232454738,0.012442701364242147,0.00310686731394302,0.015026289610742578,-0.006597367760433968,0.009520164381422025,-0.003626133020287063,0.009315020154547788,-0.0036919172712254465,0.005992601818665955,-0.003560348769348679,0.012332048768320003
0.011122044757486639,0.017916727696163513,0.009222657905669594,0.0022005670599862075,0.012078494243143304,0.008297793795151316,0.007922188430982954,-0.003896659675178902,0.013799835754025413,-0.0027088170310650118,0.010115110917017065,-0.005510568836131995,0.007120215504867169,9.293477400197077e-05,0.01235596278274179
-0.016994843885495266,0.028116888642981903,0.017916727696163513,-0.0035331343961376685,0.011570784103785474,-0.002843774770046837,0.011431534816108382,-0.0042224940222285005,0.014233832007119028,-0.004125347406037909,0.010653090555201783,-0.007709060308421815,0.006458459481003431,-0.0005416345036540031,0.013198966066607414
0.006931176719610307,0.023926020605105573,0.028116888642981903,-0.003122287614950037,0.01194919723741617,-0.006597367760433968,0.009520164381422025,0.00035279253053389307,0.015168922527482928,-0.0033407811374452845,0.011055705923941143,-0.004643329466716896,0.011561037074228248,-0.0020382328081736726,0.011278843880656671
-0.0026456257435826195,0.009576802463192927,0.023926020605105573,-0.004066545322500714,0.011585053503328056,-0.003896659675178902,0.013799835754025413,-0.004236430969822526,0.012042076708353017,-0.0032258692708879546,0.011053840005657456,-0.003397545479878358,0.012068636940934872,-0.0030541930618975493,0.01090956248401602
-0.008565123312037006,0.005919497568454387,0.009576802463192927,-0.0028245090671158036,0.010384864845915876,-0.0042224940222285005,0.014233832007119028,-0.0014265241120031064,0.007819749692848103,-0.0033096462179873685,0.011092223899481593,-0.0019100931149688381,0.012135695426209887,-0.004709199321005899,0.010711469695068662
-0.004773933158807014,0.0037911901532299928,0.005919497568454387,-0.0024877174371374933,0.010262402169535124,0.00035279253053389307,0.015168922527482928,-0.00532822740480888,0.0029984236607086454,-0.0026354783510776506,0.01065688730746579,-0.00216795847908361,0.012455625999946988,-0.00310299822307169,0.009508631606414842
0.0115261269790659,0.016300060137872913,0.0037911901532299928,-0.0024203704002076164,0.01037033737188363,-0.004236430969822526,0.012042076708353017,-0.0006043098305927065,0.010674919371560957,-0.002023044216371415,0.011233465650278452,-0.003560348769348679,0.012332048768320003,-0.0004857396633941513,0.010761946243764142
0.008613559019852156,0.0029125679592137445,0.016300060137872913,0.0018476967506836205,0.008218922360989162,-0.0014265241120031064,0.007819749692848103,0.005121917613370348,0.008692908598861609,-0.0003755799973842677,0.010958546202785349,9.293477400197077e-05,0.01235596278274179,-0.0008440947687705062,0.01034468116486644
0.005482987973982389,0.0031305710458697676,0.0029125679592137445,0.0016063319597456342,0.008059496954397654,-0.00532822740480888,0.0029984236607086454,0.00854089132430015,0.003022224793785708,0.0009126947823218634,0.010465945225024137,-0.0005416345036540031,0.013198966066607414,0.0023670240682977304,0.007627590927222582
-0.003004005200740684,0.008486993174723073,0.0031305710458697676,0.0015466020502192899,0.008098544489470212,-0.0006043098305927065,0.010674919371560957,0.0036975139310312863,0.0060110637805166275,-0.0005452602213916133,0.009354043395017523,-0.0020382328081736726,0.011278843880656671,0.0009477123653904461,0.0075608223332805785
0.009046896028569215,0.0120509012293099,0.008486993174723073,0.004481938606986993,0.006785902003280555,0.005121917613370348,0.008692908598861609,0.00384195960060364,0.006190782317391016,-0.00021806022167127764,0.009619181934388599,-0.0030541930618975493,0.01090956248401602,0.0026180726185549936,0.00791780882725398
0.017132311985387345,0.00808541595681813,0.0120509012293099,0.00813297946435272,0.006702574406984674,0.00854089132430015,0.003022224793785708,0.007725067604405292,0.01013302720031307,0.0007899677414477154,0.010666979261850297,-0.004709199321005899,0.010711469695068662,0.00628913480390133,0.007825306915648571
0.007483520729717153,0.009648791255670194,0.00808541595681813,0.007459211756127929,0.006493182385384551,0.0036975139310312863,0.0060110637805166275,0.011220909581224571,0.005178758960332221,0.0024686007110236888,0.009615958346986258,-0.00310299822307169,0.009508631606414842,0.008040199645119069,0.0061235074152785045
-0.0017366597354994855,0.009220180465216637,0.009648791255670194,0.0057341752969026554,0.007432147975123482,0.00384195960060364,0.006190782317391016,0.0076263909932016705,0.009435297154040664,0.002829888082679216,0.009331975244955895,-0.0004857396633941513,0.010761946243764142,0.006145515828752585,0.006871323999209189
-0.004877819828272504,0.003141160092773018,0.009220180465216637,0.004007373996526839,0.008612135701442798,0.007725067604405292,0.01013302720031307,0.0002896803886483877,0.0064249689354656594,0.0016870406122678487,0.009217368220227342,-0.0008440947687705062,0.01034468116486644,0.004218175993306205,0.007881526723271613
-0.012131840138348057,0.007254020310075553,0.003141160092773018,0.002486068173592278,0.010660890890562855,0.011220909581224571,0.005178758960332221,-0.006248773234040016,0.005331470606927408,0.002034398022778363,0.008524795762125599,0.0023670240682977304,0.007627590927222582,0.0017017719772589972,0.009950779156201038
0.00048206210082302994,0.012613902239171087,0.007254020310075553,0.0010585958523012466,0.010168760865820114,0.0076263909932016705,0.009435297154040664,-0.005509199288599178,0.0063306091683212554,0.0015737469785792725,0.008413351888712603,0.0009477123653904461,0.0075608223332805785,0.0021997815917681003,0.009761448775613848
0.0023785488858332495,0.0018964867850102196,0.012613902239171087,-0.0014003646642911027,0.006695035361847023,0.0002896803886483877,0.0064249689354656594,-0.003090409717230592,0.007887316627114753,0.00193261659496612,0.008326232624674065,0.0026180726185549936,0.00791780882725398,0.001247160571377247,0.00929616289272929
-0.002180120250985398,0.004558669136818648,0.0018964867850102196,-0.003010971494408195,0.005103680346489174,-0.006248773234040016,0.005331470606927408,0.0002268302452236272,0.0022900269757865853,0.002388688242184092,0.007869317186232006,0.00628913480390133,0.007825306915648571,-0.0015117583195331445,0.006118805049897328
-0.002866863223537693,0.0006867429725522949,0.004558669136818648,-0.003199338742414563,0.005067973338718557,-0.005509199288599178,0.0063306091683212554,-0.0008894781962299472,0.0028509480413384178,0.002524907523274758,0.007751416172779636,0.008040199645119069,0.0061235074152785045,-0.0029903845985695516,0.004659319797414474
-0.0019632862412566838,0.0009035769822810093,0.0006867429725522949,-0.0027135831445785925,0.0050143104178914264,-0.003090409717230592,0.007887316627114753,-0.0023367565719265913,0.0004717139424540134,0.0015613780075374307,0.007375752210276036,0.006145515828752585,0.006871323999209189,-0.0030227598136777223,0.004649934296469726
0.011651936819406511,0.013615223060663196,0.0009035769822810093,0.0012503796817138356,0.00546082660666808,0.0002268302452236272,0.0022900269757865853,0.0022739291182040447,0.008134149259362443,0.0017784049932198845,0.007639216023037506,0.004218175993306205,0.007881526723271613,-0.0006613660068664343,0.007101684570206926
0.006514559153498293,0.005137377665908219,0.013615223060663196,0.0022557958571597127,0.005833682192773819,-0.0008894781962299472,0.0028509480413384178,0.005401069910549373,0.0068755704104114836,0.001852088648899592,0.007682549106399893,0.0017017719772589972,0.009950779156201038,0.002002405320540187,0.005367431473269467
0.007009488450930981,0.0004949292974326886,0.005137377665908219,0.003027619118009335,0.006150894206951177,-0.0023367565719265913,0.0004717139424540134,0.008391994807945261,0.0028340175001103675,0.002567338195447568,0.00766176957109355,0.0021997815917681003,0.009761448775613848,0.002934894799127037,0.005620329250388565
-0.006594706357045854,0.013604194807976835,0.0004949292974326886,0.0022918547669992587,0.007090669938119282,0.0022739291182040447,0.008134149259362443,0.0023097804157944735,0.007715481337423516,0.0014500808821893488,0.007783700743811025,0.001247160571377247,0.00929616289272929,0.0016530011930014508,0.006689913106002114
0.0014806264170463322,0.008075332774092187,0.013604194807976835,0.003016436373763263,0.006667587419111294,0.005401069910549373,0.0068755704104114836,0.000631802836977153,0.006841703384092814,0.00033210334159356224,0.006349974513682182,-0.0015117583195331445,0.006118805049897328,0.0021759650027202695,0.00648012447450224
0.010377128491364398,0.008896502074318066,0.008075332774092187,0.005073172162533443,0.006727329164775302,0.008391994807945261,0.0028340175001103675,0.0017543495171216254,0.008489227749451907,0.0005387896102826512,0.006641072566446107,-0.0029903845985695516,0.004659319797414474,0.004067963819134854,0.006692326807981708
0.005088905892884818,0.0052882225984795805,0.008896502074318066,0.003979333674779828,0.0059300252237605815,0.0023097804157944735,0.007715481337423516,0.005648886933765182,0.004474608515188285,0.0010263300123101013,0.006711345917267459,-0.0030227598136777223,0.004649934296469726,0.005075419838297926,0.006141186104791815
-0.0033590802382947207,0.008447986131179539,0.0052882225984795805,0.0023337271094809923,0.006434327012164034,0.000631802836977153,0.006841703384092814,0.004035651381984831,0.006928410089244084,0.0011348114115942286,0.006620226669405971,-0.0006613660068664343,0.007101684570206926,0.0029309888300548927,0.006082558756224781
-0.004367120914087511,0.0010080406757927902,0.008447986131179539,0.00043762554864457663,0.0064570927488467236,0.0017543495171216254,0.008489227749451907,-0.0008790984198324713,0.005192960919212884,0.001689434213327125,0.005682069914307705,0.002002405320540187,0.005367431473269467,0.0013764631061140636,0.006396479554245527
0.002766215232602946,0.007133336146690457,0.0010080406757927902,0.0019977791469193767,0.005474201242541812,0.005648886933765182,0.004474608515188285,-0.0016533286399264286,0.0038604808679647868,0.0018525880084542617,0.005677526427384001,0.002934894799127037,0.005620329250388565,0.0007702812177814867,0.0059598370390587544
-0.0023830991091140607,0.005149314341717007,0.007133336146690457,0.0013538248925593112,0.005766645143879628,0.004035651381984831,0.006928410089244084,-0.0013280015968662087,0.0036818533669449502,0.0015124702945294537,0.00578519909916154,0.0016530011930014508,0.006689913106002114,0.001371939396057457,0.005264420872820137
-0.011973410946473077,0.009590311837359016,0.005149314341717007,-0.0023712650137469346,0.005986792454891766,-0.0008790984198324713,0.005192960919212884,-0.0038634316076613974,0.0074804868293726285,0.0008129495305660481,0.0067736709155647905,0.0021759650027202695,0.00648012447450224,-0.0005500659415881726,0.007285975043738556
0.0031849165526692804,0.015158327499142359,0.009590311837359016,-0.002688596570449524,0.005546552573108772,-0.0016533286399264286,0.0038604808679647868,-0.003723864500972619,0.007667591670128116,0.001245219514580832,0.006713609785882974,0.004067963819134854,0.006692326807981708,-0.0015775247899731894,0.005854761712897654
0.0019488423582985756,0.0012360741943707048,0.015158327499142359,-0.0018039428043506416,0.005834069677079307,-0.0013280015968662087,0.0036818533669449502,-0.0022798840118350735,0.008417560108363446,0.0015246572716919218,0.006650914408629586,0.005075419838297926,0.006141186104791815,-0.002026105294914081,0.0053580905214768776
-0.010430165669807173,0.012379008028105749,0.0012360741943707048,-0.002814450263637252,0.006810241286998997,-0.0038634316076613974,0.0074804868293726285,-0.0017654689196131056,0.0075292560843097265,-5.263576325191272e-05,0.0066827945915888445,0.0029309888300548927,0.006082558756224781,-0.003036260356558717,0.006244508521669871
0.003697797488621655,0.014127963158428828,0.012379008028105749,-0.0026591865543008006,0.006971625842297945,-0.003723864500972619,0.007667591670128116,-0.0015945086076289809,0.007701710057012362,-0.0002538330250288154,0.006510037468649803,0.0013764631061140636,0.006396479554245527,-0.0018841291561716936,0.006686401887183153
-0.0079278645179971,0.011625662006618754,0.014127963158428828,-0.003583314122447974,0.007288024520533315,-0.0022798840118350735,0.008417560108363446,-0.004886744233060873,0.007538975075702832,-0.0013207868085236784,0.006451863756896741,0.0007702812177814867,0.0059598370390587544,-0.003411854834828843,0.006668473527558995
0.006392290880927749,0.014320155398924849,0.011625662006618754,-0.0005223638178811692,0.00690621425853799,-0.0017654689196131056,0.0075292560843097265,0.000720741283850768,0.007610115662531862,-0.000393144148668421,0.006567842079557689,0.001371939396057457,0.005264420872820137,-0.002158227693394298,0.0076471465585857415
-0.0025614095181044905,0.00895370039903224,0.014320155398924849,-0.001480084829676798,0.006684151095349186,-0.0015945086076289809,0.007701710057012362,-0.0013656610517246137,0.007234574863699767,-0.000681861001179194,0.006567978844085068,-0.0005500659415881726,0.007285975043738556,-0.0008136560607702147,0.006351413570961917
0.003909844274185968,0.006471253792290459,0.00895370039903224,-0.001153251177028899,0.006928813058417724,-0.004886744233060873,0.007538975075702832,0.0025802418790030757,0.004622560935873598,-0.0011438098738347964,0.005926430066554499,-0.0015775247899731894,0.005854761712897654,-0.0007100949576964022,0.006432865150295124
0.0019445346490821348,0.0019653096251038334,0.006471253792290459,0.000909198876119319,0.005254620541585246,0.000720741283850768,0.007610115662531862,0.0010976564683878708,0.0033177075520245047,-0.0013684078198207019,0.005728326108570095,-0.002026105294914081,0.0053580905214768776,-0.0007107103447273223,0.006432568594001094
-0.002735583204074089,0.004680117853156224,0.0019653096251038334,-0.00016303123932997167,0.0052281024253133905,-0.0013656610517246137,0.007234574863699767,0.0010395985730646713,0.0034138846741596104,-0.0013238723173763713,0.005714064861775986,-0.003036260356558717,0.006244508521669871,0.00038851572180597537,0.004990688746089185
0.00024346621090185248,0.0029790494149759413,0.004680117853156224,0.0011988572154865203,0.003616889221394886,0.0025802418790030757,0.004622560935873598,-0.0001825274480300339,0.0023689615294355325,-0.0009945446655914166,0.005657763749514722,-0.0018841291561716936,0.006686401887183153,-0.00010496017501113922,0.004775055135550899
0.004237106424801138,0.003993640213899285,0.0029790494149759413,0.0008396598061320851,0.0030624991933534762,0.0010976564683878708,0.0033177075520245047,0.0005816631438763004,0.0034986258787216775,-0.0008894810090058313,0.005745942376359997,-0.003411854834828843,0.006668473527558995,0.0016328928168171805,0.0034957519013453157
-0.0037784273189531026,0.00801553374375424,0.003993640213899285,0.0006368235059906498,0.0033587827350139102,0.0010395985730646713,0.0034138846741596104,0.00023404843891662933,0.004007775170856967,-0.0009891473097086202,0.005785805893296047,-0.002158227693394298,0.0076471465585857415,0.00017993307397705879,0.003295819567105467
0.013931128396560175,0.017709555715513275,0.00801553374375424,0.002307037526386351,0.0064139737392035255,-0.0001825274480300339,0.0023689615294355325,0.004796602500802737,0.008868025022772159,0.0008611769290794693,0.006134460858523035,-0.0008136560607702147,0.006351413570961917,0.002536009918929154,0.005886386647892563
-0.00469017543633262,0.018621303832892795,0.017709555715513275,0.0012012525121505584,0.0070311921259385325,0.0005816631438763004,0.0034986258787216775,0.0018208418804248174,0.010497718837183328,0.00029867035843647637,0.0062646682432896195,-0.0007100949576964022,0.006432865150295124,0.0013074356745693555,0.006424716048803417
0.008149740936687704,0.012839916373020323,0.018621303832892795,0.0030154732022775236,0.007214190865423179,0.00023404843891662933,0.004007775170856967,0.005796897965638419,0.009531009476652459,0.0007415916854642713,0.006600516401410208,-0.0007107103447273223,0.006432568594001094,0.0021938937156558654,0.006935085303884778
-0.0077279281087143945,0.0158776690454021,0.012839916373020323,0.0016869074823414824,0.00845421642672375,0.004796602500802737,0.008868025022772159,-0.0014227875361197701,0.008428046116786084,0.0009346086541137556,0.006280443660130883,0.00038851572180597537,0.004990688746089185,0.0014807015864215362,0.007736867944598543
0.007562362910140818,0.015290291018855214,0.0158776690454021,0.0022411168965647626,0.008758349734264788,0.0018208418804248174,0.010497718837183328,0.0026613919127047095,0.009002207013677946,0.0012106490413651243,0.006492580269298167,-0.00010496017501113922,0.004775055135550899,0.002526258257741388,0.008030756350476734
-0.004517614826610022,0.01207997773675084,0.015290291018855214,0.0021179189786219425,0.008864512687337555,0.005796897965638419,0.009531009476652459,-0.0015610600083945329,0.008062515870071577,0.0014542383050356298,0.006179785021453061,0.0016328928168171805,0.0034957519013453157,0.0012755837932540792,0.008393431217617032
0.006227134785233074,0.010744749611843097,0.01207997773675084,0.0008339200434007594,0.007215812416064956,-0.0014227875361197701,0.008428046116786084,0.00309062762292129,0.006622667394224463,0.0014424414410574387,0.006169782985164272,0.00017993307397705879,0.003295819567105467,0.002704949808137819,0.008239855825008214
0.006138400636877301,8.873414835577301e-05,0.010744749611843097,0.00263868272226908,0.006905340218328546,0.0026613919127047095,0.009002207013677946,0.002615973531833451,0.0061780280501193335,0.002063856452127567,0.0061736157260876045,0.002536009918929154,0.005886386647892563,0.0015917029853259803,0.006885463111709159
0.011565123583507687,0.005426722946630385,8.873414835577301e-05,0.0032079131634057435,0.00756021245323315,-0.0015610600083945329,0.008062515870071577,0.00797688633520602,0.0031078213188415033,0.002610662117079118,0.006668850441266143,0.0013074356745693555,0.006424716048803417,0.003913888559588881,0.007149789211470709
0.0006042895722969463,0.01096083401121074,0.005426722946630385,0.004596616110240966,0.005681537079312025,0.00309062762292129,0.006622667394224463,0.006102604597560644,0.00548050468229447,0.002514930325880176,0.006688738305923521,0.0021938937156558654,0.006935085303884778,0.0028359669361044874,0.006971304391602538
-0.010318362863210626,0.010922652435507572,0.01096083401121074,0.0016164951480157263,0.008022138566721572,0.002615973531833451,0.0061780280501193335,0.0006170167641980027,0.010941748774852504,0.0019733032073704234,0.007414270773201407,0.0014807015864215362,0.007736867944598543,0.0024659048283193112,0.007660248056559405
-0.0048171299553341216,0.005501232907876504,0.010922652435507572,0.0015665759598950432,0.008068739816799184,0.00797688633520602,0.0031078213188415033,-0.004843734415415933,0.00546137481818425,0.0016118320526392826,0.007625446928851503,0.002526258257741388,0.008030756350476734,0.0006974058475371774,0.00771634619809448
0.006209995614245574,0.011027125569579695,0.005501232907876504,0.0015637194313971262,0.008066762668127095,0.006102604597560644,0.00548050468229447,-0.0029751657347663906,0.008416726360777884,0.0017527527090281708,0.007695601905844541,0.0012755837932540792,0.008393431217617032,0.002229921624802262,0.0075719214310102445
-0.0055739928017155705,0.011783988415961144,0.011027125569579695,-0.00038834614170168573,0.008154988258732596,0.0006170167641980027,0.010941748774852504,-0.0013937090476013726,0.006595866416211209,0.0016244980316879945,0.007809002253896684,0.002704949808137819,0.008239855825008214,0.0005440462552381701,0.007842534687405226
-0.004690291734694721,0.0008837010670208496,0.011783988415961144,-0.0030975820280687537,0.005728886635045815,-0.004843734415415933,0.00546137481818425,-0.0013514296407215725,0.006563276301421774,0.00029439659374121634,0.0071058034341415395,0.0015917029853259803,0.006885463111709159,-0.0010029097978435473,0.007619952799211333
-0.004259999580341371,0.00043029215435335007,0.0008837010670208496,-0.003908296886841807,0.005436994024511296,-0.0029751657347663906,0.008416726360777884,-0.004841428038917221,0.0006699075931013646,0.0003251234405977341,0.007083486212638983,0.003913888559588881,0.007149789211470709,-0.0032636416783934125,0.005248156728789053
0.005981869818630588,0.010241869398971959,0.00043029215435335007,-0.001191591439868271,0.005661237335420537,-0.0013937090476013726,0.006595866416211209,-0.0009894738321351681,0.006041192933297903,0.00017027550359365436,0.006921113462416479,0.0028359669361044874,0.006971304391602538,-0.002495415928917178,0.006213510673873379
-0.0005231349669821893,0.006505004785612777,0.010241869398971959,-0.0004759256084762824,0.005375449374247369,-0.0013514296407215725,0.006563276301421774,0.00039957842376900913,0.005182906732471967,0.0006849035851459547,0.006546372801800959,0.0024659048283193112,0.007660248056559405,-0.0010960976580274018,0.005174151161613351
0.004565893849196497,0.005089028816178686,0.006505004785612777,-0.0007499425693177952,0.00499490077887108,-0.004841428038917221,0.0006699075931013646,0.0033415429002816317,0.0034209718282664694,0.00047087008079278893,0.006350265003985557,0.0006974058475371774,0.00771634619809448,0.00024433431404840097,0.005264120737395806
-0.007056829881111886,0.011622723730308383,0.005089028816178686,-0.0009970820825505146,0.0053081836486467086,-0.0009894738321351681,0.006041192933297903,-0.0010046903329658597,0.005826306583561249,0.0002894975768997986,0.006537212969569996,0.002229921624802262,0.0075719214310102445,-0.0016509264710026646,0.0051452177242535466
-0.013112588151540072,0.0060557582704281855,0.011622723730308383,-0.0024007981520247396,0.007241646845706191,0.00039957842376900913,0.005182906732471967,-0.005201174727818487,0.008984140109022676,-0.0010919112042982832,0.0071961597530454,0.0005440462552381701,0.007842534687405226,-0.0027278686638347364,0.0066670858228670615
0.005537424213071045,0.018650012364611116,0.0060557582704281855,-0.0007678941864560037,0.007820073367835672,0.0033415429002816317,0.0034209718282664694,-0.004877331273193637,0.009514115877814137,-0.0011348380917130159,0.007151364464726646,-0.0010029097978435473,0.007619952799211333,-0.001266766385582484,0.00725971100407629
-0.0018377580817370888,0.007375182294808134,0.018650012364611116,-0.00207116550318395,0.007087481009098966,-0.0010046903329658597,0.005826306583561249,-0.0031376406734020383,0.009392710544040101,-0.0020921867820876427,0.006147044423926573,-0.0032636416783934125,0.005248156728789053,-0.0009207318857818723,0.007150161194100725
-0.004054062751488155,0.0022163046697510668,0.007375182294808134,-0.0026596534672682776,0.007079823581485333,-0.005201174727818487,0.008984140109022676,-0.00011813220671806623,0.0050216521594345295,-0.002424926233786578,0.006115855635074655,-0.002495415928917178,0.006213510673873379,-0.0023544365386559784,0.006513218858755161
-0.0004478384870732053,0.00360622426441495,0.0022163046697510668,-0.0034952755233132273,0.006310523209459424,-0.004877331273193637,0.009514115877814137,-0.0021132197734328164,0.0018188245432167697,-0.0017198887783481912,0.005690014307697597,-0.0010960976580274018,0.005174151161613351,-0.002343679898668981,0.006516808525638668
-0.003608677822007549,0.0031608393349343436,0.00360622426441495,-0.0029205835134625048,0.006073879832303357,-0.0031376406734020383,0.009392710544040101,-0.0027035263535229704,0.0019661352311040633,-0.0016335707688248647,0.005648428826086346,0.00024433431404840097,0.005264120737395806,-0.00351147585169813,0.005760852639620013
-0.0106160858242865,0.00700740800227895,0.0031608393349343436,-0.002504499792253576,0.00526811397715121,-0.00011813220671806623,0.0050216521594345295,-0.004890867377789085,0.005203971658301258,-0.002835433728720013,0.005641215947201812,-0.0016509264710026646,0.0051452177242535466,-0.004019940986437361,0.006261266231475671
-0.017772770331679764,0.0071566845073932645,0.00700740800227895,-0.006389532216378711,0.006582580137301045,-0.0021132197734328164,0.0018188245432167697,-0.010665844659324603,0.0070821773567093325,-0.0037067749808603126,0.006898707496697242,-0.0027278686638347364,0.0066670858228670615,-0.0046856812978858875,0.00751201637736503
-0.003382954791232137,0.014389815540447626,0.0071566845073932645,-0.006647065001294552,0.006396479149480919,-0.0027035263535229704,0.0019661352311040633,-0.010590603649066133,0.007194941613937355,-0.003613393770612985,0.006893216399135199,-0.001266766385582484,0.00725971100407629,-0.005960021155643485,0.006115553339291209
0.004870530918681075,0.008253485709913213,0.014389815540447626,-0.005159632722933014,0.007965316741483517,-0.004890867377789085,0.005203971658301258,-0.005428398068076941,0.011459391411752213,-0.0029612130206828104,0.007250027814595502,-0.0009207318857818723,0.007150161194100725,-0.005001694155583748,0.007283303128676742
-0.010338283427163612,0.015208814345844687,0.008253485709913213,-0.0068080402129480815,0.007817228263742947,-0.010665844659324603,0.0070821773567093325,-0.0029502357665715582,0.007613635318776452,-0.0041269382525252534,0.007009528491475591,-0.0023544365386559784,0.006513218858755161,-0.005899439966394527,0.007530145790696547
-0.0001993034109354527,0.01013898001622816,0.015208814345844687,-0.006239811144436066,0.008210328439242938,-0.010590603649066133,0.007194941613937355,-0.0018890186398059965,0.007743924174318894,-0.0041038074270933434,0.0070228571469457554,-0.002343679898668981,0.006516808525638668,-0.005863934955517705,0.007560658564744105
0.005783066882584033,0.0059823702935194855,0.01013898001622816,-0.0035066190266243107,0.009139182091009017,-0.005428398068076941,0.011459391411752213,-0.001584839985171677,0.008149494932283216,-0.0040168664961370915,0.007144914995574939,-0.00351147585169813,0.005760852639620013,-0.004522257140576052,0.008764959775155663
0.0004832341991888916,0.005299832683395141,0.0059823702935194855,-0.00046395160481286775,0.005907150784081614,-0.0029502357665715582,0.007613635318776452,0.002022332556945824,0.003274722339120321,-0.0034782904904013213,0.007182222524628308,-0.004019940986437361,0.006261266231475671,-0.002936639994365281,0.008478089825604659
-0.011999881544967166,0.012483115744156057,0.005299832683395141,-0.001900106063768706,0.007571710693513457,-0.0018890186398059965,0.007743924174318894,-0.0019111934877314137,0.009130075391537262,-0.003398811447074685,0.0070727295945758415,-0.0046856812978858875,0.00751201637736503,-0.0021119415962634813,0.006934680170828345
0.0039380600220765664,0.015937941567043732,0.012483115744156057,-0.002055517879869458,0.007412850399591578,-0.001584839985171677,0.008149494932283216,-0.0025261957745672356,0.008384330439804449,-0.0035130517464314337,0.006928737337911977,-0.005960021155643485,0.006115553339291209,-0.0010660823372193806,0.007255676264623373
0.008433752792348027,0.00449569277027146,0.015937941567043732,0.0010731548233824824,0.0071755249571412,0.002022332556945824,0.003274722339120321,0.00012397708981914252,0.010737493865813366,-0.0027793723982824964,0.007628286170529117,-0.005001694155583748,0.007283303128676742,-0.0005570506409812447,0.00784281758475569
0.010267489405891173,0.0018337366135431458,0.00449569277027146,0.0028176202928535867,0.008026188034985856,-0.0019111934877314137,0.009130075391537262,0.007546434073438589,0.0032566731433887022,-0.001756404387041116,0.00836855389771109,-0.005899439966394527,0.007530145790696547,0.002386631192312296,0.0074150751768018415
-0.00045898975250588777,0.01072647915839706,0.0018337366135431458,0.0017772775203386,0.007969277172637582,-0.0025261957745672356,0.008384330439804449,0.006080750815244437,0.005737316664789532,-0.0017572009060005931,0.008368420297315536,-0.005863934955517705,0.007560658564744105,0.0023495331435165194,0.007430801955357621
-0.0014069680728331136,0.0009479783203272258,0.01072647915839706,0.0014622438083349324,0.008067419509533897,0.00012397708981914252,0.010737493865813366,0.0028005105268507236,0.006483941386917352,-0.0015999359239167049,0.00835162076377743,-0.004522257140576052,0.008764959775155663,0.0013223852927426415,0.007373803006795469
0.0009477675519900367,0.0023547356248231504,0.0009479783203272258,0.0036201853244944657,0.004827253566602334,0.007546434073438589,0.0032566731433887022,-0.0003060634244496549,0.0011847931515933023,-0.0007739463970398095,0.00795367652850662,-0.002936639994365281,0.008478089825604659,0.0013887472002856623,0.0073670794900084656
-0.00045941148283890206,0.0014071790348289387,0.0023547356248231504,0.0028872734070085546,0.005095703906147986,0.006080750815244437,0.005737316664789532,-0.00030620400122732637,0.0011848203935699026,0.0004627220921631091,0.00627645567474965,-0.0021119415962634813,0.006934680170828345,0.0030373857805897,0.004668643770467507
-0.0068346859652738574,0.006375274482434955,0.0014071790348289387,0.00034253361407157414,0.005562910178628299,0.0028005105268507236,0.006483941386917352,-0.002115443298707574,0.004147104618703302,0.0002161698654458434,0.006502854684027611,-0.0010660823372193806,0.007255676264623373,0.0014984220681110681,0.005927972239603632
-0.0028378671349190234,0.0039968188303548344,0.006375274482434955,-0.0018416924760634584,0.002746451822081676,-0.0003060634244496549,0.0011847931515933023,-0.003377321527677261,0.0032216904666643865,-0.0003344299955255922,0.006404039409320183,-0.0005570506409812447,0.00784281758475569,-0.00011180935006993929,0.005218553511241685
-3.86660222377459e-05,0.0027992011126812774,0.0039968188303548344,-0.0017716385210187681,0.00279372798557183,-0.00030620400122732637,0.0011848203935699026,-0.003237073040810209,0.0034155520465965583,0.0004012569619691125,0.0057216556807908985,0.002386631192312296,0.0074150751768018415,-0.0015841172683740705,0.002598123602877043
-0.00288483147628968,0.002846165454051934,0.0027992011126812774,-0.0020179490882615294,0.002820169531553319,-0.002115443298707574,0.004147104618703302,-0.001920454877815483,0.0016298461231271258,0.00020943352872952482,0.005787971783281688,0.0023495331435165194,0.007430801955357621,-0.0019306660860574695,0.0025847872406772093
0.006719978137559532,0.009604809613849212,0.002846165454051934,-0.0010559139906666135,0.004511532085067366,-0.003377321527677261,0.0032216904666643865,0.0012654935463440352,0.004933428429075983,0.00027635576122777476,0.005862312013586813,0.0013223852927426415,0.007373803006795469,-0.0007696737702870914,0.004187497547282947
-0.008087854601699005,0.014807832739258536,0.009604809613849212,-0.0023273211771432972,0.005313438150298844,-0.003237073040810209,0.0034155520465965583,-0.0014175693134763842,0.007512164887652687,-0.00033586486740707494,0.006272264630981561,0.0013887472002856623,0.0073670794900084656,-0.0020604769350998117,0.00490159447807123
0.003382326948758455,0.01147018155045746,0.014807832739258536,-0.0006244856914712453,0.0052163009331518875,-0.001920454877815483,0.0016298461231271258,0.0006714834948729941,0.00776720553236938,0.0007628643107161837,0.005351575834384442,0.0030373857805897,0.004668643770467507,-0.0015116571591573323,0.0053088927294243846
0.004151667110495602,0.0007693401617371465,0.01147018155045746,0.0005404366827645256,0.005400357219139719,0.0012654935463440352,0.004933428429075983,-0.0001846201808149827,0.006855202900330518,0.0007781219598889719,0.005361619935412126,0.0014984220681110681,0.005927972239603632,5.7821851666876346e-05,0.005092507693166828
-0.0020881616580792034,0.006239828768574806,0.0007693401617371465,0.00019885407679094938,0.005508055695177668,-0.0014175693134763842,0.007512164887652687,0.0018152774670582843,0.0034022931713560524,2.6556642001312634e-05,0.0049256751249137755,-0.00011180935006993929,0.005218553511241685,0.00016492263407256498,0.005028945285440144
0.012649986519216536,0.01473814817729574,0.006239828768574806,0.002787990409375319,0.007169284601997465,0.0006714834948729941,0.00776720553236938,0.004904497323877645,0.007397859009309184,0.0001967350072388386,0.005331173988164439,-0.0015841172683740705,0.002598123602877043,0.001977587282851748,0.006886905982567155
-0.004749558581342168,0.017399545100558703,0.01473814817729574,0.0008764009562250355,0.007435351779044383,-0.0001846201808149827,0.006855202900330518,0.0019374220932650548,0.009372301522620221,-0.00010973419482089572,0.005492647724252668,-0.0019306660860574695,0.0025847872406772093,0.0017111976964156784,0.007137827347810109
-0.009451283997386142,0.004701725416043974,0.017399545100558703,0.0006491627236105127,0.00777709014860695,0.0018152774670582843,0.0034022931713560524,-0.0005169520198372579,0.011642712671039493,-0.0006843281894318263,0.006032978908620243,-0.0007696737702870914,0.004187497547282947,-0.0005989826085765609,0.007829921883909323
0.0036245650752862128,0.013075849072672355,0.004701725416043974,0.0006895357446984723,0.007794725248339861,0.004904497323877645,0.007397859009309184,-0.003525425834480699,0.006623317369663074,-0.0004931283663392424,0.006130314774819375,-0.0020604769350998117,0.00490159447807123,0.0010742202024213272,0.007187998771448871
-0.00216543729735782,0.005790002372644033,0.013075849072672355,-0.0003633149899437647,0.007659011136507718,0.0019374220932650548,0.009372301522620221,-0.002664052073152583,0.006552169088462787,-0.0006149873530905935,0.006146527824428733,-0.0015116571591573323,0.0053088927294243846,0.0002816824529761453,0.00719693417833156
-0.010249133722083146,0.008083696424725326,0.005790002372644033,-0.0017234770006110884,0.008682814402603694,-0.0005169520198372579,0.011642712671039493,-0.0029300019813849176,0.0069683785019958614,-0.0008588764785769713,0.006471457062240827,5.7821851666876346e-05,0.005092507693166828,-0.0017755748088208185,0.007927487258250685
0.005593753489427464,0.015842887211510608,0.008083696424725326,-0.002899515838909267,0.006566632837973061,-0.003525425834480699,0.006623317369663074,-0.0022736058433378338,0.007921997483268736,-0.00025661786255222225,0.006662633158880503,0.00016492263407256498,0.005028945285440144,-0.000678158359177009,0.008394932542509932
-0.0024136360232743324,0.008007389512701796,0.015842887211510608,-0.0025101954125646276,0.006503957761608364,-0.002664052073152583,0.006552169088462787,-0.0023563387519766714,0.007921599019903445,-0.0004262585769119784,0.00668684805973068,0.001977587282851748,0.006886905982567155,-0.0028301044366757047,0.00599730061138137
-0.004986520433593829,0.0025728844103194964,0.008007389512701796,-0.0017660681519325757,0.005764346544254077,-0.0029300019813849176,0.0069683785019958614,-0.0006021343224802325,0.005517853104290294,-0.0005763792167194176,0.006769371526731595,0.0017111976964156784,0.007137827347810109,-0.002863956129854513,0.006010594700443844
-0.0018782103833973225,0.0031083100501965062,0.0025728844103194964,-0.0026831973950464986,0.005138975547898704,-0.0022736058433378338,0.007921997483268736,-0.003092788946755161,0.0016617263198681572,-0.001190535539644907,0.006438432580213199,-0.0005989826085765609,0.007829921883909323,-0.0017820884707132531,0.005262275090000694
-0.005857775825747921,0.003979565442350599,0.0031083100501965062,-0.0032985871497781816,0.005283616068603921,-0.0023563387519766714,0.007921599019903445,-0.004240835547579691,0.002091953570089503,-0.001031244198505544,0.006280306659433002,0.0010742202024213272,0.007187998771448871,-0.003136708599432415,0.004842237598030031
-0.013135908125021934,0.007278132299274012,0.003979565442350599,-0.0037797162169346463,0.0061099405732406445,-0.0006021343224802325,0.005517853104290294,-0.006957298111389059,0.005708822256202333,-0.0022111181323470003,0.006907649695363202,0.0002816824529761453,0.00719693417833156,-0.004703918717670146,0.006090035304523049
-0.004861735488865956,0.008274172636155978,0.007278132299274012,-0.005522297713316884,0.004043418325679428,-0.003092788946755161,0.0016617263198681572,-0.007951806479878604,0.004517101558362101,-0.002854932603729969,0.006685465827935089,-0.0017755748088208185,0.007927487258250685,-0.003934290398639119,0.0055925602739107
-0.008889036952319521,0.004027301463453565,0.008274172636155978,-0.0066015312014910815,0.003909701902972224,-0.004240835547579691,0.002091953570089503,-0.00896222685540247,0.004137571845256957,-0.00334070941046142,0.006869999795641582,-0.000678158359177009,0.008394932542509932,-0.006003260461745831,0.00390430992041716
-0.0065471500104187,0.0023418869419008217,0.004027301463453565,-0.006861636130961894,0.0038319085306941086,-0.006957298111389059,0.005708822256202333,-0.006765974150534725,0.0020225484598908735,-0.004711933448292509,0.005127714991451051,-0.0028301044366757047,0.00599730061138137,-0.006593762459909312,0.003569112394117184
0.003897927144627653,0.010445077155046353,0.0023418869419008217,-0.00589894654295773,0.005635435336881213,-0.007951806479878604,0.004517101558362101,-0.003846086606036856,0.006807967416198621,-0.004094255896437521,0.005620032298032969,-0.002863956129854513,0.006010594700443844,-0.005324555663020529,0.005364194600387506
-0.004463294584846048,0.0083612217294737,0.010445077155046353,-0.005666533002807418,0.005666144410017283,-0.00896222685540247,0.004137571845256957,-0.0023708391502123647,0.005527991181538175,-0.003737970938398943,0.005408420879181648,-0.0017820884707132531,0.005262275090000694,-0.0056938534060846325,0.0051729635503924044
0.008573423320291686,0.013036717905137734,0.0083612217294737,-0.0020483110952551485,0.006767001922705745,-0.006765974150534725,0.0020225484598908735,0.00266935196002443,0.006604623469411547,-0.0033844810637556955,0.0060502850158054506,-0.003136708599432415,0.004842237598030031,-0.0036322535280789744,0.007464742321858927
-0.006242704628084744,0.01481612794837643,0.013036717905137734,-0.0022784726184582795,0.006903930901140532,-0.003846086606036856,0.006807967416198621,-0.0007108586308797021,0.008089498967002206,-0.003675714444521904,0.00608512228517868,-0.004703918717670146,0.006090035304523049,-0.002647510171373662,0.006377580987177014
-0.002825040373182052,0.0034176642549026918,0.01481612794837643,-0.0012678065219353682,0.006144783302689133,-0.0023708391502123647,0.005527991181538175,-0.0001647738936583701,0.007758039388416591,-0.00314542206245754,0.0057842633808190555,-0.003934290398639119,0.0055925602739107,-0.0023565537262759603,0.006305782652102399
0.00021916244357003895,0.003044202816752091,0.0034176642549026918,-0.0001400877796039117,0.0055767539097433165,0.00266935196002443,0.006604623469411547,-0.0029495275192322526,0.0032327317086456283,-0.0035293214228759276,0.005319297775150812,-0.006003260461745831,0.00390430992041716,-0.0010553823840060237,0.005637479013838059
-0.01497216888093786,0.015191331324507899,0.003044202816752091,-0.0032851037838648304,0.0077438909098085035,-0.0007108586308797021,0.008089498967002206,-0.005859348936849958,0.008037375703387582,-0.004426359484137608,0.006115947607186651,-0.006593762459909312,0.003569112394117184,-0.002258956508365904,0.007572585619826919
-0.0022891364107806896,0.01268303247015717,0.015191331324507899,-0.002922744088187271,0.0077285861872078,-0.0001647738936583701,0.007758039388416591,-0.005680714282716171,0.008143785188645114,-0.004233689196793813,0.006139386295822428,-0.005324555663020529,0.005364194600387506,-0.0031428227305670955,0.007079188699237007
-0.003636084311514438,0.0013469479007337483,0.01268303247015717,-0.004957662026821625,0.005332107751238405,-0.0029495275192322526,0.0032327317086456283,-0.006965796534410995,0.00696635240102346,-0.004359251620230749,0.006105388297418791,-0.0056938534060846325,0.0051729635503924044,-0.0030246498343768657,0.0070603515383674716
-0.009132722272533388,0.00549663796101895,0.0013469479007337483,-0.0054393316342297325,0.005595437878453143,-0.005859348936849958,0.008037375703387582,-0.005019314331609505,0.003625418710737355,-0.004593176366429711,0.006228713397625378,-0.0036322535280789744,0.007464742321858927,-0.005554099204780448,0.005116929943150255
0.013691306312600977,0.022824028585134364,0.00549663796101895,-0.0026866071865992267,0.009697695225214843,-0.005680714282716171,0.008143785188645114,0.00030749990951771736,0.011912093124007971,-0.0026769467637423605,0.007412547865427769,-0.002647510171373662,0.006377580987177014,-0.0027063833561110583,0.008852898672890117
-0.0015500784623035371,0.015241384774904514,0.022824028585134364,-0.0029814806709114895,0.009618242683284782,-0.006965796534410995,0.00696635240102346,0.0010028351925880172,0.011624203039811222,-0.002440399833273616,0.007390271277602909,-0.0023565537262759603,0.006305782652102399,-0.002524245940271271,0.008863160015167267
0.012036595030802897,0.013586673493106435,0.015241384774904514,0.0015199799810453032,0.009194999375731061,-0.005019314331609505,0.003625418710737355,0.008059274293700113,0.00836296972662903,-0.0009457118344791578,0.008070509434136454,-0.0010553823840060237,0.005637479013838059,-0.0008360412849522909,0.010455263333551637
-0.00957521795677908,0.021611812987581976,0.013586673493106435,0.0003056330567122381,0.010222389999170203,0.00030749990951771736,0.011912093124007971,0.00030376620390676,0.010924521508394843,-0.0011620024020763278,0.008270280046348583,-0.002258956508365904,0.007572585619826919,-6.504829578675134e-05,0.009383116774376159
0.015519235110015543,0.02509445306679462,0.021611812987581976,0.003498186293633902,0.011638285621838773,0.0010028351925880172,0.011624203039811222,0.005993537394679786,0.01359491827395512,-0.00033190897597719284,0.009332251534568297,-0.0031428227305670955,0.007079188699237007,0.002479004778612711,0.01096110670675376
-0.025103416431201425,0.04062265154121697,0.02509445306679462,0.0008364039338558954,0.01608259790155168,0.008059274293700113,0.00836296972662903,-0.006386466425988321,0.020498196428067144,-0.0018062033935740056,0.011429757253281863,-0.0030246498343768657,0.0070603515383674716,-0.0005877569527711445,0.015157152404156169
0.009672160516750315,0.03477557694795174,0.04062265154121697,0.0001665463012141185,0.015513733271215012,0.00030376620390676,0.010924521508394843,2.932639852147763e-05,0.021961059672373346,-0.001727722165255532,0.011510000729767423,-0.005554099204780448,0.005116929943150255,0.0020986548742693845,0.015056379758821575
-0.010111183384349276,0.019783343901099593,0.03477557694795174,-0.001260304519126838,0.01608632405107992,0.005993537394679786,0.01359491827395512,-0.008514146432933462,0.017442708599408198,-0.002004042076417284,0.011672024200086744,-0.0027063833561110583,0.008852898672890117,-0.0013017007967235093,0.014685146014240114
-0.002496684163225992,0.007614499221123283,0.019783343901099593,-0.003682517718131653,0.014719833583818696,-0.006386466425988321,0.020498196428067144,-0.000978569010274984,0.009978661192289686,-0.001980588061420423,0.011670577379452566,-0.002524245940271271,0.008863160015167267,-0.001436930182569574,0.014692171189850277
0.02000658191004978,0.022503266073275772,0.007614499221123283,0.0012477822596731576,0.017111223694061633,2.932639852147763e-05,0.021961059672373346,0.0024662381208248375,0.015660232909515532,-0.0005672009566718698,0.013071579124095062,-0.0008360412849522909,0.010455263333551637,-0.000298360628391448,0.01614710144481158
0.014108591925786637,0.005897989984263144,0.022503266073275772,0.0010126750623016734,0.016884100734027845,-0.008514146432933462,0.017442708599408198,0.010539496557536809,0.011668465079088504,0.0015099962438084515,0.012916089165370256,-6.504829578675134e-05,0.009383116774376159,0.0030850407834036547,0.016359205739827028
0.015594181983658969,0.001485590057872332,0.005897989984263144,0.007795608131445073,0.011660920298687314,-0.000978569010274984,0.009978661192289686,0.01656978527316513,0.0030676412432826174,0.0027873761291255694,0.013387183190502652,0.002479004778612711,0.01096110670675376,0.00309574747963843,0.016368721682986857
-0.006644143795840076,0.022238325779499045,0.001485590057872332,0.005076224079346673,0.012965338408168041,0.0024662381208248375,0.015660232909515532,0.007686210037868509,0.01243265961910311,0.002572514737388024,0.013521672539082534,-0.0005877569527711445,0.015157152404156169,0.005732786427547194,0.011962476841556964
0.0036227294241519535,0.010266873219992029,0.022238325779499045,0.0073652095474302124,0.010775143382780142,0.010539496557536809,0.011668465079088504,0.004190922537323615,0.011130045639132606,0.0034836184300084056,0.013095307455468668,0.0020986548742693845,0.015056379758821575,0.004868581985747427,0.01184842352545285
0.00967619429801651,0.006053464873864557,0.010266873219992029,0.009394022624303961,0.009632297571702732,0.01656978527316513,0.0030676412432826174,0.0022182599754427957,0.008250318763460879,0.003196824714680944,0.01289702291429121,-0.0013017007967235093,0.014685146014240114,0.007695350226085398,0.009875021308338835
-0.0097812339505817,0.01945742824859821,0.006053464873864557,0.004429386647532049,0.010687227614093657,0.007686210037868509,0.01243265961910311,0.0011725632571955875,0.009957427589322965,0.00260888503694679,0.013311039648221897,-0.001436930182569574,0.014692171189850277,0.006654700256463154,0.011394947988890937
9.00346634060827e-05,0.009871268613987783,0.01945742824859821,0.0020929604371352894,0.009627811865434458,0.004190922537323615,0.011130045639132606,-5.001663053035967e-06,0.009729062259017929,0.0017555592964184454,0.013040344729748151,-0.000298360628391448,0.01614710144481158,0.003809479221228339,0.009892961719484068
-0.004134940070863034,0.004224974734269117,0.009871268613987783,-0.0011952265719517112,0.007142891924561679,0.0022182599754427957,0.008250318763460879,-0.004608713119346217,0.004952659052314914,0.0021441505739838774,0.01275465255631203,0.0030850407834036547,0.016359205739827028,0.0012032603645641003,0.009098714082995436
-0.0031489910022038155,0.0009859490686592188,0.004224974734269117,-0.0006127011063456677,0.006740845737108898,0.0011725632571955875,0.009957427589322965,-0.0023979654698869225,0.0022103466671422843,0.0008107058516824946,0.012213128237945702,0.00309574747963843,0.016368721682986857,-0.00147433577627344,0.006562220242204631
0.007238914754643881,0.010387905756847697,0.0009859490686592188,-1.0003551263679708e-05,0.007331091870246293,-5.001663053035967e-06,0.009729062259017929,-1.5005439474322901e-05,0.006301392110357394,0.0031208723649571593,0.009743441514781816,0.005732786427547194,0.011962476841556964,0.0005089583023671253,0.006831740128278222
0.0032160630980925726,0.004022851656551309,0.010387905756847697,-0.001086692084584336,0.005972504803077849,-0.004608713119346217,0.004952659052314914,0.002435328950177546,0.005237776805151001,0.002659722549338749,0.009560587927967932,0.004868581985747427,0.01184842352545285,0.00045086311293007086,0.006802514969980957
-0.015977020636580196,0.01919308373467277,0.004022851656551309,-0.0021193231989174188,0.007976000653598386,-0.0023979654698869225,0.0022103466671422843,-0.0018406809279479144,0.012406567177549347,0.002240734174179398,0.010265840969188908,0.007695350226085398,0.009875021308338835,-0.0032138818777266015,0.007835830072897862
0.009399020383080435,0.02537604101966063,0.01919308373467277,-0.0005678255789716933,0.009289036975402416,-1.5005439474322901e-05,0.006301392110357394,-0.001120645718469063,0.013232201138798009,0.003090427356058428,0.0103356277408223,0.006654700256463154,0.011394947988890937,-0.0004738455443462965,0.008483336549005063
-0.0007330090347736128,0.010132029417854047,0.02537604101966063,-8.370729567897219e-07,0.009130226323942442,0.002435328950177546,0.005237776805151001,-0.0024370030960911247,0.012773549282741613,0.0016090280028567573,0.009141900049467955,0.003809479221228339,0.009892961719484068,-0.0005914232155148244,0.008479921651435273
-0.0004219748485232314,0.00031103418625038135,0.010132029417854047,0.00045366561932330766,0.009009242047054725,-0.0018406809279479144,0.012406567177549347,0.0027480121665945305,0.005762041156402509,0.0005711303761203383,0.008409111396559553,0.0012032603645641003,0.009098714082995436,-6.0999612323424004e-05,0.008336237999842075
-0.00044225995554468317,2.0285107021451745e-05,0.00031103418625038135,-0.0008265301657081197,0.008375701530395584,-0.001120645718469063,0.013232201138798009,-0.0005324146129471758,0.000174015697402935,-0.0005743297623942084,0.007212365362525791,-0.00147433577627344,0.006562220242204631,0.00032567625148502346,0.008231243577571169
0.009092222712253737,0.009534482667798421,2.0285107021451745e-05,0.00015282976998540776,0.009241710920463319,-0.0024370030960911247,0.012773549282741613,0.002742662636061941,0.005498889682678522,0.0005496964167553498,0.007416967501914986,0.0005089583023671253,0.006831740128278222,0.0005904345311435745,0.008515564344388884
0.00013946654070879115,0.008952756171544946,0.009534482667798421,0.0028389109662002392,0.004971599641339061,0.0027480121665945305,0.005762041156402509,0.0029298097658059484,0.005344726505727054,0.00030089192508083823,0.007364187747019552,0.00045086311293007086,0.006802514969980957,0.00015092073723160562,0.008436490747067265
0.004289047156948765,0.004149580616239973,0.008952756171544946,0.001987248761844961,0.003957269344311253,-0.0005324146129471758,0.000174015697402935,0.004506912136637098,0.004480352623266943,-8.390429928114356e-05,0.00696663768886632,-0.0032138818777266015,0.007835830072897862,0.0030460732791643143,0.004571405625792141
-0.00033232726108595103,0.0046213744180347155,0.004149580616239973,0.002054029057459571,0.0039052215331764647,0.002742662636061941,0.005498889682678522,0.0013653954788572017,0.0025429218821974645,0.00059101760711141,0.006388624303755036,-0.0004738455443462965,0.008483336549005063,0.0016558807585691161,0.003717340065336133
0.009494656253440764,0.009826983514526716,0.0046213744180347155,0.003706800907786903,0.004671106616373724,0.0029298097658059484,0.005344726505727054,0.0044837920497678594,0.004916385402778579,0.0012627762921138873,0.00681229051862058,-0.0005914232155148244,0.008479921651435273,0.0031169757997425987,0.004540699629407169
0.007860990745252308,0.001633665508188456,0.009826983514526716,0.005090676024586402,0.004419233196660749,0.004506912136637098,0.004480352623266943,0.005674439912535707,0.005265752999974002,0.0021196284932649832,0.006835525300510524,-6.0999612323424004e-05,0.008336237999842075,0.00430025659885339,0.004544009806190616
-0.004613167413353745,0.012474158158606053,0.001633665508188456,0.002806444336985155,0.005375760883651072,0.0013653954788572017,0.0025429218821974645,0.004247493195113109,0.007716909715811654,0.002015044463897131,0.006932844568841621,0.00032567625148502346,0.008231243577571169,0.0037044126763092385,0.005452225924717357
0.008836237064781788,0.013449404478135533,0.012474158158606053,0.004255906090997321,0.005676865665263863,0.0044837920497678594,0.004916385402778579,0.0040280201322267836,0.007499357838799331,0.002129138914621267,0.007037776865309595,0.0005904345311435745,0.008515564344388884,0.0036678432980989596,0.005410766559057642
0.000761949170692497,0.008074287894089292,0.013449404478135533,0.0036680564266212763,0.005852644738415446,0.005674439912535707,0.005265752999974002,0.0016616729407068467,0.006769693298139115,0.0019538450626641187,0.007039184580225752,0.00015092073723160562,0.008436490747067265,0.003756769388096632,0.005347862372495623
0.005930113826975018,0.005168164656282521,0.008074287894089292,0.004711796607964772,0.005546976199826808,0.004247493195113109,0.007716909715811654,0.005176100020816434,0.004089612923501139,0.0035186403814894914,0.004837085432942452,0.0030460732791643143,0.004571405625792141,0.003991207483814668,0.00541068648775503
0.008002425167213148,0.0020723113402381305,0.005168164656282521,0.004463091426926836,0.005318384888881077,0.0040280201322267836,0.007499357838799331,0.004898162721626888,0.003728916126291908,0.003418883580356114,0.004719454649744674,0.0016558807585691161,0.003717340065336133,0.0051818864021431115,0.005214180507999835
-0.00942128954176815,0.017423714708981297,0.0020723113402381305,0.001582711379090092,0.007387514723070538,0.0016616729407068467,0.006769693298139115,0.0015037498174733388,0.009517929518726835,0.00279829211557079,0.00576322718939263,0.0031169757997425987,0.004540699629407169,0.0024796084313989802,0.007149157181799077
-0.005914267870830305,0.003507021670937845,0.017423714708981297,0.0013658613028439987,0.007621161447543201,0.005176100020816434,0.004089612923501139,-0.0024443774151284357,0.009215560937670642,0.002405985471120284,0.00617174802831973,0.00430025659885339,0.004544009806190616,0.0005117143433871786,0.007314965530088144
0.0044111659303118994,0.010325433801142205,0.003507021670937845,0.0006283494470990175,0.006937064694421371,0.004898162721626888,0.003728916126291908,-0.003641463827428852,0.007190857720852625,0.002752658748681469,0.006135657773214176,0.0037044126763092385,0.005452225924717357,0.0018009048210536993,0.007051708413362419
0.0018121418429262117,0.002599024087385688,0.010325433801142205,0.00080338155913797,0.006954337221931971,0.0015037498174733388,0.009517929518726835,0.0001030133008026019,0.0053707062920596085,0.0022326529723009315,0.005859316504686989,0.0036678432980989596,0.005410766559057642,0.0007974626465029026,0.006348431596201114
-0.009473824002282166,0.011285965845208377,0.002599024087385688,-0.001763941412404894,0.007504728082296863,-0.0024443774151284357,0.009215560937670642,-0.0010835054096813516,0.007381518550793592,0.0015459893620872916,0.006635393128785997,0.003756769388096632,0.005347862372495623,-0.0006647906639220492,0.007442516122448923
0.006645446498813147,0.016119270501095313,0.011285965845208377,-0.0019901045238048943,0.007164268396733709,-0.003641463827428852,0.007190857720852625,-0.0003387452201809359,0.008272089019138494,0.0017143036007918901,0.006739397525675591,0.003991207483814668,0.00541068648775503,-0.000562600282230888,0.0075522621270062975
-0.006655194465143696,0.013300640963956844,0.016119270501095313,-0.0015290886777008187,0.006661817290043483,0.0001030133008026019,0.0053707062920596085,-0.003161190656204238,0.008608935319453443,0.0012626702290734798,0.007089848697933611,0.0051818864021431115,0.005214180507999835,-0.0026565459439961514,0.006773573199047679
-0.010017350694112394,0.003362156228968698,0.013300640963956844,-0.0022129358149145,0.007374468958380111,-0.0010835054096813516,0.007381518550793592,-0.0033423662201476473,0.008811545029606018,-0.0001310445528946028,0.0072628481110170225,0.0024796084313989802,0.007149157181799077,-0.0027416975371881863,0.006875762968162354
-0.0004579509973991375,0.009559399696713256,0.003362156228968698,-0.0030244553028663398,0.006740383172983618,-0.0003387452201809359,0.008272089019138494,-0.005710165385551743,0.004849261862524665,-0.000725254677369706,0.0068893873518867145,0.0005117143433871786,0.007314965530088144,-0.0019622236981265907,0.006764539129925249
0.01384243930513959,0.014300390302538728,0.009559399696713256,-0.0010194057258307765,0.009634749042106611,-0.003161190656204238,0.008608935319453443,0.0011223792045426863,0.012008142127843024,0.000593002945379818,0.007794476117899955,0.0018009048210536993,0.007051708413362419,-0.0006148989302940634,0.008860156384272212
0.0013204013607824112,0.012522037944357179,0.014300390302538728,0.0007796318346799863,0.008703105623471085,-0.0033423662201476473,0.008811545029606018,0.0049016298895076214,0.007793855851403234,5.615753795129102e-05,0.007433518222884586,0.0007974626465029026,0.006348431596201114,-0.0006851475706003205,0.008839631809112777
0.012577387482066906,0.011256986121284495,0.012522037944357179,0.0017682886652222792,0.00977378984976138,-0.005710165385551743,0.004849261862524665,0.009246742715996303,0.006893493634456723,0.0009001174173351773,0.008155483350302885,-0.0006647906639220492,0.007442516122448923,0.002465025498592404,0.009110647737358632
0.0008523598432074853,0.011725027638859421,0.011256986121284495,0.0030195477166141426,0.008923281934510302,0.0011223792045426863,0.012008142127843024,0.004916716228685601,0.006638462077532,0.000537420704208925,0.008026468449529483,-0.000562600282230888,0.0075522621270062975,0.0016374416906487377,0.00892892228685528
-0.0030200496574244954,0.0038724095006319806,0.011725027638859421,0.004185764556062126,0.007162128850879573,0.0049016298895076214,0.007793855851403234,0.003469899222616632,0.00812149282042191,-0.00024989892612233526,0.007774542469663195,-0.0026565459439961514,0.006773573199047679,0.002156748091751481,0.008459615599084497
-0.0030051205790573693,1.4929078367126054e-05,0.0038724095006319806,0.0037612362924524206,0.007557034309680106,0.009246742715996303,0.006893493634456723,-0.00172427013109146,0.0022314394989976895,0.0002083988569284348,0.007370951104919664,-0.0027416975371881863,0.006875762968162354,0.0031584952510450566,0.007080516716481916
-0.011409987796644283,0.008404867217586914,1.4929078367126054e-05,-0.00044750155784489186,0.007845997428139207,0.004916716228685601,0.006638462077532,-0.005811719344375382,0.004848248443210924,-0.00018415256634399222,0.007852703945767987,-0.0019622236981265907,0.006764539129925249,0.0015939185654386067,0.008970590980543048
-0.00026792347291652814,0.011142064323727755,0.008404867217586914,-0.0007122223634613817,0.007801085605749669,0.003469899222616632,0.00812149282042191,-0.004894343949539394,0.005806313206864,-0.0005183732380031655,0.007740854094470361,-0.0006148989302940634,0.008860156384272212,-0.00042184754571226773,0.007162704559057434
0.016491363616175623,0.01675928708909215,0.011142064323727755,-5.989300777659544e-05,0.009176939820265198,-0.00172427013109146,0.0022314394989976895,0.0016044841155382703,0.014044599862523467,0.000530142602943221,0.008976375567173633,-0.0006851475706003205,0.008839631809112777,0.0017454327764867624,0.00964337053966387
-0.002230906888973277,0.0187222705051489,0.01675928708909215,-0.0005737707964733891,0.00920193236273523,-0.005811719344375382,0.004848248443210924,0.004664177751428606,0.010289561219137685,0.0010474938253224274,0.008554243448247725,0.002465025498592404,0.009110647737358632,-0.00037003784794754945,0.008417453047517814
0.002221322239747512,0.0044522291287207895,0.0187222705051489,0.00029979118638861216,0.009171994304729517,-0.004894343949539394,0.005806313206864,0.00549392632231662,0.009780762052515544,0.0007314849496748819,0.008412073690711995,0.0016374416906487377,0.00892892228685528,-0.0001744717912989739,0.008466347729434142
-0.014005006553991698,0.01622632879373921,0.0044522291287207895,-0.0015335231427671093,0.010901063669833634,0.0016044841155382703,0.014044599862523467,-0.004671530401072488,0.0083839679672868,0.0002064983719000247,0.009109003937263715,0.002156748091751481,0.008459615599084497,-0.0017437513479514318,0.00996679632074708
0.008430373930639248,0.022435380484630944,0.01622632879373921,0.0017732038117801458,0.010298485107892403,0.004664177751428606,0.010289561219137685,-0.0011177701278683126,0.011584417454155496,0.0015241929879537136,0.008846807149138677,0.0031584952510450566,0.007080516716481916,-0.0001101092751376293,0.010640037917291073
-0.0030696782603960395,0.011500052191035287,0.022435380484630944,0.0013062446805335607,0.010471609033749808,0.00549392632231662,0.009780762052515544,-0.0028814369612494965,0.011218874741370814,0.0013376410405967919,0.00891906123467958,0.0015939185654386067,0.008970590980543048,0.0010813635157549773,0.009577725751154644
-0.003045188755897721,2.448950449831849e-05,0.011500052191035287,-0.0019498473814786633,0.007389280094066755,-0.004671530401072488,0.0083839679672868,0.0007718356381151625,0.006632500020165921,0.00013138189337984097,0.008211688922918804,-0.00042184754571226773,0.007162704559057434,0.0006846113324719498,0.009699681743870857
-0.012971603761810625,0.009926415005912903,2.448950449831849e-05,-0.0037399635269515547,0.008662336011928826,-0.0011177701278683126,0.011584417454155496,-0.006362156926034796,0.00572396196180303,-0.0008894756153768046,0.008911091703860348,0.0017454327764867624,0.00964337053966387,-0.0035243840072403713,0.007928138244560628
0.005544983813053095,0.01851658757486372,0.009926415005912903,-0.0031860199314006237,0.009208827547412255,-0.0028814369612494965,0.011218874741370814,-0.0034906029015517506,0.00926632608832977,-0.0013917901631635054,0.008268622838509997,-0.00037003784794754945,0.008417453047517814,-0.0024135424783794618,0.008651346941736771
-0.0005179271304372132,0.006062910943490308,0.01851658757486372,-0.0009381733608082099,0.0075334439191527495,0.0007718356381151625,0.006632500020165921,-0.0026481823597315807,0.009440312196153863,-0.0014896678041381266,0.008248099614616648,-0.0001744717912989739,0.008466347729434142,-0.0028048638169772796,0.008466741633193482
-0.012857896200255518,0.012339969069818305,0.006062910943490308,-0.004486218382624005,0.007246271589876563,-0.006362156926034796,0.00572396196180303,-0.0026102798392132116,0.009378163630983418,-0.0021923711286260567,0.008789794672767184,-0.0017437513479514318,0.00996679632074708,-0.002640990909300682,0.008221380315577209
-0.005585011973152806,0.007272884227102712,0.012339969069818305,-0.004905440668083465,0.007220644531621973,-0.0034906029015517506,0.00926632608832977,-0.006320278434615178,0.006202755173149401,-0.0023766490853471592,0.008835071756177157,-0.0001101092751376293,0.010640037917291073,-0.00464318889555669,0.006627934933953613
0.012649285521213974,0.01823429749436678,0.007272884227102712,-0.002289694955231516,0.010240543519352927,-0.0026481823597315807,0.009440312196153863,-0.0019312075507314497,0.013140273776105132,-0.000658129562642998,0.0092719244529975,0.0010813635157549773,0.009577725751154644,-0.002397622641040973,0.009352654614636621
0.005690982603423667,0.006958302917790308,0.01823429749436678,0.0008207361056408661,0.009120120702000802,-0.0026102798392132116,0.009378163630983418,0.004251752050494945,0.009201953038166968,-0.00023249341433298406,0.009426697841285145,0.0006846113324719498,0.009699681743870857,-0.0011495981611379176,0.009822899497727333
0.01345338985032286,0.007762407246899194,0.006958302917790308,0.0021388037785191605,0.01041848950650367,-0.006320278434615178,0.006202755173149401,0.010597885991653502,0.004268480009217448,-0.0004494915404653243,0.009039107302009061,-0.0035243840072403713,0.007928138244560628,0.002625400926309723,0.009597475735174919
0.01552800225041307,0.002074612400090209,0.007762407246899194,0.004813125341994208,0.01159331755481227,-0.0019312075507314497,0.013140273776105132,0.011557458234719866,0.005185330886461935,0.0008190019694908433,0.00996822180281102,-0.0024135424783794618,0.008651346941736771,0.004051546417361148,0.010773309325119901
-0.00864584124060292,0.024173843491015992,0.002074612400090209,0.005515134501936306,0.010372530429885935,0.004251752050494945,0.009201953038166968,0.006778516953377669,0.01339810148583799,4.2776006608669536e-05,0.010269192827412083,-0.0028048638169772796,0.008466741633193482,0.002890415830194618,0.011742310661575557
-0.008344463551913121,0.0003013776886897999,0.024173843491015992,0.005055225905476254,0.011005026565509009,0.010597885991653502,0.004268480009217448,-0.00048743418070099076,0.013870593361031879,0.00044710050675713937,0.009772996838100038,-0.002640990909300682,0.008221380315577209,0.0035351919228149603,0.01082123057922474
0.010554758105060597,0.01889922165697372,0.0003013776886897999,0.004706138002784025,0.010746134070649269,0.011557458234719866,0.005185330886461935,-0.002145182229151816,0.010999503193200429,0.0005988422335015214,0.00992184382449172,-0.00464318889555669,0.006627934933953613,0.005840873362559733,0.010258957138880379
-0.006188675481021753,0.01674343358608235,0.01889922165697372,0.0027261949887097884,0.011589676296147914,0.006778516953377669,0.01339810148583799,-0.0013261269759580925,0.010345454474450542,0.0003760567177425418,0.010044808418417449,-0.002397622641040973,0.009352654614636621,0.0031497360765260565,0.010639057284962996
0.00834164189145828,0.014530317372480034,0.01674343358608235,0.0018742369955656918,0.010804707520646183,-0.00048743418070099076,0.013870593361031879,0.004235908171832375,0.009095516977898645,0.0011894017639822562,0.010206184001660084,-0.0011495981611379176,0.009822899497727333,0.0035284016891024292,0.010790670955613835
-0.004028053658672424,0.012369695550130705,0.014530317372480034,-0.0013851056559485572,0.008583476746007885,-0.002145182229151816,0.010999503193200429,-0.0006250290827452988,0.00784015069590641,0.0018282267713492703,0.009507628089349249,0.002625400926309723,0.009597475735174919,0.0010310526163888182,0.010112441501434696
0.0006652930286720113,0.004693346687344436,0.012369695550130705,0.0001667500555972648,0.007815582919848959,-0.0013261269759580925,0.010345454474450542,0.001659627087152623,0.00624450695937011,0.0014796774296077647,0.009450161632651015,0.004051546417361148,0.010773309325119901,-0.0010921915581456189,0.007873837579090036
0.00059312550169445,7.216752697756135e-05,0.004693346687344436,0.0016563482311985267,0.006630901967078247,0.004235908171832375,0.009095516977898645,-0.0009232117094353209,0.0026891141078976837,0.0015590383319028837,0.009436751354657418,0.002890415830194618,0.011742310661575557,0.00022766083361114864,0.0071364382694971504
0.007916023332978044,0.007322897831283594,7.216752697756135e-05,0.0012165591025181013,0.00597805405989893,-0.0006250290827452988,0.00784015069590641,0.003058147287781502,0.0042071988057207745,0.0030428897271338523,0.008590770706003762,0.0035351919228149603,0.01082123057922474,0.002550587531452744,0.006499104930450237
0.020794127661263043,0.012878104328285,0.007322897831283594,0.005713692959565568,0.008783895099342416,0.001659627087152623,0.00624450695937011,0.009767758831978514,0.010227013998788583,0.004927113986734984,0.009406949079509935,0.005840873362559733,0.010258957138880379,0.004013354610910236,0.009194313338303122
0.01076360045891398,0.010030527202349064,0.012878104328285,0.0061173527208081835,0.008982225431679158,-0.0009232117094353209,0.0026891141078976837,0.01315791715105169,0.00676468455208631,0.004792422196570699,0.009300775971075209,0.0031497360765260565,0.010639057284962996,0.006435108316615341,0.008242598199915721
0.0013321759155878778,0.009431424543326102,0.010030527202349064,0.007010724316518235,0.00798225329254594,0.003058147287781502,0.0042071988057207745,0.010963301345254967,0.0097325126134391,0.004481078861725286,0.009341250310580007,0.0035284016891024292,0.010790670955613835,0.005433756034348141,0.008396712199591018
-0.0006153365947464391,0.0019475125103343169,0.009431424543326102,0.006797286045948492,0.008200009872595044,0.009767758831978514,0.010227013998788583,0.0038268132599184727,0.006085841250606864,0.003476169829934621,0.009054109740470417,0.0010310526163888182,0.010112441501434696,0.005921287043480423,0.007836139867636076
8.727225964909407e-05,0.0007026088543955332,0.0019475125103343169,0.006712977172274266,0.008278778153684867,0.01315791715105169,0.00676468455208631,0.00026803719349684425,0.0009862597099440412,0.002373260544880052,0.008389132067869414,-0.0010921915581456189,0.007873837579090036,0.005838712647905721,0.007903512445421153
-0.010606345431598442,0.010693617691247536,0.0007026088543955332,0.003625915711511519,0.010807615492852448,0.010963301345254967,0.0097325126134391,-0.0037114699222319295,0.0059814626988568065,0.0022332245312375143,0.008600907845786173,0.00022766083361114864,0.0071364382694971504,0.0042387882288638795,0.009998320671932912
0.0029665084654005784,0.013572853896999021,0.010693617691247536,0.0006546458455344408,0.00688097975396779,0.0038268132599184727,0.006085841250606864,-0.0025175215688495903,0.007151524585293614,0.0030411511039027785,0.00804408425882693,0.002550587531452744,0.006499104930450237,0.003531714676352813,0.009869105534256642
-0.0016629420297190136,0.004629450495119592,0.013572853896999021,-0.0014164445692377249,0.004778769067861736,0.00026803719349684425,0.0009862597099440412,-0.0031009263319722925,0.0068997420145586255,0.002168458237132806,0.007826025086979277,0.004013354610910236,0.009194313338303122,0.0003235618633553764,0.006342230275559044
-0.002841267110093126,0.0011783250803741126,0.004629450495119592,-0.0021120184068512252,0.004599031114085946,-0.0037114699222319295,0.0059814626988568065,-0.0005125668914705204,0.0030700303749068166,0.0024075588350562795,0.007598896627066307,0.006435108316615341,0.008242598199915721,-0.0016199906465027816,0.004395514214395184
-0.010778928132902932,0.007937661022809805,0.0011783250803741126,-0.003805950329877307,0.005681800269904186,-0.0025175215688495903,0.007151524585293614,-0.0050943790909050235,0.004958092965739869,0.001041803833316193,0.008148704814612254,0.005433756034348141,0.008396712199591018,-0.0033501483677157544,0.005325097800999376
0.003448238835030486,0.014227166967933417,0.007937661022809805,-0.0032457892339804086,0.006276904764674144,-0.0031009263319722925,0.0068997420145586255,-0.0033906521359885248,0.00712947669281361,0.0015758247257235435,0.008035081972981507,0.005921287043480423,0.007836139867636076,-0.002769637592033337,0.005866854968682948
0.0051152201413048074,0.0016669813062743215,0.014227166967933417,-0.0006255283051632005,0.005857162339371222,-0.0005125668914705204,0.0030700303749068166,-0.0007384897188558795,0.008735130756237755,0.001893676662340172,0.00808415774619086,0.005838712647905721,0.007903512445421153,-0.0020513593232253774,0.006543667488694811
0.007612541694403341,0.0024973215530985334,0.0016669813062743215,0.00014881056633725986,0.006676783932072675,-0.0050943790909050235,0.004958092965739869,0.005392000223579545,0.0020959031434212893,0.0023950635332479495,0.008213925440568813,0.0042387882288638795,0.009998320671932912,0.0005513388376320201,0.006187385510913374
-0.001253936065505596,0.008866477759908937,0.0024973215530985334,0.00021697822703949628,0.006656644620857499,-0.0033906521359885248,0.00712947669281361,0.0038246085900675176,0.004571965179097528,0.0017400664333562614,0.008104696307181044,0.003531714676352813,0.009869105534256642,-5.158180964029059e-05,0.006118058199034186
-0.005264220645467184,0.0040102845799615885,0.008866477759908937,-0.0001868473621895133,0.006946464049294915,-0.0007384897188558795,0.008735130756237755,0.00036479499447685345,0.006589231349162882,-0.00012124415998161218,0.006148292054701611,0.0003235618633553764,0.006342230275559044,-0.0005660501833186009,0.006420101176278672
-0.009554458557692595,0.004290237912225411,0.0040102845799615885,1.7230900345542935e-05,0.006581441951033151,0.005392000223579545,0.0020959031434212893,-0.005357538422888458,0.004151048008215842,-0.0015725340897392247,0.0057675333650560375,-0.0016199906465027816,0.004395514214395184,-0.0015250775329756678,0.007262723703047319
0.0004416172659554672,0.009996075823648063,0.004290237912225411,-0.0004838726945002935,0.00637931893287889,0.0038246085900675176,0.004571965179097528,-0.0047923539790681036,0.005014716002045804,-0.0016361454218558253,0.005737867135014398,-0.0033501483677157544,0.005325097800999376,7.785752400410353e-05,0.0060101478829412275
-0.0013630640024268135,0.0018046812683822806,0.009996075823648063,-0.0015635867184555635,0.005760329726113788,0.00036479499447685345,0.006589231349162882,-0.0034919684313879803,0.0053272468047546075,-0.0016895545224044233,0.005731110361740569,-0.002769637592033337,0.005866854968682948,-0.0006094714527755103,0.0058329681160381695
-0.005399975864401032,0.004036911861974218,0.0018046812683822806,-0.0037323396449229587,0.003693307630329134,-0.005357538422888458,0.004151048008215842,-0.0021071408669574593,0.002991034998191158,-0.0020815008169794325,0.005787603092764726,-0.0020513593232253774,0.006543667488694811,-0.0021116423107334875,0.005454697057296729
0.01715502546926425,0.02255500133366528,0.004036911861974218,-0.0006641793891279847,0.009400643586911417,-0.0047923539790681036,0.005014716002045804,0.003463995200812135,0.012027360338166104,-9.854575263209726e-05,0.007220558049543692,0.0005513388376320201,0.006187385510913374,-0.0007484303428962143,0.008584468772299873
-0.0015305140443142265,0.018685539513578476,0.02255500133366528,-4.189495560249167e-05,0.009155623713523823,-0.0034919684313879803,0.0053272468047546075,0.0034081785201829974,0.012061303183129748,-0.0004197616461831547,0.0071735916432528815,-5.158180964029059e-05,0.006118058199034186,-0.0007879414827260187,0.008587819043901547
-0.0020458911070213004,0.0005153770627070739,0.018685539513578476,0.0012095329528427241,0.008040621012696437,-0.0021071408669574593,0.002991034998191158,0.004526206772642908,0.01093991314560087,-0.00044711515170474663,0.007179424373709676,-0.0005660501833186009,0.006420101176278672,-0.00032818012009089265,0.008392154214157984
-0.002494279400502644,0.0004483882934813435,0.0005153770627070739,0.0007202168417663724,0.00818474045106319,0.003463995200812135,0.012027360338166104,-0.00202356151727939,0.00048227053961524363,-0.0004223303153054265,0.0071711176267650325,-0.0015250775329756678,0.007262723703047319,0.0006804169023648145,0.007472353608845499
-0.019561241804015198,0.017066962403512555,0.0004483882934813435,-0.002312812791831692,0.011719656773399227,0.0034081785201829974,0.012061303183129748,-0.008033804103846381,0.009985570988375566,-0.0010496384346705885,0.008421829063918465,7.785752400410353e-05,0.0060101478829412275,-0.0021771343933452807,0.010704554613182789
0.004786291632581651,0.02434753343659685,0.017066962403512555,-0.000615101542334578,0.011919103500712519,0.004526206772642908,0.01093991314560087,-0.005756409857312063,0.012497268399513676,-0.0009540632348455051,0.008484161521135295,-0.0006094714527755103,0.0058329681160381695,-0.0012986550169155,0.01102987946529167
-0.0023284335892174535,0.007114725221799104,0.02434753343659685,-0.0038623447187481953,0.008175765462847132,-0.00202356151727939,0.00048227053961524363,-0.005701127920217,0.012519261016502442,-0.0014857527870256665,0.00830591974979135,-0.0021116423107334875,0.005454697057296729,-0.0008598632633178458,0.010899856955528916
0.0002711374231443745,0.002599571012361828,0.007114725221799104,-0.003562069474171762,0.008310510856806588,-0.008033804103846381,0.009985570988375566,0.0009096651555028573,0.003600085692614723,-0.002010138806401307,0.007909613958035836,-0.0007484303428962143,0.008584468772299873,-0.0032718472699063994,0.00762518380625613
-0.008722665782482474,0.008993803205626849,0.002599571012361828,-0.00467486525341529,0.008511474892684846,-0.005756409857312063,0.012497268399513676,-0.0035933206495185176,0.004628399127330501,-0.0025436195004710843,0.00810416636083453,-0.0007879414827260187,0.008587819043901547,-0.004299297518216149,0.007833157850236952
0.00043650632547968614,0.00915917210796216,0.008993803205626849,-0.004186400965751569,0.008742603786489448,-0.005701127920217,0.012519261016502442,-0.0026716740112861376,0.005240964871068993,-0.0021364247168320217,0.008100170151659638,-0.00032818012009089265,0.008392154214157984,-0.0039446693135731506,0.00800645407247204
-0.007007069398304369,0.007443575723784055,0.00915917210796216,-0.0020940388981330973,0.005049122108052193,0.0009096651555028573,0.003600085692614723,-0.005097742951769052,0.004868958208425842,-0.0019544683483042917,0.007947898968543261,0.0006804169023648145,0.007472353608845499,-0.004589353598973398,0.008051761499528697
0.016120457070074864,0.023127526468379234,0.007443575723784055,-0.00020501132521756212,0.008837268067074515,-0.0035933206495185176,0.004628399127330501,0.003183297999083394,0.011805899733185502,-0.0008345512194386204,0.009300955184760307,-0.0021771343933452807,0.010704554613182789,0.0005080319544680399,0.008284932353699665
-0.0021884137031954205,0.018308870773270286,0.023127526468379234,-0.00018167467754722313,0.00883072171154369,-0.0026716740112861376,0.005240964871068993,0.0023083246561916913,0.012201889691395473,-0.0008935047694935208,0.009307176454031426,-0.0012986550169155,0.01102987946529167,-0.0004883545220715419,0.008102041264080918
-0.010080740179077079,0.007892326475881659,0.018308870773270286,-0.0019069876112507989,0.009693652154100252,-0.005097742951769052,0.004868958208425842,0.0012837677292674547,0.013441269182900726,-0.001227845077684667,0.009562096570323617,-0.0008598632633178458,0.010899856955528916,-0.0015958268920514883,0.008887265628758877
0.007414879480665003,0.01749561965974208,0.007892326475881659,0.0007826032659404475,0.009663072006861782,0.003183297999083394,0.011805899733185502,-0.001618091467202499,0.00876174225877704,-0.001923569791156042,0.008406171170089918,-0.0032718472699063994,0.00762518380625613,-0.0005752923124056844,0.00952468529593885
-0.004187179966690897,0.0116020594473559,0.01749561965974208,1.1988883912017034e-05,0.009878164669425106,0.0023083246561916913,0.012201889691395473,-0.0022843468883676577,0.008901671590918148,-0.0021133316427543757,0.00842657692611808,-0.004299297518216149,0.007833157850236952,7.263423270739836e-05,0.009018916751577153
-0.011609613805924911,0.007422433839234015,0.0116020594473559,-0.0007551018506914067,0.010678525993057093,0.0012837677292674547,0.013441269182900726,-0.002793971430650268,0.009588462270956097,-0.002796454692676062,0.008800066478207046,-0.0039446693135731506,0.00800645407247204,-0.0016482400717789728,0.0100304354671554
-0.013042718394565346,0.0014331045886404343,0.007422433839234015,-0.005615631094798109,0.007676029587828743,-0.001618091467202499,0.00876174225877704,-0.009613170722393719,0.004753365013464138,-0.003549914620823398,0.009214044439483692,-0.004589353598973398,0.008051761499528697,-0.002510475642673398,0.01079792223226475
0.004301250657063268,0.017343969051628612,0.0014331045886404343,-0.004534020368088327,0.008650856434046363,-0.0022843468883676577,0.008901671590918148,-0.006783693847808996,0.009626548872652595,-0.0018454508736035075,0.008172596983265312,0.0005080319544680399,0.008284932353699665,-0.004198933701675055,0.00794672337424616
-0.0019987367587566652,0.006299987415819933,0.017343969051628612,-0.0031870197980349243,0.008233610196216387,-0.002793971430650268,0.009588462270956097,-0.003580068165419581,0.00877945171290535,-0.0023300957586991013,0.007947145580698279,-0.0004883545220715419,0.008102041264080918,-0.004171836995326661,0.007955040442214588
-0.00015202822850182119,0.001846708530254844,0.006299987415819933,-0.004448171082896062,0.006726508372815571,-0.009613170722393719,0.004753365013464138,0.0007168285566015939,0.0032386176749714625,-0.0021746382329336992,0.007968438869697662,-0.0015958268920514883,0.008887265628758877,-0.0027534495738159095,0.007603255620325026
-0.007537136580055031,0.00738510835155321,0.001846708530254844,-0.005006497185123418,0.0068386080120024445,-0.006783693847808996,0.009626548872652595,-0.003229300522437839,0.0038432631608320967,-0.0027323720903050853,0.008056855014616716,-0.0005752923124056844,0.00952468529593885,-0.004889451868204486,0.006250442399943278
-0.009583088065419456,0.0020459514853644256,0.00738510835155321,-0.004668742895039176,0.00648833360615809,-0.003580068165419581,0.00877945171290535,-0.00575741762465877,0.004961025305521813,-0.002793830824800584,0.008109176548509789,7.263423270739836e-05,0.009018916751577153,-0.005660295882308567,0.006477985960667643
-0.009796725232826027,0.0002136371674065704,0.0020459514853644256,-0.0041277440347492885,0.005742978730815252,0.0007168285566015939,0.0032386176749714625,-0.008972316626100171,0.0012474840813609504,-0.003524775936108135,0.008255483945367032,-0.0016482400717789728,0.0100304354671554,-0.005401311800437297,0.006232067171393497
-0.002481929106449614,0.007314796126376413,0.0002136371674065704,-0.005258273995334769,0.004216661969518144,-0.003229300522437839,0.0038432631608320967,-0.007287247468231699,0.004162898464818043,-0.003201551629547081,0.008197033814642552,-0.002510475642673398,0.01079792223226475,-0.0038926276164207635,0.005279374523874694
-0.002467850936173164,1.4078170276449892e-05,0.007314796126376413,-0.005336459691570852,0.00414792455716806,-0.00575741762465877,0.004961025305521813,-0.0049155017584829345,0.004227269390939986,-0.0045292879157076546,0.006051100657287203,-0.004198933701675055,0.00794672337424616,-0.004859642129740253,0.003991142278536579
0.0003796766719110826,0.0028475276080842465,1.4078170276449892e-05,-0.005247842208168701,0.004284277246870524,-0.008972316626100171,0.0012474840813609504,-0.0015233677902372316,0.0016480998808945434,-0.004345852888914333,0.006165367371030673,-0.004171836995326661,0.007955040442214588,-0.004519868782502005,0.004359527126426539
-0.002914545126156997,0.0032942217980680795,0.0028475276080842465,-0.0044774102991856956,0.004205167588426439,-0.007287247468231699,0.004162898464818043,-0.0016675731301396927,0.0017869828591340858,-0.0038339818137057553,0.005946196938256951,-0.0027534495738159095,0.007603255620325026,-0.004914514053595601,0.004009191092618092
-0.021135603294214777,0.01822105816805778,0.0032942217980680795,-0.006402829503984916,0.007969958418405022,-0.0049155017584829345,0.004227269390939986,-0.007890157249486896,0.01158854412799834,-0.005873302011911454,0.006646167221758226,-0.004889451868204486,0.006250442399943278,-0.006857152155618422,0.007374170766608185
-0.0076766718466895634,0.013458931447525213,0.01822105816805778,-0.006049487272962172,0.007835256570885242,-0.0015233677902372316,0.0016480998808945434,-0.010575606755687111,0.009450111528224931,-0.006122551431911359,0.00664350107535338,-0.005660295882308567,0.006477985960667643,-0.006584806981514151,0.007291456754920993
0.000574535556050438,0.008251207402740001,0.013458931447525213,-0.00554007649587883,0.008204260341883108,-0.0016675731301396927,0.0017869828591340858,-0.009412579861617967,0.010958675316919844,-0.005252255048913119,0.0066674218550135155,-0.005401311800437297,0.006232067171393497,-0.005103198297388942,0.007578100755029175
0.01989333482211003,0.019318799266059592,0.008251207402740001,-0.0018132122028316315,0.013346401578062408,-0.007890157249486896,0.01158854412799834,0.004263732843823635,0.014150404566672234,-0.002899679819150593,0.009080975516740456,-0.0038926276164207635,0.005279374523874694,-0.0019067320218804213,0.012186054225971046
-0.010626381643606096,0.030519716465716128,0.019318799266059592,-0.0036475552554178278,0.013735403035819056,-0.010575606755687111,0.009450111528224931,0.003280496244851458,0.015438748029679362,-0.003965939269198404,0.009046738914006805,-0.004859642129740253,0.003991142278536579,-0.0030722364086565547,0.012630704238418137
-0.005223217014127091,0.005403164629479006,0.030519716465716128,-0.004032333903412844,0.013743096894532026,-0.009412579861617967,0.010958675316919844,0.0013479120547922815,0.01628643841412922,-0.004196259287439149,0.009033840243032503,-0.004519868782502005,0.004359527126426539,-0.0038726497923762928,0.012552785347655027
0.007058084656112864,0.012281301670239955,0.005403164629479006,0.0006666140883084304,0.011334535260523042,0.004263732843823635,0.014150404566672234,-0.002930504667206774,0.009062421558599255,-0.003681251224252386,0.009476792261770797,-0.004914514053595601,0.004009191092618092,-0.0024479883949091704,0.013227432922124015
-0.01300427367618684,0.020062358332299704,0.012281301670239955,-0.00022131954994111572,0.012287478529469596,0.003280496244851458,0.015438748029679362,-0.0037231353447336885,0.010114951271486008,-0.004071761016833229,0.009756420432935528,-0.006857152155618422,0.007374170766608185,-0.0012863698780480365,0.011565412483779021
-0.0044461761740524075,0.008558097502134432,0.020062358332299704,-0.0010581048382915898,0.012392944875957828,0.0013479120547922815,0.01628643841412922,-0.0034641217313754608,0.010067168353597996,-0.00370483873887844,0.009628967630162279,-0.006584806981514151,0.007291456754920993,-0.0008248704962427283,0.01132997602484745
0.009159091633587703,0.01360526780764011,0.008558097502134432,-0.0028471453697119773,0.009101095508297777,-0.002930504667206774,0.009062421558599255,-0.0027637860722171813,0.011177053180722289,-0.0023508518198488877,0.010030817608332143,-0.005103198297388942,0.007578100755029175,0.0004014946576911664,0.011954103217563124
0.0024130859149457764,0.006746005718641927,0.01360526780764011,-0.0006739007766199991,0.00840196716311592,-0.0037231353447336885,0.010114951271486008,0.0023753337914936903,0.0068027124697815165,-0.002001207889749217,0.01011089029705138,-0.0019067320218804213,0.012186054225971046,-0.0020956837576180127,0.00854270515842539
0.0018630338581011846,0.0005500520568445918,0.006746005718641927,0.0005071410354180469,0.008128171523678625,-0.0034641217313754608,0.010067168353597996,0.004478403802211554,0.004062913763225144,-0.0016918589758724782,0.010161640493818373,-0.0030722364086565547,0.012630704238418137,-0.00031148154308840135,0.007729616899577495
-0.00456774846929431,0.006430782327395495,0.0005500520568445918,-0.001430497818816482,0.007624287990082513,-0.0027637860722171813,0.011177053180722289,-9.720956541578307e-05,0.0038813564490559624,-0.0020452464859585773,0.010170081725786402,-0.0038726497923762928,0.012552785347655027,-0.00021784317954086127,0.007663888811532123
0.014760549132206865,0.019328297601501176,0.006430782327395495,0.003196972649249135,0.007620572851895836,0.0023753337914936903,0.0068027124697815165,0.00401861150700458,0.0098427972799092,-0.0007827397532183015,0.011107729362752363,-0.0024479883949091704,0.013227432922124015,0.0008825088884725675,0.00926776526419284
0.011486138705076044,0.0032744104271308205,0.019328297601501176,0.005852358462437211,0.007188209234849992,0.004478403802211554,0.004062913763225144,0.007226313122662867,0.010344339395895966,0.001547384675302471,0.009861483259953611,-0.0012863698780480365,0.011565412483779021,0.004381139228652979,0.007629549718494683
-0.007910333541469888,0.019396472246545934,0.0032744104271308205,0.003007454266594279,0.0088121290009621,-9.720956541578307e-05,0.0038813564490559624,0.00611211809860434,0.012253664897082468,0.0015306945542467333,0.009878478520452276,-0.0008248704962427283,0.01132997602484745,0.003886259604736197,0.008373615688444169
-0.0015865301825763727,0.006323803358893516,0.019396472246545934,0.0023408515836739205,0.009015024705551364,0.00401861150700458,0.0098427972799092,0.0006630916603432612,0.009891985782938756,0.00137633271577339,0.009911398474549915,0.0004014946576911664,0.011954103217563124,0.0023511707738556142,0.008229599267353182
-0.005238033852738728,0.0036515036701623557,0.006323803358893516,0.001157340298533935,0.009541072823488785,0.007226313122662867,0.010344339395895966,-0.004911632525594996,0.0031745118680293386,-0.00041876504671580704,0.008470868045597844,-0.0020956837576180127,0.00854270515842539,0.0012581536641863996,0.008713851168998483
-0.023632007482949267,0.018393973630210537,0.0036515036701623557,-0.002020036203741891,0.013973697767764314,0.00611211809860434,0.012253664897082468,-0.010152190506088123,0.011815772046741497,-0.001347738320954605,0.010210854630817145,-0.00031148154308840135,0.007729616899577495,-0.0023839950988208086,0.012792476446275004
-0.0015300284193429403,0.022101979063606326,0.018393973630210537,-0.004735132462333526,0.011408266509643878,0.0006630916603432612,0.009891985782938756,-0.010133356585010312,0.011836279319188285,-0.00108393913561288,0.010150558204536787,-0.00021784317954086127,0.007663888811532123,-0.0019500350916848985,0.012757526883262907
-0.012790405542444684,0.011260377123101744,0.022101979063606326,-0.008781223170253647,0.00841754607689837,-0.004911632525594996,0.0031745118680293386,-0.012650813814912296,0.011051650737325159,-0.0025016884355098475,0.010310742849662246,0.0008825088884725675,0.00926776526419284,-0.005885885759492262,0.010850195974528314
-0.005356940218556939,0.007433465323887745,0.011260377123101744,-0.008355657616434822,0.008534120206883784,-0.010152190506088123,0.011815772046741497,-0.006559124726781521,0.005725640482293633,-0.0019554503313934262,0.009906172654273777,0.004381139228652979,0.007629549718494683,-0.008292039891439831,0.007792368291635515
0.010483173322696108,0.015840113541253045,0.007433465323887745,-0.006344040365556075,0.011392601807145323,-0.010133356585010312,0.011836279319188285,-0.002554724146101839,0.011887143453560503,-0.0008890682244828179,0.010408260730139377,0.003886259604736197,0.008373615688444169,-0.005664396053701832,0.0105542832386316
0.0036910111448824,0.006792162177813707,0.015840113541253045,-0.004855866199285887,0.012125575565693282,-0.012650813814912296,0.011051650737325159,0.002939081416340523,0.007946782241098961,-0.0012796454022474825,0.010100230353795729,0.0023511707738556142,0.008229599267353182,-0.00491046157835058,0.011070027864494661
-0.0003817461752447741,0.0040727573201271745,0.006792162177813707,-0.000980822648001805,0.007906028172679843,-0.006559124726781521,0.005725640482293633,0.004597479430777911,0.005488887181313235,-0.0014792762658325219,0.010049119805671877,0.0012581536641863996,0.008713851168998483,-0.004216706195851443,0.011197514496651207
0.01863517278687322,0.019016918962117997,0.0040727573201271745,0.0023800442197008886,0.011218195047718416,-0.002554724146101839,0.011887143453560503,0.007314812585503616,0.010012979295081312,-0.0002812663423488048,0.011388689902869347,-0.0023839950988208086,0.012792476446275004,0.0018214624141231989,0.010346851962885562
-0.006847320609882356,0.025482493396755578,0.019016918962117997,0.003370558375127943,0.009781150306616386,0.002939081416340523,0.007946782241098961,0.003802035333915363,0.013246410389845833,-0.0004440929238193795,0.011470689452919161,-0.0019500350916848985,0.012757526883262907,0.0010618492440461391,0.010818350893925643
0.0010581013831071273,0.007905421992989483,0.025482493396755578,0.0044397319754052875,0.00895180360726377,0.004597479430777911,0.005488887181313235,0.0042819845200326645,0.013043559111275478,-0.0014228391916122178,0.010627111710217933,-0.005885885759492262,0.010850195974528314,0.0030402073762678264,0.008971603734988154
-0.003151409074039684,0.004209510457146811,0.007905421992989483,0.0021673015759493225,0.008840730045729231,0.007314812585503616,0.010012979295081312,-0.002980209433604971,0.003955490640802249,-0.002468378318691913,0.009958389032108132,-0.008292039891439831,0.007792368291635515,0.003355283254056006,0.008660900245192178
-0.00397832445984765,0.0008269153858079656,0.004209510457146811,0.0008890789751609808,0.009126187036497868,0.003802035333915363,0.013246410389845833,-0.002023877383593402,0.0027009057929917087,-0.0021875205271474673,0.009847937631840342,-0.005664396053701832,0.0105542832386316,0.0012893549994068977,0.008398072464761642
0.009905850272014783,0.013884174731862433,0.0008269153858079656,0.0026036783830375738,0.009782479342228399,0.0042819845200326645,0.013043559111275478,0.0009253722460424831,0.0077883044653538035,-0.0013666362089623846,0.010367177851298837,-0.00491046157835058,0.011070027864494661,0.0021771891604258093,0.009001148248971672
-0.002624302955761778,0.01253015322777656,0.013884174731862433,-0.0009395675740682595,0.005890329956614764,-0.002980209433604971,0.003955490640802249,0.0011010742854684517,0.007655155366700857,-0.0011799411448926024,0.010315503384855285,-0.004216706195851443,0.011197514496651207,0.0018568239060662375,0.009146144524844486
-0.00844751901657867,0.0058232160608168914,0.01253015322777656,-0.001206267308517645,0.006237322365081954,-0.002023877383593402,0.0027009057929917087,-0.0003886572334418882,0.009378705929266934,-9.533482586613118e-05,0.008392204002292404,0.0018214624141231989,0.010346851962885562,-0.002012132065855461,0.006079974064209511
-0.013103408559646873,0.004655889543068203,0.0058232160608168914,-0.0035665189656433117,0.007713764690443717,0.0009253722460424831,0.0077883044653538035,-0.008058410177329106,0.005250377875061052,-0.0009220048358878406,0.009085755607580927,0.0010618492440461391,0.010818350893925643,-0.0029058589158218206,0.007255373180819709
-0.010219722362716758,0.0028836861969301145,0.004655889543068203,-0.004744571180422824,0.008164273214364182,0.0011010742854684517,0.007655155366700857,-0.0105902166463141,0.002349952418655895,-0.0007383846087644174,0.00885037591959941,0.0030402073762678264,0.008971603734988154,-0.004516976593796662,0.007477213786120548
0.0042704691234522855,0.014490191486169044,0.0028836861969301145,-0.0033697722498728347,0.008973518492107478,-0.0003886572334418882,0.009378705929266934,-0.0063508872663037815,0.00931068312151425,-5.071251290661562e-05,0.008837925530902081,0.003355283254056006,0.008660900245192178,-0.0034567082798692373,0.008194892731859065
-0.007604599385219304,0.01187506850867159,0.014490191486169044,-0.006288180526078516,0.00621625509392651,-0.008058410177329106,0.005250377875061052,-0.004517950874827925,0.007722497108868831,-0.0013426962777577166,0.008495000372926435,0.0012893549994068977,0.008398072464761642,-0.00397474755492233,0.008346575801580785
0.015573580380759035,0.02317817976597834,0.01187506850867159,-0.003255199969991714,0.010977503374990993,-0.0105902166463141,0.002349952418655895,0.004079816706330672,0.011590265983751954,-0.0004939413323379568,0.009563078935861597,0.0021771891604258093,0.009001148248971672,-0.003165071825101723,0.010023880412999987
-0.01236373917225865,0.027937319553017686,0.02317817976597834,-0.0039079033292717105,0.01145405675737714,-0.0063508872663037815,0.00931068312151425,-0.0014649193922396397,0.014946411233603943,-0.0013497979749818052,0.010074747060174616,0.0018568239060662375,0.009146144524844486,-0.0045564198560298485,0.0105959204083158
-0.006674806739829843,0.005688932432428807,0.027937319553017686,-0.002836469692635539,0.01069754830623628,-0.004517950874827925,0.007722497108868831,-0.0011549885104431528,0.014763967993597056,-0.0031576536554605954,0.008333005460114238,-0.002012132065855461,0.006079974064209511,-0.00430317524506573,0.010508244035657076
-0.0008762882950337339,0.00579851844479611,0.005688932432428807,-0.0012792306813550352,0.010069435236526555,0.004079816706330672,0.011590265983751954,-0.006638278069040742,0.005743812555437902,-0.0027311513472571226,0.008282284460899667,-0.0029058589158218206,0.007255373180819709,-0.002556443778692424,0.00979354471361485
0.013843371687746136,0.014719659982779871,0.00579851844479611,0.0003162530793606065,0.011743833733659849,-0.0014649193922396397,0.014946411233603943,0.002097425550960853,0.010577388242135012,-0.0018179177540686218,0.00936618921698792,-0.004516976593796662,0.007477213786120548,0.0008811410856594179,0.010824280492831583
-0.004936739671657816,0.018780111359403953,0.014719659982779871,0.0007608963649541879,0.011430275035949964,-0.0011549885104431528,0.014763967993597056,0.0026767812403515286,0.009881364936604936,-0.0019454413681842028,0.009397842162606623,-0.0034567082798692373,0.008194892731859065,-0.00043417445649916817,0.01090290554741756
0.004200736458040186,0.009137476129698001,0.018780111359403953,-0.0011345776221656206,0.009209950046402413,-0.006638278069040742,0.005743812555437902,0.004369122824709502,0.00939118795170576,-0.0013612227311922147,0.009515239652822308,-0.00397474755492233,0.008346575801580785,0.0012523020925379023,0.010515053334225118
-0.012889585396101607,0.01709032185414179,0.009137476129698001,-0.00122221865947278,0.009339763939466833,0.002097425550960853,0.010577388242135012,-0.004541862869906412,0.008552000996021936,-0.002989468136057671,0.009388441591634447,-0.003165071825101723,0.010023880412999987,-0.0028138644470136176,0.009509259324212012
0.0009848759770842363,0.013874461373185843,0.01709032185414179,5.439512667956666e-05,0.008961228103686755,0.0026767812403515286,0.009881364936604936,-0.002567990986992395,0.009082231169589302,-0.002731669640854384,0.009448599759414368,-0.0045564198560298485,0.0105959204083158,-0.0009069194256789202,0.00856671196854164
-0.00036989491054711254,0.0013547708876313488,0.013874461373185843,0.0001387940240940036,0.008953090605957875,0.004369122824709502,0.00939118795170576,-0.004091534776521495,0.007649387038711915,-0.0021546964904235587,0.009318447212752719,-0.00430317524506573,0.010508244035657076,-6.217735781387261e-06,0.008182016359406229
-0.00991284556539096,0.009542950654843847,0.0013547708876313488,-0.0038205755180955123,0.006632488574593645,-0.004541862869906412,0.008552000996021936,-0.003099288166284612,0.005939467515079193,-0.0019267991336909937,0.00906566820550921,-0.002556443778692424,0.00979354471361485,-0.0012971544886895626,0.009012870228269871
0.006288260944826829,0.016201106510217788,0.009542950654843847,-0.0019497420820147385,0.00774457447770554,-0.002567990986992395,0.009082231169589302,-0.001331493177037081,0.008143246677980637,-0.0007476574688664516,0.008977201061372238,0.0008811410856594179,0.010824280492831583,-0.002376456023392321,0.007159372997334943
-0.01992003263825762,0.02620829358308445,0.016201106510217788,-0.00596987026473104,0.009879539887818025,-0.004091534776521495,0.007649387038711915,-0.007848205752940584,0.01322557054726384,-0.0024755504518457305,0.010183967726633561,-0.00043417445649916817,0.01090290554741756,-0.004516926447192293,0.00980382971875233
-0.006936689553165071,0.012983343085092549,0.02620829358308445,-0.0049777209575749505,0.009329230006018338,-0.003099288166284612,0.005939467515079193,-0.006856153748865289,0.013104332399863682,-0.0024278426066989996,0.010159627253625843,0.0012523020925379023,0.010515053334225118,-0.006107987305935901,0.009026144870060596
-0.01447458365672569,0.007537894103560619,0.012983343085092549,-0.0075542975632099385,0.009486601282008695,-0.001331493177037081,0.008143246677980637,-0.013777101949382795,0.006519713181219217,-0.004574140037947909,0.009192031583386346,-0.0028138644470136176,0.009509259324212012,-0.006334415628882198,0.009241921883771535
-0.002695381022165169,0.011779202634560521,0.007537894103560619,-0.007941878581812946,0.009176820076915606,-0.007848205752940584,0.01322557054726384,-0.00803555141068531,0.0059659891646686725,-0.0038835430272269457,0.008920976670051036,-0.0009069194256789202,0.00856671196854164,-0.006860166628774971,0.008852630165595862
0.016934357737493775,0.019629738759658944,0.011779202634560521,-0.0034673446979988248,0.013534281180170913,-0.006856153748865289,0.013104332399863682,-7.853564713236154e-05,0.01586714560543267,-0.0021971741359895444,0.01045271330374056,-6.217735781387261e-06,0.008182016359406229,-0.0043881305361977005,0.012592943730732718
0.014636363667604981,0.002297994069888794,0.019629738759658944,-0.0020759942442024663,0.015078734124166182,-0.013777101949382795,0.006519713181219217,0.009625113460977863,0.01073154846320788,-0.0010891275672296364,0.01138421415528191,-0.0012971544886895626,0.009012870228269871,-0.0008811006457697093,0.014123311013018176
-0.01901076972549088,0.03364713339309586,0.002297994069888794,-0.0019244504254080092,0.01486660845758381,-0.00803555141068531,0.0059659891646686725,0.0041866505598692925,0.020122386168345958,-0.003435851953889423,0.011455299156436378,-0.002376456023392321,0.007159372997334943,-0.004495247884386525,0.015180350332525868
0.0012670597184988822,0.020277829443989762,0.03364713339309586,-0.0005571588801306836,0.014689632494120695,-7.853564713236154e-05,0.01586714560543267,-0.0010357821131290054,0.016941360829913224,-0.002992723426021088,0.011512622028722224,-0.004516926447192293,0.00980382971875233,-0.0014685204048498818,0.013624798878446183
0.02486705949564748,0.023599999777148595,0.020277829443989762,0.005999781645264844,0.015960337511138435,0.009625113460977863,0.01073154846320788,0.0023744498295518272,0.021959865867836926,-0.0015165574947634236,0.0136351942104509,-0.006107987305935901,0.009026144870060596,0.003074872316409054,0.01649735251382488
0.018185335879798897,0.006681723615848581,0.023599999777148595,0.009479901128925522,0.015961681338841703,0.0041866505598692925,0.020122386168345958,0.014773151697981754,0.012164384408523753,0.0007030797392294693,0.014160575177442198,-0.006334415628882198,0.009241921883771535,0.007740575107341137,0.015280363576645143
0.0023475705898870045,0.015837765289911893,0.006681723615848581,0.007048769937657728,0.01570805639274179,-0.0010357821131290054,0.016941360829913224,0.015133321988444462,0.011565808953070796,0.0008004150687153813,0.014167342903628751,-0.006860166628774971,0.008852630165595862,0.008460996766205734,0.014818228256830353
0.017417427069016868,0.015069856479129864,0.015837765289911893,0.007512280504559707,0.016014765674282914,0.0023744498295518272,0.021959865867836926,0.012650111179567589,0.008930519466242216,0.0020709380672556655,0.01483611271150469,-0.0043881305361977005,0.012592943730732718,0.008530006670709033,0.014865316417083552
-0.0025030110039710226,0.019920438072987892,0.015069856479129864,0.010263573624813019,0.011258594810230038,0.014773151697981754,0.012164384408523753,0.005753995551644284,0.010387914204497391,0.0026002119644999468,0.014504167127961622,-0.0008811006457697093,0.014123311013018176,0.006081524574769604,0.015101546412522312
-0.0033435794679195674,0.0008405684639485448,0.019920438072987892,0.009495133760409943,0.01211985263421985,0.015133321988444462,0.011565808953070796,0.003856945532375426,0.011751239656514596,0.00191222336358949,0.014544154490291353,-0.004495247884386525,0.015180350332525868,0.008319694611565506,0.011492633448335121
-0.012194881720775916,0.008851302252856349,0.0008405684639485448,0.003318143557672709,0.012162923681024914,0.012650111179567589,0.008930519466242216,-0.006013824064222168,0.00536942679909853,0.0024640198576953262,0.013778528135152455,-0.0014685204048498818,0.013624798878446183,0.006396560120240534,0.013770153719338327
0.005816465573970988,0.018011347294746904,0.008851302252856349,0.0012566651733680585,0.00999393424965848,0.005753995551644284,0.010387914204497391,-0.003240665204908165,0.009006114664612317,0.003374959509633616,0.01352851714139702,0.003074872316409054,0.01649735251382488,0.003675046702858178,0.011143260416532807
-0.016224210551146503,0.02204067612511749,0.018011347294746904,-0.0018386316834708594,0.012217195869829339,0.003856945532375426,0.011751239656514596,-0.007534208899317143,0.01173623680634446,0.0032499861600321298,0.013712915606705222,0.007740575107341137,0.015280363576645143,-0.001240602787276878,0.011264399630085048
0.005460805140989333,0.021685015692135837,0.02204067612511749,-0.0038314020048087817,0.008999539461131,-0.006013824064222168,0.00536942679909853,-0.0016489799453953938,0.012623772573759996,0.003832570885971737,0.013613797774065314,0.008460996766205734,0.014818228256830353,-0.00079585499426226,0.01148890384964454
0.021385724672586582,0.015924919531597248,0.021685015692135837,0.00015005394128415257,0.013740345403743644,-0.003240665204908165,0.009006114664612317,0.003540773087476471,0.018878339418450903,0.004150525667049794,0.013990113057181555,0.008530006670709033,0.014865316417083552,-0.00022895533660944312,0.012583181079292122
-0.007806747890697851,0.029192472563284434,0.015924919531597248,-0.0005938074625122283,0.014083825484136586,-0.007534208899317143,0.01173623680634446,0.006346593974292688,0.014616380536317199,0.002547446270028164,0.013981988210667363,0.006081524574769604,0.015101546412522312,-0.000986632034713276,0.01289865477099662
0.02252537582373825,0.030332123714436103,0.029192472563284434,0.005192902128240133,0.015432215433237952,-0.0016489799453953938,0.012623772573759996,0.012034784201875662,0.017192716423591964,0.005514313809258815,0.013452413785725528,0.008319694611565506,0.011492633448335121,0.0027089330069521265,0.01554515291498101
-0.01749104024823253,0.04001641607197078,0.030332123714436103,0.0013083178245395465,0.017968855305679755,0.003540773087476471,0.018878339418450903,-0.0009241374383973771,0.020877167762650594,0.004174449525920857,0.014776932429768488,0.006396560120240534,0.013770153719338327,0.0019523389316011815,0.016491507202236928
-0.00036103191808076684,0.017130008330151766,0.04001641607197078,0.003952180930050502,0.015923918547751586,0.006346593974292688,0.014616380536317199,0.0015577678858083178,0.02007709474318493,0.00237244299636884,0.013546432444218968,0.003675046702858178,0.011143260416532807,0.001069839289879502,0.01641537607176581
0.015575177992961545,0.01593620991104231,0.017130008330151766,0.005637909738712538,0.01663504694068294,0.012034784201875662,0.017192716423591964,-0.0007589647244505837,0.01653670039888121,0.0021860031473090293,0.0133282632262313,-0.001240602787276878,0.011264399630085048,0.005612609081894938,0.015185798292974872
0.0011338728716981823,0.014441305121263364,0.01593620991104231,0.0022626011052311375,0.014748290451940373,-0.0009241374383973771,0.020877167762650594,0.005449339648859654,0.008801030434601911,0.0020993104531526847,0.013331078389969053,-0.00079585499426226,0.01148890384964454,0.004994475900567631,0.015280773496808333
0.008724779382759968,0.0075909065110617855,0.014441305121263364,0.005017855650807441,0.014016987903948648,0.0015577678858083178,0.02007709474318493,0.008477943415806566,0.007223816124272075,0.0014784070469914777,0.012752629625768952,-0.00022895533660944312,0.012583181079292122,0.0031857694305923996,0.01368304562872055
0.0027193457244803734,0.006005433658279595,0.0075909065110617855,0.001716850634264461,0.0110974756594246,-0.0007589647244505837,0.01653670039888121,0.004192665992979508,0.004004181548718517,0.0018514325275951489,0.012703495817514055,-0.000986632034713276,0.01289865477099662,0.004689497089903576,0.012825158621286824
0.004846465418748372,0.002127119694267999,0.006005433658279595,0.0054397682454279455,0.005890000906042185,0.005449339648859654,0.008801030434601911,0.0054301968419962375,0.0030449737497825155,0.002436435733785716,0.012634249384664883,0.0027089330069521265,0.01554515291498101,0.0021639384606193064,0.010199388103260125
-0.005672860523936736,0.010519325942685108,0.002127119694267999,0.004554463477785284,0.007191650739642085,0.008477943415806566,0.007223816124272075,0.000630983539764003,0.005561923860772186,0.0029022943907028,0.012164773364055904,0.0019523389316011815,0.016491507202236928,0.0038522498498044194,0.006822872915623585
0.015769025171142977,0.021441885695079713,0.010519325942685108,0.0045867713408155215,0.0072512507137182936,0.004192665992979508,0.004004181548718517,0.004980876688651538,0.01072157475990928,0.0036131915047865138,0.012630084244741668,0.001069839289879502,0.01641537607176581,0.006156543719693526,0.007814505402012653
-0.0013487688804634022,0.01711779405160638,0.021441885695079713,0.004172997715455257,0.007552272012687634,0.0054301968419962375,0.0030449737497825155,0.0029157985889142796,0.011339246770216785,0.00467572305269245,0.01139851633008049,0.005612609081894938,0.015185798292974872,0.0037388370234899618,0.006989287923183259
0.021778704611422273,0.023127473491885677,0.01711779405160638,0.006348651920232308,0.01045012377357732,0.000630983539764003,0.005561923860772186,0.012066320300700616,0.012000105209858239,0.005841287300580517,0.012284813429415044,0.004994475900567631,0.015280773496808333,0.0066880987005934036,0.00958179565040504
0.0044204626194262716,0.017358241991996003,0.023127473491885677,0.006632171402723291,0.010354604629351496,0.004980876688651538,0.01072157475990928,0.008283466116795047,0.012037944365421415,0.004629482868211923,0.011441311660792469,0.0031857694305923996,0.01368304562872055,0.006073196305831446,0.009567411856807097
0.015869051849880952,0.011448589230454682,0.017358241991996003,0.008469269141245387,0.01093591176884231,0.0029157985889142796,0.011339246770216785,0.0140227396935765,0.00882517947109641,0.006320611421110409,0.011209117913565717,0.004689497089903576,0.012825158621286824,0.007951725752317245,0.010076545206363266
-0.006299742588737853,0.022168794438618807,0.011448589230454682,0.00836478879711187,0.011099812703277616,0.012066320300700616,0.012000105209858239,0.004663257293523123,0.011086391372117501,0.00426167439164783,0.010636316813033998,0.0021639384606193064,0.010199388103260125,0.006359410322676355,0.011437759169521562
-0.007453021736746944,0.0011532791480090903,0.022168794438618807,0.004494447645796882,0.012012763048327992,0.008283466116795047,0.012037944365421415,0.0007054291747987182,0.013144736690877805,0.0049786757138968,0.009313192867957442,0.0038522498498044194,0.006822872915623585,0.006105101577989182,0.011764983609752049
0.0027933738613957395,0.010246395598142683,0.0011532791480090903,0.005184804769440072,0.011725385240362879,0.0140227396935765,0.00882517947109641,-0.003653130154696352,0.005612537191006109,0.005203990412430837,0.009211675829950987,0.006156543719693526,0.007814505402012653,0.004251437105168148,0.010984934026780744
-0.004899738585180345,0.0076931124465760845,0.010246395598142683,0.0007383975700063023,0.008889775879976072,0.004663257293523123,0.011086391372117501,-0.0031864621535105165,0.005333726913415789,0.0037414963711349877,0.009062577299763251,0.0037388370234899618,0.006989287923183259,0.0037441557187800133,0.011362166915071286
0.0026805084734705673,0.007580247058650912,0.0076931124465760845,0.00044840521234701825,0.008773257027002134,0.0007054291747987182,0.013144736690877805,0.0001913812498953206,0.004409400246096234,0.0038519703426901576,0.009037737664120856,0.0066880987005934036,0.00958179565040504,0.0010158419847869124,0.008148348942365827
-0.013364647894104945,0.016045156367575513,0.007580247058650912,-0.004423878078317298,0.006251710500723263,-0.003653130154696352,0.005612537191006109,-0.005194626001938241,0.008026641866709195,0.0022741541086283784,0.00999870663067936,0.006073196305831446,0.009567411856807097,-0.0015248880885746898,0.009560277412908725
-0.009963469369385471,0.003401178524719474,0.016045156367575513,-0.005034499208425234,0.00663853110179782,-0.0031864621535105165,0.005333726913415789,-0.006882536263339949,0.00845463614343827,0.001368238744780818,0.010516417280714833,0.007951725752317245,0.010076545206363266,-0.005215248262755607,0.006078961331436757
0.006235646077665922,0.016199115447051392,0.003401178524719474,-0.0027530545726897567,0.0078776577958392,0.0001913812498953206,0.004409400246096234,-0.005697490395274831,0.010473385956825275,0.0014674659347035002,0.010558231095811069,0.006359410322676355,0.011437759169521562,-0.003424478453269354,0.007407445386153247
-0.0015414067126049555,0.007777052790270878,0.016199115447051392,-0.003475518001689872,0.007454675894587115,-0.005194626001938241,0.008026641866709195,-0.0017564100014415013,0.008101697669463028,0.001762569778370056,0.010399855824131119,0.006105101577989182,0.011764983609752049,-0.0025799620212490697,0.00720585207845018
0.007313124333196591,0.008854531045801545,0.007777052790270878,-0.00144004084862705,0.008571678472533987,-0.006882536263339949,0.00845463614343827,0.004002454566085853,0.0048312563848144936,0.0011585768613738853,0.009749010103984553,0.004251437105168148,0.010984934026780744,-0.0019342833824203768,0.007933346685934334
-0.001317031711495317,0.008630156044691908,0.008854531045801545,-0.002106297546121364,0.008339558451054295,-0.005697490395274831,0.010473385956825275,0.001484895303032106,0.005048641030645749,0.0011608438020144632,0.009748385891202641,0.0037441557187800133,0.011362166915071286,-0.0014224681147510865,0.00782497421533025
-0.012916290409863708,0.01159925869836839,0.008630156044691908,-0.002031571298747824,0.008219649200260248,-0.0017564100014415013,0.008101697669463028,-0.0023067325960541445,0.010150957397820105,-0.0013173701280773927,0.008423827289240012,0.0010158419847869124,0.008148348942365827,-0.0036505822409416975,0.008640056085623533
0.0150537118524721,0.027970002262335807,0.01159925869836839,0.0021379589048951043,0.009617641764138698,0.004002454566085853,0.0048312563848144936,0.0002734632437043586,0.01405266922298587,-0.0005578523257169762,0.009403373858815024,-0.0015248880885746898,0.009560277412908725,0.00040918343714073754,0.009899655545091092
-0.004641054019174416,0.019694765871646515,0.027970002262335807,0.00032517555542171473,0.009715369686662142,0.001484895303032106,0.005048641030645749,-0.0008345441921886743,0.014368277364944339,-0.0020228598877923597,0.008163175353851347,-0.005215248262755607,0.006078961331436757,0.0011695284871708882,0.009145902355913385
0.016402386592589323,0.02104344061176374,0.019694765871646515,0.003315807772954095,0.01160406256230657,-0.0023067325960541445,0.010150957397820105,0.008938348141962336,0.011779424993567033,-0.0004012792319832758,0.00940814402873093,-0.003424478453269354,0.007407445386153247,0.0026219199893028028,0.010750918646905217
-0.0014391160081752578,0.01784150260076458,0.02104344061176374,0.0018571010493921198,0.011551061842090498,0.0002734632437043586,0.01405266922298587,0.003440738855079883,0.011338709618383963,2.828546291470173e-05,0.009196311694162951,-0.0025799620212490697,0.00720585207845018,0.0026365329470784743,0.01074438411365441
-0.021004762999412646,0.01956564699123739,0.01784150260076458,-0.0014241874985941015,0.014934013058722133,-0.0008345441921886743,0.014368277364944339,-0.002013830804999527,0.018710195962973502,-0.0016715814557144687,0.010719241083509154,-0.0019342833824203768,0.007933346685934334,-0.0014088795290085603,0.013632886538413857
-0.009322514507169956,0.01168224849224269,0.01956564699123739,-0.0008252248481451429,0.014444973747721428,0.008938348141962336,0.011779424993567033,-0.010588797838252619,0.00984409674131469,-0.0019874940215708695,0.010885580617349812,-0.0014224681147510865,0.00782497421533025,-0.0025525199283906513,0.013955855170381
0.014544827011096178,0.02386734151826613,0.01168224849224269,-0.0009100389883744637,0.014334162240222256,0.003440738855079883,0.011338709618383963,-0.005260816831828809,0.018119502710704314,-0.0011400426974547545,0.01170772003317499,-0.0036505822409416975,0.008640056085623533,0.0013704968460321897,0.014409351539362708
0.0008995540527445427,0.013645272958351634,0.02386734151826613,1.3395690278696302e-05,0.014223774462673703,-0.002013830804999527,0.018710195962973502,0.0020406221855569216,0.011974515654095472,-0.00012117112982264826,0.011170375662605706,0.00040918343714073754,0.009899655545091092,-0.0006515256967860333,0.013103103059746565
-0.002026394090284186,0.0029259481430287284,0.013645272958351634,-0.0030580677568668884,0.01175191212641588,-0.010588797838252619,0.00984409674131469,0.0044726623245188455,0.00884458417558875,0.00044576281868458637,0.010828608988847476,0.0011695284871708882,0.009145902355913385,-0.0002780028498017147,0.013007338636386543
-0.0011281112385846735,0.0008982828516995124,0.0029259481430287284,-0.0030062336286017914,0.01176116320668796,-0.005260816831828809,0.018119502710704314,-0.0007516504253747723,0.001498861298397991,-8.021984676188468e-05,0.010703864028859783,0.0026219199893028028,0.010750918646905217,-0.0027823596828265716,0.010752750196289518
-0.00421648586522172,0.003088374626637046,0.0008982828516995124,-0.00020818743956997014,0.008027055200761017,0.0020406221855569216,0.011974515654095472,-0.0024569970646968597,0.001588577555485932,-0.0002712969290916536,0.010755705641934385,0.0026365329470784743,0.01074438411365441,-0.0031791268052617804,0.010746164168314877
-0.005836394967608096,0.0016199091023863764,0.003088374626637046,0.0003728324836903398,0.007331416413715008,0.0044726623245188455,0.00884458417558875,-0.0037269973571381633,0.0023920040066659747,-0.0012105483077205596,0.01061567714529235,-0.0014088795290085603,0.013632886538413857,-0.0010122170864325587,0.007630198230799225
-0.021438046271611905,0.01560165130400381,0.0016199091023863764,-0.005624313063427674,0.008097194675567817,-0.0007516504253747723,0.001498861298397991,-0.010496975701480574,0.00950979996059034,-0.0026477636334431734,0.011913876592377259,-0.0025525199283906513,0.013955855170381,-0.0027430073384956946,0.010618408234855652
-0.005679181485435621,0.015758864786176285,0.01560165130400381,-0.006720768986457701,0.007457233842620115,-0.0024569970646968597,0.001588577555485932,-0.010984540908218541,0.009053342465996445,-0.0021308272816983097,0.011586569308105336,0.0013704968460321897,0.014409351539362708,-0.005632151409428808,0.007391722719099114
-0.008139347790577277,0.0024601663051416565,0.015758864786176285,-0.007739594603173216,0.007096461924813134,-0.0037269973571381633,0.0023920040066659747,-0.011752191849208268,0.00847790873277341,-0.0037874743990589797,0.010552443633735793,-0.0006515256967860333,0.013103103059746565,-0.006923423101331925,0.006828574374264398
0.0008327272825171852,0.008972075073094462,0.0024601663051416565,-0.007412788182989574,0.007495745925064813,-0.010496975701480574,0.00950979996059034,-0.004328600664498571,0.0046360095119318935,-0.003396490020366723,0.010619576874051084,-0.0002780028498017147,0.013007338636386543,-0.006514977190931729,0.007243223811707778
-0.00018440512277005826,0.0010171324052872435,0.008972075073094462,-0.006740774725914296,0.008003181811072235,-0.010984540908218541,0.009053342465996445,-0.00249700854361005,0.00491280304061453,-0.004581260857178107,0.009050077755484654,-0.0027823596828265716,0.010752750196289518,-0.006380162031529641,0.007367907201168048
-0.0112229152292177,0.011038510106447642,0.0010171324052872435,-0.00763852810284923,0.00818157086988456,-0.011752191849208268,0.00847790873277341,-0.003524864356490191,0.006686077326190368,-0.005280103658681139,0.009165789054256539,-0.0031791268052617804,0.010746164168314877,-0.007381080512100495,0.007499713755626222
0.014605286479702493,0.025828201708920195,0.011038510106447642,-0.001631305977630164,0.009192723089676074,-0.004328600664498571,0.0046360095119318935,0.0010659887092382449,0.012959421840132773,-0.0027365286958872,0.009404331882895639,-0.0010122170864325587,0.007630198230799225,-0.00446084030534184,0.011245694720711763
0.011372659307851305,0.003232627171851188,0.025828201708920195,0.001210667487917657,0.010264382367813138,-0.00249700854361005,0.00491280304061453,0.004918343519445366,0.01407187425688265,-0.001258301994814253,0.009902760977195772,-0.0027430073384956946,0.010618408234855652,0.00022640334886718963,0.009725193353442373
-0.00022847529191042713,0.011601134599761732,0.003232627171851188,0.0025291462376954652,0.009284457506115418,-0.003524864356490191,0.006686077326190368,0.008583156831881123,0.007800391985139212,-0.002313537873600439,0.008816824444258683,-0.005632151409428808,0.007391722719099114,0.0010050756622279316,0.00938583136890001
0.0029868259719578985,0.0032153012638683255,0.011601134599761732,0.002888162685935584,0.009247313474964923,0.0010659887092382449,0.012959421840132773,0.004710336662632926,0.005989528180591568,-0.0021644470222280565,0.008892658236615034,-0.006923423101331925,0.006828574374264398,0.002594529056875814,0.008477276510984741
-0.01843591727612552,0.02142274324808342,0.0032153012638683255,-0.00015375600629032675,0.012785305079112826,0.004918343519445366,0.01407187425688265,-0.005225855532026016,0.01155265506351459,-0.0033365558212167233,0.009897706633241252,-0.006514977190931729,0.007243223811707778,-0.00015813445150171572,0.011671339076292865
0.011478798203891924,0.029914715480017444,0.02142274324808342,0.0036298628992279445,0.012200127288246461,0.008583156831881123,0.007800391985139212,-0.001323431033425233,0.015416104798292583,-0.0024360622896112518,0.010658347406821431,-0.006380162031529641,0.007367907201168048,0.0015080374523071393,0.012472005617846104
0.010260224355306685,0.001218573848585239,0.029914715480017444,0.0029056858784953093,0.011528839537181135,0.004710336662632926,0.005989528180591568,0.0011010350943576961,0.0169304640072566,-0.0014020115595735087,0.01116264697195935,-0.007381080512100495,0.007499713755626222,0.0045770573929534795,0.011415610513844092
0.010023190460452325,0.0002370338948543601,0.001218573848585239,0.002680774403928813,0.011342278666676843,-0.005225855532026016,0.01155265506351459,0.010587404339883644,0.0007810144252324442,-0.0002691840289977642,0.01147829472211402,-0.00446084030534184,0.011245694720711763,0.0039224722473463125,0.010862723685501759
-0.0034700398712623924,0.013493230331714717,0.0002370338948543601,0.0021405136407034856,0.011583211291038712,-0.001323431033425233,0.015416104798292583,0.005604458314832205,0.007859639575954045,0.0010142449995986294,0.009812983295050445,0.00022640334886718963,0.009725193353442373,0.0018020866503300704,0.010611819651002276
-0.006047534629846625,0.0025774947585842324,0.013493230331714717,0.0006347868737360649,0.012029784124434536,0.0011010350943576961,0.0169304640072566,0.000168538653114436,0.008631135005926696,0.0009879340607121293,0.009832784317481481,0.0010050756622279316,0.00938583136890001,0.0009707924591963276,0.011017564159466971
-0.00962465351298409,0.003577118883137465,0.0025774947585842324,0.002103330834259637,0.00951002799675859,0.010587404339883644,0.0007810144252324442,-0.006380742671364369,0.003090807009328756,0.0008818407948259285,0.009946199802804439,0.002594529056875814,0.008477276510984741,-0.0008308474672239564,0.011646158589146763
0.019918522472951315,0.029543175985935404,0.003577118883137465,0.0035099515457695358,0.01157422426138045,0.005604458314832205,0.007859639575954045,0.0014154447767068662,0.0161236428281877,0.002245111879856938,0.011171472257441589,-0.00015813445150171572,0.011671339076292865,0.004648358211215592,0.010986689410166466
0.01558162577584904,0.004336896697102275,0.029543175985935404,0.004396851782526594,0.012371361443251667,0.000168538653114436,0.008631135005926696,0.008625164911938755,0.01595287035762919,0.0033712569440440157,0.011690326419532545,0.0015080374523071393,0.012472005617846104,0.005234476435780893,0.011508842631551651
0.021377866241608465,0.005796240465759425,0.004336896697102275,0.006289297746052617,0.014145416039053064,-0.006380742671364369,0.003090807009328756,0.018959338163469605,0.0030148178699373673,0.0056998841919601705,0.011806000958684169,0.0045770573929534795,0.011415610513844092,0.006822710990966862,0.012989830776182812
0.0020838972473865526,0.01929396899422191,0.005796240465759425,0.0072149539324941085,0.013548163425069502,0.0014154447767068662,0.0161236428281877,0.013014463088281351,0.009899851164832172,0.0048054992467947465,0.011550996600123134,0.0039224722473463125,0.010862723685501759,0.0056885262462431805,0.013010398938149417
0.006362372008135291,0.004278474760748738,0.01929396899422191,0.009283271705491094,0.011974383688298182,0.008625164911938755,0.01595287035762919,0.009941378499043437,0.010132683528264914,0.004447621582529317,0.011408616795886808,0.0018020866503300704,0.010611819651002276,0.007093156514728563,0.012371921937886063
-0.00825932762012368,0.014621699628258971,0.004278474760748738,0.00951082602096783,0.011548608511899306,0.018959338163469605,0.0030148178699373673,6.231387846605413e-05,0.007517554422342356,0.003873989273371227,0.011854985654321514,0.0009707924591963276,0.011017564159466971,0.006777186087546128,0.012784814291446673
-0.018508474149388533,0.010249146529264853,0.014621699628258971,0.003106326583911188,0.01481558065800943,0.013014463088281351,0.009899851164832172,-0.0068018099204589745,0.01249932060279403,0.0023386106932750533,0.013284499614220574,-0.0008308474672239564,0.011646158589146763,0.005508068853774064,0.014943106104295783
-0.008555103936545835,0.009953370212842698,0.010249146529264853,-0.0009164617014879578,0.014005470855991454,0.009941378499043437,0.010132683528264914,-0.011774301902019349,0.005833839027627267,0.0030443830746736023,0.012323621754508955,0.004648358211215592,0.010986689410166466,0.0014404079381316137,0.014224797118722352
0.02090567401840055,0.029460777954946386,0.009953370212842698,-0.0009951604053559434,0.013855666404161807,6.231387846605413e-05,0.007517554422342356,-0.0020526346891779393,0.020495861745309266,0.0037177313471385043,0.01305570985014932,0.005234476435780893,0.011508842631551651,0.0022009862584961163,0.015214808052162548
-0.012295451162772844,0.033201125181173394,0.029460777954946386,-0.0033917184737158428,0.014447508361238039,-0.0068018099204589745,0.01249932060279403,1.8372973027290403e-05,0.01818535284406723,0.002106611667275681,0.01356791515814123,0.006822710990966862,0.012989830776182812,-0.0026094876564155,0.013350104003369275
0.0032166834892706636,0.015512134652043508,0.033201125181173394,-0.003915999893526614,0.014075027236730502,-0.011774301902019349,0.005833839027627267,0.003942302114966123,0.01661245226077275,0.0016204325979055623,0.013383109449650573,0.0056885262462431805,0.013010398938149417,-0.002447661050432055,0.013423143911514782
0.011264031367946372,0.008047347878675708,0.015512134652043508,-0.0006621067288482722,0.015090221254636094,-0.0020526346891779393,0.020495861745309266,0.000728421231481397,0.011975219875913339,0.002672866257849046,0.013530530991329517,0.007093156514728563,0.012371921937886063,-0.001747423999030472,0.014071521226704053
0.0025795774033733443,0.008684453964573027,0.008047347878675708,0.002852568529945374,0.012300178213545314,1.8372973027290403e-05,0.01818535284406723,0.00568676408686346,0.004840548397098239,0.0032890885459361864,0.013297268627130281,0.006777186087546128,0.012784814291446673,-0.00019900899567375433,0.01382980589770486
0.017287443778120856,0.01470786637474751,0.008684453964573027,0.007159659815723155,0.012028269540448314,0.003942302114966123,0.01661245226077275,0.01037701751648019,0.007393945394975322,0.005211381209586539,0.01323190164919846,0.005508068853774064,0.014943106104295783,0.004914693565399015,0.012483796339137324
-0.006118959641083297,0.023406403419204153,0.01470786637474751,0.002655554205809181,0.010853970378025758,0.000728421231481397,0.011975219875913339,0.004582687180136967,0.011831072091698093,0.003351561058584067,0.01282945367875012,0.0014404079381316137,0.014224797118722352,0.005262714179036521,0.012072898410125411
-0.0012868258127000387,0.004832133828383258,0.023406403419204153,0.004490325097487982,0.008495350000612854,0.00568676408686346,0.004840548397098239,0.003293886108112506,0.012357269987005164,0.0021466716594019898,0.012376618754474992,0.0022009862584961163,0.015214808052162548,0.0020923570603078646,0.010019692176515358
0.004700578465366758,0.005987404278066796,0.004832133828383258,0.00473764092683733,0.008472424812064202,0.01037701751648019,0.007393945394975322,-0.0009017356628055259,0.005420038932230149,0.000955436818241868,0.01112227848121072,-0.0026094876564155,0.013350104003369275,0.004520361292899236,0.007755565200035666
0.009287289333971112,0.004586710868604354,0.005987404278066796,0.004408183921174788,0.008202002047154832,0.004582687180136967,0.011831072091698093,0.00423368066221261,0.005302496860226103,0.0014699648244264794,0.011342927374198635,-0.002447661050432055,0.013423143911514782,0.005387590699285016,0.007923090397292455
-0.010613475383817262,0.019900764717788372,0.004586710868604354,0.0022093417899763535,0.010292338840889073,0.003293886108112506,0.012357269987005164,0.0011247974718402026,0.010421121166815112,0.00025740429642986837,0.011681990264935764,-0.001747423999030472,0.014071521226704053,0.0022622325918902103,0.009396618952485936
-0.02070709371855208,0.010093618334734817,0.019900764717788372,-0.004123081126135802,0.010833998070878646,-0.0009017356628055259,0.005420038932230149,-0.007344426589466077,0.015262069443239318,-0.0006317218534578742,0.012800250824725882,-0.00019900899567375433,0.01382980589770486,-0.0010644347112419932,0.012778894855942526
-0.010371161718878915,0.010335931999673163,0.010093618334734817,-0.004831781472435071,0.01112581694942827,0.00423368066221261,0.005302496860226103,-0.013897243607082754,0.005898747569066086,-5.048525127861576e-05,0.012091167112021368,0.004914693565399015,0.012483796339137324,-0.005015664067956246,0.010168080382060176
0.0032091345112522764,0.01358029623013119,0.010335931999673163,-0.004082454751776353,0.011555428940393336,0.0011247974718402026,0.010421121166815112,-0.009289706975392905,0.011994734322054782,0.000789817494992678,0.011861259654988535,0.005262714179036521,0.012072898410125411,-0.0036830791890511646,0.010601404979739602
-0.004036868148693578,0.0072460026599458546,0.01358029623013119,-0.0055386958541197425,0.010749662941119734,-0.007344426589466077,0.015262069443239318,-0.0037329651187734056,0.006795246810324468,-0.0009917926597997598,0.010389249517802842,0.0020923570603078646,0.010019692176515358,-0.004075942379907384,0.01054862922566931
-0.016470585537170714,0.012433717388477136,0.0072460026599458546,-0.009831674999310046,0.008566149920904827,-0.013897243607082754,0.005898747569066086,-0.005766106391537338,0.009953167534582167,-0.001290016543685322,0.010790842915179384,0.004520361292899236,0.007755565200035666,-0.00710039438026988,0.010647457934289247
0.003641284429897297,0.02011186996706801,0.012433717388477136,-0.0074558816970242865,0.010138418845025341,-0.009289706975392905,0.011994734322054782,-0.005622056418655665,0.010149209071719928,-0.0012596879050691338,0.01080507105731638,0.005387590699285016,0.007923090397292455,-0.007906966509423281,0.009331699905169657
-0.029765008019371944,0.033406292449269244,0.02011186996706801,-0.008965534080494263,0.012824709577213107,-0.0037329651187734056,0.006795246810324468,-0.014198103042215119,0.01681868681909903,-0.004190333575591871,0.0125673950576052,0.0022622325918902103,0.009396618952485936,-0.01064289974307395,0.01252021839846365
-0.004030147559315695,0.02573486046005625,0.033406292449269244,-0.007908698387233726,0.012946402740990653,-0.005766106391537338,0.009953167534582167,-0.010051290382930114,0.017498163174410573,-0.004662456787212515,0.01241675605245508,-0.0010644347112419932,0.012778894855942526,-0.008260478863183039,0.011854986284235943
0.004250078543764943,0.008280226103080638,0.02573486046005625,-0.007735207715148283,0.013130847449262177,-0.005622056418655665,0.010149209071719928,-0.0098483590116409,0.01773824165052444,-0.005593697161095082,0.011058515798253718,-0.005015664067956246,0.010168080382060176,-0.006171730254233917,0.012680451937608786
0.015879327107339084,0.01162924856357414,0.008280226103080638,-0.00441584183914284,0.016370431723689526,-0.014198103042215119,0.01681868681909903,0.005366419363929444,0.01000157277609958,-0.004022390964779197,0.012453077648229099,-0.0036830791890511646,0.010601404979739602,-0.0043617027405072305,0.014944777671280067
0.011258385184336648,0.004620941923002437,0.01162924856357414,0.00020565328110838752,0.01619981739637394,-0.010051290382930114,0.017498163174410573,0.01046259694514689,0.0058553236229582015,-0.0031263044649908625,0.013099636127281664,-0.004075942379907384,0.01054862922566931,-0.00217666655007434,0.01607554677689716
0.0072705438061067456,0.003987841378229902,0.004620941923002437,0.0008105298438099623,0.016420013892700258,-0.0098483590116409,0.01773824165052444,0.011469418699260827,0.004308269819801231,-0.002942735512080863,0.013235060252088784,-0.00710039438026988,0.010647457934289247,0.0012149233561081542,0.015027489887533227
-0.01717965131867469,0.024450195124781436,0.003987841378229902,0.002908089293926171,0.011920309139765323,0.005366419363929444,0.01000157277609958,0.0004497592239229009,0.015397168790854667,-0.004833231272984135,0.013244009627678565,-0.007906966509423281,0.009331699905169657,-0.001759496036544987,0.01645952443754834
-0.0020039725532212944,0.015175678765453397,0.024450195124781436,0.0032457851282752383,0.011711309406186494,0.01046259694514689,0.0058553236229582015,-0.003971026688596414,0.012343216229516266,-0.004218266785084423,0.013154549454781495,-0.01064289974307395,0.01252021839846365,0.0022063661729051056,0.011038948426352614
0.02320736784358218,0.025211340396803474,0.015175678765453397,0.006405333344911443,0.014306177334797103,0.011469418699260827,0.004308269819801231,0.0013412479905620643,0.020400262365176548,-0.0010815195306462615,0.01412058966426716,-0.008260478863183039,0.011854986284235943,0.006097439801890516,0.01308507472844755
-0.020791764661288445,0.04399913250487063,0.025211340396803474,0.0002934847168068559,0.017024282480647766,0.0004497592239229009,0.015397168790854667,0.0001372102096908132,0.022077577154512102,-0.0018258483122469426,0.014901016068863468,-0.006171730254233917,0.012680451937608786,0.0025200336297400328,0.016620002068266908
0.010368461686137202,0.031160226347425646,0.04399913250487063,0.00014516413377361486,0.016913161115545767,-0.003971026688596414,0.012343216229516266,0.004261354956143645,0.022626389012697985,-0.0013144677997551622,0.015206811840049803,-0.0043617027405072305,0.014944777671280067,0.0017327671409969063,0.016000705159257375
0.015664665865902285,0.0052962041797650836,0.031160226347425646,0.0015441844770728713,0.017936640965436654,0.0013412479905620643,0.020400262365176548,0.0017471209635836805,0.01969805748257276,9.278462985882806e-05,0.01583415764238338,-0.00217666655007434,0.01607554677689716,0.002362235809791997,0.016516265623617684
0.006803324991731341,0.008861340874170945,0.0052962041797650836,0.005541347195473876,0.015426134440471185,0.0001372102096908132,0.022077577154512102,0.010945484181256944,0.004458761794710369,0.001755206810494689,0.015169205097410394,0.0012149233561081542,0.015027489887533227,0.0022954902648812253,0.016494053382256006
0.019155454174120717,0.012352129182389376,0.008861340874170945,0.009067918316697546,0.01577098572921271,0.004261354956143645,0.022626389012697985,0.013874481677251449,0.006367679593586694,0.0028633617922249333,0.015868162119778404,-0.001759496036544987,0.01645952443754834,0.007486219620994855,0.01499274450327355
0.0036463477031181686,0.015509106471002548,0.012352129182389376,0.005807748293286876,0.014207864708397184,0.0017471209635836805,0.01969805748257276,0.009868375622990075,0.008196279485922742,0.005249887200974227,0.012799179357035296,0.0022063661729051056,0.011038948426352614,0.00829340822904335,0.014541975571553982
-0.010639777316905472,0.014286125020023641,0.015509106471002548,0.007499746184017372,0.01053685879154205,0.010945484181256944,0.004458761794710369,0.004054008186777805,0.014901798388228612,0.004777770789717814,0.013280664885562449,0.006097439801890516,0.01308507472844755,0.0034581017775451137,0.01438281570321544
0.0030886273298369304,0.013728404646742402,0.014286125020023641,0.006286440457967328,0.010559571413356639,0.013874481677251449,0.006367679593586694,-0.0013016007613167908,0.008091904537326352,0.004694809988722957,0.013287840505898455,0.0025200336297400328,0.016620002068266908,0.006869586347705882,0.00976221649673792
0.008859226450479346,0.005770599120642416,0.013728404646742402,0.005152200555396838,0.00967958529267266,0.009868375622990075,0.008196279485922742,0.00043602548780360154,0.010016486878112046,0.004193374227518689,0.0129617662044547,0.0017327671409969063,0.016000705159257375,0.006653981314040475,0.009688449875719547
-0.013690331788028382,0.022549558238507728,0.005770599120642416,0.0017365910921035503,0.01225388381179581,0.004054008186777805,0.014901798388228612,-0.0005808260025707019,0.011714064623647978,0.002411323015206902,0.013614326872567854,0.002362235809791997,0.016516265623617684,0.0024604102206218074,0.011348955428136204
0.0013538830196324822,0.015044214807660864,0.022549558238507728,-0.0012303374336444883,0.008884841332317045,-0.0013016007613167908,0.008091904537326352,-0.0011590741059721845,0.011482894205047278,0.001988704387601597,0.013543531842795328,0.0022954902648812253,0.016494053382256006,0.00168191851032197,0.011187149504344279
-0.0047293303619025595,0.006083213381535042,0.015044214807660864,-0.0026262837778146097,0.008619407449660487,0.00043602548780360154,0.010016486878112046,-0.0056885930434328194,0.007567842391586461,0.002878013027371035,0.01256119869499537,0.007486219620994855,0.01499274450327355,-0.0017301935662527837,0.0082178260095671
-0.008708183775100744,0.003978853413198184,0.006083213381535042,-0.0023043515208471545,0.008290024252362528,-0.0005808260025707019,0.011714064623647978,-0.004027877039123607,0.005067575812797128,0.002399140797236789,0.012885244921926359,0.00829340822904335,0.014541975571553982,-0.0034951266345697707,0.008197318831231367
0.0010366413750789785,0.009744825150179721,0.003978853413198184,-0.00264634917997348,0.00806224222877743,-0.0011590741059721845,0.011482894205047278,-0.004133624253974775,0.004899648316681582,0.0008155174780579888,0.011408997763232724,0.0034581017775451137,0.01438281570321544,-0.0018270668214291355,0.007672354476347039
0.015034457381983871,0.013997816006904893,0.009744825150179721,-0.0016171440247227259,0.00998875186758712,-0.0056885930434328194,0.007567842391586461,0.0024543049939873686,0.011934637819423109,0.0033745333382917257,0.010136649915491304,0.006869586347705882,0.00976221649673792,-0.00012051967112242969,0.00994108450240957
0.003932530184956964,0.011101927197026906,0.013997816006904893,0.0013199996374414983,0.00815048419510801,-0.004027877039123607,0.005067575812797128,0.006667876314006604,0.007388931050907896,0.00291482394535028,0.009939081362142152,0.006653981314040475,0.009688449875719547,-0.0008243334233399128,0.009356591817599827
0.01480221960068244,0.010869689415725477,0.011101927197026906,0.003561389067616491,0.00983644357134173,-0.004133624253974775,0.004899648316681582,0.011256402389207757,0.006343722223183641,0.0028532206406917194,0.009856305967130408,0.0024604102206218074,0.011348955428136204,0.003246031060761633,0.00901808404360765
0.0018668121914410002,0.012935407409241439,0.010869689415725477,0.004660746159840418,0.009062694485569683,0.0024543049939873686,0.011934637819423109,0.006867187325693468,0.00694912588826979,0.002500612583528124,0.00979221432562607,0.00168191851032197,0.011187149504344279,0.0033193066567342787,0.009002217080573452
-0.012961276393093135,0.014828088584534136,0.012935407409241439,0.003951897390175019,0.010387056835071923,0.006667876314006604,0.007388931050907896,0.0012359184663434351,0.013892496090277432,0.00020656040015570618,0.00934198877123348,-0.0017301935662527837,0.0082178260095671,0.0021433143665641964,0.010621013728401749
0.009716177299830809,0.022677453692923944,0.014828088584534136,0.00539848671096699,0.010503592049772336,0.011256402389207757,0.006343722223183641,-0.00045942896727377513,0.011516304743495262,0.0006401196570637519,0.009649690511990277,-0.0034951266345697707,0.008197318831231367,0.004775365948697275,0.009729122674422839
0.007710323622094789,0.0020058536777360202,0.022677453692923944,0.0041777977509854765,0.00954127244814898,0.006867187325693468,0.00694912588826979,0.0014884081762774875,0.012553919720941838,0.001950841152706628,0.009237110301218307,-0.0018270668214291355,0.007672354476347039,0.00572874912684239,0.009628155818574317
-0.006881196134816256,0.014591519756911045,0.0020058536777360202,0.0023755100310232737,0.01056343829520606,0.0012359184663434351,0.013892496090277432,0.003515101595703113,0.009059145496144956,0.0012387109052314001,0.009522544907628872,-0.00012051967112242969,0.00994108450240957,0.0025979414815852303,0.009660996537551505
-0.007137533625833119,0.00025633749101686316,0.014591519756911045,-0.0012811155067293193,0.009097038749303643,-0.00045942896727377513,0.011516304743495262,-0.0021028020461848623,0.008499382551892337,9.608518549479533e-05,0.00949751427198265,-0.0008243334233399128,0.009356591817599827,0.001016503794329504,0.010291589260497936
0.00166804901232028,0.0088055826381534,0.00025633749101686316,-0.0013142427032494396,0.009083634824587319,0.0014884081762774875,0.012553919720941838,-0.004116893582776365,0.0050115464528175165,0.0011931123855196998,0.00862997157194427,0.003246031060761633,0.00901808404360765,-0.0008598062897222333,0.008378898408081821
-0.021771026664494705,0.023439075676814986,0.0088055826381534,-0.002782534415149701,0.0116829229312666,0.003515101595703113,0.009059145496144956,-0.009080170426002515,0.011839676745962882,-0.000458666877632242,0.010587808337736895,0.0033193066567342787,0.009002217080573452,-0.004236640411998762,0.011337689796960529
-0.0026873606177425543,0.01908366604675215,0.023439075676814986,-0.004849790734745262,0.010006032305181212,-0.0021028020461848623,0.008499382551892337,-0.007596779423305659,0.012466930733030382,-0.00031281189590652743,0.0105384007978443,0.0021433143665641964,0.010621013728401749,-0.0027689381583772513,0.010665061377647276
0.025523705937449594,0.02821106655519215,0.01908366604675215,-0.0018808936821861268,0.015572476628002473,-0.004116893582776365,0.0050115464528175165,0.00035510621840411163,0.023793704762166454,0.002132323083561354,0.012269707481003117,0.004775365948697275,0.009729122674422839,-0.0005107197815745677,0.014670605278361535
-0.0014820701319892588,0.027005776069438853,0.02821106655519215,-0.0009810393483816275,0.01538055753425362,-0.009080170426002515,0.011839676745962882,0.00711809172923926,0.01595111773747744,0.0019524151187707655,0.012305422711306446,0.00572874912684239,0.009628155818574317,-0.0018239188893008598,0.014216460406769327
0.0014530310356839961,0.002935101167673255,0.027005776069438853,0.0004507214285378917,0.015089933025926724,-0.007596779423305659,0.012466930733030382,0.008498222280381445,0.014817355534437995,0.0009823132368922032,0.011715994172267836,0.0025979414815852303,0.009660996537551505,-0.0006333150078008236,0.014070572503383253
0.0010061969027946461,0.00044683413288935003,0.002935101167673255,0.00034041274361695274,0.015081671340771352,0.00035510621840411163,0.023793704762166454,0.0003257192688297945,0.0015814525202686382,0.0007732894310234661,0.011685375046971357,0.001016503794329504,0.010291589260497936,0.0005300750677174285,0.01377676103466096
0.0044095015484446245,0.003403304645649978,0.00044683413288935003,0.004703834112440175,0.0104946568015041,0.00711809172923926,0.01595111773747744,0.002289576495641089,0.0018494531239549705,3.095242729219358e-05,0.011037767777140802,-0.0008598062897222333,0.008378898408081821,0.0009217111443066203,0.013853255820939015
0.01844374683009843,0.014034245281653807,0.003403304645649978,0.008225685353747006,0.011049198449306633,0.008498222280381445,0.014817355534437995,0.007953148427112568,0.009243111584705815,0.001215019187196296,0.01208894137659194,-0.004236640411998762,0.011337689796960529,0.0066666787863913545,0.010897285548071444
0.01770123527647733,0.0007425115536211016,0.014034245281653807,0.006921940243584962,0.008840700811713155,0.0003257192688297945,0.0015814525202686382,0.01351816121834013,0.007897062212513009,0.0034051985921656146,0.012100616989629423,-0.0027689381583772513,0.010665061377647276,0.009579335342708481,0.010703452715133944
-0.014007756452038474,0.0317089917285158,0.0007425115536211016,0.004834325856910093,0.0121001319383257,0.002289576495641089,0.0018494531239549705,0.007379075218179096,0.01852525998520618,0.001710631895603523,0.012790335513015928,-0.0005107197815745677,0.014670605278361535,0.003931983572781614,0.011300909046981944
-0.002290897751303577,0.011716858700734897,0.0317089917285158,0.004210337725745497,0.012402140575694484,0.007953148427112568,0.009243111584705815,0.0004675270243784262,0.01603345625690522,0.0009962589403607828,0.012708495673232232,-0.0018239188893008598,0.014216460406769327,0.0038164367700224246,0.011369418694749087
0.011001035512410207,0.013291933263713784,0.011716858700734897,0.005876144160681424,0.012555979020696925,0.01351816121834013,0.007897062212513009,-0.0017658728969772812,0.012512659877240869,0.0022735612008769586,0.01275441537569345,-0.0006333150078008236,0.014070572503383253,0.005180437409554741,0.011608842728358448
0.002577831621696219,0.00842320389071399,0.013291933263713784,0.005570865839556689,0.012620869239268842,0.007379075218179096,0.01852525998520618,0.0037626564609342834,0.006724710394991881,0.0029675158614147685,0.012463973629081592,0.0005300750677174285,0.01377676103466096,0.0054049566551121085,0.011529583598927173
-0.0035071064106621777,0.006084938032358397,0.00842320389071399,0.001912390299429921,0.011250098286561505,0.0004675270243784262,0.01603345625690522,0.003357253574481416,0.007285407981051249,0.0025978619026303077,0.012581663718188302,0.0009217111443066203,0.013853255820939015,0.0042740126609539944,0.012021290036024939
-0.014768925758920318,0.01126181934825814,0.006084938032358397,-0.003499303206469687,0.009859854739346148,-0.0017658728969772812,0.012512659877240869,-0.005232733515962092,0.008801183987703182,0.0030980119673141918,0.01164255419832472,0.0066666787863913545,0.010897285548071444,-0.0004706548517629701,0.012050847365618995
0.0009715157118911249,0.015740441470811443,0.01126181934825814,-0.0010027578458147535,0.008464607222602298,0.0037626564609342834,0.006724710394991881,-0.00576817215256379,0.008110159563221368,0.0033593602765737405,0.011543340059985084,0.009579335342708481,0.010703452715133944,-0.0028606147895609995,0.009158024158705069
-0.0069826810665860085,0.007954196778477134,0.015740441470811443,-0.0017847217316951589,0.008816793627639636,0.003357253574481416,0.007285407981051249,-0.006926697037871733,0.007870370072786508,0.0010374754905711975,0.009893496744218442,0.003931983572781614,0.011300909046981944,-0.0018570325916392183,0.008050868084679867
0.007290525659595731,0.01427320672618174,0.007954196778477134,-0.0024031400404975717,0.007813694760379387,-0.005232733515962092,0.008801183987703182,0.00042645343496694926,0.007152197370485118,0.001664089475684411,0.009998892657249655,0.0038164367700224246,0.011369418694749087,-0.0004882578186536031,0.008749034554645962
-0.011841898926009974,0.019132424585605705,0.01427320672618174,-0.00480642846511527,0.008184063148946921,-0.00576817215256379,0.008110159563221368,-0.00384468477766675,0.00994473142739037,0.000714451621277699,0.010631788022080514,0.005180437409554741,0.011608842728358448,-0.003751534166999343,0.007975296559773923
0.006367090437205061,0.018208989363215036,0.019132424585605705,-0.00316072899047073,0.009400040153361095,-0.006926697037871733,0.007870370072786508,0.0006052390569302729,0.01078942149177857,0.0010973725880213,0.010739102980886633,0.0054049566551121085,0.011529583598927173,-0.0032102114790695086,0.008582022024018955
-0.010804498669328547,0.01717158910653361,0.018208989363215036,-0.0024999911422054354,0.008518935497908239,0.00042645343496694926,0.007152197370485118,-0.005426435719377819,0.010226656062841075,1.0658286751787812e-05,0.011140430168476198,0.0042740126609539944,0.012021290036024939,-0.004252696087450418,0.00905431981930198
-0.009823418495654119,0.0009810801736744278,0.01717158910653361,-0.004299146843462976,0.008775201092016086,-0.00384468477766675,0.00994473142739037,-0.004753608909259201,0.009643292748985288,-0.0020084249508019658,0.01005093164314035,-0.0004706548517629701,0.012050847365618995,-0.003546195049840962,0.008254615880164505
-0.00487730975887546,0.004946108736778659,0.0009810801736744278,-0.003948251625511218,0.008688094413998948,0.0006052390569302729,0.01078942149177857,-0.008501742307952708,0.003176950275642068,-0.00362117816761288,0.008304874019637105,-0.0028606147895609995,0.009158024158705069,-0.00438174154566476,0.008013606035877753
-0.020069543190143663,0.015192233431268205,0.004946108736778659,-0.008508263100467784,0.00878906845655487,-0.005426435719377819,0.010226656062841075,-0.011590090481557748,0.007748666761893191,-0.004054162934620393,0.00901564948982528,-0.0018570325916392183,0.008050868084679867,-0.006251293277601567,0.010001524537837949
-0.001650852608687037,0.018418690581456627,0.015192233431268205,-0.006809755380913961,0.008998222065110214,-0.004753608909259201,0.009643292748985288,-0.00886590185256872,0.009835837069170272,-0.004008445424433497,0.009026894429552604,-0.0004882578186536031,0.008749034554645962,-0.0075286330302133915,0.008431537768017154
0.003244256256111399,0.004895108864798436,0.018418690581456627,-0.007330227744429571,0.008132263363431378,-0.008501742307952708,0.003176950275642068,-0.006158713180906433,0.012293246778576373,-0.004562501085597698,0.008238381916203115,-0.003751534166999343,0.007975296559773923,-0.0053734680041960525,0.009050623382425006
-0.0016930757263674768,0.004937331982478876,0.004895108864798436,-0.005811657253936058,0.008204134609678195,-0.011590090481557748,0.007748666761893191,-3.322402631437157e-05,0.002838459696593197,-0.004867565896173676,0.008030080576969566,-0.0032102114790695086,0.008582022024018955,-0.006524920313277844,0.007723410079374548
-0.016755760614708175,0.015062684888340698,0.004937331982478876,-0.0069670476071117355,0.00929740536246583,-0.00886590185256872,0.009835837069170272,-0.005068193361654751,0.010418432367553541,-0.005813898339319819,0.008616661924152755,-0.004252696087450418,0.00905431981930198,-0.007375100591189219,0.008555719688783768
-0.001983579056262674,0.0147721815584455,0.015062684888340698,-0.0064847591566762714,0.009500327089068582,-0.006158713180906433,0.012293246778576373,-0.006810805132446108,0.008613808838388555,-0.004900659289129987,0.008264902471117762,-0.003546195049840962,0.008254615880164505,-0.006255123528419012,0.008693827694697993
0.0028143963445233463,0.00479797540078602,0.0147721815584455,-0.0026707692342317693,0.007292871794086915,-3.322402631437157e-05,0.002838459696593197,-0.005308314442149167,0.010199909798221937,-0.004769024958227686,0.008379503496264835,-0.00438174154566476,0.008013606035877753,-0.005156308370790612,0.009357723161452452
-0.009657682847389442,0.012472079191912788,0.00479797540078602,-0.00400524094068217,0.007784879427810147,-0.005068193361654751,0.010418432367553541,-0.0029422885197095904,0.006291067693071899,-0.004960096513999359,0.008463935304073899,-0.006251293277601567,0.010001524537837949,-0.0036688997503971513,0.0071620877446403825
-0.0024470041543514427,0.007210678693038,0.012472079191912788,-0.0049537843424259775,0.00703556995976466,-0.006810805132446108,0.008613808838388555,-0.003096763552405846,0.006261376070709698,-0.005655634357852729,0.007749747786897629,-0.0075286330302133915,0.008431537768017154,-0.0037826356854920667,0.007130953287283497
0.0026412791768185805,0.005088283331170023,0.007210678693038,-0.004231391858561635,0.00763436817388019,-0.005308314442149167,0.010199909798221937,-0.0031544692749741012,0.006179926932488846,-0.004621121636222118,0.00782671732339534,-0.0053734680041960525,0.009050623382425006,-0.003868775268248183,0.007034918861386368
-0.017975937357158796,0.020617216533977377,0.005088283331170023,-0.004434754648970072,0.008040179932659534,-0.0029422885197095904,0.006291067693071899,-0.005927220778230553,0.010740173891239886,-0.006359909335819537,0.007901462833669305,-0.006524920313277844,0.007723410079374548,-0.006194898358361229,0.00869236171984246
0.001539413974625445,0.019515351331784243,0.020617216533977377,-0.0038475891438220517,0.008376590186011963,-0.003096763552405846,0.006261376070709698,-0.004598414735238257,0.011598366710703186,-0.005478201289822822,0.00805458159719475,-0.007375100591189219,0.008555719688783768,-0.003581301988456426,0.007679132843673331
-0.0031385433890789216,0.004677957363704367,0.019515351331784243,-0.004839745766089097,0.007759520118908181,-0.0031544692749741012,0.006179926932488846,-0.006525022257204091,0.010188886776480393,-0.005000710210781738,0.007974926184732205,-0.006255123528419012,0.008693827694697993,-0.0037462968931444613,0.007651440395593811
0.015897895378531316,0.01903643876761024,0.004677957363704367,-0.0005804827284356367,0.010945684767604652,-0.005927220778230553,0.010740173891239886,0.00476625532135928,0.009919973742202486,-0.003516766986681254,0.009737714478681646,-0.005156308370790612,0.009357723161452452,-0.0018772256025718945,0.010564601606205481
-0.0034332856520047483,0.019331181030536063,0.01903643876761024,-0.000744862978044521,0.010986651284603651,-0.004598414735238257,0.011598366710703186,0.0031086887791492153,0.011076758204982525,-0.0023284628768141876,0.008498613997290249,-0.0036688997503971513,0.0071620877446403825,-0.000988026003231224,0.010050007620509305
-0.019584870208754535,0.01615158455674979,0.019331181030536063,-0.004449221208973374,0.01315050437503732,-0.006525022257204091,0.010188886776480393,-0.002373420160742656,0.017765110457727117,-0.003609464133961866,0.009660763855820927,-0.0037826356854920667,0.007130953287283497,-0.003436292582431666,0.01230021579413021
0.0019250091835571932,0.021509879392311727,0.01615158455674979,-0.0011323967855207087,0.011457134409587639,0.00476625532135928,0.009919973742202486,-0.0070310488924006966,0.01119717165709303,-0.003703696067715738,0.009594979673395902,-0.003868775268248183,0.007034918861386368,-0.0035386168671832923,0.012244081820859625
0.021016181170538547,0.019091171986981355,0.021509879392311727,0.002113731080464808,0.014673285251779305,0.0031086887791492153,0.011076758204982525,0.0011187733817804013,0.020312529517567457,-0.002081606289365308,0.011658673025026874,-0.006194898358361229,0.00869236171984246,0.002031685779630614,0.013396574316585308
-0.005675825120697008,0.026692006291235554,0.019091171986981355,0.0016908507918617938,0.014889891421210057,-0.002373420160742656,0.017765110457727117,0.005755121744466244,0.013752022456161295,-0.0012901823255073673,0.01093983270345266,-0.003581301988456426,0.007679132843673331,0.001000937337441692,0.013714563529389118
0.015860590196645787,0.021536415317342794,0.026692006291235554,0.001684633261547539,0.014882778636013488,-0.0070310488924006966,0.01119717165709303,0.010400315415495775,0.014158981265510831,-1.5598807442477316e-05,0.011854124662200998,-0.0037462968931444613,0.007651440395593811,0.003715099278259508,0.014609601716758229
-0.004352203965814811,0.0202127941624606,0.021536415317342794,0.001531480209245862,0.014950552325598497,0.0011187733817804013,0.020312529517567457,0.0019441870367113232,0.01207011602772684,-0.0005274988296094886,0.011877231671993825,-0.0018772256025718945,0.010564601606205481,0.0008222279433529182,0.013776324514800832
0.010060181487981596,0.014412385453796406,0.0202127941624606,0.006472322158701884,0.010935831470093065,0.005755121744466244,0.013752022456161295,0.007189522572937524,0.010407678603722917,0.0008809200514884428,0.011880364926915495,-0.000988026003231224,0.010050007620509305,0.0027498661062081097,0.014023448044535907
0.0049119847671661885,0.005148196720815407,0.014412385453796406,0.0069701514226367155,0.010753898300957798,0.010400315415495775,0.014158981265510831,0.003539987429777658,0.007303492050899451,0.0014065621173111307,0.011884592900830061,-0.003436292582431666,0.01230021579413021,0.006249416817053927,0.01000040744959482
-0.014967064878030949,0.019879049645197138,0.005148196720815407,0.0009729437478751338,0.011369988138206093,0.0019441870367113232,0.01207011602772684,1.7004590389448997e-06,0.013216426678805905,0.00014882325625045,0.012650906217491143,-0.0035386168671832923,0.012244081820859625,0.0038362633796841924,0.01284993075531713
-0.003551748049037717,0.011415316828993232,0.019879049645197138,0.001326956593151682,0.011152559429443699,0.007189522572937524,0.010407678603722917,-0.004535609386634159,0.00997597820004464,0.0011791224925448128,0.011605425173905778,0.002031685779630614,0.013396574316585308,0.00032655920545901273,0.010519278304895468
-0.005271612552009371,0.0017198645029716537,0.011415316828993232,-0.0021950771982908444,0.008715321979259841,0.003539987429777658,0.007303492050899451,-0.007930141826359345,0.006154526627085618,0.0006926205977851831,0.011731237754963162,0.001000937337441692,0.013714563529389118,0.00038430385812867506,0.01048188011640339
0.002107872395656752,0.007379484947666123,0.0017198645029716537,-0.0011183978047122503,0.008794213259051581,1.7004590389448997e-06,0.013216426678805905,-0.002238496068463445,0.0038610455315328004,0.0010673645824091599,0.011683137973579765,0.003715099278259508,0.014609601716758229,-0.001580370113441187,0.008120493700280307
-0.02773399451648019,0.02984186691213694,0.007379484947666123,-0.007417427138789214,0.012100030282932765,-0.004535609386634159,0.00997597820004464,-0.01029924489094427,0.015543232302261054,-0.0020491989815202335,0.013150128258521621,0.0008222279433529182,0.013776324514800832,-0.0049206259063933845,0.012870394663667536
-0.006335102494686448,0.021398892021793743,0.02984186691213694,-0.00929194168243132,0.010584213379198406,-0.007930141826359345,0.006154526627085618,-0.010653741538503297,0.01538253027279673,-0.002256471613140355,0.013196410227498907,0.0027498661062081097,0.014023448044535907,-0.007262809332488818,0.011053338441488368
0.009377126387781947,0.015712228882468395,0.021398892021793743,-0.005234576471462506,0.012471420679906167,-0.002238496068463445,0.0038610455315328004,-0.008230656874461563,0.018628034477574495,-0.0001877575705306061,0.012523950203507002,0.006249416817053927,0.01000040744959482,-0.006624931958115141,0.011964331579080452
-0.009467463744731789,0.018844590132513737,0.015712228882468395,-0.006220529087411518,0.012545393391037685,-0.01029924489094427,0.015543232302261054,-0.002141813283878763,0.010097890874817156,-0.0010015056368369618,0.01274428932021496,0.0038362633796841924,0.01284993075531713,-0.005839274653358117,0.011496661720588337
0.014696837795052596,0.024164301539784383,0.018844590132513737,-0.0028924540295678564,0.015212585380796126,-0.010653741538503297,0.01538253027279673,0.004868833479367584,0.012697318454597054,-0.00145288730651453,0.011994315486927276,0.00032655920545901273,0.010519278304895468,-0.003232333818488073,0.013916210794241322
0.010755676141889743,0.003941161653162852,0.024164301539784383,-0.0014511534051956908,0.01616117494317426,-0.008230656874461563,0.018628034477574495,0.005328350064070183,0.012964191779383768,-0.00027920864490119053,0.012348021851169136,0.00038430385812867506,0.01048188011640339,-0.0009427211479310556,0.014814266878299908
0.019032750651813413,0.00827707450992367,0.003941161653162852,0.0063433041228532425,0.011577556368386142,-0.002141813283878763,0.010097890874817156,0.01482842152958525,0.004140105834408369,-5.2625755246360085e-05,0.012691297064191835,-0.001580370113441187,0.008120493700280307,0.001475118602948467,0.016661166066018293
0.002923518626018583,0.01610923202579483,0.00827707450992367,0.007886407642970748,0.010068415813400684,0.004868833479367584,0.012697318454597054,0.010903981806573914,0.008055639952409524,0.0004670687155988823,0.012650591913841868,-0.0049206259063933845,0.012870394663667536,0.00585476333759115,0.010647560639790568
-0.021702449680042608,0.024625968306061192,0.01610923202579483,0.002706478298333323,0.0156150774072406,0.005328350064070183,0.012964191779383768,8.460653259646327e-05,0.020515450346622773,-0.0018016906535457038,0.013609626545481557,-0.007262809332488818,0.011053338441488368,0.003659428025397412,0.01447580720735845
0.005624448316528058,0.027326897996570666,0.024625968306061192,0.005221796975209965,0.014432615342011214,0.01482842152958525,0.004140105834408369,-0.004384827579165322,0.015058179893993296,-0.0017508004000198558,0.013637964533707744,-0.006624931958115141,0.011964331579080452,0.003123331158075428,0.014297152379937634
0.014876129950916465,0.009251681634388408,0.027326897996570666,0.005251679001187275,0.014456322610591935,0.010903981806573914,0.008055639952409524,-0.00040062380419936147,0.0190190494636188,0.00038085637347638805,0.01374518856752027,-0.005839274653358117,0.011496661720588337,0.006600987400310893,0.013671094260380627
0.002852722026033545,0.01202340792488292,0.009251681634388408,0.003934519981877909,0.01421251476592688,8.460653259646327e-05,0.020515450346622773,0.007784433431159356,0.006296009553963998,0.000838318521695764,0.013710769639673588,-0.003232333818488073,0.013916210794241322,0.004908970861879601,0.013227869377410236
-0.008638835758952456,0.011491557784986001,0.01202340792488292,-0.000677411086583069,0.012747479248854852,-0.004384827579165322,0.015058179893993296,0.003030005405999185,0.01175848523967636,0.0005978025783426866,0.013854971277004951,-0.0009427211479310556,0.014814266878299908,0.002138326304616429,0.013817157042123891
-0.0007198781113110978,0.007918957647641358,0.011491557784986001,-0.0012846438761380157,0.012627856941609318,-0.00040062380419936147,0.0190190494636188,-0.002168663948076669,0.005881174234965963,0.0003958203992735543,0.013851875170097925,0.001475118602948467,0.016661166066018293,-0.0006834778044013583,0.01163681429639473
0.004962233095211814,0.005682111206522912,0.007918957647641358,0.0031594699197377216,0.007758216910525452,0.007784433431159356,0.006296009553963998,-0.001465493591683913,0.006831121820561981,0.002731265228680126,0.011257726223702542,0.00585476333759115,0.010647560639790568,-0.0003922328802308969,0.011766920758951227
-0.018200922450106658,0.023163155545318472,0.005682111206522912,-0.0008114252080347316,0.011458899102062787,0.003030005405999185,0.01175848523967636,-0.0046528558220686475,0.0120720412093043,0.0018837066604358251,0.012383219652212077,0.003659428025397412,0.01447580720735845,0.00010798529547423875,0.010739608166833557
0.00024838935158374135,0.0184493118016904,0.023163155545318472,-0.0032493819745901854,0.008670569347146224,-0.002168663948076669,0.005881174234965963,-0.004330100001103701,0.01224152226108578,0.0012316540149930964,0.012197238599121066,0.003123331158075428,0.014297152379937634,-0.0006600231280892351,0.010468162779975407
0.002000388339084268,0.0017519989875005267,0.0184493118016904,-0.003391437589081732,0.008556835867826572,-0.001465493591683913,0.006831121820561981,-0.0053173815864795484,0.011191809237188278,0.002050786306694243,0.011802119517719051,0.006600987400310893,0.013671094260380627,-0.0024994147869224054,0.008160032647878412
-0.00222290092101886,0.004223289260103128,0.0017519989875005267,-0.0023221151160927995,0.008161700649112615,-0.0046528558220686475,0.0120720412093043,8.625589883049766e-06,0.0021218289374250357,0.0008422335412605679,0.011261451312724404,0.004908970861879601,0.013227869377410236,-0.0032245037793584633,0.007823763054645596
-0.02587184984255884,0.02364894892153998,0.004223289260103128,-0.00651411040463409,0.012487214923281661,-0.004330100001103701,0.01224152226108578,-0.008698120808164478,0.015022042795629546,-0.001774018314771474,0.012914520115859512,0.002138326304616429,0.013817157042123891,-0.005686362934159376,0.011607681719777843
-0.009241095508807636,0.016630754333751205,0.02364894892153998,-0.00888133183863733,0.011151325001339026,-0.0053173815864795484,0.011191809237188278,-0.012445282090795115,0.01214571138355194,-0.003793578754815834,0.011549018118428223,-0.0006834778044013583,0.01163681429639473,-0.00690367970523031,0.011445718127898
0.010620984381360839,0.019862079890168475,0.016630754333751205,-0.004077680700059414,0.012464312493193476,8.625589883049766e-06,0.0021218289374250357,-0.008163986990001879,0.018270245195250768,-0.0032437597722913872,0.012065098022780026,-0.0003922328802308969,0.011766920758951227,-0.0060952866643518774,0.012568255317665311
0.006639239099744208,0.003981745281616631,0.019862079890168475,-0.0030125390753660045,0.013161502630472456,-0.008698120808164478,0.015022042795629546,0.00267304265743247,0.010508262941852638,-0.0012193534308780438,0.011066029143258322,0.00010798529547423875,0.010739608166833557,-0.0025466921572303257,0.012077805527822522
0.022314202589601054,0.015674963489856846,0.003981745281616631,0.0003730966330534602,0.01681466612609568,-0.012445282090795115,0.01214571138355194,0.013191475356902035,0.008147495811204221,-2.722812565854401e-05,0.012646177200418973,-0.0006600231280892351,0.010468162779975407,0.0006055668767721473,0.015361937627663618
-0.008153090656569464,0.030467293246170517,0.015674963489856846,-0.0006152683228716404,0.017168345635737423,-0.008163986990001879,0.018270245195250768,0.006933450344258599,0.015235777289962463,-0.0016721724547646818,0.012041828206674453,-0.0024994147869224054,0.008160032647878412,-0.000844930122606958,0.01568425819155173
-0.0066606109432424095,0.0014924797133270542,0.030467293246170517,0.0025866048270144315,0.012734989333878682,0.00267304265743247,0.010508262941852638,0.0025001669965963934,0.01717567695272343,-0.002351696238284393,0.012035263755844221,-0.0032245037793584633,0.007823763054645596,-0.0014788886972103214,0.01583816985261441
0.019563083445589224,0.026223694388831632,0.0014924797133270542,0.007387301319413908,0.012813477099133712,0.013191475356902035,0.008147495811204221,0.0015831272819257839,0.015588970192386583,-0.00033727343795998725,0.013205294142086833,-0.005686362934159376,0.011607681719777843,0.005011816058239402,0.013278610910938248
-0.005677216963886733,0.025240300409475957,0.026223694388831632,0.004670934428539313,0.013688528147062829,0.006933450344258599,0.015235777289962463,0.002408418512820027,0.014864510171759583,-0.0006913690702868182,0.013282581284164792,-0.00690367970523031,0.011445718127898,0.005520941564656674,0.012696617158949446
0.0021070046354696895,0.007784221599356423,0.025240300409475957,0.003915562017826894,0.01368323793549295,0.0025001669965963934,0.01717567695272343,0.0053309570390573935,0.012925308236773205,-0.0008953139602683986,0.013210822839082259,-0.0060952866643518774,0.012568255317665311,0.004304658743815081,0.012533379731792933
-0.0049836046932592035,0.0070906093287288925,0.007784221599356423,-0.0006340725293164827,0.010513278729146036,0.0015831272819257839,0.015588970192386583,-0.0028512723405587494,0.004307976024045579,4.87801652207053e-05,0.01232129977215179,-0.0025466921572303257,0.012077805527822522,0.002644252487671737,0.012935974223704147
-0.009467858421611543,0.00448425372835234,0.0070906093287288925,-0.0008532004901568293,0.010713143193266788,0.002408418512820027,0.014864510171759583,-0.004114819493133686,0.005836133522334271,-0.0006452375328646722,0.012580115210520144,0.0006055668767721473,0.015361937627663618,-0.0018960419425014914,0.010161470971073233
-0.0017819774208131097,0.007685881000798434,0.00448425372835234,-4.009490308527937e-05,0.010363657188841614,0.0053309570390573935,0.012925308236773205,-0.005411146845227952,0.003860736446377962,-0.0009154065157144848,0.012559525489070326,-0.000844930122606958,0.01568425819155173,-0.0009858829088220122,0.009786015358787542
-0.009522680271997102,0.0077407028511839926,0.007685881000798434,-0.004887722189349668,0.004509209103793972,-0.0028512723405587494,0.004307976024045579,-0.006924172038140585,0.00445335552933669,-0.001436819326498645,0.012767781772475008,-0.0014788886972103214,0.01583816985261441,-0.001394749955786968,0.010116823815928044
0.007402121849242007,0.016924802121239108,0.0077407028511839926,-0.002707832387161544,0.006686856973264426,-0.004114819493133686,0.005836133522334271,-0.0013008452811894015,0.0084726529382838,0.0009398929372014154,0.010817310828445248,0.005011816058239402,0.013278610910938248,-0.003132030183836571,0.006206554590028766
-0.007571110347864467,0.014973232197106473,0.016924802121239108,-0.0043208515510505694,0.006456440395985924,-0.005411146845227952,0.003860736446377962,-0.003230556256873187,0.009259726727792286,0.001059177591554499,0.01070503197224241,0.005520941564656674,0.012696617158949446,-0.0034025863815476754,0.006374989825332109
-0.006830920857633482,0.0007401894902309848,0.014973232197106473,-0.004628737578446282,0.006537898076534132,-0.006924172038140585,0.00445335552933669,-0.002333303118751981,0.00843924431456648,-0.00018738706837366682,0.010520459188503079,0.004304658743815081,0.012533379731792933,-0.004679432880562414,0.00596976404990633
-0.0238658116501351,0.017034890792501617,0.0007401894902309848,-0.007028396449866876,0.010254933528848483,-0.0013008452811894015,0.0084726529382838,-0.01275594761854435,0.00962853982806778,-0.002366319264793617,0.01204618461327729,0.002644252487671737,0.012935974223704147,-0.00737689101725897,0.009406727591397742
-0.002164390904010492,0.021701420746124606,0.017034890792501617,-0.007092132030399773,0.010216922945602096,-0.003230556256873187,0.009259726727792286,-0.010953707803926358,0.01142304446080265,-0.004114790228623014,0.009745017798782866,-0.0018960419425014914,0.010161470971073233,-0.006333538514744536,0.009540239912301383
-0.02504006003561779,0.022875669131607296,0.021701420746124606,-0.00967836199100322,0.012633420873642047,-0.002333303118751981,0.00843924431456648,-0.017023420863254462,0.012881684412955648,-0.005321002327126465,0.011217224440937805,-0.0009858829088220122,0.009786015358787542,-0.009656121745430917,0.011532832763107577
0.020834202287552776,0.045874262323170566,0.022875669131607296,-0.007439681917951426,0.016776293599434475,-0.01275594761854435,0.00962853982806778,-0.0021234162173585022,0.022937158610374483,-0.00335708709635538,0.013196859500476278,-0.001394749955786968,0.010116823815928044,-0.005319424236923792,0.016309663931231653
-0.017967485785938257,0.038801688073491034,0.045874262323170566,-0.009172411157630391,0.01732064324333545,-0.010953707803926358,0.01142304446080265,-0.007391114511334423,0.024698313868105764,-0.006037842041464486,0.011934312464214608,-0.003132030183836571,0.006206554590028766,-0.008943653899092402,0.015823091074515808
0.013947490257452691,0.03191497604339095,0.038801688073491034,-0.005709342638449362,0.019784406056394182,-0.017023420863254462,0.012881684412955648,0.005604735586355737,0.02070250989529305,-0.004636077239940243,0.013077684500835407,-0.0034025863815476754,0.006374989825332109,-0.0058695680983328075,0.018065583519209574
0.014455555546936182,0.0005080652894834913,0.03191497604339095,0.0006775518943958522,0.018917319240494758,-0.0021234162173585022,0.022937158610374483,0.0034785200061502055,0.01857452303318482,-0.0037540378891212068,0.01395450077988357,-0.004679432880562414,0.00596976404990633,-0.0028286428976799986,0.019602923748228307
0.030984317732509255,0.016528762185573073,0.0005080652894834913,0.006202336667149143,0.022434833506042827,-0.007391114511334423,0.024698313868105764,0.01979578784563271,0.009692880550008947,-0.0011849005729948883,0.016743081651114367,-0.00737689101725897,0.009406727591397742,0.005007089871269195,0.020722815920895362
-0.014352767610674031,0.04533708534318329,0.016528762185573073,0.007983552071306436,0.01971799869389583,0.005604735586355737,0.02070250989529305,0.010362368556257136,0.022944028889000063,-0.001533822657927923,0.016978223745518516,-0.006333538514744536,0.009540239912301383,0.0032658931988886896,0.021904193595426235
0.016443422936149928,0.03079619054682396,0.04533708534318329,0.007251755512739295,0.01922089700983344,0.0034785200061502055,0.01857452303318482,0.011024991019328384,0.023149133465028317,-0.00023200834671627753,0.017643422726415094,-0.009656121745430917,0.011532832763107577,0.009192105051998365,0.01828178772878555
0.0020182170535708566,0.01442520588257907,0.03079619054682396,0.010582705985990815,0.01531027639269954,0.01979578784563271,0.009692880550008947,0.001369624126348918,0.015408336790127743,0.0005923414622528623,0.01744443474085201,-0.005319424236923792,0.016309663931231653,0.006504107161429518,0.01765734732680329
-0.013948257196305564,0.01596647424987642,0.01442520588257907,0.0059334147436977715,0.018070825898270346,0.010362368556257136,0.022944028889000063,0.0015044609311384062,0.015202352263165563,-0.000932685612429107,0.01773415639357488,-0.008943653899092402,0.015823091074515808,0.0070782826742341876,0.016772120177641847
0.0022013880281385218,0.016149645224444086,0.01596647424987642,0.0038910534905648286,0.017601405886085494,0.011024991019328384,0.023149133465028317,-0.0032428840381987286,0.009271577467843147,-0.0002346500141431792,0.017644864412494,-0.0058695680983328075,0.018065583519209574,0.005400268070046452,0.016556529673637646
-0.02226213370648863,0.024463521734627153,0.016149645224444086,-0.004983355082601486,0.014328020895943696,0.001369624126348918,0.015408336790127743,-0.011336334291551892,0.012439155110393407,-0.0013368795033471183,0.018547499588226768,-0.0028286428976799986,0.019602923748228307,0.00015488389098576236,0.01886497594070388
0.005042259104254767,0.0273043928107434,0.024463521734627153,-0.001750850630113353,0.013974930786686228,0.0015044609311384062,0.015202352263165563,-0.0050061621913651145,0.015011464013074943,0.000727982693395015,0.017421419344936084,0.005007089871269195,0.020722815920895362,-0.003551124484479165,0.013617481793594744
-0.004830979480305119,0.009873238584559886,0.0273043928107434,-0.005296584366189194,0.010765831962558509,-0.0032428840381987286,0.009271577467843147,-0.00735028469417966,0.01382543455958385,0.0005375120808025416,0.017469983938523448,0.0032658931988886896,0.021904193595426235,-0.002190869037283606,0.012810317019279146
-0.012142169395309262,0.007311189915004144,0.009873238584559886,-0.007656648774335881,0.010387030179478795,-0.011336334291551892,0.012439155110393407,-0.003976963257119871,0.008623987099726832,0.001458789983681722,0.01631960592916898,0.009192105051998365,0.01828178772878555,-0.006274525084634919,0.010162702620198914
0.026843255769921005,0.038985425165230264,0.007311189915004144,-0.0008580632799647855,0.0168094406119229,-0.0050061621913651145,0.015011464013074943,0.0032900356314355416,0.020722668956055887,0.0018880080895651672,0.016935782093720236,0.006504107161429518,0.01765734732680329,-0.002728090982299184,0.016122761446392776
0.008075428316008664,0.01876782745391234,0.038985425165230264,0.00012094343468023808,0.017190013224739342,-0.00735028469417966,0.01382543455958385,0.0075921715635401356,0.019497204841849695,0.003748216239704233,0.01599102533776683,0.0070782826742341876,0.016772120177641847,0.0004181498051742778,0.015711952465418292
-0.01621660044413055,0.024292028760139216,0.01876782745391234,0.0011285323117399184,0.015730890368615965,-0.003976963257119871,0.008623987099726832,0.006234027880599707,0.02158890620124933,0.0015936383324482875,0.01653398695206151,0.005400268070046452,0.016556529673637646,-0.0022129914051498747,0.016863507693980453
0.005757673778687305,0.021974274222817856,0.024292028760139216,0.001247768090812008,0.01576915311128388,0.0032900356314355416,0.020722668956055887,-0.0007944994498115266,0.013406114121289968,0.0009723610632876533,0.016172987687059125,0.00015488389098576236,0.01886497594070388,0.0017898382355895446,0.01446646830313499
-0.008635497674003376,0.014393171452690682,0.021974274222817856,0.0006136817251956318,0.016134722348189426,0.0075921715635401356,0.019497204841849695,-0.006364808113148874,0.01116172949037153,-0.0018576257514632492,0.013811427126817759,-0.003551124484479165,0.013617481793594744,-0.00016412701844733271,0.014871985727180098
-0.006182383173603469,0.0024531145003999074,0.014393171452690682,0.0016069794288132641,0.015357091160750118,0.006234027880599707,0.02158890620124933,-0.0030200690229731804,0.007700066181994472,-0.0012740268631010658,0.01340960757767974,-0.002190869037283606,0.012810317019279146,-0.00035718468891852626,0.014951224884136435
-0.01699416297089206,0.010811779797288593,0.0024531145003999074,-0.005699257027988913,0.01065877622085272,-0.0007944994498115266,0.013406114121289968,-0.010604014606166301,0.005668327776374929,-0.003662425856461208,0.012982179606538398,-0.006274525084634919,0.010162702620198914,-0.0010503266282874968,0.015683190655413702
-0.005688773259283936,0.011305389711608126,0.010811779797288593,-0.007993290623871014,0.00832742655782838,-0.006364808113148874,0.01116172949037153,-0.009621773134593154,0.006389445328872545,-0.004212925164522265,0.01288581367379422,-0.002728090982299184,0.016122761446392776,-0.005697759346745345,0.009730087759446136
-0.010077381775065068,0.004388608515781132,0.011305389711608126,-0.006970087512360101,0.00744538930160407,-0.0030200690229731804,0.007700066181994472,-0.010920106001747023,0.005699613778538967,-0.0039364340630050855,0.01270105816737471,0.0004181498051742778,0.015711952465418292,-0.00829101793118445,0.007642568399650008
-0.006462567316265887,0.00361481445879918,0.004388608515781132,-0.009006794361518966,0.004255390224016989,-0.010604014606166301,0.005668327776374929,-0.00740957411687163,0.0023425600497088248,-0.00455528801617683,0.01258957501451461,-0.0022129914051498747,0.016863507693980453,-0.0068975846272037854,0.006799385870958678
-0.0035870317050015177,0.0028755356112643697,0.00361481445879918,-0.008165383366685323,0.004806867192730753,-0.009621773134593154,0.006389445328872545,-0.00670899359877749,0.0032521847183897543,-0.00322135215892775,0.011512401124223281,0.0017898382355895446,0.01446646830313499,-0.008232542553445046,0.004391645401785444
0.0005722979618637591,0.004159329666865277,0.0028755356112643697,-0.007039603177440785,0.006005669988757222,-0.010920106001747023,0.005699613778538967,-0.0031591003531345487,0.0035369020769299713,-0.0035406350976699653,0.011326066814027534,-0.00016412701844733271,0.014871985727180098,-0.0069171431768925975,0.005491967028338399
0.0069040346268692855,0.0063317366650055265,0.004159329666865277,-0.00305657024448056,0.0060080750084433795,-0.00740957411687163,0.0023425600497088248,0.001296433627910509,0.005282887235410104,-0.0027024198043003648,0.011652754484280572,-0.00035718468891852626,0.014951224884136435,-0.005047654919682204,0.007604717727130206
-0.009615431522047102,0.01651946614891639,0.0063317366650055265,-0.003711013288274421,0.006542250696774167,-0.00670899359877749,0.0032521847183897543,-0.0007130329777713527,0.00833440142899213,-0.0025219385276387817,0.01151404413920258,-0.0010503266282874968,0.015683190655413702,-0.003993550426990067,0.0060188310708539925
0.00032371189923900495,0.009939143421286108,0.01651946614891639,-0.001977497675890409,0.0058604286917612065,-0.0031591003531345487,0.0035369020769299713,-0.0007958949986462707,0.008316449372517265,-0.004416191661258925,0.007937254528501865,-0.005697759346745345,0.009730087759446136,-0.003134623975772504,0.006163855067501757
-0.012352325257093818,0.012676037156332823,0.009939143421286108,-0.002959123999361731,0.007119870483136334,0.001296433627910509,0.005282887235410104,-0.007214681626633972,0.006670320797564927,-0.005875316916480531,0.007317708334536133,-0.00829101793118445,0.007642568399650008,-0.003459615901776611,0.00663304164200284
-0.02178206124037073,0.009429735983276911,0.012676037156332823,-0.005991628921923266,0.010508995766895924,-0.0007130329777713527,0.00833440142899213,-0.01127022486607518,0.01109254287650739,-0.006272849830497687,0.008038393614109364,-0.0068975846272037854,0.006799385870958678,-0.005648115033791588,0.009636311840977995
-0.0009816745097434337,0.020800386730627295,0.009429735983276911,-0.006250624333857799,0.010332540786071754,-0.0007958949986462707,0.008316449372517265,-0.011705353669069328,0.010415274898565915,-0.006754231851099882,0.007442207444996921,-0.008232542553445046,0.004391645401785444,-0.00527592114875472,0.009778453695406778
-0.008107633835903225,0.007125959326159791,0.020800386730627295,-0.008752569077653217,0.00808272308557949,-0.007214681626633972,0.006670320797564927,-0.010290456528672462,0.01057059876340812,-0.006716527291235585,0.007433275002773469,-0.0069171431768925975,0.005491967028338399,-0.006515911405578574,0.009458354676835668
0.00023713399960553406,0.008344767835508759,0.007125959326159791,-0.007110474824044443,0.008837912094875331,-0.01127022486607518,0.01109254287650739,-0.0029507247820137078,0.004507400224983479,-0.006257990350292086,0.0076632038595613305,-0.005047654919682204,0.007604717727130206,-0.007468325780901968,0.008123236812700973
-0.015230903776299648,0.015468037775905183,0.008344767835508759,-0.009702910769967552,0.00849580296750594,-0.011705353669069328,0.010415274898565915,-0.00770046787086578,0.007742053103119422,-0.006132043264964055,0.007485610347483689,-0.003993550426990067,0.0060188310708539925,-0.008270536102938045,0.00863196213844055
-0.010576282809564503,0.004654620966735145,0.015468037775905183,-0.009406903695379333,0.008415592680009307,-0.010290456528672462,0.01057059876340812,-0.008523350862086205,0.007935738487685959,-0.006481151089984096,0.007576762138628493,-0.003134623975772504,0.006163855067501757,-0.00982767820419569,0.007762593538292662
0.004945083358301073,0.015521366167865577,0.004654620966735145,-0.0049523795956007005,0.007588007632728522,-0.0029507247820137078,0.004507400224983479,-0.006954034409187693,0.010564474753598388,-0.005408117866172229,0.008075611779181946,-0.003459615901776611,0.00663304164200284,-0.007356619830567847,0.0094044748717831
0.00030258468063089545,0.004642498677670178,0.015521366167865577,-0.004738336397204978,0.007739025298998217,-0.00770046787086578,0.007742053103119422,-0.0017762049235441784,0.007966757595977193,-0.0049248927235367446,0.008208966679568322,-0.005648115033791588,0.009636311840977995,-0.004201670413281901,0.007206004426648648
0.012519028987637664,0.012216444307006769,0.004642498677670178,-0.0013005592599481634,0.010149060920258038,-0.008523350862086205,0.007935738487685959,0.0059222323421898775,0.0061665624929198365,-0.00377445981691966,0.009446221595656851,-0.00527592114875472,0.009778453695406778,-0.002272998485084602,0.009615386851050014
0.023947583727959573,0.011428554740321908,0.012216444307006769,0.0026511823614441764,0.014535637863812064,-0.006954034409187693,0.010564474753598388,0.012256399132076044,0.011824687134035207,-0.002104796547912816,0.011995489122409173,-0.006515911405578574,0.009458354676835668,0.002306318309752941,0.013300494674595697
0.0009097059245080724,0.0230378778034515,0.011428554740321908,0.0053412839782454626,0.011800573679528017,-0.0017762049235441784,0.007966757595977193,0.012458772880035102,0.011519057102062146,-0.00253296288379576,0.011753737497166317,-0.007468325780901968,0.008123236812700973,0.0024024000133104463,0.013285476607450209
0.011244409388192479,0.010334703463684406,0.0230378778034515,0.00897806601120496,0.008926237187745751,0.0059222323421898775,0.0061665624929198365,0.01203389968022004,0.011539212478007117,-0.0010429742473500756,0.012103808001472514,-0.008270536102938045,0.00863196213844055,0.006184587608237894,0.011001033726798153
-0.00816572002516502,0.0194101294133575,0.010334703463684406,0.006792932113960611,0.011378788523813676,0.012256399132076044,0.011824687134035207,0.0013294650958451768,0.009711870534673673,-0.0016493622419503635,0.012241939176978073,-0.00982767820419569,0.007762593538292662,0.006528953720294962,0.010410818845684108
0.006059781946084648,0.014225501971249669,0.0194101294133575,0.0077524649915362365,0.010956941367487594,0.012458772880035102,0.011519057102062146,0.003046157103037369,0.010049862286707976,-0.0003342117274376158,0.011990088108721172,-0.007356619830567847,0.0094044748717831,0.006688196375692615,0.01039106076950227
0.0023018820397347132,0.003757899906349935,0.014225501971249669,0.006049607166885744,0.010861521018830677,0.01203389968022004,0.011539212478007117,6.531465355144696e-05,0.00737176382138027,0.0013860699354270587,0.010282233904014771,-0.004201670413281901,0.007206004426648648,0.006973810284136017,0.010212227581791196
-0.0026889337217423587,0.0049908157614770715,0.003757899906349935,0.0016101875919354227,0.006747400227039565,0.0013294650958451768,0.009711870534673673,0.0018909100880256677,0.004388813042035295,0.001264122848855707,0.010322520519944223,-0.002272998485084602,0.009615386851050014,0.004801244182796015,0.01045080874138786
-0.017062754432985952,0.014373820711243594,0.0049908157614770715,-0.0013852224676469147,0.010217536394539133,0.003046157103037369,0.010049862286707976,-0.005816602038331199,0.010054054816545466,0.0006244713776355121,0.011189019479902146,0.002306318309752941,0.013300494674595697,-0.001057375554481917,0.009367537572244527
0.010384236444843327,0.02744699087782928,0.014373820711243594,-0.001528584624871773,0.010008791094819358,6.531465355144696e-05,0.00737176382138027,-0.0031224839032949945,0.013728630717659143,0.0013492644094382116,0.011486689537020195,0.0024024000133104463,0.013285476607450209,0.0002961288055659767,0.010333778094465377
-0.007637368961947279,0.018021605406790604,0.02744699087782928,-0.001440526114335483,0.009940811333549012,0.0018909100880256677,0.004388813042035295,-0.0047719623166966344,0.013946047593992207,0.001891659753320524,0.010802461895740365,0.006184587608237894,0.011001033726798153,-0.002401268101596846,0.009423956235942305
-0.014577336872587875,0.006939967910640596,0.018021605406790604,-0.00488004591744757,0.010386896041522839,-0.005816602038331199,0.010054054816545466,-0.003943489796563942,0.012884238164777658,0.0016058701773902831,0.011203180103760476,0.006528953720294962,0.010410818845684108,-0.0033172133655143964,0.010344247688716165
0.01598306544707081,0.030560402319658682,0.006939967910640596,-0.002599848682891554,0.01335613399859624,-0.0031224839032949945,0.013728630717659143,-0.002077213462488115,0.01602095641241416,0.002394297469445264,0.011827272689430025,0.006688196375692615,0.01039106076950227,-0.0018996014368020879,0.012332383640777109
-0.006152926190405292,0.0221359916374761,0.030560402319658682,-0.003177180761002043,0.013435387055102303,-0.0047719623166966344,0.013946047593992207,-0.0015823992053074526,0.015784544186512976,0.0019331895500855365,0.01203903910434159,0.006973810284136017,0.010212227581791196,-0.003107431183964945,0.012266162512843497
0.028992248231866802,0.035145174422272094,0.0221359916374761,0.0044986530164734155,0.01667993157691356,-0.003943489796563942,0.012884238164777658,0.012940795829510772,0.01776900038303868,0.003109848067530475,0.013825698812883107,0.004801244182796015,0.01045080874138786,0.0014184519522649343,0.017270308856930046
0.002993278787385772,0.02599896944448103,0.035145174422272094,0.00326682674023049,0.016429377775684838,-0.002077213462488115,0.01602095641241416,0.008610866942949094,0.0182335897125916,0.0016131120003466319,0.012463449999637631,-0.001057375554481917,0.009367537572244527,0.004283599555175181,0.015237251516615894
0.0009178941531510648,0.002075384634234707,0.02599896944448103,0.004692703926080215,0.015646338334404798,-0.0015823992053074526,0.015784544186512976,0.010967807057467879,0.015644077636026668,0.0016136968738211313,0.012463414643771552,0.0002961288055659767,0.010333778094465377,0.0029312649420762857,0.015024155787358003
-0.011975779100523169,0.012893673253674234,0.002075384634234707,0.005126296888090998,0.015029406862939907,0.012940795829510772,0.01776900038303868,-0.0026882020533287774,0.008109939636069029,-4.4888018229986464e-05,0.01262716162599917,-0.002401268101596846,0.009423956235942305,0.0023114920651368734,0.015610822385419103
-0.010476095798742983,0.0014996833017801858,0.012893673253674234,0.0007164366804553665,0.015088402068903883,0.008610866942949094,0.0182335897125916,-0.0071779935820383625,0.007051227635454874,-0.0002099148591998409,0.012755899536288135,-0.0033172133655143964,0.010344247688716165,0.0028973836471147146,0.01493359540969345
0.018248892365277995,0.028724988164020977,0.0014996833017801858,0.004783406439735914,0.016119905600938303,0.010967807057467879,0.015644077636026668,-0.0014009941779960522,0.01703381323644434,0.0006607358850282553,0.013604509028544338,-0.0018996014368020879,0.012332383640777109,0.0032210732068585985,0.015284926989243547
-0.0005724229675010187,0.018821315332779014,0.028724988164020977,-0.0001440387601587225,0.01091966458689115,-0.0026882020533287774,0.008109939636069029,0.002400124533011331,0.014591376399705683,0.00045542838451141724,0.01359952448399005,-0.003107431183964945,0.012266162512843497,0.0040182879529877796,0.014853977287042748
-0.014853885705323661,0.014281462737822643,0.018821315332779014,-0.0031185661756102947,0.012244552495991295,-0.0071779935820383625,0.007051227635454874,0.0009408612308177711,0.016603192488089075,-0.00041349675717296155,0.014191626763960945,0.0014184519522649343,0.017270308856930046,-0.002245445466610857,0.011413906719288758
-0.03383722584790754,0.01898334014258388,0.014281462737822643,-0.00891108617578673,0.01717945657753776,-0.0014009941779960522,0.01703381323644434,-0.016421178173577407,0.016687692528593017,-0.0016116732868102178,0.016262459412654875,0.004283599555175181,0.015237251516615894,-0.007506946128795616,0.016116638560316195
0.009137784657645118,0.04297501050555266,0.01898334014258388,-0.005392158882758682,0.018535052961212696,0.002400124533011331,0.014591376399705683,-0.013184442298528698,0.021536089778658955,-0.0017007055573243757,0.016195005500994494,0.0029312649420762857,0.015024155787358003,-0.006332676056725037,0.017102109951040532
-0.023262048170907573,0.03239983282855269,0.04297501050555266,-0.007523150944786112,0.019919742503201415,0.0009408612308177711,0.016603192488089075,-0.01598716312039,0.02239209338944828,-0.0028167540722501107,0.017146038484369693,0.0023114920651368734,0.015610822385419103,-0.007945000209637095,0.018218373933403836
-0.010622454637069829,0.012639593533837744,0.03239983282855269,-0.012335042111844082,0.015430245586825674,-0.016421178173577407,0.016687692528593017,-0.008248906050110761,0.016329806842107216,-0.002534262483998822,0.016969036726972163,0.0028973836471147146,0.01493359540969345,-0.00796590861511236,0.018221846548689028
0.0015147506329108462,0.012137205269980675,0.012639593533837744,-0.011987179845108773,0.015768283960830087,-0.013184442298528698,0.021536089778658955,-0.010789917391688853,0.012389248265002317,-0.0035677135421531047,0.016176615303952764,0.0032210732068585985,0.015284926989243547,-0.010356500291164809,0.015027068683258416
0.0053693133870588395,0.0038545627541479934,0.012137205269980675,-0.008616646663045022,0.01713511474480279,-0.01598716312039,0.02239209338944828,-0.001246130205700048,0.008345717967205856,-0.0027446964294770954,0.01632737578553082,0.0040182879529877796,0.014853977287042748,-0.009507680811941973,0.015818798650533972
-0.019372367547756602,0.024741680934815442,0.0038545627541479934,-0.0062058369463532,0.013511452053551575,-0.008248906050110761,0.016329806842107216,-0.004162767842595639,0.013312150686490916,-0.006199311842307339,0.014054143226541244,-0.002245445466610857,0.011413906719288758,-0.01015317821800382,0.016161785244839768
0.0018389978595235732,0.021211365407280174,0.024741680934815442,-0.0074223014127067916,0.012109588030291307,-0.010789917391688853,0.012389248265002317,-0.0040546854337247295,0.013382425824225146,-0.006281760480011782,0.013999345521254676,-0.007506946128795616,0.016116638560316195,-0.005056574831227946,0.01270348000986428
0.003196162354723179,0.0013571644951996058,0.021211365407280174,-0.0030125996584349987,0.009781533513344381,-0.001246130205700048,0.008345717967205856,-0.00477906911116995,0.012656371648747496,-0.006119027037042345,0.014102337556647155,-0.006332676056725037,0.017102109951040532,-0.005905378017359653,0.011760491684630909
0.02087024792692611,0.01767408557220293,0.0013571644951996058,0.002236184102230991,0.012849701316028675,-0.004162767842595639,0.013312150686490916,0.008635136047057622,0.010617624305909108,-0.003772882249367396,0.015695283227141348,-0.007945000209637095,0.018218373933403836,0.0003992357109023026,0.012697099760947777
0.0023805486501467486,0.01848969927677936,0.01767408557220293,0.0023804837717703083,0.012844839898262728,-0.0040546854337247295,0.013382425824225146,0.008815652977265347,0.010447547605972577,-0.00285455050301813,0.015648961326407137,-0.00796590861511236,0.018221846548689028,0.0022568076090760994,0.011730245687787908
0.01713925615198547,0.014758707501838723,0.01848969927677936,0.00434214089925808,0.01421794097362093,-0.00477906911116995,0.012656371648747496,0.01346335090968611,0.009777599621032083,-0.0029338102325390243,0.015536257672188126,-0.010356500291164809,0.015027068683258416,0.00448887982608676,0.012984950165338939
-0.005200903646486023,0.022340159798471496,0.014758707501838723,0.006704051549469843,0.010059515738323265,0.008635136047057622,0.010617624305909108,0.004772967051882065,0.011360608888260867,-0.0032644159953236673,0.01553138829864514,-0.009507680811941973,0.015818798650533972,0.0029788488212946366,0.013471011900992185
-0.001115435705243484,0.004085467941242539,0.022340159798471496,0.006211645955341999,0.010411437348931813,0.008815652977265347,0.010447547605972577,0.0036076389334186547,0.01189543023547659,-0.0022830981381750837,0.015172679936944128,-0.01015317821800382,0.016161785244839768,0.005586981941653653,0.009646923117532936
-0.024349303672493938,0.023233867967250455,0.004085467941242539,0.001620734950805814,0.01637320894665281,0.01346335090968611,0.009777599621032083,-0.010221881008074482,0.012404064472143577,-0.0016053894113598262,0.013805119500776588,-0.005056574831227946,0.01270348000986428,0.001845796008508294,0.014958482878737597
0.016542505394245212,0.04089180906673915,0.023233867967250455,0.000899444528692331,0.015423383417165249,0.004772967051882065,0.011360608888260867,-0.002974077994497403,0.020509166866482288,-0.0010764807873169624,0.014378325284264443,-0.005905378017359653,0.011760491684630909,0.0037524164427257278,0.01597529669698138
-0.004606571286349127,0.02114907668059434,0.04089180906673915,-0.00026507546072364823,0.015552425406134189,0.0036076389334186547,0.01189543023547659,-0.004137789854865951,0.02044993469941995,0.00025605327586578384,0.012958437032200181,0.0003992357109023026,0.012697099760947777,0.00011287084082926562,0.014232527903566883
-0.011210708518669652,0.006604137232320525,0.02114907668059434,-0.0049900695724995016,0.013359134613312321,-0.010221881008074482,0.012404064472143577,0.00024174186307547758,0.014497924883243307,0.0002140351414657965,0.012997319689481597,0.0022568076090760994,0.011730245687787908,-0.001828737326144506,0.014787840129086035
-0.014667738303156683,0.0034570297844870312,0.006604137232320525,-0.006567875348611279,0.013935626162708246,-0.002974077994497403,0.020509166866482288,-0.010161672702725154,0.005111959266501917,-0.0009418569253961699,0.0135792949231307,0.00448887982608676,0.012984950165338939,-0.006372593676879099,0.01273191560507821
0.014514132718984395,0.02918187102214108,0.0034570297844870312,-0.003962947277906632,0.016401319747569844,-0.004137789854865951,0.02044993469941995,-0.0037881047009473133,0.015944174003828766,-0.0002886555445443444,0.014115587659040824,0.0029788488212946366,0.013471011900992185,-0.003556159910383326,0.015010920678681126
0.011358238824062422,0.0031558938949219732,0.02918187102214108,0.0019883098048527614,0.013795991436961665,0.00024174186307547758,0.014497924883243307,0.003734877746630045,0.01601505930915969,0.001906387767728443,0.013284619988468567,0.005586981941653653,0.009646923117532936,-0.0017742064061967676,0.016053146548557815
-0.0069254634153075555,0.018283702239369978,0.0031558938949219732,-0.0019230183300726997,0.012062227951215296,-0.010161672702725154,0.005111959266501917,0.006315636042579754,0.011575186940574618,0.0012803548195262197,0.01349291802699738,0.001845796008508294,0.014958482878737597,0.0007149136305441445,0.01303681637355558
-0.019202556556426317,0.012277093141118762,0.018283702239369978,-0.004355682541752232,0.014023983525243857,-0.0037881047009473133,0.015944174003828766,-0.0049232603825571505,0.015378464367754398,-0.0003195536741273159,0.01453591922094745,0.0037524164427257278,0.01597529669698138,-0.00439152379098036,0.012802438065837952
-0.008020554468068252,0.011182002088358066,0.012277093141118762,-0.003823990199985332,0.013770288988949223,0.003734877746630045,0.01601505930915969,-0.011382858146600708,0.006794156939527597,-0.0023831824166269133,0.013293972462658258,0.00011287084082926562,0.014232527903566883,-0.004879235674083091,0.01287680796782367
0.0032385033293780576,0.01125905779744631,0.011182002088358066,-0.0008396165945628748,0.012860461276507112,0.006315636042579754,0.011575186940574618,-0.007994869231705504,0.01122055199168427,-0.002321899939538963,0.013319574344247662,-0.001828737326144506,0.014787840129086035,-0.0028150625529334192,0.012850794813741307
-0.013220580718208037,0.016459084047586094,0.01125905779744631,-0.005462068834094946,0.011102302352484373,-0.0049232603825571505,0.015378464367754398,-0.006000877285632744,0.008413363409618875,-0.004490459715981355,0.012343018314620757,-0.006372593676879099,0.01273191560507821,-0.0026083257550836123,0.01263821763008347
-0.0074629352265985095,0.005757645491609528,0.016459084047586094,-0.00859893117587177,0.0074611912202802826,-0.011382858146600708,0.006794156939527597,-0.005815004205142829,0.008352372082826694,-0.0046520334002751055,0.01236781402798989,-0.003556159910383326,0.015010920678681126,-0.005747906890166884,0.01016314526602911
-0.004198818321616155,0.0032641169049823547,0.005757645491609528,-0.008144490326923203,0.007663788514844561,-0.007994869231705504,0.01122055199168427,-0.0082941114221409,0.004567952450077285,-0.004872275015730295,0.012327378850737054,-0.0017742064061967676,0.016053146548557815,-0.007970343625263825,0.0070112054253253535
-0.030392520494047604,0.02619370217243145,0.0032641169049823547,-0.01000948431652675,0.011362157137577116,-0.006000877285632744,0.008413363409618875,-0.014018091347420755,0.014274279743677964,-0.005303933360126987,0.013140820663676956,0.0007149136305441445,0.01303681637355558,-0.011322780350798117,0.010938711273786296
-0.0016834351346439633,0.02870908535940364,0.02619370217243145,-0.008953297760956035,0.01186732612588872,-0.005815004205142829,0.008352372082826694,-0.012091591316769242,0.015898892876805747,-0.006605786255047641,0.011625465443142,-0.00439152379098036,0.012802438065837952,-0.008820048719114923,0.010839071837503529
-0.01179694873616444,0.010113513601520477,0.02870908535940364,-0.01145920643854645,0.010256081260705763,-0.0082941114221409,0.004567952450077285,-0.014624301454952004,0.014561879620801282,-0.007119384644320164,0.011689005844229982,-0.004879235674083091,0.01287680796782367,-0.009359533614557236,0.010886523050531734
0.0008185283050531926,0.012615477041217633,0.010113513601520477,-0.00911935493466958,0.011320131755867248,-0.014018091347420755,0.014274279743677964,-0.004220618521918403,0.006679486499714506,-0.006260153442625675,0.01180665648130894,-0.0028150625529334192,0.012850794813741307,-0.00970524433231793,0.010449434618474149
0.0011260583120662779,0.0003075300070130853,0.012615477041217633,-0.007687856011558782,0.012088478367411429,-0.012091591316769242,0.015898892876805747,-0.003284120706348323,0.007373928700172018,-0.005132025112966892,0.01169554154362601,-0.0026083257550836123,0.01263821763008347,-0.007655724470850173,0.011035547928588333
0.03019396065637553,0.02906790234430925,0.0003075300070130853,-0.001955726181893501,0.019780653790778424,-0.014624301454952004,0.014561879620801282,0.010712849091165001,0.01687183820863743,-0.00401203740315324,0.014203484226979814,-0.005747906890166884,0.01016314526602911,-0.0022761679161395964,0.018077075740493102
0.008317442307381403,0.021876518348994126,0.02906790234430925,0.004495934285011333,0.014166965132512456,-0.004220618521918403,0.006679486499714506,0.01321248709194107,0.015139578404193044,-0.004229237154344741,0.01397172075962333,-0.007970343625263825,0.0070112054253253535,-0.00048813068342565914,0.01846994160310366
-0.010679625072514645,0.018997067379896048,0.021876518348994126,0.00299656929536622,0.01537620843046361,-0.003284120706348323,0.007373928700172018,0.009277259297080764,0.020453690108988166,-0.004497391558430962,0.014063175935388845,-0.011322780350798117,0.010938711273786296,0.002327997233936194,0.014147511263710808
0.0031093702887284224,0.013788995361243069,0.018997067379896048,0.00548095579951503,0.013610807610044313,0.010712849091165001,0.01687183820863743,0.00024906250786506005,0.009816219369493952,-0.002903682498062766,0.013522375059592714,-0.008820048719114923,0.010839071837503529,0.003012683722989392,0.014036558426872094
0.0011164917358022551,0.0019928785529261675,0.013788995361243069,0.0055306163713065406,0.013590922988349125,0.01321248709194107,0.015139578404193044,-0.0021512543493279893,0.007452698949089434,-0.002251036340643444,0.01347683573423422,-0.009359533614557236,0.010886523050531734,0.004857460933270348,0.012533938890162782
-0.01388208016201091,0.014998571897813165,0.0019928785529261675,0.0030292599589603424,0.01577008490759722,0.009277259297080764,0.020453690108988166,-0.003218739379160078,0.009288327014058323,-0.0034739351614569416,0.013715055488040796,-0.00970524433231793,0.010449434618474149,0.002757374009404048,0.01441401293120638
-0.020240969579824044,0.006358889417813134,0.014998571897813165,-0.005376561747072919,0.01116345356464543,0.00024906250786506005,0.009816219369493952,-0.0110021860020109,0.010966112859245982,-0.003975391508715228,0.01421795083294188,-0.007655724470850173,0.011035547928588333,-0.0002950585465802833,0.016870209532723085
0.011393605540133968,0.031634575119958014,0.006358889417813134,-0.004863867874947493,0.011960343734260956,-0.0021512543493279893,0.007452698949089434,-0.007576481400566997,0.016733410219088904,-0.0026284957396629084,0.01474552592032084,-0.0022761679161395964,0.018077075740493102,-0.0029808235631862212,0.01200121562016914
0.011186500283294496,0.0002071052568394724,0.031634575119958014,-0.0012195136489793017,0.01310993890982286,-0.003218739379160078,0.009288327014058323,0.0007797120812014733,0.018204738840957965,-0.0015295444107407186,0.01518622208664885,-0.00048813068342565914,0.01846994160310366,-0.0025709581380557803,0.01249040554314095
-0.012993329524681053,0.024179829807975547,0.0002071052568394724,-0.0039032969512142143,0.013682250095251806,-0.0110021860020109,0.010966112859245982,0.00319559209958247,0.014020399804009265,-0.0002867450557859651,0.013228177134391424,0.002327997233936194,0.014147511263710808,-0.002901487345508124,0.012768267846244599
-0.0007715536546001068,0.012221775870080947,0.024179829807975547,-0.0042179711829479416,0.0135649198797927,-0.007576481400566997,0.016733410219088904,-0.0008594609653288882,0.012090154596080458,-0.00022161066435426104,0.01322301494551396,0.003012683722989392,0.014036558426872094,-0.0034559050516979146,0.012546091940246506
-0.02038088452173876,0.019609330867138654,0.012221775870080947,-0.005301105242902584,0.014702659253434598,0.0007797120812014733,0.018204738840957965,-0.01138192256700664,0.009903481132998656,-0.0008347489347524269,0.013978473413624426,0.004857460933270348,0.012533938890162782,-0.0065269588027752025,0.013807938885073997
-0.005618240984907709,0.014762643536831052,0.019609330867138654,-0.0028639838104165274,0.01282267217881025,0.00319559209958247,0.014020399804009265,-0.008923559720415525,0.010213976366807565,-0.001294518169749634,0.014025689037647488,0.002757374009404048,0.01441401293120638,-0.005346410348903316,0.013422165453852076
0.004762221964342416,0.010380462949250126,0.014762643536831052,-0.003969214406381785,0.011572861024264152,-0.0008594609653288882,0.012090154596080458,-0.007078967847434686,0.012635040291498293,-0.0010347921945870527,0.014107390025055245,-0.0002950585465802833,0.016870209532723085,-0.0017745258425938216,0.012055117812915074
-0.0061768571800097545,0.01093907914435217,0.010380462949250126,-0.006863107316932495,0.00888353379269005,-0.01138192256700664,0.009903481132998656,-0.002344292066858349,0.00616075638782265,-0.0036327077543288587,0.010897979372545285,-0.0029808235631862212,0.01200121562016914,-0.004284591945471496,0.010597428989346734
-0.019125266210994335,0.01294840903098458,0.01093907914435217,-0.007885096764651375,0.010010994007277042,-0.008923559720415525,0.010213976366807565,-0.006846633808887225,0.011957820594956094,-0.005592901219927125,0.011050157222610204,-0.0025709581380557803,0.01249040554314095,-0.008614844301798472,0.009340470426442846
0.0156931330375375,0.034818399248531834,0.01294840903098458,-0.005140982315961774,0.01386542062434394,-0.007078967847434686,0.012635040291498293,-0.0032029967844888637,0.017598668011999552,-0.0037091327834948293,0.012294207503865553,-0.002901487345508124,0.012768267846244599,-0.004516778221481536,0.012764625187183529
0.006109364659186787,0.009583768378350711,0.034818399248531834,-0.0007259407858075154,0.012154090529460261,-0.002344292066858349,0.00616075638782265,0.0008924104952433169,0.017985902524451085,-0.0034948474713192325,0.012447384801268904,-0.0034559050516979146,0.012546091940246506,-0.003533789890940552,0.013352517116470513
-0.010145690142987274,0.01625505480217406,0.009583768378350711,-0.001480515645487443,0.012649034432654414,-0.006846633808887225,0.011957820594956094,0.0038856025179123377,0.013062160402641297,-0.004299289034089914,0.012490290200639687,-0.0065269588027752025,0.013807938885073997,-0.0020716192654046243,0.011652362471122278
-0.01877143718438658,0.008625747041399307,0.01625505480217406,-0.00540279217027561,0.013911786631271638,-0.0032029967844888637,0.017598668011999552,-0.007602587556062356,0.012633847520470916,-0.004648528821402461,0.012842241504344258,-0.005346410348903316,0.013422165453852076,-0.003950647293901606,0.013268103830447867
0.0007930186704793166,0.019564455854865898,0.008625747041399307,-0.004241146195194097,0.014123607212583648,0.0008924104952433169,0.017985902524451085,-0.009374702885631513,0.009804988487372275,-0.003146101089237935,0.012085863809117497,-0.0017745258425938216,0.012055117812915074,-0.004517676335882049,0.012913772351398716
-0.02182895108946075,0.022621969759940068,0.019564455854865898,-0.004691760341605167,0.014723837388242879,0.0038856025179123377,0.013062160402641297,-0.013269123201122673,0.012273751396078008,-0.005519140848494701,0.012271582932310308,-0.004284591945471496,0.010597428989346734,-0.0067536897515179046,0.014505873285319904
-0.0026635762930546595,0.019165374796406093,0.022621969759940068,-0.007751211896703859,0.011102838616542168,-0.007602587556062356,0.012633847520470916,-0.007899836237345364,0.01218614757041979,-0.00650843203251964,0.01134448956132282,-0.008614844301798472,0.009340470426442846,-0.004402019763240809,0.013462805678935295
-0.0043660640834646165,0.001702487790409957,0.019165374796406093,-0.00949711668714576,0.00913695429294626,-0.009374702885631513,0.009804988487372275,-0.009619530488660008,0.01060787819144653,-0.005892198786718465,0.011198510208095263,-0.004516778221481536,0.012764625187183529,-0.007267619351955397,0.010215897090621606
-0.019025284103340253,0.014659220019875636,0.001702487790409957,-0.010977049013871256,0.00994629375586938,-0.013269123201122673,0.012273751396078008,-0.008684974826619842,0.008995338410687859,-0.00719603667591419,0.011611477145270886,-0.003533789890940552,0.013352517116470513,-0.010858283460887833,0.009085118034147945
0.004962461458530652,0.023987745561870905,0.014659220019875636,-0.007021399240051718,0.010900241407773133,-0.007899836237345364,0.01218614757041979,-0.006142962242758072,0.012092187956967907,-0.005385797677323519,0.011370862122637505,-0.0020716192654046243,0.011652362471122278,-0.008699976089242414,0.01089660775778023
-0.006516451880219884,0.011478913338750537,0.023987745561870905,-0.008239644331834916,0.010240717081069176,-0.009619530488660008,0.01060787819144653,-0.006859758175009829,0.011997557196958726,-0.005449955598417245,0.01137480783285847,-0.003950647293901606,0.013268103830447867,-0.0069492639029328845,0.009952343618689635
0.019126904413991005,0.02564335629421089,0.011478913338750537,-0.0014136684145929588,0.012720506911603147,-0.008684974826619842,0.008995338410687859,0.005857637997433923,0.012845093860490606,-0.004423906852013775,0.01291098490291889,-0.004517676335882049,0.012913772351398716,-0.004330137368145501,0.013942140611806025
0.004739499214346295,0.01438740519964471,0.02564335629421089,-0.00017982249669279966,0.012932296223882199,-0.006142962242758072,0.012092187956967907,0.005783317249372473,0.012853505264154434,-0.003644167109559771,0.013124841871824899,-0.0067536897515179046,0.014505873285319904,-0.0005346444676016368,0.011842783812761647
-0.004327418744382394,0.00906691795872869,0.01438740519964471,-0.00017338160684576254,0.012929803673775156,-0.006859758175009829,0.011997557196958726,0.006512994961318301,0.011827310940266539,-0.002587178004801775,0.012355504547015832,-0.004402019763240809,0.013462805678935295,-0.0007723362463627419,0.011909145469905362
0.00940264257109841,0.013730061315480803,0.00906691795872869,0.004564606172227348,0.009354292676233797,0.005857637997433923,0.012845093860490606,0.0032715743470207704,0.006981743943586022,-0.0030364987524045674,0.011738562294701747,-0.007267619351955397,0.010215897090621606,0.0011946218471462612,0.012345709916927166
0.0001002398597482858,0.009302402711350124,0.013730061315480803,0.0037542359057636202,0.009522037967722602,0.005783317249372473,0.012853505264154434,0.001725154562154767,0.007007774737695852,-0.00346572195236446,0.011485552923657641,-0.010858283460887833,0.009085118034147945,0.003926839556158909,0.008704379167400047
-0.035282091036490014,0.0353823308962383,0.009302402711350124,-0.0010400372869480677,0.01862140433029151,0.006512994961318301,0.011827310940266539,-0.008593069535214439,0.023576716810715947,-0.005261179159043228,0.014243651951883658,-0.008699976089242414,0.01089660775778023,-0.0018223822288440422,0.01712449594246805
-0.005302172326754453,0.02997991870973556,0.0353823308962383,-0.0051115500770723115,0.015784678997614085,0.0032715743470207704,0.006981743943586022,-0.013494674501165392,0.01906082773179121,-0.004299088812069504,0.013705633403462167,-0.0069492639029328845,0.009952343618689635,-0.0016489137212061244,0.017075099695527313
0.020976359074203175,0.02627853140095763,0.02997991870973556,-0.002405406767096165,0.018896438909736763,0.001725154562154767,0.007007774737695852,-0.006535968096347097,0.028149511385015855,-0.0028574216403749425,0.015256267511152322,-0.004330137368145501,0.013942140611806025,-0.0013847059126043855,0.01746011591785786
0.01063975031559905,0.010336608758604125,0.02627853140095763,8.912140956740908e-05,0.019567948209627997,-0.008593069535214439,0.023576716810715947,0.008771312354349256,0.01323852705020685,-0.0005382286828706712,0.014604402961930092,-0.0005346444676016368,0.011842783812761647,-0.0005418128981397056,0.01794083919395624
0.0023090532321635242,0.008330697083435526,0.010336608758604125,-0.0010931434802550716,0.019101428768162163,-0.013494674501165392,0.01906082773179121,0.011308387540655248,0.00935159791982686,-0.00018304085964080094,0.014609204976922011,-0.0007723362463627419,0.011909145469905362,0.0004062545270811396,0.017882706120117033
0.0025625720349711674,0.00025351880280764317,0.008330697083435526,-0.0006827547843845915,0.019158561969875212,-0.006535968096347097,0.028149511385015855,0.005170458527577914,0.0047382414926564085,0.0003118617202474694,0.014573915100765812,0.0011946218471462612,0.012345709916927166,-0.0005708984066513228,0.017491797989514064
-0.015379958984628248,0.017942531019599417,0.00025351880280764317,0.0026342672242590363,0.012554922667624754,0.008771312354349256,0.01323852705020685,-0.003502777905831185,0.010286721573453103,0.0005722420858697555,0.014230373461449753,0.003926839556158909,0.008704379167400047,-0.0027823553844193993,0.018350304431233744
0.03730166446615309,0.05268162345078133,0.017942531019599417,0.009734906689743627,0.018024745711481185,0.011308387540655248,0.00935159791982686,0.008161425838832002,0.02678336676540561,0.0028821851578427864,0.017292996802594173,-0.0018223822288440422,0.01712449594246805,0.007586752544529614,0.01740818328423449
-0.013502954214221576,0.05080461868037466,0.05268162345078133,0.003988354475006169,0.019183055248617395,0.005170458527577914,0.0047382414926564085,0.002806250422434422,0.02988864298128504,0.0023831492768426653,0.01768152555659392,-0.0016489137212061244,0.017075099695527313,0.006415212274891454,0.01865168836036848
-0.004071666862943304,0.00943128735127827,0.05080461868037466,0.0015364516119157762,0.019102879127489113,-0.003502777905831185,0.010286721573453103,0.006575681129662735,0.027024097288740424,0.0007261084713473578,0.017068060216450357,-0.0013847059126043855,0.01746011591785786,0.0028369228552990997,0.017774660915198505
0.002487830223473139,0.0065594970864164435,0.00943128735127827,0.0015662477771340455,0.019104464587773432,0.008161425838832002,0.02678336676540561,-0.005028930284563914,0.008038256134074384,0.0005652749719992753,0.017037914843199716,-0.0005418128981397056,0.01794083919395624,0.0016723628421382556,0.017442170034250918
-0.005929507995317001,0.00841733821879014,0.0065594970864164435,0.00015090110541935063,0.019329134958885878,0.002806250422434422,0.02988864298128504,-0.002504448211595722,0.004422106556633964,0.0004508400255039462,0.01707863592924063,0.0004062545270811396,0.017882706120117033,0.0004954255239267517,0.01766853402918087
-0.03801965632020208,0.032090148324885076,0.00841733821879014,-0.0036223817838429546,0.024488508112033913,0.006575681129662735,0.027024097288740424,-0.013820444697348647,0.021375553280514395,-0.0029364670381603745,0.019672409222262578,-0.0005708984066513228,0.017491797989514064,-0.005302035669669426,0.022792276137487813
0.0003282234933051208,0.0383478798135072,0.032090148324885076,-0.009784621945984283,0.014909229661215393,-0.005028930284563914,0.008038256134074384,-0.014540313607404654,0.02057302728124056,-0.0029201824929063146,0.01967521049203939,-0.0027823553844193993,0.018350304431233744,-0.0030580096013932303,0.02240466029683454
-0.046977924201503415,0.04730614769480854,0.0383478798135072,-0.015363783610531256,0.02142045337518705,-0.002504448211595722,0.004422106556633964,-0.02822311900946679,0.025128609390319058,-0.0037555991475501293,0.021333435997262666,0.007586752544529614,0.01740818328423449,-0.015097950839629873,0.019566753821215834
-0.006092440170602074,0.040885484030901344,0.04730614769480854,-0.015700579161807716,0.021222367610955264,-0.013820444697348647,0.021375553280514395,-0.01758071362626679,0.025660343385754947,-0.003812046850682102,0.021338887789855678,0.006415212274891454,0.01865168836036848,-0.01403930597625566,0.01986562037016067
0.0054121174993928085,0.011504557669994883,0.040885484030901344,-0.015213197949154439,0.021750617999198214,-0.014540313607404654,0.02057302728124056,-0.015886082290904227,0.027533900683354488,-0.004923778391739985,0.02032967251390405,0.0028369228552990997,0.017774660915198505,-0.012684479638779072,0.020952376162187383
0.020839409388197543,0.015427291888804734,0.011504557669994883,-0.01075171171856868,0.026304453452156314,-0.02822311900946679,0.025128609390319058,0.0067196955723294255,0.013513454424279245,-0.004195231315125807,0.02109854184854775,0.0016723628421382556,0.017442170034250918,-0.010062825472389871,0.024081642579672644
-0.0018403642980070606,0.022679773686204604,0.015427291888804734,-0.004721829714869512,0.02270390189048694,-0.01758071362626679,0.025660343385754947,0.008137054196527764,0.011582831847907888,-0.004491618281566564,0.021029173753248153,0.0004954255239267517,0.01766853402918087,-0.009478662087059877,0.02424764209286905
0.008795413729750104,0.010635778027757165,0.022679773686204604,-0.003310631342128681,0.023334951266787085,-0.015886082290904227,0.027533900683354488,0.009264819606646863,0.011347171014059566,-0.004046415303368067,0.02125477081764609,-0.005302035669669426,0.022792276137487813,-0.0027907949370667103,0.021346152691659327
-0.005056891146345152,0.013852304876095256,0.010635778027757165,0.0036762075003976963,0.010255936901965128,0.0067196955723294255,0.013513454424279245,0.0006327194284659639,0.007249737576883895,-0.0033090533149192753,0.021008988339910897,-0.0030580096013932303,0.02240466029683454,-0.0035600970284453207,0.02131202142969987
0.009528012843554977,0.014584903989900129,0.013852304876095256,0.006279616336090538,0.009209472642284612,0.008137054196527764,0.011582831847907888,0.00442217847565331,0.008217283373439636,-0.005292885573676283,0.017970853082562084,-0.015097950839629873,0.019566753821215834,0.004512179692277307,0.00962005620150324
0.012965743509122173,0.003437730665567197,0.014584903989900129,0.007538554004378767,0.009576159248586184,0.009264819606646863,0.011347171014059566,0.005812288402110666,0.009568636061355502,-0.0034022643077231585,0.018427196274065877,-0.01403930597625566,0.01986562037016067,0.007234777360809343,0.008778666377805782
-0.010205013679837097,0.023170757188959272,0.003437730665567197,0.0023644834930396587,0.009336054156405146,0.0006327194284659639,0.007249737576883895,0.00409624755761335,0.012503961483009985,-0.003840360508929858,0.018517024632433658,-0.012684479638779072,0.020952376162187383,0.0050037586209193555,0.011017955122463492
-0.015421104651167172,0.005216090971330075,0.023170757188959272,0.00010102676751297304,0.011863528300266641,0.00442217847565331,0.008217283373439636,-0.0042201249406273655,0.015110177266808298,-0.005119570142832737,0.018664241769951698,-0.010062825472389871,0.024081642579672644,-0.00017631481327560393,0.010854700129885219
0.019220696092668996,0.03464180074383617,0.005216090971330075,0.0018385738279994553,0.013968331971899143,0.005812288402110666,0.009568636061355502,-0.0021351407461117577,0.01867767990326332,-0.00332312699369088,0.019758567022687735,-0.009478662087059877,0.02424764209286905,0.0028324080996781184,0.013019569667027855
-0.004978587315548752,0.024199283408217746,0.03464180074383617,0.0018516244664655223,0.013960635496392012,0.00409624755761335,0.012503961483009985,-0.00039299862468230906,0.017770320971363,-0.0009630506362156428,0.017088287883042917,-0.0027907949370667103,0.021346152691659327,0.0008646936646354245,0.013009010200849564
0.01994525951923484,0.02492384683478359,0.024199283408217746,0.0035878322457454995,0.015651599940616278,-0.0042201249406273655,0.015110177266808298,0.01139578943211836,0.014185253203439312,0.000438166222779337,0.01798316926619201,-0.0035600970284453207,0.02131202142969987,0.0044364294740039945,0.014463216725250744
-0.013275076024038088,0.03322033554327293,0.02492384683478359,-0.0007856376764478779,0.016164850288170846,-0.0021351407461117577,0.01867767990326332,0.0005638653932159999,0.01728978773506433,0.0028455125211697173,0.012596580287234168,0.004512179692277307,0.00962005620150324,0.0011788453500621288,0.015645010140486845
0.002318471898214373,0.015593547922252461,0.03322033554327293,0.0013016099198940338,0.015500213940346503,-0.00039299862468230906,0.017770320971363,0.002996218464470375,0.016620534850237657,0.0034462919546566066,0.012335369797817035,0.007234777360809343,0.008778666377805782,-0.00034219345149612854,0.014802989118090852
0.009116540688364415,0.006798068790150042,0.015593547922252461,0.005391217476482631,0.013284259719471933,0.01139578943211836,0.014185253203439312,-0.0006133544791530997,0.011480105799994028,0.003710893611011721,0.012420221039634064,0.0050037586209193555,0.011017955122463492,0.002418028601104088,0.014454708397821248
-0.02738143968924528,0.03649798037760969,0.006798068790150042,-0.0023758051538364145,0.01675225666672628,0.0005638653932159999,0.01728978773506433,-0.0053154757008888305,0.019409624155827587,0.00026654724833723387,0.013902579754944744,-0.00017631481327560393,0.010854700129885219,0.0007094093099500717,0.017334789419049708
-0.025298824525047017,0.002082615164198262,0.03649798037760969,-0.005762511355419459,0.019251297025789708,0.002996218464470375,0.016620534850237657,-0.014521241175309294,0.020497386908006187,-0.0014090570535941916,0.015498149941023756,0.0028324080996781184,0.013019569667027855,-0.005650522206866501,0.017576446985433054
0.0011969912358975431,0.02649581576094456,0.002082615164198262,-0.008887222735975675,0.01537546390571717,-0.0006133544791530997,0.011480105799994028,-0.01716109099279825,0.015932630316969145,-0.0019518015174408033,0.015244269371457994,0.0008646936646354245,0.013009010200849564,-0.00476829669951703,0.017769719669146773
0.012810777936990345,0.011613786701092803,0.02649581576094456,-0.004539580409137603,0.01743652755277751,-0.0053154757008888305,0.019409624155827587,-0.0037636851173863763,0.019533091981689784,-0.0006755394400596961,0.015705288366532042,0.0044364294740039945,0.014463216725250744,-0.005787508354123386,0.016256127460338658
0.0009413072519870503,0.011869470685003295,0.011613786701092803,-0.00476910785017549,0.0173369756100665,-0.014521241175309294,0.020497386908006187,0.0049830254749583126,0.006780237829902686,-0.0012888755537431194,0.01544161274003388,0.0011788453500621288,0.015645010140486845,-0.003756596457548367,0.016051537558588135
-0.011019245709398199,0.011960552961385248,0.011869470685003295,-0.008125072249802592,0.016009569776444653,-0.01716109099279825,0.015932630316969145,0.0009109464931930655,0.011915040834114468,-0.0030020890693517174,0.015064371577204328,-0.00034219345149612854,0.014802989118090852,-0.005661984687207306,0.01600175634348065
0.014906243033348797,0.025925488742746996,0.011960552961385248,-0.001077125129370247,0.015120344355661215,-0.0037636851173863763,0.019533091981689784,0.0016094348586458828,0.012975651718185875,-0.0012084278755527251,0.015625285061452287,0.002418028601104088,0.014454708397821248,-0.004834884352209537,0.017010760079999857
-0.00017670355719512118,0.01508294659054392,0.025925488742746996,0.003109895031938403,0.00950849386154041,0.0049830254749583126,0.006780237829902686,0.0012367645889184925,0.013020413234134842,-0.00011954208312615002,0.015080320325222373,0.0007094093099500717,0.017334789419049708,-0.0009484934762023717,0.013807117750524815
0.0035664333240921953,0.0037431368812873163,0.01508294659054392,0.0035048020466375116,0.009462249146503194,0.0009109464931930655,0.011915040834114468,0.006098657600081957,0.007853848693553626,-0.0012377037094530644,0.014083395571045217,-0.005650522206866501,0.017576446985433054,0.0031751147879603733,0.0086817426195334
0.013414955886398476,0.009848522562306282,0.0037431368812873163,0.0036054983715388665,0.009583526677683023,0.0016094348586458828,0.012975651718185875,0.0056015618844318495,0.007020656151706147,7.612080497173754e-05,0.014557542944754061,-0.00476829669951703,0.017769719669146773,0.004920538309460506,0.00941498609946868
-0.0021779416481437566,0.015592897534542233,0.009848522562306282,0.0030856235548503987,0.009838176285256508,0.0012367645889184925,0.013020413234134842,0.004934482520782306,0.007885954750954806,-0.0015041078498410194,0.013388643705433866,-0.005787508354123386,0.016256127460338658,0.002779292654441349,0.009017481033727666
0.0010895637526824355,0.003267505400826192,0.015592897534542233,0.0051037584651971715,0.007273902250828521,0.006098657600081957,0.007853848693553626,0.004108859330312385,0.008223242834764466,-0.00047806215150383906,0.012960762701015382,-0.003756596457548367,0.016051537558588135,0.0028004721545406897,0.009012617438763856
0.026646754014470826,0.02555719026178839,0.003267505400826192,0.007060510295384177,0.011041620867885054,0.0056015618844318495,0.007020656151706147,0.008519458706336502,0.01578348105702093,0.0012596722853716218,0.014856795293269928,-0.005661984687207306,0.01600175634348065,0.00818132925795055,0.01050673461101822
-0.011762053059956415,0.03840880707442724,0.02555719026178839,0.0051296187115906266,0.013335130520682801,0.004934482520782306,0.007885954750954806,0.005324754902398948,0.019551515242459364,-0.00023165583950843747,0.01505404335877409,-0.004834884352209537,0.017010760079999857,0.004371572673192663,0.012337362964211123
-0.012678945457952602,0.0009168923979961871,0.03840880707442724,0.0024220555812498284,0.015230525602319805,0.004108859330312385,0.008223242834764466,0.0007352518321872697,0.02244470164480339,0.000818522319869611,0.013440750025575108,-0.0009484934762023717,0.013807117750524815,0.002585538115941594,0.013910230439373674
0.012649142751864623,0.025328088209817225,0.0009168923979961871,0.002294420058827519,0.015122805695581146,0.008519458706336502,0.01578348105702093,-0.003930618588681464,0.014365811411106431,0.0035290914110775854,0.011447156458007236,0.0031751147879603733,0.0086817426195334,0.0038830680341947975,0.014430846365201701
0.03379301264691463,0.02114386989505001,0.025328088209817225,0.008289579108003917,0.019493609127990075,0.005324754902398948,0.019551515242459364,0.011254403313608885,0.02326735258039907,0.005857378654721662,0.01397266402428,0.004920538309460506,0.00941498609946868,0.006794218999982821,0.018229647381788325
-0.02095609397159297,0.0547491066185076,0.02114386989505001,0.004615302820624683,0.02290183974933062,0.0007352518321872697,0.02244470164480339,0.008495353809062094,0.027609901137403404,0.0034454592326799973,0.015509870300717132,0.002779292654441349,0.009017481033727666,0.004111625810918647,0.02094885168604942
0.003502553392943707,0.02445864736453668,0.0547491066185076,0.0007579360503701624,0.020243759624637404,-0.003930618588681464,0.014365811411106431,0.005446490689421789,0.027426270946679154,0.003628405385605473,0.01549315707549731,0.0028004721545406897,0.009012617438763856,0.004456338616670256,0.020910653757841305
0.008713984289938095,0.005211430896994388,0.02445864736453668,0.0041706089420192475,0.019420193497366362,0.011254403313608885,0.02326735258039907,-0.0029131854295703897,0.01584139086350629,0.005037921814129494,0.014946026043677564,0.00818132925795055,0.01050673461101822,0.0018945143703084386,0.018723003010331776
0.033975424405112406,0.02526144011517431,0.005211430896994388,0.011946337252530081,0.02062700857678544,0.008495353809062094,0.027609901137403404,0.01539732069599807,0.01629874860437122,0.006400006197826894,0.01668257839977156,0.004371572673192663,0.012337362964211123,0.008428439722461127,0.02100453419891622
0.010515197060076965,0.02346022734503544,0.02526144011517431,0.01159067963723214,0.02063086370842745,0.005446490689421789,0.027426270946679154,0.017734868585042488,0.014093538656754485,0.007163713384774901,0.016602885963512535,0.002585538115941594,0.013910230439373674,0.011741888653608206,0.018837564340864033
0.015304855278838193,0.004789658218761228,0.02346022734503544,0.008509320075886066,0.01784402160906904,-0.0029131854295703897,0.01584139086350629,0.01993182558134252,0.0123956527623752,0.008002172095828186,0.016703342078040577,0.0038830680341947975,0.014430846365201701,0.012121276157461575,0.018885563528809917
-0.010285502246908424,0.025590357525746617,0.004789658218761228,0.010287752030000158,0.014547187603026016,0.01539732069599807,0.01629874860437122,0.0051781833640022435,0.01360438848195504,0.006309282229163407,0.017302822834577,0.006794218999982821,0.018229647381788325,0.005824345458343996,0.01777089034156757
0.001161119228096187,0.011446621475004611,0.025590357525746617,0.00989751300252557,0.014794905356596642,0.017734868585042488,0.014093538656754485,0.002060157420008652,0.012818845573091675,0.006547786577466261,0.017199539455340664,0.004111625810918647,0.02094885168604942,0.008983947344013875,0.013720419183796614
-0.006416808219642004,0.007577927447738191,0.011446621475004611,0.007375714250928887,0.016254511039206818,0.01993182558134252,0.0123956527623752,-0.0051803970794847476,0.0058226128309065775,0.006011617150871658,0.017497203912620465,0.004456338616670256,0.020910653757841305,0.00756689568507306,0.01484688946059334
-0.026336866461814108,0.019920058242172106,0.007577927447738191,-0.0026763342268921984,0.015124662588251871,0.0051781833640022435,0.01360438848195504,-0.010530851817786643,0.01420312713088931,0.00222707283113702,0.018397480054503076,0.0018945143703084386,0.018723003010331776,0.002559631291965602,0.01955854953065445
0.02153551369807821,0.047872380159892314,0.019920058242172106,-0.0008396147872253243,0.017525598103852746,0.002060157420008652,0.012818845573091675,-0.0037393869944593004,0.024048235566380062,0.004605470456710921,0.01860107509801622,0.008428439722461127,0.02100453419891622,0.0007825011909607169,0.016564248020207402
-0.007185726827586071,0.028721240525664278,0.047872380159892314,-0.004588045138296036,0.015691129903373163,-0.0051803970794847476,0.0058226128309065775,-0.003995693197107323,0.024095091439253803,0.004997843216022817,0.018263300407271466,0.011741888653608206,0.018837564340864033,-0.001746202221562574,0.01617741623933893
-0.02438519917635461,0.017199472348768542,0.028721240525664278,-0.0069379946265370656,0.017648742182609464,-0.010530851817786643,0.01420312713088931,-0.003345137435287491,0.023200012131121876,0.0023525330782928713,0.019695722531436474,0.012121276157461575,0.018885563528809917,-0.007416210000875832,0.01616062849850299
-0.0016089875870551646,0.022776211589299447,0.017199472348768542,-0.007399679095728959,0.01742936750799105,-0.0037393869944593004,0.024048235566380062,-0.011059971196998615,0.011872079879514719,-0.0001761812241335428,0.01749867613588187,0.005824345458343996,0.01777089034156757,-0.0061767079066110805,0.016236440069990678
-0.03627858915286659,0.03466960156581142,0.022776211589299447,-0.012376642584599723,0.020991992169181756,-0.003995693197107323,0.024095091439253803,-0.02075759197209212,0.017617178227637403,-0.0012706451656530869,0.01928621833689872,0.008983947344013875,0.013720419183796614,-0.011525237675320047,0.019294921912150247
0.0030130300733160332,0.03929161922618262,0.03466960156581142,-0.007484993162078033,0.02050221181011284,-0.003345137435287491,0.023200012131121876,-0.011624848888868574,0.021475473069683552,-0.0013056111170550635,0.01927734055035248,0.00756689568507306,0.01484688946059334,-0.010178117919183187,0.020026341510377556
0.006525684931969142,0.0035126548586531087,0.03929161922618262,-0.009986631289762876,0.016841992565233912,-0.011059971196998615,0.011872079879514719,-0.008913291382527137,0.023764034328865834,-0.001461918214052846,0.019198559685545825,0.002559631291965602,0.01955854953065445,-0.005483467720071292,0.01945062045935667
0.014417450233225384,0.00789176530125624,0.0035126548586531087,-0.006386101779627634,0.019637692433131026,-0.02075759197209212,0.017617178227637403,0.007985388412836853,0.005840654970547369,-0.0028589163691876336,0.01700820539199798,0.0007825011909607169,0.016564248020207402,-0.006500333929335982,0.01792922603748971
0.0033426296285354847,0.011074820604689898,0.00789176530125624,-0.0017647969788126185,0.01772420254812248,-0.011624848888868574,0.021475473069683552,0.008095254931243337,0.005701804569036208,-0.003371242614297739,0.016679202219291173,-0.001746202221562574,0.01617741623933893,-0.004996283007032902,0.018299917403087018
0.006695351354034105,0.0033527217254986207,0.011074820604689898,-0.00038074048863107377,0.018059861233539334,-0.008913291382527137,0.023764034328865834,0.008151810405264992,0.005679248857238981,-0.003986207180355175,0.016085804464472754,-0.007416210000875832,0.01616062849850299,-0.0005562043598345151,0.016492857124715085
-0.013582551765869057,0.020277903119903164,0.0033527217254986207,0.0034019324092018476,0.00927980102848049,0.007985388412836853,0.005840654970547369,-0.0011815235944331558,0.010869650892449019,-0.00422171071742379,0.0162087882448074,-0.0061767079066110805,0.016236440069990678,-0.0022667135282364993,0.017224897192390173
-0.006587808820687387,0.006994742945181671,0.020277903119903164,0.001801792593534611,0.010147458163265597,0.008095254931243337,0.005701804569036208,-0.004491669744174112,0.010300179027866898,-0.004775205578051189,0.01614300797179479,-0.011525237675320047,0.019294921912150247,0.001974826519217672,0.00927462530179789
0.005457350938312573,0.01204515975899996,0.006994742945181671,0.0016237369279251828,0.010056960385153654,0.008151810405264992,0.005679248857238981,-0.004904336549414624,0.00963094143437099,-0.003927051352483005,0.016360591531221987,-0.010178117919183187,0.020026341510377556,0.002324015214217178,0.009365794390843554
0.02218310286241282,0.016725751924100248,0.01204515975899996,0.002918012366123089,0.012285518263167984,-0.0011815235944331558,0.010869650892449019,0.007017548326679336,0.014448771632467166,-0.00046133925789536685,0.016387332146989092,-0.005483467720071292,0.01945062045935667,0.00456078920428056,0.012027855558747882
0.005930442323313175,0.016252660539099646,0.016725751924100248,0.0033493144819193715,0.012348668756672242,-0.004491669744174112,0.010300179027866898,0.011190298708012856,0.009522985941782403,-0.0015759872132357264,0.015268569235672897,-0.006500333929335982,0.01792922603748971,0.003348359502864531,0.01127274100513742
-0.027445392895575883,0.03337583521888906,0.016252660539099646,-0.0023408095596822933,0.01735108682690048,-0.004904336549414624,0.00963094143437099,0.000222717430050038,0.025301788284488064,-0.003023106218092142,0.016731174285370194,-0.004996283007032902,0.018299917403087018,-0.0010499294291513787,0.016203336456071728
0.026888226145445067,0.05433361904102095,0.03337583521888906,0.004404320092203394,0.019800404979039996,0.007017548326679336,0.014448771632467166,0.0017910918577274532,0.027402302936640328,0.0006392813048935497,0.01729758574444127,-0.0005562043598345151,0.016492857124715085,0.0018347669696216157,0.019311436694181568
-0.0021172052226981646,0.029005431368143233,0.05433361904102095,0.005149420691868264,0.019383769146600595,0.011190298708012856,0.009522985941782403,-0.000891457324276327,0.02718754095089445,0.0006029800452047639,0.01730319934767021,-0.0022667135282364993,0.017224897192390173,0.003472673618646029,0.018242508613314043
-0.004183190845524641,0.002065985622826476,0.029005431368143233,0.003542663727895395,0.019749254877422986,0.000222717430050038,0.025301788284488064,0.006862610025740754,0.01737342942192912,0.002895508495729189,0.013815506536498531,0.001974826519217672,0.00927462530179789,0.0038161904722407063,0.01804303951676709
-0.017129393769118977,0.012946202923594337,0.002065985622826476,-0.003009419044026571,0.01882792924991274,0.0017910918577274532,0.027402302936640328,-0.007809929945780594,0.008136730216390125,0.0014567639355552596,0.014814987130615504,0.002324015214217178,0.009365794390843554,0.0005895126568933427,0.019648798069643796
0.03965274032370888,0.056782134092827855,0.012946202923594337,0.002610963956039379,0.025780074047391018,-0.000891457324276327,0.02718754095089445,0.006113385236355087,0.029758482778720827,0.0038229821778223835,0.017991756183233377,0.00456078920428056,0.012027855558747882,0.003085175151364208,0.02356730041205124
-0.008252228999803565,0.047904969323512445,0.056782134092827855,0.005809824605334766,0.02225438926022187,0.006862610025740754,0.01737342942192912,0.004757039184928779,0.03054477831087808,0.0022037193754631734,0.017985042033961625,0.003348359502864531,0.01127274100513742,0.0010590792480618164,0.023889368721995416
0.013797691701780208,0.02204992070158377,0.047904969323512445,0.003628068864723956,0.020333400440268788,-0.007809929945780594,0.008136730216390125,0.015066067675228506,0.02397765844863052,0.002950509523552082,0.018251065134162314,-0.0010499294291513787,0.016203336456071728,0.006950948476255543,0.020538500763429543
0.012926888143624402,0.0008708035581558062,0.02204992070158377,0.00613541775911105,0.020410658696350573,0.006113385236355087,0.029758482778720827,0.006157450281867015,0.012486741667051457,0.0033956192942371033,0.018424583270588275,0.0018347669696216157,0.019311436694181568,0.004956471618852591,0.018891582473697262
0.024420555418976975,0.011493667275352573,0.0008708035581558062,0.010902708803194652,0.020854184876926463,0.004757039184928779,0.03054477831087808,0.017048378421460526,0.006399321836824365,0.006110126950297535,0.018529972423344403,0.003472673618646029,0.018242508613314043,0.00874758028194904,0.019872751235526717
-0.004049189621918222,0.028469745040895195,0.011493667275352573,0.013082742827728111,0.017797361243771962,0.015066067675228506,0.02397765844863052,0.011099417980227719,0.014322581159552665,0.00629145689306676,0.018408175915201722,0.0038161904722407063,0.01804303951676709,0.008766723313892815,0.019858278554322897
0.006175189507702202,0.010224379129620424,0.028469745040895195,0.007503151025060332,0.012154742235298732,0.006157450281867015,0.012486741667051457,0.008848851768253651,0.014421960618654351,0.006342731076594591,0.018406673550644112,0.0005895126568933427,0.019648798069643796,0.012095949496295838,0.016455132439064275
-0.029677832941960792,0.03585302244966299,0.010224379129620424,0.003932217034700795,0.018954540066589566,0.017048378421460526,0.006399321836824365,-0.009183944352058937,0.018469815491716113,0.002638378519139333,0.02011299937339168,0.003085175151364208,0.02356730041205124,0.002191581886914459,0.017905422809042768
0.025610268138678803,0.0552881010806396,0.03585302244966299,0.005900979774183894,0.020715825325549452,0.011099417980227719,0.014322581159552665,0.0007025415681400707,0.028047387344965848,0.00404408036309402,0.021027695529187748,0.0010590792480618164,0.023889368721995416,0.007029081478126226,0.01914495956154762
-0.008920157837480108,0.03453042597615891,0.0552881010806396,0.002259805443999809,0.02114937787862678,0.008848851768253651,0.014421960618654351,-0.004329240880254032,0.027928496543080595,0.00536731143867229,0.019414711134736435,0.006950948476255543,0.020538500763429543,0.003783674401089038,0.01972313506349295
-0.000810546686567867,0.00810961115091224,0.03453042597615891,-0.0019453782402576649,0.01815878700302913,-0.009183944352058937,0.018469815491716113,0.005293187871543609,0.018056280380816553,0.003388827664957081,0.018439751580146733,0.004956471618852591,0.018891582473697262,0.0018211837110615702,0.019341497969815154
-0.03339532335355312,0.032584776666985255,0.00810961115091224,-0.006836400528863481,0.022315233174855058,0.0007025415681400707,0.028047387344965848,-0.014375342625867033,0.016963525530263833,0.0011546763698960124,0.020890179912785876,0.00874758028194904,0.019872751235526717,-0.006438227542157014,0.020398149061410593
-0.032101716366833996,0.0012936069867191258,0.032584776666985255,-0.013215884841286182,0.023301055541750996,-0.004329240880254032,0.027928496543080595,-0.02210252880231833,0.018450737968225016,-0.000839504024483227,0.0226936373215505,0.008766723313892815,0.019858278554322897,-0.010445731362859268,0.022498123844551035
0.013857602002727969,0.04595931836956196,0.0012936069867191258,-0.005959979017171387,0.023919803032015075,0.005293187871543609,0.018056280380816553,-0.017213145905886382,0.026915829663220852,0.0013738528163629836,0.02249286111034534,0.012095949496295838,0.016455132439064275,-0.009348243863569874,0.023604233764179746
0.012442982387424927,0.0014146196153030418,0.04595931836956196,-0.008154526642380366,0.020851269183211465,-0.014375342625867033,0.016963525530263833,-0.0019337106588937006,0.026135831983308638,-0.0005697013219430131,0.01996428190371352,0.002191581886914459,0.017905422809042768,-0.0033309845308004847,0.022916779114313713
0.00026924957472415216,0.012173732812700774,0.0014146196153030418,-0.006622958740346323,0.021119548981696653,-0.02210252880231833,0.018450737968225016,0.008856611321625683,0.0074704332868389105,3.897571909468095e-05,0.019841562736655324,0.007029081478126226,0.01914495956154762,-0.006951130039936864,0.01929896368042496
-0.036197629152472134,0.036466878727196284,0.012173732812700774,-0.012520805817997036,0.023926329184169745,-0.017213145905886382,0.026915829663220852,-0.007828465730107684,0.0253112034011102,-0.0035321186276376293,0.021596278549225065,0.003783674401089038,0.01972313506349295,-0.010847911656364296,0.02228559432286288
-0.008690895382951811,0.02750673376952032,0.036466878727196284,-0.00840340115623015,0.021631230875066056,-0.0019337106588937006,0.026135831983308638,-0.0148730916535666,0.01900323588424647,-0.005076246022393073,0.02109597787993973,0.0018211837110615702,0.019341497969815154,-0.011973675755847717,0.02188956713426277
-0.022760701516221123,0.014069806133269311,0.02750673376952032,-0.006846565347794671,0.01984706653010138,0.008856611321625683,0.0074704332868389105,-0.022549742017215022,0.013754580277110715,-0.008446335803478653,0.019746854227031617,-0.006438227542157014,0.020398149061410593,-0.010454444064800287,0.020478587924909447
0.029937235912573475,0.0526979374287946,0.014069806133269311,-0.00416662636282042,0.023878120951850698,-0.007828465730107684,0.0253112034011102,-0.0005047869955331538,0.027286029945930428,-0.006018733979586388,0.022258369987924624,-0.010445731362859268,0.022498123844551035,-0.0015917365963135058,0.022837417060465572
0.012741447011654002,0.017195788900919474,0.0526979374287946,-0.004116882258782242,0.023919917627371216,-0.0148730916535666,0.01900323588424647,0.006639327136002117,0.02687368699201706,-0.005549715586446973,0.022601613921301274,-0.009348243863569874,0.023604233764179746,-0.0017511873093240733,0.02271514115241411
0.030248756129704145,0.017507309118050145,0.017195788900919474,0.0008797021670477571,0.027830832220189717,-0.022549742017215022,0.013754580277110715,0.02430914635131054,0.01001913230878493,-0.0012692449384709063,0.02334305842883212,-0.0033309845308004847,0.022916779114313713,0.0007924946538586704,0.025407005355008984
-0.01263774904454319,0.04288650517424734,0.017507309118050145,0.004806348851702581,0.022751957167265312,-0.0005047869955331538,0.027286029945930428,0.010117484698938318,0.0215633245391127,-0.004001246165843906,0.02216358748212289,-0.006951130039936864,0.01929896368042496,-0.0010513622917509486,0.025914585751371903
-0.003309852863128809,0.009327896181414382,0.04288650517424734,0.005703189271673082,0.02221318962516613,0.006639327136002117,0.02687368699201706,0.004767051407344048,0.022555273628598986,-0.003600510096247384,0.022118481677114953,-0.010847911656364296,0.02228559432286288,0.003646891463869526,0.020994920476716136
-0.025998475814376566,0.022688622951247756,0.009327896181414382,0.005163560221980508,0.023065924043892967,0.02430914635131054,0.01001913230878493,-0.013982025907349522,0.011403890260296218,-0.005399647891090863,0.022885202523980373,-0.011973675755847717,0.02188956713426277,0.0011743799736659902,0.023553321564208283
-0.02300831857438587,0.0029901572399906977,0.022688622951247756,-0.0036606988591793826,0.021784851239790844,0.010117484698938318,0.0215633245391127,-0.01743888241729708,0.01232709889580219,-0.0046577189782932025,0.022061319175280796,-0.010454444064800287,0.020478587924909447,0.0011390061082138837,0.023595408325236742
-0.002273686458041093,0.020734632116344777,0.0029901572399906977,-0.006163221104128566,0.020338222274393136,0.004767051407344048,0.022555273628598986,-0.017093493615601175,0.012921117336376874,-0.0025271454133794233,0.02059888580850769,-0.0015917365963135058,0.022837417060465572,-0.0034625542304453404,0.019893666044090194
-0.019937705347679264,0.017664018889638172,0.020734632116344777,-0.014527631350359132,0.010122653840849247,-0.013982025907349522,0.011403890260296218,-0.01507323679336874,0.011190555526288495,-0.004941095938408511,0.020511105255801507,-0.0017511873093240733,0.02271514115241411,-0.008131004567492951,0.019282321956817082
0.011688082392880467,0.03162578774055973,0.017664018889638172,-0.010473326110788524,0.014814913094529356,-0.01743888241729708,0.01232709889580219,-0.003507769804279963,0.01584896948800876,-0.004995017366590258,0.020462824438551307,0.0007924946538586704,0.025407005355008984,-0.010782529387039188,0.013548823626463797
0.011560560340147682,0.00012752205273278486,0.03162578774055973,-0.007994923910242443,0.017290056034316777,-0.017093493615601175,0.012921117336376874,0.001103645795116295,0.01822245617100783,-0.004188495169060007,0.020904032268443295,-0.0010513622917509486,0.025914585751371903,-0.007325628046369064,0.015882613032242667
-0.024656741455635026,0.03621730179578271,0.00012752205273278486,-0.007771301517118852,0.01701715857158258,-0.01507323679336874,0.011190555526288495,-0.00046936624086895903,0.020946978428961854,-0.003364146047857356,0.01973979205153235,0.003646891463869526,0.020994920476716136,-0.010375183559584238,0.01699356201760454
0.01643449973211114,0.041091241187746166,0.03621730179578271,-0.001197498466036017,0.017563503268079258,-0.003507769804279963,0.01584896948800876,0.0011127728722079323,0.022449715428459464,-0.001569474968210002,0.02035094473209581,0.0011743799736659902,0.023553321564208283,-0.004313329910085993,0.0180283862742613
-0.020995555059379983,0.03743005479149113,0.041091241187746166,-0.004317809899592499,0.01936372918042374,0.001103645795116295,0.01822245617100783,-0.00973926559430129,0.02274094468087491,-0.0014433930784356348,0.02021456885411922,0.0011390061082138837,0.023595408325236742,-0.004025792265085154,0.017693461878220382
0.012964788297170156,0.03396034335655014,0.03743005479149113,0.0011659390412157385,0.0187031980731139,-0.00046936624086895903,0.020946978428961854,0.002801244323300438,0.0206815248471938,-0.0026557107652501574,0.01863505822925693,-0.0034625542304453404,0.019893666044090194,-0.0018488673000549751,0.018844930778930253
-0.016793270959676525,0.02975805925684668,0.03396034335655014,-0.0035809531842104273,0.019108468798702614,0.0011127728722079323,0.022449715428459464,-0.008274679240628783,0.018513536503881864,-0.004765333477488053,0.018428533825635394,-0.008131004567492951,0.019282321956817082,-0.0013996623874831555,0.018373464288797107
-0.012163499768056089,0.004629771191620436,0.02975805925684668,-0.007534963202244389,0.01775532259281279,-0.00973926559430129,0.02274094468087491,-0.005330660810187485,0.016012535366131897,-0.007794780327328069,0.015480016609343047,-0.010782529387039188,0.013548823626463797,-0.00480703126761695,0.01774262820043191
-0.03183871024819498,0.01967521048013889,0.004629771191620436,-0.008731958001004382,0.019314126708189328,0.002801244323300438,0.0206815248471938,-0.020265160325309197,0.010286835698349454,-0.00916627755616034,0.01674129863516679,-0.007325628046369064,0.015882613032242667,-0.011006927065951614,0.01863038642850067
0.03978479723673228,0.07162350748492727,0.01967521048013889,-0.004840241750234192,0.026437963855814112,-0.008274679240628783,0.018513536503881864,-0.0014058042598395955,0.03700375272315612,-0.006088088263313119,0.021254466612151315,-0.010375183559584238,0.01699356201760454,-0.0018009929670419994,0.02543876653582201
-0.049479322703749475,0.08926411994048175,0.07162350748492727,-0.009587536357629108,0.031910068091209366,-0.005330660810187485,0.016012535366131897,-0.013844411905070722,0.047274378439416856,-0.007765291612554041,0.023728875790021052,-0.004313329910085993,0.0180283862742613,-0.011217253315022086,0.02944716533357976
-0.008276476697510061,0.04120284600623941,0.08926411994048175,-0.01312774719007581,0.03003056843150318,-0.020265160325309197,0.010286835698349454,-0.005990334054842418,0.044675951174251965,-0.006713017192777198,0.02332411033875252,-0.004025792265085154,0.017693461878220382,-0.00940024212046924,0.02913398803071071
-0.03968774826724269,0.03141127156973263,0.04120284600623941,-0.016943493408003503,0.03198066065331296,-0.0014058042598395955,0.03700375272315612,-0.03248118255616741,0.021526020806561165,-0.009385450179148741,0.024868612066300366,-0.0018488673000549751,0.018844930778930253,-0.016922033058242504,0.02919427061961958
-0.04326508577636529,0.003577337509122605,0.03141127156973263,-0.02212709107605504,0.033533783132878664,-0.013844411905070722,0.047274378439416856,-0.030409770247039346,0.01925126874846876,-0.011051691638340602,0.02636640174103808,-0.0013996623874831555,0.018373464288797107,-0.02070372088919804,0.03084278502596052
0.013462393287317779,0.05672747906368307,0.003577337509122605,-0.014576907153469577,0.035924468660598334,-0.005990334054842418,0.044675951174251965,-0.023163480252096733,0.031769329475256985,-0.010924955145880792,0.026488097467497924,-0.00480703126761695,0.01774262820043191,-0.01704287902414463,0.03343710505796395
-0.00872544570999668,0.022187838997314458,0.05672747906368307,-0.022661947644591073,0.025058629895067585,-0.03248118255616741,0.021526020806561165,-0.012842712733014731,0.028586983681988455,-0.012373955578033962,0.0257067725293318,-0.011006927065951614,0.01863038642850067,-0.013740984090116305,0.03286889479984861
0.018147711785473683,0.02687315749547036,0.022187838997314458,-0.011390775229720545,0.025782534371895035,-0.030409770247039346,0.01925126874846876,0.00762821978759826,0.014355132662664976,-0.00931649463224048,0.026661306457133403,-0.0018009929670419994,0.02543876653582201,-0.01683199629743896,0.027589806798032687
0.022261118959506485,0.0041134071740328015,0.02687315749547036,-0.00630117595355112,0.029295127224891998,-0.023163480252096733,0.031769329475256985,0.010561128344994496,0.016828814091576393,-0.008900307544569384,0.02713546559780417,-0.011217253315022086,0.02944716533357976,-0.006583361774116682,0.026753089562331647
0.01848016346950716,0.003780955489999325,0.0041134071740328015,0.003393476002573854,0.025402977420192777,-0.012842712733014731,0.028586983681988455,0.019629664738162442,0.0022849605072793287,-0.006080613363934589,0.027824202439908116,-0.00940024212046924,0.02913398803071071,-0.0027609846073999365,0.02833550921794748
0.02200820184150565,0.0035280383719984917,0.003780955489999325,0.01427235727221901,0.011712750264215616,0.00762821978759826,0.014355132662664976,0.020916494756839765,0.0021137110430168252,-0.005434655253624911,0.028399395561430212,-0.016922033058242504,0.02919427061961958,0.006052722550992684,0.024233458900439618
-0.034927139147440826,0.05693534098894648,0.0035280383719984917,0.0062074351997592455,0.023305017450504548,0.010561128344994496,0.016828814091576393,0.001853742054523995,0.03190198552101985,-0.0067299315527509325,0.029354771297543002,-0.02070372088919804,0.03084278502596052,0.0072438577836961785,0.02145046388887033
0.02285842729588707,0.0577855664433279,0.05693534098894648,0.011471414034073204,0.022819408223498407,0.019629664738162442,0.0022849605072793287,0.0033131633299839647,0.03311980179597283,-0.004228365333897851,0.030332099548481397,-0.01704287902414463,0.03343710505796395,0.008586148356348935,0.022185831798911638
0.01854834919481187,0.004310078101075199,0.0577855664433279,0.011538186935629568,0.022843424726756646,0.020916494756839765,0.0021137110430168252,0.002159879114419371,0.03219051701939573,-0.0006292896593973607,0.029788449178178186,-0.013740984090116305,0.03286889479984861,0.012482404771321584,0.021002203272224493
0.0005564875956859637,0.017991861599125906,0.004310078101075199,0.007920748374992815,0.022522040515900545,0.001853742054523995,0.03190198552101985,0.013987754695461633,0.011829767336616526,-0.0034313117766149553,0.027447518053056542,-0.01683199629743896,0.027589806798032687,0.009969372744209054,0.021262171968300454
-0.03337441580076375,0.03393090339644972,0.017991861599125906,-0.00072168150338567,0.02713614311927038,0.0033131633299839647,0.03311980179597283,-0.004756526336755306,0.02636597180043208,-0.0022809612835445465,0.025647619615452148,-0.006583361774116682,0.026753089562331647,0.0020214392070275916,0.025813075461502546
0.002331968443038028,0.03570638424380178,0.03393090339644972,-0.004001053736463607,0.024939939072147137,0.002159879114419371,0.03219051701939573,-0.010161986587346586,0.020122145401292466,-0.0015232152020768258,0.025613547351493526,-0.0027609846073999365,0.02833550921794748,-0.0002854457967537137,0.024798669264702946
0.0300602013734903,0.027728232930452273,0.03570638424380178,0.0068301696836915796,0.022846692280356247,0.013987754695461633,0.011829767336616526,-0.00032741532807847515,0.031800816114411275,0.003458781200832673,0.024372424656592853,0.006052722550992684,0.024233458900439618,0.0008648398506726644,0.026154774775899208
-0.0038071216098302116,0.033867322983320514,0.027728232930452273,0.0023859115327387,0.021668387488103097,-0.004756526336755306,0.02636597180043208,0.009528349402232706,0.018044107506234055,0.0062772072127280365,0.02053263880733934,0.0072438577836961785,0.02145046388887033,0.005310556641759895,0.021240072740966242
0.028909320277365563,0.032716441887195774,0.033867322983320514,0.004112740046497649,0.023545574028387906,-0.010161986587346586,0.020122145401292466,0.018387466680341885,0.019229689125205264,0.007380559140588592,0.02134731577302945,0.008586148356348935,0.022185831798911638,0.006174969924828252,0.02217576585906642
0.0062179996285859,0.022691320648779663,0.032716441887195774,0.005056325385314305,0.02348792603997112,-0.00032741532807847515,0.031800816114411275,0.010440066098707084,0.01676188463145346,0.008447948093344492,0.020847800590831512,0.012482404771321584,0.021002203272224493,0.0044134914153674,0.021508793704894724
0.012572035831102394,0.006354036202516494,0.022691320648779663,0.012714067323958661,0.014043726813749564,0.009528349402232706,0.018044107506234055,0.01589978524568462,0.011705957684919369,0.008049685525175113,0.020700989133068906,0.009969372744209054,0.021262171968300454,0.006129998306141174,0.021628799616153303
0.012090764597182422,0.00048127123391997206,0.006354036202516494,0.014340533349649395,0.013136662382932568,0.018387466680341885,0.019229689125205264,0.010293600018956905,0.0035377668671979974,0.007323231642151966,0.020339199648662966,0.0020214392070275916,0.025813075461502546,0.01262502407727634,0.01282227436590258
-0.009116854533913093,0.021207619131095513,0.00048127123391997206,0.00781102403174883,0.013492172729109384,0.010440066098707084,0.01676188463145346,0.005181981964790574,0.012385493507028488,0.005352016070479091,0.020511308671789113,-0.0002854457967537137,0.024798669264702946,0.010989477937711897,0.014913648852189933
0.027568765737718263,0.03668562027163136,0.021207619131095513,0.013040338589673578,0.014152782690744135,0.01589978524568462,0.011705957684919369,0.010180891933662532,0.01841723089586835,0.005749199205922849,0.020908640215722814,0.0008648398506726644,0.026154774775899208,0.010633558561173035,0.014403674727257848
0.0035211036781520716,0.024047662059566193,0.03668562027163136,0.008808969156471327,0.01210678007789132,0.010293600018956905,0.0035377668671979974,0.007324338293985746,0.018636177956756293,0.00849550226489377,0.01738265148553094,0.005310556641759895,0.021240072740966242,0.011680447888027646,0.013411295013997878
-0.011803435712328232,0.015324539390480304,0.024047662059566193,0.005805396599652305,0.014811482316287955,0.005181981964790574,0.012385493507028488,0.006428811234514034,0.01984650181217723,0.006019654907164105,0.01764603078117198,0.006174969924828252,0.02217576585906642,0.005864339889499961,0.013521870944930386
-0.0071541518257853,0.0046492838865429325,0.015324539390480304,0.002517698656837689,0.015193477444957047,0.010180891933662532,0.01841723089586835,-0.005145494619987153,0.007857251727569839,0.004183761977121451,0.017579194857003624,0.0044134914153674,0.021508793704894724,0.003954032538875504,0.014380873265215081
-0.03479909706929912,0.027644945243513824,0.0046492838865429325,-0.005297278287575902,0.02043851877348176,0.007324338293985746,0.018636177956756293,-0.01791889486913755,0.014802360619278657,0.0016583630724796591,0.020446147688455017,0.006129998306141174,0.021628799616153303,-0.002813272161181855,0.01978137709471666
0.03248808317559374,0.06728718024489286,0.027644945243513824,0.0016368779973419043,0.02535079677709812,0.006428811234514034,0.01984650181217723,-0.003155055239830227,0.033821379872131525,0.006362827285076623,0.01931104246786477,0.01262502407727634,0.01282227436590258,0.00010063049287690334,0.023496229678956267
-0.022276609226395905,0.05476469240198965,0.06728718024489286,-0.0066706844966771235,0.023231930561349586,-0.005145494619987153,0.007857251727569839,-0.008195874373367095,0.0357853528252573,0.004605071737259914,0.02077096037243361,0.010989477937711897,0.014913648852189933,-0.001779334463192069,0.024844435340534387
0.039567885248392005,0.06184449447478791,0.05476469240198965,-0.0006628875683038019,0.03005389835049838,-0.01791889486913755,0.014802360619278657,0.016593119732529946,0.0338477882785976,0.005284192014038606,0.021797325480300337,0.010633558561173035,0.014403674727257848,-6.517453309582064e-05,0.027480869063628195
0.015785313922976014,0.02378257132541599,0.06184449447478791,0.003935237370913573,0.030118960911422365,-0.003155055239830227,0.033821379872131525,0.011025529981657373,0.031195785477954294,0.006683651694953337,0.0217976832388986,0.011680447888027646,0.013411295013997878,0.001686855501879029,0.028130879578430888
-0.016142833048351894,0.03192814697132791,0.02378257132541599,0.00243712383381914,0.030991764473498145,-0.008195874373367095,0.0357853528252573,0.013070122041005376,0.027954431375038346,0.003465640743116376,0.021588630676957325,0.005864339889499961,0.013521870944930386,0.0010669415967327915,0.0285227923456039
0.025093722866008868,0.04123655591436076,0.03192814697132791,0.012419260489703807,0.02581230073109706,0.016593119732529946,0.0338477882785976,0.008245401246877662,0.021627554144931456,0.004813906688646588,0.022349747254844718,0.003954032538875504,0.014380873265215081,0.005673780838417672,0.02955908536488518
0.03209596843417863,0.007002245568169765,0.04123655591436076,0.012353908032801286,0.025751752992896223,0.011025529981657373,0.031195785477954294,0.013682286083945202,0.026065516668407403,0.006208473303152033,0.023452965256714593,-0.002813272161181855,0.01978137709471666,0.015230218767485922,0.024709096758141216
-0.008022089219700566,0.0401180576538792,0.007002245568169765,0.014729661367250511,0.022350871240259185,0.013070122041005376,0.027954431375038346,0.016389200693495646,0.021428746280844912,0.004771840887660392,0.023679841008451788,0.00010063049287690334,0.023496229678956267,0.009443051282443878,0.02473739937126899
0.03019950781848615,0.038221597038186714,0.0401180576538792,0.013168265128932868,0.020521005142878024,0.008245401246877662,0.021627554144931456,0.018091129010988072,0.02263458118652508,0.007580152484260338,0.024230957791021763,-0.001779334463192069,0.024844435340534387,0.016939639431712745,0.021224731462377442
-0.009674533476413717,0.03987404129489987,0.038221597038186714,0.00892495722903458,0.02241637255447062,0.013682286083945202,0.026065516668407403,0.004167628374123956,0.02255940388307593,0.004919916826108053,0.02390995073881313,-6.517453309582064e-05,0.027480869063628195,0.009905008185311927,0.020626882893180636
-0.023448221298104636,0.01377368782169092,0.03987404129489987,0.007707392520742456,0.02417934071950616,0.016389200693495646,0.021428746280844912,-0.0009744156520107341,0.02786195878721822,0.002993536470661146,0.025088698161798345,0.001686855501879029,0.028130879578430888,0.004300217439443263,0.02384244797835765
0.01295518510875305,0.036403406406857686,0.01377368782169092,0.005684302894533154,0.022908077538317518,0.018091129010988072,0.02263458118652508,-0.006722523221921769,0.018380363786189898,0.004762009386452665,0.024836782877804924,0.0010669415967327915,0.0285227923456039,0.00845707717617254,0.022161557276879688
-0.02433754060928523,0.03729272571803828,0.036403406406857686,-0.003721281946044158,0.02143289498008945,0.004167628374123956,0.02255940388307593,-0.011610192266212273,0.02127888733910101,0.0035346244733455274,0.02587388565882804,0.005673780838417672,0.02955908536488518,0.0013954681082733842,0.023792339254154825
-0.011825623210509256,0.012511917398775975,0.03729272571803828,-0.0043552042778456064,0.0216407818487547,-0.0009744156520107341,0.02786195878721822,-0.007735992903680479,0.018979743278166535,0.005175586891830518,0.02390963414206374,0.015230218767485922,0.024709096758141216,-0.004879044983824887,0.01980379751759357
-0.007994638204163395,0.0038309850063458616,0.012511917398775975,-0.010720895281620532,0.013547711353858747,-0.006722523221921769,0.018380363786189898,-0.014719267341319293,0.00854707534906899,0.00228396393613358,0.022773364117341453,0.009443051282443878,0.02473739937126899,-0.004875123410176719,0.019803074101015398
-0.04995699919468219,0.041962360990518796,0.0038309850063458616,-0.017434639567998608,0.020907573832605723,-0.011610192266212273,0.02127888733910101,-0.023259086869784947,0.023200280244226292,0.00030679322411313097,0.02603740961104572,0.016939639431712745,0.021224731462377442,-0.016326052983486484,0.019309970286851073
0.02916219882629076,0.07911919802097295,0.041962360990518796,-0.008666236213932709,0.027782822090891297,-0.007735992903680479,0.018979743278166535,-0.009596479524184942,0.039583914606584565,-0.0004364700917512438,0.024956537621706135,0.009905008185311927,0.020626882893180636,-0.010777948368814414,0.025970232325118383
-0.000551099150559259,0.029713297976850017,0.07911919802097295,-0.01091728359048476,0.026181643647662546,-0.014719267341319293,0.00854707534906899,-0.00711529983965023,0.03996596579447917,-0.001603356739860906,0.02451777711679424,0.004300217439443263,0.02384244797835765,-0.007506930919165074,0.025546929185528967
0.007930981387975431,0.00848208053853469,0.029713297976850017,-0.005539196590941317,0.02618779561576567,-0.023259086869784947,0.023200280244226292,0.012180693687902311,0.015305719850414817,0.00011620143416247425,0.02426248931288351,0.00845707717617254,0.022161557276879688,-0.008224674307847592,0.024939588341702783
-0.027428935780309378,0.03535991716828481,0.00848208053853469,-0.008139748685908004,0.0276697216863817,-0.009596479524184942,0.039583914606584565,-0.006683017847631069,0.018460261528960385,-0.0036354170405745435,0.02416370779991719,0.0013954681082733842,0.023792339254154825,-0.008666302189422468,0.025297273739396536
-0.016808441539408595,0.010620494240900783,0.03535991716828481,-0.00960871590844887,0.027893531442039144,-0.00711529983965023,0.03996596579447917,-0.012102131977247514,0.018143675146126192,-0.0071285891815450605,0.02204273334706626,-0.004879044983824887,0.01980379751759357,-0.00937813337926523,0.025470501075611145
-0.043437124170964965,0.02662868263155637,0.010620494240900783,-0.008522070071162667,0.026075037595046015,0.012180693687902311,0.015305719850414817,-0.029224833830227642,0.013404873070167921,-0.009658234535206802,0.024090200858877458,-0.004875123410176719,0.019803074101015398,-0.014441345660236886,0.028493059139875137
0.034160775183896354,0.07759789935486132,0.02662868263155637,-0.007688974011561735,0.02755755718629617,-0.006683017847631069,0.018460261528960385,-0.008694930175492402,0.039430068425772416,-0.00937528686624893,0.024611967480407244,-0.016326052983486484,0.019309970286851073,-0.0024245207490113793,0.028755006673708602
0.025381912603049457,0.008778862580846897,0.07759789935486132,-0.003366805385960283,0.030749771461122295,-0.012102131977247514,0.018143675146126192,0.005368521205326948,0.04249423928605643,-0.006871255003430132,0.026304324258088825,-0.010777948368814414,0.025970232325118383,-0.0029645616380458506,0.028090739357574706
0.037009737092230044,0.011627824489180587,0.008778862580846897,0.0014796538980821523,0.03489824756491007,-0.029224833830227642,0.013404873070167921,0.03218414162639195,0.006060683604453076,-0.002552829404120512,0.028263308140170064,-0.007506930919165074,0.025546929185528967,0.0024012721109240498,0.03195077563215777
0.0119217861331589,0.025087950959071143,0.011627824489180587,0.008038107550326865,0.03195212073737244,-0.008694930175492402,0.039430068425772416,0.02477114527614613,0.012555122395934624,-0.0026266436166629517,0.028221008721858225,-0.008224674307847592,0.024939588341702783,0.00297138707452169,0.03210114137647798
-0.006673060919172129,0.01859484705233103,0.025087950959071143,0.009727337653699611,0.030615801750385807,0.005368521205326948,0.04249423928605643,0.014086154102072273,0.021921680525335736,-0.0013648950673691585,0.027562867504291034,-0.008666302189422468,0.025297273739396536,0.005936512054684152,0.029693410184823202
-0.0563256934759861,0.04965263255681397,0.01859484705233103,0.007579242769529419,0.035200834179374946,0.03218414162639195,0.006060683604453076,-0.01702565608733311,0.03528189037292416,-0.0045434715149032185,0.03118933163135313,-0.00937813337926523,0.025470501075611145,0.00029119034945879397,0.03747522153344026
-0.017616953096854848,0.03870874037913125,0.04965263255681397,-0.00105037861059578,0.03369552452262625,0.02477114527614613,0.012555122395934624,-0.02687190249733769,0.026088053707772434,-0.005230779721524038,0.031376692932691,-0.014441345660236886,0.028493059139875137,0.00397978621718881,0.03351529329637229
0.03964460338973387,0.05726155648658872,0.03870874037913125,0.001326736520518289,0.03633305202539229,0.014086154102072273,0.021921680525335736,-0.01143268106103569,0.04828310662730151,0.0011693347487913956,0.030682447951504335,-0.0024245207490113793,0.028755006673708602,0.004763190246594171,0.03439098802564578
-0.0485789838157823,0.08822358720551618,0.05726155648658872,-0.012938050297483768,0.036323141059399884,-0.01702565608733311,0.03528189037292416,-0.008850444507634427,0.04476035175784464,-0.004383606868499537,0.032222742174443306,-0.0029645616380458506,0.028090739357574706,-0.005802652098953223,0.038155901673424454
0.0426867370490835,0.0912657208648658,0.08822358720551618,-0.0078105584781630035,0.042226085179553695,-0.02687190249733769,0.026088053707772434,0.011250785541011688,0.05183642175406893,-0.0012951899970964835,0.034602533444863824,0.0024012721109240498,0.03195077563215777,-0.004991652105117014,0.03926184139813658
0.028059339498383743,0.014627397550699753,0.0912657208648658,-0.0020218250752370246,0.044720264806114185,-0.01143268106103569,0.04828310662730151,0.007389030910561646,0.04901840668649629,0.00014254986793268157,0.03542379251624245,0.00297138707452169,0.03210114137647798,-0.002686287338656325,0.040861664686729346
0.02825194440379371,0.00019260490540996822,0.014627397550699753,0.012074447904726277,0.03680997675977161,-0.008850444507634427,0.04476035175784464,0.032999340317086984,0.008390084370536422,0.0041197555953686165,0.035215253377548154,0.005936512054684152,0.029693410184823202,0.0023029991360530816,0.042397096616207976
0.02926648497755616,0.0010145405737624485,0.00019260490540996822,0.019888354250461444,0.03412481793730765,0.011250785541011688,0.05183642175406893,0.028525922959911205,0.0006485354569187184,0.007410821775151814,0.03526189471620432,0.00029119034945879397,0.03747522153344026,0.01453045320084483,0.03422526929498693
-0.015863215015477567,0.04512969999303373,0.0010145405737624485,0.010637051182926205,0.03520472033836339,0.007389030910561646,0.04901840668649629,0.013885071455290767,0.025767765407658582,0.009380386714829483,0.03289385542756799,0.00397978621718881,0.03351529329637229,0.014780987212470158,0.03395608515623253
0.005337445771993334,0.0212006607874709,0.04512969999303373,0.01962312278088881,0.021137226830750238,0.032999340317086984,0.008390084370536422,0.006246905244690642,0.02257859146990056,0.0073215774711221275,0.03211638738823868,0.004763190246594171,0.03439098802564578,0.009879964695650084,0.03219972885077079
-0.006618023370994668,0.011955469142988003,0.0212006607874709,0.011405662710875786,0.01992696333469716,0.028525922959911205,0.0006485354569187184,-0.005714597538159634,0.010629164507755388,0.0050358677586904025,0.03186993351280188,-0.005802652098953223,0.038155901673424454,0.015874387616334033,0.021695385202463627
0.0006768731630771915,0.007294896534071859,0.011955469142988003,0.006841918321658026,0.01842940441918456,0.013885071455290767,0.025767765407658582,-0.000201234811974714,0.006025912032142677,0.002440663192322342,0.030516560329892403,-0.004991652105117014,0.03926184139813658,0.009872978489761703,0.018637249517302786
-0.020894439100825404,0.021571312263902596,0.007294896534071859,-0.0013491455957784927,0.017925232907062248,0.006246905244690642,0.02257859146990056,-0.008945196436247627,0.010972336991426565,9.664710418060616e-05,0.03098895517102751,-0.002686287338656325,0.040861664686729346,0.0028795815470175367,0.019822627938324143
0.025750103592079975,0.04664454269290538,0.021571312263902596,-0.0019352091600245234,0.016742529808824354,-0.005714597538159634,0.010629164507755388,0.0018441792181105876,0.023344170435617463,0.0024125874264128992,0.03164864831563112,0.0023029991360530816,0.042397096616207976,0.002522175716772717,0.019304702706304036
0.01757660805746437,0.008173495534615605,0.04664454269290538,0.0036380946854657997,0.01674462834159706,-0.000201234811974714,0.006025912032142677,0.007477424182906314,0.024908301366345083,0.00769132325023079,0.026905720544791092,0.01453045320084483,0.03422526929498693,0.0008521932996167472,0.01696999924288674
0.029960509582538788,0.012383901525074417,0.008173495534615605,0.007741938653890042,0.019954174558154052,-0.008945196436247627,0.010972336991426565,0.02442907374402771,0.006296752666277187,0.01108971344161605,0.026464275484842207,0.014780987212470158,0.03395608515623253,0.0073984396707619405,0.018238243046986177
-0.04822520185968458,0.07818571144222337,0.012383901525074417,0.0008074089057750559,0.030425093269968916,0.0018441792181105876,0.023344170435617463,-0.0002293614065604748,0.04202428797549095,0.004813298780943304,0.029425293284653677,0.009879964695650084,0.03219972885077079,-0.0002533671337634759,0.02791562234748977
-0.01632620750108873,0.031898994358595854,0.07818571144222337,-0.0020264378715859305,0.031221118329373194,0.007477424182906314,0.024908301366345083,-0.011530299926078175,0.039312872135379366,0.00711706851770713,0.02598499925030943,0.015874387616334033,0.021695385202463627,-0.0016402505809197695,0.028519160386394744
0.0333023728274309,0.04962858032851963,0.031898994358595854,0.007006364116456786,0.032484967209996884,0.02442907374402771,0.006296752666277187,-0.010416345511114136,0.04108383149301204,0.006446756787589087,0.025102927827163203,0.009872978489761703,0.018637249517302786,0.0030205350854164733,0.03147383162218413
0.04144980709268344,0.008147434265252544,0.04962858032851963,0.009622981366557364,0.034843387759224166,-0.0002293614065604748,0.04202428797549095,0.019475324139675204,0.031271511350510685,0.007403218758610495,0.026219991107266617,0.0028795815470175367,0.019822627938324143,0.01192685597020345,0.03238630769489357
-0.002744312068937625,0.04419411916162107,0.008147434265252544,0.006236161345490365,0.03490322283958601,-0.011530299926078175,0.039312872135379366,0.024002622617058905,0.02351901480928519,0.005189200439129684,0.02562603825866422,0.002522175716772717,0.019304702706304036,0.007856225161486652,0.03214915319569297
-0.020682537329810388,0.017938225260872763,0.04419411916162107,-0.0022043464732344974,0.03413354194518979,-0.010416345511114136,0.04108383149301204,0.006007652564645143,0.03197740951936949,0.001621413131460645,0.025492749460115035,0.0008521932996167472,0.01696999924288674,0.002390632963304543,0.03344715867741548
-0.0037430125149032615,0.016939524814907125,0.017938225260872763,0.005209351750895722,0.026000631773695642,0.019475324139675204,0.031271511350510685,-0.00905662063788376,0.01008071450051566,0.0024871418815016672,0.025055347362294568,0.0073984396707619405,0.018238243046986177,-0.0024241559077586056,0.0311649448058108
0.025206494827784875,0.028949507342688138,0.016939524814907125,0.012131468805707991,0.024612092373365015,0.024002622617058905,0.02351901480928519,0.0002603149943570746,0.023204973420583863,0.003906359671201063,0.025781421257793348,-0.0002533671337634759,0.02791562234748977,0.008066086476165602,0.024909581360593618
-0.013359727189931416,0.03856622201771629,0.028949507342688138,0.0043544521361476045,0.02394776574753746,0.006007652564645143,0.03197740951936949,0.0027012517076500653,0.02007448072074361,0.0034248093984198666,0.026054632711784202,-0.0016402505809197695,0.028519160386394744,0.008489869377759503,0.024446362386211732
0.016375021311691242,0.02973474850162266,0.03856622201771629,0.00017532117264890414,0.0174992304504332,-0.00905662063788376,0.01008071450051566,0.009407262983181567,0.020205212502553225,0.004546105694749441,0.026264227022795933,0.0030205350854164733,0.03147383162218413,0.00607167630408241,0.02232834332150544
0.021664959092012007,0.005289937780320764,0.02973474850162266,0.004243533032807176,0.01941696951118788,0.0002603149943570746,0.023204973420583863,0.008226751071257277,0.018880622161901745,0.007586062708523542,0.02554630811121026,0.01192685597020345,0.03238630769489357,0.003245269446843633,0.01792088071147061
0.03035311098463098,0.008688151892618973,0.005289937780320764,0.012749474418547404,0.017386134526951695,0.0027012517076500653,0.02007448072074361,0.022797697129444742,0.007057554060881955,0.007914848950848614,0.02582615379200919,0.007856225161486652,0.03214915319569297,0.007973472740210577,0.020287173428336087
0.006672612565204248,0.02368049841942673,0.008688151892618973,0.014485411931898657,0.015863376811885443,0.009407262983181567,0.020205212502553225,0.019563560880615744,0.011979290762823254,0.007135992129972892,0.025676349139731745,0.002390632963304543,0.03344715867741548,0.01188135129664124,0.016036630748837776
-0.03175513628314373,0.03842774884834797,0.02368049841942673,0.0049918067467438895,0.023412428595414595,0.008226751071257277,0.018880622161901745,0.0017568624222305009,0.03134456961372848,0.0027277317109955686,0.026732400968878963,-0.0024241559077586056,0.0311649448058108,0.007879619329749744,0.02269716005468802
-0.0052505451113576355,0.026504591171786093,0.03842774884834797,0.006343337093172852,0.02235117997676738,0.022797697129444742,0.007057554060881955,-0.010111022943099039,0.01966954890058652,0.005797350050161778,0.022575705232044142,0.008066086476165602,0.024909581360593618,0.0035286136241579565,0.021720298864058848
0.014761639144917373,0.02001218425627501,0.026504591171786093,0.0060744400653772075,0.022215649975970662,0.019563560880615744,0.011979290762823254,-0.007414680749861329,0.02333377833426358,0.008017910524876501,0.02174588609043919,0.008489869377759503,0.024446362386211732,0.0075459516719934994,0.0206503432918491
-0.014547881144878198,0.02930952028979557,0.02001218425627501,3.896669256217364e-05,0.022051438659867795,0.0017568624222305009,0.03134456961372848,-0.0016789290371061534,0.014977627513757754,0.004600035241140137,0.021220184555747222,0.00607167630408241,0.02232834332150544,0.0031283941781978628,0.021726333280098972
0.022135275445261445,0.03668315659013964,0.02930952028979557,-0.0013306725639994153,0.01994679814418905,-0.010111022943099039,0.01966954890058652,0.007449677815100207,0.01940391914590278,0.0032204258377528513,0.01916885189283402,0.003245269446843633,0.01792088071147061,0.00319558222866207,0.02179383339328256
0.0031244216052394146,0.019010853840022032,0.03668315659013964,-0.0019220377239935547,0.019713299042564355,-0.007414680749861329,0.02333377833426358,0.0035706053018742206,0.01834564810173065,0.0036396211001940683,0.019092395688672027,0.007973472740210577,0.020287173428336087,-0.00069423053982244,0.018286544397137748
0.012555336494754151,0.009430914889514736,0.019010853840022032,0.005463041072322758,0.013677829194508391,-0.0016789290371061534,0.014977627513757754,0.012605011181751669,0.009505524268159348,0.006013754944805821,0.017862220294110682,0.01188135129664124,0.016036630748837776,0.00014615859297040308,0.018809231368041
0.025638360121206016,0.013083023626451865,0.009430914889514736,0.010611191944416698,0.014619554594916796,0.007449677815100207,0.01940391914590278,0.013772706073733194,0.011306230512157834,0.008112424418813626,0.01834715384984888,0.007879619329749744,0.02269716005468802,0.00834522950787751,0.014630501727832439
-0.010802467196870563,0.03644082731807658,0.013083023626451865,0.006350507554118711,0.016739503456085443,0.0035706053018742206,0.01834564810173065,0.009130409806363203,0.018460256391017664,0.0055403557027668094,0.018290356988642106,0.0035286136241579565,0.021720298864058848,0.007552097781375664,0.015608199132184463
-0.009908763268578362,0.000893703928292201,0.03644082731807658,0.00712369386683535,0.01565304580462151,0.012605011181751669,0.009505524268159348,0.0016423765519190305,0.020785935082910736,0.0057868531257206,0.018037556021475328,0.0075459516719934994,0.0206503432918491,0.0040277545794477005,0.016470440683225486
0.03346136504053882,0.043370128309117184,0.000893703928292201,0.009011375466048245,0.018286795811493287,0.013772706073733194,0.011306230512157834,0.0042500448583632985,0.0253016915791621,0.007007306249209712,0.01934009541098557,0.0031283941781978628,0.021726333280098972,0.010886218320221559,0.017414869153617583
0.009970368800874764,0.02349099623966406,0.043370128309117184,0.010152366665320803,0.018058165921334798,0.009130409806363203,0.018460256391017664,0.011174323524278407,0.02171011602040225,0.006171978371271337,0.018905991952313062,0.00319558222866207,0.02179383339328256,0.009148374513880606,0.016697418923787493
-0.004624875040697687,0.014595243841572451,0.02349099623966406,0.007288998076078831,0.018941415536237342,0.0016423765519190305,0.020785935082910736,0.012935619600238632,0.01921548737629995,0.0036735507980335752,0.017739850438413633,-0.00069423053982244,0.018286544397137748,0.008041332135889591,0.017405259679951293
0.016957214681504473,0.021582089722202158,0.014595243841572451,0.005842140502795241,0.017539105201943073,0.0042500448583632985,0.0253016915791621,0.007434236147227183,0.011012294303276188,0.004408165234912163,0.018083217791426718,0.00014615859297040308,0.018809231368041,0.008670171876853924,0.01767298803935858
0.005625214763181605,0.011331999918322868,0.021582089722202158,0.008580087496137269,0.015595685462939815,0.011174323524278407,0.02171011602040225,0.005985851467996131,0.01079556359431691,0.007078190309649687,0.014793258111696309,0.00834522950787751,0.014630501727832439,0.005811151111421864,0.016011149192588694
0.021518370592413148,0.015893155829231544,0.011331999918322868,0.013817943139635852,0.013244453946625608,0.012935619600238632,0.01921548737629995,0.014700266679033075,0.008183426010385497,0.008990255717061886,0.014807127919913564,0.007552097781375664,0.015608199132184463,0.010428413652748107,0.015053305438262072
-0.01434579700831168,0.035864167600724826,0.015893155829231544,0.0058500827981607705,0.013442390013224307,0.007434236147227183,0.011012294303276188,0.004265929449094358,0.01797068089547639,0.006911153134688382,0.015934984802518707,0.0040277545794477005,0.016470440683225486,0.009794551689929062,0.0161087983699361
-0.005554854095007428,0.008790942913304251,0.035864167600724826,0.003262545648847072,0.013974354969991859,0.005985851467996131,0.01079556359431691,0.0005392398296980135,0.01869259519156099,0.007553512209679152,0.015166113695281386,0.010886218320221559,0.017414869153617583,0.004220806099136743,0.013006280751630723
0.022230598439152333,0.02778545253415976,0.008790942913304251,0.007738457895488742,0.015190693618270414,0.014700266679033075,0.008183426010385497,0.0007766491119444082,0.0190925149110076,0.007560320994957071,0.015173183460230688,0.009148374513880606,0.016697418923787493,0.005972267476033538,0.014633305983995195
0.02312053682505339,0.0008899383859010575,0.02778545253415976,0.008765678252746894,0.016118794300829447,0.004265929449094358,0.01797068089547639,0.013265427056399432,0.016304914429280986,0.0089886149392295,0.01565693317827769,0.008041332135889591,0.017405259679951293,0.009935897742569406,0.015036583289017736
-0.006307933457786406,0.0294284702828398,0.0008899383859010575,0.006776820215918893,0.017278284462810316,0.0005392398296980135,0.01869259519156099,0.013014400602139773,0.016739547267629808,0.00764123851404803,0.016130861963972145,0.008670171876853924,0.01767298803935858,0.006612305151242137,0.015778848228785072
-0.0028240759510017423,0.0034838575067846636,0.0294284702828398,0.002719745792016411,0.015929848413012183,0.0007766491119444082,0.0190925149110076,0.004662842472088414,0.01607946443145733,0.005608207366033191,0.015468137478591198,0.005811151111421864,0.016011149192588694,0.005405263620644515,0.016184893185924306
-0.00377982282506782,0.0009557468740660777,0.0034838575067846636,0.004480741489223721,0.014150656227699081,0.013265427056399432,0.016304914429280986,-0.00430394407795199,0.0018000953023905753,0.006109824821161958,0.015001858325905955,0.010428413652748107,0.015053305438262072,0.0017912359895758071,0.014747936755940513
-0.03945831445638912,0.0356784916313213,0.0009557468740660777,-0.0011698352376732282,0.022976330050531367,0.013014400602139773,0.016739547267629808,-0.015354071077486228,0.02088035619125928,0.003999142593461189,0.018980182442784644,0.009794551689929062,0.0161087983699361,-0.0017962665030066846,0.021039804302094574
-0.031778760017203256,0.007679554439185866,0.0356784916313213,-0.01017139498039916,0.02255090342331759,0.004662842472088414,0.01607946443145733,-0.025005632432886737,0.018778848053771512,-0.0006608663392346736,0.019197819248061056,0.004220806099136743,0.013006280751630723,-0.005542538777606089,0.023953500911059245
0.03053747534027469,0.06231623535747795,0.007679554439185866,-0.008935238561195609,0.02482904399822552,-0.00430394407795199,0.0018000953023905753,-0.013566533044439227,0.03838771360468465,0.0008082126992938925,0.020794470582164947,0.005972267476033538,0.014633305983995195,-0.0043558420774457525,0.02570079038945132
0.027371299795841984,0.003166175544432704,0.06231623535747795,-0.003322033018924211,0.028998691921998884,-0.015354071077486228,0.02088035619125928,0.008710005039637805,0.03510001764622913,0.003093653759046726,0.02188129491015047,0.009935897742569406,0.015036583289017736,-0.0037485902244759526,0.026496108550812265
-0.07493772818547319,0.10230902798131516,0.003166175544432704,-0.015340975058002785,0.04114960678414609,-0.025005632432886737,0.018778848053771512,-0.0056763176831188394,0.06000302830254713,-0.0034702707314516784,0.029765481622649935,0.006612305151242137,0.015778848228785072,-0.013552846614145492,0.0378610213640668
0.0029565735460129034,0.07789430173148609,0.10230902798131516,-0.01421824232948933,0.04161737032474391,-0.013566533044439227,0.03838771360468465,-0.014869951614539433,0.053433351486643965,-0.0036608879612494427,0.02971124940147392,0.005405263620644515,0.016184893185924306,-0.0127270395431434,0.03819559827439681
0.021652039175113446,0.018695465629100544,0.07789430173148609,-0.00403318339090557,0.041682684329318744,0.008710005039637805,0.03510001764622913,-0.016776371821448945,0.05122926545783657,-0.0036513402053422795,0.029719983403581687,0.0017912359895758071,0.014747936755940513,-0.00909391640026036,0.04033793426654173
0.01951655788367464,0.0021354812914388052,0.018695465629100544,0.004516036259240746,0.04008358570912386,-0.0056763176831188394,0.06000302830254713,0.01470839020160033,0.010233228528496166,-0.001232600570200399,0.03015738492444548,-0.0017962665030066846,0.021039804302094574,-0.0006689346373941117,0.039078114059874394
0.01969151772151962,0.00017495983784497973,0.0021354812914388052,0.0027083766561149017,0.038902553548122686,-0.014869951614539433,0.053433351486643965,0.020286704926769237,0.001185645791748498,0.0005707117024086761,0.030630166138669975,-0.005542538777606089,0.023953500911059245,0.006683962182423442,0.03703796505941913
0.006358169356564684,0.013333348364954936,0.00017495983784497973,-0.000793811750431315,0.037144347160700655,-0.016776371821448945,0.05122926545783657,0.015188748320586316,0.007648006038575067,-0.0005630332320618702,0.030055129725290824,-0.0043558420774457525,0.02570079038945132,0.0032297756133220132,0.035539793076378924
-0.018714150284983307,0.02507231964154799,0.013333348364954936,0.008576784566316999,0.015462744690713804,0.01470839020160033,0.010233228528496166,0.002445178931033666,0.019499550105301244,-0.0035512251684930627,0.02959545466840632,-0.0037485902244759526,0.026496108550812265,-0.0033538601125101706,0.034577869198503565
0.004191741913746185,0.022905892198729492,0.02507231964154799,0.00878264596093921,0.015380961741843925,0.020286704926769237,0.001185645791748498,-0.0027214130048908124,0.01389241110278538,-0.0028012483562407345,0.029653202923339263,-0.013552846614145492,0.0378610213640668,0.007950349901664027,0.014212459458706798
0.029496541239963005,0.02530479932621682,0.022905892198729492,0.010090062971747473,0.01694731873193372,0.015188748320586316,0.007648006038575067,0.004991377622908628,0.02411529094327722,-0.000492632842600396,0.030883892466424385,-0.0127270395431434,0.03819559827439681,0.011741773857942612,0.016076070792614583
-0.00021009384268891407,0.02970663508265192,0.02530479932621682,0.006802287684020213,0.016663947233657515,0.002445178931033666,0.019499550105301244,0.01115939643700676,0.016032223774327024,-0.00023765220100190252,0.030869398064113495,-0.00909391640026036,0.04033793426654173,0.00861861199825656,0.0159530306192848
0.009844342677165236,0.010054436519854151,0.02970663508265192,0.0051610918432944825,0.015590999916148155,-0.0027214130048908124,0.01389241110278538,0.013043596691479776,0.015109515600095928,0.003283966165680552,0.02879331881505938,-0.0006689346373941117,0.039078114059874394,0.007236866968755216,0.015255424016443492
0.016274503140213396,0.00643016046304816,0.010054436519854151,0.006813814140569267,0.01625473692224461,0.004991377622908628,0.02411529094327722,0.008636250658229906,0.008308435422318659,0.006716342105496027,0.027106825890614517,0.006683962182423442,0.03703796505941913,0.006748722028568612,0.014839476155089345
0.021460473552367767,0.005185970412154371,0.00643016046304816,0.01350958478012778,0.011089904954727203,0.01115939643700676,0.016032223774327024,0.015859773123248797,0.005819160151403892,0.006067984834931247,0.02659698943585475,0.0032297756133220132,0.035539793076378924,0.008906194056540482,0.015837511473254573
0.003111753259690448,0.01834872029267732,0.005185970412154371,0.01332958667111849,0.01127854838402314,0.013043596691479776,0.015109515600095928,0.013615576650757202,0.009458927087781996,0.004335160082348994,0.025882974127259536,-0.0033538601125101706,0.034577869198503565,0.01202418027720816,0.010859710509422445
0.004561188057738933,0.0014494347980484852,0.01834872029267732,0.009173694474081144,0.008341630808725766,0.008636250658229906,0.008308435422318659,0.009711138289932383,0.010200998707983407,0.010013654099721289,0.012321009885524191,0.007950349901664027,0.014212459458706798,0.012076958297778552,0.010816110958542367
0.003374265081730867,0.0011869229760080664,0.0014494347980484852,0.009771087628151107,0.007633487399153055,0.015859773123248797,0.005819160151403892,0.0036824021330534164,0.0007722866308869913,0.01004348920941543,0.012303099479734925,0.011741773857942612,0.016076070792614583,0.008345204560888246,0.007924041848160963
-0.03529774912166225,0.03867201420339312,0.0011869229760080664,0.00224740566167986,0.019914369621198844,0.013615576650757202,0.009458927087781996,-0.009120765327397485,0.02267769955179855,0.005975647188217165,0.01677261517534967,0.00861861199825656,0.0159530306192848,0.0033326823781777695,0.01840461563578678
0.001373231326036688,0.03667098044769894,0.03867201420339312,-0.0002361396406829252,0.01870779153471688,0.009711138289932383,0.010200998707983407,-0.010183417571298233,0.021772649607685882,0.0046796952912430256,0.016341267130279787,0.007236866968755216,0.015255424016443492,0.0021225236137308342,0.01818225141512292
-0.017780518574894346,0.019153749900931036,0.03667098044769894,-0.006776304995226611,0.016311510975270335,0.0036824021330534164,0.0007722866308869913,-0.01723501212350664,0.01834157530626142,0.002003121270070599,0.016756837557028142,0.006748722028568612,0.014839476155089345,-0.0027424794884274135,0.018320027186536338
0.023956636479484632,0.04173715505437898,0.019153749900931036,-0.0033021577919275804,0.02051657259084018,-0.009120765327397485,0.02267769955179855,0.0025164497435423254,0.020892049666581574,0.0032601546359934527,0.017739914555591353,0.008906194056540482,0.015837511473254573,-0.002385884784553576,0.01888522401149395
-0.013961772707759442,0.037918409187244075,0.04173715505437898,-0.006389317919510642,0.02049029326612188,-0.010183417571298233,0.021772649607685882,-0.002595218267723052,0.023073717686732918,0.003599610177223729,0.017327769783005053,0.01202418027720816,0.010859710509422445,-0.004824959922760703,0.019157433980147277
0.0245446564391536,0.038506429146913046,0.037918409187244075,-0.002860919359940187,0.024025595638350737,-0.01723501212350664,0.01834157530626142,0.011513173403626264,0.02206390947682995,0.005053389786181401,0.018212477895636847,0.012076958297778552,0.010816110958542367,-0.0019701787254157504,0.02205851997816791
-0.008909195856598193,0.03345385229575179,0.038506429146913046,0.001537172850903823,0.018732435303004547,0.0025164497435423254,0.020892049666581574,0.0005578959582653217,0.020926195114851873,0.002310122850712744,0.017106354016109247,0.008345204560888246,0.007924041848160963,-0.0037249588594627596,0.02205108435606803
0.011079449699512512,0.019988645556110705,0.03345385229575179,0.0031548759131497933,0.01913032698807092,-0.002595218267723052,0.023073717686732918,0.00890497009402264,0.01683259723044881,0.003116518818012846,0.01724395385508571,0.0033326823781777695,0.01840461563578678,0.0029003552578479217,0.01747649776814345
-0.0030217420379484096,0.014101191737460921,0.019988645556110705,0.005614672002640784,0.01669373139525805,0.011513173403626264,0.02206390947682995,-0.000283829398344697,0.01027173850954805,0.0021975127669333,0.01720060799905136,0.0021225236137308342,0.01818225141512292,0.002272501920135765,0.017618870450086425
0.011173923295894868,0.014195665333843277,0.014101191737460921,0.0034842198053758222,0.014564669540829826,0.0005578959582653217,0.020926195114851873,0.006410543652486324,0.008168735601339306,0.0018331856351962623,0.016931418020426584,-0.0027424794884274135,0.018320027186536338,0.006408850758819938,0.015383397842854848
0.031755972174181954,0.020582048878287088,0.014195665333843277,0.011103843952366054,0.015538502428189292,0.00890497009402264,0.01683259723044881,0.01330271781070947,0.01748631396320797,0.0025685783938972757,0.018036969297085356,-0.002385884784553576,0.01888522401149395,0.0075230415723481275,0.017057527210948022
-0.009315137327905999,0.04107110950208795,0.020582048878287088,0.005460544991189455,0.01582670973880572,-0.000283829398344697,0.01027173850954805,0.011204919380723608,0.020535572295436056,0.0016809433519261014,0.018311863568117443,-0.004824959922760703,0.019157433980147277,0.008186846626612903,0.016148260852122585
-0.01013052970918971,0.000815392381283711,0.04107110950208795,0.005256989349090868,0.016054701832582778,0.006410543652486324,0.008168735601339306,0.004103435045695415,0.023951269766248486,0.0006315349400026266,0.01855348606987043,-0.0019701787254157504,0.02205851997816791,0.0032332486054210026,0.015603308259065043
-0.0014133426256781308,0.008717187083511579,0.000815392381283711,0.0031748572948924283,0.015958370188965756,0.01330271781070947,0.01748631396320797,-0.006953003220924614,0.004814778895936847,0.0002895629609019839,0.01854316319673312,-0.0037249588594627596,0.02205108435606803,0.004304084781266727,0.014871137557427878
-0.006423498573418559,0.005010155947740428,0.008717187083511579,0.002607897872314071,0.01627974096601189,0.011204919380723608,0.020535572295436056,-0.005989123636095467,0.004374797006932563,0.0023520094286336763,0.015662528863694777,0.0029003552578479217,0.01747649776814345,0.0018036635994194302,0.015012856300304543
0.021235117828371654,0.027658616401790213,0.005010155947740428,0.004284763627726868,0.017786933905347985,0.004103435045695415,0.023951269766248486,0.0044660922097583215,0.014736878258418655,0.003770715607371889,0.01644694998715289,0.002272501920135765,0.017618870450086425,0.005268929294608011,0.01644463202831718
0.009375858286648135,0.011859259541723519,0.027658616401790213,0.0005547446464712322,0.012406843151956061,-0.006953003220924614,0.004814778895936847,0.008062492513867077,0.013876003118880422,0.005710456811767781,0.015268906859654704,0.006408850758819938,0.015383397842854848,0.0050120628647156214,0.016350798065799504
-0.019429522248443878,0.02880538053509201,0.011859259541723519,-0.0011309861736184144,0.014522775270164158,-0.005989123636095467,0.004374797006932563,0.0037271512888586377,0.020912535862596743,0.002611445474058601,0.015678144988972856,0.0075230415723481275,0.017057527210948022,-0.002300150624230927,0.013613514849018325
0.02585139139949227,0.04528091364793615,0.02880538053509201,0.004866000677828583,0.0172384965447057,0.0044660922097583215,0.014736878258418655,0.005265909145898843,0.022918530639040147,0.005455242910290865,0.016047185100716985,0.008186846626612903,0.016148260852122585,0.002723639193968826,0.01672621071933328
-0.0020277127596517158,0.027879104159143984,0.04528091364793615,0.004763605655499652,0.01728501686317006,0.008062492513867077,0.013876003118880422,0.0014647187971322257,0.0228415869376906,0.003557216538947629,0.015162737231908483,0.0032332486054210026,0.015603308259065043,0.003881184472474254,0.015950773543723783
-0.0046777965128552155,0.0026500837532034997,0.027879104159143984,0.005054555998926875,0.017072433341865832,0.0037271512888586377,0.020912535862596743,0.006381960708995114,0.01691300637183711,0.003859459349214985,0.014935597375834062,0.004304084781266727,0.014871137557427878,0.003414833917163241,0.01617747826604444
-0.0076079497852998956,0.00293015327244468,0.0026500837532034997,0.00024737806331494983,0.015602657558592688,0.005265909145898843,0.022918530639040147,-0.004771153019268942,0.0027912896470217922,0.0025246451002998126,0.015075109136336026,0.0018036635994194302,0.015012856300304543,0.0032456266011801935,0.016303237791083173
0.004246313734569481,0.011854263519869377,0.00293015327244468,-0.0006075460286981593,0.015135994044330013,0.0014647187971322257,0.0228415869376906,-0.002679810854528544,0.0061745324452775995,0.003043791941193947,0.014994343665700956,0.005268929294608011,0.01644463202831718,0.0008186545877798832,0.014323184020348203
0.018669656294699178,0.014423342560129698,0.011854263519869377,0.005742317061825684,0.013571372454841163,0.006381960708995114,0.01691300637183711,0.005102673414656255,0.013159717293702012,0.0035792014411085414,0.0154343516966338,0.0050120628647156214,0.016350798065799504,0.002146340017501461,0.015620578785046106
0.016918772564666965,0.0017508837300322135,0.014423342560129698,0.004253547256021466,0.011208482727124592,-0.004771153019268942,0.0027912896470217922,0.013278247531311875,0.007870722301070974,0.002519401469000328,0.013770478582052421,-0.002300150624230927,0.013613514849018325,0.007338953562231582,0.013089303345009762
9.328454903683947e-05,0.016825488015630125,0.0017508837300322135,0.004607046807469558,0.01100231077574743,-0.002679810854528544,0.0061745324452775995,0.011893904469467661,0.01025706446011111,0.0031914316030676737,0.013372319391139713,0.002723639193968826,0.01672621071933328,0.0036592240121665195,0.010352018081716223
-0.02521058136870758,0.02530386591774442,0.016825488015630125,0.001184915998160831,0.016357695259077876,0.005102673414656255,0.013159717293702012,-0.0027328414183345924,0.02120638716751332,0.0021142850559592538,0.015032278855722971,0.003881184472474254,0.015950773543723783,0.00034738563944425267,0.015095982739450458
0.00465002441794148,0.02986060578664906,0.02530386591774442,0.00322791169870106,0.015795698591861133,0.013278247531311875,0.007870722301070974,-0.0068224241339097545,0.01608677141091251,0.002547382701932083,0.015010155756402953,0.003414833917163241,0.01617747826604444,0.0016799314867009247,0.014989789107744138
-0.01283594389332931,0.01748596831127079,0.02986060578664906,0.0003808687607179285,0.017063978802467177,0.011893904469467661,0.01025706446011111,-0.011132166948031805,0.015003035905972842,0.0020893508933670295,0.015397789572038315,0.0032456266011801935,0.016303237791083173,0.0009330751855538647,0.015645574476252123
-0.00374167351479886,0.009094270378530452,0.01748596831127079,-0.0033543528741984113,0.01452378176807872,-0.0027328414183345924,0.02120638716751332,-0.00397586433006223,0.008745336239914213,0.00030529436885484983,0.014425072869363956,0.0008186545877798832,0.014323184020348203,-0.00020806585007018434,0.015654947619619504
-0.030903099763934815,0.027161426249135954,0.009094270378530452,-0.011324664928965375,0.014293213626518635,-0.0068224241339097545,0.01608677141091251,-0.015826905724020995,0.01382552561302115,-0.0025717740633296464,0.016363371080641644,0.002146340017501461,0.015620578785046106,-0.007289888144160755,0.016858309397251844
-0.040325420214136924,0.00942232045020211,0.027161426249135954,-0.01806111572282767,0.01708727830817956,-0.011132166948031805,0.015003035905972842,-0.024990064497623532,0.018995147279918967,-0.004064338203736292,0.018792069780829982,0.007338953562231582,0.013089303345009762,-0.01546762996970417,0.01704100188112683
0.01170718751339077,0.05203260772752769,0.00942232045020211,-0.011908154242477943,0.020335972111387976,-0.00397586433006223,0.008745336239914213,-0.019840444154893656,0.027724264256691847,-0.005074638481314972,0.017387760458833015,0.0036592240121665195,0.010352018081716223,-0.013808500974796465,0.019232932486160134
0.008514462847019556,0.0031927246663712144,0.05203260772752769,-0.011264081170964932,0.021015136621401843,-0.015826905724020995,0.01382552561302115,-0.0067012566179088665,0.029163104359074068,-0.004321625937981309,0.017754276423423695,0.00034738563944425267,0.015095982739450458,-0.008990637515406871,0.02010496941219097
0.0017077878125029361,0.0068066750345166195,0.0031927246663712144,-0.008840125886659556,0.021627413683865893,-0.024990064497623532,0.018995147279918967,0.007309812724304421,0.005107385342143974,-0.0038655127718842984,0.017826300213154168,0.0016799314867009247,0.014989789107744138,-0.009410957030469522,0.019800718578899156
-0.025951399422495667,0.027659187234998602,0.0068066750345166195,-0.01254174687127569,0.022464703831624043,-0.019840444154893656,0.027724264256691847,-0.005243049587657725,0.018254027525943486,-0.00517575917454114,0.018771596477756416,0.0009330751855538647,0.015645574476252123,-0.011284593534636145,0.020775357360382222
-0.004824496828665442,0.021126902593830224,0.027659187234998602,-0.008195313048730795,0.020651306677988934,-0.0067012566179088665,0.029163104359074068,-0.009689369479552725,0.01445710548682518,-0.005823674214772205,0.01857690389652275,-0.00020806585007018434,0.015654947619619504,-0.011439282579474228,0.020713773786340848
0.033985646711666984,0.03881014354033242,0.021126902593830224,0.004189864772236523,0.01979351479372816,0.007309812724304421,0.005107385342143974,0.0010699168201686246,0.030400172022866198,-0.004729674899274505,0.02048342814061771,-0.007289888144160755,0.016858309397251844,-0.0021694616543882555,0.024689537286953323
-0.014157199510692725,0.04814284622235971,0.03881014354033242,-0.00012086639844405972,0.020627779069495967,-0.005243049587657725,0.018254027525943486,0.005001316790769606,0.025531223444252533,-0.006949387190371624,0.01962271837715826,-0.01546762996970417,0.01704100188112683,0.001568855588960916,0.01935391038557805
0.0307070903436217,0.044864289854314426,0.04814284622235971,0.003577904850989631,0.02417120145908752,-0.009689369479552725,0.01445710548682518,0.016845179181531986,0.026898844703754365,-0.004762686776472707,0.022026438393365582,-0.013808500974796465,0.019232932486160134,0.004283127421851049,0.022143934958230208
0.020924029198495533,0.009783061145126167,0.044864289854314426,0.006780611748655064,0.025127998739200658,0.0010699168201686246,0.030400172022866198,0.012491306677141503,0.023590977785471267,-0.0014673574502439134,0.0221824499184946,-0.008990637515406871,0.02010496941219097,0.006055922614919045,0.023018611764865648
0.008529354644859205,0.012394674553636327,0.009783061145126167,0.012527404093214211,0.019445315199739674,0.005001316790769606,0.025531223444252533,0.02005349139565881,0.011114466574274581,-0.001190262434035504,0.02228871919870582,-0.009410957030469522,0.019800718578899156,0.007030432162398512,0.02294814020507079
-0.013510901718058422,0.022040256362917628,0.012394674553636327,0.011079669944982046,0.02123643432886517,0.016845179181531986,0.026898844703754365,0.005314160708432106,0.017441164549524466,-0.0012384737072304408,0.022316559496487445,-0.011284593534636145,0.020775357360382222,0.008807646120175263,0.020296709872791318
0.006764730880257681,0.020275632598316103,0.022040256362917628,0.006542850639747162,0.01802980458056758,0.012491306677141503,0.023590977785471267,0.0005943946023528214,0.012247367573180954,-0.00048801625044068774,0.022402395863893483,-0.011439282579474228,0.020713773786340848,0.010463250078592851,0.019454603568271236
-0.015157674929773662,0.021922405810031343,0.020275632598316103,0.006376104736567007,0.018262656842051295,0.02005349139565881,0.011114466574274581,-0.007301281922524802,0.012209320318049496,0.0006366569519993944,0.021116323523642858,-0.0021694616543882555,0.024689537286953323,0.003442775558387044,0.018389348445455332
-0.020422871507929142,0.00526519657815548,0.021922405810031343,-0.0021455555720248007,0.016480893636601195,0.005314160708432106,0.017441164549524466,-0.009605271852481707,0.014419199556635464,0.0020582675738713787,0.018675378376485956,0.001568855588960916,0.01935391038557805,0.002547679558781841,0.01950730814768487
0.017024907565607057,0.0374477790735362,0.00526519657815548,-0.0027954091775062137,0.015432863198256791,0.0005943946023528214,0.012247367573180954,-0.0061852129573652485,0.02027221854582843,0.002438104720458256,0.01893894164169106,0.004283127421851049,0.022143934958230208,0.0005930820190654645,0.016698827210459954
0.014137937029358354,0.0028869705362487025,0.0374477790735362,-0.001860645446756355,0.016395801726147883,-0.007301281922524802,0.012209320318049496,0.0035799910290120894,0.020837147290230604,0.0028397814477681706,0.01913633428015612,0.006055922614919045,0.023018611764865648,-0.00037635971938270417,0.015473859377867726
0.009209469403033563,0.004928467626324791,0.0028869705362487025,0.0019260830734256424,0.015779066293687576,-0.009605271852481707,0.014419199556635464,0.013457437999332992,0.00395190809807764,0.003375615847091787,0.01920709528728423,0.007030432162398512,0.02294814020507079,-0.0002792004682149396,0.015541086601126257
0.029581876532994003,0.02037240712996044,0.004928467626324791,0.005728940682215029,0.019491304260240337,-0.0061852129573652485,0.02027221854582843,0.017643094321795307,0.010628891701431466,0.007342278415341049,0.018402080002339536,0.008807646120175263,0.020296709872791318,0.005876910710506836,0.017797351414633646
0.011853662733692216,0.017728213799301788,0.02037240712996044,0.010230830292792675,0.01660851683273515,0.0035799910290120894,0.020837147290230604,0.01688166955657326,0.011077878069622337,0.008533575526938024,0.018091070161565404,0.010463250078592851,0.019454603568271236,0.006603900975283199,0.017943002537818893
-0.01070323956488494,0.022556902298577156,0.017728213799301788,0.011850768949966709,0.01313053537458959,0.013457437999332992,0.00395190809807764,0.010244099900600427,0.020190732134822382,0.0053415122214700295,0.017174054733628617,0.003442775558387044,0.018389348445455332,0.007240248884553016,0.017101873180089593
-0.010745079645307262,4.1840080422321166e-05,0.022556902298577156,0.007222437748147657,0.015603376308741881,0.017643094321795307,0.010628891701431466,-0.0031982188254999957,0.013035328592024267,0.005585235068997563,0.016898049716830815,0.002547679558781841,0.01950730814768487,0.008622790579213285,0.014717836454015764
0.026543819077191298,0.03728889872249856,4.1840080422321166e-05,0.009290084756119813,0.01741934225174688,0.01688166955657326,0.011077878069622337,0.0016984999556663646,0.021516687694343006,0.005287858549966821,0.016452705335398093,0.0005930820190654645,0.016698827210459954,0.009982635080868175,0.016006830377552673
-0.0031997059458447577,0.029743525023036056,0.03728889872249856,0.007221888864640092,0.01815208632575328,0.010244099900600427,0.020190732134822382,0.004199677828679759,0.0197149347492253,0.00356473461108537,0.015944544280563085,-0.00037635971938270417,0.015473859377867726,0.007505828941553445,0.016587532027166573
0.002515283728410474,0.005714989674255232,0.029743525023036056,0.0027107900638761715,0.014474627448925371,-0.0031982188254999957,0.013035328592024267,0.008619798953252338,0.015783477113638096,0.0031351581170533183,0.015881389184705694,-0.0002792004682149396,0.015541086601126257,0.006549516702321575,0.016665726964460927
-0.010452984728895496,0.01296826845730597,0.005714989674255232,-0.0010069845132217807,0.014521266874674301,0.0016984999556663646,0.021516687694343006,-0.003712468982109927,0.006499322360347204,0.0033535807591363845,0.01565424295230892,0.005876910710506836,0.017797351414633646,0.0008302508077659334,0.014119160565606905
-0.020926137128379478,0.010473152399483982,0.01296826845730597,-0.0027108007738042036,0.01636870977204774,0.004199677828679759,0.0197149347492253,-0.009621279376288165,0.01174282135142375,0.0013756616156623015,0.016890638392416148,0.006603900975283199,0.017943002537818893,-0.003852577743958595,0.015244817662022118
0.02505828860899495,0.04598442573737443,0.010473152399483982,0.003256427268579498,0.01914470748334171,0.008619798953252338,0.015783477113638096,-0.002106944416093342,0.02410153821390276,0.004248230439860059,0.01727784292498933,0.007240248884553016,0.017101873180089593,0.0012562119951671036,0.018260318046670127
0.028335773869814063,0.003277485260819113,0.04598442573737443,0.0035550864006832924,0.019589461187830167,-0.003712468982109927,0.006499322360347204,0.010822641783476512,0.02754404108340233,0.007730990823984574,0.016830699808327326,0.008622790579213285,0.014717836454015764,0.006839191068755864,0.019881814864860316
-0.021057909197993,0.04939368306780706,0.003277485260819113,0.0005787191919919185,0.02202614224178818,-0.009621279376288165,0.01174282135142375,0.010778717760272005,0.02761998532708727,0.0050107896265845706,0.018232204982496225,0.009982635080868175,0.016006830377552673,3.894417230096475e-05,0.02015767722769869
0.028628059202482327,0.04968596840047533,0.04939368306780706,0.00493084843767056,0.02488020791420869,-0.002106944416093342,0.02410153821390276,0.011968641291434462,0.02860220508285942,0.006045798353236283,0.019177001611341477,0.007505828941553445,0.016587532027166573,0.00458576776491912,0.02273076152647533
-0.0050956481684827915,0.03372370737096512,0.04968596840047533,0.005823737864406011,0.024307235677458155,0.010822641783476512,0.02754404108340233,0.0008248339453355118,0.025366571414329728,0.005024004240985114,0.01937554408485382,0.006549516702321575,0.016665726964460927,0.003498491779648653,0.023026408188186947
0.015808163341491422,0.020903811509974213,0.03372370737096512,0.01194612127605116,0.020559377420243875,0.010778717760272005,0.02761998532708727,0.01311352479183032,0.017022570822164657,0.004040167584449216,0.018355485710425983,0.0008302508077659334,0.014119160565606905,0.007250084361132498,0.022507983891661962
0.012177952303094465,0.003630211038396957,0.020903811509974213,0.009799398558401081,0.01956483734887311,0.011968641291434462,0.02860220508285942,0.007630155825367698,0.011169340782394035,0.004063331125120805,0.018366305783310048,-0.003852577743958595,0.015244817662022118,0.011979239994200206,0.018768262516008393
-0.0011485462379421684,0.013326498541036633,0.003630211038396957,0.004885345207108375,0.017580028816707977,0.0008248339453355118,0.025366571414329728,0.00894585646888124,0.008928456336426112,0.004745809219902432,0.017948144606155944,0.0012562119951671036,0.018260318046670127,0.00823540644463776,0.018333254386404374
0.005291882135323607,0.006440428373265776,0.013326498541036633,0.009276977095994477,0.012301880386694677,0.01311352479183032,0.017022570822164657,0.005440429400158635,0.0066644910202115475,0.005891306489947494,0.017386393650695876,0.006839191068755864,0.019881814864860316,0.004943421911139123,0.016049032826157914
-0.0091086526109432,0.014400534746266808,0.006440428373265776,0.0029875251270902216,0.009827563989681171,0.007630155825367698,0.011169340782394035,-0.0016551055711872542,0.007213619203505456,0.0033447013693664583,0.016727238551352764,3.894417230096475e-05,0.02015767722769869,0.006650458566431952,0.013206201118290389
0.010877738785505393,0.019986391396448595,0.014400534746266808,0.005649756286088253,0.00935198377288933,0.00894585646888124,0.008928456336426112,0.0023536561032952664,0.010312072508689771,0.004350233135891469,0.016726691456234517,0.00458576776491912,0.02273076152647533,0.004114698506863817,0.009453984192174806
-0.007364209075593856,0.01824194786109925,0.019986391396448595,0.0017876942165740393,0.009099174934037063,0.005440429400158635,0.0066644910202115475,-0.0018650409670105544,0.011069986344971404,0.0036445550784625883,0.017015960986096815,0.003498491779648653,0.023026408188186947,0.003790618377276523,0.009852804512160734
-0.03232277248188024,0.024958563406286383,0.01824194786109925,-0.005629093247588411,0.01509628417824436,-0.0016551055711872542,0.007213619203505456,-0.009603080923989567,0.02168710339824183,0.0020824273818208206,0.019264959601245614,0.007250084361132498,0.022507983891661962,-0.0030852295974908564,0.015336672581884902
-0.014683505324536057,0.01763926715734418,0.024958563406286383,-0.007884919762020727,0.015302702617026744,0.0023536561032952664,0.010312072508689771,-0.018123495627336717,0.012829950186533318,0.002528329653523922,0.01875699160862922,0.011979239994200206,0.018768262516008393,-0.0069225806871523595,0.014199528100824144
0.01872232579306093,0.033405831117596985,0.01763926715734418,-0.0056465124857311725,0.01830365068452228,-0.0018650409670105544,0.011069986344971404,-0.009427984004451788,0.02592519802690031,0.0020757608809572068,0.01824091037327891,0.00823540644463776,0.018333254386404374,-0.004083884682723345,0.017212756796611915
-0.005469678190647426,0.024192003983708358,0.033405831117596985,-0.00504001674901521,0.018226113000606857,-0.009603080923989567,0.02168710339824183,-0.0004769525740408508,0.0172534886320533,-0.000338914266218614,0.016666910400497725,0.004943421911139123,0.016049032826157914,-0.005621250443576351,0.01670900428450466
-0.007985575008044463,0.0025158968173970364,0.024192003983708358,-0.008183902381273518,0.016473938488064745,-0.018123495627336717,0.012829950186533318,0.0017556908647896805,0.014747286522980171,0.0005948238902062815,0.01575828295548785,0.006650458566431952,0.013206201118290389,-0.005460810786019389,0.016675295178100766
-0.008306963198886007,0.00032138819084154453,0.0025158968173970364,-0.008341028068488876,0.016469051961194747,-0.009427984004451788,0.02592519802690031,-0.007254072132525965,0.001553663057796871,-0.0020433919956057423,0.013655492641401517,0.004114698506863817,0.009453984192174806,-0.008201482498075303,0.015038651463722809
0.0006940321229870918,0.009000995321873099,0.00032138819084154453,-0.002838227301010989,0.011670233179655806,-0.0004769525740408508,0.0172534886320533,-0.005199502027981125,0.005106479333530549,-0.0016298434033578935,0.013643609773747584,0.003790618377276523,0.009852804512160734,-0.007050305183992309,0.015417084226134324
-0.014124141153719974,0.014818173276707066,0.009000995321873099,-0.0027449999392083085,0.011558380546840694,0.0017556908647896805,0.014747286522980171,-0.007245690743206297,0.007465874981106849,-0.00376786515301585,0.013032363911464806,-0.0030852295974908564,0.015336672581884902,-0.004450500708540844,0.011475681425258042
0.03299089638162138,0.04711503753534135,0.014818173276707066,-0.0003669048411149012,0.0170308954451151,-0.007254072132525965,0.001553663057796871,0.006520262450296165,0.024091812102025413,-0.0022812262902639283,0.01586953720005811,-0.0069225806871523595,0.014199528100824144,0.0023601281066245043,0.017139616699480085
0.010968976354454894,0.022021920027166485,0.04711503753534135,0.002372870916402153,0.017364807385782978,-0.005199502027981125,0.005106479333530549,0.009945243860785434,0.023574195885609803,-0.0014156889622355662,0.016261671501205634,-0.004083884682723345,0.017212756796611915,0.0012525067582522145,0.016126591618065365
-0.008671942848499427,0.01964091920295432,0.022021920027166485,0.0022584762763263257,0.017448751646214244,-0.007245690743206297,0.007465874981106849,0.01176264329585895,0.02084275590197063,-0.0024131050325086403,0.01624684453898751,-0.005621250443576351,0.01670900428450466,0.0007950403785590706,0.01639229363850093
-0.01739871631998448,0.008726773471485054,0.01964091920295432,0.0007431840894765798,0.018885416156660333,0.006520262450296165,0.024091812102025413,-0.005033894271343005,0.014529557632810875,-0.003005252440297303,0.01665558048248486,-0.005460810786019389,0.016675295178100766,-0.0005496940945752179,0.017576021283748675
-0.0034156681958862345,0.013983048124098247,0.008726773471485054,5.823403633102546e-05,0.01896192719116424,0.009945243860785434,0.023574195885609803,-0.009828775788123382,0.007062938874707973,-0.004026210081825276,0.016170121374232876,-0.008201482498075303,0.015038651463722809,0.0001490623344247497,0.01731146010000277
0.032783028174422996,0.03619869637030923,0.013983048124098247,0.007876095591021521,0.021451489662185914,0.01176264329585895,0.02084275590197063,0.0039895478861840935,0.025897486152947617,-0.0011585502782526444,0.01886754619727704,-0.007050305183992309,0.015417084226134324,0.004733204627487021,0.021274782079566876
-0.00470933840897651,0.03749236658339951,0.03619869637030923,0.0015927231259218726,0.01784145373359527,-0.005033894271343005,0.014529557632810875,0.008219340523186751,0.021282609307264964,0.000813837869811908,0.016675017781751424,-0.004450500708540844,0.011475681425258042,0.006078176448164658,0.02015191306010797
-0.004912316934924927,0.00020297852594841712,0.03749236658339951,-0.0010541590889747644,0.017343314939598675,-0.009828775788123382,0.007062938874707973,0.007720457610173853,0.021705060067562006,0.0015117798976412744,0.016173416731471383,0.0023601281066245043,0.017139616699480085,0.000663431688658044,0.016471479516656094
0.014521681018612065,0.019433997953536994,0.00020297852594841712,0.002811444888877151,0.017882235131209172,0.0039895478861840935,0.025897486152947617,0.001633341891570209,0.011162090492409009,0.0012117338423234983,0.015865605189244163,0.0012525067582522145,0.016126591618065365,0.0011709609263947825,0.016891326901440976
0.016199474364656966,0.0016777933460449014,0.019433997953536994,0.008411143336317392,0.015372186880088613,0.008219340523186751,0.021282609307264964,0.008602946149448036,0.011734585625741926,0.0027595304534166693,0.01621674875551327,0.0007950403785590706,0.01639229363850093,0.004724020528274267,0.017090471910047353
-0.0036234132364720718,0.01982288760112904,0.0016777933460449014,0.008376519162886419,0.015404353509751282,0.007720457610173853,0.021705060067562006,0.009032580715598986,0.010992469459323166,0.0030711134371004113,0.016035306540407846,-0.0005496940945752179,0.017576021283748675,0.006691920968776042,0.01475161641110412
-0.04177228402679421,0.03814887079032214,0.01982288760112904,-0.004049366203983116,0.02087716241058898,0.001633341891570209,0.011162090492409009,-0.00973207429953644,0.029464690694740826,0.0006807333779641107,0.0198923614225968,0.0001490623344247497,0.01731146010000277,0.0012124044215034732,0.023601204829522156
-0.03009534266933521,0.011676941357459003,0.03814887079032214,-0.0082803669140429,0.02345134826086424,0.008602946149448036,0.011734585625741926,-0.02516367997753383,0.019546740350335975,-0.0015185076786303393,0.021525712677268636,0.004733204627487021,0.021274782079566876,-0.0077702199847477,0.021450560099988907
0.013390962142463773,0.04348630481179898,0.011676941357459003,-0.005229820401144783,0.025108948263561838,0.009032580715598986,0.010992469459323166,-0.019492221517888552,0.029070011448169925,0.0004468568425256427,0.0215423466128742,0.006078176448164658,0.02015191306010797,-0.005184462763113373,0.022921543075437773
0.0013872212254020407,0.012003740917061733,0.04348630481179898,-0.007418897033346454,0.023567806461586592,-0.00973207429953644,0.029464690694740826,-0.005105719767156466,0.022458481440110947,-0.0018105485257757386,0.019421186960387863,0.000663431688658044,0.016471479516656094,-0.004284528740209522,0.023057271521615283
-0.023705519363825554,0.025092740589227596,0.012003740917061733,-0.014069729321426873,0.021067665678715385,-0.02516367997753383,0.019546740350335975,-0.002975778665319914,0.01892918543074282,-0.004287298219938627,0.01987183159752194,0.0011709609263947825,0.016891326901440976,-0.00974555736627204,0.022377697736273097
0.02510631509999874,0.0488118344638243,0.025092740589227596,-0.009281441265348404,0.02648510301080755,-0.019492221517888552,0.029070011448169925,0.0009293389871917421,0.024409138412467526,-0.001874565509331616,0.021297936828837707,0.004724020528274267,0.017090471910047353,-0.008473151546937502,0.02427187454221713
0.002713299921081244,0.022393015178917494,0.0488118344638243,-0.0018671772740358281,0.021287059435481565,-0.005105719767156466,0.022458481440110947,0.0013713652190848096,0.024433570911540192,-0.00043799292068406393,0.02084371211352282,0.006691920968776042,0.01475161641110412,-0.007567906810144169,0.024598861156872917
-0.019785112781024797,0.022498412702106042,0.022393015178917494,-0.0001488056259840928,0.01882658111061004,-0.002975778665319914,0.01892918543074282,0.0026781674133517287,0.02244573456180726,-0.0016072389624796756,0.021473219348199762,0.0012124044215034732,0.023601204829522156,-0.004426882346462823,0.02057863892274619
-0.014901354273119323,0.004883758507905475,0.022498412702106042,-0.004864191695247942,0.01829264315095684,0.0009293389871917421,0.024409138412467526,-0.010657722377687626,0.011834312496994303,-0.00501326628016127,0.019267185452091367,-0.0077702199847477,0.021450560099988907,-0.0022563125755748403,0.018068145885138935
0.0029076909152685273,0.01780904518838785,0.004883758507905475,-0.004610780080270194,0.018406741473540534,0.0013713652190848096,0.024433570911540192,-0.010592925379625197,0.011944151478750897,-0.004469192757000909,0.01938362239891658,-0.005184462763113373,0.022921543075437773,-0.003753922750888446,0.01695522164728431
0.02826452329942527,0.02535683238415674,0.01780904518838785,0.004050893696938276,0.019799341436685023,0.0026781674133517287,0.02244573456180726,0.005423619980524825,0.02169264093991389,-0.0020994184545473243,0.02126228298284013,-0.004284528740209522,0.023057271521615283,8.56918311148727e-05,0.020898278604448123
-0.018701301615849396,0.046965824915274665,0.02535683238415674,-0.0032503757557030798,0.018517829322047995,-0.010657722377687626,0.011834312496994303,0.004156970866281467,0.023507822161783952,-0.004472488642723143,0.02111802350254688,-0.00974555736627204,0.022377697736273097,0.000800580080825752,0.02001574475241013
0.001047602849057054,0.01974890446490645,0.046965824915274665,-0.003527991934373778,0.018422783622762607,-0.010592925379625197,0.011944151478750897,0.0035369415108776423,0.023581662000863823,-0.005554765179551708,0.020351459514798644,-0.008473151546937502,0.02427187454221713,-0.002636378812165917,0.016982263729956485
0.0013775845028811936,0.0003299816538241396,0.01974890446490645,-8.757203894464181e-07,0.016626016909007876,0.005423619980524825,0.02169264093991389,-0.005425371421303716,0.01149847658913138,-0.005197551055312189,0.020431698001156573,-0.007567906810144169,0.024598861156872917,-0.0028271953004802104,0.01691952349005369
-0.005838817209741052,0.007216401712622246,0.0003299816538241396,0.001509547123506932,0.01536548878507693,0.004156970866281467,0.023507822161783952,-0.0011378766192676017,0.00407447589259475,-0.002630874854094106,0.01753540646361628,-0.004426882346462823,0.02057863892274619,-0.0008348673617253896,0.015336964919878219
-0.027856387175472834,0.02201756996573178,0.007216401712622246,-0.0036177992249499615,0.0194069906773254,0.0035369415108776423,0.023581662000863823,-0.010772539960777565,0.01522867328958018,-0.0024709494616753647,0.017273919094850466,-0.0022563125755748403,0.018068145885138935,-0.002685586347775891,0.01788693802462421
-0.006351200678843494,0.02150518649662934,0.02201756996573178,-0.009387086554661422,0.011614106697910296,-0.005425371421303716,0.01149847658913138,-0.013348801688019128,0.012566549316008967,-0.003881103948911598,0.016674864229458363,-0.003753922750888446,0.01695522164728431,-0.004008285146934751,0.01774617594708904
-0.0003883760732578324,0.005962824605585662,0.02150518649662934,-0.006334932297562829,0.011070372048124987,-0.0011378766192676017,0.00407447589259475,-0.011531987975858055,0.01444829838564155,-0.0040079323273873035,0.016638423935314395,8.56918311148727e-05,0.020898278604448123,-0.00810155648588948,0.011134376568210824
0.005325633955231936,0.005714010028489768,0.005962824605585662,-0.005621927113200348,0.011757401143166857,-0.010772539960777565,0.01522867328958018,-0.0004713142656231301,0.00583885912021351,-0.0019342785188831973,0.015781690770575334,0.000800580080825752,0.02001574475241013,-0.004669137118592147,0.011025050088377395
-0.0013342012157216178,0.006659835170953554,0.005714010028489768,-0.006073891399634149,0.01148345077420273,-0.013348801688019128,0.012566549316008967,0.0012010188887508287,0.003603190722819342,-0.0038228868271489367,0.013747820910502815,-0.002636378812165917,0.016982263729956485,-0.005009394842131957,0.010854650547859812
-0.022835427443635058,0.02150122622791344,0.006659835170953554,-0.008906659771949817,0.01335735437270512,-0.011531987975858055,0.01444829838564155,-0.00628133156804158,0.014717911496534527,-0.005647795924628672,0.014489158800563357,-0.0028271953004802104,0.01691952349005369,-0.008468396548777136,0.012248548993024485
-0.027079843558551225,0.004244416114916168,0.02150122622791344,-0.008777235835796217,0.013138999323634866,-0.0004713142656231301,0.00583885912021351,-0.0170831574059693,0.013803114969125469,-0.006168848123023417,0.015152639775349398,-0.0008348673617253896,0.015336964919878219,-0.011502828884321446,0.01399510944170315
0.0003264576793796675,0.02740630123793089,0.004244416114916168,-0.007664292776092356,0.013658156915506673,0.0012010188887508287,0.003603190722819342,-0.016529604440935538,0.014751233497307397,-0.005081147269273489,0.015023574878895914,-0.002685586347775891,0.01788693802462421,-0.00747670819077109,0.012478008299019015
-0.032652398835417505,0.03297885651479717,0.02740630123793089,-0.013041629903118968,0.016313786836552192,-0.00628133156804158,0.014717911496534527,-0.019801928238196355,0.0176529681020951,-0.007621153680036778,0.01650228643667305,-0.004008285146934751,0.01774617594708904,-0.011234022213138807,0.015641456231753108
-0.013575340790691904,0.0190770580447256,0.03297885651479717,-0.016191792360772943,0.013668105423604797,-0.0170831574059693,0.013803114969125469,-0.015300427315576582,0.01655696792576011,-0.010609715400759433,0.012898599998415087,-0.00810155648588948,0.011134376568210824,-0.013117874315629387,0.014893747902955575
0.019074333914344217,0.03264967470503612,0.0190770580447256,-0.012790369839095303,0.019429972342476558,-0.016529604440935538,0.014751233497307397,-0.009051135237255065,0.026158460336163317,-0.007911455720031319,0.014875382365993794,-0.004669137118592147,0.011025050088377395,-0.01115377432147049,0.018257938051963532
0.04004594502510672,0.020971611110762504,0.03264967470503612,-0.0023101410943050064,0.0279977890021295,-0.019801928238196355,0.0176529681020951,0.015181646049586344,0.027021756738676645,-0.0051258598503134845,0.019587309356674153,-0.005009394842131957,0.010854650547859812,-0.005242324858495013,0.026709812221266678
0.003673373332420321,0.0363725716926864,0.020971611110762504,0.0028153950541902517,0.025234969803465873,-0.015300427315576582,0.01655696792576011,0.020931217423957083,0.018257245278549203,-0.004961874933917832,0.019655436091384416,-0.008468396548777136,0.012248548993024485,-0.001455353319058529,0.025658230501954853
-0.025053990658712208,0.02872736399113253,0.0363725716926864,-0.0014146796688250605,0.027738655925239847,-0.009051135237255065,0.026158460336163317,0.006221775899604945,0.03262470188741447,-0.006334387323130059,0.020378950690463186,-0.011502828884321446,0.01399510944170315,-0.0011659457619386704,0.02533036268349538
-0.01577457491315053,0.009279415745561678,0.02872736399113253,0.001398290984886102,0.02461747278661837,0.015181646049586344,0.027021756738676645,-0.012385064079814137,0.014660557569094465,-0.0054714007329641785,0.019639864147069582,-0.00747670819077109,0.012478008299019015,-0.0034660932751572698,0.025896955000001158
0.0021333216394267846,0.017907896552577317,0.009279415745561678,0.004016401389905884,0.023517242359404122,0.020931217423957083,0.018257245278549203,-0.012898414644145317,0.013819975069401826,-0.004865363424516302,0.019741271188215514,-0.011234022213138807,0.015641456231753108,0.0015032953641062,0.022474292427219343
-0.02176218261590426,0.023895504255331046,0.017907896552577317,-0.002789684698468862,0.02418743746383491,0.006221775899604945,0.03262470188741447,-0.01180114529654267,0.0124334181982566,-0.00639206389184819,0.020189789742975934,-0.013117874315629387,0.014893747902955575,0.00033374653193300594,0.02357578279604842
-0.011185334559847711,0.010576848056056548,0.023895504255331046,-0.011328231295961269,0.012027599512196343,-0.012385064079814137,0.014660557569094465,-0.010271398512108395,0.011973940046144127,-0.00757141878578245,0.01993326874578484,-0.01115377432147049,0.018257938051963532,-0.003989063250094412,0.022306867513387
-0.003867773216343937,0.007317561343503774,0.010576848056056548,-0.012585089054088644,0.010435016961321975,-0.012898414644145317,0.013819975069401826,-0.012271763464031969,0.008996539210310454,-0.0077523882143983305,0.019883725943212787,-0.005242324858495013,0.026709812221266678,-0.010262451570301648,0.011335952980975098
0.044972413300945306,0.04884018651728924,0.007317561343503774,-0.0009140217274790583,0.024018982450494508,-0.01180114529654267,0.0124334181982566,0.009973101841584552,0.030530321452221742,-0.0029089710183568753,0.023799964781091042,-0.001455353319058529,0.025658230501954853,-0.004362588717655222,0.02374885046265957
-0.015071751900039156,0.06004416520098446,0.04884018651728924,-0.0007968845586271625,0.023933577023682453,-0.010271398512108395,0.011973940046144127,0.008677629394854072,0.031927508338086275,-0.0020512501856060133,0.023066960680725328,-0.0011659457619386704,0.02533036268349538,-0.002936554609273358,0.022569760147223783
0.00417095003904496,0.019242701939084117,0.06004416520098446,-0.00045727982535746667,0.02399784086004515,-0.012271763464031969,0.008996539210310454,0.011357203813317037,0.030660351044173615,-0.001776643588487064,0.023120266390499456,-0.0034660932751572698,0.025896955000001158,-8.719390181685884e-05,0.02192880259891843
-0.0011336704230730922,0.005304620462118052,0.019242701939084117,0.002980805540114394,0.021703077501426662,0.009973101841584552,0.030530321452221742,-0.004011490761355763,0.009938902449651215,0.00047469415525182274,0.021349201359757788,0.0015032953641062,0.022474292427219343,-0.0005539070536025552,0.02190842294724519
-0.04520968336003362,0.04407601293696053,0.005304620462118052,-0.0026899192599165907,0.02927052729870809,0.008677629394854072,0.031927508338086275,-0.014057467914687252,0.027108672872841598,-0.0017849017425583,0.02440590599924308,0.00033374653193300594,0.02357578279604842,-0.0039035500170496074,0.026912452587162978
-0.03508626879546141,0.010123414564572213,0.04407601293696053,-0.007893001856436169,0.0321543855608263,0.011357203813317037,0.030660351044173615,-0.027143207526189372,0.023086638903277695,-0.005653516221830131,0.02512702202031679,-0.003989063250094412,0.022306867513387,-0.00731796919356585,0.02939220526384737
0.022518850643333477,0.057605119438794886,0.010123414564572213,-0.011635262299371474,0.02535990586473172,-0.004011490761355763,0.009938902449651215,-0.019259033837387186,0.03653306179852543,-0.006905451534813934,0.023023521035032923,-0.010262451570301648,0.011335952980975098,-0.0035484514993262195,0.03152321235164354
-0.0004048267863773647,0.02292367742971084,0.057605119438794886,-0.009190774780427841,0.02566742773631462,-0.014057467914687252,0.027108672872841598,-0.004324081646168433,0.0290018596883278,-0.007196751543299483,0.022904872471018384,-0.004362588717655222,0.02374885046265957,-0.010030914368943744,0.023536246101062638
-0.004989690644352069,0.004584863857974704,0.02292367742971084,-0.01071754822766068,0.02497683497886266,-0.027143207526189372,0.023086638903277695,0.005708111070868015,0.01473790920989076,-0.005763587256559473,0.02232188658391067,-0.002936554609273358,0.022569760147223783,-0.008590619903845588,0.023484789544802032
-0.010383590456490602,0.005393899812138533,0.004584863857974704,-0.012259201566563599,0.024548776229059734,-0.019259033837387186,0.03653306179852543,-0.005259369295740012,0.004994844945266446,-0.005378516938226621,0.02218196550258223,-8.719390181685884e-05,0.02192880259891843,-0.010669839974636382,0.022800975940581166
-0.05759871695276203,0.04721512649627143,0.005393899812138533,-0.014324040498685001,0.028133851914951647,-0.004324081646168433,0.0290018596883278,-0.024323999351201567,0.028942678908379323,-0.009645091123382965,0.026035752213369824,-0.0005539070536025552,0.02190842294724519,-0.018736275193163374,0.028211157213139413
-0.00798580665446626,0.04961291029829577,0.04721512649627143,-0.009807296808519142,0.02624601059552769,0.005708111070868015,0.01473790920989076,-0.0253227046879063,0.02797754577480217,-0.008661064268994536,0.02580184565240417,-0.0039035500170496074,0.026912452587162978,-0.013418578520939464,0.025794063581808066
0.012311937642234533,0.020297744296700795,0.04961291029829577,-0.011508448975368965,0.023963232554655822,-0.005259369295740012,0.004994844945266446,-0.01775752865499792,0.03596511948564865,-0.006982687683131519,0.026382709525934498,-0.00731796919356585,0.02939220526384737,-0.006647406172697187,0.02537594507855055
-0.025742169053477315,0.038054106695711847,0.020297744296700795,-0.015731339353218958,0.023847407049944168,-0.024323999351201567,0.028942678908379323,-0.007138679355236347,0.01904119160131479,-0.008545144528641047,0.026828018297065256,-0.0035484514993262195,0.03152321235164354,-0.013541837557955872,0.022527163883150667
0.0022771186863232745,0.02801928773980059,0.038054106695711847,-0.014520204464773067,0.024672310685048614,-0.0253227046879063,0.02797754577480217,-0.003717704241639836,0.01972263130404712,-0.011594808429685478,0.02232528652764681,-0.010030914368943744,0.023536246101062638,-0.013158702490427209,0.022808877851237457
0.02535810661765948,0.023080987931336207,0.02801928773980059,-0.008563254952414721,0.029677840915655722,-0.01775752865499792,0.03596511948564865,0.00063101875016848,0.025589876458599805,-0.008706961392707002,0.024362823173077475,-0.008590619903845588,0.023484789544802032,-0.008823302881568417,0.027100773217579505
-0.0014928161010760313,0.02685092271873551,0.023080987931336207,0.0007877285228662794,0.017462762824410036,-0.007138679355236347,0.01904119160131479,0.008714136400968908,0.01453682945163329,-0.009111516117001358,0.02417886072045605,-0.010669839974636382,0.022800975940581166,-0.007553192259366336,0.02722352146618236
-0.05216419716135849,0.05067138106028246,0.02685092271873551,-0.006575336561615759,0.028022789214629754,-0.003717704241639836,0.01972263130404712,-0.00943296888159168,0.03936637417181107,-0.012756553741164602,0.02660813078142564,-0.018736275193163374,0.028211157213139413,-0.006776832289165829,0.02558674396057176
0.032994022885821685,0.08515822004718018,0.05067138106028246,-0.003128322354351234,0.0318248243212635,0.00063101875016848,0.025589876458599805,-0.006887663458870946,0.04283466929849489,-0.0071705747236035094,0.02746602024504605,-0.013418578520939464,0.025794063581808066,-0.0009225709262675523,0.029632306324407554
0.037933938313834285,0.004939915428012601,0.08515822004718018,0.007484362206867366,0.03335579698484596,0.008714136400968908,0.01453682945163329,0.006254588012765826,0.050652408995272326,-0.0019548456443681016,0.028664165498668466,-0.006647406172697187,0.02537594507855055,0.002737714883960984,0.03293765250795708
0.017698199128064085,0.0202357391857702,0.004939915428012601,0.010054542280490833,0.033468247902681554,-0.00943296888159168,0.03936637417181107,0.02954205344257335,0.010550277478648087,-0.0022991778954587726,0.028375053292545433,-0.013541837557955872,0.022527163883150667,0.008943481767038327,0.030693281615276416
0.015613005093000107,0.002085194035063978,0.0202357391857702,0.008430358693047606,0.03280697389836072,-0.006887663458870946,0.04283466929849489,0.023748380844966156,0.012329214860155807,-0.0011550470469318104,0.02877739320973504,-0.013158702490427209,0.022808877851237457,0.010848608396563588,0.03062433893228808
0.07076690815023605,0.05515390305723594,0.002085194035063978,0.020473646068266283,0.040739708043283196,0.006254588012765826,0.050652408995272326,0.034692704123766745,0.031258569315444795,0.004256138581253055,0.03454532007550361,-0.008823302881568417,0.027100773217579505,0.01733558004407453,0.03810558206897344
-0.004540249236120846,0.07530715738635689,0.05515390305723594,0.02841097072247256,0.025573623171187276,0.02954205344257335,0.010550277478648087,0.02727988800237177,0.03898562691581506,0.004673520096993753,0.03438978457250892,-0.007553192259366336,0.02722352146618236,0.016900232453353838,0.03837301356751454
0.01057375161168763,0.015114000847808475,0.07530715738635689,0.024674258843450217,0.026394828792711073,0.023748380844966156,0.012329214860155807,0.02560013684193428,0.03983887772288788,0.009542982137311586,0.029351402345141758,-0.006776832289165829,0.02558674396057176,0.025862796563789002,0.024299400045113325
0.03081074391559487,0.02023699230390724,0.015114000847808475,0.02348705977707698,0.025833372349063497,0.034692704123766745,0.031258569315444795,0.012281415430387218,0.01773725643924208,0.01231416432088738,0.029400562004008608,-0.0009225709262675523,0.029632306324407554,0.025550899568042313,0.024206445048454973
0.006668976694237153,0.024141767221357715,0.02023699230390724,0.02164885603810583,0.026705350354109196,0.02727988800237177,0.03898562691581506,0.016017824073839886,0.01295896118029639,0.011911095681744711,0.02943925066688787,0.002737714883960984,0.03293765250795708,0.02108447647952844,0.024424225363685177
0.019378663078256565,0.012709686384019411,0.024141767221357715,0.02227646570231524,0.02657908050997386,0.02560013684193428,0.03983887772288788,0.018952794562696194,0.012076516639203734,0.015134012262582845,0.027399156047283796,0.008943481767038327,0.030693281615276416,0.02132454275812736,0.02439363376658129
-0.007645063381686302,0.027023726459942866,0.012709686384019411,0.00920780378032818,0.014501537512421425,0.012281415430387218,0.01773725643924208,0.006134192130269139,0.013519798217534459,0.014425284972010732,0.027881387824009538,0.010848608396563588,0.03062433893228808,0.01800196154745787,0.0267694969636272
0.028333188166920775,0.03597825154860708,0.027023726459942866,0.01468671001416845,0.014478493265511923,0.016017824073839886,0.01295896118029639,0.013355595954497012,0.018730100088005318,0.014637790796957968,0.02798228036961862,0.01733558004407453,0.03810558206897344,0.011940001549841405,0.015083097308431192
0.011763413832375837,0.016569774334544936,0.03597825154860708,0.014884987050949816,0.014418926362551598,0.018952794562696194,0.012076516639203734,0.010817179539203437,0.018007780696879153,0.015584664363633103,0.027616352153151152,0.016900232453353838,0.03837301356751454,0.014269096273912362,0.013263098482327507
0.025113897610035244,0.013350483777659407,0.016569774334544936,0.01393551266668988,0.01330502955366288,0.006134192130269139,0.013519798217534459,0.02173683320311062,0.008785942088405996,0.02110452827587551,0.019589933174200855,0.025862796563789002,0.024299400045113325,0.01634625998796202,0.013718664708430976
0.002292902151269908,0.022820995458765335,0.013350483777659407,0.013206166909528673,0.013890105977227802,0.013355595954497012,0.018730100088005318,0.01305673786456033,0.011465337924431905,0.018911591080550384,0.01987294803878756,0.025550899568042313,0.024206445048454973,0.012272282593058455,0.012918366104040707
-0.03927872819171367,0.04157163034298358,0.022820995458765335,0.003429935031200298,0.024931070842206075,0.010817179539203437,0.018007780696879153,-0.003957309476802839,0.03264814578896919,0.013396400615868387,0.02438878025376058,0.02108447647952844,0.024424225363685177,0.005708324752208336,0.023543633162594405
0.009203463307464046,0.04848219149917772,0.04157163034298358,0.006238022812725355,0.024376863472048094,0.02173683320311062,0.008785942088405996,-0.009260787577659907,0.026224921980913855,0.012789633771539811,0.024379191565832552,0.02132454275812736,0.02439363376658129,0.004254724784952262,0.022863227930773663
-0.015555766889977608,0.024759230197441653,0.04848219149917772,-0.0010768030300910413,0.022964713098954065,0.01305673786456033,0.011465337924431905,-0.01521034392474241,0.02424294146570129,0.010563292915612834,0.025498993586164902,0.01800196154745787,0.0267694969636272,0.003124624283767791,0.023728582906413404
0.02696350708372433,0.042519273973701935,0.024759230197441653,0.0014565458451337072,0.02537625236968022,-0.003957309476802839,0.03264814578896919,0.006870401167070256,0.021355433711959255,0.007434478553719139,0.019533052437578132,0.011940001549841405,0.015083097308431192,0.0029289555575968693,0.023490517650126597
-0.00765138351685377,0.0346148906005781,0.042519273973701935,-0.004004334342681127,0.022645651820290616,-0.009260787577659907,0.026224921980913855,0.001252118892297651,0.022614739246230666,0.007212254676523928,0.019696777456708975,0.014269096273912362,0.013263098482327507,0.00015541307913549722,0.023419630916491775
0.03334757155014961,0.040998955067003386,0.0346148906005781,0.0011714438904654896,0.027418626283178395,-0.01521034392474241,0.02424294146570129,0.017553231705673394,0.02205999866646878,0.008838956100699786,0.0208994450964989,0.01634625998796202,0.013718664708430976,0.0013316522134375495,0.025033255674424007
-0.005938898420790255,0.03928646997093987,0.040998955067003386,0.006728082185619392,0.019939852094382773,0.006870401167070256,0.021355433711959255,0.00658576320416853,0.02319221724547541,0.006213981648100846,0.020224484630955514,0.012272282593058455,0.012918366104040707,0.00015568070314324087,0.025173530675748852
0.02350613710011873,0.029445035520908984,0.03928646997093987,0.00911186115106184,0.02111525377450321,0.001252118892297651,0.022614739246230666,0.01697160340982603,0.020442156897122372,0.007416635962806674,0.020747473354448286,0.005708324752208336,0.023543633162594405,0.00912494717340501,0.01927553242695499
0.008979532209256494,0.014526604890862235,0.029445035520908984,0.013201077667600855,0.017438263659385982,0.017553231705673394,0.02205999866646878,0.008848923629528322,0.014722952256858064,0.006673840900735241,0.020470574729113986,0.004254724784952262,0.022863227930773663,0.00909295701651822,0.019275566222522435
-0.013090734123306027,0.02207026633256252,0.014526604890862235,0.006525370799762463,0.0187346189071151,0.00658576320416853,0.02319221724547541,0.006464978395356399,0.018427560378363527,0.006284864419190975,0.02081247176909188,0.003124624283767791,0.023728582906413404,0.00944510455461416,0.01876598530294211
0.003495088753783339,0.016585822877089366,0.02207026633256252,0.008383116178201982,0.017563739163127985,0.01697160340982603,0.020442156897122372,-0.00020537105342206442,0.011491049390117407,0.004510714461109728,0.019823557295369106,0.0029289555575968693,0.023490517650126597,0.006092473364622589,0.017140597694396527
0.001547200080635827,0.001947888673147512,0.016585822877089366,0.0030830542666163505,0.012628431780923042,0.008848923629528322,0.014722952256858064,-0.00268281509629562,0.009065988717473016,0.0037809849074140135,0.019723824340839795,0.00015541307913549722,0.023419630916491775,0.007406556735692532,0.016240272665155955
0.030762412189892393,0.029215212109256566,0.001947888673147512,0.009199939368396791,0.015859634112348572,0.006464978395356399,0.018427560378363527,0.011934900341437188,0.016334165707912206,0.004184450234546667,0.020244667826382165,0.0013316522134375495,0.025033255674424007,0.007037248255655786,0.015567507564107557
0.0031855863278102536,0.02757682586208214,0.029215212109256566,0.005813180906345379,0.014285127388748618,-0.00020537105342206442,0.011491049390117407,0.011831732866112825,0.016414903049319664,0.004248213390013835,0.020239657063832517,0.00015568070314324087,0.025173530675748852,0.008340746076884429,0.014655174976775353
0.015641970487771037,0.012456384159960783,0.02757682586208214,0.006923587286097804,0.014829063575676009,-0.00268281509629562,0.009065988717473016,0.016529989668491226,0.013809843036975323,0.008171120438548457,0.016041155234112113,0.00912494717340501,0.01927553242695499,0.007217293703691903,0.01355930613985663
0.010135604173647809,0.005506366314123228,0.012456384159960783,0.010794643668923442,0.011129592612041989,0.011934900341437188,0.016334165707912206,0.0096543869964097,0.006242119356747533,0.008237701928990154,0.016047702920695697,0.00909295701651822,0.019275566222522435,0.00738244684146209,0.013591350316177041
-0.009143998877035773,0.01927960305068358,0.005506366314123228,0.008688129063786923,0.01368927098480096,0.011831732866112825,0.016414903049319664,0.005544525261461025,0.013015167057004303,0.008695685358485998,0.015394634126037053,0.00944510455461416,0.01876598530294211,0.007946266162357841,0.012649742053933223
-0.020144692581760246,0.011000693704724474,0.01927960305068358,0.005072813620054246,0.018104675657033695,0.016529989668491226,0.013809843036975323,-0.006384362428382737,0.015327615205746936,0.00533081395380853,0.01622076763226699,0.006092473364622589,0.017140597694396527,0.004569154542994473,0.016580865713224723
-0.004593367235927282,0.015551325345832964,0.011000693704724474,-0.0008198162842490338,0.013145626327859187,0.0096543869964097,0.006242119356747533,-0.011294019564907767,0.007995490711750897,0.005549243688160422,0.016052215023228594,0.007406556735692532,0.016240272665155955,0.0036919306406283134,0.01692623009292784
0.0055499276362655225,0.010143294872192805,0.015551325345832964,-0.00042575939950648903,0.013323934556401016,0.005544525261461025,0.013015167057004303,-0.006396044060474002,0.012941816326832297,0.003563697694311558,0.013927881171368913,0.007037248255655786,0.015567507564107557,9.014713296733232e-05,0.012239382210898521
-0.0030157746269487127,0.008565702263214235,0.010143294872192805,-0.0035353835852931143,0.010753174601048599,-0.006384362428382737,0.015327615205746936,-0.0006864047422034908,0.0054581206253647135,0.003772492251014526,0.013795752277622392,0.008340746076884429,0.014655174976775353,-0.0007957615748553774,0.012202363349821025
-0.019285499195823386,0.016269724568874672,0.008565702263214235,-0.008438900813538314,0.009950448916475653,-0.011294019564907767,0.007995490711750897,-0.005583782062168859,0.012615292431153544,0.0007159468013043746,0.013827664025139165,0.007217293703691903,0.01355930613985663,-0.005785400101083153,0.011480287028198673
-0.012719643235439768,0.006565855960383619,0.016269724568874672,-0.009034841539938979,0.010106966790330112,-0.006396044060474002,0.012941816326832297,-0.011673639019403955,0.00818514373738999,-0.0008339943018882155,0.014044576267703647,0.00738244684146209,0.013591350316177041,-0.00905043544523852,0.009226448410586131
0.014854115764072424,0.027573758999512192,0.006565855960383619,-0.0032017068156335346,0.012278881179767245,-0.0006864047422034908,0.0054581206253647135,-0.005717008889063575,0.018115076407353933,0.0011620664043531024,0.014153991289769272,0.007946266162357841,0.012649742053933223,-0.005622133353651636,0.012909364362248765
0.02031464135117914,0.005460525587106715,0.027573758999512192,0.0009496279488842024,0.015501838894460164,-0.005583782062168859,0.012615292431153544,0.007483037959937266,0.017707783049647756,0.0023634630184528023,0.015052554812213268,0.004569154542994473,0.016580865713224723,0.00015777149391113372,0.014305421959586166
0.008449593446749464,0.011865047904429675,0.005460525587106715,0.0014329055839648593,0.01571763612741447,-0.011673639019403955,0.00818514373738999,0.014539450187333677,0.005938779442148951,0.0028564911160323474,0.015136567813913041,0.0036919306406283134,0.01692623009292784,0.002021051591436383,0.014432306859181277
-0.014975321455176115,0.02342491490192558,0.011865047904429675,-0.0005603522207397078,0.017092812091999098,-0.005717008889063575,0.018115076407353933,0.004596304447584163,0.017957762828420487,-0.0004104898586154026,0.013497329394991446,9.014713296733232e-05,0.012239382210898521,-0.000911126850198136,0.015631106408750945
0.025053410406179224,0.04002873186135534,0.02342491490192558,0.006829466046260727,0.016962301427671026,0.007483037959937266,0.017707783049647756,0.0061758941325841905,0.020110995127926856,0.0011514975755538095,0.015114012593243747,-0.0007957615748553774,0.012202363349821025,0.0030987567259629983,0.018362835719568787
-0.018650880927410705,0.043704291333589926,0.04002873186135534,0.005840926430932238,0.01843808825979651,0.014539450187333677,0.005938779442148951,-0.002857597325469199,0.024241404637635727,-0.0012979918112448862,0.01536177651551437,-0.005785400101083153,0.011480287028198673,0.0031894164785933807,0.01823502447000013
0.027065929224232718,0.045716810151643424,0.043704291333589926,0.007876228674292286,0.020219910601532592,0.004596304447584163,0.017957762828420487,0.01115615290100041,0.025833253903337232,-8.868287906024983e-05,0.016918595177897528,-0.00905043544523852,0.009226448410586131,0.008873069687118021,0.01864563839916107
-0.004350414141194449,0.03141634336542717,0.045716810151643424,0.0037653860922300217,0.01968556043337262,0.0061758941325841905,0.020110995127926856,0.0013548780518758546,0.02338630906891003,0.0002537160306427017,0.016769082135463208,-0.005622133353651636,0.012909364362248765,0.00612956541493704,0.01902786943063727
-0.05124917666218219,0.04689876252098774,0.03141634336542717,-0.006184408925925255,0.02948991773124847,-0.002857597325469199,0.024241404637635727,-0.009511220526381307,0.039411792580509884,-0.00196803283224458,0.02116414608452148,0.00015777149391113372,0.014305421959586166,-0.004093837158400294,0.027482833527544236
-0.004701609492336939,0.046547567169845254,0.04689876252098774,-0.004472123598785392,0.02917397217998637,0.01115615290100041,0.025833253903337232,-0.020100400098571194,0.026976203320723015,-0.001975764421988127,0.02116519867989264,0.002021051591436383,0.014432306859181277,-0.005972580435412636,0.02692632179972327
0.03204685820228177,0.03674846769461871,0.046547567169845254,-0.0033065489661016335,0.030689837901022907,0.0013548780518758546,0.02338630906891003,-0.007967975984079119,0.04174397224246012,-8.312652441553761e-05,0.02299549616670873,-0.000911126850198136,0.015631106408750945,0.0007448738013670611,0.029996443851639555
-0.011188768305419565,0.04323562650770134,0.03674846769461871,-0.0020628635291031106,0.030088971699053998,-0.009511220526381307,0.039411792580509884,0.00538549346817509,0.02331613356627422,-0.0006669117871634557,0.02317868807697008,0.0030987567259629983,0.018362835719568787,-0.004432580300289909,0.02817381913440625
0.03719575657535835,0.048384524880777914,0.04323562650770134,-0.00037455897058217186,0.03225641499323216,-0.020100400098571194,0.026976203320723015,0.019351282157406852,0.026573460450570893,0.0033674636250638113,0.02456284533365321,0.0031894164785933807,0.01823502447000013,0.003545510771534242,0.031219100205820697
0.028758814021503005,0.008436942553855343,0.048384524880777914,0.005143645723200737,0.03421293334510038,-0.007967975984079119,0.04174397224246012,0.018255267430480598,0.02584586872649066,0.006330210571988295,0.024971320960587733,0.008873069687118021,0.01864563839916107,0.0037873514568585688,0.03143746298641093
0.0036927250601008392,0.025066088961402166,0.008436942553855343,0.014300629343581242,0.02083975383932913,0.00538549346817509,0.02331613356627422,0.023215765218987397,0.017425766057720008,0.005532968378847467,0.0248561559550692,0.00612956541493704,0.01902786943063727,0.004936371342757895,0.031236806474815644
0.005809815040790264,0.0021170899806894246,0.025066088961402166,0.01605253343243578,0.01930839475226823,0.019351282157406852,0.026573460450570893,0.012753784707464702,0.013901123695730606,0.004496909356676833,0.024492261395206757,-0.004093837158400294,0.027482833527544236,0.01308765587175396,0.01929279440378436
-0.016693881514425038,0.0225036965552153,0.0021170899806894246,0.007929076812984643,0.02137585797991348,0.018255267430480598,0.02584586872649066,-0.0023971138045113115,0.012426531805375453,0.002700946859450083,0.025094575655693754,-0.005972580435412636,0.02692632179972327,0.011374474154312805,0.021537597208724984
-0.024152404911247913,0.007458523396822875,0.0225036965552153,0.005768470712013251,0.024167567842862475,0.023215765218987397,0.017425766057720008,-0.011678823794960895,0.015597972915117731,0.0020454408983020976,0.025704275104303283,0.0007448738013670611,0.029996443851639555,0.0033460079952371347,0.022973993822697148
-0.004889654518096243,0.01926275039315167,0.007458523396822875,-0.0012457644702291812,0.018714064458210274,0.012753784707464702,0.013901123695730606,-0.015245313647923064,0.009712731326723331,-9.334945343186473e-05,0.024874939213668183,-0.004432580300289909,0.02817381913440625,0.004245881393426181,0.02242663729803607
-0.006682096742744088,0.0017924422246478446,0.01926275039315167,-0.00715258293093703,0.011584619069044634,-0.0023971138045113115,0.012426531805375453,-0.011908052057362749,0.010641726593462617,0.0007615637026157509,0.02438901259057395,0.003545510771534242,0.031219100205820697,-0.0020223833663027394,0.017206649843104584
-0.007846901641250788,0.0011648048985067007,0.0017924422246478446,-0.00907585404782897,0.010311978832318859,-0.011678823794960895,0.015597972915117731,-0.006472884300697039,0.0014896828592965436,-0.001732209930633071,0.023250860182381622,0.0037873514568585688,0.03143746298641093,-0.0072517713181247095,0.010578517578822855
0.011686668089349773,0.01953356973060056,0.0011648048985067007,-0.008096378539735717,0.012127880976050158,-0.015245313647923064,0.009712731326723331,-0.0009474434315483674,0.010956950901357761,-0.0005867040570227695,0.02350560197060216,0.004936371342757895,0.031236806474815644,-0.006109779456803434,0.012255499944454238
-0.013457415807380012,0.025144083896729785,0.01953356973060056,-0.007556967588561545,0.011734610031747932,-0.011908052057362749,0.010641726593462617,-0.0032058831197603424,0.013198883605784981,0.0021127074326059577,0.018972909409577382,0.01308765587175396,0.01929279440378436,-0.008862241006542043,0.01125509061273186
-0.019176014419364448,0.0057185986119844354,0.025144083896729785,-0.006727569173247634,0.010430452165876833,-0.006472884300697039,0.0014896828592965436,-0.006982254045798229,0.01641865045572905,0.001078821366389707,0.01975121547651915,0.011374474154312805,0.021537597208724984,-0.009216831421533388,0.01157743190172394
-0.002024470147316983,0.017151544272047466,0.0057185986119844354,-0.006250038444784425,0.010595703454811797,-0.0009474434315483674,0.010956950901357761,-0.011552633458020482,0.008732984288192941,-0.0013548449442959184,0.017626748762525908,0.0033460079952371347,0.022973993822697148,-0.00605569788382897,0.009686166468768043
0.019816135371420632,0.021840605518737614,0.017151544272047466,-0.0018336664257569714,0.014990512670970514,-0.0032058831197603424,0.013198883605784981,-0.000461449731753599,0.019543009260125633,0.0008597910326212386,0.018233463148196117,0.004245881393426181,0.02242663729803607,-0.0025262993281837025,0.013806559098659424
0.0076808235187916145,0.012135311852629019,0.021840605518737614,0.0007542877675834292,0.015084819060232235,-0.006982254045798229,0.01641865045572905,0.008490829580965089,0.010942810183944813,-0.0012484184714192422,0.015155526407043164,-0.0020223833663027394,0.017206649843104584,-0.0004744535765357443,0.014149032078856963
0.03725588282210572,0.029575059303314107,0.012135311852629019,0.0050158235563760875,0.02117377721970903,-0.011552633458020482,0.008732984288192941,0.021584280570772652,0.014866599687996251,-0.0006414849856619055,0.016555175368822245,-0.0072517713181247095,0.010578517578822855,0.005968801346800901,0.019492679005416173
0.02250532465974918,0.014750558162356542,0.029575059303314107,0.011009613634230952,0.019953511811304066,-0.000461449731753599,0.019543009260125633,0.02248067700021551,0.014787545057546805,0.0007022721285986903,0.017660624749146828,-0.006109779456803434,0.012255499944454238,0.007514323714000814,0.020428041741401632
0.0003824241591234569,0.022122900500625722,0.014750558162356542,0.014269353397312272,0.015024797923639456,0.008490829580965089,0.010942810183944813,0.020047877213659453,0.01855915608009656,0.00031460135133677545,0.017599346430553796,-0.008862241006542043,0.01125509061273186,0.009491443709215595,0.01865259787406994
0.020210999233500084,0.019828575074376627,0.022122900500625722,0.017975264960781782,0.012776028723141104,0.021584280570772652,0.014866599687996251,0.014366249350790908,0.012164559487861375,0.0029506642619028553,0.01761964704113952,-0.009216831421533388,0.01157743190172394,0.015118159945339101,0.013898336894402676
0.02183561113605799,0.001624611902557905,0.019828575074376627,0.018311844254888004,0.012860546680989187,0.02248067700021551,0.014787545057546805,0.01414301150956051,0.011944670951107836,0.0062355225509961336,0.016424363348460997,-0.00605569788382897,0.009686166468768043,0.01852674298582124,0.011753779010605507
-0.020649010112065953,0.04248462124812394,0.001624611902557905,0.013590205316411745,0.020484797437071153,0.020047877213659453,0.01855915608009656,0.007132533419164041,0.024073231226648898,0.005109854294284012,0.017733377858593965,-0.0025262993281837025,0.013806559098659424,0.01274600791675173,0.018832891168874776
0.007157345460439577,0.02780635557250553,0.04248462124812394,0.008573782422800722,0.01690245563477086,0.014366249350790908,0.012164559487861375,0.002781315494810538,0.021577719743851493,0.006098385880225702,0.017408234918367436,-0.0004744535765357443,0.014149032078856963,0.012671225336987151,0.018857379840519068
-0.03541931070210874,0.04257665616254832,0.02780635557250553,-0.0010803234708422656,0.022849765173366808,0.01414301150956051,0.011944670951107836,-0.01630365845124504,0.021618382763012485,0.00412892809016442,0.020408429156526228,0.005968801346800901,0.019492679005416173,0.002289054833527943,0.022683961547843978
-0.0030148418908386545,0.032404468811270085,0.04257665616254832,-0.001646534479169284,0.0228483610083641,0.007132533419164041,0.024073231226648898,-0.010425602377502606,0.02223471251757015,0.003078820234436675,0.020367824536990625,0.007514323714000814,0.020428041741401632,-0.0013566832451274624,0.020871697666271432
-0.018287195080865203,0.015272353190026549,0.032404468811270085,-0.008062900198230165,0.020796054024062285,0.002781315494810538,0.021577719743851493,-0.018907115891270868,0.0162111266139502,0.002733836000616305,0.02070752539374949,0.009491443709215595,0.01865259787406994,-0.004023771707982985,0.021785280930057258
-0.012391129676782976,0.005896065404082227,0.015272353190026549,-0.013767357000370324,0.01477800352433403,-0.01630365845124504,0.021618382763012485,-0.01123105554949561,0.007701981691475881,0.00321847062508641,0.020229178762701666,0.015118159945339101,0.013898336894402676,-0.00868121869516628,0.019054468683802353
0.04274789124865028,0.055139020925433255,0.005896065404082227,-0.003201206773584287,0.026715919943864158,-0.010425602377502606,0.02223471251757015,0.004023188830334032,0.03366590010459641,0.006416496439084071,0.022721997565502625,0.01852674298582124,0.011753779010605507,-0.0056937501076530965,0.025264066470211708
0.03411097965846115,0.008636911590189124,0.055139020925433255,0.0012910655927526413,0.030765300187416928,-0.018907115891270868,0.0162111266139502,0.021489247076776147,0.02965736008441274,0.007437556745301251,0.02367179014541848,0.01274600791675173,0.018832891168874776,0.0021291055738507756,0.028172136176625485
0.013673126397545114,0.020437853260916038,0.008636911590189124,0.009473138442694951,0.02504597486001316,-0.01123105554949561,0.007701981691475881,0.030177332434885518,0.014931197980953279,0.00786557837949793,0.023730628938872105,0.012671225336987151,0.018857379840519068,0.0030599314220087106,0.028472008779470863
-0.01703278389150586,0.030705910289050974,0.020437853260916038,0.007136814775917083,0.027019874536208868,0.004023188830334032,0.03366590010459641,0.010250440721500135,0.02574310044344865,0.003987816471382816,0.022982394051789055,0.002289054833527943,0.022683961547843978,0.005686578109237694,0.02496231135170368
0.030884572100898018,0.047917355992403876,0.030705910289050974,0.01533210930621095,0.025159358838814528,0.021489247076776147,0.02965736008441274,0.009174971535645756,0.02427330424966722,0.0045863341457505905,0.023602473629764434,-0.0013566832451274624,0.020871697666271432,0.010529351536628647,0.026248044174817676
-0.0035761948648363575,0.03446076696573438,0.047917355992403876,0.016801265108202058,0.02341350960533119,0.030177332434885518,0.014931197980953279,0.0034251977815186,0.024714021841194037,0.004303575644039175,0.02368029460942218,-0.004023771707982985,0.021785280930057258,0.012630922996061335,0.024053467526017436
-0.04738846916352238,0.04381227429868602,0.03446076696573438,0.001778538372839946,0.031093288107258477,0.010250440721500135,0.02574310044344865,-0.006693363975820239,0.039229514458444026,-0.0005249578128910011,0.026864972422732163,-0.00868121869516628,0.019054468683802353,0.00763130306938428,0.03233333346954236
-0.0023676409333722795,0.0450208282301501,0.04381227429868602,-0.004301231725798959,0.026773065731224007,0.009174971535645756,0.02427330424966722,-0.017777434987243674,0.025651026478347286,-0.0022537615321360197,0.026082716687979745,-0.0056937501076530965,0.025264066470211708,0.0011862270433810576,0.028427386444727143
-0.012495231514737007,0.010127590581364728,0.0450208282301501,-0.008662624711179312,0.025353180602044986,0.0034251977815186,0.024714021841194037,-0.020750447203877222,0.023618428889065422,-0.0016713487751839524,0.02572900054883456,0.0021291055738507756,0.028172136176625485,-0.0054718031242186795,0.024635797849172452
-0.03803827335167225,0.025543041836935246,0.010127590581364728,-0.012163539621207045,0.028047279976146405,-0.006693363975820239,0.039229514458444026,-0.017633715266593845,0.018382097696711352,-0.004899607261763369,0.027322100551926434,0.0030599314220087106,0.028472008779470863,-0.012859145945535444,0.02566960599930209
-0.0017564491618281429,0.03628182418984411,0.025543041836935246,-0.017603709831661405,0.020054149035949063,-0.017777434987243674,0.025651026478347286,-0.017429984676079133,0.01863750340598819,-0.0024951171517433256,0.025872391653757553,0.005686578109237694,0.02496231135170368,-0.010676812412724343,0.025903939847007548
0.012178650770086511,0.013935099931914654,0.03628182418984411,-0.014977902225840925,0.0230637945757051,-0.020750447203877222,0.023618428889065422,-0.009205357247804627,0.025923918315285857,-0.0014098676759629568,0.026165904223427065,0.010529351536628647,0.026248044174817676,-0.01334908688855456,0.021490776145735756
0.010117429544171686,0.0020612212259148253,0.013935099931914654,-0.005393585774558581,0.018373182617863255,-0.017633715266593845,0.018382097696711352,0.006846543717476685,0.00752135447220563,0.0006190340829682493,0.025855981717954852,0.012630922996061335,0.024053467526017436,-0.011392854830124836,0.0230922094510678
0.012960192977523315,0.0028427634333516288,0.0020612212259148253,-0.002838946789409316,0.01988173517467007,-0.017429984676079133,0.01863750340598819,0.011752091097260504,0.0014686016649729625,0.002429842843990127,0.025762296126807253,0.00763130306938428,0.03233333346954236,-0.0027716173814040235,0.018150332247850762
0.01935129495100197,0.006391101973478655,0.0028427634333516288,0.0024688076215471804,0.021007362615319845,-0.009205357247804627,0.025923918315285857,0.01414297249089899,0.004729195821787268,0.0007586573941581054,0.02361508185847171,0.0011862270433810576,0.028427386444727143,0.00033108774493515396,0.019993665511997816
-0.011527136058312,0.03087843100931397,0.006391101973478655,0.006887330503773889,0.011353142155473573,0.006846543717476685,0.00752135447220563,0.006928117290071094,0.016299043782492417,-0.002501208014182834,0.021731802981907942,-0.0054718031242186795,0.024635797849172452,0.00046938709585301296,0.01989325297128617
0.008228952989699001,0.019756089048011002,0.03087843100931397,0.00855156419569508,0.010535047843377512,0.011752091097260504,0.0014686016649729625,0.005351037294129657,0.015639091228787684,-0.0028900775433146997,0.021467213963005962,-0.012859145945535444,0.02566960599930209,0.007078990858906048,0.010376351310107338
-0.02090109352607565,0.029130046515774652,0.019756089048011002,0.003038273479668053,0.015664362151408144,0.01414297249089899,0.004729195821787268,-0.008066425531562884,0.014870181253611633,-0.0031663853743553985,0.02168701896202568,-0.010676812412724343,0.025903939847007548,0.004344041664013547,0.014710951086434446
0.034078593127138325,0.054979686653213976,0.029130046515774652,0.007031800743495825,0.02022156591979095,0.006928117290071094,0.016299043782492417,0.007135484196920558,0.02750614916017842,-0.0029382410153382344,0.022085916692084213,-0.01334908688855456,0.021490776145735756,0.007472604857878091,0.018496484298676095
-0.02386165108053283,0.05794024420767116,0.054979686653213976,0.000894826733819802,0.02340018577871861,0.005351037294129657,0.015639091228787684,-0.0035613838264900526,0.03263076959038156,-0.004387202173602267,0.0227853353230569,-0.011392854830124836,0.0230922094510678,0.0026184504829203036,0.02184269665581682
-0.024274849443085732,0.00041319836255290093,0.05794024420767116,-0.006376197331861482,0.02329595718749869,-0.008066425531562884,0.014870181253611633,-0.00468596913216008,0.033571731390977896,-0.0027362293364282214,0.02011023307833347,-0.0027716173814040235,0.018150332247850762,-0.002700841291452417,0.023383948452614746
-0.01935211827384449,0.004922731169241242,0.00041319836255290093,-0.00768036103445023,0.023854330437716776,0.007135484196920558,0.02750614916017842,-0.02249620626582102,0.002730686763008959,-0.003949406289319094,0.02059280288642126,0.00033108774493515396,0.019993665511997816,-0.00822990032357334,0.02182440960343519
-0.019851961743659174,0.0004998434698146835,0.004922731169241242,-0.012360513490009925,0.022841908992991995,-0.0035613838264900526,0.03263076959038156,-0.021159643153529802,0.0027093991111399093,-0.004474887019956392,0.02091892816155185,0.00046938709585301296,0.01989325297128617,-0.009419161135765793,0.02225656939136914
0.012172041612658507,0.03202400335631768,0.0004998434698146835,-0.0068483243002209,0.02431198637195035,-0.00468596913216008,0.033571731390977896,-0.00901067946828172,0.01834647691433593,-0.0008884359510756228,0.018931785875450663,0.007078990858906048,0.010376351310107338,-0.008855862761057291,0.02282043037485807
-0.021191006903266932,0.03336304851592544,0.03202400335631768,-0.016059924305288444,0.013978139597064964,-0.02249620626582102,0.002730686763008959,-0.009623642344755866,0.01888748632993509,-0.0022766186468926794,0.019697373775002577,0.004344041664013547,0.014710951086434446,-0.008897278957798902,0.022846182922170118
0.020957947413777496,0.04214895431704443,0.03336304851592544,-0.008589991222903387,0.01975650990117924,-0.021159643153529802,0.0027093991111399093,0.003979660707723024,0.02223667952221595,-0.0016495260294861799,0.020322798397587837,0.007472604857878091,0.018496484298676095,-0.01077165691685045,0.01893631588501787
0.049309849336996524,0.028351901923219028,0.04214895431704443,0.003674125240443655,0.028828887807518112,-0.00901067946828172,0.01834647691433593,0.01635892994916903,0.03547472204094634,0.0011499325271441656,0.024365626624631802,0.0026184504829203036,0.02184269665581682,-0.00031858542863197337,0.02835805845946984
0.008620366115448039,0.040689483221548486,0.028351901923219028,0.00833620597199241,0.02653062867337195,-0.009623642344755866,0.01888748632993509,0.026296054288740687,0.02086336621845971,0.0008399448941387885,0.024231049255000525,-0.002700841291452417,0.023383948452614746,0.004380731079729995,0.026383372659060315
-0.048207419977633705,0.05682778609308174,0.040689483221548486,0.0036102962663299883,0.03402344718017507,0.003979660707723024,0.02223667952221595,0.0032409318249369524,0.048980691998071806,-0.00398567760076376,0.02684690182587773,-0.00822990032357334,0.02182440960343519,0.00025854512204582174,0.0323001875404918
-0.07809776205576466,0.029890342078130953,0.05682778609308174,-0.01143467101174054,0.04697397547390041,0.01635892994916903,0.03547472204094634,-0.03922827197265011,0.044050848601942603,-0.008740722314867522,0.03338471662390835,-0.009419161135765793,0.02225656939136914,-0.008062283493969247,0.04379961521340458
-0.007122778816398122,0.07097498323936653,0.029890342078130953,-0.009089966330595738,0.04674011626673229,0.026296054288740687,0.02086336621845971,-0.044475986949932156,0.035634319914757136,-0.0098372745867316,0.03303474259437434,-0.008855862761057291,0.02282043037485807,-0.010818686412405909,0.04291213545185658
0.0267957132336975,0.033918492050095624,0.07097498323936653,-0.00811700536060907,0.0475445418576,0.0032409318249369524,0.048980691998071806,-0.019474942546155092,0.05352655650404101,-0.0064303598181763766,0.03424335262765128,-0.008897278957798902,0.022846182922170118,-0.003963440678553845,0.04477165301858995
-0.03237269722008569,0.059168410453783196,0.033918492050095624,-0.021730763120122773,0.03868050115331769,-0.03922827197265011,0.044050848601942603,-0.004233254267595438,0.029689850336359732,-0.011176880557263806,0.03277019138313906,-0.01077165691685045,0.01893631588501787,-0.011582104197677159,0.04435971806375074
-0.02501876703944118,0.007353930180644511,0.059168410453783196,-0.027337285312604306,0.03572653698496248,-0.044475986949932156,0.035634319914757136,-0.010198583675276457,0.032248311197912966,-0.011259531697185831,0.03280608473573012,-0.00031858542863197337,0.02835805845946984,-0.022200477965739686,0.03533216757403739
-0.05912098510358788,0.034102218064146705,0.007353930180644511,-0.029156212833596668,0.037247059728780285,-0.019474942546155092,0.05352655650404101,-0.03883748312103825,0.017946738193402156,-0.013748541387221699,0.03511048210870051,0.004380731079729995,0.026383372659060315,-0.03187781385417338,0.03475585322655548
-0.014627778443038685,0.0444932066605492,0.034102218064146705,-0.018577882231475676,0.02856960268468872,-0.004233254267595438,0.029689850336359732,-0.032922510195355914,0.023275807754846806,-0.013411088542164143,0.0350751677913954,0.00025854512204582174,0.0323001875404918,-0.027080722206374107,0.03444231667738479
0.036884843981335194,0.05151262242437388,0.0444932066605492,-0.011243278431853456,0.036614825180867276,-0.010198583675276457,0.032248311197912966,-0.01228797318843046,0.048045663915102524,-0.0093584595618074,0.03746971998048323,-0.008062283493969247,0.04379961521340458,-0.010654635629645554,0.033460872995605365
-0.08545414854102346,0.12233899252235865,0.05151262242437388,-0.029951588727640283,0.04162573777319737,-0.03883748312103825,0.017946738193402156,-0.021065694334242314,0.06142306035694648,-0.01633175885849897,0.04196881045002006,-0.010818686412405909,0.04291213545185658,-0.021844831304592027,0.04363433261071142
0.02065415531410789,0.10610830385513134,0.12233899252235865,-0.021113779971941356,0.04636798164226655,-0.032922510195355914,0.023275807754846806,-0.00930504974852679,0.06644450879369324,-0.013342818700115054,0.0430716991926999,-0.003963440678553845,0.04477165301858995,-0.022722196721676257,0.04254135790498975
0.06366209115989108,0.04300793584578319,0.10610830385513134,-0.00633363693871931,0.057638411222997,-0.01228797318843046,0.048045663915102524,-0.00037930068900816444,0.0767510126266189,-0.010292522718249797,0.04701896494294246,-0.011582104197677159,0.04435971806375074,-0.009002941238822436,0.053088275589360905
0.031626352821623314,0.03203573833826776,0.04300793584578319,0.008790919382149221,0.052712191596373685,-0.021065694334242314,0.06142306035694648,0.038647533098540764,0.02234711090475638,-0.011555629612205026,0.04550789708436162,-0.022200477965739686,0.03533216757403739,-0.0009107812586703652,0.05453751234712273
-0.01075722711706326,0.04238357993868658,0.03203573833826776,0.009436011269811794,0.052390979141317996,-0.00930504974852679,0.06644450879369324,0.02817707228815038,0.0373293702779809,-0.012939743414527262,0.04514024207547655,-0.03187781385417338,0.03475585322655548,0.005998327025118867,0.04868335742583722
0.018265944478678586,0.029023171595741845,0.04238357993868658,0.006332861352702358,0.05097219937128396,-0.00037930068900816444,0.0767510126266189,0.01304502339441288,0.02166876726606422,-0.008191645953362098,0.0446384646516555,-0.027080722206374107,0.03444231667738479,0.010697430299649906,0.04794250541294452
0.061764509983512836,0.04349856550483425,0.029023171595741845,0.030869304440125072,0.028377511491088508,0.038647533098540764,0.02234711090475638,0.02309107578170939,0.03650084940230685,0.0017985163351577221,0.04342407585763965,-0.010654635629645554,0.033460872995605365,0.014251668299960997,0.05103028625137493
-0.027641675045569355,0.0894061850290822,0.04349856550483425,0.022819999380178868,0.03730108140296856,0.02817707228815038,0.0373293702779809,0.017462926472207357,0.04470850152714423,0.00033288089021691947,0.04408952158168013,-0.021844831304592027,0.04363433261071142,0.02251059308502587,0.03406091142811808
0.0052974128150295756,0.03293908786059893,0.0894061850290822,0.013092552989368615,0.031711444837561824,0.01304502339441288,0.02166876726606422,0.01314008258432435,0.04521611529307088,-0.001202711996830789,0.04346693643299069,-0.022722196721676257,0.04254135790498975,0.020316772728014684,0.03468917074867139
-0.01619320452299368,0.021490617338023255,0.03293908786059893,0.005122626765265784,0.03212822491571417,0.02309107578170939,0.03650084940230685,-0.01284582225117782,0.01672272714981962,-4.703394703850257e-05,0.042784179247166466,-0.009002941238822436,0.053088275589360905,0.00890887334474543,0.03099250456137121
-0.0362009845618113,0.02000778003881762,0.021490617338023255,0.0008820005244744439,0.036079600356645494,0.017462926472207357,0.04470850152714423,-0.01569892542325847,0.02075361366323645,-0.0008457637700649395,0.043386374182270857,-0.0009107812586703652,0.05453751234712273,-0.0007807462814595133,0.033228517724446946
0.014757553591603878,0.050958538153415174,0.02000778003881762,0.0002972687099619933,0.035768605807950264,0.01314008258432435,0.04521611529307088,-0.012545545164400367,0.025674349393519546,0.004431274708163044,0.04012337630618488,0.005998327025118867,0.04868335742583722,0.00286422239120722,0.033350947906799516
0.049235122156951173,0.0344775685653473,0.050958538153415174,-0.0017909625944649507,0.03158320217316798,-0.01284582225117782,0.01672272714981962,0.009263897062247917,0.04298217397202989,0.008992910465305176,0.041399858034838866,0.010697430299649906,0.04794250541294452,0.007288390630960447,0.03752720970003368
-0.03137612308652285,0.08061124524347402,0.0344775685653473,-0.002413370601290533,0.03222480825173484,-0.01569892542325847,0.02075361366323645,0.0108721842206774,0.040445831506933795,0.0041171271033153154,0.04187913048846253,0.014251668299960997,0.05103028625137493,-0.006017414093330366,0.030923924861372878
0.025995690824544684,0.057371813911067535,0.08061124524347402,0.001036342400295318,0.034259033278097636,-0.012545545164400367,0.025674349393519546,0.014618229964991002,0.04149250747585503,0.01207782991514161,0.03324575102572733,0.02251059308502587,0.03406091142811808,0.0016450667452573545,0.031315517212002354
0.016040008581690343,0.009955682242854341,0.057371813911067535,0.006408544584409322,0.03353653583663026,0.009263897062247917,0.04298217397202989,0.003553192106570726,0.03065651149632048,0.011748248005683215,0.03317698954626251,0.020316772728014684,0.03468917074867139,0.0031797232833517502,0.031784058460604614
0.021416114212260518,0.005376105630570175,0.009955682242854341,0.016011394380087956,0.026381292638875408,0.0108721842206774,0.040445831506933795,0.021150604539498515,0.004983148981308802,0.008730678223709603,0.02984602099763695,0.00890887334474543,0.03099250456137121,0.008552483102673777,0.03113558526603725
-0.04642595330742372,0.06784206751968423,0.005376105630570175,0.005814143230250024,0.036749992353580264,0.014618229964991002,0.04149250747585503,-0.002989943504490953,0.037712608483610834,0.003155513500206244,0.032419239568902865,-0.0007807462814595133,0.033228517724446946,0.007091773281872003,0.033717868430529464
0.06511091705234978,0.1115368703597735,0.06784206751968423,0.008460109046149793,0.04084489895716186,0.003553192106570726,0.03065651149632048,0.013367025985728859,0.05620239521917281,0.008574666655164319,0.03605216179363321,0.00286422239120722,0.033350947906799516,0.01428511091912142,0.04034562351430653
0.054946770727054416,0.010164146325295366,0.1115368703597735,0.022847258015079336,0.03917568849448721,0.021150604539498515,0.004983148981308802,0.024543911490660163,0.061671458144949294,0.011194725672905447,0.03808614128175294,0.007288390630960447,0.03752720970003368,0.015101060714850453,0.041218569631653046
0.02512966174984138,0.029817108977213035,0.010164146325295366,0.02270291983596212,0.03916336191309045,-0.002989943504490953,0.037712608483610834,0.04839578317641519,0.020780081142949408,0.008577950799071773,0.03551621326230918,-0.006017414093330366,0.030923924861372878,0.023173315691473913,0.0357727503756598
-0.00880243243864923,0.03393209418849061,0.029817108977213035,0.018562512999238858,0.04126543251827628,0.013367025985728859,0.05620239521917281,0.02375800001274886,0.03189672895464819,0.009923610985280355,0.034376963960533385,0.0016450667452573545,0.031315517212002354,0.018202155225303357,0.037682077147856353
-0.02829958712966893,0.0194971546910197,0.03393209418849061,0.010276562775583949,0.04536551810914887,0.024543911490660163,0.061671458144949294,-0.003990785939492259,0.027037661057898493,0.007523825274944746,0.03586520601139381,0.0031797232833517502,0.031784058460604614,0.011867927266537745,0.04162634119193932
-0.011871846138124092,0.016427740991544836,0.0194971546910197,0.016035580637133888,0.03838366874972934,0.04839578317641519,0.020780081142949408,-0.016324621902147417,0.010483566629010043,0.00783249373100686,0.035663415567500446,0.008552483102673777,0.03113558526603725,0.007112504359339945,0.04225049176111559
0.030572015919272482,0.04244386205739657,0.016427740991544836,0.010279097114954337,0.031529753645225915,0.02375800001274886,0.03189672895464819,-0.0031998057828401803,0.03037876930243861,0.012601993765369985,0.0337343633975808,0.007091773281872003,0.033717868430529464,0.018112214248867973,0.03546747626125207
-0.014550911834525337,0.04512292775379782,0.04244386205739657,-0.001303849978642288,0.023609180938435705,-0.003990785939492259,0.027037661057898493,0.0013830859822076848,0.02531382174632204,0.010508531949217899,0.03449121655304016,0.01428511091912142,0.04034562351430653,0.006731952979314385,0.03027397272807509
0.025686960456001433,0.04023787229052677,0.04512292775379782,-0.001210966860948946,0.023734736842428453,-0.016324621902147417,0.010483566629010043,0.013902688180249525,0.02476229910711858,0.008826520399150061,0.03299930054488011,0.015101060714850453,0.041218569631653046,0.0025519800834496727,0.02384463249372115
0.044592359612265715,0.018905399156264283,0.04023787229052677,0.007688165147536878,0.02960349887518158,-0.0031998057828401803,0.03037876930243861,0.018576136077913936,0.030206034278918593,0.014252840591920671,0.03211411536472704,0.023173315691473913,0.0357727503756598,0.0053323654923674345,0.027733634792753155
-0.020123146493227224,0.06471550610549294,0.018905399156264283,0.009050905253610497,0.027745428833947924,0.0013830859822076848,0.02531382174632204,0.016718724525013308,0.03327681061051259,0.010958637926365537,0.03316509104608323,0.018202155225303357,0.037682077147856353,0.00371512062742772,0.028996577970893722
-0.00778711280813055,0.012336033685096674,0.06471550610549294,0.009731694141942753,0.02717359229576638,0.013902688180249525,0.02476229910711858,0.00556070010363598,0.03436054808596866,0.009256700684235472,0.03349400980982885,0.011867927266537745,0.04162634119193932,0.006645474101933203,0.026115322019099756
0.010625058417401866,0.018412171225532417,0.012336033685096674,0.006407201224964317,0.025267315489772377,0.018576136077913936,0.030206034278918593,-0.005761733627985303,0.015473837498307687,0.008485910984602713,0.03331635823864838,0.007112504359339945,0.04225049176111559,0.009859317609865484,0.024808280461586472
0.021542963673114236,0.01091790525571237,0.018412171225532417,0.012422847142904245,0.023515556499095498,0.016718724525013308,0.03327681061051259,0.008126969760795183,0.014823753971282624,0.013340833626069708,0.029423860532982463,0.018112214248867973,0.03546747626125207,0.008569453003271449,0.023764645084367614
0.04513248738998539,0.023589523716871154,0.01091790525571237,0.015663768298568238,0.02681741758931373,0.00556070010363598,0.03436054808596866,0.025766836493500495,0.017637218878739713,0.011913802935900821,0.027113698314048907,0.006731952979314385,0.03027397272807509,0.017095652892487264,0.024772234986609826
0.05124567184995908,0.006113184459973692,0.023589523716871154,0.016772653671517132,0.028346781599051674,-0.005761733627985303,0.015473837498307687,0.03930704097101957,0.015684852174785796,0.011649438730394012,0.026676358632753132,0.0025519800834496727,0.02384463249372115,0.020746897377338362,0.027931684167263635
-0.024389083524154122,0.07563475537411321,0.006113184459973692,0.01606166416636265,0.029487813204209606,0.008126969760795183,0.014823753971282624,0.02399635857193012,0.04201435482291209,0.008112385496537191,0.028001474774721882,0.0053323654923674345,0.027733634792753155,0.010892405500706954,0.030193673493617235
-0.025892256174669708,0.0015031726505155864,0.07563475537411321,0.013044140271939458,0.03311914915547764,0.025766836493500495,0.017637218878739713,0.0003214440503784173,0.044108078792234905,0.006891683801107158,0.02914475368658144,0.00371512062742772,0.028996577970893722,0.010068246974786598,0.03124190487787074
0.02519360967341265,0.05108586584808236,0.0015031726505155864,0.015472232147941254,0.03343882196693663,0.03930704097101957,0.015684852174785796,-0.00836257667513706,0.029070227272903457,0.0107126264298987,0.027644107985061152,0.006645474101933203,0.026115322019099756,0.0147797787578642,0.030580257040489545
-0.007535368869496444,0.0327289785429091,0.05108586584808236,0.010625843390839477,0.03447417901009252,0.02399635857193012,0.04201435482291209,-0.002744671790251167,0.025877683556317088,0.011022374806229246,0.027394756511538713,0.009859317609865484,0.024808280461586472,0.01218543200259301,0.0317398340441256
0.03620083630496239,0.043736205174458836,0.0327289785429091,0.009137234876668975,0.0328402836246047,0.0003214440503784173,0.044108078792234905,0.017953025702959532,0.022749361594129998,0.011424433405207098,0.027742841400150327,0.008569453003271449,0.023764645084367614,0.014279413807142748,0.03292158693306659
0.01770300087355454,0.018497835431407848,0.043736205174458836,0.0035467897139348846,0.02647698835893929,-0.00836257667513706,0.029070227272903457,0.01545615610300683,0.02195450168718919,0.013728284312927089,0.026740982490813477,0.017095652892487264,0.024772234986609826,0.010360915733366912,0.030153252245715467
0.021498046420685566,0.003795045547131025,0.018497835431407848,0.011194644704741498,0.023220900287506854,-0.002744671790251167,0.025877683556317088,0.025133961199734167,0.009770229583906404,0.013429076167547382,0.026620044198048136,0.020746897377338362,0.027931684167263635,0.006111254957756411,0.025104338291224108
-0.008018582067961001,0.029516628488646567,0.003795045547131025,0.01417359038919295,0.018091524052142358,0.017953025702959532,0.022749361594129998,0.010394155075426369,0.016058401524118377,0.009671151761816904,0.02557536623899164,0.010892405500706954,0.030193673493617235,0.008449898022926856,0.02240708107347489
0.006519987423943493,0.014538569491904494,0.029516628488646567,0.011061320014281423,0.017409972226583352,0.01545615610300683,0.02195450168718919,0.006666483925556019,0.014758859551230036,0.011574232755900526,0.024138729244091668,0.010068246974786598,0.03124190487787074,0.013080218537014457,0.016766661449366147
0.04493994650365892,0.03841995907971543,0.014538569491904494,0.019807205909807318,0.019279611196460288,0.025133961199734167,0.009770229583906404,0.014480450619880472,0.027361983989436352,0.015340451278171201,0.024984063794896517,0.0147797787578642,0.030580257040489545,0.01590112379847821,0.0204096835381807
-0.0036216271368768056,0.048561573640535725,0.03841995907971543,0.013170128669500786,0.019361670248545522,0.010394155075426369,0.016058401524118377,0.015946102263575204,0.025616310025816314,0.014322830881437012,0.02547619180933462,0.01218543200259301,0.0317398340441256,0.01646022976028102,0.019701994450411684
0.023390502998837614,0.02701213013571442,0.048561573640535725,0.014118045690381298,0.019763042351873344,0.006666483925556019,0.014758859551230036,0.021569607455206575,0.024331941025058094,0.014454797976131539,0.025521214529937473,0.014279413807142748,0.03292158693306659,0.014630182145120334,0.018091918695176065
-3.523179881192987e-06,0.023394026178718805,0.02701213013571442,0.010534450756953506,0.020103684218106085,0.014480450619880472,0.027361983989436352,0.006588450894026539,0.01466302783399447,0.011230797221141068,0.024162470860029713,0.010360915733366912,0.030153252245715467,0.012100678708915227,0.0188140884073696
-0.020300929941116076,0.020297406761234885,0.023394026178718805,0.008487392778094325,0.022813389021740283,0.015946102263575204,0.025616310025816314,0.0010286832926134487,0.021863998164517222,0.006120325664635699,0.02256128018677524,0.006111254957756411,0.025104338291224108,0.006129396371514994,0.021740054314294457
-0.009762378862771986,0.01053855107834409,0.020297406761234885,0.005773665063641745,0.024030194197107106,0.021569607455206575,0.024331941025058094,-0.010022277327923086,0.010151198979278103,0.007165090283305852,0.021345694068032106,0.008449898022926856,0.02240708107347489,0.005880282543684852,0.02193827929977472
0.037368312424917095,0.04713069128768908,0.01053855107834409,0.0045117260505181086,0.021642182724305094,0.006588450894026539,0.01466302783399447,0.002435001207009677,0.030708589013386776,0.011683702326133482,0.02048808100782378,0.013080218537014457,0.016766661449366147,0.01028718611525251,0.024976221363707193
-0.0065830111723476125,0.04395132359726471,0.04713069128768908,0.004018162044606308,0.02189703401270133,0.0010286832926134487,0.021863998164517222,0.007007640796599165,0.026341125280056672,0.009413943694293462,0.020635907819640496,0.01590112379847821,0.0204096835381807,0.002926763590108719,0.020196653259880935
-0.02946822019232044,0.02288520901997283,0.04395132359726471,-0.004791625153920035,0.023142068149314843,-0.010022277327923086,0.010151198979278103,0.00043902702008301434,0.03396707653531181,0.00784731145694889,0.02274627907053461,0.01646022976028102,0.019701994450411684,-0.0007656068463832279,0.023659202488911072
0.0045113484095037374,0.033979568601824175,0.02288520901997283,-0.004039146555689213,0.02340084888845213,0.002435001207009677,0.030708589013386776,-0.010513294318388107,0.017327380494395462,0.005583776607273273,0.021234202758281612,0.014630182145120334,0.018091918695176065,-0.0034626289305737822,0.02141634224732658
-0.0006824496958238795,0.005193798105327617,0.033979568601824175,-0.0007693998481405133,0.022003058865740402,0.007007640796599165,0.026341125280056672,-0.008546440492880194,0.01830394859131927,0.004270530138031957,0.02099419908040011,0.012100678708915227,0.0188140884073696,-0.0035596184328513087,0.021399596673635963
-0.031448474892277055,0.030766025196453176,0.005193798105327617,-0.004383749186391358,0.025308590811891768,0.00043902702008301434,0.03396707653531181,-0.009206525392865731,0.019436360843545244,0.0004886357585346276,0.022375561852981587,0.006129396371514994,0.021740054314294457,-0.005152124854445735,0.02319274560950653
-0.0242328408610281,0.007215634031248953,0.030766025196453176,-0.014650608067382226,0.0156264217800456,-0.010513294318388107,0.017327380494395462,-0.018787921816376344,0.016089513173160538,-0.0006695255838273081,0.023252220589491467,0.005880282543684852,0.02193827929977472,-0.007219333711339465,0.024291035752379
0.0030314319551178396,0.02726427281614594,0.007215634031248953,-0.013048200879471316,0.01704750688611521,-0.008546440492880194,0.01830394859131927,-0.01754996126606244,0.018185479202150922,-0.0009187081173148547,0.023187850951566884,0.01028718611525251,0.024976221363707193,-0.012124602349882219,0.015752856319848872
0.005342641532241498,0.002311209577123658,0.02726427281614594,-0.007246390592044325,0.01624639953879677,-0.009206525392865731,0.019436360843545244,-0.0052862557912229215,0.016448867340424094,-0.003747087043844671,0.019243351950212602,0.002926763590108719,0.020196653259880935,-0.010420937677798059,0.01704402611013177
-0.04507854543554955,0.05042118696779105,0.002311209577123658,-0.015511372899553207,0.02098997574217229,-0.018787921816376344,0.016089513173160538,-0.012234823982730072,0.028466962457911506,-0.006708295493749868,0.02218713567234692,-0.0007656068463832279,0.023659202488911072,-0.012650984141116503,0.020601504839692874
-0.03338557319875466,0.011692972236794892,0.05042118696779105,-0.020961893483375002,0.020611823953404943,-0.01754996126606244,0.018185479202150922,-0.02437382570068757,0.026390959030261184,-0.0107637295078636,0.021438614884063772,-0.0034626289305737822,0.02141634224732658,-0.018064830085153416,0.0203172399676975
-0.018763393595674024,0.014622179603080637,0.011692972236794892,-0.0188477132672745,0.019961377195096407,-0.0052862557912229215,0.016448867340424094,-0.03240917074332608,0.013184719390459218,-0.012103720251848802,0.021300161137879352,-0.0035596184328513087,0.021399596673635963,-0.020647822070846294,0.018834274383075462
0.004883877331057017,0.02364727092673104,0.014622179603080637,-0.01399492690192698,0.021841128531759367,-0.012234823982730072,0.028466962457911506,-0.015755029821123888,0.01931127650916544,-0.010304805446693582,0.021615767287894223,-0.005152124854445735,0.02319274560950653,-0.015457486038941426,0.020310160861554308
0.0640205064852579,0.05913662915420088,0.02364727092673104,-0.0038300811469036363,0.038888921026495646,-0.02437382570068757,0.026390959030261184,0.016713663406880297,0.04264095926573694,-0.005034599350405733,0.029364087034488527,-0.007219333711339465,0.024291035752379,-0.002849864989472,0.035595167015264086
0.019238485753444275,0.044782020731813615,0.05913662915420088,-0.0015141071100365077,0.03994390670947383,-0.03240917074332608,0.013184719390459218,0.029380956523253066,0.030845380722527797,-0.006329586969796648,0.02770301667570755,-0.012124602349882219,0.015752856319848872,-0.0005345715897110777,0.03655561285942758
-0.13254644532142412,0.1517849310748684,0.044782020731813615,-0.016092090424348938,0.06629341777511183,-0.015755029821123888,0.01931127650916544,-0.016429151027573984,0.10302318608352004,-0.015326975123302113,0.04365444018855486,-0.010420937677798059,0.01704402611013177,-0.020233012568806167,0.06150104351716146
0.07506493983564269,0.2076113851570668,0.1517849310748684,0.0019829950813839564,0.07486571114287578,0.016713663406880297,0.04264095926573694,-0.012747673244112384,0.10743815703590469,-0.007860320835590462,0.04958632134322911,-0.012650984141116503,0.020601504839692874,-0.0030696575300644185,0.06963787769351963
0.03470322065739696,0.04036171917824573,0.2076113851570668,0.010894097456895785,0.07508412291552333,0.029380956523253066,0.030845380722527797,-0.007592761609461489,0.1100787645218086,-0.005703758532169516,0.050807274348612624,-0.018064830085153416,0.0203172399676975,0.006657313020814386,0.06945267207362099
-0.007223732686285827,0.041926953343682793,0.04036171917824573,0.008876162454005312,0.07543981471749235,-0.016429151027573984,0.10302318608352004,0.034181475935584606,0.041146817246554473,-0.0061709930314882274,0.050787618958738165,-0.020647822070846294,0.018834274383075462,0.008305836007869842,0.06888334300076311
-0.01821277594313711,0.010989043256851284,0.041926953343682793,-0.004829384617393856,0.07074134293994834,-0.012747673244112384,0.10743815703590469,0.003088904009324675,0.027924693924350763,-0.005225585963692517,0.05040261702348461,-0.015457486038941426,0.020310160861554308,0.005006314111556395,0.0696237611777009
0.009380295262936971,0.02759307120607408,0.010989043256851284,-0.006472416365811739,0.07018282311633388,-0.007592761609461489,0.1100787645218086,-0.005352071122161989,0.013891426579147029,-0.002824647669123583,0.05022783659605676,-0.002849864989472,0.035595167015264086,-0.002799430348775165,0.06480066615746785
-0.07287345198301864,0.08225374724595562,0.02759307120607408,0.003473082523922507,0.050098108482927374,0.034181475935584606,0.041146817246554473,-0.027235310887739592,0.041862564859553426,-0.008246425093276189,0.05353493778666308,-0.0005345715897110777,0.03655561285942758,-0.015958278596841298,0.06880815087142429
-0.003141520698765284,0.06973193128425335,0.08225374724595562,-0.009561327565145489,0.03591124122630047,0.003088904009324675,0.027924693924350763,-0.022211559139615655,0.04431895202508765,-0.008852436681205245,0.05341716818962507,-0.020233012568806167,0.06150104351716146,0.00252813920639568,0.04580139175199089
0.07390310667444616,0.07704462737321145,0.06973193128425335,-0.003028013228970621,0.04732640406446582,-0.005352071122161989,0.013891426579147029,-0.0007039553357792577,0.07341863412313099,-0.00035374724477697995,0.05658151440238473,-0.0030696575300644185,0.06963787769351963,0.0023621630405104613,0.04549580679843048
0.043934226098630784,0.029968880575815378,0.07704462737321145,0.005498313235182147,0.05089322353992519,-0.027235310887739592,0.041862564859553426,0.03823193735810388,0.03883755559287306,0.005169095562179123,0.05688205002560608,0.006657313020814386,0.06945267207362099,0.0036808781035438634,0.04670711931930709
0.01089481937624656,0.03303940672238422,0.029968880575815378,0.010349579121746092,0.0495505779092827,-0.022211559139615655,0.04431895202508765,0.04291071738310784,0.031516610614581934,0.007287539345887737,0.056472981705686306,0.008305836007869842,0.06888334300076311,0.006269242683905634,0.04650369692194763
0.0279628310982715,0.01706801172202494,0.03303940672238422,0.01344666842763518,0.05005603703190492,-0.0007039553357792577,0.07341863412313099,0.027597292191049616,0.016522736249220394,0.008936036043545913,0.05673366531054361,0.005006314111556395,0.0696237611777009,0.012865757975535436,0.04572054135130487
0.033962999687720055,0.006000168589448556,0.01706801172202494,0.03125274370609163,0.026815864619394943,0.03823193735810388,0.03883755559287306,0.02427355005407937,0.011968430627611118,0.00678907127229321,0.055031970953669004,-0.002799430348775165,0.06480066615746785,0.01637757289336159,0.046348000061419835
0.03788766385728007,0.003924664169560013,0.006000168589448556,0.03809094113209919,0.020861179514436307,0.04291071738310784,0.031516610614581934,0.03327116488109054,0.004998455048644579,0.008121155422567196,0.05557948156044836,-0.015958278596841298,0.06880815087142429,0.032200589441975694,0.024607540379146767
0.028026660925131272,0.009861002932148796,0.003924664169560013,0.030444866840546706,0.011348549479893482,0.027597292191049616,0.016522736249220394,0.033292441490043796,0.004964582654092377,0.019590663011606866,0.038154730331212354,0.00252813920639568,0.04580139175199089,0.036653186816818055,0.019419765821855835
-0.03292990537905555,0.060956566304186825,0.009861002932148796,0.017634178260932318,0.02643355581785242,0.02427355005407937,0.011968430627611118,0.010994806467785263,0.038358116192377854,0.011876745496271277,0.0369751852268506,0.0023621630405104613,0.04549580679843048,0.021391327952032104,0.026097712752696452
-0.05813537484698316,0.025205469467927608,0.060956566304186825,0.006129145890394032,0.040975787891854944,0.03327116488109054,0.004998455048644579,-0.02101287310030248,0.044299953113388434,0.005245417245958411,0.04070356440531405,0.0036808781035438634,0.04670711931930709,0.006809956388372964,0.03744894989632797
0.015800918380570652,0.07393629322755381,0.025205469467927608,0.00410216043744389,0.03996813060421429,0.033292441490043796,0.004964582654092377,-0.02508812061515602,0.0375867537208283,0.0068900351793053025,0.04062607553036363,0.006269242683905634,0.04650369692194763,0.007510827674704976,0.03758380821138608
0.03281866029786822,0.01701774191729757,0.07393629322755381,0.003911437205801918,0.03979951434722299,0.010994806467785263,0.038358116192377854,-0.00317193205618143,0.04835427507009321,0.01053513776794854,0.040489639532307165,0.012865757975535436,0.04572054135130487,0.008204517560361653,0.03806592821772891
-0.09963643229835423,0.13245509259622246,0.01701774191729757,-0.019009245486803796,0.05354556534799217,-0.02101287310030248,0.044299953113388434,-0.01700561787330512,0.07206448157311002,0.002748228656427741,0.0500767715715948,0.01637757289336159,0.046348000061419835,-0.010881115580506103,0.05340167079888332
0.011229836852884291,0.11086626915123851,0.13245509259622246,-0.021808716165511628,0.05097183778214977,-0.02508812061515602,0.0375867537208283,-0.018529311715867237,0.07106541410082147,0.008755606430420807,0.04510495327586127,0.032200589441975694,0.024607540379146767,-0.014689376581134074,0.050198623937633545
-0.018065726049412405,0.029295562902296696,0.11086626915123851,-0.019331352943904437,0.05068361942234215,-0.00317193205618143,0.04835427507009321,-0.03549077383162745,0.05745047107324772,0.007689591762517441,0.04558160167848116,0.036653186816818055,0.019419765821855835,-0.021274003291783167,0.04655221044600864
0.041100177330951865,0.059165903380364274,0.029295562902296696,-0.0027920942475819313,0.0516702654433032,-0.01700561787330512,0.07206448157311002,0.011421429378141251,0.029583417001344703,0.005346525380839277,0.042666010233829786,0.021391327952032104,0.026097712752696452,-0.01069827719035354,0.051598459701395365
0.010308971819504143,0.03079120551144772,0.059165903380364274,-0.00370741867442635,0.051322495176233024,-0.018529311715867237,0.07106541410082147,0.011114474367014534,0.029591175314089575,0.0029447215037588033,0.04124961868581596,0.006809956388372964,0.03744894989632797,-0.0009205133808553512,0.047427488306565346
0.05183629533181643,0.04152732351231229,0.03079120551144772,-0.0005378128354349802,0.05451727041780777,-0.03549077383162745,0.05745047107324772,0.034415148160757476,0.02155566887801962,0.0058691126434423655,0.04325893112597148,0.007510827674704976,0.03758380821138608,0.004227397612179762,0.05133934091685811
0.008259523831638768,0.04357677150017766,0.04152732351231229,0.017444846519563854,0.025208190721079844,0.011421429378141251,0.029583417001344703,0.02346826366098645,0.02458879775266882,0.0044617335529686,0.04280295481885767,0.008204517560361653,0.03806592821772891,0.0007189495455755512,0.04987818634717232
-0.05267909542793531,0.06093861925957408,0.04357677150017766,0.00679335780609392,0.038406457830349135,0.011114474367014534,0.029591175314089575,0.0024722412451732984,0.05249748761814802,-0.0017269875267210692,0.04444162472672868,-0.010881115580506103,0.05340167079888332,0.0074271405270639685,0.03510021509417181
0.041276281699970524,0.09395537712790583,0.06093861925957408,0.016683692430991076,0.03836525952356658,0.034415148160757476,0.02155566887801962,-0.001047763298775338,0.04766416282814303,-0.0014849433951003225,0.044682550778896137,-0.014689376581134074,0.050198623937633545,0.011719489790933431,0.03740428812609241
0.0014581295028886266,0.039818152197081895,0.09395537712790583,0.010076684459647203,0.036696603104811404,0.02346826366098645,0.02458879775266882,-0.003314894741692052,0.047159193622678376,-0.0033826956395462257,0.043889897971912006,-0.021274003291783167,0.04655221044600864,0.014508612012690719,0.035492174335216016
0.051359538315975346,0.04990140881308672,0.039818152197081895,0.016918445542392403,0.04038951669427467,0.0024722412451732984,0.05249748761814802,0.0313646498396115,0.026385942942865722,0.0026379789100988388,0.04528405742421522,-0.01069827719035354,0.051598459701395365,0.01597423501055122,0.03695494938024757
0.0015480926731884451,0.0498114456427869,0.04990140881308672,0.008537078432621073,0.03674798748127574,-0.001047763298775338,0.04766416282814303,0.018121920164017473,0.028784656827110556,0.00690108373296824,0.04179781608694061,-0.0009205133808553512,0.047427488306565346,0.014722680846791835,0.03732528937847237
0.043124972777963275,0.04157688010477483,0.0498114456427869,0.014347986590341824,0.03935916258408764,-0.003314894741692052,0.047159193622678376,0.03201086792237569,0.026700889953554456,0.00885280190421057,0.04286955241247774,0.004227397612179762,0.05133934091685811,0.013478206196241382,0.036003453884846555
-0.00863616926400947,0.05176114204197274,0.04157688010477483,0.021688474284329462,0.026298530512338433,0.0313646498396115,0.026385942942865722,0.012012298729047416,0.0274213176681378,0.0058917426497907335,0.04251708466547362,0.0007189495455755512,0.04987818634717232,0.011064535754005922,0.036965124264135604
-0.056214727237963745,0.04757855797395427,0.05176114204197274,0.005439972794673752,0.03888240563457129,0.018121920164017473,0.028784656827110556,-0.007241974574669979,0.049684523082519666,0.008993293011247199,0.035176998208915775,0.0074271405270639685,0.03510021509417181,0.010559445495430428,0.03799119496777297
0.0207722651835595,0.07698699242152324,0.04757855797395427,0.008658995408118897,0.03928424318741403,0.03201086792237569,0.026700889953554456,-0.014692877106137906,0.0388492217803857,0.009674895034866854,0.03531584255248076,0.011719489790933431,0.03740428812609241,0.007630300278800284,0.03596457467226366
0.05503094820463163,0.03425868302107213,0.07698699242152324,0.009270897056228277,0.040102453575346204,0.012012298729047416,0.0274213176681378,0.006529495383409127,0.05697405062706068,0.014896086053012859,0.036289107668000316,0.014508612012690719,0.035492174335216016,0.015283560093334996,0.039915374688878076
0.009748135743790753,0.04528281246084087,0.03425868302107213,0.010637570901328663,0.039925964430798426,-0.007241974574669979,0.049684523082519666,0.028517116377327293,0.02361398560389851,0.012656654511072776,0.03550658400620446,0.01597423501055122,0.03695494938024757,0.00933907401159434,0.03660880844345665
0.05540048405833449,0.045652348314543734,0.04528281246084087,0.0126834894480572,0.042174839883645086,-0.014692877106137906,0.0388492217803857,0.04005985600225229,0.02625137002057633,0.015877476813846374,0.03727818417842343,0.014722680846791835,0.03732528937847237,0.017032272780900918,0.04018267887213831
0.0001229508198270586,0.05527753323850743,0.045652348314543734,0.014143342795363287,0.04143437666555132,0.006529495383409127,0.05697405062706068,0.021757190207317437,0.02953073758077397,0.012183666491561418,0.0359805164986826,0.013478206196241382,0.036003453884846555,0.01088912678688146,0.03879178298980347
0.010300347774418975,0.010177396954591916,0.05527753323850743,0.025229188630760405,0.02412953614520268,0.028517116377327293,0.02361398560389851,0.021941260884193504,0.029419968792566115,0.012329439630331434,0.035967526886301546,0.011064535754005922,0.036965124264135604,0.01359434350665695,0.0378521171964263
-0.00655759115301148,0.016857938927430455,0.010177396954591916,0.020674212574665247,0.027485344946321537,0.04005985600225229,0.02625137002057633,0.0012885691470781845,0.008489200538558478,0.015623832792825991,0.03137402993557729,0.010559445495430428,0.03799119496777297,0.020688220090221563,0.025090599750145843
-0.028284701886593877,0.021727110733582397,0.016857938927430455,0.006788270892794327,0.02770160536075477,0.021757190207317437,0.02953073758077397,-0.008180648421728795,0.019343661765778966,0.010655191108071393,0.03248736380059639,0.007630300278800284,0.03596457467226366,0.013680081937342506,0.03117630295516339
0.01081314187035224,0.03909784375694612,0.021727110733582397,0.006965771913887908,0.02772776386436481,0.021941260884193504,0.029419968792566115,-0.008009717056417705,0.01958932997425257,0.011323406277175934,0.03237967350569774,0.015283560093334996,0.039915374688878076,0.007363252461016881,0.025333706326994568
-0.054343254057599995,0.06515639592795223,0.03909784375694612,-0.011324851105434505,0.0254940715737493,0.0012885691470781845,0.008489200538558478,-0.02393827135794721,0.032794932174579676,0.003773206821920554,0.034575339786816164,0.00933907401159434,0.03660880844345665,-0.0017926603677532282,0.0343170758222439
0.026883605360180217,0.08122685941778021,0.06515639592795223,-0.006864742015375646,0.029863747136053297,-0.008180648421728795,0.019343661765778966,-0.005548835609022512,0.043014374376429465,0.005582886299562824,0.035108834969734215,0.017032272780900918,0.04018267887213831,-0.005866500181775267,0.027389381789546852
-0.001886867902047593,0.02877047326222781,0.08122685941778021,-0.008895944628120073,0.0288603575303667,-0.008009717056417705,0.01958932997425257,-0.009782172199822458,0.041184979606463376,0.0023677548224191906,0.03342714672121668,0.01088912678688146,0.03879178298980347,-0.006153617142043073,0.027326593596777072
-0.013107428014918734,0.01122056011287114,0.02877047326222781,-0.009987584105104615,0.02887808795179983,-0.02393827135794721,0.032794932174579676,0.003963103147737963,0.020627343710826324,0.002048379197354243,0.033561459948616285,0.01359434350665695,0.0378521171964263,-0.009497585111948459,0.026393824963798492
0.05723014424306548,0.07033757225798422,0.01122056011287114,0.004264890249838611,0.03777395968788085,-0.005548835609022512,0.043014374376429465,0.014078616108699718,0.03778909932189253,0.010151584303142044,0.032074434200573376,0.020688220090221563,0.025090599750145843,-0.00038505148393746483,0.03661166115202409
0.01419785538524115,0.04303228885782433,0.07033757225798422,0.0048290091689867625,0.03791631566667351,-0.009782172199822458,0.041184979606463376,0.019440190537795967,0.03546061302594149,0.009681983603262162,0.03195488090874071,0.013680081937342506,0.03117630295516339,0.005683885269181823,0.03468652264889764
0.004157184744340635,0.010040670640900515,0.04303228885782433,0.014579082302643535,0.024967763314743662,0.003963103147737963,0.020627343710826324,0.02519506145754909,0.028193769941884803,0.006048143356098519,0.029172715207380406,0.007363252461016881,0.025333706326994568,0.004733034251180166,0.03461363372631703
-0.01870307527002034,0.022860260014360975,0.010040670640900515,0.006981302197610108,0.027301608650688793,0.014078616108699718,0.03778909932189253,-0.00011601171347951772,0.016861582531628706,0.004015913997969156,0.029877607458705418,-0.0017926603677532282,0.0343170758222439,0.009824488363691545,0.026033327654907783
-0.07500753013434158,0.05630445486432124,0.022860260014360975,-0.0052054748411055575,0.0435414932065244,0.019440190537795967,0.03546061302594149,-0.029851140220007094,0.04074276051708579,-0.005298944158650563,0.032809856732492614,-0.005866500181775267,0.027389381789546852,-0.004731388135525855,0.039767549580560814
0.013280241281469695,0.08828777141581128,0.05630445486432124,-0.0008075299583741518,0.043914775360288684,0.02519506145754909,0.028193769941884803,-0.02681012137429741,0.04469872249623351,-0.00435913769710466,0.03316363968653184,-0.006153617142043073,0.027326593596777072,-0.002564658252166243,0.04035718124456205
0.023468845851757923,0.010188604570288229,0.08828777141581128,-0.006434413023592079,0.03653364857855725,-0.00011601171347951772,0.016861582531628706,-0.012752814333704655,0.05415430864978316,-0.00341853069158045,0.03379219383790104,-0.009497585111948459,0.026393824963798492,0.002660523728787567,0.04112519123067722
0.008018750257038432,0.015450095594719491,0.010188604570288229,-0.007464263878292531,0.03591762036865042,-0.029851140220007094,0.04074276051708579,0.014922612463422016,0.00785489661268519,-0.002377363448005456,0.03391237806990177,-0.00038505148393746483,0.03661166115202409,-0.00436967541207344,0.0337949437324906
-0.07579058699326632,0.08380933725030476,0.015450095594719491,-0.020788892501227025,0.04453881736063726,-0.02681012137429741,0.04469872249623351,-0.014767663628156657,0.053409027752707956,-0.005770640955624916,0.038737531569774185,0.005683885269181823,0.03468652264889764,-0.017225167180431652,0.04173714784662918
0.030054302906225593,0.10584488989949192,0.08380933725030476,-0.01266266280518604,0.049199588394015066,-0.012752814333704655,0.05415430864978316,-0.012572511276667432,0.055846085074255626,-0.004396272310205391,0.039700525940138245,0.004733034251180166,0.03461363372631703,-0.013525578871590945,0.04497086409458949
0.022484848874644425,0.007569454031581168,0.10584488989949192,0.0035860670296449636,0.03966695163035433,0.014922612463422016,0.00785489661268519,-0.007750478404132102,0.0590458842020334,0.0010914493278120676,0.037515120363576855,0.009824488363691545,0.026033327654907783,-0.007641589708067405,0.04683635845981923
0.034878688963479884,0.01239384008883546,0.007569454031581168,0.007185808309979995,0.041652941330910694,-0.014767663628156657,0.053409027752707956,0.02913928024811663,0.0062473808820613635,0.0016625267280477583,0.03799572016835858,-0.004731388135525855,0.039767549580560814,0.008056441591621374,0.038093467735399934
0.001622852496472499,0.03325583646700739,0.01239384008883546,0.0035448094174324245,0.04089280018723183,-0.012572511276667432,0.055846085074255626,0.01966213011153227,0.016806649597460036,0.0019132210422277648,0.03798207600486858,-0.002564658252166243,0.04035718124456205,0.006391100336621775,0.038081848606267496
0.03251807418314536,0.03089522168667286,0.03325583646700739,0.007628030071783579,0.04261573257575053,-0.007750478404132102,0.0590458842020334,0.02300653854769925,0.018556391011949374,0.005172185484946628,0.03854731410143351,0.002660523728787567,0.04112519123067722,0.007683847241105697,0.03890294369369297
0.01458168562883408,0.017936388554311282,0.03089522168667286,0.02269007550880031,0.012720060463060226,0.02913928024811663,0.0062473808820613635,0.016240870769483978,0.015514295094053753,0.0021258670125015285,0.03569661409632727,-0.00436967541207344,0.0337949437324906,0.008621409437076502,0.03899134310438197
-0.01927862393835475,0.03386030956718883,0.017936388554311282,0.014467921034703587,0.020545153364571103,0.01966213011153227,0.016806649597460036,0.009273711957874896,0.026303144725320398,-0.0002653100820410357,0.03594611190301891,-0.017225167180431652,0.04173714784662918,0.016694547016349585,0.019658530340451393
0.03219476514539049,0.05147338908374524,0.03386030956718883,0.016086240413161267,0.021655358497786926,0.02300653854769925,0.018556391011949374,0.009165942278623274,0.026160564844211035,0.0017373742323196684,0.03697769191644313,-0.013525578871590945,0.04497086409458949,0.017000327336230282,0.01991593191501582
0.02870233431224672,0.0034924308331437705,0.05147338908374524,0.015056847971289073,0.020709536780412208,0.016240870769483978,0.015514295094053753,0.013872825173094155,0.02876305272259558,0.005123474916767316,0.03713211724007347,-0.007641589708067405,0.04683635845981923,0.017888539541602043,0.020335521502083835
0.028319707017573158,0.0003826272946735633,0.0034924308331437705,0.01950632372480585,0.020105067804280754,0.009273711957874896,0.026303144725320398,0.029738935491736795,0.0021353981777366363,0.012503991856189797,0.02945505375021862,0.008056441591621374,0.038093467735399934,0.016951542120758223,0.01955845485094034
-0.03282775927414628,0.06114746629171944,0.0003826272946735633,0.00861535148192391,0.02785297001058739,0.009165942278623274,0.026160564844211035,0.008064760685224532,0.03541447786403624,0.00921056324507437,0.031842538285116906,0.006391100336621775,0.038081848606267496,0.012030026153526968,0.026983512937825267
0.008930818746174223,0.0417585780203205,0.06114746629171944,0.007673540334813933,0.027706028293765624,0.013872825173094155,0.02876305272259558,0.0014742554965337003,0.031248254512790927,0.008172132737532678,0.03157773933660263,0.007683847241105697,0.03890294369369297,0.008660418233959664,0.025426446188182582
0.014029235577923365,0.0050984168317491415,0.0417585780203205,0.013224850254193619,0.024360597164946905,0.029738935491736795,0.0021353981777366363,-0.003289234983349564,0.025707815475182957,0.008601453117595888,0.03161632828459509,0.008621409437076502,0.03899134310438197,0.008581496798115276,0.025405852955973418
0.016578289767845287,0.002549054189921922,0.0050984168317491415,0.010622104357936086,0.022706543724458166,0.008064760685224532,0.03541447786403624,0.013179448030647625,0.003893912866700198,0.015199230029103861,0.020242535245265744,0.016694547016349585,0.019658530340451393,0.013703913041858138,0.022274172336490868
0.0065796692853038385,0.009998620482541448,0.002549054189921922,0.0069349935201122705,0.020908436037575664,0.0014742554965337003,0.031248254512790927,0.01239573154369083,0.005195609152049914,0.013522470484752306,0.019886495905674206,0.017000327336230282,0.01991593191501582,0.010044613633274328,0.020784378958369328
0.017750206852208295,0.011170537566904455,0.009998620482541448,0.005173410159218127,0.019114692255503107,-0.003289234983349564,0.025707815475182957,0.013636055301785808,0.006139037801101828,0.01318428176886401,0.01976222830429984,0.017888539541602043,0.020335521502083835,0.008480023996125984,0.01951953078715032
-0.008192670400768612,0.025942877252976906,0.011170537566904455,0.009279258304781072,0.009594504649842003,0.013179448030647625,0.003893912866700198,0.005379068578914507,0.013013043517290395,0.010107756099989118,0.01947564616490203,0.016951542120758223,0.01955845485094034,0.0032639700792200165,0.018165845607051104
-0.03665243465535467,0.02845976425458606,0.025942877252976906,0.0016820494045262577,0.02108822470950421,0.01239573154369083,0.005195609152049914,-0.009031632734638329,0.027211022474327242,0.007373807017715748,0.02310642514732928,0.012030026153526968,0.026983512937825267,0.002717587881904533,0.01944481243757247
0.028754584653704725,0.0654070193090594,0.02845976425458606,0.004136274250489818,0.023528263632673494,0.013636055301785808,0.006139037801101828,-0.005363506800806186,0.0327951622763241,0.007104986337041418,0.022811402778460114,0.008660418233959664,0.025426446188182582,0.0055495544401231766,0.021801319170362824
0.020294692354684937,0.008459892299019788,0.0654070193090594,0.004755674681629758,0.023966162529592504,0.005379068578914507,0.013013043517290395,0.004132280784344997,0.0355729841951826,0.007513058246030764,0.023005713759087817,0.008581496798115276,0.025405852955973418,0.0064446196939462585,0.022329693282968344
-0.005115441336482829,0.025410133691167767,0.008459892299019788,0.0028064895779986473,0.02426190747527375,-0.009031632734638329,0.027211022474327242,0.014644611890635614,0.01762774012974065,0.008524714146164474,0.0220275592288364,0.013703913041858138,0.022274172336490868,0.003345515250470812,0.022193857318592587
-0.011462790490879083,0.006347349154396254,0.025410133691167767,-0.0020623433125159154,0.023585017435277616,-0.005363506800806186,0.0327951622763241,0.0012388201757743418,0.016805264314975466,0.005406317315002361,0.021502882090719648,0.010044613633274328,0.020784378958369328,0.0007680209967303946,0.022795195569388773
0.01209435000169459,0.023557140492573674,0.006347349154396254,0.0013188267545612847,0.023981252787794043,0.004132280784344997,0.0355729841951826,-0.0014946272752224404,0.012188824303286156,0.004220032721391495,0.020556086079983372,0.008480023996125984,0.01951953078715032,-3.9958553342991625e-05,0.02218500590453468
0.020842024514274523,0.008747674512579934,0.023557140492573674,0.01090123661616615,0.015899091241516908,0.014644611890635614,0.01762774012974065,0.007157861341696677,0.016708589358381376,0.003685912542584449,0.01997053040959031,0.0032639700792200165,0.018165845607051104,0.004107855005948885,0.02310197295692882
0.029702211697026717,0.008860187182752194,0.008747674512579934,0.011059174456719814,0.016115151089600016,0.0012388201757743418,0.016805264314975466,0.020879528737665274,0.008803990759625159,0.008152339040525378,0.0180788894651644,0.002717587881904533,0.01944481243757247,0.013587090199146227,0.016160061413028504
-0.020960641344801457,0.050662853041828174,0.008860187182752194,0.004183285506805416,0.01977269426868061,-0.0014946272752224404,0.012188824303286156,0.009861198288833261,0.02705762513653912,0.00601723474831283,0.019674543074238375,0.0055495544401231766,0.021801319170362824,0.006484915056502487,0.01904946251972841
0.031839796588424535,0.05280043793322599,0.050662853041828174,0.01034249182762331,0.021934441148571734,0.007157861341696677,0.016708589358381376,0.013527122313549932,0.029886396552741352,0.007289417677634342,0.02077737978289465,0.0064446196939462585,0.022329693282968344,0.008134215661322428,0.020858295131754398
0.02176150122810751,0.010078295360317024,0.05280043793322599,0.01587987378078774,0.0193729005976294,0.020879528737665274,0.008803990759625159,0.010880218823910196,0.028031648034944952,0.007659647067653072,0.021000609366105063,0.003345515250470812,0.022193857318592587,0.011973778884835334,0.020483182678919652
-0.006629821883368608,0.02839132311147612,0.010078295360317024,0.012759178466610543,0.021496372535734696,0.009861198288833261,0.02705762513653912,0.01565715864438781,0.019948060936489348,0.006716111984176468,0.021346755601549933,0.0007680209967303946,0.022795195569388773,0.012664202971622544,0.01962502235858895
-0.02467947777345143,0.01804965589008282,0.02839132311147612,0.005172261418656217,0.025696003113525274,0.013527122313549932,0.029886396552741352,-0.003182599476237509,0.02341161334464115,0.003685420225200774,0.022632910316958903,-3.9958553342991625e-05,0.02218500590453468,0.00741079900374454,0.024193273865151566
-0.005287100728156302,0.019392377045295128,0.01804965589008282,-0.0006592906522076194,0.02282569025716057,0.010880218823910196,0.028031648034944952,-0.012198800128325445,0.010829414152498013,0.0038929609161016533,0.022528693249351587,0.004107855005948885,0.02310197295692882,0.003678066826254424,0.023787926959594304
-0.002840757678983943,0.002446343049172359,0.019392377045295128,0.002360689958761966,0.020702429517718984,0.01565715864438781,0.019948060936489348,-0.01093577872686389,0.0119650781941004,0.006308080700128135,0.019449739701400643,0.013587090199146227,0.016160061413028504,-0.0009709287988899563,0.020853215773699557
-0.006880113713823915,0.004039356034839972,0.002446343049172359,-0.00409262842494611,0.014896011248276159,-0.003182599476237509,0.02341161334464115,-0.00500265737365472,0.0020346450084694407,0.0037627451024475167,0.018599382813941204,0.006484915056502487,0.01904946251972841,0.001040575148392549,0.01921868218864139
0.0026185915091070694,0.009498705222930984,0.004039356034839972,-0.007283113378112848,0.009219382224551462,-0.012198800128325445,0.010829414152498013,-0.002367426627900263,0.004767009748361552,0.0025001664706205263,0.01798047632218957,0.008134215661322428,0.020858295131754398,-0.0031338827200813745,0.01383270204540025
-0.01048334995994617,0.01310194146905324,0.009498705222930984,-0.007925368057542443,0.009298653891558515,-0.01093577872686389,0.0119650781941004,-0.004914957388221006,0.006768426486463977,0.0021167444260874304,0.01821112068569972,0.011973778884835334,0.020483182678919652,-0.00774029003266047,0.008502582781497937
-0.013251177056221256,0.0027678270962750856,0.01310194146905324,-0.006020651271337414,0.005625321215339893,-0.00500265737365472,0.0020346450084694407,-0.00703864516902012,0.008477138780375277,0.0019890025285629895,0.01831965045520266,0.012664202971622544,0.01962502235858895,-0.008686197914496563,0.008723885105146413
-0.0012791734139178444,0.011972003642303412,0.0027678270962750856,-0.005352663385631004,0.005957977221491547,-0.002367426627900263,0.004767009748361552,-0.008337900143361757,0.006267729572137195,0.001033750856019244,0.018099537929159762,0.00741079900374454,0.024193273865151566,-0.005343297291706052,0.005438920653572151
-0.0057867933245622,0.004507619910644356,0.011972003642303412,-0.005843669326560714,0.005829575291214304,-0.004914957388221006,0.006768426486463977,-0.006772381264900433,0.006046549056605483,-0.000868307561040522,0.017236399549813246,0.003678066826254424,0.023787926959594304,-0.005414681948335466,0.005441338798924887
0.0026755749832006654,0.008462368307762865,0.004507619910644356,-0.004251054543723284,0.006726135828871121,-0.00703864516902012,0.008477138780375277,-0.0014634639184264598,0.004234193144696681,-0.0027987816120280972,0.01490493810182084,-0.0009709287988899563,0.020853215773699557,-0.004626634425166236,0.006219981863995687
-0.020423495124838802,0.02309907010803947,0.008462368307762865,-0.008091402316047595,0.00839131321458433,-0.008337900143361757,0.006267729572137195,-0.007844904488733446,0.011686258004044551,-0.0027604140248879074,0.01485519879498227,0.001040575148392549,0.01921868218864139,-0.006561403198168362,0.008663990361992302
-0.0024737917880314304,0.01794970333680737,0.02309907010803947,-0.006756475954061807,0.008569885080770518,-0.006772381264900433,0.006046549056605483,-0.006740570643223189,0.012126244732536295,-0.005211384623206192,0.011050952230768121,-0.0031338827200813745,0.01383270204540025,-0.007288886526331006,0.007949004279589231
-0.0005115986269855195,0.001962193161045911,0.01794970333680737,-0.004633212882522516,0.008209537447215035,-0.0014634639184264598,0.004234193144696681,-0.007802961846618585,0.010973647783226497,-0.0068023203271414074,0.008070470557021857,-0.00774029003266047,0.008502582781497937,-0.00586435062162234,0.008171514864218353
-0.01576645795038601,0.015254859323400491,0.001962193161045911,-0.00704776030526721,0.009107160423866289,-0.007844904488733446,0.011686258004044551,-0.0062506161218009865,0.008299155666710929,-0.007454937189071221,0.008417407421115027,-0.008686197914496563,0.008723885105146413,-0.006223676463645877,0.008594810938458675
-0.007809869803121683,0.007956588147264326,0.015254859323400491,-0.007384939718360458,0.009088569616290457,-0.006740570643223189,0.012126244732536295,-0.008029308793497739,0.007629796743495705,-0.006249965191190525,0.006817395699507559,-0.005343297291706052,0.005438920653572151,-0.007156633090674998,0.008318650660144127
0.02456552841211257,0.032375398215234254,0.007956588147264326,-0.00373661414687514,0.015828880372240554,-0.007802961846618585,0.010973647783226497,0.00032973355286829154,0.02136251712885973,-0.004117634538314177,0.010703023855484555,-0.005414681948335466,0.005441338798924887,-0.0028205871282928874,0.014651562488587922
-0.0012853722532376864,0.025850900665350257,0.032375398215234254,-0.0005469270016082883,0.013559345373091013,-0.0062506161218009865,0.008299155666710929,0.0051567621185844,0.017122132572994723,-0.004006535579332302,0.010725346861523469,-0.004626634425166236,0.006219981863995687,-0.0033864367334983667,0.01447939620327666
0.0037450410364585477,0.005030413289696234,0.025850900665350257,0.0004895451358067081,0.013620145149877272,-0.008029308793497739,0.007629796743495705,0.009008399065111144,0.01370563641739368,-0.003247595954312126,0.01088116045378565,-0.006561403198168362,0.008663990361992302,6.621128954411245e-05,0.012483780506621966
-0.01977228856318803,0.02351732959964658,0.005030413289696234,-0.0027205698535603773,0.015970299659435413,0.00032973355286829154,0.02136251712885973,-0.0057708732599890565,0.012383698451423102,-0.004846944530904633,0.011575963076608211,-0.007288886526331006,0.007949004279589231,-0.0024050025354782592,0.01460270997004195
-0.007282164457048562,0.012490124106139467,0.02351732959964658,-0.0013065209380041358,0.01492560282962785,0.0051567621185844,0.017122132572994723,-0.007769803994592681,0.011766245880209006,-0.004618288423554805,0.011487341642919955,-0.00586435062162234,0.008171514864218353,-0.0033722262254872654,0.01468041728061509
-0.027344748159385708,0.020062583702337145,0.012490124106139467,-0.004562333997381473,0.018362798901279592,0.009008399065111144,0.01370563641739368,-0.018133067059874098,0.010131243830646664,-0.005624972073780836,0.012839975654939136,-0.006223676463645877,0.008594810938458675,-0.005026267683915794,0.016807745064876322
0.007369334465066069,0.034714082624451775,0.020062583702337145,-0.007428366321889223,0.013642649401672582,-0.0057708732599890565,0.012383698451423102,-0.0090858593837894,0.0174271876576767,-0.005007221510996271,0.013266116724940068,-0.007156633090674998,0.008318650660144127,-0.002857809931317543,0.01735890172072827
0.02186464576947161,0.014495311304405541,0.034714082624451775,-0.0035700299847710067,0.018229827421014973,-0.007769803994592681,0.011766245880209006,0.0006297440250506563,0.025287500315090958,-0.0030321187185652844,0.015076071649200525,-0.0028205871282928874,0.014651562488587922,-0.0032436503088376797,0.01666386826890334
-0.027993790277369694,0.0498584360468413,0.014495311304405541,-0.00885983520374238,0.020182916569498558,-0.018133067059874098,0.010131243830646664,0.0004133966523893288,0.02564672911697729,-0.005222787665748881,0.0163567535483619,-0.0033864367334983667,0.01447939620327666,-0.007059138597999394,0.019030396533904873
0.04777044341169684,0.07576423368906654,0.0498584360468413,0.0023972867920717643,0.029544274065290657,-0.0090858593837894,0.0174271876576767,0.013880432967932918,0.038507992899761236,-0.0003517920559963361,0.020981883548014193,6.621128954411245e-05,0.012483780506621966,-0.0007697954015367817,0.028241806641661836
0.03716671179444021,0.010603731617256626,0.07576423368906654,0.009805432833986561,0.03209441702871771,0.0006297440250506563,0.025287500315090958,0.01898112164292245,0.041025498698883674,0.002479672485608781,0.02322797923575872,-0.0024050025354782592,0.01460270997004195,0.007364347506695824,0.03000147696425695
0.010440031511092875,0.026726680283347338,0.010603731617256626,0.01610289611239966,0.02658035563061232,0.0004133966523893288,0.02564672911697729,0.031792395572409975,0.019236745288846852,0.003261931781185809,0.02330377957190509,-0.0033722262254872654,0.01468041728061509,0.009896089787858886,0.02929904209686794
-0.011983456639518756,0.022423488150611633,0.026726680283347338,0.012877430928302187,0.028923080351800676,0.013880432967932918,0.038507992899761236,0.011874428888671447,0.02460646025232474,0.0035321461605334705,0.02308709243334817,-0.005026267683915794,0.016807745064876322,0.012090560004982737,0.0264849889902506
0.02795618427592053,0.039939640915439285,0.022423488150611633,0.013892687346043674,0.02940454789156934,0.01898112164292245,0.041025498698883674,0.008804253049164884,0.020020003933464613,0.0060868643090364865,0.02370605246576285,-0.002857809931317543,0.01735890172072827,0.015031538549390516,0.02701114100452908
0.02176916286834652,0.00618702140757401,0.039939640915439285,0.022186512870329706,0.021061689350718782,0.031792395572409975,0.019236745288846852,0.012580630168249432,0.021496873702916038,0.005887123913053197,0.023549644647868583,-0.0032436503088376797,0.01666386826890334,0.015017898134944073,0.027007139040616752
-0.031295521770517726,0.05306468463886425,0.00618702140757401,0.009008852006627282,0.026007152261936305,0.011874428888671447,0.02460646025232474,0.006143275124583109,0.03257019255682877,0.003743541804676051,0.02553487831714928,-0.007059138597999394,0.019030396533904873,0.014546222207351498,0.027897680700947763
0.029527944505031545,0.06082346627554927,0.05306468463886425,0.007735724125059171,0.0244961335944621,0.008804253049164884,0.020020003933464613,0.0066671952009534465,0.0331047667717726,0.005585177766716979,0.026448415448921753,-0.0007697954015367817,0.028241806641661836,0.011940150934970742,0.024975806316595784
0.0230729226735665,0.006455021831465044,0.06082346627554927,0.009841205985471441,0.025304627494115384,0.012580630168249432,0.021496873702916038,0.00710178180269344,0.033409302865836245,0.008645549997913731,0.02575840514862609,0.007364347506695824,0.03000147696425695,0.00992675248913164,0.02310096761198487
-0.006687151203902115,0.029760073877468617,0.006455021831465044,0.010723923558074215,0.024469640021408907,0.006143275124583109,0.03257019255682877,0.015304571991565312,0.01931692893657575,0.008688050944567049,0.025730578957235344,0.009896089787858886,0.02929904209686794,0.007480012101275216,0.023929691454160334
-0.01693893041638805,0.010251779212485934,0.029760073877468617,0.0032414044426894513,0.02500468172394398,0.0066671952009534465,0.0331047667717726,-0.00018438631557455543,0.020783444380508147,0.009431323640495454,0.024740903872193475,0.012090560004982737,0.0264849889902506,0.006772087276008171,0.024663504866831602
-0.018193856096516792,0.001254925680128742,0.010251779212485934,-0.003419098718121101,0.024397496955842975,0.00710178180269344,0.033409302865836245,-0.013939979238935654,0.00631239617696703,0.007605381457525249,0.025824380349309565,0.015031538549390516,0.02701114100452908,0.0001792243656599831,0.02422121077070423
-0.03554739273856061,0.01735353664204382,0.001254925680128742,-0.004127743879461582,0.025409874203668574,0.015304571991565312,0.01931692893657575,-0.023560059750488485,0.010400279983772232,0.003504521564094376,0.027863787695361332,0.015017898134944073,0.027007139040616752,-0.008008855006755322,0.025367155686347197
0.006015104992110569,0.04156249773067118,0.01735353664204382,-0.008046550464948411,0.020524805906522125,-0.00018438631557455543,0.020783444380508147,-0.015908714614322278,0.020875265461743148,0.005933728369057251,0.026347709551579664,0.014546222207351498,0.027897680700947763,-0.002678765469236993,0.0235105974311933
0.010722924912139265,0.004707819920028696,0.04156249773067118,-0.010104883425186282,0.017116012839228468,-0.013939979238935654,0.00631239617696703,-0.006269787611436927,0.025464180991830253,0.0032874770476602824,0.023532648376854162,0.011940150934970742,0.024975806316595784,-0.0053651968396501775,0.02003456967587875
-0.015689651573569913,0.026412576485709178,0.004707819920028696,-0.011605300153464249,0.017151039135556698,-0.023560059750488485,0.010400279983772232,0.0003494594435599745,0.0140883179891965,-0.00048797747862615516,0.021859664439909967,0.00992675248913164,0.02310096761198487,-0.010902707446383952,0.01576664966869828
-0.024917984336337275,0.009228332762767362,0.026412576485709178,-0.012935142473455785,0.017938560599680714,-0.015908714614322278,0.020875265461743148,-0.009961570332589308,0.018498021219632944,-0.00301355003915688,0.022532179898127218,0.007480012101275216,0.023929691454160334,-0.013507112179588974,0.016445364364165205
0.032804853259625226,0.0577228375959625,0.009228332762767362,-0.0044353575807654505,0.02545574537625226,-0.006269787611436927,0.025464180991830253,-0.002600927550093987,0.03100753968721966,0.00018561495363911818,0.024272970563729047,0.006772087276008171,0.024663504866831602,-0.006400857368729934,0.023812562576629837
-0.0064890577584524635,0.03929391101807769,0.0577228375959625,0.0004076982492525743,0.02066641080316976,0.0003494594435599745,0.0140883179891965,0.0004659370549451626,0.029483223359620236,-0.0022747594773875244,0.022951287616631656,0.0001792243656599831,0.02422121077070423,-0.004728743320435029,0.023250770673166582
-0.022664784317945847,0.016175726559493384,0.03929391101807769,-0.0043722833024234945,0.022357592791060966,-0.009961570332589308,0.018498021219632944,0.0012170037277423051,0.028526438806281654,-0.005448612847836979,0.022437120548475797,-0.008008855006755322,0.025367155686347197,-0.002888370688918634,0.020783782283807704
0.016146032853999577,0.03881081717194543,0.016175726559493384,-0.0034684319787801105,0.023184236371366317,-0.002600927550093987,0.03100753968721966,-0.004335936407466244,0.0194947898437659,-0.002059930374657172,0.021806877140485265,-0.002678765469236993,0.0235105974311933,-0.001441095280077347,0.02183333854602878
-0.020869296880808463,0.03701532973480804,0.03881081717194543,-0.004331706196653202,0.023818079340366744,0.0004659370549451626,0.029483223359620236,-0.009129349448251578,0.021907525115310095,-0.005659733330788601,0.020298914083287774,-0.0053651968396501775,0.02003456967587875,-0.005954269821927023,0.02216257525453903
0.01368170942660448,0.034551006307412944,0.03701532973480804,0.002101576097170424,0.022310849762658815,0.0012170037277423051,0.028526438806281654,0.002986148466598531,0.02069613314199161,-0.006330534277000174,0.0194121752449528,-0.010902707446383952,0.01576664966869828,-0.0017583611076163951,0.02278388657620914
-0.01721740097256238,0.03089911039916686,0.034551006307412944,-0.0062354662748608436,0.01733415171900687,-0.004335936407466244,0.0194947898437659,-0.008134996142255454,0.018981848364685385,-0.007082694974761621,0.019629842609641082,-0.013507112179588974,0.016445364364165205,-0.0006582777699342671,0.021636294380454564
0.02351634547831915,0.04073374645088153,0.03089911039916686,-0.0012345657353989078,0.021153798882518983,-0.009129349448251578,0.021907525115310095,0.00666021797745375,0.02125524715473919,-0.004193032410853964,0.02099734996966862,-0.006400857368729934,0.023812562576629837,-0.001985207452977992,0.019412545262078452
0.03179179984858483,0.00827545437026568,0.04073374645088153,0.007841531625689539,0.021792885679293446,0.002986148466598531,0.02069613314199161,0.012696914784780534,0.02623490998042681,-0.0006226284147752767,0.02262056463599096,-0.004728743320435029,0.023250770673166582,0.0034834864908844776,0.02299397291258337
-0.012541375194311685,0.044333175042896515,0.00827545437026568,0.0030602969509709948,0.022733175100927868,-0.008134996142255454,0.018981848364685385,0.01425559004419743,0.02357284021398327,0.0010206585526710752,0.02063693692011605,-0.002888370688918634,0.020783782283807704,0.004929687794260787,0.021333699398276878
-0.005880172230965053,0.006661202963346632,0.044333175042896515,0.005558484392611563,0.020267447476803875,0.00666021797745375,0.02125524715473919,0.004456750807769364,0.02390599476653428,0.00017099589387995938,0.02066035063403883,-0.001441095280077347,0.02183333854602878,0.0017830870678372686,0.02102577538975032
-0.032936372803605944,0.027056200572640892,0.006661202963346632,-0.002211195979090175,0.02492992893394953,0.012696914784780534,0.02623490998042681,-0.01711930674296089,0.014097077367484072,-0.002947525371530413,0.0221839397137174,-0.005954269821927023,0.02216257525453903,5.9219078866199524e-05,0.023537231973143738
-0.0038462084968780615,0.02909016430672788,0.027056200572640892,1.733610019054455e-05,0.02389642537918917,0.01425559004419743,0.02357284021398327,-0.014220917843816355,0.016239933586127433,-0.002101565151766709,0.021884452024540146,-0.0017583611076163951,0.02278388657620914,-0.0024447691959170203,0.022766196264267475
-0.012646786772869564,0.008800578275991502,0.02909016430672788,-0.0060098526083409085,0.021191556212495955,0.004456750807769364,0.02390599476653428,-0.01647645602445119,0.014918417804193868,-0.0012250510400904438,0.021133161986624387,-0.0006582777699342671,0.021636294380454564,-0.0017918243102466188,0.022333324532056394
0.01402917967569011,0.026675966448559674,0.008800578275991502,-0.008970289303823362,0.015267108746421924,-0.01711930674296089,0.014097077367484072,-0.0008212718646858375,0.013592809779907691,-0.0025661705818000946,0.019325976356106143,-0.001985207452977992,0.019412545262078452,-0.0031471337106221955,0.02077501292420713
-0.021827964001595902,0.03585714367728601,0.026675966448559674,-0.010518054105037396,0.016146929963882284,-0.014220917843816355,0.016239933586127433,-0.006815190366258452,0.018626307354400195,-0.003661806742024626,0.019988911328199174,0.0034834864908844776,0.02299397291258337,-0.010807099974933728,0.014759887826575684
0.027983900551722177,0.04981186455331808,0.03585714367728601,-0.004874041974589525,0.022686463200922526,-0.01647645602445119,0.014918417804193868,0.006728372075272129,0.025695949219347147,-4.4043537048338646e-05,0.020849899785766415,0.004929687794260787,0.021333699398276878,-0.005017774868357464,0.020713303884676036
-0.012799509839203119,0.0407834103909253,0.04981186455331808,-0.0015178981471890543,0.018873868092199465,-0.0008212718646858375,0.013592809779907691,-0.002214524429692281,0.026539346255309203,-0.0021115823008485313,0.02055401044429518,0.0017830870678372686,0.02102577538975032,-0.00600625166953433,0.020925334772924617
0.003574777904607797,0.016374287743810917,0.0407834103909253,-0.00028106708027474445,0.01893383372465436,-0.006815190366258452,0.018626307354400195,0.006253056205708952,0.02052319472626692,-0.00036557695903308406,0.019864693922880487,5.9219078866199524e-05,0.023537231973143738,-0.0007903729969323657,0.01733659320275803
-0.02182657414916396,0.025401352053771756,0.016374287743810917,-0.0018110316429904773,0.020443597528444095,0.006728372075272129,0.025695949219347147,-0.010350435361253093,0.012876554115477609,-0.00290188292873083,0.020197233463320145,-0.0024447691959170203,0.022766196264267475,-0.003358996661544637,0.019106471935224262
0.017257983951423524,0.03908455810058749,0.025401352053771756,-0.0012728975970349085,0.020979422924075276,-0.002214524429692281,0.026539346255309203,-0.0003312707643775466,0.019832891434002034,-0.0004393554341604082,0.020418047648202035,-0.0017918243102466188,0.022333324532056394,0.0009131134419258041,0.020005765794554223
-0.0021951145270259244,0.01945309847844945,0.03908455810058749,0.0019992439820600877,0.01851906691615034,0.006253056205708952,0.02052319472626692,-0.002254568241588787,0.019542346878962138,-0.002275888291685056,0.01921866850747849,-0.0031471337106221955,0.02077501292420713,-0.0014046428727479152,0.019154677050607194
-0.062455054250709324,0.0602599397236834,0.01945309847844945,-0.013073915151678495,0.027679351954963603,-0.010350435361253093,0.012876554115477609,-0.015797394942103908,0.041560902771974086,-0.009007806441634639,0.022579954320010517,-0.010807099974933728,0.014759887826575684,-0.007208512908335547,0.02965258912032999
-0.05201783785033507,0.010437216400374254,0.0602599397236834,-0.01961030315353382,0.03190905900039165,-0.0003312707643775466,0.019832891434002034,-0.038889335542690105,0.032203777162110474,-0.011827553774207739,0.025350116712813796,-0.005017774868357464,0.020713303884676036,-0.018637332680058013,0.029242379167420476
0.017075245887911115,0.06909308373824619,0.010437216400374254,-0.017360225156316602,0.03426031129540615,-0.002254568241588787,0.019542346878962138,-0.03246588207104442,0.04322009244704673,-0.01018788105143087,0.02648153280154489,-0.00600625166953433,0.020925334772924617,-0.014369510433327404,0.03226067880452265
-0.07637187760124232,0.09344712348915343,0.06909308373824619,-0.02645110906499633,0.0420366660899718,-0.015797394942103908,0.041560902771974086,-0.03710482318788876,0.048475661180029585,-0.013290417108404895,0.031433198809624606,-0.0007903729969323657,0.01733659320275803,-0.02579046121987742,0.0384138378147768
7.487762192167548e-05,0.076446755223164,0.09344712348915343,-0.029314960119913306,0.03893414896978471,-0.038889335542690105,0.032203777162110474,-0.01974058469713651,0.04977530142839704,-0.01301033952849063,0.031541105847266,-0.003358996661544637,0.019106471935224262,-0.022661682395436616,0.03966214855527808
0.020155223075992264,0.02008034545407059,0.076446755223164,-0.02558990385274361,0.042913626076806564,-0.03246588207104442,0.04322009244704673,-0.018713925634442793,0.050932648047622896,-0.010667338825000499,0.03276478514761714,0.0009131134419258041,0.020005765794554223,-0.022247791091926795,0.040160147449414894
-0.03296564646163243,0.053120869537624696,0.02008034545407059,-0.020675002554564125,0.03939116970043598,-0.03710482318788876,0.048475661180029585,-0.004245181921239496,0.02682263747193179,-0.014024112120523537,0.03244575403654665,-0.0014046428727479152,0.019154677050607194,-0.026643581368299158,0.03927366895725628
0.061182300453204594,0.09414794691483702,0.053120869537624696,-0.0018083128373075144,0.047625317002298544,-0.01974058469713651,0.04977530142839704,0.016123959022521478,0.04720325512579982,-0.008094807516609214,0.038016556777505796,-0.007208512908335547,0.02965258912032999,-0.008981102124882881,0.04743716573309248
0.007754742685888109,0.05342755776731649,0.09414794691483702,-0.003361730037644681,0.047034537754012756,-0.018713925634442793,0.050932648047622896,0.011990465559153424,0.047216681249999656,-0.009539747364168792,0.03690806333547836,-0.018637332680058013,0.029242379167420476,-0.00044216204827957024,0.04362575988438165
0.04281434542183945,0.03505960273595134,0.05342755776731649,0.01650264046620228,0.033152459073695524,-0.004245181921239496,0.02682263747193179,0.03725046285364405,0.027144862758346863,-0.005567329131237179,0.039436482813110234,-0.014369510433327404,0.03226067880452265,0.00323485217085305,0.046348075069115084
0.02958313750977049,0.01323120791206896,0.03505960273595134,0.021420683780843747,0.0324084335435578,0.016123959022521478,0.04720325512579982,0.026717408539166015,0.01770461063961597,-0.0037095891594398447,0.0404985571551914,-0.02579046121987742,0.0384138378147768,0.018371282900997734,0.030665084227908347
0.019724837570162024,0.009858299939608465,0.01323120791206896,0.021348952863205376,0.03241227068677386,0.011990465559153424,0.047216681249999656,0.03070744016725732,0.011585740613244902,-0.0007416311794879888,0.04059116527456959,-0.022661682395436616,0.03966214855527808,0.021178420036460643,0.02959165951202419
-0.03001363819062659,0.04973847576078862,0.009858299939608465,0.021840954241706356,0.031430444232210045,0.03725046285364405,0.027144862758346863,0.00643144562976864,0.03194494671198477,-0.0041181756182058545,0.04094330469851696,-0.022247791091926795,0.040160147449414894,0.014011439855515092,0.03538836563797144
-0.0220250443108773,0.00798859387974929,0.04973847576078862,0.0079730634476927,0.028851128435485884,0.026717408539166015,0.01770461063961597,-0.010771281643780621,0.026710753890093464,-0.005534599174195238,0.041213771781566405,-0.026643581368299158,0.03927366895725628,0.015574383019908681,0.03313784480026975
-0.008388585237373772,0.013636459073503528,0.00798859387974929,0.005282508793815721,0.029618100673979825,0.03070744016725732,0.011585740613244902,-0.020142422579625886,0.010934757758861517,-0.0016727085303855558,0.03786705797668433,-0.008981102124882881,0.04743716573309248,0.005635685064111772,0.027053644990838264
-0.033368821775063874,0.024980236537690104,0.013636459073503528,-0.0074146857390015005,0.02647313180459369,0.00643144562976864,0.03194494671198477,-0.02126081710777165,0.012507641135850194,-0.0003406359535804704,0.036253437760813384,-0.00044216204827957024,0.04362575988438165,-0.00023910985888136806,0.030731815448581837
0.05748712392824422,0.0908559457033081,0.024980236537690104,-0.002764021335922545,0.03526405374971111,-0.010771281643780621,0.026710753890093464,0.005243238971935525,0.04693687985865433,0.00254592676358618,0.03923316708656914,0.00323485217085305,0.046348075069115084,0.0018570013563193133,0.03443503343168016
0.02326144701728837,0.03422567691095585,0.0908559457033081,-0.0021745864280681543,0.03574145789235573,-0.020142422579625886,0.010934757758861517,0.015793249723489573,0.04588606755350631,0.009662592807766943,0.032227787855524666,0.018371282900997734,0.030665084227908347,0.0009539027145361549,0.033660886605974674
0.039394904732386826,0.016133457715098456,0.03422567691095585,0.009393504059100747,0.03615893955452774,-0.02126081710777165,0.012507641135850194,0.04004782522597314,0.01712217769097999,0.012471166172800169,0.03303127531927688,0.021178420036460643,0.02959165951202419,0.003763912309139698,0.03621330622375246
-0.025629432864636113,0.06502433759702295,0.016133457715098456,0.008792772633474279,0.03680940153860951,0.005243238971935525,0.04693687985865433,0.012342306295013027,0.03385944248754757,0.009200833605612429,0.03444809563224983,0.014011439855515092,0.03538836563797144,0.004390227355709765,0.0355638421595801
-0.0034816360875997055,0.02214779677703641,0.06502433759702295,0.009610597491769957,0.0364035966199102,0.015793249723489573,0.04588606755350631,0.003427945260050336,0.033058249436150544,0.011306834346614765,0.032519185406481604,0.015574383019908681,0.03313784480026975,0.00703928567332085,0.03392098244933595
0.020858223933773037,0.024339860021372742,0.02214779677703641,0.018648438443242776,0.029716300038886156,0.04004782522597314,0.01712217769097999,-0.002750948339487594,0.023252440454511438,0.008426543166655368,0.029397786802190757,0.005635685064111772,0.027053644990838264,0.011217401269198967,0.03350260090960709
0.044594289025323086,0.02373606509155005,0.024339860021372742,0.016499632626089254,0.026654575268014707,0.012342306295013027,0.03385944248754757,0.02065695895716547,0.024038594479689254,0.011057939333757868,0.030941263684162845,-0.00023910985888136806,0.030731815448581837,0.022354988526397106,0.028845305822035913
-0.02492090588798583,0.06951519491330892,0.02373606509155005,0.00846924047521022,0.03109774140333945,0.003427945260050336,0.033058249436150544,0.013510535690370098,0.035335279436428876,0.006219707097341776,0.03088937143355017,0.0018570013563193133,0.03443503343168016,0.010582412838364239,0.028933540209341822
-0.022694757276161416,0.0022261486118244148,0.06951519491330892,-0.0018790365262144869,0.02900904902493518,-0.002750948339487594,0.023252440454511438,-0.001007124712941387,0.039507665529701495,0.0024855717554894967,0.03100741364593329,0.0009539027145361549,0.033660886605974674,0.0040172407964428405,0.03073488856282105
-0.03888595468252233,0.016191197406360915,0.0022261486118244148,-0.004088456829195523,0.03157139864940947,0.02065695895716547,0.024038594479689254,-0.028833872615556522,0.00877622924844398,-0.0017009134054165288,0.03242507791945741,0.003763912309139698,0.03621330622375246,-0.007165739119972753,0.029948544894755718
0.02210591670360143,0.06099187138612376,0.016191197406360915,0.00017613530267133275,0.033347931151589745,0.013510535690370098,0.035335279436428876,-0.013158265085027439,0.03159447113466271,0.002021911944171187,0.03191230361955261,0.004390227355709765,0.0355638421595801,-0.0003464034673673899,0.030473733292339912
-0.06361867440682488,0.08572459111042631,0.06099187138612376,-0.013903347754094986,0.04003263782792067,-0.001007124712941387,0.039507665529701495,-0.026799570795248594,0.04412184138117264,-0.0009490616341107828,0.03599785622389958,0.00703928567332085,0.03392098244933595,-0.008937408941542416,0.038834699873283446
0.04530436435563986,0.10892303876246473,0.08572459111042631,-0.013785001865708857,0.04024066621541958,-0.028833872615556522,0.00877622924844398,0.0012638688841388028,0.0573746486812244,0.0028861490511044763,0.037951489902506894,0.011217401269198967,0.03350260090960709,-0.005445103166990013,0.04285211064445861
0.01701470514223704,0.028289659213402818,0.10892303876246473,-0.006795733360671713,0.04154051139616115,-0.013158265085027439,0.03159447113466271,-0.00043320163631599407,0.056518839173563686,0.006484972402340256,0.03661438808203833,0.022354988526397106,0.028845305822035913,-0.009385043721716588,0.03853496381512332
0.023243775089570668,0.0062290699473336285,0.028289659213402818,0.0008606887002836344,0.04225148222035987,-0.026799570795248594,0.04412184138117264,0.028520948195815854,0.014864811522436967,0.0040390189138635735,0.0339953104896912,0.010582412838364239,0.028933540209341822,-0.002504375010637089,0.03958436603800858
-0.06941811738925663,0.09266189247882729,0.0062290699473336285,-0.004228005084172082,0.049254207632782876,0.0012638688841388028,0.0573746486812244,-0.009719879052482972,0.05179391927135721,-0.002580949972318212,0.038666988561785486,0.0040172407964428405,0.03073488856282105,-0.009179140741079264,0.046832079653403795
-0.06353614917518269,0.0058819682140739404,0.09266189247882729,-0.018501682730636102,0.05240503434810619,-0.00043320163631599407,0.056518839173563686,-0.03657016382495622,0.05188381109624571,-0.009933168108573179,0.03983964051045676,-0.007165739119972753,0.029948544894755718,-0.0127005970971736,0.05024083182574224
0.10168410746726246,0.16522025664244516,0.0058819682140739404,0.009048780915045122,0.06570593743363368,0.028520948195815854,0.014864811522436967,-0.010423386365725618,0.09713247148947123,-0.0008393437991518502,0.04937130663087811,-0.0003464034673673899,0.030473733292339912,-0.0013322841309363104,0.0659703778887371
0.024939484262597005,0.07674462320466546,0.16522025664244516,0.005654634232871314,0.0639613583380219,-0.009719879052482972,0.05179391927135721,0.02102914751822559,0.08267950986392969,0.0011907362258622,0.04983642941487576,-0.008937408941542416,0.038834699873283446,0.011318881393266814,0.0602809975998162
0.073195757745117,0.04825627348251999,0.07674462320466546,0.015018143000017975,0.06980254605365083,-0.03657016382495622,0.05188381109624571,0.06660644982499216,0.038794310560392536,0.004929131498101054,0.05326996608062137,-0.005445103166990013,0.04285211064445861,0.015303366163192124,0.06372518336900297
0.032098436207315104,0.04109732153780189,0.04825627348251999,0.01649391985297538,0.07010418684603144,-0.010423386365725618,0.09713247148947123,0.04341122607167638,0.02604134008631923,0.004036570582529055,0.052655377260569625,-0.009385043721716588,0.03853496381512332,0.017458184886774704,0.06404690594015659
0.05983497763513927,0.02773654142782417,0.04109732153780189,0.038036102357041364,0.057072165634487214,0.02102914751822559,0.08267950986392969,0.05504305719585712,0.020963523928902706,0.010090562262752277,0.05392692290374023,-0.002504375010637089,0.03958436603800858,0.022685499536141646,0.06605942115951663
-0.04106378965347851,0.10089876728861778,0.02773654142782417,0.04178149561065873,0.04927852120763523,0.06660644982499216,0.038794310560392536,0.016956541396325287,0.05212579058336642,0.00877848852151534,0.054998781943102336,-0.009179140741079264,0.046832079653403795,0.026736117784109947,0.06006819153774074
-0.023313267386677987,0.017750522266800524,0.10089876728861778,0.02094859980166865,0.04513714930689328,0.04341122607167638,0.02604134008631923,-0.0015140264683390751,0.053865995661015104,0.009890823328361364,0.054110938611998276,-0.0127005970971736,0.05024083182574224,0.032482243753896335,0.051273545544246894
-0.004888139368256383,0.018425128018421603,0.017750522266800524,0.015977329196526422,0.046238814823351265,0.05504305719585712,0.020963523928902706,-0.023088398802804295,0.018088873453028606,0.007962676466085807,0.05412313491889506,-0.0013322841309363104,0.0659703778887371,0.01725763706310793,0.04234577091661879
0.017865957371811625,0.02275409674006801,0.018425128018421603,0.006755695800975527,0.037173988748218895,0.016956541396325287,0.05212579058336642,-0.0034451497943742485,0.020627501111630083,0.013783007307416986,0.05006226599815257,0.011318881393266814,0.0602809975998162,0.016247133221567157,0.042216105414564734
0.07942548330527874,0.06155952593346711,0.02275409674006801,0.014643536983969465,0.04727549574718847,-0.0015140264683390751,0.053865995661015104,0.030801100436277994,0.0436197797639726,0.01622023008953405,0.05248675593813394,0.015303366163192124,0.06372518336900297,0.01713709401587598,0.04365778130511169
-0.025456709346517486,0.10488219265179623,0.06155952593346711,0.00042825582036000513,0.04365359235386452,-0.023088398802804295,0.018088873453028606,0.02394491044352429,0.05270468514940762,0.013186557626051585,0.05365177311956124,0.017458184886774704,0.06404690594015659,0.008914930365328467,0.04574052490214043
0.04104476569135708,0.06650147503787457,0.10488219265179623,0.01411301504449927,0.040823169532383484,-0.0034451497943742485,0.020627501111630083,0.03167117988337278,0.053065682573927735,0.014458056954750612,0.05411736821394514,0.022685499536141646,0.06605942115951663,0.006230614373359581,0.04270482007854371
0.03993120093180789,0.0011135647595491918,0.06650147503787457,0.024653759764246913,0.037234027887835766,0.030801100436277994,0.0436197797639726,0.01850641909221583,0.038077257033678896,0.022268722549112364,0.04870045137554263,0.026736117784109947,0.06006819153774074,0.017801327314114778,0.03852274013288101
0.025463849464053084,0.014467351467754803,0.0011135647595491918,0.029712424569631826,0.034369335364676304,0.02394491044352429,0.05270468514940762,0.03547993869573935,0.008692038842599224,0.028625865309057776,0.04198396091343966,0.032482243753896335,0.051273545544246894,0.02476948686421922,0.033991240684796885
0.0009010653136117842,0.0245627841504413,0.014467351467754803,0.02688494255993185,0.03618851689988776,0.03167117988337278,0.053065682573927735,0.022098705236490917,0.01973147278709616,0.02142707658379701,0.03681568501618611,0.01725763706310793,0.04234577091661879,0.0255965161044861,0.03321085558411393
-0.004527635960083863,0.005428701273695647,0.0245627841504413,0.012892756015704753,0.026831316549134572,0.01850641909221583,0.038077257033678896,0.007279092939193669,0.015980667282096486,0.019322282282176948,0.03743652935358822,0.016247133221567157,0.042216105414564734,0.022397431342786742,0.03510420100186366
-0.015473478501831808,0.010945842541747946,0.005428701273695647,0.014556627823152367,0.024153462234574978,0.03547993869573935,0.008692038842599224,-0.006366683049434629,0.00834074288889231,0.012988765407394895,0.035045271816043465,0.01713709401587598,0.04365778130511169,0.008840436798913812,0.026737277230674934
-0.03197079452771824,0.016497316025886433,0.010945842541747946,0.0023873677866398124,0.026425680439522876,0.022098705236490917,0.01973147278709616,-0.017323969663211303,0.013814846224111174,0.008412391783463943,0.03651048508033861,0.008914930365328467,0.04574052490214043,0.007909853201599417,0.02820310984659161
-0.021816675319852825,0.010154119207865415,0.016497316025886433,-0.007903944921970307,0.020161411286560512,0.007279092939193669,0.015980667282096486,-0.023086982783134296,0.008321695728812955,0.0025801308581073633,0.0341067353912852,0.006230614373359581,0.04270482007854371,-0.001070352657144856,0.025799637663761598
0.039998401664652586,0.06181507698450541,0.010154119207865415,-0.005481519555203723,0.025212809298850173,-0.006366683049434629,0.00834074288889231,-0.004596356060972827,0.03895248190651407,0.008370287380831013,0.032990062145099995,0.017801327314114778,0.03852274013288101,-0.0010607525524527542,0.025817443590173156
-0.01697057811957908,0.05696897978423167,0.06181507698450541,-0.008460126794068866,0.025363190786209945,-0.017323969663211303,0.013814846224111174,0.00040371607507356036,0.034375507410390874,0.008823336614195222,0.03256226328776502,0.02476948686421922,0.033991240684796885,-0.007122813635828778,0.02342210603462366
-0.028984793585391938,0.012014215465812859,0.05696897978423167,-0.012536319731620213,0.02654265474227863,-0.023086982783134296,0.008321695728812955,-0.001985656680106144,0.03685215339212653,0.007102147027256968,0.033950062989332626,0.0255965161044861,0.03321085558411393,-0.011392222049972167,0.024418363660216335
0.026701266030130684,0.05568605961552262,0.012014215465812859,-0.005507195642959799,0.030845007135306794,-0.004596356060972827,0.03895248190651407,-0.006418035224946779,0.029304460923777045,0.007733240502851186,0.034246367631800494,0.022397431342786742,0.03510420100186366,-0.006930950337084377,0.028408360207004213
0.04173951263416258,0.015038246604031899,0.05568605961552262,0.006777855550687007,0.03281300597626681,0.00040371607507356036,0.034375507410390874,0.013151995026300442,0.03725813912570991,0.005041385454914317,0.029301853109528177,0.008840436798913812,0.026737277230674934,0.0012423341109148247,0.033342742102842715
0.02840327298368448,0.013336239650478102,0.015038246604031899,0.01514784693460989,0.030374784788821396,-0.001985656680106144,0.03685215339212653,0.03228135054932591,0.00823509741501385,0.008888527049928744,0.028514798813060727,0.007909853201599417,0.02820310984659161,0.009867200898258072,0.031049200479261158
-0.00034867089387145405,0.028751943877555936,0.013336239650478102,0.008423334841522552,0.0281581795289156,-0.006418035224946779,0.029304460923777045,0.02326470490799187,0.021509473716801262,0.005931853008126706,0.027031511540845488,-0.001070352657144856,0.025799637663761598,0.012934058673398266,0.028340118237774395
-0.030108780473007555,0.0297601095791361,0.028751943877555936,0.006233634449284472,0.030904756074762486,0.013151995026300442,0.03725813912570991,-0.0006847261277315095,0.02925747425479257,0.0009289971934970308,0.026734745017033705,-0.0010607525524527542,0.025817443590173156,0.0029187469394468175,0.02954385403295618
-0.010124242327274985,0.019984538145732568,0.0297601095791361,0.009377059658970632,0.027362293278571963,0.03228135054932591,0.00823509741501385,-0.013527231231384664,0.015169089644789737,-0.0016130093630264027,0.025901374555050673,-0.007122813635828778,0.02342210603462366,0.0038967949097759727,0.028881580461158102
0.011691266587899077,0.021815508915174062,0.019984538145732568,0.006875393085265362,0.026119543949909674,0.02326470490799187,0.021509473716801262,-0.009513918737461156,0.02090670597527776,-0.0008422807005773105,0.026141364980600143,-0.011392222049972167,0.024418363660216335,0.009707660648817546,0.02499355230828353
0.002024514828457334,0.009666751759441743,0.021815508915174062,0.0002562267843144881,0.019780277518685285,-0.0006847261277315095,0.02925747425479257,0.0011971796963604752,0.010931261129101758,-0.000374269929967225,0.026128959347691567,-0.006930950337084377,0.028408360207004213,0.006182410477149926,0.02391416012307581
-0.03315538507268313,0.03517989990114047,0.009666751759441743,-0.010003549558413448,0.018159286478809867,-0.013527231231384664,0.015169089644789737,-0.006479867885442241,0.02360188414724036,-0.0016372632564566054,0.02731536056481756,0.0012423341109148247,0.033342742102842715,-0.004516860623828034,0.022034655116517907
0.006200097650803737,0.03935548272348687,0.03517989990114047,-0.008912088134300916,0.019031511761860763,-0.009513918737461156,0.02090670597527776,-0.008310257531140687,0.021617565656040037,0.0010892290420092502,0.025924304692513504,0.009867200898258072,0.031049200479261158,-0.007688742814239568,0.017672239521059136
-0.018435733623945568,0.024635831274749304,0.03935548272348687,-0.006966580326123919,0.016909655544864302,0.0011971796963604752,0.010931261129101758,-0.01513034034860832,0.01988486166982692,0.0013307248774311973,0.025709369271511774,0.012934058673398266,0.028340118237774395,-0.010272608918535871,0.01774229835492627
-0.025628549698754163,0.0071928160748085945,0.024635831274749304,-0.009550631554703782,0.01858987143726243,-0.006479867885442241,0.02360188414724036,-0.012621395223965331,0.016691932072044367,-0.0033569145056692846,0.02404580479027412,0.0029187469394468175,0.02954385403295618,-0.009632575950785385,0.016971538063278196
0.0027594950077780133,0.028388044706532174,0.0071928160748085945,-0.011039260151390624,0.016822256025635147,-0.008310257531140687,0.021617565656040037,-0.013768262771640572,0.014758361483676125,-0.0019476235680009211,0.023763065522330085,0.0038967949097759727,0.028881580461158102,-0.0077920420457778155,0.01759643598775865
0.0058969670730011975,0.003137472065223184,0.028388044706532174,-0.010393851443966647,0.017484940665810144,-0.01513034034860832,0.01988486166982692,-0.005657362539324984,0.01736655320314672,0.0005439307647414458,0.022505558146163795,0.009707660648817546,0.02499355230828353,-0.008619799119334654,0.01663731117977937
-0.014686159869222358,0.020583126942223556,0.003137472065223184,-0.007315647243389852,0.013943458698028571,-0.012621395223965331,0.016691932072044367,-0.0020098992628143826,0.01108948240276308,-0.0024123139423552,0.021501162814515824,0.006182410477149926,0.02391416012307581,-0.011007038361860325,0.016043730211924463
-0.037667132251258104,0.022980972382035746,0.020583126942223556,-0.014626852227066826,0.016672823243686234,-0.013768262771640572,0.014758361483676125,-0.015485441682493087,0.021793045359615335,-0.008084217148456677,0.019321235131588343,-0.004516860623828034,0.022034655116517907,-0.01165157367308532,0.017135300009409837
0.006736543910275776,0.04440367616153388,0.022980972382035746,-0.010431472638029937,0.018580608344319138,-0.005657362539324984,0.01736655320314672,-0.015205582736734896,0.022206394670253527,-0.009631840653700156,0.016888361340905295,-0.007688742814239568,0.017672239521059136,-0.011574938493160741,0.01722938684835989
0.030620672686112776,0.023884128775837,0.04440367616153388,-0.0010566022405521115,0.023035595702880402,-0.0020098992628143826,0.01108948240276308,-0.0001033052182898506,0.03465391360102432,-0.007419744683701284,0.01994877702711473,-0.010272608918535871,0.01774229835492627,-0.004566880448866695,0.022988111337251007
-0.027020872885247585,0.057641545571360364,0.023884128775837,-0.006019996889389712,0.02515934172507078,-0.015485441682493087,0.021793045359615335,0.0034454479037136546,0.028961360960029315,-0.0071991798560041426,0.01969406189561486,-0.009632575950785385,0.016971538063278196,-0.004765783761222898,0.0232057123146106
-0.0015550802033529874,0.025465792681894597,0.057641545571360364,-0.007262004768782076,0.02463180192227896,-0.015205582736734896,0.022206394670253527,0.0006815731991707345,0.028885790759403993,-0.006587096847152571,0.01972929058964808,-0.0077920420457778155,0.01759643598775865,-0.005382151648527326,0.023029147962776303
-0.0005023010925449227,0.0010527791108080648,0.025465792681894597,-0.004898028306002504,0.02445679266063975,-0.0001033052182898506,0.03465391360102432,-0.009692751393715166,0.015015822714157865,-0.007458065967184285,0.01912004534477015,-0.008619799119334654,0.01663731117977937,-0.0062963328150339145,0.022630341974241432
-0.005241672995146885,0.004739371902601963,0.0010527791108080648,0.000506214903349366,0.01866409594129898,0.0034454479037136546,0.028961360960029315,-0.0024330180970149316,0.00248867288261011,-0.007977079383156015,0.018940618851306497,-0.011007038361860325,0.016043730211924463,-0.004947120404451705,0.022326272855319622
0.02030903889921193,0.025550711894358813,0.004739371902601963,0.0027682974015053913,0.02031932637582182,0.0006815731991707345,0.028885790759403993,0.004855021603840041,0.013591740117881643,-0.004158191956592083,0.018863261700438835,-0.01165157367308532,0.017135300009409837,0.003335189759901157,0.018609462349246667
-0.027664053222856557,0.04797309212206849,0.025550711894358813,-0.006945823583322831,0.018157992170490998,-0.009692751393715166,0.015015822714157865,-0.0041988957729305046,0.02400353995121339,-0.006577059876139247,0.01959005396748631,-0.011574938493160741,0.01722938684835989,-0.0015791812591177475,0.021825822212186905
0.014629224427268318,0.042293277650124875,0.04797309212206849,-4.140697903513614e-06,0.01686366936827404,-0.0024330180970149316,0.00248867288261011,0.0024247367012078963,0.026211953998696604,-0.004215277158195397,0.020038422500944154,-0.004566880448866695,0.022988111337251007,-0.0038636738675240996,0.01847317229066338
-0.0241790845128467,0.03880830894011501,0.042293277650124875,-0.0037748080828191324,0.01958893372673674,0.004855021603840041,0.013591740117881643,-0.012404637769478312,0.023476765762812216,-0.004111743930630579,0.0199226855380627,-0.004765783761222898,0.0232057123146106,-0.003457704100038258,0.017901838499904812
-0.018125832609950453,0.006053251902896246,0.03880830894011501,-0.006712063335720053,0.02030817281394458,-0.0041988957729305046,0.02400353995121339,-0.009225230898509611,0.02087909825201104,-0.005603553046182611,0.020149247022527142,-0.005382151648527326,0.023029147962776303,-0.005824954443837896,0.01868672357147167
-0.007843808252234399,0.010282024357716054,0.006053251902896246,-0.0071457525452346396,0.02029827429130318,0.0024247367012078963,0.026211953998696604,-0.016716241791677185,0.008258360753433527,-0.006585036997985154,0.019878802882200723,-0.0062963328150339145,0.022630341974241432,-0.006873741180936393,0.01854367494898562
-0.033079900306746964,0.025236092054512563,0.010282024357716054,-0.01604390907956112,0.01734272760915387,-0.012404637769478312,0.023476765762812216,-0.01968318038964394,0.01268992059179825,-0.007898875600665484,0.02102992672748251,-0.004947120404451705,0.022326272855319622,-0.01085063079687926,0.0209626527270298
-0.00540984885598017,0.027670051450766793,0.025236092054512563,-0.012334875018415056,0.01672940458924866,-0.009225230898509611,0.02087909825201104,-0.015444519138320512,0.015321097914393124,-0.005594783929574202,0.019205516131169185,0.003335189759901157,0.018609462349246667,-0.01452475761904956,0.01633390896951018
-0.027936098688319422,0.02252624983233925,0.027670051450766793,-0.019429095537679682,0.011079103050155503,-0.016716241791677185,0.008258360753433527,-0.022141949283682183,0.014716897170071684,-0.008071401258045287,0.01972167078195124,-0.0015791812591177475,0.021825822212186905,-0.014563621256972827,0.016370664316499525
-0.013613891396744014,0.014322207291575408,0.02252624983233925,-0.01766823001832923,0.011012565020493156,-0.01968318038964394,0.01268992059179825,-0.015653279647014535,0.011400759238039682,-0.011231012978249345,0.016290994311003112,-0.0038636738675240996,0.01847317229066338,-0.01859835208897459,0.010349865364966664
0.03848011469571157,0.05209400609245558,0.014322207291575408,-0.008233905467385564,0.025395949587493697,-0.015444519138320512,0.015321097914393124,-0.0010232917964506233,0.0349524069098176,-0.006552371008180833,0.02031591894302019,-0.003457704100038258,0.017901838499904812,-0.009647037916323407,0.023482769912635735
0.007485111037146163,0.030995003658565404,0.05209400609245558,-0.005679085585822135,0.026201312766812607,-0.022141949283682183,0.014716897170071684,0.010783778112037906,0.026203192001041226,-0.005906643062430894,0.020628240156038726,-0.005824954443837896,0.01868672357147167,-0.005988331681023891,0.023932406710401397
0.023673853540863907,0.016188742503717744,0.030995003658565404,0.0037798733887796764,0.024521431084775478,-0.015653279647014535,0.011400759238039682,0.023213026424573877,0.015502639587242935,-0.004179774874330264,0.022076554967414817,-0.006873741180936393,0.01854367494898562,-0.0014858085677241322,0.02636618409959707
-0.017264320932283788,0.040938174473147695,0.016188742503717744,0.0018041280427290734,0.02585145494504775,-0.0010232917964506233,0.0349524069098176,0.004631547881908761,0.02061772657955204,-0.005038535441268614,0.02235314256334831,-0.01085063079687926,0.0209626527270298,0.0007735599143420346,0.023756036362377338
0.03344735585087019,0.05071167678315398,0.040938174473147695,0.012034703799260674,0.023792071419370422,0.010783778112037906,0.026203192001041226,0.013285629486483437,0.026904552399041624,-0.004100084230435881,0.023732407907426777,-0.01452475761904956,0.01633390896951018,0.006324589158177801,0.026456695747085503
-0.010893992659308783,0.04434134851017897,0.05071167678315398,0.01248802025549988,0.023224792886162974,0.023213026424573877,0.015502639587242935,0.0017630140864258736,0.027623692826284994,-0.0029022227616110397,0.022858699326655324,-0.014563621256972827,0.016370664316499525,0.008759175733750749,0.023384235589586664
-0.009164652673726813,0.00172933998558197,0.04434134851017897,0.004547225693926818,0.02055172491545354,0.004631547881908761,0.02061772657955204,0.004462903505944866,0.025116160385255316,-0.00460178541168212,0.0223334673955928,-0.01859835208897459,0.010349865364966664,0.00939478126561035,0.02272596303740838
-0.004945615663548483,0.00421903701017833,0.00172933998558197,0.0024754379104777098,0.020821124004398835,0.013285629486483437,0.026904552399041624,-0.008334753665528027,0.0030597951718668325,-0.0032279662081608194,0.02161661260576481,-0.009647037916323407,0.023482769912635735,0.00319110550000177,0.019101080197107444
-0.01623936857354573,0.011293752909997245,0.00421903701017833,-0.00417676577525723,0.01898924062341399,0.0017630140864258736,0.027623692826284994,-0.010116545636940342,0.005706731889451211,-0.0030932187769890534,0.02152227682966526,-0.005988331681023891,0.023932406710401397,-0.0001981058729542139,0.02028055370395385
-0.02669491357415629,0.01045554500061056,0.011293752909997245,-0.005748531215569314,0.020610271701160445,0.004462903505944866,0.025116160385255316,-0.0159599659370835,0.010877340634366416,-0.004439726299983474,0.022413591242350615,-0.0014858085677241322,0.02636618409959707,-0.007393644032242813,0.01931141776911952
-0.02746088841166348,0.0007659748375071912,0.01045554500061056,-0.015899905259324925,0.009388535777282552,-0.008334753665528027,0.0030597951718668325,-0.023465056853121835,0.006269338697033854,-0.004038368307477511,0.02190584228961933,0.0007735599143420346,0.023756036362377338,-0.008850296529297056,0.020526390803706652
0.018316836071064883,0.04577772448272836,0.0007659748375071912,-0.011031433804262648,0.016995512117414048,-0.010116545636940342,0.005706731889451211,-0.011946321971584961,0.026211461813464832,-0.002343605098402864,0.022695170842907036,0.006324589158177801,0.026456695747085503,-0.01101179935498353,0.01551479590666591
0.03224021715471039,0.01392338108364551,0.04577772448272836,-0.00413062216618978,0.024606750529099657,-0.0159599659370835,0.010877340634366416,0.007698721604703931,0.03123481659266446,0.0019547031760992653,0.023168826556091822,0.008759175733750749,0.023384235589586664,-0.004849769381552217,0.022543225560893797
-0.042125212833950335,0.07436542998866072,0.01392338108364551,-0.01032722169459009,0.02912043436944047,-0.023465056853121835,0.006269338697033854,0.0028106134639416477,0.03953335931850271,-8.181978370118612e-05,0.025751658213344384,0.00939478126561035,0.02272596303740838,-0.009558420833012723,0.026660903927675526
-0.04087168299339276,0.0012535298405575712,0.07436542998866072,-0.01443260743123126,0.03173919965078029,-0.011946321971584961,0.026211461813464832,-0.016918892890877568,0.04257765152777877,-0.005749805332922924,0.025340675749662624,0.00319110550000177,0.019101080197107444,-0.014690716165847618,0.02898183919098777
0.03956243145073067,0.08043411444412343,0.0012535298405575712,-0.003389716593750101,0.0376040195085341,0.007698721604703931,0.03123481659266446,-0.014478154792204143,0.046804717234220625,-0.0034585681605240307,0.027945671274727416,-0.0001981058729542139,0.02028055370395385,-0.006719030448093845,0.03543974536002748
0.0062088606666022865,0.033353570784128386,0.08043411444412343,0.0022219082526275264,0.035760539112903805,0.0028106134639416477,0.03953335931850271,0.0016332030413133978,0.040411807354169216,-0.004706067651542718,0.027015651249942766,-0.007393644032242813,0.01931141776911952,-0.0020184912708426208,0.034518792681694305
0.057146025968870216,0.05093716530226793,0.033353570784128386,0.008693439902261749,0.042191014356853955,-0.016918892890877568,0.04257765152777877,0.034305772695401054,0.025872244746255192,0.0006089571271111394,0.03133009033373282,-0.008850296529297056,0.020526390803706652,0.010068210783519337,0.03868632025943056
-0.015082366663431856,0.07222839263230207,0.05093716530226793,0.0008063425992380406,0.04132313854965508,-0.014478154792204143,0.046804717234220625,0.016090839990680218,0.037114354528707955,-0.0028574516239104355,0.03007695596415842,-0.01101179935498353,0.01551479590666591,0.005296896107162658,0.039549424504633855
-0.008003812690589038,0.007078553972842818,0.07222839263230207,0.00649324262313159,0.036272480728500846,0.0016332030413133978,0.040411807354169216,0.011353282204949773,0.03981529878900406,-0.002651010197573311,0.030027429804262543,-0.004849769381552217,0.022543225560893797,-0.00045225101359440314,0.037869379294765734
0.0011363736054207495,0.009140186296009788,0.007078553972842818,0.01349458538960051,0.02852932300216683,0.034305772695401054,0.025872244746255192,-0.007316601916200048,0.008131179371004707,-0.001915222606205628,0.029981715452150514,-0.009558420833012723,0.026660903927675526,0.005727975620601467,0.033173937816640846
-0.01730857317097261,0.018444946776393356,0.009140186296009788,0.004016084619316629,0.027567595008405176,0.016090839990680218,0.037114354528707955,-0.008058670752046965,0.009222595754513807,-0.002798290999593065,0.030258624989608133,-0.014690716165847618,0.02898183919098777,0.009094134166661489,0.028527466692526926
0.0008229013649662654,0.018131474535938875,0.018444946776393356,0.0031184247357106255,0.027569602338951973,0.011353282204949773,0.03981529878900406,-0.005116432733528532,0.010559866596986591,-0.0015795574325564942,0.030018267679340266,-0.006719030448093845,0.03543974536002748,0.0035599155829808605,0.025194580305775843
-0.0014953142064395375,0.002318215571405803,0.018131474535938875,-0.006655131960174334,0.008118932130898432,-0.007316601916200048,0.008131179371004707,-0.005993662004148626,0.009867316853821794,0.0002204139508518452,0.029139083657464544,-0.0020184912708426208,0.034518792681694305,0.0024593191725463133,0.02522783023984392
-0.008129817604067469,0.006634503397627931,0.002318215571405803,-0.005496373783613601,0.00710894344702098,-0.008058670752046965,0.009222595754513807,-0.002934076815180247,0.004646538778258166,0.001601204722822989,0.02816831315163254,0.010068210783519337,0.03868632025943056,-0.006865801337873355,0.007432466183038755
-0.006663760810699548,0.0014660567933679211,0.006634503397627931,-0.00527303180363202,0.007035078356683376,-0.005116432733528532,0.010559866596986591,-0.005429630873735518,0.0034851780957746293,-0.00018312362587447032,0.027817017470254984,0.005296896107162658,0.039549424504633855,-0.005663143358911597,0.006504530376296915
-0.03308415298044209,0.02642039216974254,0.0014660567933679211,-0.010976452901275828,0.012527294580512627,-0.005993662004148626,0.009867316853821794,-0.015959243798403036,0.014848710937322445,-0.004849150064099647,0.02743611244514073,-0.00045225101359440314,0.037869379294765734,-0.00924604911460489,0.012318184610983114
-0.00817578818445357,0.024908364795988517,0.02642039216974254,-0.00945432207018932,0.012153289510903522,-0.002934076815180247,0.004646538778258166,-0.0159745673251984,0.014836610046278623,-0.0024241911605641644,0.02530560771741424,0.005727975620601467,0.033173937816640846,-0.010576357941729791,0.011484690813964662
-0.010176678455778585,0.0020008902713250145,0.024908364795988517,-0.011287585373646795,0.011074724202905069,-0.005429630873735518,0.0034851780957746293,-0.01714553987355808,0.013839451986898605,-0.00023169083644886557,0.022937124407235727,0.009094134166661489,0.028527466692526926,-0.009557515839559218,0.011097743657674592
-0.025382273941489873,0.015205595485711288,0.0020008902713250145,-0.015268745329488515,0.011143800469323206,-0.015959243798403036,0.014848710937322445,-0.01457824686057401,0.009409895926275873,-0.004870598364464619,0.02073117119426492,0.0035599155829808605,0.025194580305775843,-0.013301112311910095,0.011427509145032187
-0.01398208112459502,0.011400192816894852,0.015205595485711288,-0.016244122582909776,0.010638651187898402,-0.0159745673251984,0.014836610046278623,-0.01651367784062116,0.00791260197205803,-0.006312808492407284,0.02060303206408829,0.0024593191725463133,0.02522783023984392,-0.01508493615736088,0.010184468965000016
0.023927081428707628,0.03790916255330265,0.011400192816894852,-0.011145648876341915,0.019656450293611172,-0.01714553987355808,0.013839451986898605,-0.005145757879125755,0.025814987664725342,-0.008685590245276039,0.013378829599387814,-0.006865801337873355,0.007432466183038755,-0.010505379152678723,0.018023585909051273
-0.010419995411204426,0.034347076839912054,0.03790916255330265,-0.00736828928146897,0.016525726176468043,-0.01457824686057401,0.009409895926275873,-0.00015833170236393955,0.02093448012080026,-0.008352563727259794,0.013264895193168893,-0.005663143358911597,0.006504530376296915,-0.01104198409560799,0.01794589804091803
-0.007224471430936056,0.0031955239802683704,0.034347076839912054,-0.00720973648921605,0.01652099224299938,-0.01651367784062116,0.00791260197205803,0.0020942048621890486,0.018975213246594742,-0.008296896494427438,0.013268106234028064,-0.00924604911460489,0.012318184610983114,-0.007347743874249986,0.015085952942366846
-0.002253404386561606,0.0049710670443744494,0.0031955239802683704,-0.005889190811013221,0.016553038158693162,-0.005145757879125755,0.025814987664725342,-0.006632623742900696,0.004115338990328593,-0.00853902349385475,0.013112738418435627,-0.010576357941729791,0.011484690813964662,-0.006501689045979705,0.015197433078785188
0.00023421162800495637,0.0024876160145665626,0.0049710670443744494,-0.0016197765494307497,0.013551116117074893,-0.00015833170236393955,0.02093448012080026,-0.003081221396497568,0.0037976241250139414,-0.007285967436784924,0.013048293065519495,-0.009557515839559218,0.011097743657674592,-0.005014419034010627,0.015287003408195372
-0.011470867814466766,0.011705079442471723,0.0024876160145665626,-0.0012012409977427072,0.013125015297111199,0.0020942048621890486,0.018975213246594742,-0.004496686857674472,0.00616655968693608,-0.008164093806744425,0.012873101144612016,-0.013301112311910095,0.011427509145032187,-0.0030270753015787556,0.012918619061647254
-0.007183076858790234,0.0042877909556765315,0.011705079442471723,-0.0063862673789923515,0.00456887105535616,-0.006632623742900696,0.004115338990328593,-0.006139911015084014,0.005921855065918957,-0.008570362567626619,0.01273546393900517,-0.01508493615736088,0.010184468965000016,-0.0020557889778923576,0.01219289907598474
-0.019460247203679892,0.012277170344889659,0.0042877909556765315,-0.007892976011071596,0.007005852907518801,-0.003081221396497568,0.0037976241250139414,-0.01270473062564563,0.006230894076853431,-0.009379678967598934,0.013061164242104698,-0.010505379152678723,0.018023585909051273,-0.008253978782519147,0.006466367357987212
-0.029112507925408468,0.009652260721728576,0.012277170344889659,-0.011540982093483663,0.011093996762528431,-0.004496686857674472,0.00616655968693608,-0.018585277329292865,0.010990867387845415,-0.010983160904363857,0.01404315961163408,-0.01104198409560799,0.01794589804091803,-0.010924337713119724,0.010257958967650511
-0.005246750762049847,0.02386575716335862,0.009652260721728576,-0.012039873156065037,0.010651278941728104,-0.006139911015084014,0.005921855065918957,-0.01793983529704607,0.01200530426600993,-0.008994775031621553,0.012566241001131908,-0.007347743874249986,0.015085952942366846,-0.010641806188993122,0.010403056824302905
0.02522061068009334,0.03046736144214319,0.02386575716335862,-0.007875473314050307,0.018443892526392298,-0.01270473062564563,0.006230894076853431,-0.003046216002454992,0.02723331983565391,-0.006609317969868203,0.015549404074947442,-0.006501689045979705,0.015197433078785188,-0.006716946893756702,0.01711362791860786
0.007698191217623457,0.017522419462469883,0.03046736144214319,-0.00468063014203527,0.0193352314989731,-0.018585277329292865,0.010990867387845415,0.009224017045222316,0.015290884103075079,-0.005332541564625201,0.015962330942628233,-0.005014419034010627,0.015287003408195372,-0.005650664095239773,0.017836182570596673
-0.007952507655874626,0.015650698873498084,0.017522419462469883,-0.004808868608216002,0.01935768662761399,-0.01793983529704607,0.01200530426600993,0.008322098080614055,0.016595357479225886,-0.004087558258509825,0.014924220903428055,-0.0030270753015787556,0.012918619061647254,-0.005148041215440895,0.01769383958839531
-0.022957019764123565,0.015004512108248939,0.015650698873498084,-0.005391664034956614,0.01993115526224208,-0.003046216002454992,0.02723331983565391,-0.007737112067458245,0.015328740539538392,-0.004728625304190436,0.015561101063059314,-0.0020557889778923576,0.01219289907598474,-0.0074014616304885145,0.01895567099923861
0.014755079187916503,0.03771209895204007,0.015004512108248939,0.0019196004839308813,0.01737089545682855,0.009224017045222316,0.015290884103075079,-0.005384816077360563,0.018986715931774364,-0.0053837683213898025,0.01441254395145421,-0.008253978782519147,0.006466367357987212,-0.0025135578602604584,0.019723765474069708
-0.0068946309755769705,0.02164971016349347,0.03771209895204007,0.001644953781676361,0.017519255383919644,0.008322098080614055,0.016595357479225886,-0.005032190517261345,0.018924907270253494,-0.005131956575987842,0.014348438391234597,-0.010924337713119724,0.010257958967650511,0.0006604245611440414,0.01620355955261294
-0.006592880725527627,0.00030175025004934315,0.02164971016349347,-0.003657294785927134,0.013251330695256797,-0.007737112067458245,0.015328740539538392,0.0004225224956039683,0.012413275124120781,-0.005086842954172953,0.014342344736639707,-0.010641806188993122,0.010403056824302905,0.00046812028064721536,0.016293091090904505
-0.023493863776509572,0.016900983050981946,0.00030175025004934315,-0.008855970618282638,0.014002670105783955,-0.005384816077360563,0.018986715931774364,-0.012327125159204722,0.00967185617209834,-0.006604018624883523,0.015121817189072264,-0.006716946893756702,0.01711362791860786,-0.006491090356010343,0.014231804254100863
0.007960547208936049,0.03145441098544562,0.016900983050981946,-0.0062037948074808585,0.015621451006723961,-0.005032190517261345,0.018924907270253494,-0.007375399097700383,0.015741799257468044,-0.006052137511959874,0.015526163483104892,-0.005650664095239773,0.017836182570596673,-0.006453610928679973,0.014275677437181137
-0.02332547816562429,0.031286025374560336,0.03145441098544562,-0.006265204541064312,0.015701003314525872,0.0004225224956039683,0.012413275124120781,-0.012952931577732604,0.018111799597191277,-0.00689889539418541,0.01615494793707291,-0.005148041215440895,0.01769383958839531,-0.008649749572929926,0.01566004382598997
0.0004999464447240221,0.02382542461034831,0.031286025374560336,-0.00864105999826306,0.012670077587026958,-0.012327125159204722,0.00967185617209834,-0.004954994837321406,0.016340781322425526,-0.006350108015362964,0.016274605542368942,-0.0074014616304885145,0.01895567099923861,-0.005298754400237413,0.014559284621570264
-0.00743486264866965,0.007934809093393672,0.02382542461034831,-0.008731098610445173,0.012657097505440956,-0.007375399097700383,0.015741799257468044,-0.010086798123189971,0.012132076730165049,-0.005491151975719375,0.0158410078318197,-0.0025135578602604584,0.019723765474069708,-0.00846874609117829,0.011575127053115263
-0.013010847372381352,0.0055759847237117025,0.007934809093393672,-0.009800759718254127,0.012711332036728152,-0.012952931577732604,0.018111799597191277,-0.00664858785877566,0.006789628739923879,-0.004341033364788867,0.0145238435820571,0.0006604245611440414,0.01620355955261294,-0.009342491290721774,0.011666977819969986
-0.009845645525633625,0.003165201846747727,0.0055759847237117025,-0.007526056676441469,0.010856749818934376,-0.004954994837321406,0.016340781322425526,-0.010097118515561542,0.0027964853670748987,-0.004669525847901993,0.014597724137228086,0.00046812028064721536,0.016293091090904505,-0.009807171976451201,0.011603817889356376
0.006039249430256771,0.015884894955890398,0.003165201846747727,-0.007846272972888016,0.01032387991175249,-0.010086798123189971,0.012132076730165049,-0.005605747822586069,0.010208285676189796,-0.006039623080033176,0.012295069137244045,-0.006491090356010343,0.014231804254100863,-0.005588155804056011,0.01115851240372677
-0.013345784079881167,0.01938503351013794,0.015884894955890398,-0.006182990625264162,0.007835205959909884,-0.00664858785877566,0.006789628739923879,-0.005717393391752673,0.010330862999186572,-0.0075427641727120786,0.011761128311324637,-0.006453610928679973,0.014275677437181137,-0.008631917416744184,0.009650875989879952
-0.015050038542938357,0.0017042544630571903,0.01938503351013794,-0.00877465478987456,0.0077538998473180186,-0.010097118515561542,0.0027964853670748987,-0.007452191064187585,0.011714962474547766,-0.008049730664645203,0.01193187997771389,-0.008649749572929926,0.01566004382598997,-0.007449711756360479,0.007898783914603724
-0.00901976051580023,0.006030278027138127,0.0017042544630571903,-0.009038804434396322,0.007726075301706986,-0.005605747822586069,0.010208285676189796,-0.012471861046206586,0.003108676466397953,-0.007054212146907822,0.011148113905264935,-0.005298754400237413,0.014559284621570264,-0.00880966989357823,0.007078915978990826
-0.01560061855395691,0.006580858038156679,0.006030278027138127,-0.009470432964658914,0.008057588450000182,-0.005717393391752673,0.010330862999186572,-0.013223472537565166,0.0036509150440104158,-0.009222476271327351,0.00939403440382687,-0.00846874609117829,0.011575127053115263,-0.00997620645147641,0.00747626850537224
-0.004699737020937186,0.010900881533019723,0.006580858038156679,-0.008612781547209509,0.008280447062161477,-0.007452191064187585,0.011714962474547766,-0.009773372030231443,0.005489376311134543,-0.009065698131710223,0.009453996575152284,-0.009342491290721774,0.011666977819969986,-0.008788904972698672,0.0075733285846730425
-0.0004111842163197102,0.004288552804617476,0.010900881533019723,-0.009687853821638922,0.006139682766857583,-0.012471861046206586,0.003108676466397953,-0.006903846597071269,0.007830919686860062,-0.008624148381052516,0.009719017538168584,-0.009807171976451201,0.011603817889356376,-0.007441124785653827,0.008169922067723635
-0.031230016546063326,0.030818832329743615,0.004288552804617476,-0.012668559232669283,0.010824557404121275,-0.013223472537565166,0.0036509150440104158,-0.012113645927773406,0.016693550865569663,-0.009176730721734926,0.010790355034226881,-0.005588155804056011,0.01115851240372677,-0.01276530563941384,0.009884738484137593
-0.02561018063681092,0.005619835909252406,0.030818832329743615,-0.014428582914981376,0.01207545639439508,-0.009773372030231443,0.005489376311134543,-0.019083793799731318,0.016413269034613945,-0.011574639853573996,0.01041258605769257,-0.008631917416744184,0.009650875989879952,-0.014517362290403806,0.011025835344919879
0.0031884658085869423,0.02879864644539786,0.005619835909252406,-0.01239387852758351,0.014038149094398478,-0.006903846597071269,0.007830919686860062,-0.01788391045809577,0.01846427415457267,-0.009680786712558908,0.0105215489536585,-0.007449711756360479,0.007898783914603724,-0.011911861668757334,0.012878317958070078
0.0015922042237623826,0.0015962615848245597,0.02879864644539786,-0.009528408064630298,0.014976047230622694,-0.012113645927773406,0.016693550865569663,-0.006943170201487198,0.01618579536835185,-0.009602768299770453,0.010606553423409527,-0.00880966989357823,0.007078915978990826,-0.010395866705962676,0.013862505197083179
0.0002023978829700049,0.0013898063407923778,0.0015962615848245597,-0.008711385580645766,0.015419321121079512,-0.019083793799731318,0.016413269034613945,0.0016610226384397768,0.0014942230070336196,-0.009057249690367622,0.010918445518484693,-0.00997620645147641,0.00747626850537224,-0.00813829292925883,0.014157280794888708
-0.005186476980571092,0.005388874863541097,0.0013898063407923778,-0.009507267708020998,0.01502337103955908,-0.01788391045809577,0.01846427415457267,-0.001130624957946235,0.003580550535643825,-0.008498366090952602,0.010900744214090968,-0.008788904972698672,0.0075733285846730425,-0.008207827209206531,0.014138760569085763
-0.004944483140075019,0.00024199384049607316,0.005388874863541097,-0.005126345473689612,0.010604665908500578,-0.006943170201487198,0.01618579536835185,-0.0033095207458920355,0.0030438166167692632,-0.008148283063412701,0.010932801829148103,-0.007441124785653827,0.008169922067723635,-0.008855441341171576,0.013822404799739473
-0.036506735514057954,0.031562252373982934,0.00024199384049607316,-0.006942437953230784,0.014883863207412387,0.0016610226384397768,0.0014942230070336196,-0.015545898544901356,0.01815302055004569,-0.01118728198800661,0.012488328614244128,-0.01276530563941384,0.009884738484137593,-0.00960925833659938,0.015309844436860107
0.000360773845206311,0.036867509359264264,0.031562252373982934,-0.007413719947127556,0.014539710940179045,-0.001130624957946235,0.003580550535643825,-0.013696814936308888,0.019931276815407094,-0.010208242136214648,0.012838457151232276,-0.014517362290403806,0.011025835344919879,-0.005899121982025489,0.013864608811329997
0.01574655574680072,0.01538578190159441,0.036867509359264264,-0.0050546613599545,0.01719835298312292,-0.0033095207458920355,0.0030438166167692632,-0.006799801974016975,0.02685250447249132,-0.008008485401233284,0.014478634899828802,-0.011911861668757334,0.012878317958070078,-0.0041051091337092355,0.015899612168938298
0.027087581102294728,0.011341025355494007,0.01538578190159441,-0.0005737974900670463,0.02174366555646074,-0.015545898544901356,0.01815302055004569,0.014398303564767253,0.013414316773475906,-0.0054293895713693596,0.017237678327924662,-0.010395866705962676,0.013862505197083179,-0.0004629124367760438,0.019851328124955603
-0.0019864096216086068,0.029073990723903334,0.011341025355494007,-4.045293023996513e-05,0.021646925331747068,-0.013696814936308888,0.019931276815407094,0.013615909075828948,0.014653633528268565,-0.004456946076201623,0.017002147752973297,-0.00813829292925883,0.014157280794888708,-0.0007755992231444164,0.01985633972905533
0.025085475650005608,0.027071885271614214,0.029073990723903334,0.00496454020144014,0.023663938466885845,-0.006799801974016975,0.02685250447249132,0.016728882376897243,0.01623880298859877,-0.002329430885419995,0.018743771495474477,-0.008207827209206531,0.014138760569085763,0.003548965438366541,0.02192438406218272
0.015037305795689791,0.010048169854315817,0.027071885271614214,0.013555213753064765,0.012154882012139273,0.014398303564767253,0.013414316773475906,0.012712123941362265,0.013684903946744792,-0.0012259673131336023,0.019311522337836205,-0.008855441341171576,0.013822404799739473,0.006403506714904371,0.021935041042250997
-0.01012672117539736,0.02516402697108715,0.010048169854315817,0.011807297916297485,0.014880291142880442,0.013615909075828948,0.014653633528268565,0.009998686756766012,0.018138783384843746,0.00028141092762825254,0.01753090334184866,-0.00960925833659938,0.015309844436860107,0.010172080191855887,0.01425611375720504
-0.009002595918762636,0.001124125256634724,0.02516402697108715,0.007682439305370259,0.01686749833434041,0.016728882376897243,0.01623880298859877,-0.001364003766156735,0.014215067038385355,0.0014676669789174157,0.0161517821290387,-0.005899121982025489,0.013864608811329997,0.008834455939860321,0.015696615760479794
-0.0012207259062809517,0.007781870012481684,0.001124125256634724,0.0029643881372743122,0.014083389378792784,0.012712123941362265,0.013684903946744792,-0.006783347666813649,0.00485005000347573,0.0011527247135697091,0.016158633139397128,-0.0041051091337092355,0.015899612168938298,0.006410558560848652,0.015761266270422045
-0.02034407112995468,0.01912334522367373,0.007781870012481684,-9.522211411670002e-05,0.017054711182507197,0.009998686756766012,0.018138783384843746,-0.010189130984999422,0.009616729289810978,-0.00041415209741008124,0.01714612800485283,-0.0004629124367760438,0.019851328124955603,-0.0003653917580441197,0.015585150605232573
-0.0013224583923352445,0.019021612737619438,0.01912334522367373,-0.004496544454506843,0.011878759249383579,-0.001364003766156735,0.014215067038385355,-0.007629085142856959,0.011011618358068366,-0.0005230704027890275,0.01714675339072413,-0.0007755992231444164,0.01985633972905533,-0.0002705415824336394,0.01557565845619628
-0.021371470674056148,0.0200490122817209,0.019021612737619438,-0.010564673866131165,0.00880662555698705,-0.006783347666813649,0.00485005000347573,-0.014346000065448691,0.011290410344150336,-0.0016791413808951029,0.01800927625381607,0.003548965438366541,0.02192438406218272,-0.0069072482001567475,0.012580456361583824
0.003395948191693422,0.02476741886574957,0.0200490122817209,-0.008310895638282701,0.010507267355359727,-0.010189130984999422,0.009616729289810978,-0.006432660291565991,0.013150736933953477,-0.001083396285768786,0.01803088741305583,0.006403506714904371,0.021935041042250997,-0.008570299286441943,0.009616301497955946
-0.005803066812526131,0.009199015004219553,0.02476741886574957,-0.007777640787243284,0.010546259318918512,-0.007629085142856959,0.011011618358068366,-0.00792619643162962,0.012519465597720528,0.0011097229071977727,0.015004084660274024,0.010172080191855887,0.01425611375720504,-0.007952634377460339,0.009638499916889753
0.00947055480764095,0.015273621620167082,0.009199015004219553,-0.0059957606682563,0.012582324634835402,-0.014346000065448691,0.011290410344150336,0.00235447872893608,0.007689887731976382,0.0017604215473716754,0.015165771424469152,0.008834455939860321,0.015696615760479794,-0.00531361284511697,0.011626966812054607
0.001993476557228369,0.007477078250412581,0.015273621620167082,-0.0022728360537257928,0.010643001064632581,-0.006432660291565991,0.013150736933953477,0.0018869881841143959,0.0076373676210599655,0.0007780587481165075,0.014625951511748718,0.006410558560848652,0.015761266270422045,-0.004854441064615638,0.011876335745671075
-0.007756992527977705,0.009750469085206074,0.007477078250412581,-0.0033452584096662027,0.010850249532490358,-0.00792619643162962,0.012519465597720528,0.0012356796122972044,0.00863873769468408,-0.0017108393683315235,0.012633507002034933,-0.0003653917580441197,0.015585150605232573,-0.0030562869786189273,0.009934340802496918
0.0034315473435693323,0.011188539871547037,0.009750469085206074,0.0007885779266047105,0.006435661971737416,0.00235447872893608,0.007689887731976382,-0.0007773228757266677,0.006087187629566499,-0.001323842442247385,0.012707184396283972,-0.0002705415824336394,0.01557565845619628,-0.0023771433020611304,0.010230704951049897
0.038638969559873726,0.03520742221630439,0.011188539871547037,0.006662414821301428,0.01688745530251318,0.0018869881841143959,0.0076373676210599655,0.011437841458488451,0.024212019403702743,-0.000355735734399662,0.015154577859525013,-0.0069072482001567475,0.012580456361583824,0.0061957767313574235,0.015465425306498769
-0.013051181331589074,0.0516901508914628,0.03520742221630439,0.005454395734790937,0.018168172793143665,0.0012356796122972044,0.00863873769468408,0.009673111857284662,0.026404275609826923,-0.0023620562434910094,0.014815454755284852,-0.008570299286441943,0.009616301497955946,0.0038461867994599237,0.017122298445565756
0.022796554238874115,0.03584773557046319,0.0516901508914628,0.0076753956399964645,0.019521456900633203,-0.0007773228757266677,0.006087187629566499,0.01612811415571959,0.026482428035444833,-1.0393713900190113e-05,0.016049709610677743,-0.007952634377460339,0.009638499916889753,0.007931846949659958,0.017833482661994717
-0.005743817228860317,0.028540371467734433,0.03584773557046319,0.006385846675648351,0.02021509261905203,0.011437841458488451,0.024212019403702743,0.0013338518928082412,0.018942942921555996,0.00022237619252140408,0.01593246617814399,-0.00531361284511697,0.011626966812054607,0.005758365230159777,0.018528296524012656
-0.022163075043257964,0.016419257814397646,0.028540371467734433,0.00398483292310164,0.022907124115948592,0.009673111857284662,0.026404275609826923,-0.001703446011081389,0.022750505840085828,-0.0012735058886912396,0.01702410919228174,-0.004854441064615638,0.011876335745671075,0.0023074292872331584,0.021376998388211662
0.0026508273111641337,0.024813902354422098,0.016419257814397646,0.0038547129177007745,0.02291311211975666,0.01612811415571959,0.026482428035444833,-0.008418688320318049,0.012621356465556142,0.0003689868571029615,0.0161283524787917,-0.0030562869786189273,0.009934340802496918,0.0037942606928248503,0.020917325445928767
0.01904866429358787,0.016397836982423735,0.024813902354422098,0.000589662039986465,0.017787646499312883,0.0013338518928082412,0.018942942921555996,-0.00015452781283532024,0.020748599418294336,0.0018240670489546122,0.016866070954696437,-0.0023771433020611304,0.010230704951049897,0.006025277399970356,0.02169074396401109
-0.00823381266059343,0.0272824769541813,0.016397836982423735,0.001392556818485739,0.017145933031914348,-0.001703446011081389,0.022750505840085828,0.0044885596480528575,0.01373376613662084,0.0027624711927733783,0.015808556797135404,0.0061957767313574235,0.015465425306498769,-0.0006708343458106669,0.016576758769152884
0.01475646255933587,0.0229902752199293,0.0272824769541813,5.2541538562698185e-05,0.015359714340118635,-0.008418688320318049,0.012621356465556142,0.008523771397443437,0.014670317533322428,0.0035739365047478384,0.016131841319302006,0.0038461867994599237,0.017122298445565756,0.003301686210035754,0.016446862158119184
-0.012211168134191954,0.026967630693527825,0.0229902752199293,-0.0010253502789925747,0.016058853124710053,-0.00015452781283532024,0.020748599418294336,-0.001896172745149838,0.014558074600681021,0.0031162149817717086,0.016504964679473284,0.007931846949659958,0.017833482661994717,-0.0016994169861165418,0.01476774180030292
-0.01529153094174389,0.0030803628075519365,0.026967630693527825,0.00011990707125977106,0.014410306273689175,0.0044885596480528575,0.01373376613662084,-0.004248745505533324,0.01653089861284813,0.0013474945711013622,0.017088121012979383,0.005758365230159777,0.018528296524012656,-0.003063376087957052,0.015619874544530779
0.010102813524069039,0.02539434446581293,0.0030803628075519365,0.0013619047734105885,0.014981870035075883,0.008523771397443437,0.014670317533322428,-0.005799961850622269,0.0138580610916518,0.001926732925875696,0.017248392377805864,0.0023074292872331584,0.021376998388211662,0.0015460365645182338,0.013685187481558236
0.0020597257108970653,0.008043087813171973,0.02539434446581293,-0.0014695849903712122,0.012343772800739089,-0.001896172745149838,0.014558074600681021,-0.0010429972355925955,0.012978380098228595,0.002627927085795322,0.017022499224353164,0.0037942606928248503,0.020917325445928767,0.0014615934787657954,0.013679056606935674
-0.039045005526942594,0.041104731237839656,0.008043087813171973,-0.006604783801429406,0.019848322278380924,-0.004248745505533324,0.01653089861284813,-0.008960822097325497,0.02636221509780115,-0.0004061124049555296,0.020331981639671756,0.006025277399970356,0.02169074396401109,-0.006837502209881414,0.01812941493978287
0.006038260547082373,0.045083266074024964,0.041104731237839656,-0.008057817470138324,0.018224463611262096,-0.005799961850622269,0.0138580610916518,-0.010315673089654387,0.02495972939716796,-0.0027347344772977694,0.017131078354559792,-0.0006708343458106669,0.016576758769152884,-0.00479863460878487,0.018738511290869102
-0.0041711124835417624,0.010209373030624136,0.045083266074024964,-0.006717808195029957,0.018153444710914023,-0.0010429972355925955,0.012978380098228595,-0.012392619154467328,0.023639376026671852,-0.0021004438452943896,0.016882311075543437,0.003301686210035754,0.016446862158119184,-0.007502573900624533,0.01670131620209177
-0.009779903483587414,0.005608791000045652,0.010209373030624136,-0.005799203618670545,0.01776818771835494,-0.008960822097325497,0.02636221509780115,-0.002637585140015601,0.00801981034129241,-0.0044273336826130705,0.015363476451014142,-0.0016994169861165418,0.01476774180030292,-0.007155250379109598,0.016612117626732547
0.016891287065557425,0.026671190549144838,0.005608791000045652,-0.004667791361755813,0.019145997650088474,-0.010315673089654387,0.02495972939716796,0.0009800903661427499,0.014061979569966195,-0.002810540518726089,0.01637217971574614,-0.003063376087957052,0.015619874544530779,-0.0025577049494951245,0.01834779571732746
0.005681751322770215,0.01120953574278721,0.026671190549144838,-0.004064120426443622,0.019455144133689234,-0.012392619154467328,0.023639376026671852,0.004264378301580075,0.01339196815401293,-0.0008216243497240758,0.015508917770100137,0.0015460365645182338,0.013685187481558236,-0.003189285263966385,0.017910226603332892
0.01110361895908872,0.005421867636318506,0.01120953574278721,0.004293983654561598,0.009795547345531338,-0.002637585140015601,0.00801981034129241,0.011225552449138787,0.005605762546184314,-0.00021785351772946247,0.015815996900868573,0.0014615934787657954,0.013679056606935674,-0.0018973005142247194,0.018662385184539127
-0.019155061135594023,0.030258680094682744,0.005421867636318506,9.509670744886507e-05,0.013570519732993816,0.0009800903661427499,0.014061979569966195,-0.0007898969512450289,0.01613408205647321,-0.002946691048385312,0.015529283052483514,-0.006837502209881414,0.01812941493978287,0.0009441201131107907,0.01259014389869499
-0.011988579132887502,0.007166482002706521,0.030258680094682744,-0.001207814400775425,0.01441127507152163,0.004264378301580075,0.01339196815401293,-0.006680007103130935,0.015812420213693498,-0.0032148886535491744,0.015659495235573986,-0.00479863460878487,0.018738511290869102,-0.001631142698313477,0.013203225196457157
-0.02654452690881326,0.014555947775925757,0.007166482002706521,-0.004001918304979733,0.01766380726594164,0.011225552449138787,0.005605762546184314,-0.019229389059098264,0.007278258541301541,-0.00616495932984554,0.015901908453924987,-0.007502573900624533,0.01670131620209177,-0.004827344759066549,0.01627199151173645
-0.010209282262290923,0.016335244646522334,0.014555947775925757,-0.008518679859621124,0.014419770890245306,-0.0007898969512450289,0.01613408205647321,-0.01624746276799723,0.00896178675145131,-0.0060219674818526095,0.015852281213942766,-0.007155250379109598,0.016612117626732547,-0.004888684584595621,0.016294566179647908
0.013752404591756596,0.02396168685404752,0.016335244646522334,-0.007173570981456726,0.01626740306346219,-0.006680007103130935,0.015812420213693498,-0.007667134859782529,0.02026838812418158,-0.003947400658031146,0.016435608750502137,-0.0025577049494951245,0.01834779571732746,-0.005337096366567168,0.015624728534246186
0.005062921894914367,0.008689482696842228,0.02396168685404752,-0.008180353825485787,0.015051487818592637,-0.019229389059098264,0.007278258541301541,0.0028686814081266797,0.012130607062643324,-0.00430739291725648,0.0161570254473116,-0.003189285263966385,0.017910226603332892,-0.005425500570546575,0.01555358221830096
-0.009758377070018486,0.014821298964932852,0.008689482696842228,-0.00661423981455653,0.014142603056103785,-0.01624746276799723,0.00896178675145131,0.003018983138884159,0.01188791309758431,-0.005151543115893305,0.016107427578997958,-0.0018973005142247194,0.018662385184539127,-0.008405785717561889,0.013753004813256574
-0.002827892380450337,0.00693048468956815,0.014821298964932852,-0.005087458689150336,0.01393938769219369,-0.007667134859782529,0.02026838812418158,-0.002507782518518152,0.0074158329602789464,-0.0025646064625724297,0.012817599327666076,0.0009441201131107907,0.01259014389869499,-0.00607333303825565,0.012989447460148917
-0.034055688272779897,0.03122779589232956,0.00693048468956815,-0.006339318916478109,0.016376093982512534,0.0028686814081266797,0.012130607062643324,-0.015547319241082908,0.01639901514323939,-0.005428459949705449,0.015034925495377785,-0.001631142698313477,0.013203225196457157,-0.00922577720109742,0.01678695530579234
0.006057342153711152,0.040113030426491045,0.03122779589232956,-0.003628214847144429,0.0169439213192406,0.003018983138884159,0.01188791309758431,-0.010275412833173026,0.021068055752001442,-0.004697856047044527,0.015346025741846264,-0.004827344759066549,0.01627199151173645,-0.004568367335022504,0.015666341786254968
-0.02962379511369716,0.03568113726740831,0.040113030426491045,-0.010857581464720054,0.017294994417634626,-0.002507782518518152,0.0074158329602789464,-0.01920738041092197,0.02199181834101702,-0.006115276877766652,0.01670756315553483,-0.004888684584595621,0.016294566179647908,-0.007341869170937681,0.01832445516562261
0.011527171472677594,0.04115096658637475,0.03568113726740831,-0.009780206535092852,0.018634561845883742,-0.015547319241082908,0.01639901514323939,-0.004013093829102805,0.02234750038396237,-0.006498427991543783,0.016192955254123027,-0.005337096366567168,0.015624728534246186,-0.007659759616520394,0.017912187990251415
0.011442906019898893,8.426545277870172e-05,0.04115096658637475,-0.006246659353439955,0.020551101049952673,-0.010275412833173026,0.021068055752001442,-0.002217905873706891,0.023734233691918384,-0.006086916941748876,0.016594524855575936,-0.005425500570546575,0.01555358221830096,-0.0067483333129511784,0.01880739746224079
0.006985049324214898,0.004457856695683994,8.426545277870172e-05,-0.004611169069329082,0.021255963624004552,-0.01920738041092197,0.02199181834101702,0.009985042272263794,0.00259841171350699,-0.006381100487097007,0.016300230011245986,-0.008405785717561889,0.013753004813256574,-0.0043564152566321224,0.019415654024259852
-0.010117931994027657,0.017102981318242554,0.004457856695683994,-0.000621543022870375,0.016290622939396655,-0.004013093829102805,0.02234750038396237,0.0027700077833620437,0.01138166795153643,-0.005735591262699409,0.01593019331644907,-0.00607333303825565,0.012989447460148917,-0.005397849487143168,0.01951526036753231
0.018717431613108376,0.02883536360713603,0.017102981318242554,0.0014884718870291625,0.01805324034082004,-0.002217905873706891,0.023734233691918384,0.005194849647765206,0.014500798590081401,-0.003542304780842561,0.017075684827964763,-0.00922577720109742,0.01678695530579234,0.0021411676394122994,0.01657050556115992
0.013677342398433757,0.005040089214674619,0.02883536360713603,0.008705328139050983,0.009976920922431756,0.009985042272263794,0.00259841171350699,0.007425614005838158,0.015400734706825703,-0.0006693141160392025,0.016272638979364224,-0.004568367335022504,0.015666341786254968,0.0032297391029441,0.017112090841177773
0.0056479287822006185,0.008029413616233138,0.005040089214674619,0.00772545435730482,0.009932962606605323,0.0027700077833620437,0.01138166795153643,0.012680900931247583,0.006591482971222983,0.0004633438157101933,0.016108573687813453,-0.007341869170937681,0.01832445516562261,0.008268556802358069,0.009180659579478967
0.0005759212056507953,0.005072007576549823,0.008029413616233138,0.0059142902215968025,0.010108740920462109,0.005194849647765206,0.014500798590081401,0.00663373079542839,0.006606108046697282,-0.0004778335690116496,0.01565083441007444,-0.007659759616520394,0.017912187990251415,0.006704092478497098,0.00946160922179153
0.024629695106630697,0.024053773900979902,0.005072007576549823,0.008855064518666104,0.012713490072692192,0.007425614005838158,0.015400734706825703,0.010284515031494038,0.012679489688280757,0.0009197930889680882,0.016999260191473152,-0.0067483333129511784,0.01880739746224079,0.008587919490887354,0.011627277846431082
-0.009845636868913349,0.034475331975544046,0.024053773900979902,0.00890044703951849,0.01263244574435012,0.012680900931247583,0.006591482971222983,0.005119993147789381,0.017681164301806905,0.0009135602461898837,0.017003492021671094,-0.0043564152566321224,0.019415654024259852,0.006183535749011891,0.013588726453449178
-0.022701653599793318,0.012856016730879969,0.034475331975544046,0.0019972661707015394,0.016818380239923457,0.00663373079542839,0.006606108046697282,-0.002639198454025323,0.024474756557787393,-0.0005059941266203292,0.018132019287383134,-0.005397849487143168,0.01951526036753231,0.004385861233902511,0.01660278991245684
0.027567879486658314,0.05026953308645163,0.012856016730879969,0.004312355685405632,0.019491350991530737,0.010284515031494038,0.012679489688280757,-0.001659803660682783,0.026115366897043427,0.003895689284768115,0.01679130858301548,0.0021411676394122994,0.01657050556115992,0.005650210930123931,0.01814174650228811
-0.0029608490545358327,0.030528728541194147,0.05026953308645163,0.00287755937928289,0.019689224090487036,0.005119993147789381,0.017681164301806905,0.000635125610776388,0.0253269572694321,0.00325153276989333,0.016874775940037286,0.0032297391029441,0.017112090841177773,0.0032733264368425613,0.018004195122752024
0.02839963842924075,0.03136048748377658,0.030528728541194147,0.007514845583214549,0.022160235410094365,-0.002639198454025323,0.024474756557787393,0.01766888962045441,0.017870717503319013,0.007396063737246037,0.015224006692349875,0.008268556802358069,0.009180659579478967,0.0065235706721340075,0.02039873548787687
-0.010771953193005872,0.03917159162224662,0.03136048748377658,0.0016145708666084537,0.02139153875736047,-0.001659803660682783,0.026115366897043427,0.0048889453938996815,0.02073204891507427,0.005803269118268646,0.015909619246215236,0.006704092478497098,0.00946160922179153,0.0049024457580401975,0.021377615811521162
0.035279354567209306,0.04605130776021518,0.03917159162224662,0.009135402772628897,0.024292358786060723,0.000635125610776388,0.0253269572694321,0.017635679934481393,0.024841051476622123,0.007505872585933678,0.01773080302821922,0.008587919490887354,0.011627277846431082,0.006423825680980001,0.023307383631800887
0.012007652917496604,0.023271701649712703,0.04605130776021518,0.014920287192177216,0.018678628498378626,0.01766888962045441,0.017870717503319013,0.012171684763900013,0.023026092079236754,0.007864629985453798,0.017770223065591312,0.006183535749011891,0.013588726453449178,0.009545724221895707,0.022202345041331856
-0.008804636241759228,0.020812289159255832,0.023271701649712703,0.008858201237440959,0.01963095971808449,0.0048889453938996815,0.02073204891507427,0.012827457080982227,0.02205342650386005,0.007958436824901544,0.017671183553796075,0.004385861233902511,0.01660278991245684,0.011531012415900576,0.019265329481933095
-0.0075086521581098934,0.0012959840836493349,0.020812289159255832,0.00810023405351195,0.02025640516982704,0.017635679934481393,0.024841051476622123,-0.001435211827457506,0.01165988220779334,0.006085145126957381,0.017832263832841578,0.005650210930123931,0.01814174650228811,0.006520079323790833,0.018958195627727496
-0.014259510139457324,0.00675085798134743,0.0012959840836493349,0.0009903759587289375,0.01916351534358422,0.012171684763900013,0.023026092079236754,-0.010190932846442149,0.0035825807148195726,0.004089655659965161,0.01846906160994,0.0032733264368425613,0.018004195122752024,0.004905984883087764,0.02033119654642724
0.004385255210666055,0.01864476535012338,0.00675085798134743,0.0035165773593409254,0.018281598718830342,0.012827457080982227,0.02205342650386005,-0.005794302362300388,0.009439865738297575,0.003999464690569836,0.01846394899004402,0.0065235706721340075,0.02039873548787687,0.0014753587090056638,0.01754081121688182
0.0009420598134525289,0.0034431953972135264,0.01864476535012338,-0.0022063050996185374,0.009719362956333175,-0.001435211827457506,0.01165988220779334,-0.00297739837177958,0.009921110476636553,0.004025617448269959,0.01845898542725198,0.0049024457580401975,0.021377615811521162,0.0031487891384997207,0.0167170846837802
-0.007622774303889399,0.008564834117341928,0.0034431953972135264,-0.005478042969849537,0.006861574241589028,-0.010190932846442149,0.0035825807148195726,-0.0007651530932569383,0.006183374898648413,0.0017218696332328095,0.017686151291055795,0.006423825680980001,0.023307383631800887,-0.0029800864145143797,0.00910564895511352
-0.010451780578763037,0.002829006274873638,0.008564834117341928,-0.005752567026016839,0.0070516050318393305,-0.005794302362300388,0.009439865738297575,-0.005710831689733302,0.005932667455764757,0.0016785736539578315,0.017717361382364304,0.009545724221895707,0.022202345041331856,-0.006188576913980043,0.006539751037134213
-0.0022847475731454223,0.008167033005617615,0.002829006274873638,-0.004881916261856094,0.00711364052891431,-0.00297739837177958,0.009921110476636553,-0.00678643415193262,0.004147252785404235,0.0031369240844326815,0.016343196789971502,0.011531012415900576,0.019265329481933095,-0.005257164247035213,0.006569290575461351
0.0015480670512859568,0.0038328146244313794,0.008167033005617615,-0.0022473200633988805,0.005740701064740611,-0.0007651530932569383,0.006183374898648413,-0.003729487033540834,0.006128991749661263,0.0012783660533346557,0.014753342803846105,0.006520079323790833,0.018958195627727496,-0.003963347217121519,0.006933706436083851
-0.012792067517783829,0.014340134569069785,0.0038328146244313794,-0.005110207184807195,0.006046522168397933,-0.005710831689733302,0.005932667455764757,-0.004509582679881098,0.007424438248371403,0.0005761361631026559,0.015197917345244625,0.004905984883087764,0.02033119654642724,-0.003753712556882449,0.006583887074256527
-0.007440273181936424,0.005351794335847405,0.014340134569069785,-0.006507262684038687,0.005289439270656112,-0.00678643415193262,0.004147252785404235,-0.006228091216144766,0.007246509760112137,-0.0019838575234099993,0.013012013928588601,0.0014753587090056638,0.01754081121688182,-0.00544307375582566,0.005589510386085023
-0.01651993284306477,0.009079659661128343,0.005351794335847405,-0.007990122440567916,0.006718731996203182,-0.003729487033540834,0.006128991749661263,-0.012250757847595007,0.004563969435673322,-0.0023944274984142064,0.013395663754624957,0.0031487891384997207,0.0167170846837802,-0.007937644135328131,0.006134906478910997
-0.015128373872142536,0.0013915589709222326,0.009079659661128343,-0.008769554656131164,0.007306936203678122,-0.004509582679881098,0.007424438248371403,-0.013029526632381244,0.004890186570302867,-0.005994979529796481,0.00829324740441961,-0.0029800864145143797,0.00910564895511352,-0.00900987264507858,0.006700524834259996
-0.019317431240375035,0.0041890573682324996,0.0013915589709222326,-0.0116083352673361,0.007586956027349722,-0.006228091216144766,0.007246509760112137,-0.016988579318527448,0.0021334883519270598,-0.008232485541073026,0.007218652458326009,-0.006188576913980043,0.006539751037134213,-0.010276394168166008,0.007770889338361381
0.0005248069300970032,0.019842238170472037,0.0041890573682324996,-0.011778878620867593,0.007235429720559476,-0.012250757847595007,0.004563969435673322,-0.01130699939414019,0.010458526716477812,-0.007566096743083296,0.007583190122609545,-0.005257164247035213,0.006569290575461351,-0.009875029239131377,0.008306545610500518
0.017131264382254173,0.01660645745215717,0.019842238170472037,-0.0067916566375279255,0.013764394169444957,-0.013029526632381244,0.004890186570302867,-0.0005537866426746201,0.018248270499397624,-0.005806102704485862,0.010054284513869114,-0.003963347217121519,0.006933706436083851,-0.007648858191850202,0.01276815115471582
-0.006897937508308929,0.024029201890563102,0.01660645745215717,-0.00670126735859001,0.013761063222953259,-0.016988579318527448,0.0021334883519270598,0.003586044601347415,0.012303618083079153,-0.005280276087975262,0.009766557449016212,-0.003753712556882449,0.006583887074256527,-0.006806839619068075,0.01256517950675765
0.019200135351277965,0.026098072859586895,0.024029201890563102,-0.0007479226595328877,0.016178114209873605,-0.01130699939414019,0.010458526716477812,0.009811154075074402,0.014507424407110867,-0.004222070363645841,0.01153657806632118,-0.00544307375582566,0.005589510386085023,-0.0030010669714660185,0.015926270682613472
-0.02574019793371108,0.044940333284989045,0.026098072859586895,-0.002516560003127645,0.01848082722673245,-0.0005537866426746201,0.018248270499397624,-0.0044793333635806815,0.022567579033829617,-0.006127945917014669,0.012757238506736168,-0.007937644135328131,0.006134906478910997,-0.004318247698701206,0.01753111602323944
-0.00755350046359192,0.01818669747011916,0.044940333284989045,-0.0005559048736637925,0.01689817362067992,0.003586044601347415,0.012303618083079153,-0.004697854348675011,0.02260584935346831,-0.006122997785564849,0.012756627530014376,-0.00900987264507858,0.006700524834259996,-0.003236122926051118,0.016977687556140788
-0.010399186560751783,0.0028456860971598627,0.01818669747011916,-0.0023765704554719234,0.017341134195761845,0.009811154075074402,0.014507424407110867,-0.01456429498601826,0.009782642146326268,-0.006119241069992618,0.012755262351743143,-0.010276394168166008,0.007770889338361381,-0.0019620879718192244,0.01586815519946486
-0.04183478763817587,0.03143560107742409,0.0028456860971598627,-0.012204245792210263,0.02049619839878865,-0.0044793333635806815,0.022567579033829617,-0.01992915822083986,0.019024114498923068,-0.008944243931780506,0.015845953813859316,-0.009875029239131377,0.008306545610500518,-0.008013458624429636,0.021748961743836573
-0.006798309159455663,0.03503647847872021,0.03143560107742409,-0.012187641067401387,0.020501396698687505,-0.004697854348675011,0.02260584935346831,-0.01967742778612777,0.019273116671277016,-0.009540413661119195,0.015575537696503678,-0.007648858191850202,0.01276815115471582,-0.011431969130388183,0.018821618847277413
0.020458021195299016,0.02725633035475468,0.03503647847872021,-0.011977993426731212,0.020889324432573884,-0.01456429498601826,0.009782642146326268,-0.009391691867444171,0.031227275473430786,-0.00716540732447042,0.01746233207308981,-0.006806839619068075,0.01256517950675765,-0.007523975029872761,0.022416612631364474
0.014897386509751684,0.0055606346855473325,0.02725633035475468,-0.005205062686154084,0.022088329973925503,-0.01992915822083986,0.019024114498923068,0.00951903284853168,0.01440214922088885,-0.005569860203635555,0.018429032426969305,-0.0030010669714660185,0.015926270682613472,-0.008138653435805086,0.02160602424485465
0.013881201393564921,0.0010161851161867626,0.0055606346855473325,-0.0016326123766279435,0.02333095589309256,-0.01967742778612777,0.019273116671277016,0.016412203032871876,0.0035404295643549923,-0.003398350615304862,0.018826338796982645,-0.004318247698701206,0.01753111602323944,-0.0024784535319085158,0.02141540060854085
-0.01793832930551943,0.03181953069908435,0.0010161851161867626,-0.0028891361674225507,0.024088246029321216,-0.009391691867444171,0.031227275473430786,0.0036134195325990583,0.018671276510554814,-0.0035990617176889254,0.0189754030421112,-0.003236122926051118,0.016977687556140788,-0.003962000509326731,0.022171910064625298
0.019865540047228458,0.03780386935274789,0.03181953069908435,0.007394251780144838,0.01592319753640399,0.00951903284853168,0.01440214922088885,0.005269470711757984,0.020320053235951152,-0.000800278054288676,0.01936434611013151,-0.0019620879718192244,0.01586815519946486,0.0003615318632418741,0.023611527463508426
-0.018339161265546154,0.03820470131277461,0.03780386935274789,0.0054707764291297535,0.01847334466368666,0.016412203032871876,0.0035404295643549923,-0.0054706501746123746,0.02194269964664836,-0.002147704353977473,0.019913566057739734,-0.008013458624429636,0.021748961743836573,0.0037180499164746897,0.01748975140332048
-0.030737866457065277,0.012398705191519123,0.03820470131277461,-0.0030618715129309606,0.021706838295232324,0.0036134195325990583,0.018671276510554814,-0.009737162558460992,0.026375594282920346,-0.005566927985357434,0.02045105778896074,-0.011431969130388183,0.018821618847277413,0.0002981131596733179,0.021718245086725787
0.012031420658142717,0.04276928711520799,0.012398705191519123,-0.0035395324881991215,0.021259528234037373,0.005269470711757984,0.020320053235951152,-0.01234853568815624,0.0220049693522198,-0.00421483097346803,0.020975316814239805,-0.007523975029872761,0.022416612631364474,-0.0009056869170632973,0.020620368927988124
-0.008413818822757954,0.02044523948090067,0.04276928711520799,-0.0072553691909196015,0.01947957775493853,-0.0054706501746123746,0.02194269964664836,-0.00904008820722684,0.021391520284734705,-0.0061872562716134534,0.01987351405209631,-0.008138653435805086,0.02160602424485465,-0.004235859107421817,0.019494453380453167
0.023959938199584908,0.03237375702234286,0.02044523948090067,-0.0002723246067355446,0.022203432420411118,-0.009737162558460992,0.026375594282920346,0.00919251334498989,0.016372525217110766,-0.002637246547806597,0.020539895757394903,-0.0024784535319085158,0.02141540060854085,-0.002796039563704676,0.021340360110863783
-0.021012415998047197,0.044972354197632104,0.03237375702234286,-0.007085317280948154,0.021028925979536664,-0.01234853568815624,0.0220049693522198,-0.0018220988737400808,0.023199487913185275,-0.0035985976574105455,0.021095157458886706,-0.003962000509326731,0.022171910064625298,-0.0032351948054943577,0.021731939813923417
0.003313850830844698,0.024326266828891895,0.044972354197632104,-0.003476481931549678,0.02056419303924862,-0.00904008820722684,0.021391520284734705,0.0020871243441274697,0.022511259492179237,-0.0026190949865822254,0.02107345334176518,0.0003615318632418741,0.023611527463508426,-0.005599721836406323,0.01959494994425687
-0.019251522168198292,0.02256537299904299,0.024326266828891895,-0.0015620912167385141,0.01787797323045057,0.00919251334498989,0.016372525217110766,-0.01231669577846693,0.013565053529175527,-0.001006004595869541,0.01855452235980215,0.0037180499164746897,0.01748975140332048,-0.005730059108213771,0.019696580924139395
0.03010221991990478,0.04935374208810307,0.02256537299904299,0.0014497086602218302,0.021732597809815558,-0.0018220988737400808,0.023199487913185275,0.004721516194183729,0.02470696472365854,0.0016297474812276334,0.02021504408223042,0.0002981131596733179,0.021718245086725787,0.0029613818027819515,0.020238188229159716
0.02673366815311046,0.00336855176679432,0.04935374208810307,0.0073076231561998994,0.023227688208659045,0.0020871243441274697,0.022511259492179237,0.012528121968272318,0.02757346770596557,0.0020780079782141653,0.020727747867622954,-0.0009056869170632973,0.020620368927988124,0.005061702873491629,0.02202075585319899
0.008727193075522456,0.018006475077588006,0.00336855176679432,0.00476883230218949,0.021834240660222885,-0.01231669577846693,0.013565053529175527,0.021854360382845897,0.011492548733298429,0.0016372798757692205,0.020498536027479093,-0.004235859107421817,0.019494453380453167,0.007510418858960259,0.02121066867431674
0.013739490260896568,0.0050122971853741125,0.018006475077588006,0.010560816678680118,0.0178784102661911,0.004721516194183729,0.02470696472365854,0.016400117163176495,0.009293410989233246,0.0016271576520071951,0.020492058833659867,-0.002796039563704676,0.021340360110863783,0.0060503548677190684,0.020218172228851663
-0.007414710668557655,0.021154200929454223,0.0050122971853741125,0.008772723095446392,0.01923333130619045,0.012528121968272318,0.02757346770596557,0.005017324222620457,0.011054293257383295,0.002378844697504465,0.019903719816982874,-0.0032351948054943577,0.021731939813923417,0.007992884200503288,0.017678364418855896
0.0013593221107962227,0.008774032779353878,0.021154200929454223,0.012207863808612144,0.01448036054050612,0.021854360382845897,0.011492548733298429,0.0025613672343783784,0.0106282048625474,0.001056971987759305,0.019257060365144046,-0.005599721836406323,0.01959494994425687,0.007713665811924936,0.01777972845461557
-0.013352655310131504,0.014711977420927726,0.008774032779353878,0.004965384603606096,0.014606952684851626,0.016400117163176495,0.009293410989233246,-0.006469347955964312,0.007401408845770054,0.0014131509845746375,0.018913768175557975,-0.005730059108213771,0.019696580924139395,0.008556361077363047,0.016372792671383602
0.021191197420190024,0.034543852730321525,0.014711977420927726,0.004041639481452691,0.013046948580035522,0.005017324222620457,0.011054293257383295,0.003065954740284914,0.017335047925014866,0.005122369832950016,0.017131538800048713,0.0029613818027819515,0.020238188229159716,0.007283357863118082,0.014676973660713216
0.009459378933580505,0.011731818486609518,0.034543852730321525,0.004163670457795699,0.013102843013511027,0.0025613672343783784,0.0106282048625474,0.005765973681213008,0.01756560195758168,0.0049386525669098584,0.01706541085107657,0.005061702873491629,0.02202075585319899,0.0048156022603280885,0.012084929377396875
-0.015410436374801014,0.024869815308381518,0.011731818486609518,-0.0006946506481538978,0.014200366930223564,-0.006469347955964312,0.007401408845770054,0.005080046659656505,0.018689671278268427,0.004438894170335354,0.01758116896412193,0.007510418858960259,0.02121066867431674,0.0013673694817104497,0.01406433455847041
-0.015821828673216763,0.0004113922984157487,0.024869815308381518,-0.0020958369822637493,0.015363231914097204,0.003065954740284914,0.017335047925014866,-0.007257628704812423,0.014478814495405506,0.0015973393937066631,0.017397283581852767,0.0060503548677190684,0.020218172228851663,-0.0028556760803057405,0.014168000349014453
-0.00905372177694719,0.006768106896269574,0.0004113922984157487,-0.0038313442968876516,0.015482548865446729,0.005765973681213008,0.01756560195758168,-0.013428662274988323,0.003794389170452768,0.0024515318380709493,0.016470673769073487,0.007992884200503288,0.017678364418855896,-0.0030898205243613886,0.014269084367225794
-0.012596882743612226,0.0035431609666650363,0.006768106896269574,-0.003705382202467772,0.015392405263696982,0.005080046659656505,0.018689671278268427,-0.012490811064592058,0.0033853000074809555,0.0013150508684668832,0.016948585529253095,0.007713665811924936,0.01777972845461557,-0.0050835640749911665,0.014516685115795949
0.024835849189264014,0.03743273193287624,0.0035431609666650363,-0.00309794024095544,0.016596258596676742,-0.007257628704812423,0.014478814495405506,0.001061748222901533,0.020665052745590145,0.004464148822571333,0.01692907772712337,0.008556361077363047,0.016372792671383602,0.00037193656777962124,0.017714687361463352
-0.019655702857607447,0.04449155204687146,0.03743273193287624,-0.007950453872820099,0.016446099256495275,-0.013428662274988323,0.003794389170452768,-0.0024722454706518865,0.023911414864382897,0.0009100114813204604,0.016345612935534493,0.007283357863118082,0.014676973660713216,-0.005463334900477159,0.016391933263250683
0.020101459596210857,0.0397571624538183,0.04449155204687146,-0.00203180454431812,0.019356895179103214,-0.012490811064592058,0.0033853000074809555,0.008427201975955808,0.024435440841591754,0.0004362822986847742,0.01561960399183662,0.0048156022603280885,0.012084929377396875,-0.003943037662958538,0.018379631209090547
0.0028630915326952914,0.017238368063515565,0.0397571624538183,0.001082348823333889,0.018160696516486084,0.001061748222901533,0.020665052745590145,0.0011029494237662337,0.01993693975457477,1.74179027685482e-05,0.015457958650685284,0.0013673694817104497,0.01406433455847041,-0.0013325336761733514,0.017766936071672887
-0.0056829874775485316,0.008546079010243823,0.017238368063515565,0.0016441378732336652,0.01783362383953514,-0.0024722454706518865,0.023911414864382897,0.005760521217119206,0.013134144502289079,-0.001369901935691816,0.014996370013135986,-0.0028556760803057405,0.014168000349014453,0.00011587220892210977,0.01677441367957047
0.008635934911379692,0.014318922388928224,0.008546079010243823,0.005182940815732318,0.016499275719063265,0.008427201975955808,0.024435440841591754,0.0019386796555088172,0.007204081314369657,-0.00022342725141057712,0.015111788256424211,-0.0030898205243613886,0.014269084367225794,0.0026429660215402354,0.016492888964560224
0.020199492092598238,0.011563557181218546,0.014318922388928224,0.004410214632954689,0.015471314530183685,0.0011029494237662337,0.01993693975457477,0.007717479842143132,0.012965660683529437,0.0011222991758609955,0.01607194569701296,-0.0050835640749911665,0.014516685115795949,0.007328162426713159,0.016095617820789904
0.018894987064765566,0.0013045050278326711,0.011563557181218546,0.010835329620016857,0.010768059236615845,0.005760521217119206,0.013134144502289079,0.015910138022914497,0.006333321128981791,0.003425702202639357,0.016148497216846743,0.00037193656777962124,0.017714687361463352,0.006479467837499094,0.015147298092889411
-0.023408676344003287,0.04230366340876886,0.0013045050278326711,0.0035836402966478334,0.016437909174152797,0.0019386796555088172,0.007204081314369657,0.0052286009377868385,0.024809185212890605,0.00023999693376840686,0.01676179380324084,-0.005463334900477159,0.016391933263250683,0.005943328768013976,0.01625261895166554
-0.011288282434396469,0.012120393909606819,0.04230366340876886,0.001225077968799207,0.017540252493959844,0.007717479842143132,0.012965660683529437,-0.005267323904544731,0.02178506232867485,-0.0012419788782299483,0.016801115342921183,-0.003943037662958538,0.018379631209090547,0.0014590799064986427,0.016023951228535543
-0.02872280277162367,0.0174345203372272,0.012120393909606819,-0.002614891246879983,0.021442874335903337,0.015910138022914497,0.006333321128981791,-0.021139920516674474,0.00893594228944693,-0.0021928621922887095,0.017998716161288248,-0.0013325336761733514,0.017766936071672887,-0.0030531907084040658,0.019608895806417205
-0.0324358055399297,0.0037130027683060333,0.0174345203372272,-0.009460181322098214,0.023581951410659226,0.0052286009377868385,0.024809185212890605,-0.02414896358198328,0.01129134345745816,-0.0033795748256253482,0.01945521496957863,0.00011587220892210977,0.01677441367957047,-0.006875021860172805,0.022587718780729554
-0.02682954918306149,0.0056062563568682125,0.0037130027683060333,-0.0172983548680415,0.01915160091103889,-0.005267323904544731,0.02178506232867485,-0.029329385831538286,0.0028519265139836346,-0.004649276783204941,0.020410603229593854,0.0026429660215402354,0.016492888964560224,-0.011941519587950117,0.02250606519894829
0.05723845743296359,0.08406800661602508,0.0056062563568682125,-0.010907776473341832,0.034160387941871755,-0.021139920516674474,0.00893594228944693,-0.000675632430009202,0.050233344315077186,0.00033896180083618874,0.026068367630665053,0.007328162426713159,0.016095617820789904,-0.006650238825040782,0.03315614284064953
0.015074768920494249,0.042163688512469336,0.08406800661602508,-0.004493868929258909,0.03494753619172049,-0.02414896358198328,0.01129134345745816,0.01516122572346545,0.042034069993067455,-0.00035825821836165186,0.02548682643314391,0.006479467837499094,0.015147298092889411,-0.007195984274222397,0.0326938102641579
-0.005762535706429616,0.020837304626923864,0.042163688512469336,-0.0035729111412644335,0.03480519475706798,-0.029329385831538286,0.0028519265139836346,0.022183563549009407,0.03209645626763603,0.0006341108638653362,0.02494231171394054,0.005943328768013976,0.01625261895166554,-0.004675107040283302,0.031906193270218874
0.029946568529877024,0.03570910423630664,0.020837304626923864,0.006205317408985681,0.03456693176232698,-0.000675632430009202,0.050233344315077186,0.013086267247980551,0.01793740882948386,0.0013373329305557766,0.025661802033917634,0.0014590799064986427,0.016023951228535543,0.0012155859546129123,0.03420539795790195
0.005908579201547059,0.024037989328329963,0.03570910423630664,0.012596048199231808,0.029107617174605704,0.01516122572346545,0.042034069993067455,0.010030870674998157,0.018207965196142012,0.0015548677640451886,0.025688625050292707,-0.0030531907084040658,0.019608895806417205,0.006162926236494444,0.0315553464349812
-0.0022188588918808407,0.0081274380934279,0.024037989328329963,0.016697829914428582,0.02366610636184108,0.022183563549009407,0.03209645626763603,0.011212096279847747,0.01672570328434543,0.0018023055201643096,0.025630162892786596,-0.006875021860172805,0.022587718780729554,0.010479632900501424,0.027155091186302514
-0.0076106932032574065,0.005391834311376566,0.0081274380934279,0.005889638141725085,0.014469849424531984,0.013086267247980551,0.01793740882948386,-0.001306990964530396,0.0068056086374786995,0.0006418320834045166,0.025664732645263012,-0.011941519587950117,0.02250606519894829,0.013225183754759149,0.02347662791075806
-0.011317439499545145,0.0037067462962877386,0.005391834311376566,0.0014909367383851857,0.015116270447159167,0.010030870674998157,0.018207965196142012,-0.007048997198227797,0.004575223390184451,-0.0016093773160342963,0.025195224550428365,-0.006650238825040782,0.03315614284064953,0.0034314841929721884,0.014723386085552676
0.007338117351593307,0.01865555685113845,0.0037067462962877386,0.00367437891472234,0.01480189380687234,0.011212096279847747,0.01672570328434543,-0.0038633384504030816,0.009876206310589082,-0.002434868009832315,0.024655285025065043,-0.007195984274222397,0.0326938102641579,0.0023262482545577693,0.013975057930580148
-0.0012140779867419748,0.008552195338335282,0.01865555685113845,-0.001519062171380827,0.007311885983294835,-0.001306990964530396,0.0068056086374786995,-0.0017311333782312709,0.009338520228864732,-0.0008495395557422211,0.02390507509619699,-0.004675107040283302,0.031906193270218874,0.0029760279287988603,0.013637958385393428
-0.026395486624318558,0.025181408637576584,0.008552195338335282,-0.00690307314235843,0.011463503614059407,-0.007048997198227797,0.004575223390184451,-0.006757149086489074,0.01753662559369826,-0.0019286255693080846,0.02473896037491509,0.0012155859546129123,0.03420539795790195,-0.00507283709322908,0.011530753541147737
-0.012904915336399345,0.013490571287919213,0.025181408637576584,-0.008684082549778179,0.011420226399416547,-0.0038633384504030816,0.009876206310589082,-0.013504826649153293,0.01260141878641178,-0.0007987764667920614,0.023763076181321438,0.006162926236494444,0.0315553464349812,-0.007760479170078565,0.010707751628262504
0.0076451950682417825,0.02055011040464113,0.013490571287919213,-0.006141434504528315,0.01325753101761197,-0.0017311333782312709,0.009338520228864732,-0.010551735630825376,0.017141910441038858,0.0020641521480773304,0.022007934352352418,0.010479632900501424,0.027155091186302514,-0.006351328604346763,0.012115148752743051
0.0050471339543057235,0.002598061113936059,0.02055011040464113,-0.0034140055955531705,0.013657016285728098,-0.006757149086489074,0.01753662559369826,-7.086210461727978e-05,0.011190271317313911,0.004341058086460703,0.020377233266298214,0.013225183754759149,0.02347662791075806,-0.004543067581837744,0.012819979653103228
-0.029998116646111166,0.03504525060041689,0.002598061113936059,-0.00963671126183725,0.016070749122339245,-0.013504826649153293,0.01260141878641178,-0.005768595874521221,0.021023551983516443,-0.0018901257763303512,0.015775999770105235,0.0034314841929721884,0.014723386085552676,-0.00721173574563289,0.016012110778209167
0.00644011150509689,0.036438228151208056,0.03504525060041689,-0.008361013013197438,0.01714120141430589,-0.010551735630825376,0.017141910441038858,-0.006170290395569517,0.02064725343680736,-0.002506887020287305,0.015220754739056284,0.0023262482545577693,0.013975057930580148,-0.0073400222951323785,0.01587915644052905
-0.028968209466989577,0.03540832097208647,0.036438228151208056,-0.008789800153642608,0.017705451626056332,-7.086210461727978e-05,0.011190271317313911,-0.01750873820266795,0.020746704050119205,-0.004164435146041589,0.016785675415380553,0.0029760279287988603,0.013637958385393428,-0.011304898220882037,0.017479012436357466
-0.018105833207325086,0.010862376259664491,0.03540832097208647,-0.0096566197987969,0.018070756085563775,-0.005768595874521221,0.021023551983516443,-0.013544643723072592,0.018139477270555957,-0.00759674955584174,0.013946978570432006,-0.00507283709322908,0.011530753541147737,-0.010120662018454397,0.016541892299794206
0.030985063240108773,0.04909089644743386,0.010862376259664491,-0.0057666417701524005,0.024059772050795784,-0.006170290395569517,0.02064725343680736,-0.005362993144735297,0.03194344544219492,-0.005805572124515902,0.01707445840493227,-0.007760479170078565,0.010707751628262504,-0.003850665078953238,0.022540865689869655
0.010516557697706654,0.02046850554240212,0.04909089644743386,-0.004855071146252245,0.024647848705955367,-0.01750873820266795,0.020746704050119205,0.007798595910163447,0.024658051742018818,-0.004895899510973938,0.01761106522377696,-0.006351328604346763,0.012115148752743051,-0.0034404704176011136,0.02280945793766756
0.01707168274810404,0.006555125050397384,0.02046850554240212,0.0029898954194502885,0.02243626985927952,-0.013544643723072592,0.018139477270555957,0.019524434561973156,0.010452364487529377,-0.0031328726573052637,0.018529880052774516,-0.004543067581837744,0.012819979653103228,-0.0017226777327727834,0.023978050886954726
-0.013896579467103199,0.030968262215207237,0.006555125050397384,-0.0003995530759163928,0.023329165876353836,-0.005362993144735297,0.03194344544219492,0.004563886992902499,0.01631974364220631,-0.0033170969407022677,0.01863006053438416,-0.00721173574563289,0.016012110778209167,0.0005775418642283559,0.021452847178399372
0.004231515031745109,0.018128094498848307,0.030968262215207237,0.005133734340539388,0.0186698952780143,0.007798595910163447,0.024658051742018818,0.002468872770915316,0.01555919332620446,-0.00353899710640571,0.01851150913770408,-0.0073400222951323785,0.01587915644052905,0.0002620280823209589,0.021368328849208244
-0.0032151397824843326,0.007446654814229441,0.018128094498848307,0.007615516578012846,0.015719387324733807,0.019524434561973156,0.010452364487529377,-0.004293401405947475,0.009112021654730008,-0.0036819300918158786,0.018499898615389025,-0.011304898220882037,0.017479012436357466,0.003941038037250279,0.01733287327728758
-0.020740536149292894,0.01752539636680856,0.007446654814229441,-0.0010054166535540976,0.014474133934077487,0.004563886992902499,0.01631974364220631,-0.006574720300010706,0.012820527328756897,-0.0032780050578854743,0.01802137075026853,-0.010120662018454397,0.016541892299794206,0.003564651902683451,0.017910401462436807
0.012816783636254372,0.03355731978554727,0.01752539636680856,-0.000622045663796145,0.014865518852120903,0.002468872770915316,0.01555919332620446,-0.0037129640985076183,0.016784197913054664,-0.0014407408455530655,0.01827380368164274,-0.003850665078953238,0.022540865689869655,0.0009691833878471068,0.014208346545224454
-0.002594304365869039,0.01541108800212341,0.03355731978554727,-0.003899710182791657,0.012093647297595028,-0.004293401405947475,0.009112021654730008,-0.0035060189596358535,0.016797227313540056,-0.0021721336622752677,0.018086123227003738,-0.0034404704176011136,0.02280945793766756,-0.0009037969069494204,0.013590758942265368
-0.005442882070549373,0.002848577704680334,0.01541108800212341,-0.0024907606166993525,0.011151813085789601,-0.006574720300010706,0.012820527328756897,0.0015931990666119868,0.0098237078885132,-0.002921420521193488,0.017981019978435982,-0.0017226777327727834,0.023978050886954726,-0.004120163309614193,0.011055335870070718
0.0019538431785953428,0.007396725249144716,0.002848577704680334,-0.002870372592224314,0.010913437194519864,-0.0037129640985076183,0.016784197913054664,-0.002027781085941023,0.0037307636715368394,-0.0006391376765715951,0.01622158900114112,0.0005775418642283559,0.021452847178399372,-0.001855817217371545,0.010317841396957758
-0.025561455319776112,0.027515298498371456,0.007396725249144716,-0.006594758515106276,0.014332170979383423,-0.0035060189596358535,0.016797227313540056,-0.009683498070576715,0.01423938309437549,-0.002924963878348238,0.017361928894459946,0.0002620280823209589,0.021368328849208244,-0.006111955839017433,0.013145631458910791
-0.01910209270465354,0.006459362615122571,0.027515298498371456,-0.006321684607666384,0.014020974234417654,0.0015931990666119868,0.0098237078885132,-0.01423656828194477,0.014388464434907648,-0.0022202412524670928,0.016396930891838052,0.003941038037250279,0.01733287327728758,-0.008381520542184464,0.013911274825661912
-0.01214997537859071,0.006952117326062832,0.006459362615122571,-0.010482811110140565,0.010456928386293378,-0.002027781085941023,0.0037307636715368394,-0.01893784113434012,0.006707248503445166,-0.001794822836128923,0.016026145251734715,0.003564651902683451,0.017910401462436807,-0.007154297574941294,0.012987525137919525
-0.0027275376473442875,0.009422437731246422,0.006952117326062832,-0.010505016657053105,0.010436949033992587,-0.009683498070576715,0.01423938309437549,-0.011326535243529513,0.00821827558391876,-0.004202865756661284,0.012961638509416524,0.0009691833878471068,0.014208346545224454,-0.009374914901169675,0.00998573136024711
0.015875754199309595,0.018603291846653883,0.009422437731246422,-0.006951910612076613,0.01509451565764029,-0.01423656828194477,0.014388464434907648,0.00033274705779153267,0.01426128978917283,-0.0038200660065467883,0.01349783743493735,-0.0009037969069494204,0.013590758942265368,-0.006736335106144156,0.013791143729712834
-0.003120086489774794,0.01899584068908439,0.018603291846653883,-0.007797565556804967,0.01463080070607665,-0.01893784113434012,0.006707248503445166,0.003342710020730171,0.010855709140129495,-0.005262335237823849,0.012100202917114672,-0.004120163309614193,0.011055335870070718,-0.006404507166033499,0.01385524772465186
0.0168113431937852,0.019931429683559994,0.01899584068908439,-0.000735432471211416,0.014567785793158358,-0.011326535243529513,0.00821827558391876,0.009855670301106666,0.0112470676139928,-0.0030689121906175335,0.01315217290925599,-0.001855817217371545,0.010317841396957758,-0.00428200716386352,0.016275677050434693
0.0053834084837868605,0.011427934709998339,0.019931429683559994,0.003345484393528651,0.011500301094641572,0.00033274705779153267,0.01426128978917283,0.006358221729265755,0.010001408298601999,-0.002986634086900266,0.013204853975249477,-0.006111955839017433,0.013145631458910791,0.0001386876652169033,0.013498108059520437
0.015679760051907497,0.010296351568120636,0.011427934709998339,0.007983773631945018,0.0094257874625871,0.003342710020730171,0.010855709140129495,0.012624837243159853,0.006296732323955907,-0.0016369983844437067,0.014114005631290154,-0.008381520542184464,0.013911274825661912,0.005107523773297052,0.011486843945161649
-0.014556162027948035,0.03023592207985553,0.010296351568120636,0.006012336235177728,0.012761069424020657,0.009855670301106666,0.0112470676139928,0.002169002169248774,0.01537211930642553,-0.001195257375776217,0.013555852431652075,-0.007154297574941294,0.012987525137919525,0.0047637828233888626,0.012108520831430757
-0.02525638991326778,0.010700227885319746,0.03023592207985553,-0.0008430211169185026,0.016808897279030892,0.006358221729265755,0.010001408298601999,-0.008044263963102774,0.02123077261425103,-0.003914769772170657,0.01432575704848643,-0.009374914901169675,0.00998573136024711,0.0015453753568283617,0.016594585074399752
-0.010144998599844477,0.015111391313423305,0.010700227885319746,-0.0020138398019301164,0.0172383989900839,0.012624837243159853,0.006296732323955907,-0.016652516847020096,0.007770750575229932,-0.004454105074597473,0.014414081954162546,-0.006736335106144156,0.013791143729712834,-0.0021718750430507906,0.015741987138853396
-0.005162492117359543,0.004982506482484933,0.015111391313423305,-0.005676145687120907,0.014566149723984725,0.002169002169248774,0.01537211930642553,-0.013521293543490602,0.010463780761176586,-0.0044340772207982,0.014412797140049177,-0.006404507166033499,0.01385524772465186,-0.0024636472755628974,0.01578136941019773
0.02847579302729813,0.03363828514465767,0.004982506482484933,-0.0018274149298690295,0.020079982060504882,-0.008044263963102774,0.02123077261425103,0.004389434103364702,0.021007638072172978,-0.002539652231605144,0.016853403140394952,-0.00428200716386352,0.016275677050434693,-0.000797297299346764,0.01853193808773087
0.003460061781154983,0.025015731246143147,0.03363828514465767,-0.0038640313083277817,0.01850728394033026,-0.016652516847020096,0.007770750575229932,0.008924454230364523,0.017472213525983417,-0.0004666867243957795,0.015537339919967598,0.0001386876652169033,0.013498108059520437,-0.0010720611140084613,0.018439052271427787
0.03539705844157433,0.031936996660419346,0.025015731246143147,0.004461505436592613,0.02334018821997085,-0.013521293543490602,0.010463780761176586,0.022444304416675814,0.016801103537177522,0.0034261097860490684,0.01724281761092788,0.005107523773297052,0.011486843945161649,0.0017446957988010864,0.022486389306475358
-0.040747516752267524,0.07614457519384185,0.031936996660419346,0.0018796509634259884,0.027729148846808344,0.004389434103364702,0.021007638072172978,-0.0006301321765127382,0.038236714657788856,0.0013834282593578671,0.020597555964326258,0.0047637828233888626,0.012108520831430757,-0.001996926304673127,0.027312079849079823
0.0005584065214610431,0.04130592327372857,0.07614457519384185,0.003663551816976909,0.02713885832184702,0.008924454230364523,0.017472213525983417,-0.0015973505964107177,0.03811803443812522,0.0016181385571296762,0.02056580512814301,0.0015453753568283617,0.016594585074399752,0.0016909017574309913,0.02531805937099167
0.039927181561216364,0.03936877503975532,0.04130592327372857,0.011178497430072895,0.0302684439651467,0.022444304416675814,0.016801103537177522,-8.730955653003802e-05,0.040341225178878025,0.0033360976544087313,0.022738250103571986,-0.0021718750430507906,0.015741987138853396,0.008844070351868254,0.028313055266847194
-0.013100422992675715,0.05302760455389208,0.03936877503975532,0.004249128093410586,0.030275620838718566,-0.0006301321765127382,0.038236714657788856,0.009128388363333899,0.02753298299782484,0.002623216475630094,0.02310964889103737,-0.0024636472755628974,0.01578136941019773,0.0077100802268230875,0.029115145119507004
0.015239576745376033,0.02833999973805175,0.05302760455389208,0.0062123805874474275,0.030594467668660457,-0.0015973505964107177,0.03811803443812522,0.01402211177130556,0.02653475790172779,0.0025109474436008678,0.02303912972491529,-0.000797297299346764,0.01853193808773087,0.005819192186548501,0.02794816731804559
0.033995458784746586,0.018755882039370553,0.02833999973805175,0.005978780644642804,0.030331283714053237,-8.730955653003802e-05,0.040341225178878025,0.012044870845815634,0.02370991626802484,0.004554665322240849,0.024534070413136957,-0.0010720611140084613,0.018439052271427787,0.01018139175849016,0.029837714797522542
-0.012100623156246172,0.04609608194099276,0.018755882039370553,0.010753262910646362,0.022832773579365022,0.009128388363333899,0.02753298299782484,0.012378137457958816,0.023180877219690386,0.0025703522359441576,0.02468801307874734,0.0017446957988010864,0.022486389306475358,0.0033960086730872308,0.028519302595225456
0.018767980722165137,0.03086860387841131,0.04609608194099276,0.013788191944097044,0.022413003306145374,0.01402211177130556,0.02653475790172779,0.013554272116888517,0.023486150400677232,0.004950648146666526,0.02451561233192983,-0.001996926304673127,0.027312079849079823,0.011898222598006183,0.02106235551654219
-0.0016746482169213222,0.02044262893908646,0.03086860387841131,0.006854553647740763,0.018863266914824497,0.012044870845815634,0.02370991626802484,0.001664236449665881,0.01570282743531068,0.006635058267834131,0.023046618813056145,0.0016909017574309913,0.02531805937099167,0.01157921477823727,0.02127853359224038
-0.011458556952175993,0.00978390873525467,0.02044262893908646,0.00712819798782405,0.018524760906827493,0.012378137457958816,0.023180877219690386,0.001878258517689274,0.015423302326130482,0.006541232671239023,0.023122735500164297,0.008844070351868254,0.028313055266847194,0.004238394990609793,0.018558799397722342
-0.02874608310673609,0.0172875261545601,0.00978390873525467,-0.0002027453208613035,0.022867212480788834,0.013554272116888517,0.023486150400677232,-0.013959762758611135,0.013707941844528622,0.004856690457712127,0.024836514042923506,0.0077100802268230875,0.029115145119507004,0.0020033006886011687,0.021675431064664283
0.010854245040487693,0.039600328147223786,0.0172875261545601,-0.004059614278237786,0.017193221199552036,0.001664236449665881,0.01570282743531068,-0.009783465006141462,0.019853235180007905,0.0035980084586542385,0.023979174164567484,0.005819192186548501,0.02794816731804559,0.0013768247307599769,0.021289037782478763
-0.026694792321943297,0.03754903736243099,0.039600328147223786,-0.0064919758058539735,0.01944340218054188,0.001878258517689274,0.015423302326130482,-0.01486221012939723,0.022294707855216894,0.0014440903084329325,0.0253099159334649,0.01018139175849016,0.029837714797522542,-0.007293211141624291,0.017875460462272317
-0.012926591207387253,0.013768201114556044,0.03754903736243099,-0.01177440446077937,0.015007624717945738,-0.013959762758611135,0.013707941844528622,-0.00958904616294762,0.01899570890764694,-0.0020075989522071805,0.023557798315107317,0.0033960086730872308,0.028519302595225456,-0.00741120657750159,0.0179151649943856
0.0024938094741742307,0.015420400681561483,0.013768201114556044,-0.011079661512263445,0.01565135677501895,-0.009783465006141462,0.019853235180007905,-0.01237585801838544,0.014602092281148614,0.0010810672068243736,0.02075596600905381,0.011898222598006183,0.02106235551654219,-0.009736088184357432,0.014723240101780149
0.02973617329006948,0.02724236381589525,0.015420400681561483,-0.004213873138555867,0.022837597743179425,-0.01486221012939723,0.022294707855216894,0.006434463852285487,0.021602648826872118,0.003165193404582119,0.022119541320415596,0.01157921477823727,0.02127853359224038,-0.005248827969073033,0.021026835537978742
-0.0030350421128363,0.03277121540290578,0.02724236381589525,7.130036042743151e-05,0.01947903179607422,-0.00958904616294762,0.01899570890764694,0.00973164688380247,0.017543598762000706,9.646314214978581e-05,0.01944563047269021,0.004238394990609793,0.018558799397722342,-0.004045468706310219,0.020852539715879456
-0.02521804574732277,0.02218300363448647,0.03277121540290578,-0.005940748104207645,0.0209932092291768,-0.01237585801838544,0.014602092281148614,0.000494361809970136,0.027646592313342384,-0.0007690813403250039,0.020327891588026146,0.0020033006886011687,0.021675431064664283,-0.0035414633692511742,0.020188074007338165
-0.030869344640496194,0.005651298893173423,0.02218300363448647,-0.006636506823966462,0.021869495931093514,0.006434463852285487,0.021602648826872118,-0.019707477500218423,0.014712643239908304,-0.004062575725030162,0.021249055249142876,0.0013768247307599769,0.021289037782478763,-0.0095019761808203,0.021355064489379943
0.01741150692480942,0.048280851565305614,0.005651298893173423,-0.0015801571352670168,0.023565721003461236,0.00973164688380247,0.017543598762000706,-0.012891961154336514,0.026395253891805213,-0.005247143715025675,0.019340805712948977,-0.007293211141624291,0.017875460462272317,-0.0032010762884270546,0.021935762071369082
0.0016991697996174796,0.01571233712519194,0.048280851565305614,-0.0017125970810264754,0.023540465463709463,0.000494361809970136,0.027646592313342384,-0.003919555972023098,0.02462595615281652,-0.004261444218178271,0.01931628765726719,-0.00741120657750159,0.0179151649943856,-0.0011116818588549503,0.02154813887407478
0.02713679250775419,0.02543762270813671,0.01571233712519194,-0.0021458272114123576,0.022860024334880172,-0.019707477500218423,0.014712643239908304,0.015415823077393698,0.01283570129655973,-0.003663671947779053,0.020193370595228247,-0.009736088184357432,0.014723240101780149,0.002408744288799329,0.024097567885851347
-0.016993430710913415,0.04413022321866761,0.02543762270813671,-0.004472225311091877,0.023664705452571756,-0.012891961154336514,0.026395253891805213,0.003947510532152751,0.022150856131751214,-0.004757870697349917,0.02049015386168635,-0.005248827969073033,0.021026835537978742,-0.0042669134256268,0.021609650026234665
-0.007845024711575537,0.009148405999337878,0.04413022321866761,-0.0015767218051340043,0.02159062059177724,-0.003919555972023098,0.02462595615281652,0.0007661123617550789,0.02329126255925436,-0.004499761251592742,0.020421899831385065,-0.004045468706310219,0.020852539715879456,-0.004954053796875261,0.021640402359756103
-0.0022509397382151873,0.00559408497336035,0.009148405999337878,0.0031930123452461635,0.016350346306699824,0.015415823077393698,0.01283570129655973,-0.00902979838690138,0.00744231325034972,-0.0026072510109841052,0.01919281245664063,-0.0035414633692511742,0.020188074007338165,-0.0016730386527170349,0.019711097208449945
-0.030443305223029106,0.02819236548481392,0.00559408497336035,-0.004782789679393591,0.01941249538607737,0.003947510532152751,0.022150856131751214,-0.013513089890939944,0.014926405798633312,-0.0055570760298067345,0.020116097918589874,-0.0095019761808203,0.021355064489379943,-0.0016121758787931647,0.019606300620888084
-0.019384728335933302,0.011058576887095804,0.02819236548481392,-0.008296772701985387,0.019906467488310448,0.0007661123617550789,0.02329126255925436,-0.017359657765725862,0.014204860119623564,-0.005034928602234591,0.019613829752460253,-0.0032010762884270546,0.021935762071369082,-0.006868780916042126,0.018560630296526902
-0.006980672511477211,0.01240405582445609,0.011058576887095804,-0.013983016871857289,0.01032987491693858,-0.00902979838690138,0.00744231325034972,-0.018936235356813207,0.011737744370343743,-0.0046102201239553026,0.01949381051053013,-0.0011116818588549503,0.02154813887407478,-0.008108758389055653,0.01817884261696457
-0.011808451659815113,0.004827779148337903,0.01240405582445609,-0.013118853696674239,0.01024418911790457,-0.013513089890939944,0.014926405798633312,-0.012724617502408544,0.006252573079333577,-0.005631810204954541,0.019467623377266707,0.002408744288799329,0.024097567885851347,-0.013672364698708412,0.00946559365501039
0.0068158250577010655,0.01862427671751618,0.004827779148337903,-0.010675378735128138,0.013103219291203434,-0.017359657765725862,0.014204860119623564,-0.00399109970453042,0.009665354623017233,-0.007268977935838,0.017082094971702624,-0.0042669134256268,0.021609650026234665,-0.0102710424460492,0.012009289931984692
-0.0006739919605358226,0.007489817018236888,0.01862427671751618,-0.010412554105514909,0.013320014138532461,-0.018936235356813207,0.011737744370343743,-0.0018888728542166234,0.009371385836792059,-0.007100331496387966,0.017138672053505805,-0.004954053796875261,0.021640402359756103,-0.009246609195900665,0.012544652510188395
-0.00795246551160591,0.007278473551070087,0.007489817018236888,-0.0066640808202777105,0.009029159617492472,-0.012724617502408544,0.006252573079333577,-0.0006035441381468887,0.007384397318443113,-0.005867075765265332,0.016337132607307105,-0.0016730386527170349,0.019711097208449945,-0.010061112877813628,0.012194953482128814
0.00438697345543124,0.01233943896703715,0.007278473551070087,-0.0027021305217169536,0.0073994221851209135,-0.00399109970453042,0.009665354623017233,-0.0014131613389034975,0.006202839433094013,-0.0033487673298419444,0.014834913385507872,-0.0016121758787931647,0.019606300620888084,-0.0050853587808907235,0.00924038125703277
-0.024018743931983652,0.028405717387414892,0.01233943896703715,-0.00554180909180136,0.011501884043968973,-0.0018888728542166234,0.009371385836792059,-0.009194745329386108,0.014243547291060229,-0.006308070962470021,0.014503646148377026,-0.006868780916042126,0.018560630296526902,-0.005747361008897915,0.010513810359163144
0.008006598286127134,0.032025342218110785,0.028405717387414892,-0.0022393007674776527,0.012168121044879847,-0.0006035441381468887,0.007384397318443113,-0.003875057396808426,0.017538571817548237,-0.00585754035629076,0.014864974144872728,-0.008108758389055653,0.01817884261696457,-0.003606322323525865,0.011681918093587138
-0.024569375889344033,0.032575974175471166,0.032025342218110785,-0.007470167591985169,0.014090997080676867,-0.0014131613389034975,0.006202839433094013,-0.013527173845066852,0.018650825867418223,-0.009550838098940634,0.012225815829663667,-0.013672364698708412,0.00946559365501039,-0.005429311499172854,0.013950596907684234
-0.0204655062173115,0.004103869672032533,0.032575974175471166,-0.010768753301447782,0.014492672702545855,-0.009194745329386108,0.014243547291060229,-0.012342761273509468,0.01774211831875741,-0.009798843492254782,0.012422046613878829,-0.0102710424460492,0.012009289931984692,-0.009326644538460363,0.0137691337966214
-0.01703369879497105,0.0034318074223404493,0.004103869672032533,-0.01228229218200864,0.014613425852820265,-0.003875057396808426,0.017538571817548237,-0.020689526967208858,0.00377283001074165,-0.010455177355354462,0.012552931108744492,-0.009246609195900665,0.012544652510188395,-0.011663745514808253,0.013440177794698138
0.0016111551088879457,0.018644853903858997,0.0034318074223404493,-0.012744928573099187,0.014011711829256257,-0.013527173845066852,0.018650825867418223,-0.011962683301131536,0.01187986289617847,-0.010179313437704238,0.012787344958427862,-0.010061112877813628,0.012194953482128814,-0.010297513997594845,0.014336512490345708
-0.022958551009963732,0.02456970611885168,0.018644853903858997,-0.012568229752762533,0.013846820412127486,-0.012342761273509468,0.01774211831875741,-0.012793698232015613,0.01282188824908723,-0.009644688136770998,0.01200765299233003,-0.0050853587808907235,0.00924038125703277,-0.01420401749265127,0.01336073751636556
0.031226966289130725,0.05418551729909446,0.02456970611885168,-0.008698168418928603,0.021741681520897657,-0.020689526967208858,0.00377283001074165,0.0032931901293516467,0.027131890877713737,-0.006029567092123566,0.015852796028751174,-0.005747361008897915,0.010513810359163144,-0.006311773175349216,0.020827420354110955
-0.006600325053822504,0.03782729134295323,0.05418551729909446,-0.005703326613008348,0.020308593414322586,-0.011962683301131536,0.01187986289617847,0.0005560300751148295,0.027792582378958902,-0.006002399416576802,0.01585136653913776,-0.003606322323525865,0.011681918093587138,-0.008398476509627734,0.019863181252767384
0.01694914147201582,0.023549466525838322,0.03782729134295323,0.000532448001879539,0.020611151766597533,-0.012793698232015613,0.01282188824908723,0.01385859423577468,0.01910208376724237,-0.003948285621446021,0.016871567554726106,-0.005429311499172854,0.013950596907684234,-0.0024672597437191855,0.02042067678117291
-0.0076716889894423105,0.024620830461458132,0.023549466525838322,0.0020927829694676625,0.019329916528252177,0.0032931901293516467,0.027131890877713737,0.0008923758095836683,0.013915881137187534,-0.004983108053384833,0.016602717437925612,-0.009326644538460363,0.0137691337966214,-0.0006395715683093009,0.019069130116458877
0.0028905229197559415,0.010562211909198252,0.024620830461458132,0.0023060109379456615,0.019330597464015102,0.0005560300751148295,0.027792582378958902,0.004055991800776483,0.012351723014925351,-0.004728499847649706,0.01670092344445557,-0.011663745514808253,0.013440177794698138,0.002206745819508841,0.017648294729973014
-0.018537550471609772,0.021428073391365713,0.010562211909198252,0.003042844361004655,0.018227772285351117,0.01385859423577468,0.01910208376724237,-0.007772905513765381,0.010714395265484462,-0.00548457734479284,0.01709310196149193,-0.010297513997594845,0.014336512490345708,-0.0006716406919908336,0.019325066533770828
-0.024678509972107913,0.006140959500498141,0.021428073391365713,-0.0062747350158684516,0.014929725094385319,0.0008923758095836683,0.013915881137187534,-0.013441845841320582,0.014473684669341487,-0.007560683303902779,0.017560620853335124,-0.01420401749265127,0.01336073751636556,-0.0009173491151542873,0.0196636295899934
0.02069687224258286,0.04537538221469077,0.006140959500498141,-0.0017252021331342234,0.01853459225067786,0.004055991800776483,0.012351723014925351,-0.007506396067044942,0.024616988105885973,-0.004366710720005171,0.018384109977204043,-0.006311773175349216,0.020827420354110955,-0.002421648264661125,0.01701972929909796
0.0042761289979906724,0.01642074324459219,0.04537538221469077,-0.0038373708788050818,0.016602246082355894,-0.007772905513765381,0.010714395265484462,9.81637561552071e-05,0.02297439603022913,-0.004633172812014919,0.018217251691481407,-0.008398476509627734,0.019863181252767384,-0.0008678691144021003,0.017071059259776485
-0.027426977630044317,0.03170310662803499,0.01642074324459219,-0.007129918985572082,0.019260816119717316,-0.013441845841320582,0.014473684669341487,-0.0008179921298235941,0.024463008486067743,-0.0048372872220649385,0.018472035906136233,-0.0024672597437191855,0.02042067678117291,-0.007207314700410692,0.01758383145604785
0.033740133051862485,0.061167110681906806,0.03170310662803499,-0.00198831729688766,0.0255586802398006,-0.007506396067044942,0.024616988105885973,0.003529761473269614,0.030590385019718662,-0.0009654558456953689,0.02051249238101936,-0.0006395715683093009,0.019069130116458877,-0.0012913401230814348,0.023404534174655746
-0.015608878369140917,0.049349011421003404,0.061167110681906806,-0.001500205279809517,0.025204934926344204,9.81637561552071e-05,0.02297439603022913,-0.00309857431577425,0.03244587243277519,-0.0008636829581360734,0.020430005933001358,0.002206745819508841,0.017648294729973014,-0.003934111735780987,0.023892982058671068
-0.009784719772078471,0.005824158597062446,0.049349011421003404,0.0009820930868620562,0.023112214364195992,-0.0008179921298235941,0.024463008486067743,0.0027821783035476984,0.026968063102306098,-0.001677674021062246,0.020550483403564825,-0.0006716406919908336,0.019325066533770828,-0.0026837073501336565,0.023220939413690203
0.0058529824990159645,0.015637702271094435,0.005824158597062446,-0.0014918885370657595,0.021303529285712892,0.003529761473269614,0.030590385019718662,-0.006513538547401141,0.011098573689197274,0.0003802926581505895,0.01967961200334899,-0.0009173491151542873,0.0196636295899934,0.0016779344314554686,0.021178638851093442
-0.025200853302539763,0.031053835801555726,0.015637702271094435,-0.006404718920487499,0.02303576076383967,-0.00309857431577425,0.03244587243277519,-0.009710863525200756,0.015527049641074708,-0.0036502658841115884,0.018626232114372275,-0.002421648264661125,0.01701972929909796,-0.004878883503562049,0.021412670182492176
-0.004433605936109328,0.020767247366430434,0.031053835801555726,-0.0025724903048316675,0.02062554454075825,0.0027821783035476984,0.026968063102306098,-0.007927158913211043,0.01581894003403383,-0.0034955002328463615,0.01860882800210914,-0.0008678691144021003,0.017071059259776485,-0.006123131351290621,0.02104186943266364
-0.011652896248243248,0.00721929031213392,0.020767247366430434,-0.010137995188182623,0.010464142680850533,-0.006513538547401141,0.011098573689197274,-0.013762451828964115,0.010543116681311122,-0.005538502927150581,0.0177414680039206,-0.007207314700410692,0.01758383145604785,-0.0038696911538904687,0.019138704674958096
-0.010021376466484539,0.0016315197817587095,0.00721929031213392,-0.009206744871073227,0.010122954948569596,-0.009710863525200756,0.015527049641074708,-0.008702626216945704,0.0037860090885009404,-0.0057063377469393104,0.017774284023582703,-0.0012913401230814348,0.023404534174655746,-0.010121335370797185,0.009552513345586414
-0.009004926899274682,0.0010164495672098563,0.0016315197817587095,-0.009076779392272596,0.010119055428322525,-0.007927158913211043,0.01581894003403383,-0.010226399871334156,0.0013358373275482872,-0.006556012734012927,0.017615322556633096,-0.003934111735780987,0.023892982058671068,-0.009177913732244867,0.009241266113702835
-0.007380743919148532,0.0016241829801261504,0.0010164495672098563,-0.011282400461966678,0.007249366512797813,-0.013762451828964115,0.010543116681311122,-0.00880234909496925,0.0013319209389488812,-0.005759097980265697,0.017280773142624026,-0.0026837073501336565,0.023220939413690203,-0.008834488610397732,0.009259607770423738
0.0016598860274273264,0.009040629946575859,0.0016241829801261504,-0.006805610573638831,0.004822782144307479,-0.008702626216945704,0.0037860090885009404,-0.004908594930331963,0.005746146461548614,-0.0038777839802988934,0.01647766074171474,0.0016779344314554686,0.021178638851093442,-0.009433502392053253,0.008229422673628865
0.005951805395157927,0.004291919367730601,0.009040629946575859,-0.0050747086850942875,0.007147660682644367,-0.010226399871334156,0.0013358373275482872,7.698250114557385e-05,0.00680576266738268,-0.004931003040829246,0.015208424434433557,-0.004878883503562049,0.021412670182492176,-0.00498312257809644,0.006529389491635778
0.0018831841562112386,0.0040686212389466885,0.004291919367730601,-0.002818695284351873,0.00678302894819484,-0.00880234909496925,0.0013319209389488812,0.003164958526265497,0.0024160612816257897,-0.005101927672384919,0.015110116612778685,-0.006123131351290621,0.02104186943266364,-0.004080723993479216,0.007034930703189221
-0.0024525929533835656,0.0043357771095948044,0.0040686212389466885,-0.0015572313655017112,0.005809562392369544,-0.004908594930331963,0.005746146461548614,0.0017941321993285334,0.0042029068022631936,-0.003318043052623437,0.013678064445846894,-0.0038696911538904687,0.019138704674958096,-0.002766394951356404,0.0061935758680961624
-0.0024155315824869786,3.7061370896587006e-05,0.0043357771095948044,-0.00045899881270376053,0.004621404505401282,7.698250114557385e-05,0.00680576266738268,-0.000994980126553102,0.0024926322663478585,-0.005900590526505542,0.008621507994082187,-0.010121335370797185,0.009552513345586414,-0.0016798456822138953,0.0053132933183670464
-0.010537071659611786,0.008121540077124807,3.7061370896587006e-05,-0.000985053436114303,0.005635308229384437,0.003164958526265497,0.0024160612816257897,-0.0051350653984941095,0.0046783113534874,-0.005538318618682032,0.008282065575529012,-0.009177913732244867,0.009241266113702835,-0.0018987235051191958,0.005683965751577858
-0.00739212308701511,0.0031449485725966756,0.008121540077124807,-0.0024937216218547087,0.005986348683104646,0.0017941321993285334,0.0042029068022631936,-0.0067815754430379585,0.004095049404495707,-0.005367418855463221,0.008212091022997758,-0.008834488610397732,0.009259607770423738,-0.001900349100528707,0.005685796230363241
-0.01945797823800076,0.012065855150985648,0.0031449485725966756,-0.0067286855607144895,0.0075898802538808844,-0.000994980126553102,0.0024926322663478585,-0.012462390994875885,0.006259101855553884,-0.007175344622392986,0.00833706195096525,-0.009433502392053253,0.008229422673628865,-0.004917186852732719,0.00842472125394553
0.0069539526997810346,0.026411930937781793,0.012065855150985648,-0.005883557470119524,0.008908380909575561,-0.0051350653984941095,0.0046783113534874,-0.006632049541744945,0.013222360145269202,-0.004878572765084359,0.0073612898733955235,-0.00498312257809644,0.006529389491635778,-0.004774022952072275,0.008645818447024669
-0.016527543582451124,0.02348149628223216,0.026411930937781793,-0.008229382574964117,0.009646779799080574,-0.0067815754430379585,0.004095049404495707,-0.009677189706890283,0.014477328314673509,-0.005742425454108773,0.007987994823340594,-0.004080723993479216,0.007034930703189221,-0.0074041269147383255,0.009072906300800307
-0.008048606893615565,0.00847893668883556,0.02348149628223216,-0.009168228460152215,0.009233038821181006,-0.012462390994875885,0.006259101855553884,-0.005874065925428551,0.011890821596082563,-0.0054849762144925105,0.007839552985393083,-0.002766394951356404,0.0061935758680961624,-0.008203557477628612,0.008806529904538202
-0.011354978436624252,0.0033063715430086873,0.00847893668883556,-0.00930454625632096,0.009263278878159264,-0.006632049541744945,0.013222360145269202,-0.011977042970896981,0.004273559998048511,-0.0055802334980739185,0.007906728617891105,-0.0016798456822138953,0.0053132933183670464,-0.009480621313933938,0.008469000135406862
-0.011415530132975674,6.055169635142167e-05,0.0033063715430086873,-0.009975114097314388,0.00924275501185127,-0.009677189706890283,0.014477328314673509,-0.010273038487738495,0.0019266521649436298,-0.005752419443338275,0.008012584988673622,-0.0018987235051191958,0.005683965751577858,-0.00960611538155735,0.008493736155143884
0.004270022551358156,0.01568555268433383,6.055169635142167e-05,-0.006020447299087899,0.009447808951965264,-0.005874065925428551,0.011890821596082563,-0.006166828672747256,0.009038629001821334,-0.004920221838302082,0.008424880275772343,-0.001900349100528707,0.005685796230363241,-0.007940094576075455,0.010008974206698247
-0.01820550802670332,0.022475530578061474,0.01568555268433383,-0.01021369075350196,0.008011820961071022,-0.011977042970896981,0.004273559998048511,-0.008450338536106945,0.011527429878162338,-0.0063391785564542716,0.008891373411370378,-0.004917186852732719,0.00842472125394553,-0.007761170260175819,0.009777272625064804
0.005170039485903309,0.023375547512606627,0.022475530578061474,-0.006597426908776221,0.009373116972772952,-0.010273038487738495,0.0019266521649436298,-0.0029218153298139517,0.01324371377145886,-0.006395018978543887,0.008810330187364001,-0.004774022952072275,0.008645818447024669,-0.008016015005015495,0.009343420865076535
-0.016516087266171403,0.02168612675207471,0.023375547512606627,-0.008008673637535527,0.010233286909754696,-0.006166828672747256,0.009038629001821334,-0.009850518602323804,0.013035582441451657,-0.007709252651571219,0.008852689153432814,-0.0074041269147383255,0.009072906300800307,-0.008014378388404107,0.009341682322994222
-0.021461683019142547,0.004945595752971144,0.02168612675207471,-0.009693124401288576,0.011630668632945726,-0.008450338536106945,0.011527429878162338,-0.010935910266470214,0.014165660676701143,-0.009067044799125432,0.009423774537037449,-0.008203557477628612,0.008806529904538202,-0.009930532120622245,0.010635862965342873
0.005803077186896547,0.027264760206039095,0.004945595752971144,-0.006823356514643206,0.013146211926366717,-0.0029218153298139517,0.01324371377145886,-0.010724897699472468,0.01452567364087756,-0.008480001315598036,0.010101603314897897,-0.009480621313933938,0.008469000135406862,-0.007479381317262133,0.01212566093603487
-0.016992897453486654,0.0227959746403832,0.027264760206039095,-0.010367176515450676,0.01240257217419687,-0.009850518602323804,0.013035582441451657,-0.010883834428577552,0.014623005011109615,-0.008941131729446241,0.01034709899345418,-0.00960611538155735,0.008493736155143884,-0.008276148077335132,0.012601321225035312
-0.006151085620292047,0.010841811833194607,0.0227959746403832,-0.00835810611438213,0.011842607660292187,-0.010935910266470214,0.014165660676701143,-0.005780301962294052,0.011402509607188555,-0.00885248619610888,0.010366688016590514,-0.007940094576075455,0.010008974206698247,-0.009764877816142301,0.011433540273064584
-0.044449223229739175,0.03829813760944713,0.010841811833194607,-0.016627983233655875,0.016795532660934767,-0.010724897699472468,0.01452567364087756,-0.022531068767839293,0.019740576035627126,-0.010637575124090195,0.01388725618602773,-0.007761170260175819,0.009777272625064804,-0.013513979988004568,0.01740557510209284
-0.020666742205160966,0.02378248102457821,0.03829813760944713,-0.017319759056820806,0.01687529150804758,-0.010883834428577552,0.014623005011109615,-0.02375568368506406,0.01933502018844916,-0.012610481903014623,0.013137602467837779,-0.008016015005015495,0.009343420865076535,-0.01720494880101375,0.015407957554410706
0.02397734920354633,0.0446440914087073,0.02378248102457821,-0.009746587019705993,0.02352894101205709,-0.005780301962294052,0.011402509607188555,-0.013712872077117938,0.03473926001025617,-0.009717275275443376,0.016290376513716485,-0.008014378388404107,0.009341682322994222,-0.011420172162482645,0.021930544108653093
-0.035276829174191615,0.05925417837773794,0.0446440914087073,-0.016593238079887353,0.02406988470613683,-0.022531068767839293,0.019740576035627126,-0.010655407391935415,0.030869637710249746,-0.011662148295484525,0.017644880880866798,-0.009930532120622245,0.010635862965342873,-0.013393764470346797,0.023546886796049254
-0.05040890489612269,0.015132075721931072,0.05925417837773794,-0.022162572653660024,0.027763398271384642,-0.02375568368506406,0.01933502018844916,-0.02056946162225599,0.039313594276991874,-0.014451714471162985,0.020455800302806304,-0.007479381317262133,0.01212566093603487,-0.021424047625063832,0.025419608654959864
0.030185549772134522,0.08059445466825721,0.015132075721931072,-0.016106466754922263,0.034979797341961605,-0.013712872077117938,0.03473926001025617,-0.018500061432726592,0.042836450398074974,-0.011480208763655114,0.023695773813036728,-0.008276148077335132,0.012601321225035312,-0.014684269449975088,0.03215297344399084
0.032476370199361705,0.002290820427227183,0.08059445466825721,-0.003285534516738782,0.0365750010023861,-0.010655407391935415,0.030869637710249746,0.004084338358457847,0.04720643107522126,-0.009465469645940573,0.026204298930141777,-0.009764877816142301,0.011433540273064584,-0.00916606147573884,0.03683530593256702
0.016931871436901415,0.01554449876246029,0.002290820427227183,0.0029809010902716146,0.03622066074247705,-0.02056946162225599,0.039313594276991874,0.026531263802799215,0.008391854080195452,-0.006955656827111663,0.026974192468716726,-0.013513979988004568,0.01740557510209284,-0.00039733366621875495,0.034251532973105514
0.049691820090065356,0.03275994865316394,0.01554449876246029,0.0072666462380247855,0.040473534006090946,-0.018500061432726592,0.042836450398074974,0.03303335390877616,0.016387075153269398,-0.0037755296411000894,0.030858499610255198,-0.01720494880101375,0.015407957554410706,0.009653889518813576,0.03748308475152762
-0.001642234923557602,0.05133405501362296,0.03275994865316394,0.01287241194646379,0.035415838216947146,0.004084338358457847,0.04720643107522126,0.021660485534469726,0.02599165528584527,-0.0027131116166276745,0.030641397168237265,-0.011420172162482645,0.021930544108653093,0.0059939489292273,0.037100235015391024
0.04931780299209145,0.050960037915649056,0.05133405501362296,0.02949352992783281,0.019685426449423067,0.026531263802799215,0.008391854080195452,0.0324557960528664,0.029530353190391618,0.0023425659556033256,0.03305415922957718,-0.013393764470346797,0.023546886796049254,0.01807889638155345,0.03514238217666287
0.02346157224052104,0.02585623075157041,0.050960037915649056,0.028372867005897234,0.01982902106634229,0.03303335390877616,0.016387075153269398,0.023712380103018293,0.025480944733840133,0.003603887030862218,0.03352986155581452,-0.021424047625063832,0.025419608654959864,0.02863182168678827,0.018114298212420447
0.0029770238526422776,0.020484548387878762,0.02585623075157041,0.023456309281443988,0.02213153973001383,0.021660485534469726,0.02599165528584527,0.025252133028418253,0.023222220689765403,0.005030309981299998,0.0330069350284698,-0.014684269449975088,0.03215297344399084,0.024744889412575095,0.0204888737358778
0.0025094692465657334,0.0004675546060765442,0.020484548387878762,0.02105257558305471,0.023708898996827123,0.0324557960528664,0.029530353190391618,0.009649355113243017,0.011964015141486579,0.005648921043218411,0.0328620945947721,-0.00916606147573884,0.03683530593256702,0.02046390356217567,0.021699131770771166
-0.013424260396320168,0.0159337296428859,0.0004675546060765442,0.01053322883532379,0.02242795316310052,0.023712380103018293,0.025480944733840133,-0.002645922432370719,0.009337241497158104,0.007864989817034054,0.03015872514943906,-0.00039733366621875495,0.034251532973105514,0.016127313300286873,0.02526329424771279
0.022945260666045422,0.03636952106236559,0.0159337296428859,0.014631144766924294,0.02200056609253213,0.025252133028418253,0.023222220689765403,0.0040101565054303295,0.01823114264831342,0.010980132879263083,0.02922279187266645,0.009653889518813576,0.03748308475152762,0.012306376239712593,0.021004426468303403
-0.03613391105326787,0.05907917171931329,0.03636952106236559,0.000389192426031075,0.02270265154855444,0.009649355113243017,0.011964015141486579,-0.008870970261180871,0.029801618597839523,0.006686471432347782,0.03149400241515764,0.0059939489292273,0.037100235015391024,0.007378993935468271,0.027776067614078925
-0.010283582275832821,0.025850328777435046,0.05907917171931329,-0.005234999993361235,0.019843568751542515,-0.002645922432370719,0.009337241497158104,-0.007824077554351756,0.02961627939776142,0.008471703353659125,0.02958271822497956,0.01807889638155345,0.03514238217666287,-0.0011354896742351978,0.021113532263945724
-0.009963601354150888,0.0003199809216819331,0.025850328777435046,-0.007391770861160096,0.01947228017316303,0.0040101565054303295,0.01823114264831342,-0.018793698227750524,0.015017917051749792,0.01136065360665711,0.025012110590404864,0.02863182168678827,0.018114298212420447,-0.005910514473474045,0.018202570954516988
-0.010586137616392977,0.0006225362622420891,0.0003199809216819331,-0.009574372004986549,0.018864969718972224,-0.008870970261180871,0.029801618597839523,-0.010277773748792228,0.0003113087754808299,0.008448390221762287,0.025025250060153117,0.024744889412575095,0.0204888737358778,-0.00784810896905051,0.0178166342846451
0.02617529900369063,0.036761436620083604,0.0006225362622420891,-0.0029744454383180824,0.023585158744342263,-0.007824077554351756,0.02961627939776142,0.0018751866777155883,0.02104681643718842,0.007998313707785785,0.024613136480737492,0.02046390356217567,0.021699131770771166,-0.004467276146604096,0.02188948527250168
-0.007007112951387144,0.033182411955077776,0.036761436620083604,-0.007966507707890176,0.019880672491109534,-0.018793698227750524,0.015017917051749792,0.0028606828119701697,0.02027019611433509,0.006288386251479458,0.02477577102005272,0.016127313300286873,0.02526329424771279,-0.0035505407973279485,0.02158409048045724
-0.007428708126772722,0.0004215951753855779,0.033182411955077776,-0.003182307220140986,0.014462094349160997,-0.010277773748792228,0.0003113087754808299,0.003913159308510254,0.019280730885492165,0.00220834852170531,0.021574827718765108,0.012306376239712593,0.021004426468303403,-0.00788967919630197,0.018149626275040798
-0.014543709831693927,0.007115001704921206,0.0004215951753855779,-0.00389232847945117,0.014975910293356787,0.0018751866777155883,0.02104681643718842,-0.009659843636617932,0.004234801929433261,0.0012868145996955723,0.02202283221439145,0.007378993935468271,0.027776067614078925,-0.0048053647360771215,0.013882855879475537
-0.03490315461820841,0.02035944478651448,0.007115001704921206,-0.008048920690127423,0.019710590433710446,0.0028606828119701697,0.02027019611433509,-0.018958524192225018,0.014259356292664628,-0.004728968086754417,0.01921767986291666,-0.0011354896742351978,0.021113532263945724,-0.008322446499273634,0.018007772228007094
0.024438266803519976,0.05934142142172838,0.02035944478651448,-0.0022115199534752657,0.02360959666568768,0.003913159308510254,0.019280730885492165,-0.008336199215460785,0.0301537885700251,-0.004659204189397351,0.019329337487666923,-0.005910514473474045,0.018202570954516988,-0.0034078939053206526,0.02178371073437575
0.022104686149989748,0.0023335806535302282,0.05934142142172838,-0.0028899554290920788,0.02267055365082237,-0.009659843636617932,0.004234801929433261,0.0038799327784337727,0.03360739949294384,-0.0032929425967296736,0.020548185765493446,-0.00784810896905051,0.0178166342846451,0.0012622237755911651,0.02343030403978951
-0.05847894186021227,0.08058362801020202,0.0023335806535302282,-0.011468593580562932,0.03225336027562626,-0.018958524192225018,0.014259356292664628,-0.003978662968900847,0.047213045856941666,-0.007649257675785246,0.025168822278992694,-0.004467276146604096,0.02188948527250168,-0.010831239204966394,0.029491404144684274
0.003403032872616205,0.06188197473282847,0.08058362801020202,-0.009663303413998112,0.03282281648096917,-0.008336199215460785,0.0301537885700251,-0.01099040761253544,0.04217592467950591,-0.006447308156575506,0.025273400286801452,-0.0035505407973279485,0.02158409048045724,-0.009344075515823058,0.029974896384746666
0.013265233018931349,0.009862200146315144,0.06188197473282847,-0.005028479605560566,0.0339402306252024,0.0038799327784337727,0.03360739949294384,-0.013936891989554905,0.0388884481940536,-0.007138738702797938,0.02452886841997796,-0.00788967919630197,0.018149626275040798,-0.006387798209293903,0.031191082195746213
-0.011212451033678867,0.024477684052610214,0.009862200146315144,-0.0010800290081389755,0.031022250070716715,-0.003978662968900847,0.047213045856941666,0.0018186049526228952,0.012315521224052715,-0.005358634415684439,0.023127011068044715,-0.0048053647360771215,0.013882855879475537,-0.005911904095291752,0.03107108705661914
-0.04934743043566628,0.038134979401987415,0.024477684052610214,-0.013377645214670018,0.033415776006270895,-0.01099040761253544,0.04217592467950591,-0.0157648828168046,0.031553603321565135,-0.008148909284243971,0.025951022689662328,-0.008322446499273634,0.018007772228007094,-0.007975372069214304,0.033686846459478954
0.08953611777964089,0.13888354821530718,0.038134979401987415,-0.0021390732763948267,0.05321181111334832,-0.013936891989554905,0.0388884481940536,0.00965874543676525,0.07175559297225058,-0.0010417864889731298,0.036780886764623065,-0.0034078939053206526,0.02178371073437575,0.0013243209273743975,0.049432240466222736
0.028100908292473265,0.06143520948716763,0.13888354821530718,0.012290901749052762,0.046148488225827525,0.0018186049526228952,0.012315521224052715,0.022763198545482626,0.06959546213817196,0.001721573933088745,0.037455751303952824,0.0012622237755911651,0.02343030403978951,0.0021809240905863274,0.0499020775358163
0.047320481785465475,0.01921957349299221,0.06143520948716763,0.019610476567860975,0.04790623140853521,-0.0157648828168046,0.031553603321565135,0.05498583595252654,0.03142673196600154,0.0032319441317869477,0.03891556110374167,-0.010831239204966394,0.029491404144684274,0.01729512746854029,0.044159163601327996
0.01684699015528841,0.030473491630177065,0.01921957349299221,0.02020743609058715,0.047833610811368256,0.00965874543676525,0.07175559297225058,0.030756126744409053,0.015409284921898326,0.004935808639406631,0.038954962828761694,-0.009344075515823058,0.029974896384746666,0.019215692794636318,0.04374467761225344
-0.004095865564054277,0.020942855719342686,0.030473491630177065,0.021393533668857916,0.04697929717629039,0.022763198545482626,0.06959546213817196,0.0200238687922332,0.025854972676392907,0.005173868822457948,0.03888370740853021,-0.006387798209293903,0.031191082195746213,0.016735535854209803,0.04462163796639521
0.00378438933106576,0.007880254895120037,0.020942855719342686,0.030248836963313253,0.034265351009852195,0.05498583595252654,0.03142673196600154,0.005511837974099965,0.01057775309463412,0.006483018762655069,0.038475175452361406,-0.005911904095291752,0.03107108705661914,0.018877941620601888,0.04339941696368649
0.019195864430457423,0.015411475099391662,0.007880254895120037,0.018525461405116014,0.018183139044118075,0.030756126744409053,0.015409284921898326,0.006294796065822968,0.011847057778821913,0.010347234408988343,0.03667336012921605,-0.007975372069214304,0.033686846459478954,0.02866984088719099,0.03155758493266747
0.005572591247792585,0.013623273182664838,0.015411475099391662,0.014770741897669233,0.01813633302644683,0.0200238687922332,0.025854972676392907,0.009517615003105257,0.008429163689671608,0.008999686155007815,0.03646175770731574,0.0013243209273743975,0.049432240466222736,0.016675051382641234,0.017305786373552606
0.006722923469431269,0.0011503322216386835,0.013623273182664838,0.008004482178330198,0.00866280635111194,0.005511837974099965,0.01057775309463412,0.010497126382560425,0.007555253058269008,0.007900988820682209,0.03626772224422425,0.0021809240905863274,0.0499020775358163,0.013621053550778089,0.01683323981799106
-0.020190386280580834,0.026913309750012104,0.0011503322216386835,0.0018315861056853236,0.013140425061123479,0.006294796065822968,0.011847057778821913,-0.0026316238544523266,0.015217208006331244,0.01063588564779874,0.0320787908688597,0.01729512746854029,0.044159163601327996,0.003976643827057191,0.013270313386853014
-0.015437238242410552,0.004753148038170282,0.026913309750012104,-5.8642674040722494e-05,0.014866026207195205,0.009517615003105257,0.008429163689671608,-0.009634900351186707,0.014364257870769835,0.009290151996725402,0.032792792770781405,0.019215692794636318,0.04374467761225344,-0.0006353888011855179,0.013656282998205751
0.006875021860522098,0.02231226010293265,0.004753148038170282,0.00045646274753533407,0.015077854511027968,0.010497126382560425,0.007555253058269008,-0.009584200887489762,0.01445086897628284,0.00883370834255331,0.032777676694437576,0.016735535854209803,0.04462163796639521,0.0009318808308968219,0.013821489440638593
0.01267357450068522,0.005798552640163122,0.02231226010293265,-0.0006305855740933664,0.01362138820467538,-0.0026316238544523266,0.015217208006331244,0.0013704527062655888,0.014841821298272093,0.010539853023579317,0.03227172162252742,0.018877941620601888,0.04339941696368649,0.002201764426556744,0.01451805632773682
-0.01814749255360311,0.03082106705428833,0.005798552640163122,-0.004583932874325982,0.014847895347826406,-0.009634900351186707,0.014364257870769835,0.00046703460253473664,0.0163792939138148,0.012768420015155256,0.02869733053612937,0.02866984088719099,0.03155758493266747,-0.003133000856880474,0.014087337916893507
0.02561326831998316,0.04376076087358627,0.03082106705428833,-0.0014355420659006672,0.019114663234259626,-0.009584200887489762,0.01445086897628284,0.006713116755688424,0.022481021784078653,0.008202502196608277,0.018985464823329985,0.016675051382641234,0.017305786373552606,-0.00027004698942467806,0.01771959208180767
0.004102035605627533,0.02151123271435563,0.04376076087358627,0.0026131949151340602,0.0167774772292945,0.0013704527062655888,0.014841821298272093,0.0038559371240025277,0.021881418404797102,0.006488297004690725,0.01811406304122793,0.013621053550778089,0.01683323981799106,-0.0006444595413966395,0.017574298650491357
-0.009389995767770562,0.013492031373398095,0.02151123271435563,0.0036210686609073925,0.015617825094219386,0.00046703460253473664,0.0163792939138148,0.006775102719280043,0.017654067238028332,0.0024375486080310074,0.014198276248503441,0.003976643827057191,0.013270313386853014,0.0008984533890048265,0.015973482859401894
-0.022838644117415277,0.013448648349644715,0.013492031373398095,-0.0013312090020821702,0.018772107862177458,0.006713116755688424,0.022481021784078653,-0.009375534759852769,0.01347034568322042,-0.0003971395543049702,0.015036982985234638,-0.0006353888011855179,0.013656282998205751,-0.00015889030742441908,0.017414946047689357
-0.0014326329314424515,0.021406011185972827,0.013448648349644715,-0.0036822435741034488,0.017508125613252556,0.0038559371240025277,0.021881418404797102,-0.01122042427220943,0.010819758782241643,-0.0002069086519755541,0.015003400097129657,0.0009318808308968219,0.013821489440638593,-0.0013456981348479269,0.017136554424265135
0.036003162595864106,0.03743579552730656,0.021406011185972827,0.005342865617474421,0.02195288032019538,0.006775102719280043,0.017654067238028332,0.003910628515668793,0.029782585288887727,0.002094432295510042,0.017861472516955235,0.002201764426556744,0.01451805632773682,0.001987100164463343,0.02191884108227545
0.011435632706856009,0.024567529889008097,0.03743579552730656,0.0029799263486198946,0.020011878796944174,-0.009375534759852769,0.01347034568322042,0.015335387457092555,0.01902014095701109,0.0015401300295385125,0.017404500161189912,-0.003133000856880474,0.014087337916893507,0.0062132609159575025,0.020172024632892895
0.024911560094577095,0.013475927387721087,0.024567529889008097,0.0064481804301114885,0.021954230463659456,-0.01122042427220943,0.010819758782241643,0.024116785132432404,0.012303033432538727,0.0029214849471659774,0.018483183950410154,-0.00027004698942467806,0.01771959208180767,0.006113016883756636,0.020060987137456618
-0.0200632336560225,0.044974793750599595,0.013475927387721087,0.004669307448736165,0.02384517600407038,0.003910628515668793,0.029782585288887727,0.005427986381803533,0.02308141847899367,0.0010081880096335654,0.019421957515051193,-0.0006444595413966395,0.017574298650491357,0.0026608355606637735,0.02240680099502129
0.007961884506025725,0.028025118162048224,0.044974793750599595,0.009802728885976332,0.01969265682290747,0.015335387457092555,0.01902014095701109,0.004270070314860107,0.022713545237232607,0.0030190644943911766,0.0184935024806485,0.0008984533890048265,0.015973482859401894,0.0051396755997775295,0.021803113056094676
0.019181796495442868,0.011219911989417143,0.028025118162048224,0.013238467123790551,0.019130663524018075,0.024116785132432404,0.012303033432538727,0.002360149115148698,0.020213304466103744,0.0054918526899521355,0.018147088125406798,-0.00015889030742441908,0.017414946047689357,0.011142595687328694,0.01832304501454121
-0.0011748723613179163,0.020356668856760785,0.011219911989417143,0.0070421279642602155,0.016056504698365382,0.005427986381803533,0.02308141847899367,0.008656269546716892,0.010196083545877081,0.004916860245534991,0.01822724489541274,-0.0013456981348479269,0.017136554424265135,0.011179418625917913,0.01829379687418136
0.002188190340324115,0.003363062701642031,0.020356668856760785,0.0055008875698382325,0.01599413649095575,0.004270070314860107,0.022713545237232607,0.006731704824816356,0.010912430281062358,0.004167904234080627,0.018098975462124897,0.001987100164463343,0.02191884108227545,0.006348708303697914,0.014771885516754726
0.017685616034272957,0.015497425693948842,0.003363062701642031,0.004296563559787543,0.01443643330202345,0.002360149115148698,0.020213304466103744,0.006232978004426386,0.010059807953724062,0.006727411990357489,0.01721243813525758,0.0062132609159575025,0.020172024632892895,0.0072415630647574775,0.015309691701437296
0.004755775774008115,0.012929840260264842,0.015497425693948842,0.008433065131459312,0.008321061427083694,0.008656269546716892,0.010196083545877081,0.00820986071620173,0.008306056698324599,0.005237591094216414,0.016332182003901095,0.006113016883756636,0.020060987137456618,0.004362165304676194,0.013179743188912022
0.01758451075749973,0.012828734983491616,0.012929840260264842,0.010036836173371646,0.009102689414693117,0.006731704824816356,0.010912430281062358,0.013341967521926934,0.007436032014338681,0.006200625033635857,0.0166543943262303,0.0026608355606637735,0.02240680099502129,0.00974041450660794,0.008346507619876943
-0.0027293013976880244,0.020313812155187756,0.012828734983491616,0.0063849865245164976,0.009095303259877991,0.006232978004426386,0.010059807953724062,0.006536995044606607,0.010273378102480558,0.0066763889172131805,0.0162653531403202,0.0051396755997775295,0.021803113056094676,0.008213102234648833,0.009608910821301287
-0.004090474910219103,0.001361173512531079,0.020313812155187756,0.005899052766366299,0.009641470252391798,0.00820986071620173,0.008306056698324599,0.0035882448165308676,0.01214021390052695,0.008015543860584336,0.014301650642499813,0.011142595687328694,0.01832304501454121,0.0048884920338399815,0.009198564461298754
-0.003013694053371578,0.0010767808568475255,0.001361173512531079,0.005032072034083685,0.010256182189544221,0.013341967521926934,0.007436032014338681,-0.0032778234537595686,0.0007179983202738279,0.007902610923303684,0.014387979049551233,0.011179418625917913,0.01829379687418136,0.004625803220689459,0.00942407067188927
-0.013187337048869685,0.010173642995498108,0.0010767808568475255,-0.00011342014644008987,0.010381950861123484,0.006536995044606607,0.010273378102480558,-0.006763835337486789,0.005588908205591015,0.004389003805822698,0.012930256842581951,0.006348708303697914,0.014771885516754726,0.0024292993079474867,0.011622336625439626
-0.0014641812099414025,0.011723155838928282,0.010173642995498108,-0.0011500796437650094,0.010105365183629061,0.0035882448165308676,0.01214021390052695,-0.005888404104060888,0.006368364320027567,0.0034675885260514556,0.012848851359939146,0.0072415630647574775,0.015309691701437296,-0.00030638601265456383,0.009491122370281357
-0.011508172150114371,0.010043990940172968,0.011723155838928282,-0.00599886012836736,0.005016636267705307,-0.0032778234537595686,0.0007179983202738279,-0.008719896802975153,0.006339475945576874,0.000866179080002065,0.011818810340436322,0.004362165304676194,0.013179743188912022,-0.0026298071446720617,0.01002126866140237
-0.0016585716395375882,0.009849600510576782,0.010043990940172968,-0.00582040516867562,0.00517281760840949,-0.006763835337486789,0.005588908205591015,-0.004876974999864454,0.0057436076331772185,0.002180797795465273,0.01022829615032564,0.00974041450660794,0.008346507619876943,-0.005378818915677394,0.00486449969405079
-0.002286328704634903,0.000627757065097315,0.009849600510576782,-0.005519714134411587,0.005343121881735408,-0.005888404104060888,0.006368364320027567,-0.005151024164762288,0.005514391862566936,0.0014487825661323713,0.010149145304193339,0.008213102234648833,0.009608910821301287,-0.00531553710238409,0.00490740366100933
-0.014195633204894722,0.011909304500259819,0.000627757065097315,-0.007383370659665445,0.006178946486605451,-0.008719896802975153,0.006339475945576874,-0.006046844516355738,0.007064034792598389,-0.0009353195553203137,0.009566687860711146,0.0048884920338399815,0.009198564461298754,-0.006759131144480608,0.0058774037247048
0.0007124932850304971,0.01490812648992522,0.011909304500259819,-0.005066732270682081,0.0061733784111103135,-0.004876974999864454,0.0057436076331772185,-0.005256489541499709,0.007885394752803221,-0.0008005077234382841,0.009576345772086884,0.004625803220689459,0.00942407067188927,-0.006226818667566025,0.006417120640127503
-0.008134721877040759,0.008847215162071256,0.01490812648992522,-0.006178489048531973,0.005992848610047232,-0.005151024164762288,0.005514391862566936,-0.0072059539323016605,0.00749733394489559,-0.0015378585961072038,0.009724789700348159,0.0024292993079474867,0.011622336625439626,-0.0055050165001618925,0.005753562864258911
0.01074460376946117,0.01887932564650193,0.008847215162071256,-0.00246969306193605,0.008426454946852811,-0.006046844516355738,0.007064034792598389,0.0011074583924836363,0.00944585794376273,-0.0020336451864509026,0.008802559048369435,-0.00030638601265456383,0.009491122370281357,-0.00376090436024724,0.008416741578207338
-0.010353972578400374,0.021098576347861546,0.01887932564650193,-0.003918926551746514,0.008988080931329422,-0.005256489541499709,0.007885394752803221,-0.002581363561993321,0.011593848472708083,-0.0031129129259086516,0.008832325864874147,-0.0026298071446720617,0.01002126866140237,-0.00359601870714524,0.008249316255879038
-0.0019335315151042252,0.008420441063296149,0.021098576347861546,-0.0038601270201580676,0.009002040519263153,-0.0072059539323016605,0.00749733394489559,-0.0005143001080144762,0.010620647076180816,-0.00450705880252322,0.006562869550684482,-0.005378818915677394,0.00486449969405079,-0.0036352986893690453,0.00823920176394489
-0.01146103206215517,0.009527500547050944,0.008420441063296149,-0.0034043601630348087,0.00842482517737541,0.0011074583924836363,0.00944585794376273,-0.007916178718553256,0.0052106089707293565,-0.0051307538499851596,0.006791837426391669,-0.00531553710238409,0.00490740366100933,-0.004945970597586226,0.008705400920187926
-0.003364787598021754,0.008096244464133415,0.009527500547050944,-0.004083906976876851,0.008187438876578326,-0.002581363561993321,0.011593848472708083,-0.005586450391760383,0.005137621613677472,-0.005078919041971062,0.006803147257042123,-0.006759131144480608,0.0058774037247048,-0.0033987069394615164,0.007690792532004846
0.007757302312704246,0.011122089910726,0.008096244464133415,-0.0014352362785860168,0.00913108070345339,-0.0005143001080144762,0.010620647076180816,-0.0023561724491575594,0.00964878605964836,-0.004309562158679932,0.0076152339629271025,-0.006226818667566025,0.006417120640127503,-0.002392305649793838,0.008711624502924054
-0.01783338909374885,0.025590691406453096,0.011122089910726,-0.0061982350891210194,0.008958985882379417,-0.007916178718553256,0.0052106089707293565,-0.004480291459688786,0.012831762673698562,-0.004641423019028445,0.008116604126828837,-0.0055050165001618925,0.005753562864258911,-0.0037778295378949936,0.010387238866067192
-0.02123140574507696,0.0033980166513281097,0.025590691406453096,-0.008011140616900453,0.010865757657694592,-0.005586450391760383,0.005137621613677472,-0.010435830842040522,0.015847056502088355,-0.0060533676286809845,0.009172084941983622,-0.00376090436024724,0.008416741578207338,-0.008345830897114727,0.00995848202867693
-0.013676961330505529,0.0075544444145714314,0.0033980166513281097,-0.009968378919467336,0.01060662951841927,-0.0023561724491575594,0.00964878605964836,-0.017580585389777113,0.0037835617991211334,-0.0062082811415660666,0.009288873253651887,-0.00359601870714524,0.008249316255879038,-0.008820543575986892,0.010147569821441842
-0.004834012885437512,0.008842948445068017,0.0075544444145714314,-0.008863875723347724,0.010763987049514758,-0.004480291459688786,0.012831762673698562,-0.013247459987006667,0.008207129626208495,-0.006435098373416061,0.009207645961937449,-0.0036352986893690453,0.00823920176394489,-0.009234898057463076,0.00987504180625696
0.002085036398208645,0.006919049283646157,0.008842948445068017,-0.007955571723975992,0.01152393765615227,-0.010435830842040522,0.015847056502088355,-0.0054753126059114655,0.007900543784994022,-0.006122858008927237,0.009430576963400258,-0.004945970597586226,0.008705400920187926,-0.007299745420268245,0.010662006044995308
-0.013191786760864167,0.015276823159072812,0.006919049283646157,-0.011447086569570728,0.008618412585068397,-0.017580585389777113,0.0037835617991211334,-0.005313587749364346,0.007649694470760167,-0.006051154691496482,0.009368085098760776,-0.0033987069394615164,0.007690792532004846,-0.008703602443531447,0.010704413371169025
-0.02154675486833905,0.008354968107474884,0.015276823159072812,-0.01206598086533576,0.009276911515705711,-0.013247459987006667,0.008207129626208495,-0.010884501743664857,0.011983658153058453,-0.0076411009881657355,0.009999495837872574,-0.002392305649793838,0.008711624502924054,-0.012889896326537632,0.008744680070514177
0.016932905732414488,0.03847966060075354,0.008354968107474884,-0.005705262285753853,0.0137439688732355,-0.0054753126059114655,0.007900543784994022,-0.005935211965596242,0.020240169917932614,-0.0058505561589189325,0.01195704605556842,-0.0037778295378949936,0.010387238866067192,-0.00792328277994287,0.013851036232434779
0.0026897120484903198,0.014243193683924169,0.03847966060075354,-0.0029774833892545448,0.01346674677942473,-0.005313587749364346,0.007649694470760167,-0.0006413790291447478,0.01945490158836382,-0.0064259055675597075,0.011271218709931547,-0.008345830897114727,0.00995848202867693,-0.004505980238004686,0.012941477594699057
0.01334110051254705,0.01065138846405673,0.014243193683924169,5.17021770762152e-05,0.014930237986877978,-0.010884501743664857,0.011983658153058453,0.010987906097817286,0.0074074479103521775,-0.004733400346777749,0.01236224279411531,-0.008820543575986892,0.010147569821441842,-0.0006462571175686037,0.013753909826889774
0.015394776913561706,0.0020536764010146563,0.01065138846405673,0.002269992262968392,0.01622535460695769,-0.005935211965596242,0.020240169917932614,0.010475196491533023,0.006820170283773428,-0.003495664030444468,0.013480989427893844,-0.009234898057463076,0.00987504180625696,0.002243569996574142,0.014811819505192524
-0.007239764883290434,0.02263454179685214,0.0020536764010146563,0.003261995909230681,0.015243195882763044,-0.0006413790291447478,0.01945490158836382,0.007165370847606108,0.012517401817437407,-0.003194144946239844,0.013335552245830409,-0.007299745420268245,0.010662006044995308,0.0009114555277885593,0.015241537472548606
-0.002716563455598307,0.0045232014276921275,0.02263454179685214,0.0064003611446874714,0.01022690708308132,0.010987906097817286,0.0074074479103521775,0.0018128161915576546,0.01197777444183245,-0.003147843221781027,0.013336039515268704,-0.008703602443531447,0.010704413371169025,0.002407915999969396,0.014097352637052077
-0.007301172075563842,0.004584608619965536,0.0045232014276921275,0.0023613481766910833,0.010018621711485383,0.010475196491533023,0.006820170283773428,-0.00575250013815086,0.002629377562497802,-0.004223448535228747,0.012991655060553978,-0.012889896326537632,0.008744680070514177,0.004442999256080139,0.010675995629407398
-0.01573947862922799,0.008438306553664149,0.004584608619965536,-0.0007101836029286352,0.012432137132251442,0.007165370847606108,0.012517401817437407,-0.00858573805346338,0.006605805190782673,-0.004073883502048686,0.012834016120309622,-0.00792328277994287,0.013851036232434779,-0.0002244842241545,0.011421457376434683
0.011118518694340796,0.026857997323568784,0.008438306553664149,-0.0010806139059630108,0.011953630991984794,0.0018128161915576546,0.01197777444183245,-0.003974044003483679,0.013734640183282012,-0.0017631746135188461,0.012412564552854664,-0.004505980238004686,0.012941477594699057,0.000979631010966997,0.01219781436984798
-0.008533345592886423,0.01965186428722722,0.026857997323568784,-0.005068634323704365,0.008979146232130987,-0.00575250013815086,0.002629377562497802,-0.004384768509257873,0.013901295764147779,-0.0013957734894031956,0.012105116512234993,-0.0006462571175686037,0.013753909826889774,-0.002145289861237785,0.01126983388543505
0.018181339181111048,0.026714684773997473,0.01965186428722722,-0.0008317836463041187,0.012893931699697238,-0.00858573805346338,0.006605805190782673,0.00692217076085514,0.013842889786011628,0.00024818022963598733,0.013122340527093376,0.002243569996574142,0.014811819505192524,-0.0017472095373021646,0.012017095912230637
0.008814969111959796,0.009366370069151251,0.026714684773997473,0.0010901384482888985,0.013406059152530441,-0.003974044003483679,0.013734640183282012,0.006154320900061474,0.013554625864409588,0.000728889709189641,0.013316636097912638,0.0009114555277885593,0.015241537472548606,0.0005463238905907252,0.012322289759338885
-0.007562149401863231,0.01637711851382303,0.009366370069151251,0.0010466422272390006,0.013439112702945986,-0.004384768509257873,0.013901295764147779,0.00647805296373587,0.013029876588759544,0.0011310066634039936,0.012943720437886103,0.002407915999969396,0.014097352637052077,-0.00014590267316140666,0.012667409702791238
-0.0016913964793054247,0.005870752922557806,0.01637711851382303,0.003387989252226095,0.010916778997621444,0.00692217076085514,0.013842889786011628,-0.0001461922564029531,0.008297182941927215,0.0025492465483349666,0.011243952611468704,0.004442999256080139,0.010675995629407398,0.0006554938405897957,0.0123117466114569
0.015020837301547343,0.016712233780852768,0.005870752922557806,0.004038375686760519,0.011566368242558937,0.006154320900061474,0.013554625864409588,0.0019224304734595625,0.011717193821261246,0.0024126702318444564,0.011066004405055122,-0.0002244842241545,0.011421457376434683,0.0050498246878434155,0.010892440750719757
0.008819717457355162,0.006201119844192181,0.016712233780852768,0.006930552861800784,0.009833913686173371,0.00647805296373587,0.013029876588759544,0.007383052759865693,0.008448236122187192,0.002850527761049088,0.011198294266966629,0.000979631010966997,0.01219781436984798,0.004721424511131181,0.010712140393530991
0.005891484815736919,0.002928232641618243,0.006201119844192181,0.004882243800905096,0.008159109528415814,-0.0001461922564029531,0.008297182941927215,0.00991067985821314,0.004661428796260606,0.002318412354134079,0.010832481696732659,-0.002145289861237785,0.01126983388543505,0.0067821145695059456,0.008985680431048547
0.007678917007729758,0.0017874321919928394,0.002928232641618243,0.004692901783533423,0.00806219934930581,0.0019224304734595625,0.011717193821261246,0.00746337309360728,0.0014759678130115395,0.001767279503717511,0.010299162820411385,-0.0017472095373021646,0.012017095912230637,0.005281768544737188,0.007522847226534618
-0.007749889909759681,0.015428806917489438,0.0017874321919928394,0.004661611698884015,0.008119435976585355,0.007383052759865693,0.008448236122187192,0.0019401706379023316,0.008439294018059802,0.0017308420018268505,0.010334322536655565,0.0005463238905907252,0.012322289759338885,0.002915360113062978,0.008734040456079721
0.008237346048360364,0.015987235958120044,0.015428806917489438,0.006316402120161646,0.007558060307845021,0.00991067985821314,0.004661428796260606,0.002722124382110147,0.009073327572902863,0.0025132641092524698,0.010386239004039238,-0.00014590267316140666,0.012667409702791238,0.005172430891666349,0.007534205612774548
0.010015896754333902,0.0017785507059735386,0.015987235958120044,0.0054822453622927385,0.006623677857901099,0.00746337309360728,0.0014759678130115395,0.003501117630978195,0.009784154979595077,0.003750197597102309,0.010156118902383039,0.0006554938405897957,0.0123117466114569,0.006844901353614824,0.007039797091714536
0.0004394968368015632,0.00957639991753234,0.0017785507059735386,0.0040855419255338065,0.006662603869220277,0.0019401706379023316,0.008439294018059802,0.006230913213165277,0.005093740117707233,0.004905838701818705,0.008563446179537124,0.0050498246878434155,0.010892440750719757,0.004761852715793998,0.0063398487831821965
-0.0032310552645532253,0.0036705521013547884,0.00957639991753234,0.002565118578818782,0.0071882194372548695,0.002722124382110147,0.009073327572902863,0.0024081127755274136,0.006839372850147046,0.0038808691333262753,0.008621206903772785,0.004721424511131181,0.010712140393530991,0.003040313755521371,0.006681273987060625
-0.006520654240860703,0.0032895989763074775,0.0036705521013547884,0.00019852337072037173,0.007498642403475084,0.003501117630978195,0.009784154979595077,-0.003104070889537455,0.003481812678705506,0.004024632801328113,0.008412524177830123,0.0067821145695059456,0.008985680431048547,0.0012671510331502826,0.007406199237510698
0.00878134312939614,0.015301997370256844,0.0032895989763074775,0.002953728877246342,0.007015536565501297,0.006230913213165277,0.005093740117707233,-0.0003234554586725961,0.008054711872761473,0.0033532045119199047,0.007523909856664686,0.005281768544737188,0.007522847226534618,0.001424640479102623,0.00757506262176127
-0.01580242154518188,0.02458376467457802,0.015301997370256844,-0.0010528990550106986,0.009732902243853479,0.0024081127755274136,0.006839372850147046,-0.004513910885548814,0.012414130479591546,0.0015948194649812136,0.008900043817406873,0.002915360113062978,0.008734040456079721,0.0002742788168994522,0.009553583767335236
0.011669173699640665,0.027471595244822546,0.02458376467457802,-0.0007773528974595713,0.010124468093071073,-0.003104070889537455,0.003481812678705506,0.0015493650946183084,0.015096299746807854,0.0029684854008029207,0.008862042047817176,0.005172430891666349,0.007534205612774548,0.0007645399099394946,0.0101026108414068
0.004422847984857095,0.00724632571478357,0.027471595244822546,-0.00011346103945031631,0.01034834404515003,-0.0003234554586725961,0.008054711872761473,9.653337977196003e-05,0.014237622163495871,0.003405217148243101,0.008764858360630382,0.006844901353614824,0.007039797091714536,-3.446705712862099e-05,0.009449014097179503
0.007452415379919345,0.0030295673950622498,0.00724632571478357,0.001667117401295112,0.010620183210499278,-0.004513910885548814,0.012414130479591546,0.007848145688139034,0.0036393352344646877,0.0028646155824125293,0.008209100617390793,0.004761852715793998,0.0063398487831821965,0.0009673784490310621,0.009870039770083022
-0.0028888968203422453,0.01034131220026159,0.0030295673950622498,0.0022724103047148552,0.010153431353517317,0.0015493650946183084,0.015096299746807854,0.0029954555148113977,0.00531636825788782,0.0020282859911484284,0.008151964059417115,0.003040313755521371,0.006681273987060625,0.001016258226775488,0.00984660177468379
-0.0026885113138021906,0.00020038550654005467,0.01034131220026159,0.00036076789751513335,0.009754784650455118,9.653337977196003e-05,0.014237622163495871,0.0006250024152583028,0.005913561907203144,0.001415429124752778,0.008161703708146405,0.0012671510331502826,0.007406199237510698,0.0015637072163552756,0.009456530054992638
-0.009016068924837415,0.006327557611035225,0.00020038550654005467,0.0014918266675725443,0.007678277542109884,0.007848145688139034,0.0036393352344646877,-0.004864492352993951,0.0035967665495160346,0.00022293012956940843,0.00839253520697291,0.001424640479102623,0.00757506262176127,-0.0009787802199638037,0.009584218474168222
-0.010789020360767912,0.0017729514359304966,0.006327557611035225,-0.0022512056758288855,0.007182740346806431,0.0029954555148113977,0.00531636825788782,-0.007497866866469173,0.00425831713503334,5.849383068820571e-06,0.008649979418022348,0.0002742788168994522,0.009553583767335236,-0.00026258005076180806,0.008406875492402049
-0.006275896264287729,0.004513124096480183,0.0017729514359304966,-0.004034329717353023,0.006489017621035574,0.0006250024152583028,0.005913561907203144,-0.008693661849964352,0.0022737704411403695,-0.0010308107821203288,0.008455063853522474,0.0007645399099394946,0.0101026108414068,-0.0028261614741801507,0.006731058727900117
0.02637531017066673,0.032651206434954456,0.004513124096480183,-0.0008805139188951261,0.01373796425294712,-0.004864492352993951,0.0035967665495160346,0.003103464515203696,0.020279945079716755,0.0001377187476177301,0.010881510862960698,-3.446705712862099e-05,0.009449014097179503,0.0003099045523640833,0.012930431462370157
0.00663405413046499,0.01974125604020174,0.032651206434954456,0.0007066445729060801,0.014006991166537674,-0.007497866866469173,0.00425831713503334,0.00891115601228133,0.016444276060369196,0.0005801871257365464,0.011019789996121111,0.0009673784490310621,0.009870039770083022,0.00019299580244203234,0.012858590385368218
0.019063438420624426,0.012429384290159436,0.01974125604020174,0.00433196952864385,0.015668860318234574,-0.008693661849964352,0.0022737704411403695,0.01735760090725205,0.009980566553443836,0.002172650960392093,0.011994443794552329,0.001016258226775488,0.00984660177468379,0.0033290436940086993,0.014547691959049999
-0.0071909622490909635,0.02625440066971539,0.012429384290159436,0.004636153974601591,0.01537282391428114,0.003103464515203696,0.020279945079716755,0.006168843433999485,0.013133381300166664,0.002124771816947074,0.012033090492695457,0.0015637072163552756,0.009456530054992638,0.0026858364175388746,0.014952009873702286
-0.008826201254014855,0.0016352390049238913,0.02625440066971539,0.004963290492393768,0.014995169026821577,0.00891115601228133,0.016444276060369196,0.0010154249725062025,0.01565140868159791,0.0008670900752748604,0.012202798074296433,-0.0009787802199638037,0.009584218474168222,0.002712960370513526,0.01492739577827351
-0.010943861323723355,0.0021176600697084998,0.0016352390049238913,0.004185296315821163,0.0157946951919402,0.01735760090725205,0.009980566553443836,-0.008987008275609725,0.0018816102252432155,0.0012141300910933266,0.01175306012988019,-0.00026258005076180806,0.008406875492402049,0.002690840232948463,0.014950834638597883
-0.0044887909479612,0.006455070375762154,0.0021176600697084998,-0.0009587205372834917,0.0115882664769397,0.006168843433999485,0.013133381300166664,-0.008086284508566471,0.0032905305015539267,5.998975912176471e-05,0.011436494568684757,-0.0028261614741801507,0.006731058727900117,0.002946140992423681,0.014786554869670687
0.0026978385300382916,0.007186629477999492,0.006455070375762154,-0.0016147564706879413,0.011176560274833448,0.0010154249725062025,0.01565140868159791,-0.004244937913882088,0.006824118401061218,-6.322520193672124e-05,0.011395091627274591,0.0003099045523640833,0.012930431462370157,-0.0004363549562375234,0.010668489141031311
-0.01091668536846028,0.013614523898498572,0.007186629477999492,-0.006611443768868726,0.005171350527787432,-0.008987008275609725,0.0018816102252432155,-0.00423587926212773,0.006810784718835307,-0.00137530382682098,0.011520004378011197,0.00019299580244203234,0.012858590385368218,-0.002943603456083991,0.010791528613762874
-0.009858366964256867,0.0010583184042034129,0.013614523898498572,-0.007056011221396377,0.0053429422354164735,-0.008086284508566471,0.0032905305015539267,-0.0060257379342262855,0.007573347952330729,-0.001873123122814882,0.011738950192301483,0.0033290436940086993,0.014547691959049999,-0.007075289939638462,0.004877683342736106
-0.0025842288721347967,0.007274138092122071,0.0010583184042034129,-0.006015682491083033,0.005533619431798299,-0.004244937913882088,0.006824118401061218,-0.007786427068283981,0.004536205354167985,-0.0018656743769814963,0.01173842607630914,0.0026858364175388746,0.014952009873702286,-0.006417185171501866,0.005161965145497656
-0.007294814897644538,0.004710586025509741,0.007274138092122071,-0.005407508086736563,0.005064280729783784,-0.00423587926212773,0.006810784718835307,-0.006579136911345401,0.003689500979925364,-0.0017427276607534339,0.01166656699161961,0.002712960370513526,0.01492739577827351,-0.006198415692020392,0.005074563361090468
-0.004603804321954867,0.002691010575689671,0.004710586025509741,-0.005426676982402175,0.005060323911201246,-0.0060257379342262855,0.007573347952330729,-0.004827616030578067,0.002363254945328485,-0.0013009265151239305,0.011411977251737787,0.002690840232948463,0.014950834638597883,-0.005292693263196323,0.00463300405039573
0.016776169732077326,0.02137997405403219,0.002691010575689671,-0.0030802884487290023,0.010217238427681364,-0.007786427068283981,0.004536205354167985,0.001625850170825974,0.013189371538691482,0.00034564962747357333,0.012269743979344647,0.002946140992423681,0.014786554869670687,-0.002254841737476533,0.009579292083372612
0.014254395197821955,0.0025217745342553718,0.02137997405403219,0.00111489164565137,0.011449408104676475,-0.006579136911345401,0.003689500979925364,0.008808920202648137,0.01168399422629393,-0.0005201300134439106,0.010606681345253288,-0.0004363549562375234,0.010668489141031311,-0.0006039050706502957,0.011398272823253276
-0.0013159457831036251,0.015570340980925579,0.0025217745342553718,0.0025386285091769105,0.01028376522371935,-0.004827616030578067,0.002363254945328485,0.009904873048931884,0.009798975362068568,-0.001087987150127383,0.010405096631582494,-0.002943603456083991,0.010791528613762874,0.0007676291558292262,0.010492136433891373
-0.002864386845310898,0.001548441062207273,0.015570340980925579,0.0024919355136475605,0.010312273867964135,0.001625850170825974,0.013189371538691482,0.003358020856469144,0.009468244175714489,-0.002654260383408478,0.00863886185714477,-0.007075289939638462,0.004877683342736106,0.001766769172821508,0.009607300548349596
-0.006504988539923771,0.003640601694612873,0.001548441062207273,0.0026235732399343555,0.010166367586374125,0.008808920202648137,0.01168399422629393,-0.003561773722779432,0.002663888609847621,-0.002605262261325107,0.008613057960144652,-0.006417185171501866,0.005161965145497656,0.0012066606488516547,0.010009129863268938
-0.009293024917860621,0.00278803637793685,0.003640601694612873,0.0018420364739500624,0.01098071651978271,0.009904873048931884,0.009798975362068568,-0.006220800101031764,0.0032237275270343277,-0.0026386068087426618,0.00863985620383426,-0.006198415692020392,0.005074563361090468,0.000921202074535071,0.010315796851328626
0.0027015764635677157,0.011994601381428337,0.00278803637793685,-0.0005037290708015394,0.008337571028971594,0.003358020856469144,0.009468244175714489,-0.0043654789980722255,0.0062770009865058965,-0.0016639326810790138,0.008397128389879088,-0.005292693263196323,0.00463300405039573,0.001964827901038297,0.010029240094933634
0.0026942976081484717,7.278855419244005e-06,0.011994601381428337,-0.0024304120024137865,0.00485237989677395,-0.003561773722779432,0.002663888609847621,-0.0012990502820481445,0.006922986068449363,-0.00115085492707118,0.008430630105259643,-0.002254841737476533,0.009579292083372612,-4.6868116665824644e-05,0.007706509958417461
-0.002206376389520498,0.0049006739976689695,7.278855419244005e-06,-0.002578817103483265,0.004825017427342626,-0.006220800101031764,0.0032237275270343277,0.0010631658940652297,0.002831509015269117,-0.0015011559927539508,0.008360003423584447,-0.0006039050706502957,0.011398272823253276,-0.0023984069148576042,0.0044304058314773315
-0.0066374540825450985,0.004431077693024601,0.0049006739976689695,-0.0032076616430222987,0.005107294336372497,-0.0043654789980722255,0.0062770009865058965,-0.002049844287972375,0.004667844698391526,-0.0011954966151885803,0.008062195356780263,0.0007676291558292262,0.010492136433891373,-0.003158622386206386,0.004664105502621501
-0.01105713147385097,0.004419677391305872,0.004431077693024601,-0.003966352132010165,0.005961718235597671,-0.0012990502820481445,0.006922986068449363,-0.006633653981972188,0.004425378765854252,-0.0012811226515881593,0.008166963448359144,0.001766769172821508,0.009607300548349596,-0.0043290144759978244,0.005526216737586067
-0.0018706363103704327,0.009186495163480538,0.004419677391305872,-0.002729287364095134,0.005376746748745742,0.0010631658940652297,0.002831509015269117,-0.0065217406222554996,0.004594340600220229,-0.0012301517543192762,0.008160429210278434,0.0012066606488516547,0.010009129863268938,-0.0036669641574902045,0.005499621415657646
0.006029317763014795,0.007899954073385227,0.009186495163480538,-0.0021746638141872873,0.006163120413655479,-0.002049844287972375,0.004667844698391526,-0.0022994833404022027,0.008551293423358421,-0.0002784279928436095,0.00817568029926112,0.000921202074535071,0.010315796851328626,-0.001478058060222288,0.005920320492131274
-0.0065212896858139364,0.012550607448828731,0.007899954073385227,-0.0037105950298476887,0.0058472579745782625,-0.006633653981972188,0.004425378765854252,-0.0007875360777231914,0.006345019024330754,-0.00041539123311925733,0.008269241176910918,0.001964827901038297,0.010029240094933634,-0.00279561036727681,0.005861092052417004
-0.005034235512811604,0.0014870541730023328,0.012550607448828731,-0.004181904883729539,0.0058156458222003524,-0.0065217406222554996,0.004594340600220229,-0.0018420691452035818,0.006857250281454999,-0.001973277322039895,0.006683794249930139,-4.6868116665824644e-05,0.007706509958417461,-0.0038996865274139635,0.005361185566541148
0.0049783142946093015,0.010012549807420905,0.0014870541730023328,-0.00224594348753714,0.006700759598858932,-0.0022994833404022027,0.008551293423358421,-0.0021924036346720795,0.0062543768070327365,-0.002635854529412228,0.005259361787055147,-0.0023984069148576042,0.0044304058314773315,-0.0028733021439668496,0.006338128129660983
-0.009281382641630436,0.014259696936239737,0.010012549807420905,-0.0019499853488337173,0.006258365905731296,-0.0007875360777231914,0.006345019024330754,-0.003112434619944246,0.007321524990206656,-0.0032048143050212854,0.00552950404589787,-0.003158622386206386,0.004664105502621501,-0.0032510062238361834,0.006669923067674562
-0.004298989572040219,0.004982393069590217,0.014259696936239737,-0.0023547108924453484,0.006330314795125536,-0.0018420691452035818,0.006857250281454999,-0.0028673526396871176,0.007236845128086498,-0.003307285928359094,0.005535999093389974,-0.0043290144759978244,0.005526216737586067,-0.0022855573807203616,0.00578165604549801
-0.0040955378456326704,0.00020345172640754815,0.004982393069590217,-0.004042186827219926,0.004817001532688855,-0.0021924036346720795,0.0062543768070327365,-0.005891970019767775,0.0029370796026284324,-0.003135182307338301,0.005465951120064237,-0.0036669641574902045,0.005499621415657646,-0.0026034004571863956,0.0058160980621404625
-0.004758436073145194,0.0006628982275125239,0.00020345172640754815,-0.0037483778917751353,0.004687571624735989,-0.003112434619944246,0.007321524990206656,-0.004384321163606027,0.00033958743410081744,-0.0028112831041443424,0.005200911598118278,-0.001478058060222288,0.005920320492131274,-0.004144508148066395,0.004405626028973922
-0.013444196887654102,0.008685760814508907,0.0006628982275125239,-0.005150038120915552,0.006171453742461284,-0.0028673526396871176,0.007236845128086498,-0.007432723602143989,0.005216628874264597,-0.003964552629231615,0.005654746579495051,-0.00279561036727681,0.005861092052417004,-0.005133494891186418,0.005633910734288719
0.01628828789671976,0.02973248478437386,0.008685760814508907,-0.0032650425205638088,0.010258004248214894,-0.005891970019767775,0.0029370796026284324,-0.000638115021359846,0.015288490672417436,-0.0029935533229050945,0.007687790385576901,-0.0038996865274139635,0.005361185566541148,-0.002087420118396223,0.009868963350741203
-0.023992540046124583,0.04028082794284434,0.02973248478437386,-0.005716902087979499,0.013292827908099769,-0.004384321163606027,0.00033958743410081744,-0.007049483012352975,0.020887928310401774,-0.004549707869805387,0.009506122445792296,-0.0028733021439668496,0.006338128129660983,-0.006226113595643921,0.012209196097425778
0.027527792319823455,0.05152033236594804,0.04028082794284434,-0.00041243843933555453,0.019067624874317277,-0.007432723602143989,0.005216628874264597,0.006607846723472877,0.027090023398955533,-0.002109333126779061,0.012758086609508518,-0.0032510062238361834,0.006669923067674562,-0.0009676600297219364,0.017468156620665205
-0.0014558526701024248,0.02898364498992588,0.05152033236594804,2.7509089919486676e-05,0.01899596673395555,-0.000638115021359846,0.015288490672417436,0.0006931332011988157,0.025827306614912972,-0.0014235274979398792,0.012495455763424552,-0.0022855573807203616,0.00578165604549801,-0.0005614976151593941,0.017410747516644776
0.0007964320268066734,0.0022522846969090984,0.02898364498992588,0.0009533204399114647,0.01885087251154224,-0.007049483012352975,0.020887928310401774,0.0089561238921759,0.01612291374810532,-0.001233022616712943,0.01250843904677238,-0.0026034004571863956,0.0058160980621404625,0.00013735522376051175,0.017343301012488828
0.006783721343587023,0.005987289316780349,0.0022522846969090984,0.004324640145118319,0.017523054884373477,0.006607846723472877,0.027090023398955533,0.002041433566763757,0.004258540431607788,-0.0011791366466720695,0.012543706850583558,-0.004144508148066395,0.004405626028973922,0.0017862348547222574,0.017348940034734552
0.0037208086629500255,0.0030629126806369974,0.005987289316780349,0.002230060272823363,0.016529969257622637,0.0006931332011988157,0.025827306614912972,0.003766987344447907,0.00299391177119111,-0.0004475581931889294,0.012506790545284908,-0.005133494891186418,0.005633910734288719,0.004238378504808561,0.01599791542341573
-0.005999583408663311,0.009720392071613336,0.0030629126806369974,0.005228886379066909,0.011767276132000671,0.0089561238921759,0.01612291374810532,0.0015016488659579125,0.006674333131532022,-0.0005165116143211942,0.012536648852268432,-0.002087420118396223,0.009868963350741203,0.001054396889753837,0.015406985226848476
-0.015845406971612064,0.009845823562948754,0.009720392071613336,-0.0019999801695056774,0.008070805442421489,0.002041433566763757,0.004258540431607788,-0.006041393905775116,0.009783174824810044,-0.002003920276194149,0.013058998888204368,-0.006226113595643921,0.012209196097425778,0.0022182730432556254,0.013373002838180482
0.007477537870804528,0.023322944842416593,0.009845823562948754,-0.0005110817460211854,0.008965666342477526,0.003766987344447907,0.00299391177119111,-0.004789150836490282,0.011708492613886502,-0.0008068545253059371,0.013108605323495443,-0.0009676600297219364,0.017468156620665205,-0.0006460490208899359,0.008192282382067243
-0.013581097795750105,0.021058635666554634,0.023322944842416593,-0.002907336716447315,0.010359337476860752,0.0015016488659579125,0.006674333131532022,-0.007316322298852547,0.012861784403825844,-0.001469862255570929,0.01352687953752605,-0.0005614976151593941,0.017410747516644776,-0.0023782268959824616,0.009559790507521503
-0.0006483094978661263,0.012932788297883979,0.021058635666554634,-0.004146008523356173,0.00936546971995968,-0.006041393905775116,0.009783174824810044,-0.0022506231409372347,0.010620362083858092,-0.00122363165930189,0.013506767744737145,0.00013735522376051175,0.017343301012488828,-0.00258461854236429,0.009495205278038814
-0.006552943506959957,0.0059046340090938305,0.012932788297883979,-0.005858300551674504,0.00854254031080319,-0.004789150836490282,0.011708492613886502,-0.006927450266858729,0.006474522744911674,-0.0013518107617172305,0.013551334813637224,0.0017862348547222574,0.017348940034734552,-0.0044898563781567155,0.008597730630443117
-0.007194780623863252,0.0006418371169032953,0.0059046340090938305,-0.006057500087541161,0.008560410156244024,-0.007316322298852547,0.012861784403825844,-0.004798677876229778,0.0036086225873938915,-0.0009054238857321697,0.013221275439449634,0.004238378504808561,0.01599791542341573,-0.006049226276272898,0.007814580233615254
0.00409508898655707,0.011289869610420323,0.0006418371169032953,-0.0027340840945129716,0.007840975586948224,-0.0022506231409372347,0.010620362083858092,-0.0032175450480887136,0.006341052839604285,-0.0017763666650295047,0.01237612291960701,0.001054396889753837,0.015406985226848476,-0.004607130219812843,0.00870587125498877
0.0022892125065080136,0.0018058764800490562,0.011289869610420323,-0.0035988049885623905,0.0066914022896136065,-0.006927450266858729,0.006474522744911674,-0.0002701597102660563,0.006064493265151618,0.00010090137444425233,0.010615018826711203,0.0022182730432556254,0.013373002838180482,-0.0020164702943671186,0.007405327052808146
-0.003383109315472195,0.005672321821980209,0.0018058764800490562,-0.0018991402418494056,0.004624748997186223,-0.004798677876229778,0.0036086225873938915,0.001000397392530963,0.003902133488186956,-0.0021070201709340085,0.007106212118977436,-0.0006460490208899359,0.008192282382067243,-0.0035679913209780783,0.006108930638224973
0.0002867517773388403,0.0036698610928110353,0.005672321821980209,-0.001743296695981911,0.004690614875250378,-0.0032175450480887136,0.006341052839604285,-0.0002690483438751137,0.0028767158434722575,-0.0019825484246882037,0.007133703746443753,-0.0023782268959824616,0.009559790507521503,-0.0015868699533939437,0.004301880426493244
-0.010948874918862487,0.011235626696201328,0.0036698610928110353,-0.0024759519312989994,0.005803423219924557,-0.0002701597102660563,0.006064493265151618,-0.004681744152331947,0.005729281468362967,-0.0028214989208074294,0.007464711989948916,-0.00258461854236429,0.009495205278038814,-0.0030583792992505666,0.005517335017670027
0.002316252017900147,0.013265126936762635,0.011235626696201328,-0.0008907798243384329,0.005550132541780136,0.001000397392530963,0.003902133488186956,-0.0027819570412078326,0.007145182189550943,-0.0031406038726422064,0.007109558371030632,-0.0044898563781567155,0.008597730630443117,-0.0017913513671276948,0.005598855217978109
-0.010352335687952654,0.012668587705852802,0.013265126936762635,-0.0032986839367567197,0.0060645526534091896,-0.0002690483438751137,0.0028767158434722575,-0.006328319529638331,0.007492357952866873,-0.004145828469135255,0.00705952213432351,-0.006049226276272898,0.007814580233615254,-0.002242430661997609,0.006201507553387413
0.0021088131150805503,0.012461148803033204,0.012668587705852802,-0.0033287505019946304,0.006031666571433954,-0.004681744152331947,0.005729281468362967,-0.0019757568516573184,0.007255071500344014,-0.0035666572888678363,0.007226378337151544,-0.004607130219812843,0.00870587125498877,-0.0025261843579228267,0.005901380200151106
-0.008426059330526975,0.010534872445607526,0.012461148803033204,-0.004169242171170428,0.006381944109468167,-0.0027819570412078326,0.007145182189550943,-0.005556527301133027,0.006707884757777394,-0.0030367038859331866,0.006491303390706273,-0.0020164702943671186,0.007405327052808146,-0.004056937477499253,0.005833463401490187
-0.008104333605385974,0.0003217257251410012,0.010534872445607526,-0.0055677564016245636,0.006124378552827495,-0.006328319529638331,0.007492357952866873,-0.004807193273610799,0.0059915970439331995,-0.00414969470566108,0.005854455026727712,-0.0035679913209780783,0.006108930638224973,-0.004731398090344079,0.0060127484388767865
-0.0204942614916405,0.012389927886254525,0.0003217257251410012,-0.007158654163754232,0.00855801900979524,-0.0019757568516573184,0.007255071500344014,-0.01234155147585115,0.007062286266622046,-0.004643492112510393,0.006907911653966894,-0.0015868699533939437,0.004301880426493244,-0.007700114271626842,0.007942627261530286
8.027540643739614e-05,0.020574536898077894,0.012389927886254525,-0.007531316932331358,0.008099301646396741,-0.005556527301133027,0.006707884757777394,-0.009506106563529694,0.010358649415451294,-0.004591450333631571,0.006942980644791695,-0.0030583792992505666,0.005517335017670027,-0.006124521368012573,0.008277625804014184
-0.0053679187560969404,0.005448194162534337,0.020574536898077894,-0.006700580777022072,0.008007182341967282,-0.004807193273610799,0.0059915970439331995,-0.008593968280433349,0.0106598986295694,-0.004506805708569927,0.006924426578912363,-0.0017913513671276948,0.005598855217978109,-0.007222260050012157,0.007438695163019816
-0.020014964063088524,0.014647045306991582,0.005448194162534337,-0.010387876973383585,0.00823000981033952,-0.01234155147585115,0.007062286266622046,-0.008434202470916023,0.010392604784134804,-0.005422533097086017,0.008061579622411304,-0.002242430661997609,0.006201507553387413,-0.008602635532174423,0.008874335294682404
-0.011107121027307687,0.008907843035780837,0.014647045306991582,-0.010834720589513703,0.008174788995846291,-0.009506106563529694,0.010358649415451294,-0.012163334615497718,0.007380425083568966,-0.0065084052409335,0.007696550733635862,-0.0025261843579228267,0.005901380200151106,-0.010490626123944172,0.007517853391371657
0.009224293187203792,0.020331414214511477,0.008907843035780837,-0.007946616124082075,0.011653308644543987,-0.008593968280433349,0.0106598986295694,-0.007299263967730806,0.014986940070502051,-0.006013042335169516,0.008488743458810698,-0.004056937477499253,0.005833463401490187,-0.007969147192839778,0.010638133710740185
0.0003679689424980937,0.008856324244705699,0.020331414214511477,-0.004469577718392309,0.010179864006326941,-0.008434202470916023,0.010392604784134804,-0.0005049529658686003,0.010193777292254808,-0.0057451081738859235,0.008636058871669267,-0.004731398090344079,0.0060127484388767865,-0.006758818257427766,0.01109244705682073
0.007211440574085102,0.006843471631587008,0.008856324244705699,-0.003281050190451025,0.011184074344532741,-0.012163334615497718,0.007380425083568966,0.005601234234595662,0.00464254166633316,-0.005250487545546905,0.00918871964763924,-0.007700114271626842,0.007942627261530286,-0.0028008608194669674,0.010288359374105311
0.0013970789482190213,0.005814361625866081,0.006843471631587008,-0.0021535505730650314,0.011272266269253366,-0.007299263967730806,0.014986940070502051,0.002992162821600739,0.0036900535789370125,-0.004368633697898226,0.009192198149392136,-0.006124521368012573,0.008277625804014184,-0.002612746027783878,0.010361596352086189
-0.017291789610310776,0.018688868558529796,0.005814361625866081,-0.0016996881642687403,0.010432834485366124,-0.0005049529658686003,0.010193777292254808,-0.002894423362668884,0.012802922183261112,-0.005769208099913292,0.009580879713724167,-0.007222260050012157,0.007438695163019816,-0.0043161561498144254,0.011773898923816091
-0.0101739174766061,0.007117872133704677,0.018688868558529796,-0.001544154239151809,0.010270226886973257,0.005601234234595662,0.00464254166633316,-0.008689542712899284,0.009432442861149394,-0.005756463941959966,0.009574430939386576,-0.008602635532174423,0.008874335294682404,-0.0029102923517455074,0.010047999817062761
0.0010982551768987984,0.011272172653504898,0.007117872133704677,-0.002898493907535975,0.009026685476665701,0.002992162821600739,0.0036900535789370125,-0.008789150636672693,0.00927289713194468,-0.0058286466518300915,0.009514192264409962,-0.010490626123944172,0.007517853391371657,-0.0011666671797160098,0.009428437955738809
-0.00461431253072971,0.005712567707628508,0.011272172653504898,-0.003728874153073942,0.00889429389392104,-0.002894423362668884,0.012802922183261112,-0.004563324943479004,0.005636259298785512,-0.005556379023273143,0.009488650496763252,-0.007969147192839778,0.010638133710740185,-0.0031436108537065102,0.008265679149348509
-0.02233458202514271,0.017720269494413,0.005712567707628508,-0.008653211252945244,0.009762475333742601,-0.008689542712899284,0.009432442861149394,-0.008616879792991207,0.012218423521512124,-0.0065728253389700534,0.010491755323872731,-0.006758818257427766,0.01109244705682073,-0.006386832420512338,0.010741364669024988
-0.0028962422264640795,0.01943833979867863,0.017720269494413,-0.009368764782059094,0.009006574058272604,-0.008789150636672693,0.00927289713194468,-0.0099483789274455,0.010761108761445207,-0.005315823962886023,0.00972146804158301,-0.0028008608194669674,0.010288359374105311,-0.00783078710630508,0.009173672885334223
0.034213278250989236,0.03710952047745331,0.01943833979867863,-0.0007845868051757597,0.01897410532598716,-0.004563324943479004,0.005636259298785512,0.002994151333127482,0.028730431212694904,-0.002877752331132321,0.014354853263926704,-0.002612746027783878,0.010361596352086189,-0.003142758634480762,0.01841034260238181
0.0039522192826242164,0.03026105896836502,0.03710952047745331,0.0015697693213626268,0.018445070937466265,-0.008616879792991207,0.012218423521512124,0.011756418435716459,0.019747361110600978,-0.0022120281855093813,0.014446310419201419,-0.0043161561498144254,0.011773898923816091,-0.00010790022120433455,0.017413191184612577
0.011738479196728104,0.0077862599141038874,0.03026105896836502,0.0033431399913341777,0.018896637177990405,-0.0099483789274455,0.010761108761445207,0.016634658910113852,0.015713445017278796,5.6074904477520616e-05,0.01391926873921519,-0.0029102923517455074,0.010047999817062761,0.0030224421607005503,0.01727104542928777
0.008808409134718864,0.0029300700620092397,0.0077862599141038874,0.00558026026890894,0.018557663411829406,0.002994151333127482,0.028730431212694904,0.008166369204690395,0.003932635543284998,0.0014786127731937027,0.013706692257332374,-0.0011666671797160098,0.009428437955738809,0.0041238927261034175,0.01737343098988964
-0.007929126926547129,0.016737536061265993,0.0029300700620092397,0.007981169452008203,0.014768976194684542,0.011756418435716459,0.019747361110600978,0.004205920468299946,0.010610883992319364,0.0002533684793543513,0.01372770145853798,-0.0031436108537065102,0.008265679149348509,0.003650347812415214,0.01769352972276599
-0.00709420846522625,0.0008349184613208787,0.016737536061265993,0.007281508412214508,0.015470132968379022,0.016634658910113852,0.015713445017278796,-0.0020716420856848384,0.009431643978025234,-0.000279644192625959,0.013867070995494748,-0.006386832420512338,0.010741364669024988,0.0058275440352604235,0.014636789216978894
-0.003393531313875815,0.003700677151350435,0.0008349184613208787,0.0010137068180703327,0.008361211585173216,0.008166369204690395,0.003932635543284998,-0.006138955568549732,0.0024139776226960925,-0.0010371421846231672,0.013715208433971587,-0.00783078710630508,0.009173672885334223,0.005756502737058747,0.014687307713836128
-0.01777979329292532,0.014386261979049506,0.003700677151350435,-0.00260829527785459,0.011094112778230839,0.004205920468299946,0.010610883992319364,-0.00942251102400913,0.007470400125588156,-0.002406918773276335,0.014394211320489896,-0.003142758634480762,0.01841034260238181,-0.0016710789120719047,0.01042663593370967
-0.017102059091931198,0.0006777342009941234,0.014386261979049506,-0.007415051659297807,0.00980822615859723,-0.0020716420856848384,0.009431643978025234,-0.012758461232910778,0.008117343481898893,-0.002393366593392079,0.014379200662210774,-0.00010790022120433455,0.017413191184612577,-0.00467883296557982,0.011514165167050679
-0.007871415076918681,0.009230644015012517,0.0006777342009941234,-0.010195022361237397,0.005859089804791321,-0.006138955568549732,0.0024139776226960925,-0.014251089153925067,0.005535342076910852,-0.002228902136271549,0.014296292459741492,0.0030224421607005503,0.01727104542928777,-0.007480246433243646,0.008955305847653094
0.006898320725832371,0.014769735802751052,0.009230644015012517,-0.007723781085840815,0.009187497611722465,-0.00942251102400913,0.007470400125588156,-0.006025051147672503,0.012106252626995865,-0.0018146117399191512,0.014482947599374053,0.0041238927261034175,0.01737343098988964,-0.0077531162059417185,0.008387358591917119
0.014563188640834496,0.007664867915002125,0.014769735802751052,-0.004114214901497357,0.01296294265593432,-0.012758461232910778,0.008117343481898893,0.004530031429916062,0.011403265174283198,-0.00044479022766456486,0.015091896175656767,0.003650347812415214,0.01769352972276599,-0.004539928267744342,0.01188697571611941
-0.004789331321635876,0.019352519962470373,0.007664867915002125,-0.004346848236124034,0.012959946753302686,-0.014251089153925067,0.005535342076910852,0.005557392681676997,0.009745695113184863,0.000808441965443066,0.013808227958667724,0.0058275440352604235,0.014636789216978894,-0.0042106601043742885,0.01183624435048166
-0.0010170838133537492,0.0037722475082821267,0.019352519962470373,-0.0015530633228621048,0.011167927404893778,-0.006025051147672503,0.012106252626995865,0.00291892450194829,0.010259099781074784,0.0009426675663795184,0.013778547148768734,0.005756502737058747,0.014687307713836128,-0.0038711676042997084,0.011897510425217207
0.01575635823603252,0.016773442049386272,0.0037722475082821267,0.003923339565131848,0.010015107451566469,0.004530031429916062,0.011403265174283198,0.0033166477003476317,0.010936967654457858,-0.00037568386326024695,0.010941128787715125,-0.0016710789120719047,0.01042663593370967,0.0009197111855514119,0.012113537818780884
0.0036253660231545916,0.01213099221287793,0.016773442049386272,0.0058394697484773946,0.008251728403437535,0.005557392681676997,0.009745695113184863,0.006121546815277788,0.00866084744446255,-0.0003990305246509344,0.010931527842272208,-0.00467883296557982,0.011514165167050679,0.003880771916277953,0.009143194103910868
-0.010642392552090622,0.014267758575245214,0.01213099221287793,0.0029160175354902285,0.010580229587994892,0.00291892450194829,0.010259099781074784,0.0029131105690321634,0.013213780370026719,-0.001997664220995129,0.010652938995775353,-0.007480246433243646,0.008955305847653094,0.003484917991253391,0.009774963727752519
1.3016003176083969e-05,0.010655408555266706,0.014267758575245214,0.0004909887625471598,0.008912828131578163,0.0033166477003476317,0.010936967654457858,-0.0023346701752533154,0.007417948266512928,-0.0026259065875338995,0.010217076185783843,-0.0077531162059417185,0.008387358591917119,0.0025013030308739213,0.009720509175001005
0.014190317982463474,0.01417730197928739,0.010655408555266706,0.0036542636465637184,0.00996939837150046,0.006121546815277788,0.00866084744446255,0.0011869804778496453,0.012457910039974008,-0.0010459462368902848,0.011013159303967738,-0.004539928267744342,0.01188697571611941,0.002448035793963775,0.009644116652210698
0.024133145919380795,0.009942827936917321,0.01417730197928739,0.007845968602019476,0.01256252609071478,0.0029131105690321634,0.013213780370026719,0.012778826635006785,0.01212185619703547,0.0011845790762959327,0.01272344176199675,-0.0042106601043742885,0.01183624435048166,0.006579818256966157,0.011947224574095082
0.014882966278472758,0.009250179640908037,0.009942827936917321,0.007700403275759515,0.012457152527369172,-0.0023346701752533154,0.007417948266512928,0.01773547672677234,0.005551357378067963,0.0024900431900351165,0.01314810609054373,-0.0038711676042997084,0.011897510425217207,0.008851253984369943,0.011772357837310404
0.018942588163137247,0.004059621884664489,0.009250179640908037,0.010253273632423291,0.0130121570505045,0.0011869804778496453,0.012457910039974008,0.019319566786996933,0.004636597945628103,0.005113070436896729,0.012437045088406116,0.0009197111855514119,0.012113537818780884,0.009306429688242046,0.012139705656986105
-0.010738390906448923,0.02968097906958617,0.004059621884664489,0.010237273906696908,0.013043011419189485,0.012778826635006785,0.01212185619703547,0.007695721178387027,0.016092933192206844,0.005567618164431178,0.011654333735792787,0.003880771916277953,0.009143194103910868,0.007254464412584402,0.014284497065517097
-0.012613645428759892,0.0018752545223109686,0.02968097906958617,0.00813283033470758,0.0157585386550737,0.01773547672677234,0.005551357378067963,-0.0014698160573571896,0.01770250912798822,0.005228887425013948,0.012134026615956134,0.003484917991253391,0.009774963727752519,0.006972856858774508,0.014709239263366324
0.0010592991651988905,0.013672944593958783,0.0018752545223109686,0.005944327198496815,0.01566053711376038,0.019319566786996933,0.004636597945628103,-0.007430912390003309,0.007412281299972946,0.00481181445639727,0.012172519445841017,0.0025013030308739213,0.009720509175001005,0.007122325881920621,0.014631841483442732
-0.005438473748997158,0.0064977729141960485,0.013672944593958783,0.0010157239204338223,0.013260847354307522,0.007695721178387027,0.016092933192206844,-0.005664273337519386,0.006839268422718857,0.0033831242856950093,0.012113615724358692,0.002448035793963775,0.009644116652210698,0.004318212777426245,0.014929392341366534
0.015044660039414914,0.020483133788412072,0.0064977729141960485,0.0010426728805908482,0.01329478576966448,-0.0014698160573571896,0.01770250912798822,0.0035551618185388823,0.010467172026710466,0.004799837954341494,0.012243425914917859,0.006579818256966157,0.011947224574095082,0.003019857651716834,0.013215808383091983
-0.01867431490425696,0.033718974943671876,0.020483133788412072,-0.005226810963974852,0.011968882298930394,-0.007430912390003309,0.007412281299972946,-0.003022709537946401,0.01698879793733324,0.003538607162134122,0.013710323583017117,0.008851253984369943,0.011772357837310404,-0.001774039660101697,0.014241834876260122
-0.003787112709265153,0.014887202194991806,0.033718974943671876,-0.004068264597777557,0.011661153947485679,-0.005664273337519386,0.006839268422718857,-0.0024722558580357328,0.016897897923037992,0.002142644951755717,0.01336113603298377,0.009306429688242046,0.012139705656986105,-0.005021139784730612,0.010939586708030226
-0.003430147165412,0.00035696554385315294,0.014887202194991806,-0.002537681553886242,0.010892567287102578,0.0035551618185388823,0.010467172026710466,-0.00863052492631137,0.008700008272449215,0.0016386797240009604,0.013433772727687993,0.007254464412584402,0.014284497065517097,-0.003977104964582479,0.010647860350333571
-0.0012909199753712928,0.0021392271900407076,0.00035696554385315294,-0.002929384743981272,0.010779013557146066,-0.003022709537946401,0.01698879793733324,-0.002836059950016149,0.001349981205724259,0.002306642050909484,0.013001694069664295,0.006972856858774508,0.014709239263366324,-0.0023595727569555368,0.009954667797480325
0.02104986474577601,0.0223407847211473,0.0021392271900407076,0.001485338338480922,0.014371540386567317,-0.0024722558580357328,0.016897897923037992,0.005442932534997572,0.013558256636327823,0.003809274103952335,0.013900773819583243,0.007122325881920621,0.014631841483442732,0.0004962223259840513,0.013377821109540194
0.0035783502034327,0.01747151454234331,0.0223407847211473,-0.000425713300849447,0.012894329365127633,-0.00863052492631137,0.008700008272449215,0.007779098324612471,0.011747867000964845,0.0030512764054501373,0.013576713867923083,0.004318212777426245,0.014929392341366534,0.0017843400334740312,0.0131431905689173
-0.01570151658610039,0.019279866789533088,0.01747151454234331,6.975308550998098e-05,0.012084572253676897,-0.002836059950016149,0.001349981205724259,0.002975566121036106,0.018383104170344607,0.00020594336934433844,0.012979665203817534,0.003019857651716834,0.013215808383091983,-0.002607970913028155,0.013110638662871446
-0.0004872472501337076,0.015214269335966682,0.019279866789533088,0.0006197306620318886,0.011948258587581929,0.005442932534997572,0.013558256636327823,-0.0042034712109337985,0.010162974773689729,-0.0008919290255561234,0.012273558800134166,-0.001774039660101697,0.014241834876260122,-9.818391010547936e-06,0.011033663344559677
0.008505129740749939,0.008992376990883646,0.015214269335966682,0.002608943479725545,0.012131286978615178,0.007779098324612471,0.011747867000964845,-0.0025612113651613862,0.012235866416446407,-0.0016374617700123596,0.011250430307635784,-0.005021139784730612,0.010939586708030226,0.0017462162447058939,0.011307085880348669
-0.019139819079575567,0.027644948820325504,0.008992376990883646,-0.00036587303764183443,0.015103265586011787,0.002975566121036106,0.018383104170344607,-0.0037073121963197785,0.014100972041417796,-0.002237563782378549,0.011974017556238316,-0.003977104964582479,0.010647860350333571,-0.0004980226001746156,0.013791764596411106
-0.015438965677245859,0.0037008534023297082,0.027644948820325504,-0.006447344774812146,0.011723494895141207,-0.0042034712109337985,0.010162974773689729,-0.008691218338690495,0.015006994017068839,-0.0024393723715561175,0.012184309018779526,-0.0023595727569555368,0.009954667797480325,-0.0025191719861566964,0.014918022679510914
-0.011306260131600672,0.004132705545645187,0.0037008534023297082,-0.008928113163984374,0.010708602995959328,-0.0025612113651613862,0.012235866416446407,-0.015295014962807366,0.003918762917553179,-0.0033226266070418005,0.012358133680512846,0.0004962223259840513,0.013377821109540194,-0.007141475540067652,0.010858468266684273
0.02759739905988555,0.03890365919148622,0.004132705545645187,-0.0017116272229867173,0.017601925598655272,-0.0037073121963197785,0.014100972041417796,0.00028405775034634023,0.023744131357038255,-0.0009629214064073215,0.014829859022337445,0.0017843400334740312,0.0131431905689173,-0.0037101828462886726,0.01691595083660749
0.003690668571790831,0.02390673048809472,0.03890365919148622,-0.0010153079193326283,0.017742127572551596,-0.008691218338690495,0.015006994017068839,0.0066606025000252355,0.01962113797095841,-0.0017739207969518988,0.01418348578689398,-0.002607970913028155,0.013110638662871446,-0.000939870680875641,0.016197502207826283
0.0073157614453007455,0.0036250928735099145,0.02390673048809472,-0.0012135359685741605,0.01762071321692318,-0.015295014962807366,0.003918762917553179,0.012867943025659042,0.012884214406922598,8.251322801650859e-05,0.0134849678078032,-9.818391010547936e-06,0.011033663344559677,0.00017484484704356675,0.01649952992012517
0.013044849317104841,0.005729087871804096,0.0036250928735099145,0.004150575430872574,0.015885562309910846,0.00028405775034634023,0.023744131357038255,0.008017093111398805,0.004716362362393792,0.0012847962299000796,0.01385859358017671,0.0017462162447058939,0.011307085880348669,0.0008233762150942668,0.01696420812383285
0.008519511657464002,0.004525337659640839,0.005729087871804096,0.008143654986657553,0.012660369871395474,0.0066606025000252355,0.01962113797095841,0.009626707473289864,0.0030207654479700863,0.002138343288676937,0.013913742039995175,-0.0004980226001746156,0.013791764596411106,0.004774709177528491,0.014595183296361485
-0.0037815788162524483,0.01230109047371645,0.004525337659640839,0.009397768539215588,0.01054419294904119,0.012867943025659042,0.012884214406922598,0.005927594052772132,0.008707508173059222,0.0019604390857568543,0.013976742662064133,-0.0025191719861566964,0.014918022679510914,0.006440050157670406,0.01240510742774482
-0.000717542723043653,0.0030640360932087953,0.01230109047371645,0.004678611575394054,0.006218847817424506,0.008017093111398805,0.004716362362393792,0.0013401300393893003,0.006403492766341136,0.0004056242665554501,0.012855595870972894,-0.007141475540067652,0.010858468266684273,0.007952724073178551,0.01035698212241133
-0.02256586187583446,0.021848319152790806,0.0030640360932087953,0.0003025231674565054,0.012804333208826178,0.009626707473289864,0.0030207654479700863,-0.009021661138376854,0.01182924805334354,-0.001461819453392204,0.014189006114242517,-0.0037101828462886726,0.01691595083660749,0.0007865439395042648,0.011758644629517994
-0.014665151164688996,0.007900710711145464,0.021848319152790806,-0.0033609622675417846,0.013520900526147853,0.005927594052772132,0.008707508173059222,-0.012649518587855702,0.011062745747062305,-0.0013877933518628188,0.014111492600510792,-0.000939870680875641,0.016197502207826283,-0.0018357160228499954,0.012985771390780549
0.020384172121008702,0.035049323285697695,0.007900710711145464,-0.0021377418002244742,0.015490493205184523,0.0013401300393893003,0.006403492766341136,-0.00561561363983825,0.02286037952753097,0.00010302231750449614,0.015268965414087126,0.00017484484704356675,0.01649952992012517,3.119978796542665e-05,0.01526083122705805
0.00016844627071708175,0.02021572585029162,0.035049323285697695,-0.003529586031348961,0.014696223791669703,-0.009021661138376854,0.01182924805334354,0.0019624890756789293,0.017593399554545003,-0.0004924550732121367,0.015077445017278132,0.0008233762150942668,0.01696420812383285,-0.0018082863615185387,0.014167660450919285
-0.04330033891374612,0.043468785184463204,0.02021572585029162,-0.010116046047597907,0.02191463218887955,-0.012649518587855702,0.011062745747062305,-0.007582573507340112,0.032542095309519146,-0.002218206489938605,0.018393931295243405,0.004774709177528491,0.014595183296361485,-0.0092111221574057,0.020147989081812822
0.07274369704025924,0.11604403595400536,0.043468785184463204,0.0021274939129525758,0.04069210010584321,-0.00561561363983825,0.02286037952753097,0.0098706014657434,0.05862724137885821,0.0040805551327403305,0.02672859912599382,0.006440050157670406,0.01240510742774482,0.0017210601078102561,0.03716219622482473
0.012239141151556051,0.06050455588870318,0.11604403595400536,0.007928327750850993,0.03890969186615775,0.0019624890756789293,0.017593399554545003,0.013894166426023055,0.0580397183109805,0.005762369510108668,0.02642499340447272,0.007952724073178551,0.01035698212241133,0.0035720149470387856,0.0373427234720777
0.02179808324297247,0.00955894209141642,0.06050455588870318,0.01400553348546124,0.03749701549792014,-0.007582573507340112,0.032542095309519146,0.035593640478262585,0.03252596455751045,0.005348132666043448,0.026099833336845627,0.0007865439395042648,0.011758644629517994,0.009909721392582631,0.03590429240277432
0.0026077158687025574,0.019190367374269914,0.00955894209141642,0.011042790776743548,0.03759437991426366,0.0098706014657434,0.05862724137885821,0.012214980087743695,0.009595206501561818,0.005270778901537142,0.026106727440194096,-0.0018357160228499954,0.012985771390780549,0.012377273825924281,0.034499957719899464
-0.015945058081617756,0.018552773950320314,0.019190367374269914,0.008357206718021076,0.039073022541997376,0.013894166426023055,0.0580397183109805,0.002820247010019091,0.018872468211034815,0.0036092917924715356,0.026700011614484386,3.119978796542665e-05,0.01526083122705805,0.0071873837969776465,0.03580265784089764
-0.011096972747638809,0.004848085333978947,0.018552773950320314,0.013724434412372295,0.03215781625696341,0.035593640478262585,0.03252596455751045,-0.008144771653518002,0.00962226448337485,0.0018848759307041319,0.026823055514583326,-0.0018082863615185387,0.014167660450919285,0.005578038222926803,0.03641864016510049
0.019492613343069093,0.0305895860907079,0.004848085333978947,0.004849253796173937,0.015798805482056467,0.012214980087743695,0.009595206501561818,-0.002516472495395824,0.01921395007371137,0.0026686689082473522,0.02718965495906966,-0.0092111221574057,0.020147989081812822,0.014548459973900406,0.029436781111893833
0.01385344516212567,0.005639168180943423,0.0305895860907079,0.005118304464602207,0.015962718883421087,0.002820247010019091,0.018872468211034815,0.007416361919185318,0.01627905785995047,0.003928313478131503,0.027276201292392045,0.0017210601078102561,0.03716219622482473,0.0061355668484527545,0.014818369942826294
0.005451150019844069,0.0084022951422816,0.005639168180943423,0.0023938155940808063,0.013794206749141794,-0.008144771653518002,0.00962226448337485,0.01293240284167961,0.007065897839723404,0.00436893438833777,0.02724518593544384,0.0035720149470387856,0.0373427234720777,0.005165853829636756,0.014572445060938915
0.005369936153825942,8.121386601812712e-05,0.0084022951422816,0.00285418564160137,0.013848758760012212,-0.002516472495395824,0.01921395007371137,0.008224843778598561,0.0048746809202234835,0.006364348533313512,0.0261205449712589,0.009909721392582631,0.03590429240277432,0.002818975674044395,0.012642472497638916
-0.0017752758781081049,0.007145212031934047,8.121386601812712e-05,0.00521581600885298,0.01089492686908362,0.007416361919185318,0.01627905785995047,0.0030152700985206352,0.004148933235020028,0.007285053910926433,0.025543060408259422,0.012377273825924281,0.034499957719899464,0.002192833995928586,0.012762646067939339
0.003914056556766858,0.005689332434874963,0.007145212031934047,0.007717654226253923,0.007635829899549661,0.01293240284167961,0.007065897839723404,0.002502905610828232,0.003775847453154242,0.006108617084909159,0.025271181260724907,0.0071873837969776465,0.03580265784089764,0.005029850372840675,0.009957824834103025
-0.0023397055076156683,0.006253762064382527,0.005689332434874963,0.004078934417806463,0.005909122148369415,0.008224843778598561,0.0048746809202234835,-6.697494298563839e-05,0.003459205696859139,0.005929463386456819,0.025325364316188252,0.005578038222926803,0.03641864016510049,0.006280888549986837,0.007939667361118582
-0.0025869219724761775,0.0002472164648605092,0.006253762064382527,0.0013388732287061555,0.003960646210575459,0.0030152700985206352,0.004148933235020028,-0.0003375236411083292,0.0036840507093887625,0.00883756459654753,0.021246573766701488,0.014548459973900406,0.029436781111893833,0.0031266692191946554,0.005953634760634746
-0.008880775762542079,0.006293853790065901,0.0002472164648605092,-0.0010497810683582024,0.00513283510389366,0.002502905610828232,0.003775847453154242,-0.0046024677475446415,0.003707184726786354,0.00300724511063315,0.011171628645017227,0.0061355668484527545,0.014818369942826294,-0.0001210766271864518,0.005290788259781036
-0.0035138992110612392,0.00536687655148084,0.006293853790065901,-0.0025304202958393992,0.004084980658350043,-6.697494298563839e-05,0.003459205696859139,-0.004993865648693165,0.0033979220672448367,0.0018820279418747725,0.010961613275587609,0.005165853829636756,0.014572445060938915,-0.00140179794588721,0.004777280399027126
-0.007875346412176392,0.004361447201115153,0.00536687655148084,-0.0035470987181841136,0.004587625026223759,-0.0003375236411083292,0.0036840507093887625,-0.0067566737952599034,0.0028529655268838784,-0.00023750274777871772,0.009598493085068303,0.002818975674044395,0.012642472497638916,-0.003293981169601829,0.004241116080094178
-0.007138866234091386,0.0007364801780850062,0.004361447201115153,-0.005389252516660487,0.002901802510651818,-0.0046024677475446415,0.003707184726786354,-0.006176037285776339,0.0023347023600052094,-0.0009336871836925708,0.009728831196242153,0.002192833995928586,0.012762646067939339,-0.004060208363313726,0.004402448944224851
-0.0027310524411288182,0.004407813792962567,0.0007364801780850062,-0.005454477005579345,0.002822872803779157,-0.004993865648693165,0.0033979220672448367,-0.005915088362465532,0.0027819353559078133,1.0170362056638987e-05,0.008752446517248694,0.005029850372840675,0.009957824834103025,-0.005009509648727394,0.0028331044272868504
0.005495965819904298,0.008227018261033116,0.004407813792962567,-0.0041073290401826,0.005303650340922839,-0.0067566737952599034,0.0028529655268838784,-0.001457984285105302,0.0064128988886134825,0.0011953802597382895,0.008241211492386186,0.006280888549986837,0.007939667361118582,-0.0038901280305102563,0.0048755331058114755
-0.0075447027038242805,0.01304066852372858,0.008227018261033116,-0.003884650197062967,0.005086762498546772,-0.006176037285776339,0.0023347023600052094,-0.0015932631083496,0.006594367468588702,-0.0007358566007540943,0.006635065471561356,0.0031266692191946554,0.005953634760634746,-0.004598382420702841,0.00501283583147178
-0.001993377887367666,0.005551324816456614,0.01304066852372858,-0.003631229976447372,0.005146452902526296,-0.005915088362465532,0.0027819353559078133,-0.001347371590429216,0.006544291557395989,-0.0018677725328607611,0.005137416156378891,-0.0001210766271864518,0.005290788259781036,-0.003614468438535069,0.004698256542840392
0.005061948247363181,0.007055326134730847,0.005551324816456614,-0.0014750141998574426,0.0056937353617677496,-0.001457984285105302,0.0064128988886134825,-0.0014920441146095886,0.006318260339290382,-0.001895572659466539,0.005095647953291749,-0.00140179794588721,0.004777280399027126,-0.002389347373045866,0.005733023173046609
0.005879293813782067,0.0008173455664188855,0.007055326134730847,0.0006946791414547994,0.005583087374759594,-0.0015932631083496,0.006594367468588702,0.0029826213912591943,0.004328676478949129,-0.001859189969469673,0.005153009302933115,-0.003293981169601829,0.004241116080094178,-0.00042439876933751474,0.005894240249723946
-0.004671070643045689,0.010550364456827756,0.0008173455664188855,0.00037134277446865434,0.00586996897108769,-0.001347371590429216,0.006544291557395989,0.00209005713936652,0.005869552803350169,-0.0020660324526795004,0.0052072155659767215,-0.004060208363313726,0.004402448944224851,-7.185654204527249e-05,0.005485322160735432
-0.005394976006129308,0.0007239053630836191,0.010550364456827756,-0.001443814196536947,0.005648054188001166,-0.0014920441146095886,0.006318260339290382,-0.00139558427846431,0.0063106178926044965,-0.002730963350029227,0.004973984307627368,-0.005009509648727394,0.0028331044272868504,-0.0004524170513310567,0.005784793991332564
-0.006172453768693216,0.0007774777625639082,0.0007239053630836191,-0.0012151060406817695,0.005372670242154658,0.0029826213912591943,0.004328676478949129,-0.005412833472622738,0.0007508508435947566,-0.0030047310829633372,0.0050556004695704055,-0.0038901280305102563,0.0048755331058114755,-0.002119334135416416,0.005456927133494326
-0.002127985601412645,0.004044468167280571,0.0007774777625639082,-0.001237540659689266,0.005376849445668852,0.00209005713936652,0.005869552803350169,-0.0045651384587450565,0.0021461368677982767,-0.0029719499136016563,0.005060003976272943,-0.004598382420702841,0.00501283583147178,-0.0013455174065004681,0.0049166761617435596
0.001277334682394122,0.003405320283806767,0.004044468167280571,-0.0018683095871841096,0.004664898083854174,-0.00139558427846431,0.0063106178926044965,-0.0023410348959039136,0.0037294610190885483,-0.002246370596106213,0.004872363231215063,-0.003614468438535069,0.004698256542840392,-0.0008782727536773554,0.004999560543940353
-0.02039107799732387,0.02166841267971799,0.003405320283806767,-0.006246704889035099,0.007441127458458398,-0.005412833472622738,0.0007508508435947566,-0.007080576305447464,0.011652302048346925,-0.0034518833665535442,0.006883073599388379,-0.002389347373045866,0.005733023173046609,-0.004514419360061221,0.008194368408940054
0.008775271352983019,0.02916634935030689,0.02166841267971799,-0.00400564788969698,0.009694276841085616,-0.0045651384587450565,0.0021461368677982767,-0.00344615732064891,0.01514603961876323,-0.002262553526185015,0.007473184569464062,-0.00042439876933751474,0.005894240249723946,-0.004100708283032513,0.008853196686791213
-0.005758272502919539,0.014533543855902558,0.02916634935030689,-0.004066197305828686,0.00970581764084866,-0.0023410348959039136,0.0037294610190885483,-0.005791359715753464,0.014583202826497908,-0.002163939688244169,0.007412753141678975,-7.185654204527249e-05,0.005485322160735432,-0.004256022834443063,0.008874381641389975
-0.0003720521769848833,0.005386220325934656,0.014533543855902558,-0.0030994637072106306,0.009742868460863715,-0.007080576305447464,0.011652302048346925,0.0008816488910261987,0.00734743486046728,-0.0019954396693767445,0.007425670501725939,-0.0004524170513310567,0.005784793991332564,-0.00353846228742243,0.008969500718847683
0.010299077219210199,0.010671129396195082,0.005386220325934656,-0.0010282865704401565,0.01120228467844045,-0.00344615732064891,0.01514603961876323,0.0013895841797685919,0.008172340057460393,-0.001652360283712037,0.007894563426392788,-0.002119334135416416,0.005456927133494326,-0.001185386432007657,0.010234683560303779
-0.006584769837486311,0.01688384705669651,0.010671129396195082,-0.002338637323753562,0.01133765771611842,-0.005791359715753464,0.014583202826497908,0.001114085068246335,0.008539468706671828,-0.0015837936504021824,0.007843453210548681,-0.0013455174065004681,0.0049166761617435596,-0.0018220698943038943,0.010439666123527603
-0.005839486043076484,0.0007452837944098272,0.01688384705669651,8.662800195433577e-05,0.007665328023269712,0.0008816488910261987,0.00734743486046728,-0.0007083928871175321,0.009540029380972915,-0.0018585156615242408,0.007925826360145136,-0.0008782727536773554,0.004999560543940353,-0.0028387585693711243,0.010434058856877251
-0.0068335439520596595,0.0009940579089831756,0.0007452837944098272,-0.0025148412155527773,0.006716794958543031,0.0013895841797685919,0.008172340057460393,-0.006419266610874152,0.0005172825824607646,-0.0027081936757687294,0.007762801600592888,-0.004514419360061221,0.008194368408940054,-0.000901967991476237,0.007470316750615613
-0.003940958638698469,0.0028925853133611908,0.0009940579089831756,-0.002211955571515932,0.006580884419044202,0.001114085068246335,0.008539468706671828,-0.005537996211278204,0.0014696715748004827,-0.0034096402795173388,0.007360395779032886,-0.004100708283032513,0.008853196686791213,-0.002718572276002164,0.006155213766464135
-9.269759270990356e-05,0.0038482610459885653,0.0028925853133611908,-0.002165396474136769,0.006597472274535562,-0.0007083928871175321,0.009540029380972915,-0.0036224000611560104,0.0033816951497117713,-0.003082613633064783,0.007401632826887387,-0.004256022834443063,0.008874381641389975,-0.0019092044316865015,0.006060663402854042
-0.019199381787492042,0.019106684194782137,0.0038482610459885653,-0.007081806308587142,0.006440500590918565,-0.006419266610874152,0.0005172825824607646,-0.0077443460063001375,0.010105229429894622,-0.004068642617447835,0.008561927543308888,-0.00353846228742243,0.008969500718847683,-0.0045988229474732386,0.00881607345434087
-0.0037871182407155785,0.015412263546776463,0.019106684194782137,-0.006615531042458688,0.0065833682530489455,-0.005537996211278204,0.0014696715748004827,-0.007693065873639175,0.010134528376453464,-0.0038982615083065753,0.008540548806186004,-0.001185386432007657,0.010234683560303779,-0.006611136584605493,0.006009776740850272
0.008952295644149268,0.012739413884864846,0.015412263546776463,-0.004150234094587728,0.009186866010042467,-0.0036224000611560104,0.0033816951497117713,-0.004678068128019451,0.014096970572788352,-0.0031068128479092958,0.009204790263913873,-0.0018220698943038943,0.010439666123527603,-0.004391555801514696,0.008410692147639778
-0.002660944698711639,0.011613240342860907,0.012739413884864846,-0.0034548008856963917,0.009100643960266297,-0.0077443460063001375,0.010105229429894622,0.0008347442349073501,0.007052520639667885,-0.0033881185179882793,0.009120291484685336,-0.0028387585693711243,0.010434058856877251,-0.003937478466605432,0.008405292614739681
0.006433105900654283,0.00909405059936592,0.011613240342860907,-0.0017257901291376002,0.009936861521976,-0.007693065873639175,0.010134528376453464,0.00424148561536397,0.006108947325148173,-0.001472105382418411,0.00802542425084688,-0.000901967991476237,0.007470316750615613,-0.002042242773360583,0.009109629155717152
-0.00179985424776356,0.008232960148417843,0.00909405059936592,-0.0020103162383132093,0.009905138546784214,-0.004678068128019451,0.014096970572788352,0.000657435651393028,0.005020372925623122,-0.0022274714967574524,0.007464826470788807,-0.002718572276002164,0.006155213766464135,-0.0017363707175127392,0.009071115205110919
0.0054085376926510656,0.007208391940414625,0.008232960148417843,0.0020910036750439753,0.005462770673564229,0.0008347442349073501,0.007052520639667885,0.003347263115180596,0.004486875066697716,-0.0014298421970738375,0.007652763958740075,-0.0019092044316865015,0.006060663402854042,-0.000950479962461172,0.009466920225031553
0.013189069017835356,0.00778053132518429,0.007208391940414625,0.004920368218135798,0.006161042638220723,0.00424148561536397,0.006108947325148173,0.005599250820907621,0.007496281330664569,-0.0004611906831581062,0.008596958297129214,-0.0045988229474732386,0.00881607345434087,0.003676441581157028,0.006516403379596125
-0.017334869779556613,0.03052393879739197,0.00778053132518429,0.0005391739808514843,0.010522948577716074,0.000657435651393028,0.005020372925623122,0.00042091231030993645,0.01586143168641037,-0.002435044040212879,0.0090943444698798,-0.006611136584605493,0.006009776740850272,0.001741048504179737,0.0101187230203797
-0.019677440687385174,0.002342570907828561,0.03052393879739197,-0.002296908683927438,0.013445242977634884,0.003347263115180596,0.004486875066697716,-0.007941080483035478,0.01833669335134923,-0.003370234815205655,0.01016414584676432,-0.004391555801514696,0.008410692147639778,-0.0023489138288966117,0.01227454265347969
-0.0047835827514110425,0.014893857935974131,0.002342570907828561,-0.0041663567926049925,0.012750483673358114,0.005599250820907621,0.007496281330664569,-0.013931964406117608,0.008008843536346552,-0.0032948131515152658,0.010148318932806003,-0.003937478466605432,0.008405292614739681,-0.0026521478364250977,0.012309704691609793
0.01566382797041614,0.020447410721827184,0.014893857935974131,-0.001255743089575042,0.015163640922905541,0.00042091231030993645,0.01586143168641037,-0.002932398489460025,0.017743209404290243,-0.0016878580141955657,0.011264662558467404,-0.002042242773360583,0.009109629155717152,-0.0013334732550305465,0.013843974581601718
-0.002075651594245137,0.01773947956466128,0.020447410721827184,-0.0025031079707244094,0.0148094843051702,-0.007941080483035478,0.01833669335134923,0.002934864541586654,0.01110644431253074,-0.0015546217967346134,0.011246980751128696,-0.0017363707175127392,0.009071115205110919,-0.0013728728759564862,0.013845915429240735
-0.004532169649621054,0.002456518055375917,0.01773947956466128,-0.0054566477486338106,0.012665989233089826,-0.013931964406117608,0.008008843536346552,0.0030186689088499835,0.011019694007018912,-0.0018717269436568386,0.01126516167254133,-0.000950479962461172,0.009466920225031553,-0.0027929739248525034,0.013540882924946561
0.006639332888997212,0.011171502538618266,0.002456518055375917,-0.00146094730387484,0.01192948676991846,-0.002932398489460025,0.017743209404290243,1.0503881710340404e-05,0.0058706601626207985,-2.6104466764749006e-05,0.01028162020350065,0.003676441581157028,0.006516403379596125,-0.0037286505146865226,0.012433471912315221
0.007396604174662041,0.0007572712856648289,0.011171502538618266,0.0030513935064663627,0.008197701414905603,0.002934864541586654,0.01110644431253074,0.0031679224713460664,0.006679216193054246,0.0007727328486193667,0.010400701478912144,0.001741048504179737,0.0101187230203797,-0.0001955828069410018,0.011393064118083277
0.01592487186666026,0.00852826769199822,0.0007572712856648289,0.006502802609478247,0.00858926988504242,0.0030186689088499835,0.011019694007018912,0.009986936310106505,0.005156323686054062,0.001270774007370152,0.010973671728451033,-0.0023489138288966117,0.01227454265347969,0.004890461843636917,0.008926204690765296
0.0038468440062006536,0.012078027860459608,0.00852826769199822,0.004533305282108998,0.0073312208791438465,1.0503881710340404e-05,0.0058706601626207985,0.00905610668250765,0.006207668699251679,0.00173561605772103,0.010932069113954983,-0.0026521478364250977,0.012309704691609793,0.006123379951867161,0.00790489480238949
-0.005479769060404373,0.009326613066605026,0.012078027860459608,0.003965952371082459,0.008042213734230927,0.0031679224713460664,0.006679216193054246,0.004763982270818847,0.010731752897428394,0.0008846964176454118,0.011001713953058632,-0.0013334732550305465,0.013843974581601718,0.003102866090321372,0.00768843895851511
-0.009966056865333854,0.004486287804929481,0.009326613066605026,0.0030603045017969926,0.009384536470612057,0.009986936310106505,0.005156323686054062,-0.0038663273065125247,0.007046378739580416,0.000301396230676105,0.011365463596024663,-0.0013728728759564862,0.013845915429240735,0.0019756653373086985,0.009034731067397774
-0.006950505826523302,0.003015551038810552,0.004486287804929481,0.0007953313825435733,0.009969692910905692,0.00905610668250765,0.006207668699251679,-0.00746544391742051,0.002287042958769553,-0.0005813925921220642,0.011418122167578405,-0.0027929739248525034,0.013540882924946561,0.0016301887406083772,0.00936524897015611
-0.00032620901504399306,0.006624296811479309,0.003015551038810552,-0.0004918041490740991,0.009430955697231937,0.004763982270818847,0.010731752897428394,-0.005747590568967051,0.004931218965106978,-0.0015467695944705892,0.010713929994142786,-0.0037286505146865226,0.012433471912315221,0.0006351113257453475,0.009110909607772895
-0.0036205277994285807,0.0032943187843845877,0.006624296811479309,-0.0037493707600889064,0.0049259688537234576,-0.0038663273065125247,0.007046378739580416,-0.003632414213665292,0.0033121644021359043,-0.0005671737387471582,0.009742254122448378,-0.0001955828069410018,0.011393064118083277,-0.0009387646705533127,0.008690081727096842
-0.00995461284338176,0.006334085043953179,0.0032943187843845877,-0.0060496135683526416,0.0037518447306392603,-0.00746544391742051,0.002287042958769553,-0.004633783219284778,0.004893521735906393,0.00012731396439594273,0.008548589743074991,0.004890461843636917,0.008926204690765296,-0.00463583391484503,0.005071655820642961
-0.005606150180443381,0.0043484626629383795,0.006334085043953179,-0.006070677088359143,0.0037483588247673063,-0.005747590568967051,0.004931218965106978,-0.006393763607751241,0.003239661945198073,6.855914803649003e-05,0.008587676324419279,0.006123379951867161,0.00790489480238949,-0.005986261655794177,0.0034290489433851158
0.0038619821963458787,0.00946813237678926,0.0043484626629383795,-0.0037660039114125205,0.0049369139255207506,-0.003632414213665292,0.0033121644021359043,-0.003899593609159754,0.007064617903411344,-0.0007744298358256716,0.00744185266063222,0.003102866090321372,0.00768843895851511,-0.004651725761972714,0.005079611694403557
-0.00028674200743811825,0.004148724203783997,0.00946813237678926,-0.0026553766082316565,0.004825533099040593,-0.004633783219284778,0.004893521735906393,-0.0006769699971785401,0.004746113261299596,-0.0006466505796251702,0.007433144583088258,0.0019756653373086985,0.009034731067397774,-0.0032689664965590373,0.004694705095355048
-0.0009436429139586677,0.0006569009065205495,0.004148724203783997,-0.002758282258050769,0.004772217966020565,-0.006393763607751241,0.003239661945198073,0.0008771990916496977,0.0026056817412736175,-0.0003903272413635712,0.007350261230110498,0.0016301887406083772,0.00936524897015611,-0.0024108432233355174,0.0044523459107812784
-0.002420558676485434,0.0014769157625267662,0.0006569009065205495,-0.0025582874042269113,0.004753965161223428,-0.003899593609159754,0.007064617903411344,-0.0012169811992940732,0.001092853493359755,-0.00103746235318376,0.0070775113300548765,0.0006351113257453475,0.009110909607772895,-0.002710036032112866,0.004358288748759593
-0.017825760951038522,0.015405202274553088,0.0014769157625267662,-0.003870145422169705,0.007497535775384995,-0.0006769699971785401,0.004746113261299596,-0.007063320847160874,0.009349754423757099,-0.0028390598621623716,0.007924927117283447,-0.0009387646705533127,0.008690081727096842,-0.004739355053771428,0.0072203102383716885
0.00762595209938793,0.025451713050426452,0.015405202274553088,-0.00166479504219782,0.008729608667399132,0.0008771990916496977,0.0026056817412736175,-0.004206789176045341,0.012819531537793439,-0.0034318398455389673,0.006615657508430549,-0.00463583391484503,0.005071655820642961,-0.002227845776232902,0.008107048731934435
0.01338555168790041,0.005759599588512479,0.025451713050426452,-7.753346027206467e-05,0.010600769891895574,-0.0012169811992940732,0.001092853493359755,0.0010619142787499393,0.01660877640118235,-0.002750503582560413,0.007806882404574059,-0.005986261655794177,0.0034290489433851158,0.0004852544906733536,0.009791018700568116
0.007480634856494037,0.005904916831406372,0.005759599588512479,0.0012170293503832943,0.011035473658783896,-0.007063320847160874,0.009349754423757099,0.009497379547927459,0.0033680396698698408,-0.0018247604456390982,0.008216052140862257,-0.004651725761972714,0.005079611694403557,0.0010022048706945193,0.010089984107731723
-0.024671893218525313,0.03215252807501935,0.005904916831406372,-0.0027376790337111465,0.015366443252062306,-0.004206789176045341,0.012819531537793439,-0.001268568891376955,0.020481789542608993,-0.0028751773280099166,0.010068263832961456,-0.0032689664965590373,0.004694705095355048,-0.0024813881594607937,0.014043958734438563
-0.011891894517413163,0.01277999870111215,0.03215252807501935,-0.004316235007199101,0.01580750425036623,0.0010619142787499393,0.01660877640118235,-0.009694384293148145,0.016188516108434362,-0.003228133663073478,0.010305927972967715,-0.0024108432233355174,0.0044523459107812784,-0.004045424102811436,0.014447988164770137
-0.01404946288025079,0.0021575683628376266,0.01277999870111215,-0.003686851995401146,0.015226540308783034,0.009497379547927459,0.0033680396698698408,-0.016871083538729754,0.006841290013979345,-0.00420836608201682,0.010655392239192644,-0.002710036032112866,0.004358288748759593,-0.005706696131920773,0.014891765078838935
-0.007810164802869215,0.006239298077381574,0.0021575683628376266,-0.006259538145777337,0.01420244723085499,-0.001268568891376955,0.020481789542608993,-0.011250507400177722,0.0031687131773357213,-0.004507625867976866,0.010696367461503951,-0.004739355053771428,0.0072203102383716885,-0.004275896682182301,0.013986961439629181
-0.002888272941105777,0.004921891861763438,0.006239298077381574,-0.008971842250611702,0.010861342917802169,-0.009694384293148145,0.016188516108434362,-0.008249300208075261,0.00559353824895272,-0.004002887303528582,0.010585714546076213,-0.002227845776232902,0.008107048731934435,-0.005777928830824258,0.013027466708718405
-0.001029703327817186,0.001858569613288591,0.004921891861763438,-0.010390231947996905,0.00860425989377001,-0.016871083538729754,0.006841290013979345,-0.00390938035726406,0.00350366375672185,-0.00367599824262671,0.010603043694184213,0.0004852544906733536,0.009791018700568116,-0.00783725097592677,0.010359458954946261
-0.009716434567531327,0.00868673123971414,0.001858569613288591,-0.007897655506164574,0.005086786253642675,-0.011250507400177722,0.0031687131773357213,-0.00454480361215143,0.004574155146673822,-0.004645885154332225,0.010480807205209624,0.0010022048706945193,0.010089984107731723,-0.010293975179358967,0.007858706286120598
-0.002130448165720805,0.007585986401810522,0.00868673123971414,-0.006270747780882514,0.005114738208362835,-0.008249300208075261,0.00559353824895272,-0.004292195353689773,0.004729660462049596,-0.0047775784513524175,0.010433295984387607,-0.0024813881594607937,0.014043958734438563,-0.007073768743244036,0.005129751889258571
-0.008210170570005034,0.006079722404284229,0.007585986401810522,-0.005297532395841555,0.003697912863878167,-0.00390938035726406,0.00350366375672185,-0.006685684434419056,0.004016197319020686,-0.005296616141070015,0.010408612083245087,-0.004045424102811436,0.014447988164770137,-0.00654780817932859,0.004726287447258937
-0.01199795999023943,0.0037877894202343956,0.006079722404284229,-0.005995498260403256,0.004561409168021242,-0.00454480361215143,0.004574155146673822,-0.0074461929086550895,0.004977920630347074,-0.0059807162349095845,0.010519191520560127,-0.005706696131920773,0.014891765078838935,-0.006254736337898395,0.004220087913482687
0.002652484612605144,0.014650444602844573,0.0037877894202343956,-0.005072038668118104,0.005727972780417227,-0.004292195353689773,0.004729660462049596,-0.00585188198254644,0.00760460554937319,-0.004517984408935037,0.01016315730856117,-0.004275896682182301,0.013986961439629181,-0.004760072135687773,0.005293642913832186
-0.0027220159712758075,0.005374500583880951,0.014650444602844573,-0.005354090775361207,0.005527262834188908,-0.006685684434419056,0.004016197319020686,-0.004022497116303364,0.007411296794197595,-0.0052571249854110194,0.009571064846501056,-0.005777928830824258,0.013027466708718405,-0.004736321139997777,0.005303804039411716
-0.001231505827874038,0.0014905101434017696,0.005374500583880951,-0.003939935985418326,0.0052672541776466715,-0.0074461929086550895,0.004977920630347074,-0.0004336790621815672,0.0027746548961223366,-0.006301200522252052,0.008058743811872666,-0.00783725097592677,0.010359458954946261,-0.004765150068577328,0.005280797300085495
0.006841025493242654,0.008072531321116691,0.0014905101434017696,-0.0024446903755910828,0.006903045132290144,-0.00585188198254644,0.00760460554937319,0.0009625012313642696,0.005145210466542208,-0.006346886905341436,0.007975990271420073,-0.010293975179358967,0.007858706286120598,-0.0023997986313239023,0.006302708436031407
0.00427093074357221,0.002570094749670444,0.008072531321116691,-0.00036450682332820884,0.006695610262993431,-0.004022497116303364,0.007411296794197595,0.0032934834696469423,0.00412407478867448,-0.004279542336620184,0.006469519515229117,-0.007073768743244036,0.005129751889258571,-0.0014853159299963287,0.00679358683146979
-0.012547146506501353,0.016818077250073563,0.002570094749670444,-0.0004560379093718628,0.006887455167107068,-0.0004336790621815672,0.0027746548961223366,-0.0004783967565621632,0.010530545434618468,-0.004326346050126484,0.006530906290107394,-0.00654780817932859,0.004726287447258937,-0.002104883920924374,0.0076525628226398225
0.00887068445677515,0.021417830963276503,0.016818077250073563,0.0005803287313231381,0.007849403752342273,0.0009625012313642696,0.005145210466542208,0.0001981562312820019,0.011274816626617125,-0.0026891926689103446,0.006774297563410588,-0.006254736337898395,0.004220087913482687,0.0008763510000777084,0.007208168075727037
2.764110785738727e-05,0.008843043348917761,0.021417830963276503,0.0010386049111786705,0.00769682502163893,0.0032934834696469423,0.00412407478867448,-0.0012162736472896057,0.010762962590821623,-0.0021293493895727304,0.006641091687476644,-0.004760072135687773,0.005293642913832186,0.0005013733565423145,0.0071685368368438794
-0.010216892076419265,0.010244533184276653,0.008843043348917761,-0.00045895946357886724,0.00899202082292565,-0.0004783967565621632,0.010530545434618468,-0.00043952217059557594,0.009552359688798874,-0.0026528221849522653,0.00698542071542078,-0.004736321139997777,0.005303804039411716,-0.0005693232299067508,0.008213746193203779
0.007428204169351109,0.017645096245770375,0.010244533184276653,-0.00036109635089412467,0.009090019791722007,0.0001981562312820019,0.011274816626617125,-0.0009203489330702558,0.008860664152246062,-0.0020486859351545295,0.007484508012420791,-0.004765150068577328,0.005280797300085495,0.0006677781982682701,0.008733105387564973
-0.007763355234847365,0.015191559404198474,0.017645096245770375,-0.0023668106806307206,0.009190677024198164,-0.0012162736472896057,0.010762962590821623,-0.0035173477139718405,0.009558179234620138,-0.0019091802685342468,0.007347541676407833,-0.0023997986313239023,0.006302708436031407,-0.0014185619057445896,0.008756979139108638
-0.006248750621602825,0.0015146046132445403,0.015191559404198474,-0.0013170780331476324,0.008089021068167368,-0.00043952217059557594,0.009552359688798874,-0.0021946338956996933,0.00836796068963391,-0.002203344729668677,0.007438952811277289,-0.0014853159299963287,0.00679358683146979,-0.0029213735293410234,0.008517231542083394
-0.008262964437340606,0.002014213815737781,0.0015146046132445403,-0.004172686182166925,0.006673666985858403,-0.0009203489330702558,0.008860664152246062,-0.007425023431263598,0.0010488639715732547,-0.0022071157201926463,0.007442244705368616,-0.002104883920924374,0.0076525628226398225,-0.002309347519460916,0.007837032346621678
-0.0024617186990262756,0.00580124573831433,0.002014213815737781,-0.004587579483314202,0.006433366099759945,-0.0035173477139718405,0.009558179234620138,-0.005657811252656569,0.002945423574361673,-0.0015259556279631353,0.0068933611622326715,0.0008763510000777084,0.007208168075727037,-0.003928262256003978,0.006126423147989021
-0.004385066502548385,0.0019233478035221093,0.00580124573831433,-0.0036156085543357225,0.005824508274241074,-0.0021946338956996933,0.00836796068963391,-0.0050365832129717555,0.0029549904478776597,-0.0020286378504741015,0.006821442808032073,0.0005013733565423145,0.0071685368368438794,-0.004558649057490516,0.005873331672176173
0.007356815814467071,0.011741882317015456,0.0019233478035221093,-0.003627506613483062,0.005797446521596816,-0.007425023431263598,0.0010488639715732547,0.0001700102042974701,0.006297812941974561,-0.0013087212943496105,0.0072603619065956275,-0.0005693232299067508,0.008213746193203779,-0.0020481193587924677,0.0067431375371015964
-0.005112049984256557,0.012468865798723628,0.011741882317015456,-0.0031856224050512607,0.005513238361122671,-0.005657811252656569,0.002945423574361673,-0.0007134335574459569,0.006998486975005104,-0.0015859030198055045,0.007330918958881338,0.0006677781982682701,0.008733105387564973,-0.003839584237879278,0.005321982109487186
-0.010583699578771255,0.005471649594514698,0.012468865798723628,-0.003908113897912666,0.006232107408999193,-0.0050365832129717555,0.0029549904478776597,-0.0027796445828535805,0.009194868642951114,-0.0028305262392350696,0.007269064311268376,-0.0014185619057445896,0.008756979139108638,-0.004242490572725547,0.005757484111053512
-0.007495377580583551,0.003088321998187704,0.005471649594514698,-0.003780182755119823,0.006131905952165102,0.0001700102042974701,0.006297812941974561,-0.007730375714537122,0.002743383934761859,-0.003670976833817624,0.007062098148833035,-0.0029213735293410234,0.008517231542083394,-0.004420580138294223,0.005848445989930731
0.0037908154403357127,0.011286193020919263,0.003088321998187704,-0.002738093731892825,0.0068857435625411965,-0.0007134335574459569,0.006998486975005104,-0.004762753906339698,0.007566841786201918,-0.0025039795519006904,0.006828546371548721,-0.002309347519460916,0.007837032346621678,-0.002698611584340463,0.006286663043358363
0.014252669843928652,0.01046185440359294,0.011286193020919263,0.0003681956591866809,0.009645171299057042,-0.0027796445828535805,0.009194868642951114,0.0035160359012269375,0.010876627213481328,-0.002119552024246869,0.007623399839448355,-0.003928262256003978,0.006126423147989021,-0.00031084179248975905,0.008986216344060058
-0.0031870434910385237,0.017439713334967175,0.01046185440359294,-0.0013891142250642516,0.009059986009984299,-0.007730375714537122,0.002743383934761859,0.0049521472644086136,0.008777665920144223,-0.002349172352739434,0.007602134665842394,-0.004558649057490516,0.005873331672176173,-0.0001396956479883503,0.00890674554571563
0.0019405291175932332,0.0051275726086317565,0.017439713334967175,-0.0002136843747559532,0.008937037480393727,-0.004762753906339698,0.007566841786201918,0.0043353851568277875,0.008963113403720364,-0.0014807851245956841,0.007323539733526213,-0.0020481193587924677,0.0067431375371015964,-0.0009134508903988986,0.008365798109358327
0.005076044767846657,0.0031355156502534238,0.0051275726086317565,0.002396273016347032,0.007468948362388941,0.0035160359012269375,0.010876627213481328,0.0012765101314671221,0.0041713724125260615,-0.0016487965104174309,0.00712779922561618,-0.003839584237879278,0.005321982109487186,0.0005419912170444177,0.008399772911926714
-0.0006880921321791267,0.0057641369000257835,0.0031355156502534238,0.003530820591081103,0.0060476659273117515,0.0049521472644086136,0.008777665920144223,0.0021094939177535876,0.002885780722496017,-0.0011434205745125567,0.006908363048924052,-0.004242490572725547,0.005757484111053512,0.001955649423700436,0.006917131058910248
-0.013926975682426247,0.01323888355024712,0.0057641369000257835,0.0005778554039541096,0.009330148432572585,0.0043353851568277875,0.008963113403720364,-0.003179674348919572,0.009743443078063086,-0.0016918652217142295,0.007613626675888108,-0.004420580138294223,0.005848445989930731,0.0010368496948657652,0.008603359138063057
-0.012395536509752442,0.0015314391726738048,0.01323888355024712,-0.0038635123216594056,0.007722851973245992,0.0012765101314671221,0.0041713724125260615,-0.009003534774785939,0.0072419794422355814,-0.001987048941172218,0.007960210720166222,-0.002698611584340463,0.006286663043358363,-0.001275486298003971,0.00982787802093538
0.0008374752432968185,0.013233011753049261,0.0015314391726738048,-0.0031927591992701823,0.007964350927768682,0.0021094939177535876,0.002885780722496017,-0.008495012316293958,0.00811836310609087,-0.0017513922310062827,0.007993841665845134,-0.00031084179248975905,0.008986216344060058,-0.0031919426695228045,0.007270424752671363
-0.007210647724175793,0.008048122967472612,0.013233011753049261,-0.0047179553395650204,0.007654931327706999,-0.003179674348919572,0.009743443078063086,-0.006256236330210472,0.006667932651563233,-0.001953219461122526,0.008100410771452897,-0.0001396956479883503,0.00890674554571563,-0.0037667432742567,0.007427332996815043
-0.016739019808134883,0.00952837208395909,0.008048122967472612,-0.008353799435561943,0.007242337292210446,-0.009003534774785939,0.0072419794422355814,-0.007704064096337952,0.008798629970653898,-0.0036743505770226656,0.008519152870836324,-0.0009134508903988986,0.008365798109358327,-0.00643525026364643,0.008335187921528289
-0.00038031745779949517,0.01635870235033539,0.00952837208395909,-0.00830250365649867,0.007308280319166449,-0.008495012316293958,0.00811836310609087,-0.00810999499670339,0.008216349845531727,-0.0033363696822757325,0.008551527046219053,0.0005419912170444177,0.008399772911926714,-0.007214730581595881,0.00726580251522955
0.009538692601368635,0.009919010059168131,0.01635870235033539,-0.0043915589425328585,0.00961202864253629,-0.006256236330210472,0.006667932651563233,-0.002526881554855247,0.013269715348726225,-0.0018990559551228835,0.008922716214438391,0.001955649423700436,0.006917131058910248,-0.005753761333946202,0.009485870879382817
-0.013409742318539277,0.02294843491990791,0.009919010059168131,-0.00456059324399733,0.009788237962585348,-0.007704064096337952,0.008798629970653898,-0.0014171223916567127,0.011509295793899175,-0.002321510579262578,0.009338389642319603,0.0010368496948657652,0.008603359138063057,-0.005679870853390919,0.009413331605320647
-0.0014686381023800228,0.011941104216159255,0.02294843491990791,-0.004944945468276804,0.009576875225995055,-0.00810999499670339,0.008216349845531727,-0.0017798959398502214,0.01147738329931314,-0.0026971858323137023,0.00917799538195134,-0.001275486298003971,0.00982787802093538,-0.0041188853666234305,0.009011496894858197
0.00791704723088153,0.009385685333261552,0.011941104216159255,-0.00242366297576725,0.010777188432146792,-0.002526881554855247,0.013269715348726225,-0.0023204443966792568,0.010688880605263441,-0.0031497303046742107,0.008401281839404704,-0.0031919426695228045,0.007270424752671363,-0.0031075179398256146,0.010003170932329688
-0.006822856822534288,0.014739904053415817,0.009385685333261552,-0.0007709691448338175,0.00870372375918007,-0.0014171223916567127,0.011509295793899175,-0.00012481589801092695,0.0074612724426663685,-0.003409431256923908,0.00845852422591183,-0.0037667432742567,0.007427332996815043,-0.0030521192395911146,0.009977701456102547
-0.0031659365949020424,0.0036569202276322452,0.014739904053415817,-0.0012352390010175755,0.008752874016352762,-0.0017798959398502214,0.01147738329931314,-0.0006905820621849337,0.007675397574260134,-0.003774178807816428,0.008319027586588958,-0.00643525026364643,0.008335187921528289,-0.001113107351986423,0.007996775345912097
-0.005968952131499676,0.002803015536597634,0.0036569202276322452,-0.0038198464564956273,0.007061349465449842,-0.0023204443966792568,0.010688880605263441,-0.005319248516312002,0.001913074091222663,-0.004563107157769738,0.007929776993894369,-0.007214730581595881,0.00726580251522955,-0.0019114837339435915,0.008188110375831123
0.004066073548341808,0.010035025679841485,0.002803015536597634,-0.000907210478682113,0.005807481777989039,-0.00012481589801092695,0.0074612724426663685,-0.0016896050593533038,0.005177847158898308,-0.004223523894875385,0.008205487396406873,-0.005753761333946202,0.009485870879382817,-0.002693286455804567,0.007101843113383246
0.00820235972895193,0.004136286180610122,0.010035025679841485,0.0007046224932065456,0.006866079787242951,-0.0006905820621849337,0.007675397574260134,0.0020998270485980204,0.007287394180011132,-0.002642857079776944,0.008323076379645302,-0.005679870853390919,0.009413331605320647,0.0003941566938370339,0.006321439666619068
-0.02564640651452781,0.03384876624347974,0.004136286180610122,-0.004889286464361677,0.011750080960064854,-0.005319248516312002,0.001913074091222663,-0.004459324412411357,0.018464738065928365,-0.0035893477944037556,0.010084502621468391,-0.0041188853666234305,0.009011496894858197,-0.003059810222184079,0.01176786098029631
-0.027045358592662834,0.0013989520781350247,0.03384876624347974,-0.00825970342604977,0.014895076956438092,-0.0016896050593533038,0.005177847158898308,-0.014829801792746239,0.019958697728068953,-0.005580978782686589,0.011757547085377604,-0.0031075179398256146,0.010003170932329688,-0.008054439625547558,0.013608123696641253
-0.007695810048205612,0.019349548544457223,0.0013989520781350247,-0.009014682334933697,0.014698762832193627,0.0020998270485980204,0.007287394180011132,-0.02012919171846542,0.010790319807493844,-0.005615633234403004,0.011763433409157111,-0.0030521192395911146,0.009977701456102547,-0.008179147229214891,0.013598953013171728
-0.014484612447732751,0.006788802399527139,0.019349548544457223,-0.010433959054305877,0.014756867747020497,-0.004459324412411357,0.018464738065928365,-0.0164085936962004,0.009817206074129135,-0.005454604137231423,0.011613933245717113,-0.001113107351986423,0.007996775345912097,-0.00979610092247642,0.01357641321288261
-0.02081663679997074,0.006332024352237987,0.006788802399527139,-0.014581077445691301,0.013290472034466995,-0.014829801792746239,0.019958697728068953,-0.014332353098636369,0.006561738401102203,-0.006914341233100797,0.012196773846601533,-0.0019114837339435915,0.008188110375831123,-0.011917198732258003,0.014031071033542215
-0.0063800539539419325,0.014436582846028806,0.006332024352237987,-0.017011479726173614,0.008898470428632278,-0.02012919171846542,0.010790319807493844,-0.013893767733881809,0.007236404782381752,-0.008051394558480123,0.011250228976400536,-0.002693286455804567,0.007101843113383246,-0.013409502661155679,0.012522193021968787
0.015434849105970557,0.021814903059912488,0.014436582846028806,-0.010164603789423883,0.014784031340132842,-0.0164085936962004,0.009817206074129135,-0.003920613882647371,0.018250457300993367,-0.005991066599586564,0.012736506914112886,0.0003941566938370339,0.006321439666619068,-0.012376289893010163,0.014709878999069644
-0.0007820009847687766,0.016216850090739334,0.021814903059912488,-0.005787377521441542,0.012497604627978174,-0.014332353098636369,0.006561738401102203,0.0027575980557532826,0.011330007497971629,-0.005942021091185761,0.012756567652217428,-0.003059810222184079,0.01176786098029631,-0.008824231960187442,0.013954061369578687
-0.011803996262771208,0.011021995278002432,0.016216850090739334,-0.00647207522386914,0.012733383901330848,-0.013893767733881809,0.007236404782381752,0.0009496172861435242,0.013701735314648075,-0.0073506670550180985,0.0121844770327137,-0.008054439625547558,0.013608123696641253,-0.006646894484488638,0.011633134590445238
-0.0072744446015558075,0.004529551661215401,0.011021995278002432,-0.00527038058283965,0.012152974546884666,-0.003920613882647371,0.018250457300993367,-0.006620147283031931,0.0055400517788959,-0.007382923324948208,0.01218356998007834,-0.008179147229214891,0.013598953013171728,-0.006586699420681523,0.011627891422252483
0.01534738265621107,0.022621827257766878,0.004529551661215401,0.0007569559931906514,0.011865136434904385,0.0027575980557532826,0.011330007497971629,-0.0012436860693719818,0.014545682543479006,-0.006060543378440129,0.013598965169249024,-0.00979610092247642,0.01357641321288261,-0.0023249858344038333,0.013557523502339366
-0.00450886960196586,0.01985625225817693,0.022621827257766878,0.00106882005185333,0.011662896434086176,0.0009496172861435242,0.013701735314648075,0.0011880228175631337,0.012340085273199141,-0.005956251769187714,0.013605318886272895,-0.011917198732258003,0.014031071033542215,4.695193882577524e-06,0.01101268176635367
-0.005602855626970845,0.001093986025004985,0.01985625225817693,-0.00243746407030357,0.009428468185967837,-0.006620147283031931,0.0055400517788959,0.0017452191424247882,0.011792512054162192,-0.006646889567424331,0.013299396406399738,-0.013409502661155679,0.012522193021968787,0.0001157235263070183,0.010941269515123867
0.0021542215788094106,0.007757077205780256,0.001093986025004985,-0.0019480936430405396,0.009606104103654738,-0.0012436860693719818,0.014545682543479006,-0.002652501216709098,0.004198528239805528,-0.007078899435291654,0.01287127923667084,-0.012376289893010163,0.014709878999069644,-0.0017815089775731455,0.008780202153932937
0.0029062009760321074,0.0007519793972226969,0.007757077205780256,0.0005036058967600132,0.008387449627266385,0.0011880228175631337,0.012340085273199141,-0.00018081102404310912,0.00471065749238524,-0.005039427471680231,0.01193065040483265,-0.008824231960187442,0.013954061369578687,-0.001254622983173019,0.00895901822753063
-0.007848809125506036,0.010755010101538143,0.0007519793972226969,0.00040787847610164175,0.008496544485437409,0.0017452191424247882,0.011792512054162192,-0.0009294621902215059,0.006004114402772937,-0.0036682453668833172,0.010181941418861076,-0.006646894484488638,0.011633134590445238,-0.0006895962492779947,0.00828194093016728
0.02363916893558673,0.03148797806109277,0.010755010101538143,0.0017898428559975858,0.011541243078167382,-0.002652501216709098,0.004198528239805528,0.006232186928704267,0.016005306229872462,-0.0014300325823267215,0.012425390728422922,-0.006586699420681523,0.011627891422252483,0.003726634256028083,0.011715731716304214
0.010993189737290708,0.012645979198296024,0.03148797806109277,0.0043735194125403476,0.011584273536506838,-0.00018081102404310912,0.00471065749238524,0.0089278498491238,0.015845264662800833,0.00038981043088923996,0.012230551748179264,-0.0023249858344038333,0.013557523502339366,0.003104606696182317,0.011095065157356802
0.006334790611442604,0.004658399125848104,0.012645979198296024,0.006363127118942589,0.01050280209922545,-0.0009294621902215059,0.006004114402772937,0.01365571642810668,0.008954170178233037,0.0023291981031330505,0.01066119992680138,4.695193882577524e-06,0.01101268176635367,0.004653701012383526,0.010600896498696792
-0.0047992693922615515,0.011134060003704156,0.004658399125848104,0.0052042119570974285,0.011404998584751549,0.006232186928704267,0.016005306229872462,0.004176236985490587,0.008114490535870234,0.00244211128611022,0.010569844174867548,0.0001157235263070183,0.010941269515123867,0.004768499045913426,0.010474918334699851
-0.01175216895587212,0.006952899563610568,0.011134060003704156,0.0027611503017800566,0.013392510304475814,0.0089278498491238,0.015845264662800833,-0.0034055492455636895,0.009123670778962985,0.0005001814245500286,0.01049634350166392,-0.0017815089775731455,0.008780202153932937,0.0027818718266732064,0.012225756249985906
-0.018747820059504698,0.0069956511036325785,0.006952899563610568,0.0009446484794469467,0.01566565131112133,0.01365571642810668,0.008954170178233037,-0.011766419469212789,0.0069742862528727745,-0.0007830913665025371,0.011694964308742247,-0.001254622983173019,0.00895901822753063,-0.00031155974983205153,0.014681857499712314
-0.010568436420550577,0.00817938363895412,0.0069956511036325785,-0.004756619079909271,0.011397774427390536,0.004176236985490587,0.008114490535870234,-0.013689475145309132,0.004420457626990763,-0.0006948370920582062,0.011609750749436678,-0.0006895962492779947,0.00828194093016728,-0.0007000779348384148,0.014948123650801016
0.013176750765206626,0.023745187185757202,0.00817938363895412,-0.0043926922419232845,0.01201915911577271,-0.0034055492455636895,0.009123670778962985,-0.005379835238282883,0.016582694059077814,0.0007659625769962533,0.011998322566450814,0.003726634256028083,0.011715731716304214,-0.0021947091020355722,0.012417785526863031
0.003912037564824178,0.009264713200382448,0.023745187185757202,-0.004796484416359689,0.011620776990582992,-0.011766419469212789,0.0069742862528727745,0.002173450636493409,0.011967685323494431,-5.0847786674239025e-05,0.011298114700561435,0.003104606696182317,0.011095065157356802,-0.003206302269530791,0.011412104817898784
0.02250814303424788,0.018596105469423703,0.009264713200382448,-0.00024524901194145077,0.016102624006950634,-0.013689475145309132,0.004420457626990763,0.013198977121426229,0.009298072658657041,0.001878938830198171,0.012698616472705102,0.004653701012383526,0.010600896498696792,-0.0008958233519871804,0.014800049956937202
0.015540754048246246,0.006967388986001634,0.018596105469423703,0.004303571488744944,0.01605684014917972,-0.005379835238282883,0.016582694059077814,0.013986978215772767,0.009394916133775038,0.0033891966641422487,0.012994226021802792,0.004768499045913426,0.010474918334699851,0.0020098942823710765,0.015864376724899553
-0.01670188279571687,0.03224263684396311,0.006967388986001634,0.004644561032709583,0.015480797085763314,0.002173450636493409,0.011967685323494431,0.007115671428925753,0.020918724728180918,0.0020423320659618003,0.014065173902322314,0.0027818718266732064,0.012225756249985906,0.0013027923052503973,0.016669867814020627
-0.004352197017139724,0.012349685778577145,0.03224263684396311,0.005680600933278057,0.014431503621550304,0.013198977121426229,0.009298072658657041,-0.0018377752548701155,0.016267717887332972,0.001523875066449527,0.014164308028903094,-0.00031155974983205153,0.014681857499712314,0.003359309882731109,0.01453532452241086
0.009156113326870136,0.01350831034400986,0.012349685778577145,0.00501049469355531,0.014103433296572118,0.013986978215772767,0.009394916133775038,-0.003965988828662152,0.012933323565215806,0.0027385123844763963,0.014027193709391544,-0.0007000779348384148,0.014948123650801016,0.0061771027037912105,0.013239430200700177
0.004129984822568522,0.005026128504301614,0.01350831034400986,0.0050468192365127,0.014100318623981613,0.007115671428925753,0.020918724728180918,0.0029779670440996443,0.00682744247935874,0.0013449992335465239,0.012697124357487145,-0.0021947091020355722,0.012417785526863031,0.004884707569128624,0.012878914903713226
-0.007948856905853176,0.012078841728421698,0.005026128504301614,-2.9347420170809484e-05,0.011861533531195437,-0.0018377752548701155,0.016267717887332972,0.0017790804145284937,0.00879147685644421,-8.004098106610704e-06,0.012598779245107071,-0.003206302269530791,0.011412104817898784,0.0031902940733175744,0.013777129146495258
0.01592169040695706,0.023870547312810235,0.012078841728421698,3.4141972947659624e-05,0.01196213401668614,-0.003965988828662152,0.012933323565215806,0.004034272774557469,0.011935561480314986,0.0006767744587158506,0.013215490092373317,-0.0008958233519871804,0.014800049956937202,0.002249372269418885,0.012393328530267027
0.00791758590241183,0.00800410450454523,0.023870547312810235,0.004137386755969109,0.008905029003895415,0.0029779670440996443,0.00682744247935874,0.005296806467838572,0.012149161324420284,0.001585121265478235,0.013247148599335458,0.0020098942823710765,0.015864376724899553,0.0011603482485853973,0.011319110354674675
0.010527231413935589,0.002609645511523758,0.00800410450454523,0.006617291494481661,0.008103767331813266,0.0017790804145284937,0.00879147685644421,0.011455502574434825,0.004081995558606263,0.0031765070061787856,0.012854072092190881,0.0013027923052503973,0.016669867814020627,0.005050221707107176,0.00848031985459983
0.00023972933899233135,0.010287502074943257,0.002609645511523758,0.005131227496502028,0.008358619387850966,0.004034272774557469,0.011935561480314986,0.006228182218446583,0.005347778823122452,0.004532760534642859,0.011266525696405506,0.003359309882731109,0.01453532452241086,0.005706211186554613,0.007780510400947603
0.008354524783555941,0.00811479544456361,0.010287502074943257,0.005835317489999932,0.008434990130993044,0.005296806467838572,0.012149161324420284,0.006373828512161287,0.005422226758918144,0.005884400620650467,0.010418668584901748,0.0061771027037912105,0.013239430200700177,0.0055916985375097285,0.00772698734628933
0.009638022021617993,0.0012834972380620525,0.00811479544456361,0.008766463977911792,0.005072527419889552,0.011455502574434825,0.004081995558606263,0.006077425381388756,0.005096161555777679,0.005631634281822708,0.010270006170130021,0.004884707569128624,0.012878914903713226,0.0063785609945167954,0.007833050276107438
0.004516048713657438,0.005121973307960556,0.0012834972380620525,0.006865523695695188,0.0038429153791368804,0.006228182218446583,0.005347778823122452,0.0075028651729437896,0.0026650789315001778,0.005674777935310798,0.0102634932072246,0.0031902940733175744,0.013777129146495258,0.008159261797304026,0.004901323641448661
-0.008289982644730418,0.012806031358387857,0.005121973307960556,0.00416426227117148,0.007192240970687721,0.006373828512161287,0.005422226758918144,0.0019546960301816715,0.009234377808277825,0.0034749118153837764,0.009660830553787858,0.002249372269418885,0.012393328530267027,0.004700451361348673,0.006717100043918591
0.0027633684983439347,0.011053351143074352,0.012806031358387857,0.002870285118572871,0.0064818287037608675,0.006077425381388756,0.005096161555777679,-0.00033685514424301516,0.006943136882097644,0.002562241418962183,0.009015250388713768,0.0011603482485853973,0.011319110354674675,0.003964134589338973,0.006586903630711884
0.010330889152658016,0.0075675206543140815,0.011053351143074352,0.004552145087517151,0.006954701831676036,0.0075028651729437896,0.0026650789315001778,0.0016014250020905108,0.00936465702201945,0.00449315370098896,0.007304472333414205,0.005050221707107176,0.00848031985459983,0.003936085694870748,0.006554637203268891
-0.008857172690249864,0.01918806184290788,0.0075675206543140815,0.0016835288418828509,0.008459519427976743,0.0019546960301816715,0.009234377808277825,0.0014123616535840287,0.009665109618765606,0.0041713697243382355,0.007806114296567967,0.005706211186554613,0.007780510400947603,0.0026365282621218624,0.008123649388776221
-0.004709829710270942,0.004147342979978922,0.01918806184290788,-0.0007077797800986384,0.007760261271866406,-0.00033685514424301516,0.006943136882097644,-0.0010787044159542636,0.01009624843687417,0.0031809452216853018,0.008002188788181267,0.0055916985375097285,0.00772698734628933,0.0007701919058608796,0.008091694175995966
-0.0016640082002160842,0.0030458215100548584,0.004147342979978922,-0.0017377892657442255,0.0073262370485030264,0.0016014250020905108,0.00936465702201945,-0.005077003533578963,0.003610611625135374,0.0027670885772006874,0.008098577012745436,0.0063785609945167954,0.007833050276107438,-0.0008443838401154171,0.007093330472412261
0.002792125888001993,0.004456134088218077,0.0030458215100548584,0.00010922882304450971,0.006715486352557394,0.0014123616535840287,0.009665109618765606,-0.001193904007495011,0.0037730071446559848,0.0035343016339046277,0.007491322478696299,0.008159261797304026,0.004901323641448661,-0.0010906585294947666,0.006903591220346318
0.021024364697608787,0.018232238809606793,0.004456134088218077,0.003152728189588652,0.010957279823272572,-0.0010787044159542636,0.01009624843687417,0.0073841607951315655,0.012021050479426119,0.00389877836895118,0.00822825320994123,0.004700451361348673,0.006717100043918591,0.003097105376553691,0.010003664739445547
0.00531203820310197,0.015712326494506816,0.018232238809606793,0.002316253031329311,0.010480919677279257,-0.005077003533578963,0.003610611625135374,0.009709509596237583,0.009879622917536761,0.0037126678190004753,0.008159541517014058,0.003964134589338973,0.006586903630711884,0.003461201048661982,0.010035822809885138
-0.0019385248776083719,0.007250563080710342,0.015712326494506816,0.0034693610001028928,0.009322318715649442,-0.001193904007495011,0.0037730071446559848,0.008132626007700795,0.011738413908339275,0.0028222566553187636,0.008037956037171164,0.003936085694870748,0.006554637203268891,0.0017084276157667837,0.009701935883383224
-0.008031692052086615,0.006093167174478243,0.007250563080710342,0.002915717276466948,0.009980621860155034,0.0073841607951315655,0.012021050479426119,-0.0015527262421976722,0.006680225648967433,0.0022314408416702677,0.008531234255395639,0.0026365282621218624,0.008123649388776221,0.001826353421218677,0.009556028072724038
0.00975501075764197,0.017786702809728584,0.006093167174478243,0.004818887102776624,0.010021315094639343,0.009709509596237583,0.009879622917536761,-7.17353906843389e-05,0.00903910263531559,0.002331475554104984,0.008616340929059054,0.0007701919058608796,0.008091694175995966,0.0038927592023490936,0.009470636395584021
0.013402437269387923,0.0036474265117459534,0.017786702809728584,0.006587272333007613,0.010516085161658346,0.008132626007700795,0.011738413908339275,0.005041918658314426,0.01146801651529075,0.002600362357517122,0.008915438957706854,-0.0008443838401154171,0.007093330472412261,0.006045108555149665,0.009706404940735141
0.00015376898802702083,0.013248668281360901,0.0036474265117459534,0.0031088397147439844,0.007915852501194103,-0.0015527262421976722,0.006680225648967433,0.007770405671685638,0.00684366830126851,0.002288770948543521,0.008919565311615406,-0.0010906585294947666,0.006903591220346318,0.005668200426581812,0.009903007529212892
0.0010245227718160546,0.0008707537837890337,0.013248668281360901,0.002394253809529665,0.007870579388421069,-7.17353906843389e-05,0.00903910263531559,0.004860243009743667,0.00741055767909003,0.002954092764011126,0.008402167951635961,0.003097105376553691,0.010003664739445547,0.0028110801514685643,0.007268967784576277
0.0026442674282676506,0.001619744656451596,0.0008707537837890337,0.0031580525271756687,0.007583130017592514,0.005041918658314426,0.01146801651529075,0.0012741863960369086,0.0012638807555123907,0.002945585544719963,0.008402436205839869,0.003461201048661982,0.010035822809885138,0.0024299700407779475,0.007185444509707847
-0.008682104673002634,0.011326372101270285,0.001619744656451596,0.003049650423689666,0.007777245489222088,0.007770405671685638,0.00684366830126851,-0.0016711048243063097,0.006125478132100448,0.0015875145571727734,0.008649818226763134,0.0017084276157667837,0.009701935883383224,0.0014666014985787671,0.00824299278952054
-0.020406064758571887,0.011723960085569253,0.011326372101270285,-0.0019771954956793103,0.011454443461983687,0.004860243009743667,0.00741055767909003,-0.00881463400110229,0.011525737568503702,0.0007625936951497719,0.010144156093533458,0.001826353421218677,0.009556028072724038,-0.0003011660309191289,0.011357835146733004
0.0028723045039406136,0.0232783692625125,0.011723960085569253,-0.0037322176232538616,0.009214394232582315,0.0012741863960369086,0.0012638807555123907,-0.008738621642544636,0.011639287542902114,0.0013041747104505974,0.010031288968761265,0.0038927592023490936,0.009470636395584021,-0.001284409781447894,0.01061586360943166
0.016613515920049837,0.013741211416109223,0.0232783692625125,-0.0009889264679167255,0.012475731711299206,-0.0016711048243063097,0.006125478132100448,-0.00030674811152714535,0.018713420853873296,0.0026097121476124493,0.01077694007290714,0.006045108555149665,0.009706404940735141,-0.0008256842599247634,0.011396919360345757
-0.008365093099878056,0.02497860901992789,0.013741211416109223,-0.002553862446532411,0.012758362883223443,-0.00881463400110229,0.011525737568503702,0.0037069091080374652,0.012510201867935247,0.001812767934192445,0.011167855932551119,0.005668200426581812,0.009903007529212892,-0.0020426645581969175,0.011725006717153074
0.0015140048312150113,0.009879097931093067,0.02497860901992789,-0.0027422395460411837,0.012674329897114336,-0.008738621642544636,0.011639287542902114,0.003254142550462264,0.012579896128508615,0.0004191708008786042,0.009707995544136594,0.0028110801514685643,0.007268967784576277,-0.001972738549711352,0.011747785086313484
0.018595858010019707,0.017081853178804694,0.009879097931093067,0.001804087567795873,0.0148270769872814,-0.00030674811152714535,0.018713420853873296,0.003914923247118888,0.013639887393869649,0.0013680150728012997,0.010809663900897817,0.0024299700407779475,0.007185444509707847,0.00030606010482465577,0.014103561510520063
0.0016728493245797991,0.01692300868543991,0.017081853178804694,0.005483906581654488,0.010243934880711977,0.0037069091080374652,0.012510201867935247,0.007260904055271506,0.009816679365267285,0.0016259703729575976,0.010767697353359024,0.0014666014985787671,0.00824299278952054,0.0017853392473364323,0.013535298438488585
0.0027577215488650314,0.0010848722242852323,0.01692300868543991,0.005464809422475223,0.010249882344818315,0.003254142550462264,0.012579896128508615,0.007675476294488178,0.009472871240835214,0.0023966427730255724,0.010403247628094277,-0.0003011660309191289,0.011357835146733004,0.005094451576970278,0.009407987454194158
-0.0064198092433141885,0.00917753079217922,0.0010848722242852323,0.0016259218952478862,0.009527104491870034,0.003914923247118888,0.013639887393869649,-0.0006630794566231194,0.005014896839765356,0.0012412984872429895,0.010421335573075986,-0.001284409781447894,0.01061586360943166,0.0037670067559338774,0.010379200868264833
-0.011628080649152855,0.005208271405838667,0.00917753079217922,0.0010820906370354194,0.010275235162124002,0.007260904055271506,0.009816679365267285,-0.005096722781200671,0.007283594206145419,-0.0005465956497956375,0.010321116380026543,-0.0008256842599247634,0.011396919360345757,-0.0002675070396665071,0.010036613568339448
-0.0005905061547323447,0.011037574494420511,0.005208271405838667,0.0007313388060441938,0.01029344604357339,0.007675476294488178,0.009472871240835214,-0.006212798682399796,0.005521698353696814,-0.000599758159992735,0.010319148046461765,-0.0020426645581969175,0.011725006717153074,0.0008431482382114513,0.009401242949054723
-0.0011524909113324992,0.0005619847566001545,0.011037574494420511,-0.0025600526808478405,0.0054622958132040855,-0.0006630794566231194,0.005014896839765356,-0.004457025905072566,0.0062166692306740955,-0.0007552591373604887,0.010309186756166848,-0.001972738549711352,0.011747785086313484,0.00046222027499037813,0.009423525509574223
0.008113007572186753,0.009265498483519253,0.0005619847566001545,-0.0014866929729133482,0.006903151847618363,-0.005096722781200671,0.007283594206145419,0.0021233368353739696,0.00519481215909067,-0.00036463484136626715,0.010548731098494177,0.00030606010482465577,0.014103561510520063,-0.0010353297875571863,0.0064138409398527205
0.010604723407461122,0.002491715835274369,0.009265498483519253,-0.00017885932981399986,0.008440287312398235,-0.006212798682399796,0.005521698353696814,0.005855080022771793,0.0061952965827566904,0.0010129957358097155,0.010637961246038965,0.0017853392473364323,0.013535298438488585,0.0002406522242830028,0.007784427052648637
0.007005447185775189,0.003599276221685933,0.002491715835274369,0.002058683408367563,0.008231858463738757,-0.004457025905072566,0.0062166692306740955,0.008574392721807688,0.0018434626446490556,0.0029709608746916498,0.008746970421747735,0.005094451576970278,0.009407987454194158,0.0008474701724130254,0.008169384350111874
-0.008021655799216095,0.015027102984991283,0.003599276221685933,0.0026597542166903565,0.007084285148258015,0.0021233368353739696,0.00519481215909067,0.003196171598006739,0.009880204247150503,0.002192820853037599,0.00922777684710626,0.0037670067559338774,0.010379200868264833,0.0006186349501413241,0.008425304449897994
-0.009258616069935536,0.0012369602707194404,0.015027102984991283,0.0012150692308231582,0.00860111794903304,0.005855080022771793,0.0061952965827566904,-0.00342494156112548,0.009054130258420114,0.0003448114251815007,0.008692796618105599,-0.0002675070396665071,0.010036613568339448,0.0009571298900295127,0.007881312532547377
-0.011233588567086318,0.0019749724971507825,0.0012369602707194404,-0.0004651137118024786,0.01002319112343449,0.008574392721807688,0.0018434626446490556,-0.00950462014541265,0.0016200359657097523,0.00013991889180948195,0.008944058817969088,0.0008431482382114513,0.009401242949054723,-0.0005633104545924834,0.009153567525805342
-0.006290872242479202,0.004942716324607116,0.0019749724971507825,-0.002865760347580138,0.009253091089578454,0.003196171598006739,0.009880204247150503,-0.008927692293167018,0.002487919628104468,-0.0004175723277401047,0.009093811326799305,0.00046222027499037813,0.009423525509574223,-0.0012973649304705837,0.009411099557662643
-0.005272794562587472,0.0010180776798917298,0.004942716324607116,-0.005512013342588238,0.0064872555860861795,-0.00342494156112548,0.009054130258420114,-0.007599085124050997,0.0031884685977205626,-0.0021224760829263315,0.007319285127740598,-0.0010353297875571863,0.0064138409398527205,-0.0032096223782954727,0.008495730296245278
0.009575093025178649,0.014847887587766121,0.0010180776798917298,-0.005083739036020993,0.007486733231245966,-0.00950462014541265,0.0016200359657097523,-0.0006628579266293415,0.008880926207850904,-0.0015580301043121281,0.007914948809622785,0.0002406522242830028,0.007784427052648637,-0.0033567124329072543,0.008221171344659033
-0.011541735805233077,0.021116828830411726,0.014847887587766121,-0.0056704190370238244,0.007890058037827661,-0.008927692293167018,0.002487919628104468,-0.0024131457808806334,0.010844966958422004,-0.002579419915319136,0.008231490834746176,0.0008474701724130254,0.008169384350111874,-0.0060063100030512935,0.007257222084768747
0.000833668225817193,0.01237540403105027,0.021116828830411726,-0.00398837165439837,0.008046332978353743,-0.007599085124050997,0.0031884685977205626,-0.0003776581847457451,0.010610400497527058,-0.0020613143818097516,0.008199386709557464,0.0006186349501413241,0.008425304449897994,-0.004741263713760823,0.007610572941867058
-0.004378877067858002,0.005212545293675195,0.01237540403105027,-0.002845919737860317,0.007260103581480742,-0.0006628579266293415,0.008880926207850904,-0.005028981549091296,0.00621326267836179,-0.0015435141260029762,0.007766217235260172,0.0009571298900295127,0.007881312532547377,-0.004044158142035461,0.00734674623609268
-0.0044208569856496694,4.1979917791667466e-05,0.005212545293675195,-0.0025342505283887278,0.007121452428651699,-0.0024131457808806334,0.010844966958422004,-0.002655355275896826,0.0030216558912306703,-0.0018171106139256421,0.007797468026383169,-0.0005633104545924834,0.009153567525805342,-0.0030709107732587973,0.006654216716258072
0.005573864163308309,0.00999472114895798,4.1979917791667466e-05,-0.0007264740740727643,0.007644723535112798,-0.0003776581847457451,0.010610400497527058,-0.0010752899633997871,0.005758374642979904,-0.0013366566800227274,0.008044872634380602,-0.0012973649304705837,0.009411099557662643,-0.001375948429574867,0.007187086811968848
-0.00856997904324091,0.014143843206549218,0.00999472114895798,-0.0037506527521426907,0.006208596219455227,-0.005028981549091296,0.00621326267836179,-0.00247232395519409,0.0072704649707528626,-0.002528298581124703,0.0077683001614973456,-0.0032096223782954727,0.008495730296245278,-0.0018469747839539295,0.007582226002929601
-0.004354651582001771,0.0042153274612391385,0.014143843206549218,-0.00255280538160414,0.004975703861542611,-0.002655355275896826,0.0030216558912306703,-0.002450255487311457,0.0072616884074549705,-0.003596825366086339,0.006790146379169674,-0.0033567124329072543,0.008221171344659033,-0.0038369382992654182,0.005672242844151384
-0.02313928305515708,0.01878463147315531,0.0042153274612391385,-0.006548297261766519,0.009384447473475716,-0.0010752899633997871,0.005758374642979904,-0.012021304560133254,0.009856436007159405,-0.005750020383295786,0.007864091362117133,-0.0060063100030512935,0.007257222084768747,-0.005493730763540276,0.009009697672302391
0.008033545944777837,0.03117282899993492,0.01878463147315531,-0.00447956009299388,0.011158718550029477,-0.00247232395519409,0.0072704649707528626,-0.006486796230793672,0.015695408486793988,-0.004603220258724791,0.008639735547368181,-0.004741263713760823,0.007610572941867058,-0.004465176803688755,0.01018654085310896
-0.0025438399311093172,0.010577385875887154,0.03117282899993492,-0.004166723917237154,0.011186968901780335,-0.002450255487311457,0.0072616884074549705,-0.005883192347162854,0.015852437442984844,-0.004123593391665775,0.008547303418227695,-0.004044158142035461,0.00734674623609268,-0.004203028641296086,0.01021271040935881
0.00281490455844823,0.005358744489557548,0.010577385875887154,-0.004626550518047167,0.010754876131762405,-0.012021304560133254,0.009856436007159405,0.0027682035240389168,0.005288847580694252,-0.0031201295969847365,0.008472701469970586,-0.0030709107732587973,0.006654216716258072,-0.0031693484207106722,0.010547679026307303
0.0024671796578593884,0.00034772490058884156,0.005358744489557548,-0.0027870240678637835,0.010888563146324427,-0.006486796230793672,0.015695408486793988,0.0009127480950661004,0.0029985377667534605,-0.0024945544612462655,0.008543608987330342,-0.001375948429574867,0.007187086811968848,-0.003613160492917661,0.010177336713298507
-0.005375274347540068,0.007842454005399457,0.00034772490058884156,-0.002957127862120167,0.01092585931302167,-0.005883192347162854,0.015852437442984844,-3.1063377077483106e-05,0.004631486945272744,-0.0025018744458857366,0.008546215931497805,-0.0018469747839539295,0.007582226002929601,-0.0031567741078175407,0.009987876574656333
-0.006318311730882392,0.0009430373833423239,0.007842454005399457,-0.00015363264140771864,0.0055442342065999675,0.0027682035240389168,0.005288847580694252,-0.0030754688068543572,0.0048231777780982235,-0.0036371176427472396,0.007845433058352192,-0.0038369382992654182,0.005672242844151384,-0.0034372969862290575,0.010054481827565945
0.007040308198843858,0.01335861992972625,0.0009430373833423239,-0.0003191722657300483,0.005258348335661789,0.0009127480950661004,0.0029985377667534605,-0.0015510926265262005,0.007455297176050213,-0.002309828785313173,0.00797602828047956,-0.005493730763540276,0.009009697672302391,0.0008740731929139338,0.005745319755069216
0.005649251603350905,0.0013910565954929534,0.01335861992972625,0.0010463429900133218,0.005616694434868408,-3.1063377077483106e-05,0.004631486945272744,0.002123749357104124,0.007344049031218281,-0.0019658585440607648,0.008222063761616884,-0.004465176803688755,0.01018654085310896,0.0005334597155672293,0.005303840597593749
-0.008120172928591242,0.013769424531942147,0.0013910565954929534,-0.000776169924493257,0.006613685296365953,-0.0030754688068543572,0.0048231777780982235,0.0015231289578678403,0.008380257339008457,-0.002233093962684568,0.008366064431256367,-0.004203028641296086,0.01021271040935881,-0.00026315928407304575,0.0061881300691807835
-0.01493933807970053,0.006819165151109289,0.013769424531942147,-0.003677256214086577,0.008465014727904138,-0.0015510926265262005,0.007455297176050213,-0.005803419801646957,0.010487993853576936,-0.002984414040831058,0.00902408328760883,-0.0031693484207106722,0.010547679026307303,-0.00279947966095144,0.008068901434540776
-0.004225859966572791,0.01071347811312774,0.006819165151109289,-0.003485687150592031,0.008431842977396409,0.002123749357104124,0.007344049031218281,-0.00909512365828819,0.0054228728561639015,-0.003684394335822565,0.00868278791518882,-0.003613160492917661,0.010177336713298507,-0.0037556281787274664,0.007730247329393107
0.018799480555065393,0.023025340521638182,0.01071347811312774,0.0007006115637326005,0.012156761378594371,0.0015231289578678403,0.008380257339008457,-0.00012190583040264218,0.017239744788750445,-0.0017294329359435433,0.01040794789818539,-0.0031567741078175407,0.009987876574656333,-0.0003020917640695426,0.011410241178805314
0.010390146273372702,0.008409334281692691,0.023025340521638182,0.001258917909487408,0.012575844541741418,-0.005803419801646957,0.010487993853576936,0.008321255620621769,0.01165125778335234,-0.000676233089131081,0.010858152347770631,-0.0034372969862290575,0.010054481827565945,0.0020848308079668993,0.011686237479452749
0.008276332501685428,0.002113813771687274,0.008409334281692691,0.001696764725876495,0.01280295394272607,-0.00909512365828819,0.0054228728561639015,0.012488653110041175,0.005566593163326818,0.0015677394506433838,0.008934622283558513,0.0008740731929139338,0.005745319755069216,0.0022614057083728376,0.011782533434004832
0.0026166542372352162,0.005659678264450212,0.002113813771687274,0.003486235920180905,0.011872984773575294,-0.00012190583040264218,0.017239744788750445,0.007094377670764449,0.0040192732584045975,0.0011808186143903395,0.008748427726383179,0.0005334597155672293,0.005303840597593749,0.0018281775132134531,0.01169261490404821
0.0028301690363398005,0.0002135147991045843,0.005659678264450212,0.00644782043952096,0.007913805487975436,0.008321255620621769,0.01165125778335234,0.0045743852584201475,0.003207757345295732,0.0015646763977795622,0.008690132601681111,-0.00026315928407304575,0.0061881300691807835,0.003392512079632175,0.010841338876539774
-0.021959829423398223,0.024789998459738023,0.0002135147991045843,0.003492158863383388,0.013811539318369974,0.012488653110041175,0.005566593163326818,-0.005504335383274402,0.014251275740114361,-0.00020494745806661288,0.01070491117935628,-0.00279947966095144,0.008068901434540776,0.0023895847448182177,0.012941221082040315
0.009614418290632426,0.03157424771403065,0.024789998459738023,0.0019613151526445597,0.012189340917671052,0.007094377670764449,0.0040192732584045975,-0.0031717473654753327,0.016620786083922912,0.00030556958713146107,0.011008274848731259,-0.0037556281787274664,0.007730247329393107,0.004366767352990392,0.01281874000658352
-0.002387242483826422,0.012001660774458849,0.03157424771403065,-0.0001682496402219609,0.01152002293617426,0.0045743852584201475,0.003207757345295732,-0.004910884538864073,0.01593768667634072,0.0005190004345395787,0.01091825925740337,-0.0003020917640695426,0.011410241178805314,0.0013400926331487036,0.011248027172373208
0.002579513940952016,0.004966756424778437,0.012001660774458849,-0.001117719400344196,0.010903072250005417,-0.005504335383274402,0.014251275740114361,0.003268896582586006,0.006030456173146086,0.001154559411099179,0.010747274405954323,0.0020848308079668993,0.011686237479452749,0.00022428801423146286,0.010567451965641184
-0.0004230460144856403,0.003002559955437656,0.004966756424778437,-0.001624336108964339,0.010764589951832298,-0.0031717473654753327,0.016620786083922912,-7.692485245334882e-05,0.0025014030542626292,0.0006214626815756437,0.010617180936154111,0.0022614057083728376,0.011782533434004832,-0.0010184803452215467,0.00995656027306282
-0.005562363180262666,0.005139317165777026,0.003002559955437656,-0.0030230914783980836,0.010614219950416181,-0.004910884538864073,0.01593768667634072,-0.0011352984179320968,0.004117404325409543,-0.00017936694582532567,0.01063159786442621,0.0018281775132134531,0.01169261490404821,-0.002186911404864101,0.00993876756800395
-0.004100892205317,0.0014614709749456662,0.005139317165777026,-4.660194205121307e-05,0.0055265359209636395,0.003268896582586006,0.006030456173146086,-0.0033621004666884355,0.0026481135091630725,0.0001077245344085488,0.010453447758124573,0.003392512079632175,0.010841338876539774,-0.0031770630108150727,0.009697972550628504
-0.004765399203899939,0.000664506998582939,0.0014614709749456662,-0.0024432381911399406,0.0030718574259864426,-7.692485245334882e-05,0.0025014030542626292,-0.004809551529826535,0.0007317352141080169,0.0008344344541085912,0.009649667789285232,0.0023895847448182177,0.012941221082040315,-0.0007207158366010321,0.005350997371630515
-0.0006480400918554942,0.004117359112044444,0.000664506998582939,-0.0021533711258114527,0.003159018943628042,-0.0011352984179320968,0.004117404325409543,-0.0031714438336908107,0.002210445027821951,0.001089993016588398,0.009552228730743956,0.004366767352990392,0.01281874000658352,-0.002186781319813592,0.0028851310067215825
-0.00470500685942405,0.004056966767568555,0.004117359112044444,-0.00336745792587413,0.002243372761907493,-0.0033621004666884355,0.0026481135091630725,-0.0033728153850598277,0.0023599178179886677,-0.0005888989415894194,0.008165031151686243,0.0013400926331487036,0.011248027172373208,-0.002517890516327539,0.0030407709451616043
-0.012857342540517663,0.008152335681093612,0.004056966767568555,-0.005439840680212801,0.0040195356337960975,-0.004809551529826535,0.0007317352141080169,-0.006070129830599069,0.006218073424747354,-0.0022494338568673023,0.008124287167991994,0.00022428801423146286,0.010567451965641184,-0.004723155727966065,0.004130296620289072
0.005437940963497839,0.018295283504015502,0.008152335681093612,-0.0036064566562527163,0.005982084476269777,-0.0031714438336908107,0.002210445027821951,-0.004041469478814625,0.009165672971183019,-0.002452176109594987,0.00787293835354501,-0.0010184803452215467,0.00995656027306282,-0.0038858718739684245,0.0055106825604091005
-0.0018357630691564423,0.007273704032654282,0.018295283504015502,-0.0032289351335592895,0.0060160190769771305,-0.0033728153850598277,0.0023599178179886677,-0.003085054882058755,0.009211400390191167,-0.002770205917194392,0.007741258000905239,-0.002186911404864101,0.00993876756800395,-0.003353500429524678,0.005501728837633004
-0.006396042764626923,0.00456027969547048,0.007273704032654282,-0.003500709060347121,0.0061349671584515104,-0.006070129830599069,0.006218073424747354,-0.0009312882900951754,0.005968613632063049,-0.0034292210458348724,0.007619581357077909,-0.0031770630108150727,0.009697972550628504,-0.0036813790808546674,0.005620795610075102
0.005746388563788685,0.012142431328415608,0.00456027969547048,-0.0024349709510730904,0.007193683591840018,-0.004041469478814625,0.009165672971183019,-0.0008284724233315601,0.006133566293372636,-0.0014502054753215213,0.00582257931750047,-0.0007207158366010321,0.005350997371630515,-0.002179695114042007,0.006601545017675518
0.006761051914367242,0.0010146633505785574,0.012142431328415608,-0.0005239611554412088,0.007952954683386962,-0.003085054882058755,0.009211400390191167,0.0020371325711763346,0.007320943935863198,-0.001654017359340463,0.005443054061209624,-0.002186781319813592,0.0028851310067215825,-0.0011212533988673302,0.007430021063120043
-0.007617338537260594,0.014378390451627837,0.0010146633505785574,0.0003493728451016358,0.006478809668637659,-0.0009312882900951754,0.005968613632063049,0.0016300339802984441,0.008024513024952447,-0.0020275956488714753,0.005671918802462003,-0.002517890516327539,0.0030407709451616043,-0.001537300781415408,0.007739244615141398
-0.0033290327695895327,0.004288305767671061,0.014378390451627837,-0.0011117894437462595,0.006077862199436423,-0.0008284724233315601,0.006133566293372636,-0.0013951064641609615,0.007381705846956182,-0.002449634699624443,0.005520543870112512,-0.004723155727966065,0.004130296620289072,-0.00017611367128281784,0.00607553274654523
0.0048745730056710965,0.00820360577526063,0.004288305767671061,6.599902058330304e-06,0.006519350792361759,0.0020371325711763346,0.007320943935863198,-0.0020239327670596766,0.006347395372242072,-0.002071233341041819,0.005842322974909212,-0.0038858718739684245,0.0055106825604091005,-0.0002565948081152098,0.005991926163580697
-0.004094951321340042,0.008969524327011138,0.00820360577526063,0.0003901151426061438,0.006123006768767233,0.0016300339802984441,0.008024513024952447,-0.0008498036950861593,0.004972225283121059,-0.0019664182082616316,0.005787780434153588,-0.003353500429524678,0.005501728837633004,-0.0005793359869985811,0.00614992073316022
-0.0026834965240567555,0.0014114547972832862,0.008969524327011138,-0.0010148657053680964,0.005592310006925239,-0.0013951064641609615,0.007381705846956182,-0.0006346249465752335,0.004823017491049547,-0.0018651756596001854,0.005759900853295132,-0.0036813790808546674,0.005620795610075102,-4.897223834570019e-05,0.005708963187137298
-0.0069210519385518214,0.0042375554144950655,0.0014114547972832862,-0.0032952163475212736,0.004462909426661267,-0.0020239327670596766,0.006347395372242072,-0.004566499927982873,0.002157773746028348,-0.002019150854932463,0.005871132921778833,-0.002179695114042007,0.006601545017675518,-0.0018586065958229152,0.005571795058705179
-0.01327124094638667,0.006350189007834849,0.0042375554144950655,-0.004237533415708952,0.00591777594346143,-0.0008498036950861593,0.004972225283121059,-0.007625263136331749,0.00532888525363922,-0.002920808058827547,0.006571853794913884,-0.0011212533988673302,0.007430021063120043,-0.004720362718787759,0.005551149645093879
-0.007013561847562552,0.0062576790988241185,0.006350189007834849,-0.004851621595371123,0.005995309754484914,-0.0006346249465752335,0.004823017491049547,-0.009068618244167015,0.0036398719350720743,-0.0030857048436945824,0.006648579980499794,-0.001537300781415408,0.007739244615141398,-0.004634108905973754,0.005503117140966228
0.0010645878184789932,0.008078149666041545,0.0062576790988241185,-0.0054866191265698075,0.004851845761862705,-0.004566499927982873,0.002157773746028348,-0.006406738325156744,0.007187153308814012,-0.002091281246623393,0.00609250949104582,-0.00017611367128281784,0.00607553274654523,-0.004006448821963965,0.005912134554897699
-0.00022101347044273795,0.001285601288921731,0.008078149666041545,-0.004840962818086923,0.005310191478998607,-0.007625263136331749,0.00532888525363922,-0.0020566624998420986,0.004340660206246614,-0.002495492277619149,0.005731586150040842,-0.0002565948081152098,0.005991926163580697,-0.004734389747123084,0.004855713063585653
-0.012588005115175802,0.012366991644733065,0.001285601288921731,-0.006491714249940096,0.006000046491862607,-0.009068618244167015,0.0036398719350720743,-0.003914810255713182,0.007538661981490875,-0.0032635095666205317,0.006325952055439174,-0.0005793359869985811,0.00614992073316022,-0.005947683146242479,0.005663237043684722
-0.0026397943341215212,0.009948210781054281,0.012366991644733065,-0.0057781713158683795,0.006190329306216251,-0.006406738325156744,0.007187153308814012,-0.00514960430658002,0.006554386329673699,-0.0029952061072987166,0.006262207427877655,-4.897223834570019e-05,0.005708963187137298,-0.005941439976251731,0.0056674577505626406
0.010616320037257947,0.013256114371379468,0.009948210781054281,-0.0017969111519276111,0.007862970734767428,-0.0020566624998420986,0.004340660206246614,-0.0015371598040131256,0.011641392898841954,-0.00264735385919377,0.006889023009252649,-0.0018586065958229152,0.005571795058705179,-0.003436101122564622,0.00838632996600434
0.0055034196866284545,0.0051129003506294925,0.013256114371379468,0.00028925243710422357,0.007862575387618679,-0.003914810255713182,0.007538661981490875,0.004493315129921627,0.006685534792997733,-0.002737184732603683,0.0067639674877534505,-0.004720362718787759,0.005551149645093879,-0.0007540067464196024,0.007689959113873088
0.003592427116286442,0.0019109925703420126,0.0051129003506294925,0.0007105589867387983,0.007979289208756929,-0.00514960430658002,0.006554386329673699,0.0065707222800576144,0.0036315449963856793,-0.001936487185921752,0.0068051947545908625,-0.004634108905973754,0.005503117140966228,0.0007611345341302537,0.007285290117726813
0.000716939351572044,0.002875487764714398,0.0019109925703420126,0.0008668844570745952,0.007966565997152671,-0.0015371598040131256,0.011641392898841954,0.0032709287181623132,0.0024093815419040042,-0.0016474891772673538,0.006827382620031687,-0.004006448821963965,0.005912134554897699,0.0007114704674292608,0.007284061553355361
-0.006438246335181284,0.0071551856867533275,0.002875487764714398,0.0018918442537403483,0.006055716240326508,0.004493315129921627,0.006685534792997733,-0.0007096266224409327,0.005165260916077091,-0.0024555477016139525,0.006663584353376068,-0.004734389747123084,0.004855713063585653,-0.00017670565610481713,0.007778948542451483
0.013361160495363261,0.019799406830544545,0.0071551856867533275,0.004558670058654479,0.007095015199893383,0.0065707222800576144,0.0036315449963856793,0.0025466178372513405,0.01002571295375405,-0.0012086825718494309,0.00785913887670661,-0.005947683146242479,0.005663237043684722,0.0035303180025436204,0.007025092376480693
0.004897363039090135,0.008463797456273126,0.019799406830544545,0.0036055105589598434,0.006475565070542712,0.0032709287181623132,0.0024093815419040042,0.003940092399757371,0.009934354685536948,-0.0006671926030532242,0.008009429960916014,-0.005941439976251731,0.0056674577505626406,0.004607054770145286,0.00647809808516956
-0.0004186054061223162,0.005315968445212451,0.008463797456273126,0.0026185063768347154,0.006578922428855824,-0.0007096266224409327,0.005165260916077091,0.005946639376110361,0.006949548380902826,-0.00020273213645111677,0.007804798807540513,-0.003436101122564622,0.00838632996600434,0.003030636849662391,0.006103890367941898
0.007244460974212831,0.0076630663803351476,0.005315968445212451,0.0032271786864891128,0.006850388953505343,0.0025466178372513405,0.01002571295375405,0.003907739535726883,0.00392621479241297,0.0012626751435917047,0.007052028629588346,-0.0007540067464196024,0.007689959113873088,0.0032793570336030167,0.006255044529919783
0.005667408527238836,0.0015770524469739958,0.0076630663803351476,0.004052256882433579,0.0067853966730342654,0.003940092399757371,0.009934354685536948,0.004164421365109783,0.004046587994162398,0.002168458741791804,0.006713498249940745,0.0007611345341302537,0.007285290117726813,0.003575782949453358,0.006321170661912598
-0.0013839951939893403,0.007051403721228176,0.0015770524469739958,0.004894632072632236,0.00539356363020542,0.005946639376110361,0.006949548380902826,0.003842624769154109,0.00459455555897128,0.001993559955186923,0.0067760716298558,0.0007114704674292608,0.007284061553355361,0.003275649442944589,0.006526089217965426
-0.006460058479330974,0.005076063285341634,0.007051403721228176,0.0015910955768498635,0.00523869099851306,0.003907739535726883,0.00392621479241297,-0.0007255483820271594,0.006090486692539209,0.0015479138831234775,0.007128900178447282,-0.00017670565610481713,0.007778948542451483,0.0032725334223517766,0.006531503304211374
-0.009093751808487302,0.0026336933291563284,0.005076063285341634,-0.000740756897746376,0.006447150691986408,0.004164421365109783,0.004046587994162398,-0.005645935160602539,0.003918824357798116,0.0017975034050297992,0.00664034605538658,0.0035303180025436204,0.007025092376480693,6.468880751598117e-05,0.006259339117926055
0.0008161781499160192,0.009909929958403322,0.0026336933291563284,-0.0005349596384066535,0.006479118926417039,0.003842624769154109,0.00459455555897128,-0.004912544045967419,0.005133008731359835,0.0020443585824610516,0.006525952968361417,0.004607054770145286,0.00647809808516956,-0.0005183376052231781,0.005914762809794314
0.0017513209998172303,0.0009351428499012111,0.009909929958403322,-0.001450482967472587,0.005469433363805845,-0.0007255483820271594,0.006090486692539209,-0.002175417552918017,0.006009670098372113,0.0014111443655010008,0.006042405992438398,0.003030636849662391,0.006103890367941898,-0.00020834811866038563,0.005977391625620044
0.008606969175661708,0.006855648175844478,0.0009351428499012111,-0.0009605561927354412,0.00630271848362098,-0.005645935160602539,0.003918824357798116,0.0037248227751316525,0.004253838048702227,0.0016328264718605187,0.006257204391208195,0.0032793570336030167,0.006255044529919783,-1.3704089881974679e-05,0.0062752890426840445
-0.0026496655391989614,0.011256634714860669,0.006855648175844478,-0.0011715012502703781,0.00634079023957779,-0.004912544045967419,0.005133008731359835,0.002569541545426659,0.005672748004441466,0.0011869627107544186,0.006328813648363289,0.003575782949453358,0.006321170661912598,-0.001201857527944517,0.005788880252440879
-0.011666429460237101,0.009016763921038139,0.011256634714860669,-0.0020392297470880664,0.007465722582761759,-0.002175417552918017,0.006009670098372113,-0.001903041941258118,0.010157300731999006,0.00030243636705376526,0.007204356699779471,0.003275649442944589,0.006526089217965426,-0.0026707767088370543,0.007017084320183316
0.002446137620176381,0.014112567080413481,0.009016763921038139,-0.00011591484231078574,0.006735613795055581,0.0037248227751316525,0.004253838048702227,-0.003956652459753227,0.007146488543870165,0.0009370352210078841,0.0069517925349886775,0.0032725334223517766,0.006531503304211374,-0.0013984629803360034,0.0070229328451807925
-0.01188155350137717,0.014327691121553552,0.014112567080413481,-0.0022322034508596507,0.008216226102563551,0.002569541545426659,0.005672748004441466,-0.007033948447145964,0.00821069993795587,-0.0008660157787592894,0.006752206933439999,6.468880751598117e-05,0.006259339117926055,-0.0017967203650345563,0.007588335001829228
0.004411015067407923,0.016292568568785092,0.014327691121553552,-0.0017889211062612018,0.008539516926060274,-0.001903041941258118,0.010157300731999006,-0.0016748002712642885,0.00889373624923601,-0.0009007549195937331,0.006721455336793454,-0.0005183376052231781,0.005914762809794314,-0.0012831722339642845,0.007909483625888714
0.002556005559318082,0.001855009508089841,0.016292568568785092,-0.0027974150423184727,0.007339185779273435,-0.003956652459753227,0.007146488543870165,-0.0016381776248837216,0.008919379298982741,-0.0006882827077765618,0.0067845877753735274,-0.00020834811866038563,0.005977391625620044,-0.0011682172968927342,0.00796657833126281
-0.0016842760172540538,0.004240281576572136,0.001855009508089841,-0.002636516788660988,0.007353640711902046,-0.007033948447145964,0.00821069993795587,0.0017609148698239836,0.003124463194707228,-0.0013260496357384822,0.006389699245657789,-1.3704089881974679e-05,0.0062752890426840445,-0.002638395181594986,0.00671292666911948
-0.0027072884955015183,0.0010230124782474644,0.004240281576572136,-0.0011433266278717243,0.005923987563107243,-0.0016748002712642885,0.00889373624923601,-0.0006118529844791634,0.0027907229256582257,-0.0019242422802199359,0.00606856348101945,-0.001201857527944517,0.005788880252440879,-0.0026466270324953514,0.0067129781234313715
-0.007696980124835968,0.00498969162933445,0.0010230124782474644,-0.002833846252040449,0.00613819393977261,-0.0016381776248837216,0.008919379298982741,-0.00402951487919718,0.003217042839105315,-0.002375169775280409,0.006256952761825951,-0.0026707767088370543,0.007017084320183316,-0.0020795628417237606,0.0059481474659572155
-0.0031317760500695303,0.004565204074766438,0.00498969162933445,-0.0013755500101558422,0.004332553804203476,0.0017609148698239836,0.003124463194707228,-0.004512014890135672,0.0027664146617387125,-0.002137435316047449,0.006152159359090942,-0.0013984629803360034,0.0070229328451807925,-0.002876407651758891,0.005604510178815127
0.006762229819087491,0.009894005869157022,0.004565204074766438,-0.0009836808848759143,0.0050134393187883115,-0.0006118529844791634,0.0027907229256582257,-0.001355508785272669,0.007391449932023179,-0.0010048651997921069,0.006232011229590913,-0.0017967203650345563,0.007588335001829228,-0.00021301003454965328,0.005010290718721983
-0.006250585780132248,0.01301281559921974,0.009894005869157022,-0.002451446108117636,0.005058809495622092,-0.00402951487919718,0.003217042839105315,-0.0008733773370380957,0.0067940132480803035,-0.0015096340519384116,0.006358082891774863,-0.0012831722339642845,0.007909483625888714,-0.0017360958699125348,0.004990829223412378
-0.005277537272053466,0.000973048508078782,0.01301281559921974,-0.0030503229839175376,0.005161474359315078,-0.004512014890135672,0.0027664146617387125,-0.0015886310776994077,0.007248404247686657,-0.002011695357072033,0.006358290673975024,-0.0011682172968927342,0.00796657833126281,-0.0028551734172513276,0.004739964638596856
-0.0019925121369029786,0.0032850251351504876,0.000973048508078782,-0.002931193590817781,0.005179193529177141,-0.001355508785272669,0.007391449932023179,-0.004506878396362898,0.002231195669322042,-0.0027688011651123673,0.005580057805773726,-0.002638395181594986,0.00671292666911948,-0.0028992071486297452,0.004728692554108551
-0.007800579335238777,0.005808067198335798,0.0032850251351504876,-0.0029484601258849157,0.005198396589412813,-0.0008733773370380957,0.0067940132480803035,-0.005023542914731741,0.002912352313038297,-0.003136723579115211,0.0057391439198310025,-0.0026466270324953514,0.0067129781234313715,-0.003626820125735068,0.005073523950516239
-0.004440478540337786,0.003360100794900991,0.005808067198335798,-0.0031665772075962924,0.005234953664686919,-0.0015886310776994077,0.007248404247686657,-0.004744523337493181,0.0029159464285380848,-0.002620584227693832,0.0052139262120579075,-0.0020795628417237606,0.0059481474659572155,-0.0031616056136638993,0.004778855118478569
-0.019418910638210923,0.014978432097873137,0.003360100794900991,-0.0075301006171460275,0.006137406831060079,-0.004506878396362898,0.002231195669322042,-0.01055332283792916,0.00785948819080175,-0.004182373389007211,0.006655066604366737,-0.002876407651758891,0.005604510178815127,-0.005488339126255527,0.007782758641686033
-0.010225284802258745,0.009193625835952178,0.014978432097873137,-0.008192550454167112,0.006185994405167899,-0.005023542914731741,0.002912352313038297,-0.011361557993602485,0.007553588193810537,-0.004064068481927323,0.006521044682955863,-0.00021301003454965328,0.005010290718721983,-0.00791512692930499,0.0056945165731901995
-0.003924672265813629,0.006300612536445116,0.009193625835952178,-0.007967072953127137,0.006336325049454428,-0.004744523337493181,0.0029159464285380848,-0.011189622568761099,0.007792003348375451,-0.004659474720014578,0.006051329025939413,-0.0017360958699125348,0.004990829223412378,-0.007582853570116615,0.005872894035333481
-0.0006265937006075835,0.003298078565206045,0.006300612536445116,-0.007739419880411239,0.006612433422614176,-0.01055332283792916,0.00785948819080175,-0.0049255169228933195,0.004876985261094503,-0.004886803238580696,0.005814564318770881,-0.0028551734172513276,0.004739964638596856,-0.00691843305991006,0.006415218779575094
-0.008146542147911905,0.0075199484473043214,0.003298078565206045,-0.007797080349190092,0.006614581445962345,-0.011361557993602485,0.007553588193810537,-0.004232602704777706,0.003769419322516284,-0.005348393676484828,0.005797253021396436,-0.0028992071486297452,0.004728692554108551,-0.007797580204339905,0.006038259255506749
-0.012123501175145598,0.003976959027233693,0.0075199484473043214,-0.009077584121658062,0.006578395556951404,-0.011189622568761099,0.007792003348375451,-0.006965545674555029,0.005838731443736991,-0.006020980296459405,0.006009603084969669,-0.003626820125735068,0.005073523950516239,-0.008415140467183738,0.006255762244036048
0.01600400761917134,0.028127508794316938,0.003976959027233693,-0.0031737644120943508,0.010289695113773504,-0.0049255169228933195,0.004876985261094503,-0.0014220119012953874,0.015221815529753322,-0.004328052600458883,0.008374256976408133,-0.0031616056136638993,0.004778855118478569,-0.005494499587253863,0.011221951860137335
-0.0013385184688690084,0.01734252608804035,0.028127508794316938,-0.0016926366898627279,0.009694027847638086,-0.004232602704777706,0.003769419322516284,0.0008473293250522446,0.014190582640513285,-0.004199962773230275,0.008407610460287387,-0.005488339126255527,0.007782758641686033,-0.0029115864202050195,0.009418741018559709
-0.0006918324640268683,0.0006466860048421401,0.01734252608804035,-0.0011538300562316014,0.009634818423918369,-0.006965545674555029,0.005838731443736991,0.004657885562091821,0.009831348584900467,-0.004732395793452728,0.007879434772856493,-0.00791512692930499,0.0056945165731901995,-0.0015496646576004646,0.008857477082840962
0.0030876505486152747,0.003779483012642143,0.0006466860048421401,-0.0005347893480277916,0.009793482950059225,-0.0014220119012953874,0.015221815529753322,0.00035243320523979936,0.002390734433984914,-0.004065378912827906,0.008132228680739746,-0.007582853570116615,0.005872894035333481,-0.0005479042555391926,0.008940253216949735
0.007699339007464335,0.00461168845884906,0.003779483012642143,0.002106190844534915,0.009461236412738315,0.0008473293250522446,0.014190582640513285,0.0033650523640175803,0.004202458029699206,-0.0031384591785766345,0.00870296854858591,-0.00691843305991006,0.006415218779575094,0.0006415147027567958,0.009466401751290324
-0.004220771388281765,0.0119201103957461,0.00461168845884906,0.003423312475678887,0.007412319907583475,0.004657885562091821,0.009831348584900467,0.0021887393892659483,0.00601068123560014,-0.0032976205536751194,0.00870077429154004,-0.007797580204339905,0.006038259255506749,0.001202339096989673,0.00896183377359558
-0.008565587454269554,0.004344816065987789,0.0119201103957461,-0.0006716200365612619,0.005649096027149974,0.00035243320523979936,0.002390734433984914,-0.001695673278362328,0.008421344818373241,-0.003352263990748746,0.008733570013479363,-0.008415140467183738,0.006255762244036048,0.0017106124856862501,0.008143635191588616
0.003365059172019823,0.011930646626289378,0.004344816065987789,0.00011230957025354328,0.005860446763910396,0.0033650523640175803,0.004202458029699206,-0.0031404332235104985,0.006038247274089025,-0.0027947255827232022,0.008906197150306657,-0.005494499587253863,0.011221951860137335,-9.495157819253761e-05,0.005377861766487292
0.0007433416609221863,0.0026217175110976364,0.011930646626289378,0.00035150525774505236,0.005850341032620386,0.0021887393892659483,0.00601068123560014,-0.001485728873775848,0.006269900223834647,-0.0013545647042136947,0.007535975379263741,-0.0029115864202050195,0.009418741018559709,0.00020245701177763303,0.005355145452959507
-0.015017214795419629,0.015760556456341814,0.0026217175110976364,-0.002665972299594098,0.008309181562047283,-0.001695673278362328,0.008421344818373241,-0.0036362713208258728,0.009942975231585495,-0.0016968454180109006,0.008060445545795958,-0.0015496646576004646,0.008857477082840962,-0.0018440261784213325,0.00789079103609612
-0.0019453444463510094,0.013071870349068619,0.015760556456341814,-0.004273419541896656,0.006675159883407334,-0.0031404332235104985,0.006038247274089025,-0.005406405860282817,0.008431073154506499,-0.0015554648594778564,0.008035684222403047,-0.0005479042555391926,0.008940253216949735,-0.002563025463416516,0.007590098915700045
0.005532959078447826,0.007478303524798835,0.013071870349068619,-0.0026477977974417237,0.007785823152711014,-0.001485728873775848,0.006269900223834647,-0.003809866721107604,0.010401189549582478,-0.0011154968038310413,0.008256055203594632,0.0006415147027567958,0.009466401751290324,-0.002872508310418875,0.007132273983350306
0.002419897319653931,0.0031130617587938948,0.007478303524798835,-0.0008168836684544764,0.007397878492074324,-0.0036362713208258728,0.009942975231585495,0.002002503983916916,0.0037565833944946474,-0.0003607511275763388,0.0080441103935102,0.001202339096989673,0.00896183377359558,-0.0019238413521423469,0.007361022959746293
0.0009169701833695494,0.0015029271362843818,0.0031130617587938948,-0.0012248984998961888,0.007185565775357037,-0.005406405860282817,0.008431073154506499,0.0029566088604904357,0.0023543327777571744,0.0005707111123176003,0.007297648898023485,0.0017106124856862501,0.008143635191588616,-0.0005691902610510459,0.006785030286452719
-0.0010404727153285342,0.0019574428986980836,0.0015029271362843818,-0.0015222008959379753,0.007124485789320011,-0.003809866721107604,0.010401189549582478,0.000765464929231649,0.0017351528970885185,-0.000646751768718105,0.005791121074069484,-9.495157819253761e-05,0.005377861766487292,-0.0011985519592436684,0.0065598644733016655
-0.006585318410642769,0.005544845695314235,0.0019574428986980836,-0.00011688483180849849,0.004134289979936542,0.002002503983916916,0.0037565833944946474,-0.002236273647533918,0.0038914699586479248,-0.0010215231931305164,0.006005150127722224,0.00020245701177763303,0.005355145452959507,-0.0022455033980386617,0.006779435598583234
0.01077587116289446,0.017361189573537227,0.005544845695314235,0.002003317769732413,0.005895745624764634,0.0029566088604904357,0.0023543327777571744,0.0010500266789743855,0.008867376536510678,-0.00020240150549327867,0.0067850522224665345,-0.0018440261784213325,0.00789079103609612,0.0014392231674347793,0.0055851528868063995
-0.0008789123147682776,0.011654783477662738,0.017361189573537227,0.0009346725375297292,0.0057060660539045745,0.000765464929231649,0.0017351528970885185,0.0011038801458278045,0.008848803608874023,-0.0004857274243063896,0.006719601246693247,-0.002563025463416516,0.007590098915700045,0.001591570614803741,0.005491198754712451
0.0002110094170782399,0.0010899217318465174,0.011654783477662738,0.000566524553767114,0.0056621647289422025,-0.002236273647533918,0.0038914699586479248,0.0033693227550681405,0.006437367616774248,-0.0010206081093339678,0.006303077995111248,-0.002872508310418875,0.007132273983350306,0.0008312920917509429,0.005216078104501258
0.003159809880821648,0.002948800463743408,0.0010899217318465174,0.0009403311700091303,0.005763062994944901,0.0010500266789743855,0.008867376536510678,0.0008306356610438701,0.0020894429293344895,-0.0004934237329694383,0.006323449771645793,-0.0019238413521423469,0.007361022959746293,0.0009369938862034738,0.005260940080631807
-0.0107931989584474,0.013953008839269048,0.002948800463743408,-0.0006851232038440139,0.007536099908213475,0.0011038801458278045,0.008848803608874023,-0.0024741265535158374,0.007353847992895535,-0.000652538840410713,0.006565582270135477,-0.0005691902610510459,0.006785030286452719,-0.0007358874197703761,0.0068807974752068185
-0.007406486273344157,0.0033867126851032433,0.013953008839269048,-0.0008219845142942453,0.007670932681972854,0.0033693227550681405,0.006437367616774248,-0.0050132917836566366,0.007277853310989654,-0.0014219349436509973,0.006688546146169636,-0.0011985519592436684,0.0065598644733016655,-0.0016453179280583221,0.007333563404944769
0.003910134354610081,0.011316620627954237,0.0033867126851032433,-0.0019662739823416418,0.005903259157740472,0.0008306356610438701,0.0020894429293344895,-0.004763183625727159,0.007699823978110846,-0.0011957354655304335,0.006819669840391255,-0.0022455033980386617,0.006779435598583234,-0.00014596753302220097,0.007227378470481499
-0.023484145981911127,0.027394280336521207,0.011316620627954237,-0.00573381292686545,0.010496787177226779,-0.0024741265535158374,0.007353847992895535,-0.008993499300215068,0.013765921928791098,-0.0018005162645655403,0.008344606607250811,0.0014392231674347793,0.0055851528868063995,-0.005040255696565856,0.009756327978560148
-0.016711333607018146,0.006772812374892981,0.027394280336521207,-0.008554203430881514,0.010847581640450816,-0.0050132917836566366,0.007277853310989654,-0.012095115078106398,0.014268628312454538,-0.002855229776041764,0.009248532452926039,0.001591570614803741,0.005491198754712451,-0.007302030166887266,0.010441930922326629
-0.008027693908217297,0.008683639698800849,0.006772812374892981,-0.010418787395721338,0.009279538797486645,-0.004763183625727159,0.007699823978110846,-0.01607439116571552,0.007747886772000993,-0.0038238478465178445,0.009009470070373641,0.0008312920917509429,0.005216078104501258,-0.008478987784786628,0.009904441324937476
-0.005172126999939103,0.0028555669082781943,0.008683639698800849,-0.009481942069303289,0.009514939703086697,-0.008993499300215068,0.013765921928791098,-0.009970384838391515,0.006009896697768609,-0.004366135297917347,0.008831471720686376,0.0009369938862034738,0.005260940080631807,-0.009669264482038165,0.008700039794851793
0.012116502514963854,0.017288629514902957,0.0028555669082781943,-0.0062281106045852875,0.013048610380119572,-0.012095115078106398,0.014268628312454538,-0.000361106131064182,0.010899844206890691,-0.0035661687028034684,0.009800865345588803,-0.0007358874197703761,0.0068807974752068185,-0.006396449985836556,0.011920020738562765
-0.015912036989505073,0.028028539504468927,0.017288629514902957,-0.00953180582860448,0.012464663419743628,-0.01607439116571552,0.007747886772000993,-0.0029892204914934405,0.014141201056022599,-0.004628423293816078,0.010299307056214175,-0.0016453179280583221,0.007333563404944769,-0.00761152865957383,0.012461358111413212
-0.01903371393831271,0.003121676948807637,0.028028539504468927,-0.008790067154671411,0.011568548528201732,-0.009970384838391515,0.006009896697768609,-0.007609749470951309,0.017154590633473178,-0.005517594402935359,0.010995099056091548,-0.00014596753302220097,0.007227378470481499,-0.010889221272848514,0.011931941667536212
0.006397619613754656,0.025431333552067364,0.003121676948807637,-0.0049385749512092765,0.012231696442060385,-0.000361106131064182,0.010899844206890691,-0.009516043771354375,0.013869741471783067,-0.005830326656445345,0.010549242505571727,-0.005040255696565856,0.009756327978560148,-0.0066203976163248315,0.01201991502523504
0.030362257930383822,0.023964638316629167,0.025431333552067364,0.0014597503552242427,0.018649647369832455,-0.0029892204914934405,0.014141201056022599,0.005908721201941923,0.0247016148349874,-0.003598814496077338,0.01431082524772857,-0.007302030166887266,0.010441930922326629,0.00010440117473259297,0.01739827354433003
0.014951610979826361,0.015410646950557461,0.023964638316629167,0.0048137066851851535,0.019024200916598538,-0.007609749470951309,0.017154590633473178,0.017237162841321613,0.012144701844648186,-0.0025459143844524727,0.015131422975893833,-0.008478987784786628,0.009904441324937476,0.0033871590158816864,0.017772041287712557
0.010998978381592781,0.00395263259823358,0.015410646950557461,0.004627452662956642,0.01894370459143466,-0.009516043771354375,0.013869741471783067,0.018770949097267658,0.010231063310461056,-0.001985973777254535,0.015499376807477875,-0.009669264482038165,0.008700039794851793,0.005697316927529099,0.017523286027033277
-0.021098270842801234,0.03209724922439401,0.00395263259823358,0.003763080354073948,0.020148345321731292,0.005908721201941923,0.0247016148349874,0.0016174395062059689,0.019771404821336023,-0.002722050340422666,0.016179584049745226,-0.006396449985836556,0.011920020738562765,0.0009523493049912293,0.019839303899458167
-0.03099110712147911,0.009892836278677875,0.03209724922439401,0.0017701814902128822,0.02321253513860854,0.017237162841321613,0.012144701844648186,-0.013696799860895855,0.02195172315926047,-0.004406666115289448,0.017846764040343212,-0.00761152865957383,0.012461358111413212,-0.001201803571005062,0.022601925199629967
0.00651887239952846,0.03750997952100757,0.009892836278677875,0.0017903902878418489,0.023217421774166396,0.018770949097267658,0.010231063310461056,-0.01519016852158396,0.019440393403814683,-0.004220327683509564,0.0179535789037223,-0.010889221272848514,0.011931941667536212,0.0024485659058293913,0.021265925660746803
0.039850550150754234,0.03333167775122577,0.03750997952100757,0.003371772324570251,0.025738931223066218,0.0016174395062059689,0.019771404821336023,0.0051261051429345285,0.03544135933824242,0.0003035791831093905,0.020521902468033728,-0.0066203976163248315,0.01201991502523504,0.007227555982543618,0.02561535913746104
0.002588424136424828,0.037262126014329405,0.03333167775122577,0.0013112411840033287,0.025113777661448292,-0.013696799860895855,0.02195172315926047,0.01631928222890251,0.020473215023408257,0.0016821333076410315,0.019930721841037877,0.00010440117473259297,0.01739827354433003,0.0032598654405494748,0.023498187429593073
0.031005268878088788,0.02841684474166396,0.037262126014329405,0.00464562293341933,0.02783768510823348,-0.01519016852158396,0.019440393403814683,0.024481414388422617,0.019468873024104247,0.004470202078091466,0.021160152502215274,0.0033871590158816864,0.017772041287712557,0.005553245140301249,0.025525419486868702
0.010807241382134092,0.020198027495954694,0.02841684474166396,0.009963208304241885,0.02482031728651395,0.0051261051429345285,0.03544135933824242,0.014800311465549235,0.014623191265461088,0.0056115855339538365,0.02103060347227823,0.005697316927529099,0.017523286027033277,0.0055258541403785805,0.02551870377451752
-0.004134785818044819,0.014942027200178912,0.020198027495954694,0.014439261854814268,0.017213529010479785,0.01631928222890251,0.020473215023408257,0.01255924148072602,0.017635418602089233,0.0044507792244532175,0.02109235166316376,0.0009523493049912293,0.019839303899458167,0.00794920914391521,0.02327588466261305
0.008252545557360227,0.012387331375405045,0.014942027200178912,0.014728207381119561,0.017067922294713527,0.024481414388422617,0.019468873024104247,0.0049750003738165,0.007992044233820883,0.006176820834943597,0.020270545040267995,-0.001201803571005062,0.022601925199629967,0.01355544524089226,0.015886763048048532
0.019872873500691817,0.01162032794333159,0.012387331375405045,0.011398594606109156,0.012533055598294306,0.014800311465549235,0.014623191265461088,0.007996877746669075,0.012005871522434272,0.008955862794872491,0.01918637879619225,0.0024485659058293913,0.021265925660746803,0.015463159683915597,0.015701679117014308
0.008049774792159773,0.011823098708532044,0.01162032794333159,0.012308819715398316,0.01194999451961046,0.01255924148072602,0.017635418602089233,0.012058397950070606,0.006768293735813149,0.009073873879044287,0.01917451056784618,0.007227555982543618,0.02561535913746104,0.010920191775544957,0.011510863871563257
0.005275068750587933,0.0027747060415718398,0.011823098708532044,0.008020453027481505,0.007792146730334283,0.0049750003738165,0.007992044233820883,0.011065905681146508,0.007752210009743274,0.007281931794773149,0.018178357708112252,0.0032598654405494748,0.023498187429593073,0.01130399814899683,0.011228073692508854
-0.010434643695981023,0.015709712446568956,0.0027747060415718398,0.004480138847795652,0.010594425063482396,0.007996877746669075,0.012005871522434272,0.0009633999489222275,0.009968013724038674,0.005468627889358338,0.01861534732853007,0.005553245140301249,0.025525419486868702,0.005384010638415428,0.00996261803871205
-0.016171987860944453,0.00573734416496343,0.015709712446568956,0.0024739385073123802,0.013336818090440758,0.012058397950070606,0.006768293735813149,-0.007110520935445848,0.011103215904408045,0.003527844586319963,0.019394494750152307,0.0055258541403785805,0.02551870377451752,0.0015298350322613505,0.012428391565919425
-0.010977607663128516,0.005194380197815937,0.00573734416496343,-0.0007310870294357435,0.013966189506640211,0.011065905681146508,0.007752210009743274,-0.012528079740017998,0.003167373085495371,0.004250749099153729,0.018577384631537436,0.00794920914391521,0.02327588466261305,0.0005522890543922513,0.01319373918394443
0.016604920896578317,0.02758252855970683,0.005194380197815937,-0.0012757457967879932,0.01303461782273329,0.0009633999489222275,0.009968013724038674,-0.003514891542498218,0.01761676859834345,0.007650465386157831,0.015775770116518057,0.01355544524089226,0.015886763048048532,0.001745485531423407,0.014334547638155943
0.008762526879499091,0.007842394017079226,0.02758252855970683,-0.0011569537822314405,0.013139430914129047,-0.007110520935445848,0.011103215904408045,0.004796613370982964,0.014212505862955124,0.007810726420441448,0.01577478661001586,0.015463159683915597,0.015701679117014308,0.00015829315696730306,0.01248918167322475
-0.006420036892577182,0.015182563772076274,0.007842394017079226,-0.003106138056092293,0.012858899157383285,-0.012528079740017998,0.003167373085495371,0.006315803627833409,0.011705853719433676,0.004505684488774918,0.013179263120262859,0.010920191775544957,0.011510863871563257,-0.0019088227979951193,0.01215844095299103
-0.006829811239711422,0.00040977434713423966,0.015182563772076274,-0.0025053326467140264,0.01252796377647746,-0.003514891542498218,0.01761676859834345,-0.0014957737509298373,0.008886311249449136,0.0038329533904794713,0.013520611983855825,0.01130399814899683,0.011228073692508854,-0.0036380913680378844,0.011822586853099977
0.010167946769060781,0.016997758008772203,0.00040977434713423966,0.0018846564582868462,0.011339769859015187,0.004796613370982964,0.014212505862955124,-0.0010273004544092742,0.009697533142498292,0.0023445732398346135,0.011256703592364725,0.005384010638415428,0.00996261803871205,-0.0006948641587461982,0.012399037731832954
0.0032171518727367025,0.006950794896324079,0.016997758008772203,0.004250449714264383,0.009441480197484435,0.006315803627833409,0.011705853719433676,0.002185095800695354,0.008545747429749662,0.0018024239891633717,0.010997564643020881,0.0015298350322613505,0.012428391565919425,0.002075012946065396,0.010363990521348584
0.020555287009505742,0.017338135136769038,0.006950794896324079,0.0049088440664189536,0.010548190402997351,-0.0014957737509298373,0.008886311249449136,0.011313461883767742,0.008725645315031597,0.0035660006197026977,0.011913728799248086,0.0005522890543922513,0.01319373918394443,0.006579712185013147,0.010595417368044048
0.004585212281470268,0.015970074728035473,0.017338135136769038,0.004212624966747483,0.010379471508601421,-0.0010273004544092742,0.009697533142498292,0.009452550387904239,0.009639552255523825,0.0033040482428534144,0.01184286400852336,0.001745485531423407,0.014334547638155943,0.004862610954283426,0.009629913282034896
0.010218061382400095,0.005632849100929827,0.015970074728035473,0.006985641345910364,0.009116372011742584,0.002185095800695354,0.008545747429749662,0.011786186891125367,0.008099696593891372,0.0026144188058325776,0.011058981479184429,0.00015829315696730306,0.01248918167322475,0.005070544454697855,0.009743204722584647
0.007980148967692896,0.002237912414707199,0.005632849100929827,0.009453968047144415,0.006149921760843571,0.011313461883767742,0.008725645315031597,0.007594474210521086,0.002836160434848695,0.002609445532656372,0.011056364497928938,-0.0019088227979951193,0.01215844095299103,0.007127713863307866,0.008330555668649648
-0.0038439752141562547,0.01182412418184915,0.002237912414707199,0.007118647716608243,0.008157338921616738,0.009452550387904239,0.009639552255523825,0.004784745045312244,0.007556002447134115,0.0019580852494603582,0.011155415573336455,-0.0036380913680378844,0.011822586853099977,0.007554261866958604,0.007535259322080734
-0.0005608000894708416,0.003283175124685413,0.01182412418184915,0.0064889890562403185,0.00864967421381528,0.011786186891125367,0.008099696593891372,0.0011917912213552666,0.006103782466146287,0.0026633597927825142,0.010610459781507962,-0.0006948641587461982,0.012399037731832954,0.0060215837443112295,0.007992287579303627
-0.00021952915150704198,0.00034127093796379964,0.003283175124685413,0.0030265196960715217,0.005464350538512309,0.007594474210521086,0.002836160434848695,-0.001541434818378046,0.0020013459643243906,0.003802821129170901,0.00919417731955137,0.002075012946065396,0.010363990521348584,0.005530629312276409,0.00829316347740163
0.002249920739883623,0.002469449891390665,0.00034127093796379964,0.0026373044391404146,0.005414061069184691,0.004784745045312244,0.007556002447134115,0.0004898638329685797,0.0015337753094763211,0.00474764458652891,0.00818244086584835,0.006579712185013147,0.010595417368044048,0.0029155769880446773,0.004996875390118312
0.013378233764468672,0.01112831302458505,0.002469449891390665,0.003163999836151844,0.006368603064971544,0.0011917912213552666,0.006103782466146287,0.005136208450948418,0.007243809884518908,0.004517166934235365,0.00786192768292956,0.004862610954283426,0.009629913282034896,0.004171722914187307,0.006395920166794685
-0.0043805880338277274,0.0177588217982964,0.01112831302458505,0.0011038770025650732,0.006497020888524699,-0.001541434818378046,0.0020013459643243906,0.0037491888235081892,0.008973839284600727,0.0035783730118548775,0.008097184105012376,0.005070544454697855,0.009743204722584647,0.0020862015690119033,0.006475399439302801
-0.003988065275818598,0.0003925227580091296,0.0177588217982964,0.0010798619922880162,0.006519195907674452,0.0004898638329685797,0.0015337753094763211,0.0016698601516074493,0.010141648190636841,0.0037520852701947763,0.00788961050056634,0.007127713863307866,0.008330555668649648,0.00037645667708169014,0.006235386862985549
0.0037950709685515343,0.007783136244370132,0.0003925227580091296,0.0018058405019584119,0.006542444426243719,0.005136208450948418,0.007243809884518908,-0.0015245274470315972,0.00461108598989378,0.004511005427927844,0.007280951315701047,0.007554261866958604,0.007535259322080734,0.0014677489888970886,0.006039022298670379
-0.008042289361811599,0.011837360330363134,0.007783136244370132,0.0005020471335743191,0.007703274265509231,0.0037491888235081892,0.008973839284600727,-0.0027450945563595544,0.006015771526145928,0.0032102742757226742,0.007800674922070019,0.0060215837443112295,0.007992287579303627,0.00039896480713412307,0.007037381883216276
-0.006384445319292118,0.0016578440425194813,0.011837360330363134,-0.0009370138762883045,0.008107348625381757,0.0016698601516074493,0.010141648190636841,-0.0035438879041840613,0.006409551444454418,0.002524445904863473,0.008211298169470393,0.005530629312276409,0.00829316347740163,-0.00048173750254945906,0.0074983456495391525
0.008668050519342461,0.01505249583863458,0.0016578440425194813,-0.0017220444171426729,0.006515808744813934,-0.0015245274470315972,0.00461108598989378,-0.0019195613872537518,0.00920653333947435,0.0016753575841375247,0.006674116260784052,0.0029155769880446773,0.004996875390118312,0.0004351381802303751,0.008243413146751066
0.009266966736516358,0.0005989162171738966,0.01505249583863458,0.0005525480445813413,0.007680191465931082,-0.0027450945563595544,0.006015771526145928,0.003850190645522234,0.008868512003600268,0.002009768616640817,0.0069430064815315645,0.004171722914187307,0.006395920166794685,-0.00015218568090567,0.007254722473075167
0.0006729529267047597,0.008594013809811599,0.0005989162171738966,0.0013293844116685676,0.007358032132706039,-0.0035438879041840613,0.006409551444454418,0.0062026567275211926,0.004798217716232898,0.0013279751555197214,0.006531418862010349,0.0020862015690119033,0.006475399439302801,0.0005697487420275426,0.007011171217594013
-0.0010176160619823826,0.0016905689886871423,0.008594013809811599,0.0005272699065795814,0.007297556567517004,-0.0019195613872537518,0.00920653333947435,0.002974101200412912,0.005514945454670114,0.0006852776534000586,0.006263693682867641,0.00037645667708169014,0.006235386862985549,0.0009940986297184303,0.006775257432550246
-0.002375793717219837,0.0013581776552374545,0.0016905689886871423,0.0014716858473448752,0.00625956169096337,0.003850190645522234,0.008868512003600268,-0.0009068189508324867,0.0015273902659732202,0.0007901477603240884,0.006193931392491189,0.0014677489888970886,0.006039022298670379,0.00011254653175109184,0.006751487111999779
0.0029688612561416952,0.005344654973361533,0.0013581776552374545,0.0030305702765838437,0.004936650202917742,0.0062026567275211926,0.004798217716232898,-0.00014151617435350814,0.002777948425708626,0.0010422664278678412,0.006206535377649531,0.00039896480713412307,0.007037381883216276,0.0016855680486015621,0.005742123269423151
-0.005012058684959869,0.007980919941101564,0.005344654973361533,0.0007505520758667888,0.00497120458806116,0.002974101200412912,0.005514945454670114,-0.0014729970486793368,0.004066331534087453,0.0006999428897640677,0.006410305326602719,-0.00048173750254945906,0.0074983456495391525,0.0018816232820775974,0.005435928353244207
-0.0020957946699746003,0.0029162640149852687,0.007980919941101564,-0.0011432414918817043,0.0027429189540984986,-0.0009068189508324867,0.0015273902659732202,-0.0013796640329309245,0.004038366389216385,0.0003895346462027661,0.006434647550106594,0.0004351381802303751,0.008243413146751066,0.00034393111217516056,0.00466384463761011
-0.004626267936288304,0.0025304732663137034,0.0029162640149852687,-0.002026444969047215,0.002890350937088158,-0.00014151617435350814,0.002777948425708626,-0.003911373763740925,0.0015841256925292109,-0.0008965011895655893,0.005346159617984333,-0.00015218568090567,0.007254722473075167,-0.0016408166982255054,0.0028289110848063316
0.0007455309011300965,0.0053717988374184,0.0025304732663137034,-0.0017325871418618017,0.003095759765329302,-0.0014729970486793368,0.004066331534087453,-0.001992177235044269,0.0026873980198397437,-0.000530349837068602,0.005264094395488552,0.0005697487420275426,0.007011171217594013,-0.001630448416164743,0.0028389199834100904
-0.010267356669202645,0.011012887570332742,0.0053717988374184,-0.0030478476338589365,0.004689728304252817,-0.0013796640329309245,0.004038366389216385,-0.00471603123478695,0.005506992486513429,-0.0009788706508817482,0.005819569641554303,0.0009940986297184303,0.006775257432550246,-0.002951839931481923,0.004288645706067492
-0.015763556268971565,0.0054961995997689205,0.011012887570332742,-0.006169917221377813,0.005949324449191772,-0.003911373763740925,0.0015841256925292109,-0.008428460679014704,0.008406761781123026,-0.0023759154535619694,0.006843009978061045,0.00011254653175109184,0.006751487111999779,-0.004864377438875027,0.006436336175755869
-0.01249080278472721,0.0032727534842443545,0.0054961995997689205,-0.007416374571339038,0.006422823824015793,-0.001992177235044269,0.0026873980198397437,-0.012840571907633805,0.002764743449152045,-0.002693666412341656,0.007219300228856398,0.0016855680486015621,0.005742123269423151,-0.007072900873284871,0.005933215050100708
-0.0038463207977633735,0.008644481986963838,0.0032727534842443545,-0.007708128925970499,0.006167484401447068,-0.00471603123478695,0.005506992486513429,-0.01070022661715405,0.006157089213091396,-0.0025123718036610316,0.007151032524839638,0.0018816232820775974,0.005435928353244207,-0.006906366889399657,0.006016475414344911
-0.0004987425873156954,0.003347578210447678,0.008644481986963838,-0.007020208034475065,0.0067797830719424435,-0.008428460679014704,0.008406761781123026,-0.005611955389935427,0.006187929870270939,-0.0031671427398509,0.00643210200014192,0.00034393111217516056,0.00466384463761011,-0.006678216591876957,0.0062548585739278925
0.0030561700120887068,0.0035549125994044023,0.003347578210447678,-0.006635101515981963,0.007350702601122827,-0.012840571907633805,0.002764743449152045,-0.0004296311243301208,0.0034517643518583523,-0.003610771077310018,0.005678586142667228,-0.0016408166982255054,0.0028289110848063316,-0.005580725456394526,0.007267002091670862
-0.001434054824192895,0.004490224836281602,0.0035549125994044023,-0.005162884541813671,0.007362298770474684,-0.01070022661715405,0.006157089213091396,0.00037445753352670537,0.0023690480384258614,-0.003761271630945564,0.005583444787301577,-0.001630448416164743,0.0028389199834100904,-0.005892094845726383,0.006992264987787632
-0.005366390911874567,0.003932336087681672,0.004490224836281602,-0.0034300236489641714,0.005304103099687109,-0.005611955389935427,0.006187929870270939,-0.0012480919079929183,0.0042143587631002025,-0.004071898405937863,0.005539862815054488,-0.002951839931481923,0.004288645706067492,-0.0051919568803938,0.006721268659576636
0.01799940936529605,0.02336580027717062,0.003932336087681672,0.0016516783760397056,0.008518782265095943,-0.0004296311243301208,0.0034517643518583523,0.0037329878764095297,0.012510551680503272,-0.0026165267571867288,0.008103101983612408,-0.004864377438875027,0.006436336175755869,-0.00036867607549842627,0.00943650010168214
-0.0076479968464747755,0.025647406211770828,0.02336580027717062,0.0010180657012544719,0.0091290243794152,0.00037445753352670537,0.0023690480384258614,0.001661673868982236,0.014194810047014898,-0.003374873764516476,0.008036700778636177,-0.007072900873284871,0.005933215050100708,0.00032315334425192163,0.008534023712218322
-0.0019506295281703494,0.005697367318304426,0.025647406211770828,0.000776084544445363,0.009196266038987955,-0.0012480919079929183,0.0042143587631002025,0.0028002609968836418,0.013467575206163917,-0.003156200253317225,0.008030374624786252,-0.006906366889399657,0.006016475414344911,0.0005939663827652109,0.008408820372495901
-0.001103116204304796,0.0008475133238655533,0.005697367318304426,8.287017504644577e-05,0.009146648282752697,0.0037329878764095297,0.012510551680503272,-0.0035672475263166404,0.0035593476886939157,-0.003085294648626525,0.00804482740471548,-0.006678216591876957,0.0062548585739278925,0.0005076272946239107,0.008424997088906183
-0.0022943334990811076,0.0011912172947763115,0.0008475133238655533,-6.050960410158965e-05,0.009181857800363404,0.001661673868982236,0.014194810047014898,-0.001782693077185418,0.0006131081874519449,-0.002918727903111725,0.008034602195736021,-0.005580725456394526,0.007267002091670862,-0.00025673034982892,0.00839791315084437
-0.006217724393966416,0.003923390894885309,0.0011912172947763115,-0.0002023985177835645,0.009286233747476658,0.0028002609968836418,0.013467575206163917,-0.003205058032450773,0.0026761667764172463,-0.003416103281332904,0.008005796242985442,-0.005892094845726383,0.006992264987787632,-0.000940111716939423,0.008698926736104272
-0.00859370621472288,0.0023759818207564638,0.003923390894885309,-0.004634584447786719,0.0032376932531461345,-0.0035672475263166404,0.0035593476886939157,-0.005701921369256801,0.003181204759657525,-0.003296556820298636,0.007907512861230368,-0.0051919568803938,0.006721268659576636,-0.0014011567602034679,0.0090510181900732
-0.011429877995757695,0.002836171781034815,0.0023759818207564638,-0.005264897972667206,0.004174323353263035,-0.001782693077185418,0.0006131081874519449,-0.008747102868148997,0.002609460517449574,-0.0029870083722119303,0.007453740569275306,-0.00036867607549842627,0.00943650010168214,-0.005605340668925431,0.0039156252996657625
-0.012913537797248983,0.0014836598014912883,0.002836171781034815,-0.007092049350846979,0.004787719711496735,-0.003205058032450773,0.0026761667764172463,-0.010979040669243186,0.0021949207153292706,-0.0030172037302492,0.0074959391248169485,0.00032315334425192163,0.008534023712218322,-0.006357560804750318,0.004783115860361821
-0.0021098908925959834,0.010803646904653,0.0014836598014912883,-0.0072598451322288425,0.004547459737109168,-0.005701921369256801,0.003181204759657525,-0.008817768895200888,0.005856366798196076,-0.0028931730227372437,0.007495530743062538,0.0005939663827652109,0.008408820372495901,-0.0063803124282396945,0.004758977778077127
-0.013672200462415018,0.011562309569819035,0.010803646904653,-0.009156156292784495,0.004433575741969451,-0.008747102868148997,0.002609460517449574,-0.009565209717419995,0.00646762911310711,-0.0038341342995300526,0.00798285266274323,0.0005076272946239107,0.008424997088906183,-0.008175895893684013,0.004806960373610833
0.0035978629768015588,0.01727006343921658,0.011562309569819035,-0.007520225064323166,0.006873950376578957,-0.010979040669243186,0.0021949207153292706,-0.004061409459403148,0.008798868753202658,-0.003795441944907705,0.008020044632948259,-0.00025673034982892,0.00839791315084437,-0.007334153539986489,0.006294311169745022
-0.012946699279869373,0.016544562256670933,0.01727006343921658,-0.008245723908514248,0.0072303822595010695,-0.008817768895200888,0.005856366798196076,-0.0076736789218276105,0.009768179491127476,-0.00461777369174174,0.008343014837571352,-0.000940111716939423,0.008698926736104272,-0.008295435666544055,0.006601716076973002
-0.008591972833563178,0.004354726446306195,0.016544562256670933,-0.007772739714815162,0.007071504859284084,-0.009565209717419995,0.00646762911310711,-0.005980269712210331,0.008575918607459975,-0.004848172400433783,0.008409551880067926,-0.0014011567602034679,0.0090510181900732,-0.008295188040664096,0.006601703056889508
-0.003457566408570153,0.005134406424993025,0.004354726446306195,-0.006196744483368689,0.006742718365699601,-0.004061409459403148,0.008798868753202658,-0.008332079507334235,0.004749902006153032,-0.0063808135271385125,0.005308942134690259,-0.005605340668925431,0.0039156252996657625,-0.00715628638535159,0.0066582220172441585
0.007400950042164909,0.010858516450735062,0.005134406424993025,-0.004611604327575208,0.008722845442308072,-0.0076736789218276105,0.009768179491127476,-0.0015495297333228079,0.008165405592670422,-0.005305888749378535,0.006436422999013244,-0.006357560804750318,0.004783115860361821,-0.004254216694006749,0.008018776420775923
0.0034862122337310023,0.003914737808433906,0.010858516450735062,-0.0017518688782175381,0.007935387485838177,-0.005980269712210331,0.008575918607459975,0.0024765319557752525,0.005499221360837422,-0.004917542909242725,0.006807744083948291,-0.0063803124282396945,0.004758977778077127,-0.0034547733902457506,0.008530797065042409
-0.0031515144762474362,0.006637726709978439,0.003914737808433906,-0.002876765120392371,0.007491313640443983,-0.008332079507334235,0.004749902006153032,0.0025785492665494915,0.005334464912208387,-0.005063857071524342,0.006741143644838784,-0.008175895893684013,0.004806960373610833,-0.0019518182493646673,0.0072632754582549605
0.01128675078057857,0.014438265256826007,0.006637726709978439,0.00116214322301562,0.007508978963343277,-0.0015495297333228079,0.008165405592670422,0.0038738161793540455,0.0072269325111428955,-0.004093779622977222,0.00802523252504235,-0.007334153539986489,0.006294311169745022,-0.0008534057059679511,0.008684720296158119
-0.0021037844532540498,0.01339053523383262,0.014438265256826007,0.0022435079530671418,0.0061714055258859524,0.0024765319557752525,0.005499221360837422,0.002010483950359028,0.00805054527838605,-0.003799926770069195,0.008016793376071007,-0.008295435666544055,0.006601716076973002,0.0006955821264056661,0.006964988085036629
-0.004094906851719525,0.0019911223984654756,0.01339053523383262,0.0021372845458755797,0.006293437593428362,0.0025785492665494915,0.005334464912208387,0.001696019825201665,0.008365269409602796,-0.003478583958426099,0.007899161218851357,-0.008295188040664096,0.006601703056889508,0.0013380201238119024,0.006121919301435497
-0.004265360161947461,0.00017045331022793545,0.0019911223984654756,0.00019289951185685132,0.0061423231687461576,0.0038738161793540455,0.0072269325111428955,-0.003488017155640345,0.001201806437621577,-0.0029668326845825104,0.007569611372488852,-0.00715628638535159,0.0066582220172441585,0.0012226210161865726,0.00623397114417873
-0.004701202073243428,0.0004358419112959668,0.00017045331022793545,-0.0011716695393055537,0.006173729812932555,0.002010483950359028,0.00805054527838605,-0.004353823028970138,0.0003126783219893623,-0.0023802372757249705,0.007039126849496559,-0.004254216694006749,0.008018776420775923,-0.0005062578574431897,0.005904393176307406
-0.005955705103650305,0.0012545030304068772,0.0004358419112959668,-0.0016390346438726984,0.006453391797748531,0.001696019825201665,0.008365269409602796,-0.004974089112947065,0.0008775915951134437,-0.002654938290800279,0.007102520800592475,-0.0034547733902457506,0.008530797065042409,-0.001855103191354805,0.005918785410300562
-0.0008772251010286544,0.00507848000262165,0.0012545030304068772,-0.003666363957473903,0.0018479918042097452,-0.003488017155640345,0.001201806437621577,-0.0038447107593074623,0.0026453587303790797,-0.0017410114792726819,0.006360224656097655,-0.0019518182493646673,0.0072632754582549605,-0.0015302047091806934,0.005898146242295545
-0.005086597501135809,0.004209372400107154,0.00507848000262165,-0.004163499465454196,0.0017417183970951057,-0.004353823028970138,0.0003126783219893623,-0.0039731759019382565,0.0027161591498707743,-0.002361330084839637,0.006221452852501029,-0.0008534057059679511,0.008684720296158119,-0.0038692544637113184,0.001770323885528768
-0.0011400098687098172,0.0039465876324259914,0.004209372400107154,-0.003671016634952578,0.0021377307238670974,-0.004974089112947065,0.0008775915951134437,-0.002367944156958094,0.0023580862925024217,-0.0015179951268996686,0.005425500834051982,0.0006955821264056661,0.006964988085036629,-0.0037315723802049993,0.0019580380131963937
0.01383099898753006,0.014971008856239877,0.0039465876324259914,-0.0006549567767063245,0.007405903961694676,-0.0038447107593074623,0.0026453587303790797,0.0025347972058948113,0.009979830635019263,8.364571746413424e-05,0.006398952336808005,0.0013380201238119024,0.006121919301435497,-0.0011707286888836303,0.006896979234849436
-0.002216147899322757,0.01604714688685282,0.014971008856239877,-0.0002407810810528792,0.007201014305354378,-0.0039731759019382565,0.0027161591498707743,0.0034916137398324954,0.008970322387766362,0.00017231846812466254,0.006354553004178814,0.0012226210161865726,0.00623397114417873,-0.0008779840799372444,0.0067863367256652
0.0018531813699256064,0.004069329269248363,0.01604714688685282,0.0010606999978764393,0.0066458143112604635,-0.002367944156958094,0.0023580862925024217,0.00448934415271097,0.008342046898996943,-0.00022395072274957335,0.006033995017568041,-0.0005062578574431897,0.005904393176307406,5.835641194404632e-05,0.006621069037520836
0.00963730120037701,0.007784119830451403,0.004069329269248363,0.002813121048110717,0.007378494379922151,0.0025347972058948113,0.009979830635019263,0.0030914448903266198,0.006022959098255626,0.0002154127748679986,0.006528603706893651,-0.001855103191354805,0.005918785410300562,0.0022859287410908055,0.006878517635522137
0.0017243551414008807,0.007912946058976128,0.007784119830451403,0.003948279821866831,0.00637588020535525,0.0034916137398324954,0.008970322387766362,0.004404945903901165,0.004531810401010626,0.0005636891761285926,0.006464918467743459,-0.0015302047091806934,0.005898146242295545,0.0026575830614378815,0.006748172139121074
-0.013396707148136719,0.0151210622895376,0.007912946058976128,0.0019054969419623478,0.009520287302523855,0.00448934415271097,0.008342046898996943,-0.0006783502687862762,0.011703466585416348,-0.0011994149616367852,0.0066778988454952665,-0.0038692544637113184,0.001770323885528768,0.001470424540437752,0.008766693099309412
-0.007778516938948009,0.00561819020918871,0.0151210622895376,-0.0016960890457839968,0.008085955078492907,0.0030914448903266198,0.006022959098255626,-0.006483622981894616,0.007643244988944752,-0.0016047529963292108,0.006905364930010284,-0.0037315723802049993,0.0019580380131963937,0.0005220663875465817,0.009430114136517034
-0.0022296553272689807,0.005548861611679028,0.00561819020918871,-0.0016983402837750343,0.008086130706514517,0.004404945903901165,0.004531810401010626,-0.0078016264714512356,0.005583561778144463,-0.0014715207445827432,0.006871535309661543,-0.0011707286888836303,0.006896979234849436,-0.0017723128002818528,0.007384187725680383
-0.014424149899951572,0.012194494572682592,0.005548861611679028,-0.004411228828754564,0.009296256104473091,-0.0006783502687862762,0.011703466585416348,-0.008144107388722854,0.006105462042591144,-0.0021971485830116085,0.007678278705157006,-0.0008779840799372444,0.0067863367256652,-0.003516313086085969,0.008810397301217254
0.006928091011171708,0.02135224091112328,0.012194494572682592,-0.004862763860288781,0.008509965486936884,-0.006483622981894616,0.007643244988944752,-0.0032419047386829485,0.010712050907031884,-0.0013664847912676702,0.008008491702049696,5.835641194404632e-05,0.006621069037520836,-0.0027913259944793837,0.009507132987784122
-0.015651552577933034,0.02257964358910474,0.02135224091112328,-0.007758748480177766,0.008772514197013663,-0.0078016264714512356,0.005583561778144463,-0.0077158704889042995,0.012696882910591099,-0.002059045325145008,0.008814561679116078,0.0022859287410908055,0.006878517635522137,-0.006404019391380819,0.008773703557158894
0.027254393419366148,0.04290594599729918,0.02257964358910474,-0.0009835650522606223,0.016146206313115623,-0.008144107388722854,0.006105462042591144,0.006176977284201607,0.021462832510037454,-4.96440022596649e-05,0.011804196611148777,0.0026575830614378815,0.006748172139121074,-0.002756871065957208,0.015468105296024545
-0.0011899641668893094,0.028444357586255457,0.04290594599729918,0.00011452707641582738,0.015812250206989703,-0.0032419047386829485,0.010712050907031884,0.0034709588915146014,0.021829411428118246,0.00022868695018651356,0.011721947282149174,0.001470424540437752,0.008766693099309412,-0.0010130506400647219,0.014739608804871053
0.004569055393707087,0.005759019560596396,0.028444357586255457,0.0012476455299118385,0.01585421186847277,-0.0077158704889042995,0.012696882910591099,0.010211161548727974,0.015038131234368368,0.0006364773260734353,0.011769876773701145,0.0005220663875465817,0.009430114136517034,0.0007508882646002922,0.014532402970826976
-0.010945702167223544,0.01551475756093063,0.005759019560596396,0.0018273868186998435,0.015217333052465594,0.006176977284201607,0.021462832510037454,-0.002522203646801922,0.00784270821001852,-0.0011332870421232508,0.01149278217491505,-0.0017723128002818528,0.007384187725680383,-0.0004942612839646455,0.015188911648950603
0.0010870868068264445,0.012032788974049989,0.01551475756093063,0.0008538861179756329,0.015011200920052507,0.0034709588915146014,0.021829411428118246,-0.0017631866555633377,0.008140636931556162,-0.0008973417059697363,0.011502744278350059,-0.003516313086085969,0.008810397301217254,0.0017216296741464998,0.013894278668097764
0.012799164712373303,0.011712077905546858,0.012032788974049989,0.005595672333026689,0.01313037486447977,0.010211161548727974,0.015038131234368368,0.0009801831173254013,0.011872794409134082,-0.00011548575293775802,0.012062469978500998,-0.0027913259944793837,0.009507132987784122,0.0025603544886038704,0.014427902399569602
0.006794735328180345,0.006004429384192957,0.011712077905546858,0.0021857293178290556,0.00805735695098514,-0.002522203646801922,0.00784270821001852,0.006893662282460032,0.00585666561475999,-0.00031852617238037687,0.011908621673248371,-0.006404019391380819,0.008773703557158894,0.005766967046620068,0.011994902245835125
-0.00125581054670754,0.008050545874887885,0.006004429384192957,0.002174754921192684,0.0080629172473749,-0.0017631866555633377,0.008140636931556162,0.006112696497948703,0.0070522666645413705,-0.0005313951501024069,0.011895924528845945,-0.002756871065957208,0.015468105296024545,0.001694080765752398,0.007469461981136292
0.0062004524532586905,0.0074562629999662304,0.008050545874887885,0.002446654431117951,0.008186368700420133,0.0009801831173254013,0.011872794409134082,0.003913125744910499,0.00448628129122114,0.0008684019642829794,0.011408629449931283,-0.0010130506400647219,0.014739608804871053,0.0027498545686306837,0.007516029936945839
0.004258511117747648,0.0019419413355110425,0.0074562629999662304,0.00498068997861315,0.004908823788974685,0.006893662282460032,0.00585666561475999,0.003067717674766266,0.003868133432167503,0.0017281896826183835,0.011157657190332971,0.0007508882646002922,0.014532402970826976,0.0027054911006364783,0.00750440995014025
-0.0006085283645658597,0.004867039482313508,0.0019419413355110425,0.004698087450047766,0.005216949028876762,0.006112696497948703,0.0070522666645413705,0.003283478402146826,0.003507644728552851,0.0018439844656686064,0.011121777243718602,-0.0004942612839646455,0.015188911648950603,0.004182230215301862,0.004954111940068544
-0.018302557915106658,0.017694029550540797,0.004867039482313508,-0.0004855329878655608,0.009362323378166433,0.003913125744910499,0.00448628129122114,-0.004884191720641623,0.011872717962925388,0.0015669553217289576,0.011596344317452524,0.0017216296741464998,0.013894278668097764,0.0014122809693114182,0.009912423210809488
-0.012485885273632523,0.005816672641474134,0.017694029550540797,-0.003698969754834372,0.009667622130429578,0.003067717674766266,0.003868133432167503,-0.010465657184435014,0.009018351378336271,0.00018024272995722683,0.012057543337689552,0.0025603544886038704,0.014427902399569602,-0.0021998690286894134,0.009675581926885723
0.006872310218551519,0.01935819549218404,0.005816672641474134,-0.002344282960624529,0.010602702144084531,0.003283478402146826,0.003507644728552851,-0.007972044323395888,0.013180461542745549,0.0017890900725632663,0.011258832892168296,0.005766967046620068,0.011994902245835125,-0.0021887869014935316,0.009687638023153632
-0.00015587392581708706,0.007028184144368606,0.01935819549218404,-0.003403670690470492,0.009870453691886119,-0.004884191720641623,0.011872717962925388,-0.0019231496602993637,0.009799356143118335,-0.0001687861663783934,0.008546400207064927,0.001694080765752398,0.007469461981136292,-0.0020316530985091813,0.009714177232870467
-0.002304264825641438,0.002148390899824351,0.007028184144368606,-0.0044974666810353395,0.009191850799462742,-0.010465657184435014,0.009018351378336271,0.0014707238223643313,0.004799661192336172,-0.00024837907057497405,0.008561816884198097,0.0027498545686306837,0.007516029936945839,-0.0032466127097806282,0.009020026821919566
-0.0007447420181020521,0.0015595228075393859,0.002148390899824351,-0.004520168956624705,0.009180485982827934,-0.007972044323395888,0.013180461542745549,-0.0010682935898535257,0.0011101396665731558,-0.0006279360285613411,0.00844886438085051,0.0027054911006364783,0.00750440995014025,-0.003961363157759157,0.008510010762625777
0.007477355465352466,0.008222097483454519,0.0015595228075393859,-0.0002235167265481846,0.007274965827276761,-0.0019231496602993637,0.009799356143118335,0.0014761162072029922,0.005255395543817299,0.0006879966594798027,0.0081475761832059,0.004182230215301862,0.004954111940068544,-0.002806236896342253,0.009528765790223548
-0.000721471101675172,0.008198826567027638,0.008222097483454519,0.0017372189687780407,0.004276470701731715,0.0014707238223643313,0.004799661192336172,0.0020037141151917474,0.0047403267404821136,0.000558813951729687,0.008155095913274365,0.0014122809693114182,0.009912423210809488,-0.0002946530658520411,0.006643771203773785
-0.001298131604388773,0.0005766605027136011,0.008198826567027638,0.0003754786649546587,0.0035541294107567694,-0.0010682935898535257,0.0011101396665731558,0.0018192509197628402,0.0049085379310405625,-0.0004481357851818898,0.007358926828368316,-0.0021998690286894134,0.009675581926885723,0.0013035974583256377,0.004068950890905473
-0.007612350526653485,0.006314218922264712,0.0005766605027136011,-0.0008672674351847409,0.004845941636960748,0.0014761162072029922,0.005255395543817299,-0.003210651077572477,0.003822872331621541,-0.0014772133462414491,0.007275037588971357,-0.0021887869014935316,0.009687638023153632,-0.000765639790989363,0.0044318832570154724
0.0038731033664905793,0.011485453893144065,0.006314218922264712,0.00016229393017059526,0.005127610085627633,0.0020037141151917474,0.0047403267404821136,-0.0016791262548505595,0.005752197882170337,-0.0011108623524415835,0.007414840223342044,-0.0020316530985091813,0.009714177232870467,-0.00019007160637398213,0.00477278234275061
-0.0052751624088453125,0.009148265775335892,0.011485453893144065,-0.0005927761349532815,0.005599720678014571,0.0018192509197628402,0.0049085379310405625,-0.003004803189669406,0.00606999267058514,-0.0019305491283061551,0.0071748373501495585,-0.0032466127097806282,0.009020026821919566,-0.0006144855468316786,0.005112144900441011
-0.01040134452209536,0.005126182113250047,0.009148265775335892,-0.003572559466194586,0.005188269382193825,-0.003210651077572477,0.003822872331621541,-0.003934467854816698,0.007231048474902543,-0.002977681674009227,0.00727121235755551,-0.003961363157759157,0.008510010762625777,-0.001994000190259294,0.0063146439618820835
-0.002521480603772315,0.007879863918323045,0.005126182113250047,-0.003872561049877443,0.0050403720521903774,-0.0016791262548505595,0.005752197882170337,-0.006065995844904329,0.003999015752096263,-0.0031143211196668313,0.007241178857553235,-0.002806236896342253,0.009528765790223548,-0.0034224053429914056,0.004752852456877739
-0.009073722339915604,0.006552241736143289,0.007879863918323045,-0.005168492839131914,0.005241650669460914,-0.003004803189669406,0.00606999267058514,-0.007332182488594426,0.004218742067622432,-0.002455118578581756,0.006078961072034973,-0.0002946530658520411,0.006643771203773785,-0.004615584091311467,0.0050035695292927965
-0.008043281689766618,0.0010304406501489855,0.006552241736143289,-0.005240314699650771,0.005284610278237843,-0.003934467854816698,0.007231048474902543,-0.006546161544484845,0.0035233498959471635,-0.002137789751162763,0.0056131747535448145,0.0013035974583256377,0.004068950890905473,-0.005579176960651159,0.0049067689556600205
-0.008405818908828687,0.0003625372190620684,0.0010304406501489855,-0.007286801745537314,0.0028800313067898794,-0.006065995844904329,0.003999015752096263,-0.008507607646170303,0.0005227070820804577,-0.003229084688832778,0.005196402924976481,-0.000765639790989363,0.0044318832570154724,-0.0056925295866761885,0.004970319535910014
-0.001478310387969789,0.0069275085208588974,0.0003625372190620684,-0.006653993075391394,0.003708425536326373,-0.007332182488594426,0.004218742067622432,-0.005975803662188365,0.003899159219951438,-0.0033235444361293985,0.005148035569387084,-0.00019007160637398213,0.00477278234275061,-0.006457017265884812,0.0034251928780896297
-0.004814831249555044,0.0033365208615852545,0.0069275085208588974,-0.005722907529968009,0.0032527050709066307,-0.006546161544484845,0.0035233498959471635,-0.0048996535154511725,0.0034645331127349573,-0.003502870609266085,0.005153522380738952,-0.0006144855468316786,0.005112144900441011,-0.006391255671700488,0.0034559465517406624
0.007213581212374551,0.012028412461929594,0.0033365208615852545,-0.0041003972272768635,0.006232316101008667,-0.008507607646170303,0.0005227070820804577,0.00030681319161657283,0.006209724328371769,-0.0029344189499463276,0.005870234252621673,-0.001994000190259294,0.0063146439618820835,-0.003874837709633358,0.005720513641659255
-0.014897764779130308,0.02211134599150486,0.012028412461929594,-0.005071070967145981,0.007488721629659434,-0.005975803662188365,0.003899159219951438,-0.0041663382721035995,0.011069928308049802,-0.00453264182455224,0.005863391118465351,-0.0034224053429914056,0.004752852456877739,-0.005642878306113071,0.007001633509573789
0.0013706155819857085,0.016268380361116018,0.02211134599150486,-0.0035020880885205936,0.007723934277422744,-0.0048996535154511725,0.0034645331127349573,-0.002104522661590016,0.011457981704819632,-0.004383207061433606,0.00599321677819832,-0.004615584091311467,0.0050035695292927965,-0.004150830031555741,0.007256860893586306
-0.010733101390512093,0.012103716972497802,0.016268380361116018,-0.0038899685021344943,0.00807011863275475,0.00030681319161657283,0.006209724328371769,-0.008086750195885563,0.008450883437692314,-0.005057133474728129,0.0061480916840638165,-0.005579176960651159,0.0049067689556600205,-0.004535089988805094,0.007562117279587167
-0.011067946659817654,0.00033484526930556077,0.012103716972497802,-0.005488241214109139,0.008438181028339948,-0.0041663382721035995,0.011069928308049802,-0.00681014415611468,0.007086723697025822,-0.00530396176995414,0.006325377517979996,-0.0056925295866761885,0.004970319535910014,-0.004915393953232089,0.007850657750315775
-0.008915363657952393,0.002152583001865261,0.00033484526930556077,-0.006171663282175364,0.008538194050982858,-0.002104522661590016,0.011457981704819632,-0.010238803902760713,0.0011582965508788363,-0.006217423700271495,0.0057997157157697685,-0.006457017265884812,0.0034251928780896297,-0.005977830134658177,0.007811122224136773
-0.0024371053648836764,0.006478258293068717,0.002152583001865261,-0.007780111045051735,0.006062397474341504,-0.008086750195885563,0.008450883437692314,-0.007473471894217908,0.004492454146491472,-0.006014705339988521,0.005884168819768178,-0.006391255671700488,0.0034559465517406624,-0.005638155008276552,0.007921050998768907
-0.007357272508843173,0.004920167143959497,0.006478258293068717,-0.006523362333337212,0.004976034756462104,-0.00681014415611468,0.007086723697025822,-0.006236580510559748,0.0033814080712316836,-0.005797271624756223,0.005764631914965682,-0.003874837709633358,0.005720513641659255,-0.007719705539879084,0.005536493570495721
0.01969214273797022,0.027049415246813393,0.004920167143959497,-0.0034697744740064605,0.01177111749508788,-0.010238803902760713,0.0011582965508788363,0.0032992549547477897,0.014408229890799113,-0.004210584243203185,0.008925917821293152,-0.005642878306113071,0.007001633509573789,-0.0027782901802932943,0.010900140347803022
0.0028425288907304325,0.016849613847239785,0.027049415246813393,-0.0012071694271327063,0.011394463582805648,-0.007473471894217908,0.004492454146491472,0.005059133039952492,0.013660260494016816,-0.0033594234410141825,0.008994398954383656,-0.004150830031555741,0.007256860893586306,-0.002568016850472619,0.011007187360259168
-0.02087708425111987,0.023719613141850303,0.016849613847239785,-0.002842025692349742,0.013585308926941464,-0.006236580510559748,0.0033814080712316836,0.0005525291258602615,0.02038133015324093,-0.0042761236239679855,0.0100951432578914,-0.004535089988805094,0.007562117279587167,-0.004017157259130874,0.012785423533399952
0.008657540387741003,0.02953462463886087,0.023719613141850303,8.679164859915715e-05,0.013904602497649913,0.0032992549547477897,0.014408229890799113,-0.003125671657549477,0.01564570472934883,-0.003057312245641579,0.010576764051172948,-0.004915393953232089,0.007850657750315775,-0.0011992305380510659,0.013141230801055491
0.033037826683822026,0.024380286296081022,0.02953462463886087,0.005999280323383441,0.019164265563122222,0.005059133039952492,0.013660260494016816,0.006939427606814386,0.026998487715549305,-0.0005918738833707349,0.01433004264941034,-0.005977830134658177,0.007811122224136773,0.004794082367916709,0.017782718490937356
0.0010649422065207336,0.031972884477301296,0.024380286296081022,0.007402982775944092,0.018278256363826805,0.0005525291258602615,0.02038133015324093,0.01425343642602792,0.016704845847932866,-0.00017189006507960813,0.014282840299500048,-0.005638155008276552,0.007921050998768907,0.0052943748781173385,0.017593629641215528
-0.0035477529360021776,0.004612695142522911,0.031972884477301296,0.0035296668302820257,0.01760314165187559,-0.003125671657549477,0.01564570472934883,0.010185005318113527,0.019925055141685324,-0.0009405567899636602,0.014143694534018852,-0.007719705539879084,0.005536493570495721,0.005838591959951766,0.017191377008865347
0.015847581514734768,0.019395334450736944,0.004612695142522911,0.005697175600949415,0.018288921663564262,0.006939427606814386,0.026998487715549305,0.004454923595084441,0.010132311186254205,0.0012555393738838453,0.01419667196039528,-0.0027782901802932943,0.010900140347803022,0.005289368928060989,0.016730252747358447
0.011772610798895371,0.004074970715839397,0.019395334450736944,0.011138791442618623,0.01284893619276908,0.01425343642602792,0.016704845847932866,0.008024146459209321,0.010226582434685076,0.0019985390322345355,0.014472675319364765,-0.002568016850472619,0.011007187360259168,0.006565094914941693,0.01685260218964817
