0,1,2,3,4,5,6,7,8,9,10,11,12,13,14,15,16,17,18,19
0.9904261784161107,0.009573821583889157,0.015440622478828688,0.9845593775211712,0.0050975073516631685,0.9949024926483369,0.9899006631302061,0.010099336869793944,0.017987548464743777,0.9820124515352562,0.9920712938817654,0.007928706118234747,0.9850514322386296,0.014948567761370346,0.9956979649683814,0.0043020350316187,0.0066467464314716755,0.9933532535685282,0.007329136439501173,0.9926708635604987
0.9943035131308935,0.005696486869106462,0.009515663099781234,0.9904843369002189,0.003151555708360105,0.99684844429164,0.9924371878972345,0.007562812102765597,0.015090544436797264,0.9849094555632026,0.9938792886703168,0.006120711329683079,0.9892257553440674,0.010774244655932595,0.9964849625186777,0.003515037481322332,0.004320560698629559,0.9956794393013705,0.005062741498503844,0.9949372585014963
0.9934016609992083,0.006598339000791643,0.009517312930746709,0.9904826870692532,0.002931610064568352,0.9970683899354317,0.9923136329257999,0.007686367074200076,0.015497258828932173,0.9845027411710677,0.9938813998606814,0.00611860013931864,0.9878950711644616,0.012104928835538313,0.9964471427997642,0.0035528572002358114,0.004504905726552623,0.9954950942734474,0.005036939940412564,0.9949630600595875
0.9924729804076199,0.007527019592380186,0.011617490095674496,0.9883825099043255,0.0033466582248743424,0.9966533417751255,0.9911210616999206,0.008878938300079386,0.017168175881086233,0.9828318241189137,0.9928806369007337,0.00711936309926643,0.986584280222454,0.013415719777545894,0.9965297072388938,0.003470292761106264,0.0050370297184827925,0.9949629702815173,0.005776985923480284,0.9942230140765198
0.9940456913670858,0.005954308632914333,0.009947471634658272,0.9900525283653416,0.0027862975734094277,0.9972137024265905,0.9928042022302045,0.007195797769795535,0.015571541806997123,0.9844284581930028,0.9941092691277021,0.00589073087229789,0.9877904297666645,0.012209570233335354,0.996845270023277,0.003154729976722892,0.003928841618334044,0.9960711583816659,0.004749344919584472,0.9952506550804154
0.9909814033101075,0.00901859668989252,0.013733474808222023,0.986266525191778,0.0036975229285252263,0.9963024770714749,0.9905791745761173,0.009420825423882733,0.017891884529731075,0.982108115470269,0.991935552503923,0.008064447496076946,0.9834704543795753,0.016529545620424826,0.996028210214272,0.003971789785727988,0.00568879371246483,0.9943112062875352,0.006766710107437358,0.9932332898925627
0.9920885856505736,0.007911414349426542,0.012282910734556198,0.9877170892654438,0.0036108188443023585,0.9963891811556976,0.9913661745569682,0.008633825443031845,0.01594668095652415,0.9840533190434758,0.9933679171054144,0.006632082894585558,0.9855442386577463,0.014455761342253648,0.9962518811411873,0.0037481188588125935,0.005296046621446895,0.994703953378553,0.00530375451335171,0.9946962454866484
0.9939756979404875,0.006024302059512585,0.011477960914340848,0.9885220390856592,0.004141305335220125,0.9958586946647798,0.9918548622596632,0.008145137740336851,0.015393914298343385,0.9846060857016566,0.9937907446369774,0.006209255363022723,0.9856083613864459,0.014391638613554213,0.9952760540205933,0.004723945979406761,0.005346418108475936,0.994653581891524,0.004651683240241407,0.9953483167597585
0.993531193650435,0.00646880634956506,0.008790241512383867,0.9912097584876162,0.0033738833339241403,0.9966261166660759,0.9919789252375819,0.00802107476241806,0.013978291642663572,0.9860217083573365,0.993035101330153,0.006964898669846871,0.9862003734311333,0.01379962656886665,0.9952670631977545,0.00473293680224551,0.006124921695686948,0.9938750783043131,0.004348827347949792,0.9956511726520502
0.9948122766249198,0.0051877233750802325,0.010052259769871329,0.9899477402301287,0.0029245949024146994,0.9970754050975853,0.9918502326017495,0.00814976739825041,0.01489607535120125,0.9851039246487987,0.992902123874758,0.007097876125241963,0.9850490578074504,0.014950942192549516,0.996334347123039,0.003665652876960856,0.00588404830633879,0.9941159516936612,0.004370353711493654,0.9956296462885064
0.9898705456075784,0.010129454392421572,0.017666146510914048,0.982333853489086,0.00489766966072649,0.9951023303392735,0.9907443479976593,0.009255652002340742,0.02000289634757065,0.9799971036524294,0.9885988472953551,0.011401152704644958,0.9751063726455296,0.024893627354470385,0.9954644364860225,0.004535563513977503,0.0074748649700869816,0.9925251350299129,0.008664056291409646,0.9913359437085905
0.9929894417220624,0.007010558277937695,0.013652963539864308,0.9863470364601357,0.003754502216567912,0.9962454977834321,0.9920259769055282,0.0079740230944718,0.017209626660043397,0.9827903733399564,0.9908501972453997,0.009149802754600351,0.9808059158366995,0.019194084163300536,0.9962258684310318,0.0037741315689681695,0.005372464500351732,0.9946275354996483,0.005758098815644058,0.994241901184356
0.9940149624264063,0.0059850375735938256,0.012381783423771092,0.987618216576229,0.0035139579126438327,0.996486042087356,0.9924842084697411,0.0075157915302589105,0.016556878005929785,0.9834431219940701,0.9923597973596502,0.007640202640349747,0.9833209420297283,0.01667905797027177,0.997072334330309,0.002927665669690978,0.005093344405778103,0.9949066555942219,0.004582802272072761,0.9954171977279271
0.9948280689908504,0.005171931009149467,0.009391711191562973,0.9906082888084371,0.0030689423226721354,0.9969310576773279,0.9934151073552855,0.006584892644714517,0.014758321844449338,0.9852416781555506,0.9948865717443062,0.005113428255693928,0.9885742586551786,0.011425741344821567,0.9965825079632178,0.003417492036782319,0.003996043240909214,0.9960039567590908,0.004042754560903981,0.995957245439096
0.9954969293498274,0.004503070650172717,0.008260658264597119,0.9917393417354028,0.002903401790353118,0.9970965982096469,0.9935773007647679,0.006422699235232196,0.01407090597369941,0.9859290940263006,0.9950370422498038,0.0049629577501960915,0.9900064215135285,0.009993578486471411,0.996807211109553,0.0031927888904469625,0.004064461536619712,0.9959355384633803,0.0036987949217759625,0.9963012050782242
0.995611228804907,0.0043887711950929805,0.0071430965294638285,0.9928569034705361,0.0026204340435905787,0.9973795659564093,0.9942891633155818,0.0057108366844182456,0.013398301256497176,0.9866016987435028,0.9950180905398668,0.004981909460133118,0.9898991383639568,0.01010086163604305,0.9969369756868364,0.003063024313163596,0.003921844694701183,0.9960781553052988,0.003506165821840804,0.9964938341781591
0.9968140381943079,0.003185961805692148,0.005833074886673765,0.9941669251133263,0.0026366294990303367,0.9973633705009697,0.9944416433241074,0.005558356675892503,0.014231266921364734,0.9857687330786353,0.9944931927770441,0.00550680722295599,0.9899756051313939,0.010024394868606129,0.9960541644082923,0.0039458355917076846,0.0036809546457663403,0.9963190453542337,0.002830509375933098,0.997169490624067
0.9958724344786666,0.004127565521333468,0.0061890590479687976,0.9938109409520313,0.0023918998426504315,0.9976081001573495,0.9936113141393379,0.006388685860662134,0.01550266717491071,0.9844973328250893,0.993582646454895,0.006417353545104846,0.9875712165068994,0.012428783493100599,0.9959298055422987,0.004070194457701364,0.004325907084060781,0.9956740929159392,0.00283246149697983,0.9971675385030202
0.9950000331566276,0.004999966843372454,0.008616560271961397,0.9913834397280387,0.0026067788302098936,0.9973932211697902,0.9920147527761061,0.00798524722389389,0.017169615661510318,0.9828303843384896,0.9920357796239355,0.00796422037606446,0.9847236297597599,0.015276370240240122,0.995999248126221,0.004000751873779008,0.005188008009863945,0.994811991990136,0.004164783225892493,0.9958352167741076
0.9952990255192454,0.004700974480754718,0.008918899790870662,0.9910811002091293,0.0026190189273770604,0.9973809810726229,0.9936027833144084,0.006397216685591545,0.016978043384551732,0.9830219566154482,0.9928744229999704,0.007125577000029689,0.9858940815624905,0.014105918437509529,0.9969806721333251,0.0030193278666750434,0.0037628779708617603,0.9962371220291383,0.003701136669204639,0.9962988633307954
0.9957151302192734,0.0042848697807265634,0.008730578180748077,0.9912694218192519,0.0025240430693495627,0.9974759569306504,0.9939631476553535,0.006036852344646413,0.016069735024463846,0.9839302649755363,0.9939774215169388,0.006022578483061303,0.9868848226123237,0.013115177387676336,0.9972220791460782,0.0027779208539217867,0.003587805943358599,0.9964121940566414,0.0034599697269358243,0.9965400302730643
0.9964078632398747,0.0035921367601253573,0.006621509722936983,0.9933784902770629,0.002596029794972283,0.9974039702050278,0.9953307648947293,0.004669235105270869,0.013454388888705478,0.9865456111112945,0.9950473946865211,0.004952605313478713,0.988066181677145,0.011933818322854926,0.9969661936974918,0.0030338063025082663,0.003729610433535989,0.996270389566464,0.002672323186840136,0.9973276768131598
0.9960264700582797,0.003973529941720419,0.006914821897345234,0.9930851781026547,0.002161628631662796,0.9978383713683371,0.9940015723369993,0.005998427663000703,0.013679515601866097,0.9863204843981338,0.9954555501131815,0.004544449886818568,0.9894335715968243,0.010566428403175641,0.9966934451922597,0.0033065548077403613,0.003623249393177356,0.9963767506068226,0.0028879998020220903,0.9971120001979779
0.9955242231604862,0.004475776839513858,0.008816062952321324,0.9911839370476788,0.002310396960761992,0.997689603039238,0.9926243233366965,0.00737567666330355,0.014919532576006766,0.9850804674239932,0.9947234453234174,0.005276554676582581,0.9879135114820266,0.012086488517973462,0.9966583435761024,0.0033416564238976996,0.004524518695646216,0.9954754813043537,0.003848073735020024,0.9961519262649801
0.9964797443305036,0.003520255669496356,0.007879984443438962,0.9921200155565612,0.002154731127375807,0.9978452688726243,0.9938647261688693,0.00613527383113073,0.014735136282848709,0.9852648637171513,0.9947206249653271,0.005279375034672884,0.988093253895359,0.011906746104641026,0.9968854273824109,0.0031145726175890185,0.00370467633819972,0.9962953236618004,0.00312851740359631,0.9968714825964037
0.9967130548226539,0.0032869451773461273,0.0072914835537501044,0.9927085164462499,0.002076247416145159,0.9979237525838549,0.9940453264837559,0.00595467351624418,0.01484358670214888,0.985156413297851,0.994964066655322,0.00503593334467793,0.9890629189233918,0.01093708107660806,0.9972241696580828,0.002775830341917109,0.0034856604419652064,0.9965143395580347,0.0028311061718094108,0.9971688938281905
0.9969771747829227,0.003022825217077229,0.005986341012638523,0.9940136589873615,0.002101348175238883,0.9978986518247611,0.9951008172847587,0.004899182715241334,0.013716830646135075,0.986283169353865,0.9955571907665552,0.004442809233444732,0.9899428321582233,0.010057167841776616,0.9970770493740081,0.002922950625991928,0.003259551583320146,0.9967404484166797,0.0024819589186953293,0.9975180410813046
0.9971829567154928,0.002817043284507041,0.0060625762257584285,0.9939374237742417,0.002424647651792693,0.9975753523482072,0.9947768639275706,0.005223136072429404,0.014316811619816823,0.9856831883801832,0.9953978356074399,0.004602164392560098,0.9895587523271188,0.010441247672881116,0.9963591411691963,0.003640858830803576,0.0035322550293362598,0.9964677449706638,0.0023567164529853823,0.9976432835470146
0.9961940868309147,0.0038059131690852117,0.006724648097356254,0.9932753519026437,0.002237640611691302,0.9977623593883087,0.993692801811077,0.0063071981889229484,0.014839895349161721,0.9851601046508383,0.9940151065537873,0.005984893446212635,0.985686372692139,0.014313627307861083,0.9953762494422816,0.004623750557718357,0.004878930154272042,0.9951210698457279,0.0031580045057597586,0.9968419954942401
0.996239616452595,0.0037603835474051073,0.008044893184509651,0.9919551068154905,0.00370549429087718,0.9962945057091228,0.992108837257619,0.007891162742380964,0.018629852403445175,0.9813701475965548,0.9916573289460935,0.008342671053906396,0.9847190741937277,0.015280925806272308,0.9941472547520384,0.0058527452479617366,0.0057627260539455695,0.9942372739460543,0.0028633462805157093,0.9971366537194843
0.9963993132014181,0.0036006867985820382,0.007970540057001313,0.9920294599429987,0.0035423379880218228,0.9964576620119782,0.9930563246219564,0.006943675378043606,0.019251445169722787,0.9807485548302772,0.9918785111615153,0.008121488838484736,0.9848801554132564,0.015119844586743668,0.9955453681649074,0.0044546318350927,0.005232320729481945,0.9947676792705181,0.002801391382915241,0.9971986086170849
0.9845901978048638,0.015409802195136086,0.024533028698816517,0.9754669713011834,0.011338472139220379,0.9886615278607797,0.9854344667139828,0.014565533286017264,0.03339741114686519,0.9666025888531348,0.9722296863126298,0.02777031368737024,0.9420811088866551,0.05791889111334503,0.9822915101605975,0.01770848983940253,0.019274025931368847,0.9807259740686312,0.016266535042148627,0.9837334649578514
0.9865292051354518,0.013470794864548202,0.03495343108125996,0.96504656891874,0.011847961677866517,0.9881520383221335,0.9795759463387586,0.020424053661241417,0.03806894035755271,0.9619310596424473,0.9686613703901812,0.03133862960981882,0.9468050858197512,0.05319491418024881,0.9889206363297942,0.01107936367020584,0.018918760311650146,0.9810812396883499,0.01027964684620846,0.9897203531537915
0.9905630574705124,0.009436942529487525,0.02839086605381158,0.9716091339461884,0.007041307943632455,0.9929586920563674,0.9865878166407032,0.013412183359296887,0.03043787385379886,0.9695621261462012,0.9829293076796227,0.017070692320377237,0.9668351382904191,0.033164861709580905,0.9944515582226378,0.005548441777362208,0.008711035114815677,0.9912889648851843,0.009491586055268245,0.9905084139447317
0.9927631030137659,0.00723689698623417,0.020409684868547273,0.9795903151314527,0.010160518271144227,0.9898394817288558,0.9907179988471568,0.009282001152843142,0.025739091702239675,0.9742609082977602,0.9852104867054166,0.014789513294583514,0.9651866772823774,0.03481332271762246,0.9895557701913739,0.01044422980862604,0.012010900049287359,0.9879890999507126,0.007364824004575534,0.9926351759954244
0.9943304002515578,0.0056695997484421555,0.01483213957816469,0.9851678604218354,0.007285086765762269,0.9927149132342378,0.9901522181853714,0.009847781814628684,0.02153570517494182,0.9784642948250583,0.9882664432293201,0.011733556770679937,0.9763676925227155,0.0236323074772845,0.9926902517658496,0.007309748234150487,0.0109207296731544,0.9890792703268455,0.003832654079305346,0.9961673459206946
0.9845622932884727,0.015437706711527404,0.03383051384125936,0.9661694861587407,0.01176268099081392,0.988237319009186,0.9792194785149088,0.020780521485091186,0.030388503495654143,0.9696114965043459,0.980374289911162,0.0196257100888381,0.9566545028710581,0.04334549712894182,0.9841273477622666,0.01587265223773344,0.02038104025525985,0.97961895974474,0.015958163524012386,0.9840418364759876
0.989958438134289,0.01004156186571101,0.02904916449278707,0.970950835507213,0.015087914188263947,0.9849120858117361,0.9808098884066272,0.019190111593372774,0.03545581035551518,0.9645441896444847,0.9738768963677233,0.026123103632276674,0.9561418227231087,0.043858177276891265,0.9819939250569295,0.01800607494307043,0.019439907937341502,0.9805600920626585,0.009235774991543762,0.9907642250084563
0.9809462775530915,0.019053722446908422,0.0378266858893159,0.9621733141106842,0.017198685694098565,0.9828013143059016,0.9723528718698501,0.027647128130149818,0.04421361849520711,0.955786381504793,0.9556592180862765,0.0443407819137235,0.9395687437646019,0.060431256235398224,0.9812771061472131,0.01872289385278701,0.028471797431590135,0.97152820256841,0.01339248671673685,0.9866075132832631
0.9931126529390497,0.006887347060950268,0.015500468795036729,0.9844995312049631,0.008656754541052634,0.9913432454589473,0.9875575994691521,0.012442400530847848,0.025921141403523286,0.9740788585964766,0.9813011634662636,0.018698836533736437,0.9738806670896452,0.026119332910354984,0.9924325876815039,0.007567412318496136,0.01372782677828179,0.9862721732217182,0.0045293685580508735,0.995470631441949
0.9947244991340358,0.005275500865964132,0.011527301508253408,0.9884726984917467,0.0056488694926569,0.994351130507343,0.9930666180563396,0.006933381943660537,0.021653548859321387,0.9783464511406788,0.9905667816721974,0.009433218327802586,0.9819226699765559,0.01807733002344406,0.9953928848571639,0.004607115142836052,0.006102804767892471,0.9938971952321075,0.0036870044685575368,0.9963129955314425
0.9947820552765271,0.005217944723472966,0.008849796813216855,0.9911502031867833,0.005125233505294071,0.9948747664947059,0.9938621143713875,0.00613788562861244,0.018534078078334598,0.9814659219216654,0.9917213739360214,0.00827862606397865,0.9865284546202218,0.013471545379778226,0.9957383589990232,0.004261641000976765,0.006030764481627183,0.9939692355183729,0.003601269211162511,0.9963987307888376
0.9897974205846793,0.010202579415320732,0.01632825482931852,0.9836717451706816,0.006688217328542548,0.9933117826714575,0.9893315215201621,0.010668478479837984,0.023789512432159793,0.9762104875678401,0.9825424192093256,0.017457580790674346,0.9701086973433631,0.029891302656636802,0.9917414473902538,0.00825855260974609,0.011771506836637682,0.9882284931633624,0.010813448813172071,0.9891865511868279
0.983435598060232,0.01656440193976794,0.02931157844248007,0.97068842155752,0.00859388544044969,0.9914061145595504,0.9821940486302136,0.017805951369786324,0.030028494904981405,0.9699715050950186,0.9826648399086295,0.01733516009137035,0.9736056464030288,0.02639435359697133,0.994626071458526,0.005373928541473917,0.010410169428877044,0.9895898305711228,0.012101963185177228,0.9878980368148228
0.9835073409413173,0.016492659058682784,0.029413708764747915,0.9705862912352521,0.00875225707488031,0.9912477429251197,0.9830893459661769,0.01691065403382311,0.0312804529955537,0.9687195470044463,0.9817235053752289,0.018276494624771034,0.976054294270828,0.023945705729171995,0.9940520292714328,0.005947970728567334,0.008705277897810086,0.9912947221021899,0.016098397678610207,0.9839016023213898
0.9905259498836758,0.009474050116324248,0.017802881538318674,0.9821971184616813,0.005351743420342245,0.9946482565796577,0.9903123801906635,0.0096876198093365,0.02007154410766074,0.9799284558923392,0.991802073985069,0.00819792601493092,0.9821484934666082,0.017851506533391844,0.9959145349984064,0.00408546500159359,0.006113496290442494,0.9938865037095576,0.007638948584920365,0.9923610514150796
0.979762673541808,0.020237326458191998,0.03377646369271658,0.9662235363072835,0.009772653715981823,0.9902273462840181,0.9800374609071163,0.019962539092883702,0.02938995394982394,0.970610046050176,0.9844141759432065,0.015585824056793563,0.970798039196605,0.029201960803394916,0.991466251058234,0.008533748941765892,0.013636322666300894,0.986363677333699,0.01498636587949129,0.9850136341205087
0.94604337627476,0.05395662372524002,0.10006510853193307,0.8999348914680669,0.028277389291522473,0.9717226107084775,0.9440882856665298,0.055911714333470225,0.06405117010349554,0.9359488298965044,0.9551811697652606,0.04481883023473935,0.9323303141943516,0.06766968580564835,0.9767169442167327,0.02328305578326716,0.038560780310043334,0.9614392196899567,0.04978557609524406,0.9502144239047559
0.9524523338533568,0.047547666146643144,0.08556230608518768,0.9144376939148122,0.024333925099571167,0.9756660749004289,0.9565631170877218,0.043436882912278096,0.05391322614022337,0.9460867738597766,0.961189349218395,0.03881065078160492,0.94467384098237,0.05532615901763011,0.9832288525278873,0.016771147472112693,0.02880892534885917,0.9711910746511407,0.04111243283660506,0.9588875671633948
0.9640278673649862,0.03597213263501378,0.0660442754100586,0.9339557245899414,0.019788153870242024,0.9802118461297579,0.9667878155017475,0.033212184498252445,0.04068543230776783,0.9593145676922321,0.9727234169711688,0.027276583028831194,0.9584771862074908,0.041522813792509175,0.9876292599314823,0.012370740068517742,0.02188028304242024,0.9781197169575797,0.030165295579394413,0.9698347044206056
0.9814405166670127,0.01855948333298725,0.032835561169326385,0.9671644388306736,0.012023772471889318,0.9879762275281108,0.9810162404798215,0.018983759520178462,0.026354832432616476,0.9736451675673834,0.9853492628795351,0.014650737120464958,0.9770283928186215,0.022971607181378556,0.9925763903867038,0.007423609613296278,0.013858950860125292,0.9861410491398748,0.014406115534118021,0.9855938844658819
0.9864502414290767,0.013549758570923422,0.0219459383988215,0.9780540616011785,0.010621010125560729,0.9893789898744394,0.9861290360180485,0.013870963981951579,0.021780457324243895,0.9782195426757562,0.9881917106692145,0.011808289330785406,0.9814074113226248,0.018592588677375323,0.9916645207885739,0.008335479211426125,0.010539757595582655,0.9894602424044174,0.011039985190323986,0.988960014809676
0.9874062879941833,0.012593712005816611,0.016755627253367218,0.9832443727466328,0.008121920481970702,0.9918780795180293,0.9883308211776165,0.01166917882238351,0.017818668952168753,0.9821813310478313,0.9881851148864547,0.0118148851135454,0.9813425127937793,0.01865748720622069,0.9928167105866942,0.00718328941330576,0.011044919655010489,0.9889550803449895,0.009550534625015516,0.9904494653749845
0.9910552228662055,0.008944777133794612,0.012629679275226463,0.9873703207247735,0.005147488050002418,0.9948525119499975,0.9894356000278625,0.010564399972137565,0.017745094403125227,0.9822549055968748,0.9889669847149195,0.011033015285080425,0.9853764510144795,0.01462354898552064,0.9957266700562386,0.004273329943761366,0.00758829865868365,0.9924117013413164,0.0074883976693199605,0.99251160233068
0.990857201653068,0.009142798346931939,0.011669351591031857,0.9883306484089681,0.004990759780085292,0.9950092402199145,0.9918398728660915,0.008160127133908512,0.019494288021171653,0.9805057119788284,0.9898480437056325,0.010151956294367508,0.984906055656908,0.015093944343091987,0.9958816690360771,0.004118330963922863,0.0053823558878163345,0.9946176441121837,0.006832228087479413,0.9931677719125206
0.9906305274229809,0.00936947257701905,0.012293567766594297,0.9877064322334057,0.0052275593716364695,0.9947724406283636,0.9916827876361632,0.00831721236383669,0.020431736376770454,0.9795682636232295,0.9900273662122047,0.009972633787795294,0.9840578739807023,0.01594212601929776,0.9958341089564177,0.004165891043582237,0.005697244918884308,0.9943027550811157,0.0064768344568730445,0.9935231655431268
0.9924132805731921,0.007586719426807901,0.009623564372502351,0.9903764356274977,0.004156014991754882,0.9958439850082452,0.9932640685396739,0.006735931460326196,0.01751568240491806,0.982484317595082,0.992304397560772,0.00769560243922792,0.9867319101833864,0.013268089816613595,0.9964322350641583,0.0035677649358417047,0.0047119184726738365,0.9952880815273262,0.005085966767846527,0.9949140332321535
0.9850188752289595,0.014981124771040574,0.019543495642271036,0.980456504357729,0.006227734710493665,0.9937722652895064,0.9875847607351924,0.012415239264807542,0.02276590731035969,0.9772340926896402,0.9879261355128808,0.012073864487119234,0.9763622387408614,0.023637761259138686,0.9932865423138199,0.006713457686180044,0.008353073773542554,0.9916469262264574,0.012200563881897566,0.9877994361181025
0.9839038865416777,0.016096113458322306,0.025663624880572906,0.9743363751194272,0.007124187327974948,0.992875812672025,0.9832753668142477,0.016724633185752385,0.025608068204868478,0.9743919317951316,0.9856880984927632,0.014311901507236862,0.9775596427369293,0.022440357263070605,0.9945520715483755,0.005447928451624547,0.009479254852819821,0.9905207451471801,0.01215070356371044,0.9878492964362895
0.9819462837312237,0.018053716268776217,0.030230846470132678,0.9697691535298673,0.008534741590901415,0.9914652584090985,0.9823119828602681,0.017688017139731966,0.029511405917007984,0.970488594082992,0.9831970116063662,0.01680298839363383,0.9759104648686913,0.02408953513130859,0.9939362627359275,0.0060637372640725004,0.009582786727271106,0.990417213272729,0.016108469976923934,0.9838915300230762
0.9873833202388815,0.012616679761118417,0.019890297434123037,0.9801097025658769,0.0066775879249907555,0.9933224120750094,0.9892029111399845,0.010797088860015503,0.01938670009664662,0.9806132999033534,0.9915369051403778,0.00846309485962218,0.9804689039587431,0.019531096041256926,0.9944201203394231,0.00557987966057698,0.007496290688697935,0.992503709311302,0.009606562282625413,0.9903934377173746
0.9893633512627749,0.010636648737225175,0.01944757095160445,0.9805524290483956,0.005330478037259027,0.994669521962741,0.9870127103604033,0.012987289639596777,0.019366642775859318,0.9806333572241408,0.991009335596658,0.008990664403342015,0.9810607103425119,0.018939289657488007,0.9949320689008322,0.005067931099167835,0.008543349077072306,0.9914566509229278,0.007557453962505068,0.9924425460374948
0.9832298899645575,0.01677011003544253,0.03228895123907087,0.9677110487609291,0.00832326372285258,0.9916767362771474,0.980170064658627,0.01982993534137294,0.026977356796519948,0.97302264320348,0.9855953768815425,0.014404623118457425,0.9707851353458545,0.029214864654145356,0.9911817942190476,0.008818205780952357,0.013278422849275384,0.9867215771507246,0.015263363722041713,0.9847366362779583
0.9849052981217046,0.015094701878295393,0.029639337515624597,0.9703606624843754,0.007548821993663325,0.9924511780063366,0.9830080211873424,0.016991978812657516,0.02595921851146682,0.9740407814885332,0.9857377751198013,0.014262224880198692,0.9740505306722995,0.025949469327700526,0.9937396133018348,0.006260386698165216,0.0109862679372108,0.9890137320627893,0.01281201185493703,0.9871879881450629
0.9893433341626073,0.010656665837392757,0.01994916517282548,0.9800508348271745,0.005393475660622395,0.9946065243393777,0.988479855106419,0.011520144893581006,0.01947740511336844,0.9805225948866314,0.9910267290540807,0.008973270945919234,0.9810903924618372,0.01890960753816279,0.9954326411487017,0.00456735885129837,0.007116841015335036,0.9928831589846648,0.008851286777058284,0.9911487132229416
0.991914025495347,0.008085974504653006,0.013265610005498342,0.9867343899945017,0.004534069129558692,0.9954659308704413,0.9911415210028514,0.00885847899714849,0.016352288815162326,0.9836477111848376,0.9922532737090871,0.007746726290912953,0.9854942330419617,0.014505766958038369,0.9964130805161958,0.003586919483804187,0.006196297047209698,0.9938037029527902,0.006040501020862258,0.9939594989791378
0.9897429692746234,0.010257030725376655,0.014459001221178922,0.9855409987788212,0.00491727477207224,0.9950827252279278,0.9902796432300672,0.009720356769932792,0.01754621301418356,0.9824537869858163,0.9920392709192064,0.007960729080793486,0.9838882735458223,0.016111726454177595,0.9950880473146989,0.004911952685301218,0.006633282238022513,0.9933667177619776,0.007765479236320229,0.9922345207636798
0.9912256498610005,0.008774350138999593,0.01308795792155647,0.9869120420784435,0.004459234747418994,0.995540765252581,0.9908078762301222,0.009192123769877804,0.01634947506925409,0.9836505249307459,0.9927548006878355,0.00724519931216445,0.9860360362870574,0.013963963712942704,0.9960536105575412,0.003946389442458947,0.006153614653972477,0.9938463853460276,0.006042967209436808,0.9939570327905631
0.9947336802746781,0.005266319725321987,0.008416226727517814,0.9915837732724823,0.0033911371328397546,0.9966088628671603,0.9934230870032502,0.006576912996749741,0.014048515522047429,0.9859514844779526,0.9940390956981121,0.005960904301887856,0.9884472285156556,0.01155277148434452,0.9962811816389239,0.0037188183610761716,0.0044628166979250134,0.995537183302075,0.004215743456127794,0.9957842565438723
0.992112226842154,0.007887773157845886,0.009135107701113641,0.9908648922988863,0.0036501477533452645,0.9963498522466547,0.9919748257724756,0.008025174227524417,0.015782398028702443,0.9842176019712975,0.9916800070279244,0.008319992972075545,0.984863256844496,0.015136743155503856,0.9953631667576975,0.004636833242302423,0.005927494110374973,0.9940725058896249,0.005221834684751186,0.9947781653152489
0.9916927228997414,0.008307277100258637,0.012070543927096215,0.9879294560729037,0.004260334372292047,0.9957396656277079,0.9905078254697725,0.009492174530227559,0.01821564367029306,0.9817843563297071,0.9910552266406654,0.008944773359334586,0.9844255660948589,0.015574433905141159,0.996035990388754,0.003964009611245905,0.006245949350398288,0.9937540506496017,0.0057324643004684015,0.9942675356995315
0.9945948442507394,0.005405155749260651,0.008416445827262125,0.9915835541727378,0.003250582470638143,0.9967494175293619,0.994446792730784,0.005553207269216006,0.014620508688243206,0.9853794913117567,0.9943127268384038,0.0056872731615962915,0.9862004144020972,0.013799585597902791,0.9963305199269519,0.003669480073048055,0.004068360241062411,0.9959316397589375,0.003906205538241766,0.9960937944617583
0.9937149728873198,0.006285027112680051,0.008305746504886895,0.9916942534951131,0.0027953477982775635,0.9972046522017225,0.9929984658141686,0.007001534185831475,0.014756410077166935,0.9852435899228331,0.9924395757733051,0.007560424226694801,0.9843784886026111,0.015621511397388889,0.99627938575249,0.0037206142475099697,0.005413525284706758,0.9945864747152932,0.0039025316268077466,0.9960974683731924
0.9958640335247009,0.004135966475299017,0.006630378729586472,0.9933696212704136,0.0026724084266694773,0.9973275915733306,0.9942228872496728,0.005777112750327185,0.0136636406694653,0.9863363593305347,0.994331212086167,0.00566878791383306,0.98758722071573,0.012412779284269995,0.9965650706787029,0.003434929321297036,0.004501398518456839,0.9954986014815431,0.002369392364123011,0.997630607635877
0.9921307859042817,0.007869214095718202,0.01130838909270895,0.988691610907291,0.0031995615808874498,0.9968004384191126,0.9918716541345676,0.008128345865432393,0.01640420817049744,0.9835957918295026,0.9921776488268933,0.007822351173106793,0.9814889219864464,0.018511078013553433,0.9958742108102987,0.004125789189701204,0.00582553639093964,0.9941744636090604,0.004843458778769188,0.9951565412212308
0.9949179933284612,0.005082006671538662,0.008581185329403329,0.9914188146705967,0.002569963188174687,0.9974300368118252,0.9928350850876358,0.0071649149123642515,0.014206437061951451,0.9857935629380485,0.99405266229232,0.005947337707680028,0.9873771335212002,0.012622866478799804,0.9969933361124605,0.0030066638875394266,0.004744963143084111,0.9952550368569159,0.0032966164815596117,0.9967033835184405
0.9942872577708147,0.005712742229185359,0.010601533492153401,0.9893984665078466,0.0027541633684648823,0.9972458366315352,0.992630652367216,0.007369347632783982,0.016269580456271953,0.983730419543728,0.9926239773337713,0.007376022666228708,0.9845957926387386,0.015404207361261349,0.9969462159297562,0.003053784070243908,0.004645601568518612,0.9953543984314813,0.004463056772139797,0.9955369432278602
0.9943514542119704,0.005648545788029599,0.011028054296527246,0.9889719457034727,0.0028487842261035443,0.9971512157738964,0.9924753030053476,0.007524696994652437,0.016089827953917706,0.9839101720460823,0.9941350656391016,0.005864934360898413,0.9862974344294224,0.013702565570577679,0.9968824332646269,0.0031175667353732,0.004530430779517137,0.9954695692204829,0.004343345531128641,0.9956566544688714
0.9950436924901112,0.0049563075098888664,0.01002397492262205,0.9899760250773779,0.002675084421782002,0.997324915578218,0.9931843289867331,0.006815671013266964,0.01524350597275761,0.9847564940272423,0.9945068051946718,0.005493194805328256,0.9872655973056206,0.012734402694379377,0.9969406154288654,0.0030593845711345954,0.00411854573431894,0.9958814542656811,0.004252376417682935,0.9957476235823172
0.9942437714061723,0.005756228593827691,0.01048510919081291,0.989514890809187,0.0028333247050163633,0.9971666752949837,0.992218001028807,0.007781998971192993,0.015805818763332976,0.984194181236667,0.9945708499329216,0.005429150067078349,0.987933264742068,0.012066735257931902,0.9967039572953493,0.0032960427046506043,0.004368532833510199,0.9956314671664899,0.004400985768110838,0.9955990142318891
0.9937669424742376,0.006233057525762462,0.011730560220620306,0.9882694397793798,0.0029612676790909866,0.997038732320909,0.9912196770288345,0.008780322971165586,0.016973799023858892,0.9830262009761411,0.9936078498805745,0.006392150119425462,0.9864766028388318,0.013523397161168259,0.9963192112351863,0.0036807887648136993,0.00498965876585125,0.9950103412341487,0.005490423971454877,0.9945095760285452
0.9944578949953816,0.005542105004618422,0.010214271675073548,0.9897857283249265,0.0026995155168324718,0.9973004844831674,0.9923613026612241,0.0076386973387758475,0.015474202185474939,0.9845257978145252,0.9949282038389502,0.005071796161049759,0.9880843898984785,0.011915610101521609,0.9966071431360156,0.0033928568639843876,0.004150422027287795,0.9958495779727121,0.00424740893608687,0.9957525910639132
0.9837526391224579,0.016247360877542093,0.026082928697780876,0.9739170713022193,0.006671107197715976,0.9933288928022839,0.983589200690653,0.01641079930934689,0.024727072377775553,0.9752729276222244,0.9847745179115721,0.015225482088427951,0.9704672287295519,0.02953277127044813,0.9922784527313196,0.007721547268680325,0.0111892479625631,0.988810752037437,0.01382511343173103,0.9861748865682689
0.9897211378488422,0.01027886215115786,0.019088357975729654,0.9809116420242703,0.005215412539860828,0.9947845874601391,0.9866945640014324,0.013305435998567688,0.019193477519765342,0.9808065224802346,0.9902171117399143,0.009782888260085724,0.9792458290236412,0.02075417097635886,0.9941470587480233,0.005852941251976684,0.008322382129835387,0.9916776178701646,0.006929354958445789,0.9930706450415541
0.9827374125162198,0.017262587483780276,0.031548717686162776,0.9684512823138371,0.007734769600495019,0.9922652303995049,0.9806691539749802,0.019330846025019752,0.026526779193954214,0.9734732208060458,0.9834860292788722,0.016513970721127806,0.9695695420722217,0.030430457927778418,0.9929185852937814,0.007081414706218495,0.012328472258773066,0.9876715277412268,0.012655638463759085,0.9873443615362409
0.9896800303920351,0.010319969607964784,0.01746461709574888,0.982535382904251,0.006140702452155516,0.9938592975478444,0.9889442696616988,0.011055730338301222,0.016971698509557643,0.9830283014904424,0.9914375878824507,0.008562412117549172,0.9806826417871097,0.01931735821289027,0.9942594275518739,0.005740572448126048,0.008727735774068764,0.9912722642259312,0.006575118061006298,0.9934248819389937
0.9823907598802161,0.017609240119783955,0.02788180801956286,0.9721181919804371,0.008413540775566752,0.9915864592244332,0.9837152233109865,0.016284776689013496,0.02271479722297238,0.9772852027770276,0.9836426898381873,0.01635731016181281,0.9680786285977225,0.031921371402277604,0.992815739133167,0.007184260866832856,0.014082557001048357,0.9859174429989517,0.01182953144331862,0.9881704685566814
0.9877382343548194,0.012261765645180481,0.02025147718401019,0.9797485228159898,0.007241912303129641,0.9927580876968704,0.9875524711843873,0.012447528815612745,0.01860809260741039,0.9813919073925897,0.989519942872576,0.010480057127423928,0.9782339208514018,0.021766079148598086,0.9939457786146438,0.006054221385356085,0.01014992907026265,0.9898500709297374,0.007607931428513732,0.9923920685714863
0.988163083910441,0.011836916089558887,0.019706723412496137,0.9802932765875039,0.0056568805097381375,0.9943431194902619,0.9876694657777859,0.012330534222214001,0.020114935404031788,0.9798850645959682,0.9869076387331907,0.013092361266809247,0.9765987053626722,0.02340129463732772,0.9949012274444506,0.0050987725555493284,0.009089366265412025,0.9909106337345881,0.009296826811219586,0.9907031731887804
0.9853740230755107,0.014625976924489338,0.023074641128950527,0.9769253588710495,0.007056802748818818,0.9929431972511812,0.9864151795670908,0.013584820432909206,0.02225913872573946,0.9777408612742605,0.9877224774444131,0.012277522555586862,0.9773151365352919,0.0226848634647082,0.9950199401133193,0.004980059886680678,0.009891831143293396,0.9901081688567066,0.010679270329515196,0.9893207296704848
0.9787116207454264,0.021288379254573598,0.033334155952199594,0.9666658440478004,0.009931664392010412,0.9900683356079897,0.9830341858938798,0.016965814106120143,0.02902485538380957,0.9709751446161905,0.980700185232955,0.019299814767045127,0.9684949864949381,0.03150501350506174,0.9928550569767509,0.007144943023248946,0.012447346555075121,0.9875526534449249,0.01908309160467933,0.9809169083953205
0.9798424353265732,0.020157564673426658,0.03192842149101773,0.9680715785089824,0.00948468672993904,0.990515313270061,0.9832122443990349,0.016787755600965154,0.025985247211682713,0.9740147527883172,0.9859011165476974,0.014098883452302527,0.9730536703079631,0.026946329692036877,0.9928602464209632,0.007139753579036851,0.010984578858717195,0.9890154211412829,0.014537942101565176,0.9854620578984348
0.9878074837270716,0.012192516272928361,0.022019015112929443,0.9779809848870706,0.007512619666142649,0.9924873803338573,0.9866770402381737,0.013322959761826366,0.01944516866660537,0.9805548313333946,0.9897846831412045,0.010215316858795639,0.9803198033919811,0.019680196608019042,0.9941845114589618,0.005815488541038204,0.009114722859688914,0.9908852771403112,0.009566443087215796,0.9904335569127841
0.9898822226805347,0.010117777319465202,0.01529556269027426,0.9847044373097257,0.00620653327701473,0.9937934667229852,0.9883185233862047,0.01168147661379528,0.018256113043026007,0.9817438869569741,0.9910814436136259,0.008918556386374126,0.9858373940005074,0.014162605999492673,0.9945473821299873,0.005452617870012821,0.007588141984438369,0.9924118580155616,0.007261126959801953,0.992738873040198
0.9869031334249626,0.01309686657503743,0.017848732216439407,0.9821512677835605,0.006556170912399254,0.9934438290876009,0.9873118240951522,0.012688175904847747,0.01879394780258856,0.9812060521974114,0.9891241116708931,0.010875888329106857,0.9804027563940008,0.019597243605999203,0.9933973368759061,0.006602663124093916,0.009974038056860245,0.9900259619431397,0.010948787651701403,0.9890512123482986
0.9900240700333558,0.009975929966644132,0.012705766798826961,0.9872942332011732,0.005705045046035593,0.9942949549539644,0.9913138912049346,0.008686108795065258,0.01599218242612207,0.9840078175738779,0.9910930185975184,0.008906981402481482,0.9843267445381281,0.01567325546187191,0.9958014536188167,0.0041985463811832595,0.007216303148830714,0.9927836968511692,0.005835782059874405,0.9941642179401257
0.9949395007409045,0.005060499259095362,0.008768397513339802,0.9912316024866601,0.003070536508364376,0.9969294634916356,0.9927756024904766,0.007224397509523456,0.015684865536312282,0.9843151344636878,0.9926575643470877,0.007342435652912144,0.9881230147183397,0.011876985281660233,0.9970618500557766,0.0029381499442233884,0.004388910096246362,0.9956110899037536,0.004110627051616578,0.9958893729483834
0.9947195889645458,0.005280411035454102,0.007084862018952286,0.9929151379810478,0.003223866638638437,0.9967761333613616,0.9945293947308751,0.005470605269124985,0.015122697311189117,0.984877302688811,0.993722680112269,0.006277319887730977,0.9890051165547298,0.010994883445270144,0.9969084424203049,0.0030915575796951244,0.003967997500866274,0.9960320024991337,0.0036881368934813005,0.9963118631065186
0.9928038221357949,0.007196177864204996,0.009382231728453875,0.990617768271546,0.00313156844012921,0.9968684315598707,0.993349239437479,0.006650760562521037,0.015736584646647237,0.9842634153533528,0.9934576902605678,0.006542309739432171,0.9848082343234917,0.015191765676508217,0.9961299726970222,0.0038700273029778102,0.004755128589316977,0.995244871410683,0.005281519493466149,0.9947184805065338
0.9926586663870508,0.007341333612949235,0.010507819165262179,0.9894921808347379,0.003352053592207767,0.9966479464077922,0.9921918370239199,0.0078081629760801555,0.015931961069594137,0.9840680389304058,0.9933297378244746,0.006670262175525441,0.9865466390773154,0.013453360922684518,0.9968128654443524,0.0031871345556475183,0.004815424315895206,0.9951845756841049,0.004583599848154821,0.9954164001518451
0.9926519599130326,0.007348040086967363,0.01217677153612564,0.9878232284638743,0.0033538967000747684,0.9966461032999252,0.9909681221720312,0.00903187782796864,0.018132495014427,0.9818675049855731,0.9915025164929759,0.008497483507024076,0.9856570922640004,0.014342907735999487,0.9964805572359304,0.003519442764069598,0.0047258346275076265,0.9952741653724924,0.006232742147591362,0.9937672578524086
0.9938946471940471,0.006105352805952795,0.00889535012137059,0.9911046498786293,0.0030496441279408725,0.996950355872059,0.993491210715282,0.006508789284717975,0.014500734857103292,0.9854992651428967,0.9947164960295886,0.005283503970411423,0.9876679732035626,0.012332026796437407,0.9965892089979771,0.003410791002022895,0.00411720963311892,0.9958827903668811,0.0039464924734258135,0.9960535075265742
0.9960086148270535,0.003991385172946528,0.007738652067037388,0.9922613479329626,0.002934923008211565,0.9970650769917884,0.9935382376817823,0.006461762318217747,0.014147216556412332,0.9858527834435877,0.9950292326622965,0.004970767337703435,0.9891977589667464,0.010802241033253569,0.9965754759675166,0.00342452403248352,0.004195174855124654,0.9958048251448752,0.002924028720069562,0.9970759712799304
0.9935573780742641,0.006442621925735958,0.009531749473293539,0.9904682505267065,0.002999598040518089,0.997000401959482,0.9918140858479154,0.008185914152084545,0.014988654871905396,0.9850113451280947,0.993414165826788,0.0065858341732118715,0.983966255579309,0.016033744420691068,0.9944084160765299,0.00559158392347014,0.0062446858539335,0.9937553141460665,0.005244200840647828,0.9947557991593522
0.995909543842595,0.004090456157404943,0.009419110349221832,0.9905808896507782,0.002579372164063662,0.9974206278359363,0.9917411627691057,0.008258837230894253,0.015404166138045378,0.9845958338619547,0.9932322185206436,0.006767781479356338,0.9859098473499354,0.014090152650064629,0.9963334234119418,0.0036665765880583194,0.005548783903040942,0.9944512160969592,0.0032910453029777113,0.9967089546970224
0.996271510698962,0.0037284893010379023,0.008180512194742093,0.9918194878052579,0.0024138494732080357,0.997586150526792,0.9941940527587202,0.005805947241279812,0.015072979880367371,0.9849270201196326,0.9942535753323575,0.005746424667642458,0.9871956489105611,0.0128043510894388,0.9972779655056473,0.0027220344943528095,0.003810629326807995,0.996189370673192,0.0030939554740333883,0.9969060445259667
0.9960934604002925,0.003906539599707635,0.006782891951624037,0.993217108048376,0.0023578081355802236,0.9976421918644198,0.9949322892128631,0.005067710787136941,0.014023979353859812,0.9859760206461402,0.9942254872665378,0.005774512733462111,0.9881087854739485,0.01189121452605137,0.9972122748163231,0.0027877251836769565,0.003687627339516284,0.9963123726604837,0.003143314242135044,0.996856685757865
0.9960463617866075,0.0039536382133924,0.006652000623611736,0.9933479993763884,0.0023590786653402036,0.9976409213346599,0.9950914042803756,0.0049085957196244616,0.013718746873973798,0.9862812531260261,0.9949610552103644,0.005038944789635715,0.9887476967880403,0.011252303211959639,0.9973090518255313,0.002690948174468837,0.003460094311402315,0.9965399056885977,0.002762450697705965,0.997237549302294
0.996846825287983,0.0031531747120171452,0.006534869563950681,0.9934651304360494,0.0021658273875892866,0.9978341726124108,0.9948714213940846,0.005128578605915493,0.013376188240985057,0.9866238117590148,0.9959200506781343,0.004079949321865766,0.9895038738459678,0.010496126154032063,0.9968339916958467,0.0031660083041533827,0.003269685765177787,0.9967303142348223,0.002504795634739956,0.9974952043652601
0.9971903469556905,0.0028096530443095695,0.006353490303005817,0.9936465096969942,0.0029326363337831398,0.9970673636662168,0.9940154324341262,0.005984567565873988,0.015386170470998765,0.9846138295290011,0.9941510777664643,0.005848922233535763,0.989156426678267,0.010843573321733115,0.9957343046206635,0.004265695379336588,0.004138373167239188,0.9958616268327609,0.002647218620363521,0.9973527813796363
0.9966285163383413,0.003371483661658744,0.005592887477492304,0.9944071125225077,0.0025749197527688387,0.9974250802472311,0.9942334870685492,0.0057665129314507044,0.015140095843910201,0.9848599041560898,0.9938039546654976,0.006196045334502339,0.98777514388174,0.012224856118259953,0.9953955975661687,0.004604402433831334,0.004417922053871221,0.9955820779461287,0.0026858965422158704,0.9973141034577843
0.9958601408013408,0.00413985919865916,0.007581072628477516,0.9924189273715226,0.002661881193448224,0.9973381188065519,0.9929354125145416,0.0070645874854582645,0.016822333325562117,0.9831776666744378,0.9921047021636882,0.007895297836311922,0.9837127854051944,0.01628721459480551,0.9956399263846828,0.004360073615317184,0.005614850288361822,0.9943851497116383,0.003380675994116917,0.9966193240058829
0.9961026820661717,0.0038973179338282504,0.008136499276637456,0.9918635007233625,0.003407908684570554,0.9965920913154294,0.9937878306087309,0.0062121693912690675,0.018458484460120196,0.9815415155398797,0.9917099106441307,0.0082900893558693,0.9831858896487795,0.01681411035122049,0.995263515270901,0.004736484729099026,0.004866993719451862,0.9951330062805481,0.0030833159860402908,0.9969166840139597
0.9956515864908835,0.004348413509116501,0.008874556362501236,0.9911254436374988,0.003304910266928225,0.9966950897330717,0.9928215271176608,0.0071784728823391045,0.019694418176736277,0.9803055818232637,0.9903418862737248,0.009658113726275293,0.9816663375433751,0.01833366245662503,0.9955210859917608,0.004478914008239199,0.005527583190674646,0.9944724168093253,0.003255183244953365,0.9967448167550466
0.9955990957915757,0.004400904208424341,0.009707716049302144,0.9902922839506978,0.003075966028260485,0.9969240339717395,0.9932036905855868,0.00679630941441328,0.01839192682470209,0.9816080731752979,0.9915965341790097,0.008403465820990233,0.9804521410726416,0.01954785892735831,0.9958561860988929,0.0041438139011071165,0.0058692172633555955,0.9941307827366445,0.00367441333230272,0.9963255866676972
0.9954215749215869,0.004578425078413194,0.010367661986359552,0.9896323380136406,0.0026785534562790616,0.997321446543721,0.9929782107413913,0.007021789258608713,0.0176838179910415,0.9823161820089585,0.9937680983692726,0.006231901630727446,0.9853631584720894,0.014636841527910565,0.9965993998550802,0.0034006001449197795,0.00404632957679238,0.9959536704232076,0.003700743940536209,0.9962992560594638
0.9964075520130086,0.003592447986991435,0.009431083726135991,0.9905689162738641,0.0028492960128975384,0.9971507039871025,0.993494235900234,0.00650576409976611,0.015739935162365305,0.9842600648376346,0.9948302031322773,0.005169796867722649,0.9856504249373351,0.014349575062665022,0.9958913925893895,0.004108607410610415,0.004504462582032263,0.9954955374179678,0.003294930710790058,0.9967050692892099
0.9952482898098715,0.004751710190128658,0.01040333712099031,0.9895966628790096,0.0028832646211999543,0.9971167353788001,0.9915008464844756,0.008499153515524464,0.01739239134463905,0.9826076086553609,0.9920350173032622,0.007964982696737802,0.9816740829108139,0.018325917089185965,0.9949267157372225,0.00507328426277752,0.006644205651581384,0.9933557943484187,0.003961077271678158,0.9960389227283218
0.9929886328624425,0.007011367137557439,0.01739598338267366,0.9826040166173264,0.0038799510696989037,0.996120048930301,0.9869760494663681,0.013023950533631819,0.021800039051818196,0.9781999609481818,0.9906525116597076,0.009347488340292533,0.9796028990478917,0.02039710095210833,0.9946854596873251,0.005314540312674832,0.007863550699900084,0.9921364493000999,0.006652068442834998,0.993347931557165
0.9876343841011584,0.012365615898841565,0.027864466949287743,0.9721355330507122,0.0067797233597739,0.993220276640226,0.9849177674354624,0.015082232564537468,0.028769175939567678,0.9712308240604323,0.9853965645866767,0.014603435413323346,0.9725184526053143,0.02748154739468561,0.9941724336176385,0.005827566382361617,0.009602190090504592,0.9903978099094956,0.011941409461950223,0.9880585905380498
0.9909286866105781,0.009071313389421905,0.02204775433445689,0.9779522456655432,0.005374863688461627,0.9946251363115385,0.9882101153902267,0.01178988460977329,0.02338095839525023,0.9766190416047499,0.9893772175584643,0.0106227824415357,0.9769851074240453,0.02301489257595468,0.9946385851288084,0.005361414871191559,0.0072125940740538925,0.992787405925946,0.009069951205544843,0.990930048794455
0.9925377384883497,0.0074622615116502295,0.018372789295896037,0.9816272107041039,0.004800656490528329,0.9951993435094717,0.9889549586724508,0.011045041327549316,0.02093007278816312,0.9790699272118368,0.9911813412519721,0.008818658748027775,0.9818890489041618,0.018110951095838053,0.9962105046689516,0.0037894953310483983,0.0069443091439156815,0.9930556908560844,0.006504775945886352,0.9934952240541137
0.9912201992469958,0.008779800753004198,0.016534892822391574,0.9834651071776084,0.004889989810013539,0.9951100101899865,0.98858268740777,0.011417312592229929,0.020594635482427202,0.9794053645175727,0.9922465057182798,0.00775349428172014,0.9852049363909913,0.014795063609008672,0.9949355536588793,0.005064446341120625,0.0062455854931297095,0.9937544145068703,0.007527168255285423,0.9924728317447146
0.991172473858032,0.008827526141967993,0.01574104121900385,0.9842589587809962,0.004716564058275769,0.9952834359417242,0.9893357237294235,0.01066427627057658,0.018725029587203762,0.9812749704127963,0.9922716128103012,0.007728387189698725,0.9852703948297553,0.01472960517024467,0.9955755352832347,0.004424464716765379,0.006503250793493005,0.993496749206507,0.007223999183466675,0.9927760008165334
0.9941002326072857,0.0058997673927142355,0.01038850920819945,0.9896114907918006,0.003412074262653018,0.9965879257373469,0.9925644040290792,0.007435595970920877,0.014829817970787411,0.9851701820292126,0.9943744992150417,0.0056255007849581925,0.9882641592492075,0.011735840750792521,0.9963915199069558,0.0036084800930440424,0.004733231054562847,0.9952667689454373,0.004975862671431015,0.995024137328569
0.9954055901577283,0.004594409842271717,0.007619664113202578,0.9923803358867974,0.0024548260623822042,0.9975451739376179,0.9929440924552969,0.007055907544703123,0.014530831442873211,0.9854691685571269,0.9944769516337569,0.005523048366243046,0.9904097543172107,0.00959024568278937,0.9968629013314779,0.0031370986685222155,0.0038199365303709263,0.9961800634696291,0.0037966969086971705,0.9962033030913029
0.9945045046073314,0.005495495392668629,0.008085080990468379,0.9919149190095317,0.0026602560569869865,0.997339743943013,0.9931608868961386,0.006839113103861509,0.01487486193204103,0.9851251380679589,0.9944903482930024,0.005509651706997572,0.9893190069421421,0.010680993057857842,0.9968344173624358,0.0031655826375642615,0.003943196404502344,0.9960568035954975,0.004116988898989069,0.995883011101011
0.9946601683923572,0.005339831607642868,0.007824554869092622,0.9921754451309074,0.0026605890113177823,0.9973394109886822,0.9937807808172832,0.006219219182716729,0.014778104617938395,0.9852218953820616,0.9946415180286309,0.005358481971369196,0.9894262718458819,0.010573728154118004,0.9970892297272397,0.002910770272760236,0.0036702213384332983,0.9963297786615666,0.003729002968861592,0.9962709970311383
0.9928707020398685,0.007129297960131462,0.010308572375228734,0.9896914276247712,0.0029632740644587262,0.9970367259355414,0.9923208949753947,0.0076791050246054,0.016347939056946273,0.9836520609430537,0.9928963788182668,0.007103621181733183,0.9853687752115251,0.014631224788474801,0.9963554816800677,0.0036445183199323434,0.004716639724811437,0.9952833602751886,0.00558724640970966,0.9944127535902902
0.9946984799861912,0.0053015200138088305,0.008282857692682015,0.991717142307318,0.002736267580476893,0.997263732419523,0.993223583385707,0.006776416614292866,0.014578313775647346,0.9854216862243527,0.9943483610433916,0.005651638956608262,0.9875260078929308,0.012473992107069235,0.9963972079665648,0.0036027920334352195,0.004121230375357182,0.9958787696246427,0.0034845858483793807,0.9965154141516206
0.9917900993983086,0.008209900601691238,0.012480994179494035,0.9875190058205059,0.0035807534846453997,0.9964192465153545,0.9904608057408149,0.009539194259185252,0.017414986433522312,0.9825850135664776,0.9916599313880737,0.008340068611926234,0.9832180470962548,0.016781952903745238,0.9957778138023918,0.004222186197608056,0.00578842104318132,0.9942115789568187,0.0054419102842826325,0.9945580897157175
0.9922559450274482,0.007744054972551788,0.012779642111532066,0.987220357888468,0.0036035837356180036,0.9963964162643819,0.9906398489885808,0.00936015101141923,0.01680571777911416,0.9831942822208858,0.9926213987638025,0.007378601236197546,0.9849959370985545,0.015004062901445608,0.9964739892719556,0.003526010728044226,0.00592698379104024,0.9940730162089598,0.005797103541607816,0.9942028964583921
0.9938048543027249,0.006195145697275108,0.010766845194718096,0.9892331548052818,0.003059724341993808,0.9969402756580062,0.993178653349129,0.006821346650871047,0.015103164148971497,0.9848968358510286,0.9940905924146014,0.005909407585398456,0.9861429790929666,0.013857020907033486,0.9968293818905575,0.003170618109442617,0.004376499945838884,0.9956235000541611,0.004866383197160285,0.9951336168028398
0.9861575804553528,0.013842419544647181,0.024435319270757316,0.9755646807292426,0.006005597618470717,0.9939944023815294,0.9865095057101475,0.013490494289852517,0.02273209964467727,0.9772679003553227,0.9871196362231811,0.012880363776818875,0.9701742354589532,0.029825764541046802,0.9933645917085909,0.006635408291409143,0.01025099644718848,0.9897490035528116,0.011330425682953473,0.9886695743170465
0.9915853923598885,0.008414607640111597,0.017577629411819836,0.9824223705881802,0.0045765544536365416,0.9954234455463635,0.9888949901485827,0.011105009851417222,0.017965064325872415,0.9820349356741276,0.99087267002029,0.009127329979709848,0.9786150388786099,0.021384961121390093,0.9947534764143265,0.00524652358567342,0.007665609623000211,0.9923343903769998,0.0061849140421521955,0.9938150859578478
0.994029961825069,0.005970038174931092,0.015092725567111042,0.984907274432889,0.003929449598348605,0.9960705504016515,0.9897050882911311,0.01029491170886874,0.017293404910384027,0.982706595089616,0.9930756296522242,0.0069243703477757735,0.9838161154101144,0.01618388458988569,0.995853870654356,0.00414612934564389,0.006001298879003635,0.9939987011209963,0.004921884209750935,0.995078115790249
0.9931822077450693,0.006817792254930673,0.011552230216492848,0.9884477697835071,0.0035364468210165615,0.9964635531789834,0.9916558159231523,0.008344184076847644,0.015015061545219971,0.9849849384547801,0.9932502468254993,0.006749753174500802,0.9838672373508119,0.01613276264918814,0.9951724212946543,0.004827578705345631,0.00655800128704955,0.9934419987129504,0.00569478237825615,0.9943052176217438
0.9947297205168809,0.005270279483119065,0.010033980634534305,0.9899660193654657,0.0030851501930891185,0.996914849806911,0.9923783784827648,0.007621621517235242,0.014328866431685058,0.9856711335683149,0.9938003727736275,0.0061996272263724955,0.9866266880867806,0.013373311913219355,0.9967212647732692,0.0032787352267308893,0.005555864232505076,0.9944441357674948,0.0038417982904175303,0.9961582017095825
0.9955534842282289,0.004446515771771221,0.008419187952898052,0.9915808120471019,0.003174587512673915,0.996825412487326,0.9945941180650136,0.005405881934986271,0.013514968671716974,0.986485031328283,0.9947514216304016,0.005248578369598335,0.9866457284384005,0.013354271561599537,0.9967413220739318,0.0032586779260681876,0.004481368440875001,0.995518631559125,0.0032574975028581443,0.9967425024971418
0.9941334114938776,0.005866588506122553,0.008295928575501158,0.9917040714244989,0.0027090439725257404,0.9972909560274743,0.9929295410373845,0.007070458962615381,0.014650498459773753,0.9853495015402263,0.9919308992641972,0.008069100735802736,0.9840381452328064,0.015961854767193594,0.9957535186607153,0.004246481339284629,0.005568364778896856,0.9944316352211031,0.004703933512308529,0.9952960664876914
0.9945855995780359,0.005414400421964142,0.008184781045155418,0.9918152189548446,0.0027932017097052992,0.9972067982902947,0.9930016786748576,0.006998321325142435,0.014885994182168452,0.9851140058178315,0.9936172260612208,0.006382773938779223,0.9868864407725242,0.013113559227475887,0.9968094689664764,0.0031905310335236187,0.004699857660347793,0.9953001423396522,0.003162028930254426,0.9968379710697457
0.9950660600716448,0.004933939928355088,0.008345882688959964,0.9916541173110399,0.002684984078578553,0.9973150159214215,0.9938706532339158,0.006129346766084287,0.014930234230992111,0.9850697657690078,0.9946073367983739,0.005392663201626199,0.9882231765433966,0.011776823456603419,0.997278438920159,0.002721561079841044,0.0036786630365684275,0.9963213369634315,0.0033888070118386886,0.9966111929881613
0.9958538303027101,0.004146169697289963,0.006578795476120402,0.9934212045238795,0.002352345633506733,0.9976476543664932,0.9946425702516154,0.00535742974838461,0.013804044767688303,0.9861959552323118,0.9948369923890038,0.005163007610996073,0.9897858690855513,0.010214130914448588,0.9972690197070716,0.0027309802929283943,0.003557813290717673,0.9964421867092824,0.0031395312158838565,0.996860468784116
0.9959480210766941,0.004051978923305914,0.006172081615141893,0.9938279183848581,0.0024207611150804196,0.9975792388849195,0.9950279737536034,0.0049720262463966575,0.013491573383665243,0.9865084266163348,0.995131144455904,0.004868855544095999,0.9899531142368753,0.010046885763124638,0.9972376087671935,0.0027623912328065842,0.003407705335338451,0.9965922946646615,0.0027798817586931228,0.997220118241307
0.996652338883859,0.003347661116141131,0.00604913503993257,0.9939508649600673,0.0025163484761191357,0.997483651523881,0.9949773622214667,0.0050226377785332465,0.013688522263385896,0.9863114777366141,0.9955659806067982,0.0044340193932017515,0.9898801872403141,0.010119812759686011,0.9966289206638885,0.003371079336111484,0.003439348264680308,0.9965606517353197,0.002470455571155595,0.9975295444288445
0.9969269388579887,0.003073061142011445,0.005316411023661106,0.9946835889763388,0.0021109780887293116,0.9978890219112707,0.99441308407274,0.00558691592725994,0.014075966225020425,0.9859240337749796,0.9947261229774849,0.005273877022515173,0.9903508816707222,0.009649118329277888,0.9965544482987015,0.003445551701298406,0.0035689881497433045,0.9964310118502567,0.0025045485672411947,0.9974954514327588
0.9968633803634812,0.0031366196365188023,0.005534789444127884,0.9944652105558722,0.00237707082749837,0.9976229291725016,0.9944702540759748,0.005529745924025134,0.015116764657759466,0.9848832353422405,0.9946777292694047,0.00532227073059519,0.990157867105767,0.009842132894233017,0.9965995627016722,0.0034004372983280026,0.003559777086390957,0.9964402229136091,0.002343286625611254,0.9976567133743888
0.9970387621801601,0.002961237819839985,0.0057619489338616775,0.9942380510661383,0.002249413041795102,0.997750586958205,0.9949905523904647,0.0050094476095351986,0.015119811221949258,0.9848801887780507,0.9947245829830978,0.005275417016902109,0.9889510514880385,0.011048948511961493,0.9968103890129596,0.0031896109870404757,0.003510037637550168,0.9964899623624498,0.0023043892205780636,0.9976956107794218
0.9964076164962146,0.003592383503785448,0.00675244387057854,0.9932475561294214,0.0022749600327484267,0.9977250399672516,0.9943855818793712,0.005614418120628838,0.015954053976880236,0.9840459460231198,0.993581500665997,0.006418499334002915,0.9855490888130812,0.014450911186918717,0.9961340537423736,0.0038659462576264496,0.00417902144035269,0.9958209785596474,0.0032385118773843816,0.9967614881226156
0.9965375546278826,0.0034624453721173554,0.006992642867333961,0.9930073571326661,0.002338324965405873,0.9976616750345941,0.994225749539596,0.005774250460404023,0.015987385865541645,0.9840126141344583,0.9937381701813945,0.0062618298186054005,0.9867405360399318,0.01325946396006825,0.9966195680286951,0.0033804319713048835,0.003790878898200992,0.9962091211017989,0.0026095052633052264,0.9973904947366947
0.9945838865249444,0.005416113475055528,0.011258188466295178,0.9887418115337049,0.002736806070182107,0.9972631939298179,0.9918863514352351,0.008113648564764967,0.019027154806011092,0.980972845193989,0.9916172531591706,0.008382746840829377,0.9812392658296881,0.01876073417031182,0.9956095296650717,0.004390470334928409,0.004898162721890134,0.99510183727811,0.004706545153250169,0.9952934548467498
0.9959992339781648,0.004000766021835133,0.00951938830700771,0.9904806116929924,0.0026274186402991994,0.9973725813597007,0.9927420666272164,0.007257933372783457,0.016426677517025805,0.9835733224829742,0.9937629293781931,0.006237070621806887,0.9842987009381409,0.01570129906185926,0.9959136034548991,0.004086396545100903,0.004869978534004443,0.9951300214659955,0.002962604218305554,0.9970373957816945
0.9960413120368832,0.003958687963116801,0.009984174643367559,0.9900158253566326,0.0024349063680381942,0.9975650936319618,0.9923766786120726,0.007623321387927393,0.01638235212321443,0.9836176478767856,0.9941447565548984,0.005855243445101623,0.986025107570577,0.01397489242942284,0.9967760988179241,0.00322390118207593,0.004487275099868217,0.9955127249001318,0.003191870263799149,0.9968081297362009
0.99593170416959,0.0040682958304100415,0.009532590862135173,0.9904674091378648,0.002573842705103267,0.9974261572948967,0.9930220339045539,0.006977966095446142,0.01565940561947967,0.9843405943805204,0.9946729839380279,0.005327016061972036,0.9867507258703543,0.013249274129645829,0.9963748475748458,0.003625152425154155,0.004533301512907011,0.995466698487093,0.0036701135925066414,0.9963298864074933
0.9966280658085147,0.0033719341914852084,0.0091978296299748,0.990802170370025,0.0032921575952066045,0.9967078424047935,0.9934540100178849,0.006545989982115123,0.01622964362778199,0.9837703563722181,0.9939349323552052,0.006065067644794757,0.9844477067864683,0.015552293213531613,0.9949056449378122,0.005094355062187703,0.005182807410836945,0.994817192589163,0.003292028619301749,0.9967079713806983
0.996389383009424,0.003610616990575915,0.008396819443744727,0.9916031805562552,0.0027287985014412784,0.9972712014985587,0.9927115897254529,0.007288410274547201,0.016028812737108704,0.9839711872628912,0.9934873610871484,0.006512638912851564,0.984566491305231,0.015433508694769093,0.9953964671641039,0.004603532835896216,0.005747060998845055,0.994252939001155,0.0027249863369108434,0.9972750136630892
0.9971674754728048,0.0028325245271951234,0.007195549305758828,0.9928044506942412,0.0023762253141418397,0.9976237746858582,0.9931483975106129,0.006851602489387103,0.016021129313681926,0.9839788706863181,0.9937236656984557,0.006276334301544222,0.9879721029189641,0.012027897081035924,0.9962950310356191,0.0037049689643808563,0.004499751070133749,0.9955002489298663,0.0028377574673287545,0.9971622425326712
0.9969414744924346,0.003058525507565417,0.006369819581189658,0.9936301804188103,0.0024601484738896937,0.9975398515261102,0.9949826579484493,0.0050173420515507135,0.015432967231061082,0.984567032768939,0.994731151196544,0.005268848803455986,0.9881088955961629,0.01189110440383714,0.99659155601622,0.0034084439837800515,0.0036551163234571616,0.9963448836765427,0.002496535175193533,0.9975034648248065
0.9911779180111369,0.00882208198886315,0.014854434428512555,0.9851455655714874,0.004602251706515396,0.9953977482934846,0.9902413002676816,0.00975869973231826,0.021674604820151724,0.9783253951798483,0.9864857029610318,0.013514297038968235,0.9684584601549188,0.031541539845081255,0.9921546222835115,0.007845377716488501,0.009528907278304483,0.9904710927216955,0.007939614296923306,0.9920603857030768
0.9935871905686634,0.006412809431336537,0.014411924541653692,0.9855880754583463,0.004344178201629619,0.9956558217983703,0.9892494723896896,0.010750527610310263,0.020842073872153206,0.9791579261278469,0.9875430448183333,0.012456955181666602,0.9762437974850234,0.023756202514976465,0.9946368959251706,0.005363104074829539,0.00793967615563156,0.9920603238443685,0.004435386314047264,0.9955646136859526
0.9853656768421174,0.014634323157882574,0.02962103810028611,0.9703789618997138,0.00699188010166556,0.9930081198983345,0.983357406072794,0.016642593927206063,0.029229781347567537,0.9707702186524324,0.9812783081428531,0.01872169185714691,0.9659350008257716,0.034064999174228505,0.992985002430831,0.007014997569169007,0.010018374845058096,0.9899816251549419,0.012064634546087126,0.9879353654539128
0.9911417799288021,0.008858220071197851,0.018075571973805302,0.9819244280261947,0.00645333313359513,0.9935466668664048,0.9897188607717364,0.010281139228263679,0.018093838613556373,0.9819061613864436,0.9909363400111826,0.009063659988817394,0.9760289560313131,0.023971043968687027,0.9934709276171947,0.006529072382805441,0.009340218982005866,0.990659781017994,0.005541163449818539,0.9944588365501814
0.9487529034928096,0.051247096507190316,0.08985361757223637,0.9101463824277636,0.030112420695097796,0.9698875793049022,0.9556459146550677,0.044354085344932404,0.05291859937022166,0.9470814006297784,0.9414846477430127,0.05851535225698735,0.9037342065866141,0.09626579341338587,0.9741872244489805,0.02581277555101961,0.046626246474471646,0.9533737535255282,0.036643842977677234,0.9633561570223228
0.9436530479615453,0.05634695203845466,0.1179752037732507,0.8820247962267493,0.08324644676027027,0.9167535532397297,0.9314817763359834,0.06851822366401654,0.08179413349960228,0.9182058665003976,0.9162453046142747,0.0837546953857254,0.8714976213534025,0.1285023786465975,0.9244937572007855,0.07550624279921454,0.07259081914932021,0.9274091808506798,0.03786093241110031,0.9621390675888998
0.8929879960418322,0.10701200395816775,0.1990474561287816,0.8009525438712184,0.11471377374052764,0.8852862262594723,0.8752269070425988,0.12477309295740131,0.13415196157215992,0.8658480384278401,0.7940701262504736,0.20592987374952637,0.7555670232864894,0.24443297671351055,0.8927826077433625,0.10721739225663762,0.15298476102718556,0.8470152389728145,0.08174177942378229,0.9182582205762178
0.9685266179530081,0.03147338204699191,0.06652543088906299,0.933474569110937,0.048245016110603445,0.9517549838893965,0.9543618990408704,0.045638100959129686,0.055041704774832896,0.9449582952251672,0.9370126811909719,0.0629873188090281,0.9189359342202991,0.081064065779701,0.9617197454207199,0.038280254579280006,0.05911250441437579,0.9408874955856241,0.019186785106103013,0.9808132148938971
0.9869841112781866,0.013015888721813309,0.02906053798156418,0.9709394620184357,0.01793173628339016,0.9820682637166099,0.9852576188885307,0.014742381111469296,0.034253880076205605,0.9657461199237944,0.9640760009616524,0.03592399903834759,0.9549068708953251,0.045093129104675035,0.990104912351996,0.00989508764800397,0.021944571023363047,0.978055428976637,0.010051653364925923,0.9899483466350741
0.8912483673863648,0.1087516326136351,0.15126516310272276,0.8487348368972772,0.09041936896135983,0.9095806310386402,0.944174691349786,0.05582530865021403,0.0905178191180136,0.9094821808819865,0.8629510956790866,0.1370489043209135,0.8000373968434656,0.19996260315653447,0.9380965436555707,0.06190345634442917,0.1110432945173094,0.8889567054826906,0.0945286375889424,0.9054713624110576
0.8963584598324132,0.10364154016758678,0.18850409377048752,0.8114959062295126,0.08563609232923503,0.9143639076707649,0.9213977376953761,0.07860226230462387,0.11371056318795451,0.8862894368120455,0.830621659672889,0.16937834032711088,0.8311791491172559,0.16882085088274404,0.9625150943982796,0.03748490560172033,0.0992542184591627,0.9007457815408373,0.10114553982060408,0.898854460179396
0.890105260836588,0.10989473916341205,0.1871091678595827,0.8128908321404174,0.0680966016420662,0.9319033983579338,0.9254482079407751,0.07455179205922481,0.1105908630604179,0.8894091369395821,0.8977421788339229,0.10225782116607708,0.8818662145038801,0.1181337854961198,0.9666456871645438,0.03335431283545626,0.060137462221899314,0.9398625377781008,0.10441919159521228,0.8955808084047877
0.8877109500115281,0.11228904998847186,0.17955835504563553,0.8204416449543644,0.08751186466727376,0.9124881353327262,0.9331547447198187,0.06684525528018134,0.08236058482290397,0.917639415177096,0.9080845084237185,0.09191549157628155,0.8810404311739709,0.11895956882602915,0.9548951858814008,0.045104814118599255,0.07212295849519404,0.927877041504806,0.09518056953061697,0.9048194304693831
0.85528422539809,0.14471577460190996,0.2032303054014097,0.7967696945985904,0.09819781973267867,0.9018021802673213,0.8939959983962786,0.10600400160372152,0.09885244390890055,0.9011475560910994,0.8922189519036202,0.10778104809637974,0.8841113629888455,0.11588863701115451,0.9506826995301024,0.04931730046989756,0.09931750164919483,0.900682498350805,0.09478080996336537,0.9052191900366345
0.8984818219148822,0.10151817808511772,0.15018764662567416,0.8498123533743257,0.06397949711747364,0.9360205028825264,0.9083172489590289,0.09168275104097112,0.08778080302348777,0.9122191969765122,0.9259941354543151,0.07400586454568485,0.9139579799421744,0.08604202005782564,0.9570319484831652,0.04296805151683483,0.06976215398327902,0.930237846016721,0.08777480244073196,0.9122251975592681
0.9355565348756433,0.06444346512435672,0.09882152742444704,0.901178472575553,0.052492269722700304,0.9475077302772996,0.9499975186171137,0.050002481382886335,0.05523832429357167,0.9447616757064283,0.9466046398635326,0.05339536013646752,0.9389113244132721,0.06108867558672789,0.969482928324604,0.030517071675396083,0.04666971662657764,0.9533302833734223,0.051523425076091305,0.9484765749239087
0.9635669652071379,0.036433034792862154,0.05141348527340005,0.9485865147265999,0.026088646797614183,0.9739113532023858,0.9660751933368648,0.033924806663135326,0.03756069354889448,0.9624393064511055,0.964524720022443,0.03547527997755703,0.9689526291621577,0.031047370837842182,0.9874278025234616,0.012572197476538245,0.02881359648493144,0.9711864035150686,0.024372410329270105,0.9756275896707298
0.9848865516701976,0.015113448329802576,0.016522358901923936,0.9834776410980761,0.010838593127766924,0.9891614068722332,0.9858407932226916,0.014159206777308527,0.024649150612586816,0.9753508493874131,0.9839619883047149,0.01603801169528499,0.9867313888285656,0.013268611171434479,0.9933849414970738,0.006615058502926232,0.010485048165366984,0.989514951834633,0.010626672788386032,0.9893733272116139
0.9880452998874539,0.011954700112545976,0.014044942397765601,0.9859550576022343,0.007536089970674143,0.9924639100293258,0.9898436995373405,0.0101563004626594,0.023375206624290833,0.9766247933757092,0.9894531402315752,0.01054685976842492,0.9865830877863501,0.013416912213649875,0.9952087830326843,0.00479121696731553,0.006878080456436895,0.9931219195435631,0.00751675603865786,0.9924832439613421
0.979094856132117,0.020905143867883,0.021249223423675783,0.9787507765763241,0.010243062602208723,0.9897569373977914,0.9868856253813402,0.013114374618659738,0.024850225790684934,0.9751497742093151,0.9834527389913241,0.01654726100867591,0.9753454077561438,0.02465459224385629,0.9926477743506911,0.007352225649308796,0.011570641202757088,0.9884293587972428,0.015012436910897844,0.9849875630891021
0.9853951350875292,0.014604864912470759,0.0183724439786556,0.9816275560213444,0.007391313399762946,0.9926086866002372,0.9867841943801411,0.013215805619858929,0.024520303709887257,0.9754796962901128,0.9847113223963382,0.015288677603661942,0.9812839436222132,0.018716056377786706,0.9949938698447823,0.005006130155217552,0.00819594203488832,0.9918040579651117,0.01072253329201096,0.989277466707989
0.9852433269341165,0.01475667306588349,0.020655708478887425,0.9793442915211126,0.01060481075123117,0.9893951892487689,0.9874144331670217,0.012585566832978219,0.02613290682511497,0.973867093174885,0.9859423771423147,0.01405762285768521,0.9759646980932538,0.02403530190674627,0.9907473916280087,0.00925260837199118,0.009011926898346857,0.9909880731016533,0.010782115315670011,0.9892178846843299
0.9577591685842647,0.04224083141573524,0.041308155700002874,0.9586918442999971,0.02336962294570647,0.9766303770542935,0.9714366430468313,0.02856335695316869,0.03765403918828528,0.9623459608117146,0.9590068100207859,0.04099318997921419,0.9490838928896332,0.05091610711036681,0.9810265236140107,0.018973476385989427,0.02864600479988511,0.971353995200115,0.02496774669471259,0.9750322533052874
0.9832794979179575,0.01672050208204235,0.0236665903610999,0.9763334096389001,0.010253873717060182,0.9897461262829398,0.9815304826521807,0.018469517347819386,0.023939696901994306,0.9760603030980057,0.9827727060467708,0.017227293953229285,0.9760245199344517,0.023975480065548265,0.9923502010367728,0.0076497989632271345,0.014024188593894494,0.9859758114061055,0.009660946223385274,0.9903390537766147
0.9900023518488585,0.009997648151141458,0.01684041382656649,0.9831595861734335,0.005806322788505804,0.9941936772114941,0.9904742722192174,0.009525727780782785,0.019691847998170045,0.9803081520018301,0.9897630641031462,0.010236935896853774,0.9818481060866093,0.018151893913390716,0.9968388566576534,0.0031611433423465464,0.006770592903899514,0.9932294070961005,0.007038598705001014,0.992961401294999
0.9938396274355065,0.006160372564493674,0.010813372351106118,0.9891866276488939,0.004019987236634893,0.9959800127633651,0.993338466694922,0.006661533305078061,0.016655446199458638,0.9833445538005414,0.9921699076541537,0.007830092345846303,0.9857812471917378,0.014218752808262321,0.9967296240047524,0.0032703759952475925,0.005183300861715729,0.9948166991382842,0.005183511755364025,0.9948164882446359
0.9885245816627293,0.011475418337270806,0.01672928596624902,0.983270714033751,0.005647534942954921,0.994352465057045,0.9911269049506456,0.008873095049354499,0.019435713791575354,0.9805642862084247,0.988331043632698,0.011668956367302035,0.9761522035831321,0.02384779641686795,0.995202735729294,0.0047972642707060755,0.008012909133758015,0.991987090866242,0.009574867766218551,0.9904251322337814
0.9899531834687803,0.010046816531219827,0.01713186317099572,0.9828681368290042,0.004648176225376624,0.9953518237746233,0.9889512210602143,0.011048778939785755,0.01934440815232031,0.9806555918476798,0.9921174549008142,0.007882545099185873,0.983064576602173,0.01693542339782697,0.9955435039029008,0.004456496097099176,0.006151702801281608,0.9938482971987183,0.006839020280547232,0.9931609797194527
0.9908762394693631,0.009123760530636882,0.018416712864565456,0.9815832871354346,0.004346572722205083,0.9956534272777949,0.9869349256030556,0.013065074396944378,0.02185538176810991,0.9781446182318901,0.9902468647497696,0.009753135250230242,0.9830297839319077,0.01697021606809237,0.9954539266029596,0.0045460733970403575,0.0064988426257254935,0.9935011573742745,0.008302218308514063,0.9916977816914859
0.9914079802437924,0.008592019756207587,0.013946959481435768,0.9860530405185643,0.004032249327119629,0.9959677506728803,0.9903473030704455,0.00965269692955452,0.017851587079503732,0.9821484129204961,0.9930898583715602,0.006910141628439794,0.9860869468566431,0.013913053143356903,0.9961512417864127,0.0038487582135873564,0.005573623546413597,0.9944263764535863,0.006285407102512032,0.9937145928974879
0.9840451884182801,0.01595481158171976,0.02463382115626491,0.9753661788437351,0.0067037837779252134,0.9932962162220748,0.9847653256916545,0.015234674308345436,0.024081114233395616,0.9759188857666045,0.987878108867531,0.012121891132468967,0.976609093929346,0.02339090607065397,0.9937187796606154,0.006281220339384618,0.00976496052288555,0.9902350394771143,0.012341448103255577,0.9876585518967443
0.979636727770582,0.020363272229417917,0.03440916773325763,0.9655908322667425,0.009263792069001176,0.9907362079309988,0.979328218242976,0.02067178175702397,0.02944028849573758,0.9705597115042625,0.9842851971976728,0.015714802802327173,0.9733033160638015,0.026696683936198458,0.9928483766312345,0.007151623368765415,0.01275598666637405,0.987244013333626,0.01602792269432462,0.9839720773056755
0.9865368464518267,0.0134631535481732,0.023678465596383747,0.9763215344036161,0.006763423394813938,0.9932365766051859,0.9860726679460462,0.013927332053953792,0.0220620930611754,0.9779379069388247,0.989333150438584,0.010666849561416057,0.9793340364814704,0.020665963518529437,0.9938480677191536,0.0061519322808463745,0.008155344172400459,0.9918446558275996,0.011864299896902466,0.9881357001030975
0.97670226814981,0.02329773185019,0.03441572507382931,0.9655842749261706,0.01012583816798714,0.9898741618320129,0.9785735854795672,0.021426414520432854,0.02809544436162026,0.9719045556383796,0.9826758503140547,0.017324149685945252,0.9698936674814831,0.030106332518516982,0.9912855219949075,0.00871447800509264,0.014684869975847968,0.9853151300241519,0.016405540842401672,0.9835944591575982
0.9837040764574227,0.01629592354257712,0.026365236468104496,0.9736347635318955,0.008025428530282468,0.9919745714697176,0.9825451954030126,0.017454804596987398,0.02347589123902288,0.9765241087609771,0.9874655831542731,0.012534416845726867,0.978460577647963,0.021539422352036954,0.9935301999120157,0.006469800087984236,0.011191494535701268,0.9888085054642987,0.011513084279015031,0.988486915720985
0.9776744268674483,0.022325573132551704,0.03365834619652162,0.9663416538034783,0.01030990052971885,0.9896900994702812,0.9815249474175138,0.01847505258248625,0.027314912134587296,0.9726850878654127,0.9832422982199295,0.016757701780070425,0.9705350198564721,0.0294649801435279,0.9924878950444964,0.007512104955503547,0.013620592720940596,0.9863794072790594,0.01611965752106107,0.9838803424789389
0.9796801371751767,0.02031986282482342,0.0322154737354836,0.9677845262645164,0.009518672281471175,0.9904813277185289,0.9819898765024935,0.01801012349750642,0.027009150685444707,0.9729908493145554,0.983487794400226,0.016512205599773833,0.9714186392518361,0.028581360748163913,0.992750596784267,0.007249403215732849,0.013278190414099654,0.9867218095859003,0.016557443812706674,0.9834425561872934
0.9859473346211169,0.014052665378883092,0.02245492689390558,0.9775450731060945,0.007988585285470985,0.992011414714529,0.9879337638342226,0.012066236165777445,0.019993906929976733,0.9800060930700233,0.9887800965713331,0.011219903428666921,0.9761231148580392,0.023876885141960763,0.9929868694791221,0.007013130520877966,0.0093679719522282,0.9906320280477718,0.0111321470333968,0.9888678529666033
0.9881617642451381,0.011838235754861778,0.019738212348411784,0.9802617876515881,0.007105677135533293,0.9928943228644668,0.9865179424473092,0.013482057552690854,0.02026755986796397,0.9797324401320361,0.989109765807904,0.010890234192095874,0.980994849040637,0.019005150959362848,0.9943454607907786,0.005654539209221462,0.00922231761764595,0.9907776823823542,0.008179329942570496,0.9918206700574294
0.9881435961489492,0.01185640385105067,0.015571839162730515,0.9844281608372696,0.0059849560448460275,0.9940150439551539,0.9888482596611846,0.011151740338815472,0.01805072099095967,0.9819492790090404,0.9895077961563027,0.0104922038436974,0.981487155080259,0.018512844919741093,0.9939060385467552,0.006093961453244757,0.008596509043108415,0.9914034909568916,0.009843356509316835,0.9901566434906831
0.9887766204084931,0.011223379591506861,0.016025742715448866,0.9839742572845511,0.005641633301860693,0.9943583666981393,0.989742262221874,0.01025773777812595,0.01837998751135351,0.9816200124886464,0.990059272779321,0.009940727220678855,0.9818006114459534,0.01819938855404659,0.9958188773985832,0.004181122601416738,0.0078104677776926834,0.9921895322223073,0.007552926209552536,0.9924470737904475
0.9924402347419486,0.007559765258051338,0.011143409586634517,0.9888565904133654,0.00457099459167155,0.9954290054083285,0.99315793353914,0.0068420664608601165,0.015542478444902905,0.9844575215550971,0.9924392284927268,0.00756077150727331,0.9841326246535058,0.0158673753464942,0.9958750470707933,0.004124952929206627,0.005462367799943048,0.9945376322000569,0.00559378350027039,0.9944062164997295
0.9889335003537854,0.011066499646214537,0.013186105574875841,0.9868138944251242,0.0050499777074361415,0.9949500222925638,0.9902998694460331,0.009700130553966969,0.018100782691379224,0.9818992173086208,0.9877934694348213,0.012206530565178857,0.9786142099705111,0.021385790029488844,0.9946692145935736,0.005330785406426322,0.008059151716496118,0.9919408482835038,0.007404488224415677,0.9925955117755844
0.991338581905718,0.008661418094281928,0.01179414497611304,0.988205855023887,0.004842144190236743,0.9951578558097633,0.99097222560671,0.009027774393289955,0.017263644091826742,0.9827363559081733,0.9915525403706758,0.008447459629324252,0.9836705335052008,0.016329466494799272,0.9951316508945712,0.004868349105428818,0.006401434385423439,0.9935985656145766,0.004720148909981395,0.9952798510900186
0.9948487265507009,0.005151273449299067,0.008943071450544399,0.9910569285494556,0.003426193895880105,0.9965738061041199,0.9931520644488203,0.006847935551179744,0.015066380287419004,0.984933619712581,0.9940188671036757,0.00598113289632435,0.9876549492425466,0.012345050757453489,0.9968010771616448,0.0031989228383551248,0.004638769319483636,0.9953612306805163,0.0033882018480139216,0.9966117981519861
0.99566794371343,0.00433205628656993,0.005880058906472741,0.9941199410935272,0.0024176668316080417,0.997582333168392,0.9948592956866722,0.0051407043133279455,0.012786439592248604,0.9872135604077514,0.9947274735091223,0.005272526490877727,0.9889897077271597,0.011010292272840427,0.9966943387941818,0.0033056612058181825,0.004122651175501971,0.995877348824498,0.0032134549310903204,0.9967865450689096
0.9866824933262205,0.01331750667377951,0.01817709123665106,0.9818229087633489,0.005894856566992148,0.9941051434330077,0.9884563344469882,0.011543665553011862,0.020439855557495865,0.9795601444425042,0.9848502837356035,0.015149716264396578,0.9700904158457948,0.029909584154205276,0.993601998132933,0.006398001867067069,0.010797049954119288,0.9892029500458807,0.010906829185154529,0.9890931708148454
0.9893669496130638,0.010633050386936191,0.01846197864290867,0.9815380213570912,0.005027338628070188,0.9949726613719297,0.989342838873967,0.010657161126033043,0.01971000334734588,0.980289996652654,0.9892239735414764,0.01077602645852362,0.977282119155442,0.02271788084455796,0.9958471277199331,0.004152872280066915,0.006936214161763728,0.9930637858382362,0.00674948625004942,0.9932505137499505
0.9793950967956235,0.020604903204376482,0.037675339109249945,0.96232466089075,0.010058267911626024,0.989941732088374,0.9796435662245311,0.02035643377546888,0.03242585419765132,0.9675741458023486,0.9746522364725468,0.0253477635274532,0.9627251076184355,0.03727489238156452,0.9923125737647424,0.007687426235257576,0.013317020813103216,0.9866829791868968,0.01855780112781406,0.9814421988721861
0.9844600769310388,0.01553992306896131,0.027128907952409166,0.9728710920475908,0.008051229161883049,0.9919487708381169,0.986237445054954,0.013762554945045916,0.02254333797814174,0.9774566620218582,0.987286748169272,0.012713251830727981,0.9736225077382106,0.026377492261789454,0.9946568623070736,0.00534313769292635,0.010159923207774639,0.9898400767922254,0.010188311599972941,0.989811688400027
0.9883625279593974,0.011637472040602559,0.026954402115487462,0.9730455978845125,0.006808913211431965,0.9931910867885679,0.9848854514242387,0.015114548575761276,0.023309438540461778,0.9766905614595383,0.99003939311809,0.009960606881910132,0.9781223236314542,0.02187767636854576,0.9945477794613158,0.005452220538684313,0.009077010624793115,0.9909229893752068,0.009460447114730763,0.9905395528852692
0.9898602530886773,0.010139746911322647,0.019826320518193247,0.9801736794818068,0.006419692180149599,0.9935803078198503,0.987289667202495,0.012710332797504907,0.02092984679568587,0.9790701532043141,0.9908428238294141,0.009157176170585875,0.9831980302783576,0.01680196972164234,0.9944970798930048,0.0055029201069950765,0.008226210391527499,0.9917737896084725,0.008664199077797521,0.9913358009222025
0.9947384268173286,0.005261573182671373,0.01026142005976215,0.989738579940238,0.004178097499280814,0.9958219025007191,0.9925313886247409,0.0074686113752590495,0.015023063183172907,0.9849769368168271,0.9936829007268648,0.006317099273135204,0.9883030602489847,0.011696939751015266,0.9953951246706023,0.004604875329397823,0.005337744530084618,0.9946622554699154,0.005230997542378885,0.9947690024576211
0.9943727147622028,0.00562728523779717,0.007954421702588154,0.9920455782974118,0.003009222355573798,0.9969907776444261,0.9930924506971538,0.006907549302846206,0.013618032099538824,0.9863819679004611,0.9943819264772302,0.005618073522769889,0.9884054454675218,0.011594554532478223,0.9961899970374014,0.003810002962598496,0.005284881394727833,0.9947151186052722,0.0038684366581771203,0.996131563341823
0.9826212645358426,0.0173787354641574,0.027971665662822803,0.9720283343371773,0.008240893238083802,0.9917591067619161,0.9805382045569547,0.01946179544304515,0.027037271030863765,0.9729627289691363,0.9775981739906481,0.022401826009352074,0.96454207341919,0.03545792658081008,0.9899097919603355,0.010090208039664473,0.015085919805125608,0.9849140801948744,0.018420413886894728,0.9815795861131053
0.9854538252853553,0.014546174714644805,0.022615276911242148,0.9773847230887578,0.007659943920465411,0.9923400560795345,0.9858737076418757,0.014126292358124282,0.02337255275204256,0.9766274472479575,0.9836334052447906,0.016366594755209327,0.9736183629202219,0.026381637079778045,0.9937057845785597,0.006294215421440336,0.009148718978507496,0.9908512810214926,0.00950895747068386,0.9904910425293162
0.9871028383874783,0.012897161612521675,0.024121125578723514,0.9758788744212765,0.006849804221313456,0.9931501957786865,0.9853628334147277,0.01463716658527227,0.024488613252134854,0.9755113867478651,0.9846625073758638,0.015337492624136207,0.9757775184465534,0.02422248155344671,0.9955914318370828,0.00440856816291715,0.008642254032458876,0.991357745967541,0.009639167258097532,0.9903608327419026
0.9916417951773729,0.008358204822627143,0.011741872145027707,0.9882581278549721,0.007371276407617133,0.992628723592383,0.9935492117932379,0.006450788206762112,0.0161959770846342,0.9838040229153658,0.9916569315090334,0.008343068490966528,0.9820543157900729,0.017945684209927235,0.993942532940124,0.006057467059875994,0.007695226118959015,0.992304773881041,0.00521654056248164,0.9947834594375184
0.9723403755993149,0.027659624400685236,0.032831809117370034,0.9671681908826301,0.014693778118653598,0.9853062218813463,0.9803823236298213,0.01961767637017872,0.025599659696473143,0.974400340303527,0.9769677999858567,0.023032200014143314,0.9581116166942132,0.04188838330578683,0.986977024163549,0.013022975836450904,0.021039703235987757,0.9789602967640122,0.015754019836883418,0.9842459801631165
0.9831014052416802,0.016898594758319743,0.02562383993160002,0.9743761600684,0.011609263744889325,0.9883907362551105,0.9823242060938754,0.017675793906124664,0.021351114847386048,0.978648885152614,0.9839565548267263,0.01604344517327376,0.9759796813673441,0.024020318632655868,0.9922789531221197,0.007721046877880483,0.01589241754759149,0.9841075824524085,0.009659519611857317,0.9903404803881427
0.9942277552587603,0.0057722447412396636,0.01163602550749193,0.9883639744925081,0.003821687816372466,0.9961783121836275,0.9915890793918495,0.008410920608150484,0.017356510637420025,0.98264348936258,0.9907578485157915,0.009242151484208474,0.9860782419060462,0.013921758093953716,0.9969939940665669,0.0030060059334330452,0.005234726768068169,0.9947652732319318,0.0053860053270566735,0.9946139946729434
0.9950970512838959,0.0049029487161041515,0.007028423052004096,0.9929715769479959,0.004126557070785711,0.9958734429292144,0.9951093887721064,0.004890611227893555,0.014989298686224626,0.9850107013137753,0.9939440637517806,0.0060559362482193865,0.9876906981772048,0.012309301822795299,0.9958383123368181,0.004161687663181921,0.004623740105037128,0.9953762598949629,0.0034644718491803877,0.9965355281508196
0.9937219115728895,0.006278088427110546,0.007609175080316897,0.992390824919683,0.0031580335933624366,0.9968419664066376,0.9935152207906245,0.006484779209375494,0.015027959249758322,0.9849720407502417,0.9912771279929643,0.008722872007035644,0.9811077047935415,0.01889229520645862,0.9950164258149579,0.004983574185042261,0.006982646464618527,0.9930173535353813,0.003970639983883038,0.996029360016117
0.9946113720682369,0.005388627931763043,0.009774901959822802,0.9902250980401772,0.00298406587988325,0.9970159341201168,0.9914556074083593,0.008544392591640772,0.016230840131021447,0.9837691598689785,0.9934716754581826,0.006528324541817459,0.9864070522946792,0.013592947705320747,0.996439425564127,0.003560574435872907,0.005433498649360187,0.9945665013506398,0.0033329897708404273,0.9966670102291595
0.9962894880957187,0.0037105119042813617,0.007795013759966124,0.992204986240034,0.003093751871403842,0.9969062481285962,0.9937225962430798,0.006277403756920268,0.016285958755314647,0.9837140412446854,0.9933605269301103,0.006639473069889579,0.9870890568163424,0.012910943183657635,0.9958941224859353,0.0041058775140647265,0.004215803836623758,0.9957841961633763,0.0034763844827694853,0.9965236155172306
0.9961238286980886,0.0038761713019114887,0.0058665210904960945,0.9941334789095039,0.002910989693919083,0.997089010306081,0.9943232866194365,0.005676713380563438,0.015592240671156235,0.9844077593288438,0.9936443154982451,0.0063556845017548646,0.9886144510573331,0.011385548942666858,0.9964659768577008,0.0035340231422992976,0.004490927149249997,0.99550907285075,0.0023051681358950316,0.9976948318641051
0.9888599013110434,0.011140098688956704,0.013443592323962413,0.9865564076760376,0.005309956591156977,0.9946900434088431,0.9905246439886609,0.00947535601133912,0.01913975060375323,0.9808602493962467,0.986508427351326,0.01349157264867388,0.9712595913725989,0.02874040862740121,0.9925816699654108,0.007418330034589312,0.010490194415932816,0.9895098055840673,0.008885955877323166,0.9911140441226769
0.98691622908329,0.013083770916710018,0.02238390530892262,0.9776160946910774,0.006553670770230777,0.9934463292297692,0.9863318718221937,0.013668128177806245,0.023560332980281564,0.9764396670197184,0.985770102529531,0.014229897470469077,0.9752265851301211,0.024773414869879072,0.9957650325645593,0.004234967435440742,0.008898981903584742,0.9911010180964154,0.008299575621653905,0.9917004243783462
0.9811737743953292,0.018826225604670843,0.039058054146134176,0.9609419458538657,0.010137424319700815,0.9898625756802992,0.9801430704243551,0.01985692957564476,0.035569971048188924,0.9644300289518111,0.9749413613168169,0.02505863868318324,0.962195648961726,0.03780435103827401,0.9922099683708021,0.007790031629197883,0.012708744203439822,0.9872912557965602,0.019093003153175497,0.9809069968468245
0.9584214676605608,0.04157853233943935,0.07917533535477624,0.9208246646452238,0.023463054283171164,0.9765369457168289,0.9661470417451172,0.033852958254882805,0.05314169329911588,0.9468583067008841,0.9561279597187352,0.04387204028126489,0.9360050784207201,0.06399492157927995,0.9868965251163321,0.013103474883667988,0.028454333413768282,0.9715456665862318,0.038903965468355374,0.9610960345316447
0.9669708397191394,0.033029160280860476,0.07462274565799547,0.9253772543420046,0.023885069531547235,0.9761149304684529,0.9711171044874607,0.028882895512539274,0.041215025025384884,0.9587849749746151,0.9745491878629681,0.025450812137032045,0.9415614742467017,0.05843852575329841,0.9807974379863609,0.019202562013639134,0.02280066802694933,0.9771993319730506,0.029367734094285444,0.9706322659057146
0.9754839454265138,0.024516054573486233,0.0630549467585692,0.9369450532414308,0.021085580307976432,0.9789144196920234,0.9624439585938095,0.037556041406190434,0.04122815169119876,0.9587718483088012,0.9739591612972396,0.026040838702760406,0.9607720427178256,0.039227957282174354,0.9856660067557134,0.014333993244286681,0.025581314548125567,0.9744186854518745,0.02150249392727654,0.9784975060727235
0.9699871211472403,0.030012878852759665,0.05313117186928568,0.9468688281307143,0.019496893774470257,0.9805031062255296,0.9688186826867208,0.03118131731327923,0.03815954680204821,0.9618404531979518,0.9713767595916964,0.028623240408303552,0.9504152592842311,0.04958474071576899,0.9794202864463432,0.020579713553656818,0.027219386595871288,0.9727806134041286,0.032574203038796275,0.9674257969612038
0.9778274052934612,0.022172594706538748,0.041287332920914306,0.9587126670790856,0.018458155714294985,0.981541844285705,0.9767914070562089,0.023208592943791104,0.027225681094020165,0.9727743189059799,0.9781486814025931,0.021851318597406775,0.9658985944084549,0.03410140559154515,0.9878846372823177,0.012115362717682312,0.02319243420890358,0.9768075657910965,0.014133209483353198,0.9858667905166467
0.9694705503301889,0.030529449669811023,0.047210682463980004,0.95278931753602,0.01788895018526071,0.9821110498147393,0.9751486426927607,0.024851357307239325,0.032163025864107755,0.9678369741358923,0.9657306452959123,0.03426935470408761,0.9544583923239297,0.0455416076760702,0.9899942343642195,0.010005765635780435,0.024501980585112833,0.9754980194148872,0.021871148587287555,0.9781288514127124
0.9880806381207692,0.011919361879230702,0.014525246394491011,0.985474753605509,0.007494834007287285,0.9925051659927127,0.9894573990765877,0.010542600923412176,0.018049440518671526,0.9819505594813285,0.9861749524886803,0.013825047511319705,0.9825534081585078,0.017446591841492273,0.9952702899671994,0.004729710032800698,0.009012125175029287,0.9909878748249706,0.007364271477818996,0.992635728522181
0.9867440482317839,0.013255951768216043,0.016969551551737364,0.9830304484482626,0.006888174958570918,0.993111825041429,0.9892119199124564,0.01078808008754348,0.02114341225091168,0.9788565877490883,0.9884145246271474,0.01158547537285261,0.9816305613862207,0.018369438613779376,0.9960177154241514,0.003982284575848557,0.007539084891323383,0.9924609151086765,0.007667443701613912,0.9923325562983862
0.9873507931727701,0.01264920682722991,0.016671634108967347,0.9833283658910327,0.006891783200880332,0.9931082167991196,0.9889398602720771,0.011060139727922812,0.021217718578625963,0.978782281421374,0.9901417511404017,0.009858248859598337,0.9847284924911512,0.015271507508848755,0.9953736767999048,0.004626323200095192,0.007458749766602139,0.9925412502333979,0.008604675638950829,0.9913953243610492
0.9811302142487889,0.018869785751211218,0.023070771369458995,0.9769292286305411,0.008766857730447577,0.9912331422695524,0.9859279732332088,0.01407202676679135,0.02503247289050739,0.9749675271094926,0.9843115307786133,0.01568846922138656,0.9767896823016788,0.023210317698321083,0.9935992721074891,0.006400727892510923,0.010374763422163497,0.9896252365778365,0.015221051133513895,0.9847789488664861
0.9108473086472335,0.08915269135276657,0.1171647599982179,0.882835240001782,0.04352389357579737,0.9564761064242026,0.94488569570021,0.055114304299789994,0.07030239715901497,0.9296976028409851,0.9295559353061242,0.07044406469387562,0.9098864657912347,0.09011353420876542,0.9723154764385166,0.027684523561483324,0.04974147549518584,0.9502585245048142,0.07826839943532299,0.9217316005646771
0.9279308569467116,0.07206914305328842,0.11388649078397224,0.8861135092160278,0.03758583016810996,0.9624141698318901,0.944372765636936,0.05562723436306405,0.06733680958807872,0.9326631904119214,0.9354819470579256,0.06451805294207436,0.9271235866536289,0.07287641334637113,0.9784346651267373,0.02156533487326277,0.039719220665117655,0.9602807793348824,0.06359799650576718,0.9364020034942327
0.9372174144825699,0.06278258551743003,0.10565984717287812,0.894340152827122,0.034008378824102396,0.9659916211758977,0.9518091974009131,0.048190802599086924,0.058086195904583825,0.9419138040954163,0.9536656892487985,0.046334310751201584,0.9371177126772604,0.06288228732273955,0.9807057019950334,0.019294298004966536,0.03337851354841435,0.9666214864515857,0.05228993601215571,0.9477100639878443
0.9579247134147153,0.04207528658528465,0.06747298359557606,0.9325270164044239,0.02437933126022521,0.9756206687397747,0.9650140044069879,0.03498599559301212,0.04235874747979031,0.9576412525202096,0.9708843649482877,0.02911563505171229,0.9577160041327013,0.042283995867298814,0.9861245365055755,0.013875463494424468,0.027099910543679766,0.9729000894563202,0.03152211596648851,0.9684778840335115
0.9746854096224434,0.025314590377556522,0.042271011889160603,0.9577289881108394,0.015330393382725798,0.9846696066172741,0.9753663941940081,0.024633605805992036,0.03328468454411437,0.9667153154558856,0.9806853737708976,0.019314626229102506,0.9705100015338158,0.02948999846618424,0.9890180539322733,0.010981946067726818,0.01734727917635036,0.9826527208236496,0.020999599529626545,0.9790004004703735
0.9811163389140284,0.018883661085971566,0.03154383014123461,0.9684561698587654,0.014451125385370836,0.9855488746146291,0.9827447569167874,0.017255243083212524,0.025148458244840275,0.9748515417551599,0.9844470582882244,0.01555294171177541,0.974113324077718,0.025886675922281926,0.9893444311221045,0.01065556887789548,0.015029871600998947,0.9849701283990011,0.015942336408340325,0.9840576635916597
0.9842895723901399,0.015710427609860116,0.020014505000452067,0.9799854949995479,0.008563033744064415,0.9914369662559356,0.9849843139065609,0.015015686093439076,0.020740146640889034,0.979259853359111,0.9842449247303551,0.015755075269644956,0.9789700071998365,0.021029992800163565,0.9924226017639561,0.007577398236043873,0.011893547227836521,0.9881064527721635,0.012293191720949588,0.9877068082790504
0.9910277739674916,0.008972226032508291,0.012186922604173103,0.9878130773958268,0.004804522026995658,0.9951954779730042,0.9891114710133501,0.010888528986649958,0.018423955868396836,0.981576044131603,0.9903527016674752,0.00964729833252467,0.9868383411571224,0.013161658842877677,0.9955121312152653,0.0044878687847346435,0.006453506747329488,0.9935464932526706,0.006646038695677456,0.9933539613043225
0.9907545055231158,0.00924549447688413,0.011976254051777057,0.9880237459482228,0.004890170605572874,0.995109829394427,0.9915631854443834,0.008436814555616718,0.01920462269638591,0.9807953773036141,0.9909371183655822,0.009062881634417803,0.9855367798388144,0.014463220161185533,0.9961246522073769,0.0038753477926230036,0.005503251112672806,0.9944967488873271,0.006371368407364696,0.9936286315926354
0.9935474918435274,0.00645250815647243,0.008219547832799783,0.9917804521672002,0.0041251579322688125,0.9958748420677312,0.9938618742232179,0.006138125776782215,0.016160292543193424,0.9838397074568065,0.9932349325054112,0.006765067494588835,0.9876285830750645,0.012371416924935515,0.9960041390856298,0.0039958609143701355,0.004562050142078146,0.9954379498579219,0.004325400652221005,0.995674599347779
0.990288392846088,0.009711607153912038,0.01006964395392919,0.9899303560460709,0.0047557306172033055,0.9952442693827966,0.9919605868302994,0.008039413169700659,0.01783093660154385,0.9821690633984561,0.9900901614435138,0.00990983855648634,0.9827357334614987,0.01726426653850136,0.994963299824329,0.005036700175671143,0.006602524063864974,0.9933974759361349,0.005900294866965635,0.9940997051330344
0.9885340534521223,0.01146594654787769,0.015864285505275407,0.9841357144947246,0.005632189283798783,0.9943678107162013,0.9881990132093559,0.011800986790644103,0.021645121038585936,0.9783548789614142,0.9888392173198374,0.011160782680162625,0.9817152436851826,0.018284756314817446,0.9951655603320062,0.00483443966799375,0.007493064081222346,0.9925069359187776,0.008016723904970805,0.9919832760950292
0.9855060790577311,0.014493920942268788,0.019957637239053687,0.9800423627609464,0.006884918899154418,0.9931150811008457,0.9879078341761669,0.012092165823833219,0.024745583271045635,0.9752544167289544,0.9856981586575355,0.014301841342464613,0.979273103825907,0.020726896174092985,0.9950732669033872,0.004926733096612799,0.007545968398009113,0.992454031601991,0.011939287837750254,0.9880607121622498
0.9884601275034041,0.011539872496596009,0.015898524786451318,0.9841014752135486,0.005561883555054071,0.9944381164449461,0.9905477713810498,0.009452228618950283,0.019954103327310475,0.9800458966726896,0.9901891339668959,0.009810866033103969,0.9823816895957433,0.017618310404256647,0.995778029502794,0.004221970497206016,0.005932347930830105,0.9940676520691698,0.0082686979123793,0.9917313020876207
0.994269362025855,0.005730637974145039,0.01059429054734726,0.9894057094526526,0.0031268331924710195,0.9968731668075289,0.9929457595616658,0.007054240438334219,0.014819130408516974,0.985180869591483,0.9942916568914899,0.005708343108509993,0.9866547013090462,0.013345298690953732,0.997131693811695,0.0028683061883049716,0.004547884973549226,0.9954521150264507,0.004152512114413853,0.9958474878855861
0.9959035779411849,0.004096422058815127,0.008760820521786962,0.991239179478213,0.0028002355634795645,0.9971997644365205,0.993293823893488,0.006706176106512025,0.01413225106060117,0.9858677489393988,0.9952837840311619,0.004716215968838063,0.9893131682055275,0.01068683179447252,0.9963840225849906,0.0036159774150093037,0.003923757021686787,0.9960762429783131,0.0035595944056390676,0.996440405594361
0.9955058205500036,0.004494179449996513,0.008511194087938117,0.991488805912062,0.0025157352034434937,0.9974842647965566,0.9930333987040203,0.006966601295979716,0.013908588229005028,0.9860914117709949,0.9947366547535398,0.005263345246460232,0.9878106926890491,0.012189307310950786,0.9961254634040427,0.003874536595957185,0.004692265182055309,0.9953077348179447,0.003951503455098458,0.9960484965449016
0.9961406986772056,0.0038593013227945588,0.007892733402470502,0.9921072665975295,0.002290576452482635,0.9977094235475172,0.9933805148649439,0.006619485135056121,0.013994097924210188,0.9860059020757899,0.9947465869251028,0.005253413074897311,0.9888414679152209,0.011158532084779241,0.9970830210692618,0.0029169789307382176,0.004268741629471505,0.9957312583705286,0.0032270502965683874,0.9967729497034317
0.9965934449278695,0.0034065550721304716,0.006565238897748876,0.9934347611022512,0.0020916534461993324,0.9979083465538007,0.9945832597701919,0.00541674022980817,0.014084945315442503,0.9859150546845575,0.9949244481894831,0.005075551810516817,0.9897519413942244,0.010248058605775665,0.9971878056557185,0.002812194344281537,0.003206680495716164,0.9967933195042837,0.0030266914496439572,0.9969733085503559
0.9845308257900599,0.015469174209940172,0.02295284323409564,0.9770471567659043,0.00686224210227814,0.9931377578977219,0.9865093959862429,0.013490604013757124,0.02495227640299283,0.9750477235970072,0.9819137454320529,0.018086254567947196,0.96288371914985,0.03711628085014997,0.9909198178994081,0.009080182100591931,0.011782103154503936,0.988217896845496,0.014289243677229424,0.9857107563227706
0.9887620259005,0.011237974099499944,0.021738984227549506,0.9782610157724506,0.006024182001800592,0.9939758179981995,0.9857969149858578,0.014203085014142193,0.02187795400071894,0.9781220459992811,0.9862805742365095,0.013719425763490441,0.9726458355433758,0.027354164456624332,0.9937381362857406,0.006261863714259418,0.009603506830416284,0.9903964931695837,0.007026744060013729,0.9929732559399863
0.9914714884673714,0.008528511532628525,0.021279384585900247,0.9787206154140997,0.004931383728372435,0.9950686162716276,0.986752916415458,0.013247083584541913,0.022162667770859706,0.9778373322291402,0.989615181284089,0.010384818715911168,0.9797662852054371,0.02023371479456297,0.9958859540703632,0.0041140459296368295,0.006890506865933351,0.9931094931340666,0.007370303505442476,0.9926296964945576
0.9932800065572407,0.006719993442759199,0.011717030382463462,0.9882829696175365,0.004348722670882075,0.995651277329118,0.9926409535803955,0.007359046419604581,0.016538178415920403,0.9834618215840796,0.9929858536177606,0.0070141463822394915,0.9864675319276216,0.013532468072378364,0.996380149053316,0.0036198509466839855,0.005538396906266207,0.9944616030937338,0.0053624883235438145,0.9946375116764561
0.9937783485826049,0.006221651417395057,0.011991655852187186,0.9880083441478129,0.007066519882609492,0.9929334801173904,0.9931712390531674,0.006828760946832674,0.01698871336787562,0.9830112866321243,0.9918760361356845,0.008123963864315508,0.9811214371115139,0.018878562888486192,0.9925816222643132,0.00741837773568687,0.007799069187195753,0.9922009308128042,0.0052683333731926105,0.9947316666268073
0.987480464538455,0.012519535461544998,0.018033925106005898,0.9819660748939942,0.008594524101969252,0.9914054758980307,0.987069968101101,0.012930031898898983,0.019280222530226588,0.9807197774697736,0.9844564359558052,0.015543564044194722,0.967316132092159,0.03268386790784088,0.9886856166182924,0.011314383381707583,0.016089948506906662,0.9839100514930933,0.007601784798032598,0.9923982152019672
0.995091861835674,0.00490813816432606,0.011832002155520136,0.9881679978444797,0.00415303327837388,0.9958469667216261,0.9880714642014206,0.011928535798579477,0.019579937853583487,0.9804200621464164,0.9880646053130271,0.011935394686972776,0.9835712935945752,0.016428706405424896,0.9943237551377148,0.005676244862285272,0.007737453194281644,0.9922625468057185,0.004991261949571901,0.9950087380504282
0.9951320742509424,0.0048679257490576505,0.008785723495408045,0.991214276504592,0.003100709059238004,0.9968992909407621,0.9938747145014493,0.006125285498550842,0.017443063748694445,0.9825569362513057,0.9920207492716204,0.007979250728379555,0.9854865000401558,0.014513499959844228,0.9970421923431192,0.0029578076568808386,0.004196343332955062,0.9958036566670448,0.003749607368520343,0.9962503926314796
0.9960745165871409,0.0039254834128591804,0.006763323767131532,0.9932366762328686,0.003215525502964259,0.9967844744970358,0.9952781373361812,0.0047218626638187,0.015564979510380808,0.9844350204896191,0.993583091811187,0.006416908188813133,0.9865769270966671,0.013423072903332842,0.9964331624323957,0.0035668375676042785,0.004178465151352332,0.9958215348486477,0.0028462474549520917,0.9971537525450478
0.9953841872975436,0.004615812702456463,0.006877485876879492,0.9931225141231205,0.00300169326785854,0.9969983067321415,0.9946764691516552,0.005323530848344927,0.015733418644648268,0.9842665813553518,0.9924629181999522,0.0075370818000477105,0.9851779214070713,0.014822078592928768,0.9966095848384743,0.003390415161525762,0.004784330905095587,0.9952156690949044,0.0028752677096024627,0.9971247322903974
0.9960335794518965,0.003966420548103457,0.006685758846550931,0.993314241153449,0.002459903064931065,0.997540096935069,0.993961177390141,0.006038822609859092,0.014703975875569012,0.985296024124431,0.9952276084224134,0.004772391577586669,0.9900024811413083,0.009997518858691741,0.9965621897023558,0.0034378102976441987,0.003461688515440383,0.9965383114845596,0.002619742141354512,0.9973802578586455
0.9831018955456219,0.016898104454378126,0.025642088540691926,0.9743579114593082,0.007595636377449267,0.9924043636225507,0.9830653675164082,0.01693463248359187,0.02781243797025186,0.9721875620297481,0.9796837262162589,0.0203162737837412,0.9633653370912653,0.03663466290873477,0.9896927023044765,0.010307297695523455,0.01355392981318095,0.9864460701868191,0.015528419777580012,0.98447158022242
0.9883972258911192,0.011602774108880642,0.021561075117075054,0.9784389248829249,0.006472206998556766,0.9935277930014431,0.9840115592552178,0.015988440744782135,0.02320101511382252,0.9767989848861774,0.9860218813837438,0.01397811861625615,0.9757366429378361,0.024263357062163784,0.9934508999003421,0.00654910009965784,0.010183644665387343,0.9898163553346127,0.006986913094865407,0.9930130869051346
0.9935346167508566,0.006465383249143457,0.016150529815907914,0.9838494701840921,0.00514426720050577,0.9948557327994942,0.9886829966650523,0.011317003334947782,0.02087896426086793,0.979121035739132,0.9895765224498945,0.010423477550105595,0.9816994226387754,0.01830057736122458,0.9954728363725184,0.00452716362748166,0.006552205883023712,0.9934477941169763,0.0055731824813442556,0.9944268175186557
0.991167220437819,0.008832779562180896,0.015090378453192915,0.9849096215468072,0.004720066500090942,0.9952799334999092,0.990321473302243,0.009678526697757001,0.018182658150909824,0.9818173418490903,0.9908965005057694,0.00910349949423063,0.9761211746096523,0.023878825390347674,0.9934710389660627,0.006528961033937427,0.009356830804829366,0.9906431691951707,0.006583243386007048,0.993416756613993
0.99396223920884,0.006037760791160098,0.014438972651885566,0.9855610273481143,0.00481258144884543,0.9951874185511547,0.9898723773431369,0.01012762265686306,0.017774259750581087,0.982225740249419,0.9914837103316825,0.008516289668317571,0.9816980885319785,0.018301911468021487,0.9950948236098485,0.004905176390151622,0.008578559031665883,0.9914214409683341,0.004207800102102601,0.9957921998978975
0.9955626272981263,0.004437372701873775,0.013067123466937575,0.9869328765330624,0.004940530226723708,0.9950594697732764,0.9921866843967033,0.007813315603296588,0.017738133780146836,0.9822618662198532,0.9929243279061685,0.007075672093831522,0.9827294442995517,0.017270555700448286,0.9953799146717826,0.004620085328217305,0.0068661446583778915,0.993133855341622,0.0037876591032314564,0.9962123408967685
0.9971377414230941,0.0028622585769058494,0.0070666275490019245,0.9929333724509981,0.0036382675687087565,0.9963617324312911,0.9935438609588882,0.006456139041111639,0.01705663277627076,0.9829433672237292,0.9925149919854396,0.007485008014560424,0.9887593148093728,0.01124068519062715,0.9956102671366799,0.004389732863320155,0.005078476348996831,0.9949215236510031,0.0030701105199788256,0.9969298894800211
0.994860852842664,0.00513914715733601,0.0064773406886908125,0.9935226593113092,0.0030785066037759988,0.9969214933962239,0.9945627109056663,0.005437289094333654,0.014964265872020896,0.985035734127979,0.9928148861951871,0.007185113804812935,0.98328050981726,0.016719490182740132,0.9947208075797843,0.005279192420215719,0.005757233685646219,0.9942427663143538,0.00407491362147957,0.9959250863785204
0.9957515300680404,0.0042484699319597485,0.007704806702116306,0.9922951932978837,0.0028294905682094283,0.9971705094317905,0.9933136264750321,0.006686373524967975,0.015868995348205912,0.9841310046517942,0.993228020481565,0.006771979518434933,0.9858898842262755,0.014110115773724516,0.9966187995620325,0.0033812004379675177,0.005118304508419354,0.9948816954915807,0.0024922059695790537,0.9975077940304209
0.9956838290461137,0.004316170953886181,0.008385545404025498,0.9916144545959745,0.0028024590829069094,0.9971975409170931,0.9933778680063556,0.006622131993644294,0.017781854175295715,0.9822181458247043,0.9919658485396848,0.008034151460315197,0.9870719048597081,0.012928095140291893,0.996890667292314,0.003109332707685884,0.0038422093975848844,0.9961577906024152,0.0039848010368796274,0.9960151989631203
0.9961539837502765,0.003846016249723507,0.0064854763007839294,0.9935145236992161,0.0028140038039878618,0.9971859961960121,0.9950900043374832,0.004909995662516713,0.015803556434288428,0.9841964435657116,0.9940360143062188,0.00596398569378119,0.9878108486761046,0.01218915132389536,0.9966683861555029,0.0033316138444971603,0.003678409640094214,0.9963215903599058,0.0028187833719645343,0.9971812166280354
0.9964953899415079,0.0035046100584921946,0.006288235196665792,0.9937117648033343,0.0027812787728825473,0.9972187212271175,0.9947985618322948,0.0052014381677053,0.015548837406924022,0.984451162593076,0.9945906250170119,0.00540937498298804,0.9890584589670401,0.010941541032959955,0.9968078297352252,0.003192170264774785,0.003729354809090723,0.9962706451909092,0.0024043039237185344,0.9975956960762815
0.9967182127600154,0.003281787239984475,0.006125168886688101,0.9938748311133118,0.0027137431324355003,0.9972862568675644,0.9944167211354121,0.0055832788645878385,0.015486751333407309,0.9845132486665926,0.994977209381613,0.0050227906183870725,0.9908091870101331,0.00919081298986696,0.9965011176358731,0.003498882364126922,0.0034672878088313377,0.9965327121911687,0.0026644093473010646,0.997335590652699
0.9966248981598387,0.0033751018401612628,0.00564024796131871,0.9943597520386813,0.0023264317071492926,0.9976735682928507,0.9944860351793863,0.005513964820613725,0.015184533352389042,0.9848154666476109,0.9945934786472462,0.005406521352753871,0.9898221229160501,0.010177877083950005,0.9963369886461002,0.0036630113538998134,0.0036944736061693922,0.9963055263938305,0.002989908322295185,0.9970100916777048
0.9968986289399216,0.00310137106007848,0.006555760618976953,0.9934442393810231,0.0022282421823577505,0.9977717578176422,0.9941594450917989,0.00584055490820103,0.015940027927091392,0.9840599720729085,0.9944468565017921,0.005553143498207876,0.9886066722194634,0.011393327780536672,0.9968236842646632,0.0031763157353368247,0.0038051192301112105,0.9961948807698887,0.002621151868006199,0.9973788481319938
0.9964997738294163,0.0035002261705837697,0.007224675780736754,0.9927753242192632,0.0023088299816253605,0.9976911700183746,0.9940572861869239,0.0059427138130761815,0.016817758196828635,0.9831822418031714,0.993817939258272,0.006182060741727906,0.9880063037874871,0.011993696212512905,0.9967092585358018,0.0032907414641980765,0.0034930463965674088,0.9965069536034326,0.003328059949219061,0.9966719400507809
0.9965661066524052,0.003433893347594937,0.0067507125706690275,0.9932492874293309,0.002175718650817004,0.9978242813491831,0.9945583111898758,0.005441688810124206,0.015625519773004352,0.9843744802269956,0.9946389614498685,0.005361038550131427,0.9887085311540559,0.011291468845944069,0.9970365322778266,0.002963467722173371,0.003263409332774461,0.9967365906672255,0.002766570845638203,0.9972334291543619
0.9961921324069898,0.0038078675930102047,0.00966828478903842,0.9903317152109615,0.004319635207564653,0.9956803647924353,0.9927732082692577,0.007226791730742332,0.01994108548430184,0.9800589145156982,0.9923638600611587,0.007636139938841139,0.9818600409613292,0.018139959038670682,0.9933780381708642,0.006621961829135668,0.005761906061597417,0.9942380939384025,0.0035109840800178786,0.9964890159199821
0.9962707125703397,0.0037292874296602236,0.008768754175952014,0.991231245824048,0.0037971776278241704,0.9962028223721758,0.9913770301550133,0.008622969844986669,0.019949389905798063,0.9800506100942019,0.991503773636354,0.008496226363645991,0.9833142983834083,0.016685701616591646,0.9936228296110021,0.0063771703889978,0.0064727067035792235,0.9935272932964208,0.0029913493297320064,0.997008650670268
0.9966501121222918,0.003349887877708295,0.00813799474485667,0.9918620052551433,0.0030091051526713653,0.9969908948473286,0.9921352651110366,0.007864734888963363,0.018062815776669242,0.9819371842233308,0.9922267226858392,0.007773277314160865,0.9841268620176798,0.0158731379823202,0.9946056072591942,0.005394392740805811,0.0059843277384660915,0.9940156722615338,0.0033814916539748707,0.9966185083460251
0.9818676774353347,0.01813232256466521,0.03715882137301717,0.9628411786269829,0.012202739963516106,0.9877972600364838,0.9815385380202669,0.018461461979733217,0.0385654725172722,0.9614345274827277,0.9663396145833998,0.03366038541660019,0.9350813407098713,0.06491865929012876,0.9857448111261484,0.01425518887385165,0.02102845741960602,0.978971542580394,0.019486548728774714,0.9805134512712254
0.9859602108648367,0.014039789135163279,0.03854505891836288,0.9614549410816372,0.015933412661577776,0.9840665873384221,0.9799377881126154,0.020062211887384603,0.041722070434763156,0.9582779295652368,0.9665905765442145,0.03340942345578531,0.9389093888484294,0.061090611151570495,0.9824826305955697,0.017517369404430338,0.01933187959889831,0.9806681204011017,0.01186043914387073,0.9881395608561293
0.9896837082745098,0.010316291725490333,0.03410102219238012,0.9658989778076198,0.0126352553940171,0.9873647446059828,0.9798875067854501,0.02011249321454984,0.040803542599149645,0.9591964574008504,0.9706789157778882,0.029321084222111764,0.9509159621660372,0.04908403783396265,0.9889969756643483,0.011003024335651602,0.01846668888138902,0.981533311118611,0.009305564393278168,0.9906944356067219
0.9917424216189805,0.008257578381019585,0.019573446917501156,0.9804265530824989,0.0067724476740119105,0.9932275523259881,0.9893622921122455,0.010637707887754403,0.023755929194867853,0.9762440708051321,0.9879199570399195,0.012080042960080493,0.9687264671854519,0.031273532814548186,0.9913457701523345,0.008654229847665494,0.011085946712434909,0.988914053287565,0.007694464915099146,0.9923055350849009
0.9916168448809861,0.008383155119013783,0.02356904978176381,0.9764309502182362,0.010783454599260818,0.9892165454007392,0.9869917167871849,0.013008283212815238,0.02644964962623431,0.9735503503737657,0.9859058893590811,0.01409411064091902,0.967701559830634,0.03229844016936598,0.9885067476313195,0.011493252368680524,0.01413888947756472,0.9858611105224354,0.006484067459739466,0.9935159325402605
0.9928419119242515,0.007158088075748429,0.021657855823050208,0.9783421441769496,0.009006148304638964,0.990993851695361,0.9865132128722833,0.013486787127716764,0.025810189975499682,0.9741898100245002,0.9841451446520189,0.0158548553479811,0.9704752918046218,0.029524708195378203,0.9919259330776518,0.008074066922348138,0.014458540295736275,0.9855414597042637,0.005842011630178861,0.9941579883698212
0.9941554322000603,0.005844567799939761,0.013066809515247257,0.9869331904847527,0.004227495218157025,0.995772504781843,0.9896479881694575,0.010352011830542468,0.020319769383642102,0.979680230616358,0.9863777636978132,0.013622236302186837,0.976774369925522,0.023225630074478053,0.99315728343124,0.0068427165687599874,0.009401559608297253,0.9905984403917028,0.00759877036331447,0.9924012296366855
0.9926957759601214,0.007304224039878564,0.013283785783002905,0.9867162142169971,0.004036902641783885,0.9959630973582161,0.990721635445247,0.009278364554753041,0.020631544543386417,0.9793684554566137,0.9906762371874093,0.009323762812590652,0.9829289302129738,0.01707106978702623,0.9966019556501031,0.0033980443498970014,0.005643479563209235,0.9943565204367907,0.00475625786152214,0.9952437421384779
0.9914242306606083,0.008575769339391675,0.017521144082861435,0.9824788559171385,0.005184716552647763,0.9948152834473523,0.9894961504793189,0.01050384952068093,0.0235569291800302,0.9764430708199698,0.9896591608631287,0.01034083913687144,0.9821996209700979,0.01780037902990212,0.9963043211163515,0.0036956788836485835,0.005999380139528513,0.9940006198604715,0.007193366784513314,0.9928066332154867
0.994465970207698,0.005534029792302015,0.010837449913548902,0.9891625500864512,0.004034336610470056,0.99596566338953,0.9928200713426295,0.0071799286573704605,0.018678942385501378,0.9813210576144986,0.9925287682316877,0.007471231768312272,0.9863962981664881,0.013603701833511866,0.9961672873597558,0.0038327126402441887,0.004909817298638239,0.9950901827013616,0.005074991633480523,0.9949250083665194
0.9746107211556302,0.025389278844369874,0.03836636276700262,0.9616336372329973,0.011774257761284894,0.9882257422387151,0.977275962118766,0.022724037881233956,0.034389994116655755,0.9656100058833442,0.9788378603741493,0.021162139625850767,0.9606936871979943,0.03930631280200566,0.987528015248566,0.01247198475143392,0.01683229680683511,0.9831677031931648,0.020412902597327375,0.9795870974026726
0.960602982760545,0.03939701723945505,0.07267429744792625,0.9273257025520737,0.020204133080558174,0.9797958669194418,0.9583431630318276,0.041656836968172364,0.04891851150622569,0.9510814884937743,0.965957789144428,0.034042210855571985,0.9521398739579102,0.047860126042089834,0.9864383958249732,0.013561604175026809,0.027089715639123723,0.9729102843608763,0.03236099513361972,0.9676390048663802
0.9776547623028269,0.022345237697173143,0.04411666086274501,0.9558833391372551,0.013788285760060123,0.9862117142399398,0.9782528967515112,0.02174710324848877,0.03094377487951694,0.9690562251204831,0.9810898935952905,0.01891010640470945,0.9661686970380167,0.03383130296198334,0.9890789782394682,0.010921021760531807,0.01374775621860829,0.9862522437813916,0.021559835265737796,0.9784401647342621
0.980908765418392,0.019091234581607892,0.031154472128248227,0.9688455278717517,0.011775619148512466,0.9882243808514874,0.9800470756276413,0.019952924372358693,0.025193570751785528,0.9748064292482146,0.9836585346702308,0.016341465329769232,0.9770147685769565,0.022985231423043487,0.9936856953299265,0.006314304670073587,0.014811619780361213,0.9851883802196388,0.012280152223140854,0.9877198477768592
0.992763858455809,0.007236141544191049,0.013233720131300053,0.9867662798686998,0.005499317354988358,0.9945006826450117,0.9908622266893444,0.00913777331065566,0.017159830960906182,0.9828401690390938,0.992245050159691,0.00775494984030908,0.9867160811663575,0.013283918833642556,0.995335490302049,0.004664509697951031,0.007043428251307856,0.9929565717486921,0.005796662933812443,0.9942033370661876
0.990649710125264,0.009350289874736004,0.019132726973028525,0.9808672730269715,0.01365352768724849,0.9863464723127515,0.9893576625498773,0.01064233745012265,0.02336594224952736,0.9766340577504726,0.9864984742859366,0.013501525714063373,0.9738257586214533,0.02617424137854679,0.9872794960804063,0.012720503919593788,0.013109638189888728,0.9868903618101112,0.00795951369701419,0.9920404863029858
0.9924261852130243,0.007573814786975759,0.010053360810231966,0.989946639189768,0.007945099569529327,0.9920549004304705,0.9896574654437684,0.010342534556231638,0.01851565000278736,0.9814843499972127,0.9827380623201182,0.017261937679881722,0.9772295575846692,0.022770442415330657,0.9894534297078592,0.010546570292140832,0.013507576690625458,0.9864924233093746,0.005252587283518812,0.9947474127164811
0.9946021692139925,0.005397830786007542,0.009303838445697508,0.9906961615543024,0.006596944241851286,0.9934030557581488,0.9896082515405811,0.010391748459419058,0.02373676506766498,0.976263234932335,0.9857001618231949,0.01429983817680508,0.9826076100662644,0.01739238993373551,0.9919555823251984,0.008044417674801579,0.008707480435344429,0.9912925195646557,0.004114625690664985,0.995885374309335
0.9935389937015849,0.0064610062984151746,0.008969295394552029,0.9910307046054481,0.0055769206856076566,0.9944230793143923,0.9930806716643252,0.006919328335674889,0.022798779142285935,0.977201220857714,0.9880267459055624,0.011973254094437662,0.9809134322402819,0.01908656775971805,0.9944909051299711,0.005509094870028805,0.006593802358548258,0.9934061976414518,0.003896654897953329,0.9961033451020468
0.9877042544129723,0.012295745587027786,0.015069600360792666,0.9849303996392073,0.008730141770080017,0.9912698582299199,0.9902820185359524,0.009717981464047442,0.027572770585265655,0.9724272294147345,0.978028919636125,0.02197108036387498,0.9645087973860332,0.035491202613966835,0.9909277065038367,0.009072293496163453,0.012011951780526576,0.9879880482194734,0.009600532362961276,0.9903994676370388
0.989277216196922,0.010722783803078052,0.01826620517242789,0.9817337948275722,0.008186421066305759,0.9918135789336944,0.989191063983445,0.010808936016554981,0.02923783327193214,0.9707621667280679,0.9784927075810955,0.02150729241890461,0.9692315546305827,0.03076844536941732,0.9940219848340388,0.005978015165961099,0.009378035004617122,0.9906219649953828,0.007774127785749485,0.9922258722142505
0.9927566111860586,0.007243388813941404,0.01402261429989041,0.9859773857001096,0.004274704827186656,0.9957252951728133,0.9915776319147652,0.008422368085234729,0.02213149846695263,0.9778685015330475,0.9904062542595004,0.009593745740499567,0.9823626374049135,0.017637362595086678,0.9961869291913547,0.0038130708086453594,0.004189827169052148,0.9958101728309479,0.0058079352307956805,0.9941920647692042
0.9589084839020984,0.04109151609790158,0.06264642235753722,0.9373535776424629,0.0219167429364108,0.9780832570635892,0.971092566241072,0.02890743375892809,0.046944967157191306,0.9530550328428087,0.9569979792983403,0.043002020701659725,0.9320231331308155,0.0679768668691845,0.9828284365669802,0.01717156343301977,0.028623430795943938,0.971376569204056,0.03712885365364392,0.9628711463463562
0.9691106922289264,0.030889307771073477,0.059279769701581934,0.9407202302984181,0.022315652180415348,0.9776843478195846,0.9686169609969617,0.03138303900303834,0.03766576246551871,0.9623342375344812,0.9736971645141627,0.026302835485837416,0.9539345622690697,0.046065437730930345,0.9826732158082214,0.017326784191778584,0.023419714911101133,0.9765802850888987,0.018701089381038687,0.9812989106189612
0.9759945930834931,0.02400540691650681,0.06219400854638769,0.9378059914536122,0.016894685485159017,0.9831053145148411,0.9623313793928359,0.037668620607164145,0.04436195595445394,0.955638044045546,0.9727141179866708,0.027285882013329158,0.956454966606292,0.04354503339370803,0.9867320125252178,0.01326798747478222,0.023950667692213656,0.9760493323077863,0.01957684871595288,0.9804231512840471
0.9912580757515995,0.008741924248400564,0.02207967328517845,0.9779203267148215,0.007421410950984012,0.992578589049016,0.9850789861100039,0.014921013889996023,0.025231504001746615,0.9747684959982533,0.9881873614741474,0.01181263852585265,0.9795679011369521,0.020432098863047938,0.9927041515226345,0.007295848477365527,0.010538511634521217,0.9894614883654788,0.00856063183201293,0.9914393681679872
0.9929375239383711,0.007062476061629028,0.015920411601784465,0.9840795883982155,0.00592651882549009,0.99407348117451,0.9899644246871793,0.010035575312820661,0.021284990744420362,0.9787150092555797,0.9908835933512894,0.009116406648710548,0.9839549190698405,0.016045080930159526,0.9951442707536656,0.004855729246334344,0.00756611032723157,0.9924338896727684,0.0064061919622934345,0.9935938080377066
0.9831414034716066,0.016858596528393416,0.029544065459651676,0.9704559345403483,0.010047483902539386,0.9899525160974606,0.9841157746204957,0.015884225379504256,0.027682903762664336,0.9723170962373355,0.9841420829479786,0.01585791705202157,0.9669822196111025,0.033017780388897536,0.9902544749739087,0.00974552502609126,0.014931217467359073,0.985068782532641,0.015399269741871361,0.9846007302581287
0.9931278031845187,0.006872196815481326,0.014543912259926042,0.985456087740074,0.0042203821397673365,0.9957796178602327,0.9875812840873274,0.012418715912672677,0.021022001830439795,0.9789779981695602,0.9892432306215625,0.010756769378437581,0.9852321079047606,0.014767892095239295,0.9949877041371669,0.005012295862833175,0.00650004088814182,0.9934999591118581,0.006445017663993559,0.9935549823360064
0.9938087750109822,0.0061912249890177075,0.010926599119992742,0.9890734008800072,0.0034949503667888043,0.9965050496332112,0.9914308073848375,0.008569192615162499,0.017089585480761213,0.9829104145192388,0.9936245343898437,0.006375465610156398,0.987583973631556,0.012416026368443907,0.9965104297291173,0.0034895702708828327,0.004428805116394663,0.9955711948836053,0.004448629991831747,0.9955513700081683
0.9957623797188794,0.004237620281120673,0.0065831280246541075,0.993416871975346,0.0036305029991547558,0.9963694970008452,0.9942570294232097,0.005742970576790205,0.014774514752549305,0.9852254852474506,0.9943095461391551,0.005690453860844887,0.990476867593589,0.009523132406410966,0.9962819434250542,0.003718056574945827,0.004333368811701794,0.9956666311882981,0.003090883255233073,0.9969091167447669
0.9953863452635698,0.004613654736430202,0.006318482729424843,0.9936815172705751,0.003879103091351879,0.9961208969086481,0.9944264527587842,0.005573547241215842,0.015359183619143442,0.9846408163808564,0.9934641319183707,0.006535868081629309,0.9898013451474712,0.010198654852528768,0.9960345993097551,0.003965400690244961,0.004502958091608869,0.9954970419083912,0.0031573724329470713,0.996842627567053
0.9927042112251132,0.007295788774886932,0.00765377109566084,0.9923462289043391,0.004085391404918822,0.9959146085950812,0.9939141667022429,0.0060858332977571684,0.01529910562318102,0.984700894376819,0.991948741004104,0.008051258995896017,0.9830637494529999,0.01693625054700012,0.9946913315869369,0.005308668413063064,0.0064569638279626095,0.9935430361720374,0.005153262038151527,0.9948467379618485
0.9954866300514243,0.004513369948575629,0.0069314549442576045,0.9930685450557425,0.0033442526903735142,0.9966557473096265,0.993198799038917,0.00680120096108306,0.01705733034992897,0.982942669650071,0.9912825624490931,0.00871743755090694,0.9867866035842406,0.013213396415759424,0.995802255076511,0.00419774492348907,0.004849025155174076,0.995150974844826,0.0031130946272177377,0.9968869053727822
0.9818297097444048,0.01817029025559536,0.02622362554985673,0.9737763744501432,0.010016890000934373,0.9899831099990657,0.9831213065086317,0.016878693491368186,0.03397251169771702,0.9660274883022829,0.9706255628680391,0.02937443713196094,0.9570692461418701,0.04293075385813,0.9887014785531961,0.011298521446803924,0.013725507584565057,0.9862744924154349,0.01573060677558984,0.9842693932244101
0.9852763955380603,0.014723604461939656,0.02426584440191272,0.9757341555980873,0.014196918844215305,0.9858030811557846,0.9842873679891612,0.01571263201083871,0.030853418898266437,0.9691465811017335,0.975556877678022,0.02444312232197799,0.9595787171619621,0.040421282838037975,0.9863912267251911,0.013608773274808897,0.015986287329596206,0.9840137126704038,0.007466635241295997,0.992533364758704
0.9935273086822032,0.006472691317796861,0.01862033107109777,0.9813796689289023,0.006360049090286228,0.9936399509097137,0.9869432775277936,0.013056722472206366,0.025397516682272105,0.9746024833177279,0.986009930190456,0.013990069809543879,0.9734164056765715,0.026583594323428588,0.9936994015263677,0.006300598473632326,0.009944938904772131,0.9900550610952279,0.004773402604962249,0.9952265973950378
0.9958244531762431,0.004175546823756835,0.008483821213641836,0.9915161787863581,0.003477768018716951,0.996522231981283,0.9938079763984948,0.006192023601505137,0.015281176715911582,0.9847188232840884,0.9938390663115934,0.006160933688406644,0.9861259859208334,0.01387401407916645,0.9956960600154464,0.004303939984553572,0.005642051030473694,0.9943579489695262,0.003552054584007019,0.9964479454159929
0.9854012601877501,0.014598739812249835,0.028398457221503866,0.9716015427784961,0.009144575997580338,0.9908554240024197,0.9857476563729917,0.014252343627008335,0.02709037813302601,0.972909621866974,0.9795590753443962,0.020440924655603647,0.9572996222076067,0.04270037779239335,0.9907168726202776,0.00928312737972243,0.016216759241822403,0.9837832407581775,0.014394676036167767,0.9856053239638323
0.9891008137359873,0.010899186264012706,0.02466592064440234,0.9753340793555977,0.008526134275009447,0.9914738657249906,0.9879852105355909,0.012014789464409047,0.022625912306806086,0.977374087693194,0.9865734757676319,0.013426524232368137,0.9685278090947239,0.03147219090527615,0.9931004964182805,0.006899503581719564,0.011465156783969092,0.9885348432160309,0.0068311634414991804,0.9931688365585007
0.9909799789795204,0.009020021020479677,0.021865391043072658,0.9781346089569274,0.005754508576752823,0.9942454914232473,0.9848444324002157,0.015155567599784389,0.025637429022333114,0.974362570977667,0.9823213648266599,0.017678635173339993,0.9750983047020023,0.024901695297997704,0.994552987327104,0.005447012672896033,0.009149385074076064,0.9908506149259239,0.008914062885011833,0.9910859371149882
0.9952971616976176,0.004702838302382447,0.010096630108040383,0.9899033698919595,0.004524036738962806,0.9954759632610373,0.9928438402180467,0.0071561597819533584,0.016960714664135502,0.9830392853358645,0.9939884765265516,0.006011523473448449,0.9848571622350638,0.01514283776493612,0.9942546707525904,0.005745329247409523,0.006141603122955629,0.9938583968770445,0.0032009024574093286,0.9967990975425907
0.9933479957046945,0.006652004295305619,0.013796931592529187,0.9862030684074709,0.004388349047588017,0.9956116509524119,0.9889487636932988,0.011051236306701276,0.019207648742733122,0.9807923512572669,0.9914266486617495,0.008573351338250521,0.9818472394068701,0.01815276059312991,0.994324488184143,0.005675511815857114,0.008667841759510008,0.99133215824049,0.004407704874768293,0.9955922951252317
0.9943459161553515,0.005654083844648525,0.013132010352157561,0.9868679896478425,0.004435252129803107,0.9955647478701969,0.9896828219589681,0.010317178041031914,0.018705458085998057,0.9812945419140019,0.9921095387732715,0.007890461226728405,0.9858029815256245,0.01419701847437555,0.9956391242268395,0.004360875773160537,0.007398324279226046,0.9926016757207738,0.0049657489874293005,0.9950342510125707
0.9964048762983342,0.003595123701665795,0.007098581824081347,0.9929014181759187,0.0029533010309352177,0.9970466989690647,0.9943838208496983,0.005616179150301695,0.015369295014645207,0.9846307049853549,0.9937735616583918,0.006226438341608104,0.9886138966010312,0.011386103398968927,0.9963152321864809,0.003684767813519124,0.003984828583619789,0.9960151714163802,0.0035836899516731562,0.9964163100483268
0.9920945714638696,0.007905428536130405,0.008769207326764483,0.9912307926732356,0.003218931701577654,0.9967810682984223,0.9926134946791033,0.007386505320896753,0.016277745163074602,0.9837222548369254,0.9919809830600393,0.008019016939960558,0.9830462260495347,0.0169537739504652,0.9956380203039709,0.004361979696029203,0.006052098787964176,0.9939479012120358,0.0045799003446531684,0.9954200996553467
0.9923671746044358,0.007632825395564228,0.01320009610924714,0.9867999038907528,0.009362609214627508,0.9906373907853725,0.9889899373439233,0.01101006265607672,0.024639327153496707,0.9753606728465033,0.9849617193129985,0.015038280687001445,0.9759619154765197,0.024038084523480267,0.9888253632696312,0.011174636730368784,0.010922328567414964,0.989077671432585,0.004901109384359961,0.99509889061564
0.9928814121192093,0.007118587880790629,0.011940980176195602,0.9880590198238043,0.006618774980388361,0.9933812250196117,0.9885159205885454,0.01148407941145459,0.023845865675940763,0.9761541343240592,0.9865824572096071,0.013417542790392818,0.979246502049883,0.020753497950117078,0.9924447977151243,0.007555202284875793,0.009521996315282298,0.9904780036847176,0.0037731156821435383,0.9962268843178564
0.9963237847113974,0.0036762152886025967,0.007338192493738867,0.9926618075062611,0.0048628594851103215,0.9951371405148897,0.9927703013098501,0.007229698690149906,0.019573559118634707,0.9804264408813652,0.9909008940426489,0.009099105957351061,0.9857831771518812,0.014216822848118704,0.993822132612557,0.006177867387442897,0.0066305354841227305,0.9933694645158774,0.0028662396263343624,0.9971337603736655
0.99544940492828,0.004550595071719898,0.007051617101369644,0.9929483828986304,0.004387240370557418,0.9956127596294425,0.9941595728689012,0.005840427131098854,0.019526749552125612,0.9804732504478744,0.9898115953634224,0.010188404636577568,0.982054729783176,0.017945270216823996,0.9944578370280718,0.00554216297192836,0.006438041300948289,0.9935619586990517,0.0031630967841224586,0.9968369032158775
0.981188814364542,0.018811185635457927,0.029323285938237735,0.9706767140617623,0.013630688822337454,0.9863693111776626,0.9840673211135511,0.015932678886448875,0.03542288305975088,0.9645771169402491,0.9656760334399395,0.034323966560060606,0.9376044423679082,0.06239555763209181,0.9849804214301002,0.015019578569899683,0.022336129126799407,0.9776638708732006,0.01618521670164314,0.9838147832983569
0.9737288115793468,0.026271188420653232,0.06041254230584007,0.93958745769416,0.02096729131770011,0.9790327086822999,0.9690014848950433,0.030998515104956582,0.05956174172623088,0.9404382582737691,0.9415412471120029,0.05845875288799701,0.9334045743306134,0.06659542566938664,0.9867733024100407,0.013226697589959232,0.025014997669653025,0.9749850023303471,0.030256791479939277,0.9697432085200607
0.9785924507515655,0.021407549248434427,0.06008551958116801,0.939914480418832,0.02722806268503506,0.9727719373149649,0.9756884788542847,0.02431152114571537,0.05456240890671522,0.9454375910932848,0.9620564209466897,0.037943579053310146,0.9225021985452109,0.07749780145478913,0.9726506676283734,0.02734933237162666,0.02247184388085032,0.9775281561191498,0.02323698997678482,0.9767630100232151
0.9655065101758382,0.03449348982416177,0.07703209122555803,0.922967908774442,0.040732775699082256,0.9592672243009178,0.9552952285917813,0.04470477140821873,0.05951278614685636,0.9404872138531437,0.9309480162818928,0.06905198371810722,0.9000095223462892,0.09999047765371077,0.968194511165926,0.031805488834073956,0.05834566206655893,0.9416543379334411,0.02042233329397202,0.979577666706028
0.8127211823781565,0.18727881762184348,0.3128552801948216,0.6871447198051783,0.1590679946322628,0.8409320053677372,0.832232275077589,0.16776772492241102,0.1753544161087912,0.8246455838912087,0.7785364009944394,0.2214635990055606,0.6975837412671301,0.30241625873287,0.8606585632691958,0.13934143673080418,0.20753863869583897,0.792461361304161,0.18296658650429742,0.8170334134957026
0.7078921558819522,0.29210784411804774,0.46496047437010307,0.535039525629897,0.2192628743193061,0.7807371256806939,0.7695666447431712,0.2304333552568288,0.24258526901030997,0.7574147309896899,0.7026753967551711,0.297324603244829,0.6511574479430665,0.34884255205693354,0.8659482051790931,0.13405179482090684,0.2731602186521043,0.7268397813478957,0.2602149466835524,0.7397850533164476
0.8479682536866623,0.15203174631333766,0.3078722253804163,0.6921277746195837,0.12419469233062523,0.8758053076693747,0.8787670215368377,0.12123297846316225,0.14912599696503892,0.8508740030349612,0.8273525264503399,0.17264747354966023,0.783487938520623,0.2165120614793769,0.9288636228968645,0.07113637710313536,0.12482552164474876,0.8751744783552513,0.16019227955344204,0.839807720446558
0.675854928918163,0.324145071081837,0.43761834977020353,0.5623816502297965,0.24033534427095374,0.7596646557290463,0.7816764128162885,0.21832358718371145,0.22673173586722897,0.773268264132771,0.6728270760206755,0.3271729239793245,0.6611122280069193,0.3388877719930808,0.8609759366668741,0.13902406333312592,0.27738381902148185,0.7226161809785181,0.2821168406841586,0.7178831593158413
0.7855996637095819,0.21440033629041813,0.31591133765687535,0.6840886623431247,0.16705910818372707,0.832940891816273,0.8417166941911971,0.158283305808803,0.14505630196364178,0.8549436980363582,0.8444833650712933,0.15551663492870677,0.8140142693211554,0.18598573067884458,0.9002519153060173,0.09974808469398273,0.14506198718422914,0.854938012815771,0.14855816675694214,0.8514418332430579
0.853950312190297,0.14604968780970293,0.25417918147690216,0.7458208185230979,0.11553562697747773,0.8844643730225221,0.8556073771358763,0.1443926228641236,0.13014957573852026,0.8698504242614797,0.8821981945975396,0.11780180540246034,0.8626368928635033,0.13736310713649658,0.9344787945823156,0.0655212054176844,0.12418755314985436,0.8758124468501456,0.11668098178003013,0.8833190182199698
0.9623842934473642,0.03761570655263566,0.05916088171536379,0.9408391182846362,0.03716625754785168,0.9628337424521484,0.9626722782669006,0.03732772173309938,0.04598802304414824,0.9540119769558517,0.9615741783775343,0.03842582162246563,0.9626148283064117,0.0373851716935883,0.9764823883495888,0.02351761165041123,0.03220656689115492,0.9677934331088451,0.03643204596145442,0.9635679540385456
0.945029153147836,0.05497084685216411,0.05207729222613039,0.9479227077738696,0.03687102695684859,0.9631289730431514,0.9649373454101463,0.0350626545898538,0.04126139903855682,0.9587386009614431,0.9509645178910422,0.049035482108957744,0.9574132075866867,0.04258679241331334,0.9771311454651266,0.022868854534873573,0.037805220947755305,0.9621947790522447,0.04022418606188064,0.9597758139381193
0.9501569308654606,0.049843069134539335,0.050487252347995865,0.9495127476520041,0.050707824539793465,0.9492921754602065,0.9667389210546664,0.03326107894533367,0.04879811901029886,0.951201880989701,0.947747152824604,0.052252847175395994,0.9506388325307615,0.049361167469238354,0.9704477599773584,0.02955224002264165,0.039178764501533805,0.9608212354984662,0.025880220484585815,0.9741197795154142
0.9465057843953527,0.0534942156046473,0.05117044451652374,0.9488295554834763,0.039197134744301365,0.9608028652556987,0.960234679956562,0.039765320043438045,0.05860030222651656,0.9413996977734834,0.9250013568709088,0.07499864312909128,0.9406977567508417,0.05930224324915832,0.9737294276147895,0.026270572385210352,0.03821727936172755,0.9617827206382725,0.03674752997647992,0.9632524700235201
0.833034202943697,0.16696579705630307,0.19342551042168543,0.8065744895783146,0.1186877849536844,0.8813122150463157,0.8965079461063997,0.10349205389360022,0.1334290093482704,0.8665709906517296,0.8054942706767704,0.19450572932322951,0.8182748395030283,0.18172516049697165,0.9315176622027094,0.06848233779729068,0.12828845388415677,0.8717115461158432,0.14890034940626917,0.8510996505937308
0.9060715635904414,0.0939284364095585,0.12952680751892834,0.8704731924810717,0.08503653025361316,0.9149634697463868,0.9463641836706532,0.053635816329346796,0.08499502007282907,0.9150049799271709,0.8851186455269138,0.11488135447308633,0.880838274525001,0.11916172547499897,0.9566151756127793,0.04338482438722063,0.059805815188481395,0.9401941848115186,0.06298812467108386,0.9370118753289162
0.5384331301351877,0.46156686986481227,0.543291719232156,0.4567082807678439,0.3755147562180409,0.624485243781959,0.7109027498860462,0.28909725011395376,0.31311424043528385,0.6868857595647162,0.50726088666045,0.49273911333955,0.5473764747416849,0.45262352525831506,0.7601910177668463,0.2398089822331536,0.36692878618513886,0.6330712138148611,0.4061739536506908,0.5938260463493092
0.5969505375330446,0.40304946246695533,0.4772837074952674,0.5227162925047326,0.4607485188802094,0.5392514811197906,0.7199962816243632,0.28000371837563676,0.27328881292213425,0.7267111870778658,0.5380900076736799,0.46190999232632024,0.5646144039442372,0.43538559605576266,0.6977477605066857,0.30225223949331426,0.36256760120090264,0.6374323987990973,0.26405807876069004,0.73594192123931
0.7635549123379153,0.23644508766208472,0.36223406093586613,0.6377659390641338,0.23478310214125725,0.7652168978587427,0.8098571384574464,0.1901428615425536,0.1806825808520156,0.8193174191479844,0.7283981970540845,0.2716018029459155,0.7124386455361817,0.2875613544638183,0.8703916676881422,0.12960833231185787,0.2358976459452363,0.7641023540547638,0.14772534149359176,0.8522746585064083
0.7863810299809187,0.21361897001908134,0.28246412351687133,0.7175358764831287,0.17156602211431277,0.8284339778856873,0.8526605381418514,0.14733946185814872,0.13273658570432773,0.8672634142956722,0.7950496414336822,0.20495035856631777,0.7584103093755634,0.24158969062443655,0.890506153784223,0.10949384621577689,0.21091620326123417,0.7890837967387657,0.18016595134445537,0.8198340486555447
0.9088223236723542,0.09117767632764581,0.1423513741015889,0.8576486258984111,0.07941126771814672,0.9205887322818533,0.9426028520960598,0.05739714790394026,0.07286583898986333,0.9271341610101366,0.8835999238918697,0.11640007610813034,0.8854457189787709,0.11455428102122911,0.9682108169311445,0.03178918306885546,0.0784221653961225,0.9215778346038774,0.0690669584194731,0.9309330415805269
0.9021291052774824,0.09787089472251768,0.1540150508293324,0.8459849491706677,0.06829680506005982,0.9317031949399402,0.940764167429938,0.0592358325700621,0.08038471997662833,0.9196152800233717,0.9068614628950794,0.09313853710492052,0.8867016673786852,0.11329833262131475,0.972704542179686,0.02729545782031391,0.0700340859272977,0.9299659140727022,0.06922270873145937,0.9307772912685407
0.9654282592692853,0.03457174073071452,0.052413434412258986,0.9475865655877411,0.025440869178731798,0.9745591308212682,0.974425193417834,0.025574806582166168,0.040780229042037194,0.9592197709579627,0.9589280412780258,0.041071958721974326,0.9598516043894548,0.040148395610545104,0.9891677557148351,0.01083224428516485,0.024653554060754486,0.9753464459392456,0.02935175998397016,0.9706482400160298
0.9590620970156652,0.040937902984334744,0.05628631679954707,0.9437136832004529,0.022368715471574853,0.9776312845284252,0.9691246613122452,0.030875338687754765,0.04644399584533679,0.9535560041546634,0.9714904034985874,0.02850959650141269,0.9651002141366729,0.03489978586332705,0.9878440711848504,0.01215592881514962,0.020064928008537264,0.9799350719914628,0.029074450771298967,0.970925549228701
0.9650792816080482,0.03492071839195183,0.04634195941542366,0.9536580405845763,0.02125362852000495,0.9787463714799951,0.9726976895909427,0.02730231040905722,0.03761098479558445,0.9623890152044156,0.9779186764852718,0.02208132351472832,0.9711287231163134,0.028871276883686733,0.9866626551520028,0.013337344847997099,0.018954750413044584,0.9810452495869554,0.025168516894003876,0.9748314831059961
0.9097946518863962,0.0902053481136038,0.1090746786570788,0.8909253213429211,0.047277100900710745,0.9527228990992893,0.9327171075271544,0.0672828924728455,0.07142566078771317,0.9285743392122867,0.9250462737025446,0.07495372629745538,0.9215700201235659,0.078429979876434,0.9657104876227726,0.0342895123772275,0.05425067012503842,0.9457493298749615,0.07532659964862551,0.9246734003513745
0.9292280842962708,0.07077191570372912,0.09009117235424419,0.9099088276457558,0.042054652541401595,0.9579453474585984,0.9439078472961488,0.05609215270385116,0.05871981889638501,0.9412801811036149,0.9461638009156216,0.053836199084378394,0.9435016127991196,0.0564983872008805,0.9748798234546863,0.025120176545313785,0.040811700546165605,0.9591882994538343,0.04502351108078579,0.9549764889192142
0.7612535152073691,0.23874648479263091,0.28768536327470257,0.7123146367252975,0.14166207385822316,0.8583379261417768,0.8477290811811207,0.15227091881887925,0.15536312910056127,0.8446368708994386,0.782940962886407,0.217059037113593,0.8007107292861395,0.19928927071386063,0.9141770385977483,0.08582296140225154,0.1492639168652428,0.8507360831347572,0.20960058692853017,0.7903994130714699
0.8436249095891226,0.1563750904108774,0.21599151872264744,0.7840084812773526,0.09709672543692525,0.9029032745630747,0.8938971269871786,0.10610287301282138,0.10028204907172475,0.8997179509282753,0.8748529488382377,0.12514705116176233,0.8672469918312682,0.1327530081687318,0.9501445499475653,0.04985545005243465,0.10061249792198913,0.8993875020780109,0.10557796478380824,0.8944220352161918
0.7693250822212526,0.2306749177787474,0.3000367132833532,0.6999632867166469,0.1347812530336763,0.8652187469663237,0.8557600468771944,0.14423995312280566,0.14708255031178363,0.8529174496882165,0.8113072311808287,0.18869276881917132,0.8111441305576624,0.18885586944233762,0.9292856143104417,0.07071438568955833,0.14591842601544328,0.8540815739845568,0.1912518481413318,0.8087481518586682
0.8749546165159728,0.12504538348402722,0.18306638926134103,0.8169336107386589,0.08717415131406926,0.9128258486859308,0.9173864352265607,0.08261356477343926,0.08065102189335259,0.9193489781066474,0.9156200796095387,0.0843799203904612,0.8847839189704519,0.11521608102954804,0.9485074610416259,0.05149253895837415,0.07987445486146445,0.9201255451385355,0.08531137718937476,0.9146886228106251
0.9359163570528063,0.06408364294719365,0.10874949869088413,0.891250501309116,0.04943300713627382,0.9505669928637263,0.9442163602378478,0.055783639762152136,0.057556018829417424,0.9424439811705827,0.9399984374480468,0.0600015625519532,0.9287387666058005,0.07126123339419961,0.975630101001658,0.02436989899834189,0.05482968924055558,0.9451703107594444,0.05027156335505377,0.9497284366449462
0.9464941563591156,0.05350584364088443,0.06415244163508325,0.9358475583649166,0.03461534950102298,0.9653846504989769,0.9648014430971182,0.03519855690288172,0.04390474274743308,0.9560952572525668,0.9613440447588838,0.03865595524111631,0.948518943126308,0.051481056873691915,0.9774202856554184,0.022579714344581715,0.034854061555504835,0.9651459384444951,0.042058096249031264,0.9579419037509687
0.9807774365618434,0.019222563438156565,0.02506775160524062,0.9749322483947593,0.013421840232185477,0.9865781597678145,0.9838433575589447,0.016156642441055358,0.023728203533146437,0.9762717964668537,0.9803186162337928,0.019681383766207265,0.9773071852109897,0.02269281478901042,0.991757168776959,0.00824283122304108,0.014691731624065238,0.9853082683759348,0.014281650611786835,0.9857183493882132
0.975494134161439,0.024505865838561035,0.026002634286200275,0.9739973657137997,0.013551447282780902,0.986448552717219,0.9850941046762173,0.014905895323782779,0.026570838320192136,0.9734291616798079,0.9793808915366105,0.02061910846338965,0.9724847173577051,0.027515282642294928,0.992445852660667,0.007554147339333145,0.014352803910547073,0.9856471960894528,0.0152261214480421,0.984773878551958
0.9898804839882062,0.0101195160117938,0.011678684110069821,0.9883213158899301,0.007607914658603202,0.9923920853413968,0.9904553256403095,0.009544674359690511,0.020420465964275415,0.9795795340357246,0.987165700408348,0.012834299591652156,0.9837424542682623,0.01625754573173762,0.9931813162175016,0.006818683782498335,0.0075922911077965635,0.9924077088922034,0.007052401732401738,0.9929475982675984
0.9903736867513577,0.009626313248642325,0.012259754345854763,0.9877402456541452,0.007137952612932797,0.9928620473870673,0.989765109974186,0.010234890025813917,0.023569221317500465,0.9764307786824996,0.987962342647158,0.012037657352842138,0.9834623867611334,0.016537613238866662,0.9941651858888281,0.005834814111171914,0.007526615430393224,0.9924733845696068,0.005713403223004393,0.9942865967769955
0.9865589332640463,0.013441066735953794,0.013052541592280547,0.9869474584077195,0.007265156586061104,0.9927348434139389,0.9896468597415985,0.010353140258401415,0.021730206342998028,0.9782697936570021,0.9871868794871069,0.01281312051289293,0.9788190260693777,0.021180973930622387,0.9919479640981963,0.008052035901803726,0.009075081807249566,0.9909249181927503,0.00965824136359611,0.9903417586364038
0.9874248630320275,0.012575136967972592,0.01391158020204179,0.9860884197979582,0.00757853730460363,0.9924214626953963,0.9889344102920719,0.011065589707928196,0.023047509054228338,0.9769524909457717,0.985121763696229,0.014878236303770992,0.9812780489789361,0.01872195102106395,0.994693095315815,0.005306904684184895,0.00850743430813894,0.9914925656918611,0.007121078524923684,0.9928789214750764
0.9858042986319698,0.014195701368030026,0.017381499342735293,0.9826185006572647,0.006954139971374831,0.9930458600286252,0.9892830989571051,0.010716901042894904,0.024264418149254306,0.9757355818507457,0.9845033921521635,0.01549660784783653,0.9772291152123914,0.022770884787608654,0.9951068010949415,0.004893198905058384,0.007534569941393915,0.9924654300586061,0.009570977199284394,0.9904290228007155
0.989237487887121,0.010762512112878993,0.012825835005901778,0.9871741649940982,0.006009868438825572,0.9939901315611743,0.9915231624647046,0.008476837535295307,0.019918317236614188,0.9800816827633857,0.9881612337081368,0.011838766291863085,0.9828396677740264,0.017160332225973587,0.9961138705640065,0.0038861294359936118,0.006246686579910218,0.9937533134200898,0.006564966238157212,0.9934350337618427
0.995286398013417,0.004713601986583025,0.00882683411295234,0.9911731658870476,0.0034054450597770887,0.996594554940223,0.9938805940204016,0.006119405979598404,0.015195389068660173,0.9848046109313399,0.9947379700082559,0.005262029991744063,0.9862658798646448,0.013734120135355155,0.9961182606924669,0.0038817393075331443,0.004304866714506402,0.9956951332854935,0.00320663660855458,0.9967933633914455
0.9735738722613576,0.026426127738642405,0.03857245739889762,0.9614275426011024,0.013285691380966518,0.9867143086190334,0.9753658191840049,0.024634180815995072,0.031905549436420176,0.9680944505635798,0.9747936338826247,0.025206366117375256,0.9506048629315229,0.04939513706847705,0.9823466586814286,0.017653341318571443,0.022421467300113202,0.9775785326998868,0.020802131836442937,0.9791978681635569
0.9887447275729756,0.01125527242702432,0.02936462702581715,0.9706353729741828,0.009028486471159707,0.9909715135288404,0.9786106960053947,0.021389303994605147,0.027601218995569058,0.9723987810044309,0.9818184442503947,0.018181555749605297,0.9672139655620281,0.032786034437971824,0.9892710894987462,0.010728910501253902,0.015818450193769696,0.9841815498062302,0.008538847325099623,0.9914611526749004
0.9556744822948054,0.04432551770519456,0.0839149657156196,0.9160850342843805,0.024997697023061226,0.9750023029769387,0.9598037358044051,0.04019626419559479,0.052982439302683426,0.9470175606973165,0.9455906145246105,0.05440938547538947,0.9149066727884618,0.08509332721153816,0.9800150542793825,0.0199849457206176,0.03702951820989166,0.9629704817901084,0.03519660214463008,0.9648033978553698
0.9785838923807751,0.021416107619224967,0.04391192768186359,0.9560880723181364,0.015349610186968596,0.9846503898130315,0.9779274137511557,0.022072586248844294,0.028466460920421707,0.9715335390795783,0.974348204878224,0.025651795121776,0.9560142610561368,0.04398573894386317,0.9901984863949297,0.009801513605070308,0.021454545049722325,0.9785454549502777,0.0140199982393821,0.985980001760618
0.9843252835967491,0.015674716403251066,0.04534138128326776,0.9546586187167322,0.02462711242970748,0.9753728875702926,0.9797456088441919,0.02025439115580809,0.03495670691390522,0.9650432930860948,0.9714306973848512,0.028569302615148787,0.9452922537071294,0.05470774629287043,0.9817577059193051,0.01824229408069492,0.025234718096887977,0.974765281903112,0.013178405555142712,0.9868215944448572
0.9899473492338781,0.010052650766121971,0.020595502841096843,0.9794044971589032,0.0139755595097768,0.9860244404902232,0.9853580470137363,0.014641952986263784,0.02503218380745437,0.9749678161925456,0.9825990193154648,0.017400980684535147,0.9743537370788588,0.02564626292114128,0.9875636461321283,0.012436353867871624,0.01682197898216427,0.9831780210178357,0.006857342346076771,0.9931426576539232
0.9714141441930381,0.0285858558069619,0.049169004274707266,0.9508309957252927,0.02622192939114099,0.9737780706088591,0.9698308753188302,0.030169124681169855,0.03833858058317892,0.961661419416821,0.9491039766896741,0.05089602331032609,0.9224640990578067,0.0775359009421933,0.96990375717891,0.030096242821090018,0.04463593131994671,0.9553640686800532,0.03274349665655954,0.9672565033434405
0.9697980223327836,0.030201977667216426,0.05075324082696205,0.949246759173038,0.027106687487659334,0.9728933125123408,0.9776282170068122,0.02237178299318787,0.03425081550171929,0.9657491844982806,0.9565195380174599,0.04348046198254017,0.9399056877950575,0.060094312204942546,0.9888198371964556,0.011180162803544277,0.03175378360728123,0.9682462163927187,0.015529078842479536,0.9844709211575204
0.9882817283135906,0.011718271686409286,0.023700964549477784,0.9762990354505222,0.009819002107440303,0.9901809978925596,0.9868266597267747,0.013173340273225368,0.02845166703638594,0.971548332963614,0.9759928347228827,0.02400716527711741,0.9722403485639473,0.027759651436052628,0.9946790188159909,0.0053209811840090795,0.00970611086962472,0.9902938891303754,0.011621548187227604,0.9883784518127724
0.9892107021759139,0.01078929782408598,0.014398663699252958,0.9856013363007471,0.008764921054258353,0.9912350789457416,0.9925575505457526,0.007442449454247492,0.023658115344382315,0.9763418846556178,0.9846706321339362,0.015329367866063703,0.9787345865755067,0.021265413424493233,0.9952402849188844,0.004759715081115572,0.008201651176767785,0.9917983488232324,0.007376788386765049,0.992623211613235
0.9915519522017419,0.008448047798258097,0.011356169440426129,0.9886438305595738,0.005826597678804688,0.9941734023211952,0.992967874332491,0.00703212566750898,0.019362584417959666,0.9806374155820403,0.9919038079514968,0.008096192048503165,0.9863744494820788,0.013625550517921341,0.9957004930367013,0.004299506963298738,0.0052305823107315,0.9947694176892685,0.0054822392735435444,0.9945177607264564
0.9932600026692039,0.006739997330796086,0.011187496998668226,0.9888125030013317,0.004838068203919817,0.9951619317960803,0.9917439770829097,0.00825602291709023,0.018705640545104527,0.9812943594548954,0.993351666744528,0.006648333255472036,0.9890953062651635,0.010904693734836522,0.9958766605131142,0.004123339486885859,0.005212413702689077,0.9947875862973109,0.005079426867373806,0.994920573132626
0.9949658815261256,0.005034118473874234,0.010153030791542412,0.9898469692084576,0.006594623106515695,0.9934053768934844,0.9906074035932261,0.009392596406773868,0.022107809625881627,0.9778921903741183,0.9897284213132691,0.01027157868673083,0.9859996863088636,0.014000313691136317,0.9916648128066043,0.008335187193395524,0.006845118734546277,0.9931548812654538,0.005537425390371132,0.994462574609629
0.9936826096645072,0.006317390335492945,0.008055574957237152,0.9919444250427629,0.005555696910248932,0.994444303089751,0.9903517537716667,0.009648246228333334,0.022046063220530016,0.9779539367794701,0.9884851601155761,0.011514839884423913,0.9854992759581441,0.014500724041855949,0.9925079239946493,0.007492076005350645,0.007360715949716952,0.992639284050283,0.004151742310415114,0.9958482576895848
0.9956790629734247,0.0043209370265751765,0.007715253388178971,0.9922847466118211,0.004447054993600077,0.9955529450063999,0.991517334265084,0.0084826657349159,0.021623334381056774,0.9783766656189432,0.9906093325580985,0.009390667441901614,0.9867652854487964,0.013234714551203702,0.9943954859119563,0.005604514088043633,0.006121121246659937,0.9938788787533401,0.003401309477744191,0.9965986905222558
0.9944885067766456,0.005511493223354432,0.007962131848386109,0.9920378681516138,0.0043615155391235885,0.9956384844608763,0.9934588820145187,0.006541117985481351,0.02198757238364543,0.9780124276163547,0.9894550049852481,0.01054499501475194,0.9831988915061072,0.01680110849389287,0.9948629782910087,0.0051370217089912636,0.0056032896367359825,0.994396710363264,0.004249808451946232,0.9957501915480538
0.9955401414025264,0.004459858597473514,0.00891865247429091,0.991081347525709,0.0038153950908136128,0.9961846049091864,0.9929324722476638,0.0070675277523360855,0.021956225193268026,0.978043774806732,0.990118068004201,0.009881931995799006,0.9833219677902503,0.016678032209749748,0.9957138822099147,0.004286117790085292,0.005381781154512181,0.9946182188454878,0.0037082256094256878,0.9962917743905744
0.9955569488417731,0.004443051158226755,0.009281951758247078,0.9907180482417529,0.004470311686420053,0.9955296883135798,0.9933145170885683,0.006685482911431563,0.022489279596659095,0.977510720403341,0.9904898257238559,0.00951017427614415,0.9818124731734775,0.018187526826522495,0.9944285012874989,0.005571498712501118,0.005430266772633548,0.9945697332273665,0.00389485876356138,0.9961051412364387
0.9872091043148661,0.012790895685133846,0.02054163960398104,0.979458360396019,0.006689539646295725,0.9933104603537042,0.9860785521015267,0.013921447898473218,0.02827313497731843,0.9717268650226817,0.9816427594826267,0.018357240517373356,0.9614500919051578,0.03854990809484222,0.9888508214788849,0.011149178521115176,0.011763294097489801,0.9882367059025101,0.01008358422780431,0.9899164157721957
0.9814110296045069,0.018588970395493277,0.043508847517822864,0.9564911524821771,0.011465530492990787,0.9885344695070091,0.9724911351735407,0.02750886482645918,0.03838988413305698,0.9616101158669431,0.9723624404080518,0.027637559591948205,0.9590138873984664,0.040986112601533516,0.9911666224764071,0.008833377523592853,0.01855303756568084,0.9814469624343193,0.0165795981384939,0.983420401861506
0.9893044189697037,0.010695581030296452,0.02921761686246865,0.9707823831375314,0.006598566826575061,0.993401433173425,0.9860262216924002,0.013973778307599837,0.027598720297855883,0.9724012797021441,0.9871098705549851,0.01289012944501497,0.9708968319062098,0.0291031680937902,0.9935639595033047,0.006436040496695326,0.008035822722413315,0.9919641772775867,0.011126300175864183,0.9888736998241359
0.9881571852155647,0.011842814784435192,0.030761552991219625,0.9692384470087804,0.00799577971385341,0.9920042202861467,0.9835849550231005,0.016415044976899443,0.028762708409910964,0.9712372915900891,0.985215291641095,0.014784708358904962,0.9706424629246296,0.02935753707537039,0.9936694825293264,0.006330517470673572,0.011759043376090544,0.9882409566239095,0.010542348185578029,0.989457651814422
0.9909238143277341,0.009076185672265806,0.025160807948411256,0.9748391920515888,0.01230799098237257,0.9876920090176274,0.9870350276369827,0.012964972363017222,0.0263909169394975,0.9736090830605024,0.9862430713045146,0.013756928695485435,0.9675086766928108,0.0324913233071892,0.986775401722936,0.013224598277064053,0.014284557236427707,0.9857154427635723,0.008832448258008095,0.9911675517419918
0.9573011035235612,0.04269889647643888,0.08231780960346759,0.9176821903965324,0.03355015553908287,0.9664498444609171,0.9497379112934998,0.050262088706500174,0.05703060837808183,0.9429693916219183,0.9466456445870828,0.05335435541291716,0.906850570556986,0.09314942944301394,0.9609143692320088,0.03908563076799114,0.05056871048502403,0.9494312895149759,0.03270584353846055,0.9672941564615394
0.9686778274145,0.03132217258549995,0.08445050263249507,0.9155494973675049,0.026304569008543135,0.9736954309914568,0.9452488001197921,0.05475119988020803,0.061120991644339304,0.9388790083556606,0.9484976786115127,0.051502321388487274,0.9302468672272839,0.06975313277271618,0.9783356446690664,0.021664355330933693,0.04435365279970791,0.9556463472002921,0.03399717871256232,0.9660028212874378
0.974441588020122,0.025558411979877863,0.0515047173650531,0.948495282634947,0.01650822203446991,0.9834917779655302,0.9756196328416494,0.024380367158350517,0.04574266993380606,0.954257330066194,0.966850629556815,0.03314937044318504,0.9572037011912946,0.042796298808705294,0.9903498801557546,0.009650119844245268,0.017377159753469575,0.9826228402465305,0.02694478447820461,0.9730552155217954
0.978926558070196,0.021073441929804083,0.03611238408864026,0.9638876159113597,0.013948947868499746,0.9860510521315003,0.9865375987544814,0.013462401245518622,0.02682464805587346,0.9731753519441266,0.9817059583392753,0.01829404166072472,0.9641865075425337,0.035813492457466484,0.9922818920550812,0.007718107944918778,0.013024141679399462,0.9869758583206006,0.01722307135750248,0.9827769286424975
0.9853673363448904,0.014632663655109691,0.026053328806561412,0.9739466711934387,0.012419737522758418,0.9875802624772417,0.9875713244240905,0.012428675575909485,0.022513589200401814,0.9774864107995983,0.9835814880223689,0.016418511977631167,0.9750079147091031,0.024992085290896873,0.9951171103155558,0.004882889684444082,0.01316340227205403,0.986836597727946,0.010123348284896928,0.9898766517151031
0.9895283907242886,0.010471609275711412,0.017637548666496177,0.982362451333504,0.008194593228406375,0.9918054067715937,0.9876584617964469,0.012341538203552972,0.021977669722087013,0.978022330277913,0.9898699522354091,0.010130047764591003,0.9850985655677258,0.014901434432274275,0.9928769020667184,0.007123097933281677,0.007482144564889033,0.9925178554351111,0.00888224291539509,0.9911177570846049
0.91126740259301,0.08873259740698995,0.1107021408852919,0.8892978591147082,0.05267620818046195,0.9473237918195381,0.9413850541622117,0.058614945837788306,0.0645268733786009,0.9354731266213991,0.9182787230098154,0.08172127699018454,0.8877326022087462,0.11226739779125389,0.9529397419354256,0.04706025806457439,0.06817057883266736,0.9318294211673326,0.08591770230368898,0.914082297696311
0.8714541672946327,0.12854583270536737,0.2115872068111635,0.7884127931888365,0.08365937819188787,0.9163406218081123,0.8901182160598964,0.10988178394010359,0.111715130710007,0.8882848692899931,0.8551298778549987,0.1448701221450012,0.8560211865137367,0.14397881348626337,0.957668392478455,0.04233160752154492,0.1082767643626201,0.8917232356373799,0.11384723380787119,0.8861527661921288
0.8604914716244487,0.13950852837555125,0.21065582786164433,0.7893441721383556,0.08476270809855516,0.9152372919014449,0.9043087164054722,0.09569128359452773,0.1266700810239434,0.8733299189760566,0.8534242097816249,0.14657579021837502,0.8624659430820716,0.1375340569179283,0.9558702508778263,0.04412974912217372,0.0815843377091912,0.9184156622908088,0.15690174452172867,0.8430982554782714
0.8212716092383657,0.17872839076163424,0.2613176256396525,0.7386823743603476,0.11960193388703584,0.8803980661129641,0.9056430617223759,0.09435693827762401,0.11345176032487328,0.8865482396751266,0.8569181464590085,0.1430818535409915,0.8268600375187697,0.17313996248123026,0.9421446179385194,0.05785538206148055,0.10464072837292795,0.8953592716270721,0.14575655321802533,0.8542434467819747
0.817212579506638,0.18278742049336213,0.2767609505298188,0.7232390494701813,0.11793603263029294,0.8820639673697069,0.8756404381443326,0.12435956185566743,0.12404337781142478,0.8759566221885752,0.8599986582809366,0.14000134171906353,0.8332692427435799,0.16673075725642,0.9422206113776261,0.057779388622373876,0.1295119034625215,0.8704880965374785,0.13815432186761079,0.8618456781323893
0.9119139118151166,0.08808608818488337,0.13776922818496612,0.8622307718150338,0.06712901947200539,0.9328709805279946,0.9246084739752016,0.07539152602479834,0.07519896886141846,0.9248010311385816,0.9378649063320372,0.062135093667962694,0.9206618029063833,0.0793381970936167,0.9556423094285408,0.04435769057145919,0.05745714187613026,0.9425428581238696,0.0725253029733894,0.9274746970266107
0.9488616590314011,0.051138340968598955,0.09438533791192914,0.9056146620880708,0.06168833480391335,0.9383116651960868,0.9431675081468516,0.05683249185314839,0.0579078450401467,0.9420921549598533,0.9413485394282347,0.05865146057176526,0.9405398876008475,0.05946011239915245,0.9638083733967858,0.036191626603214073,0.05514027540795961,0.9448597245920404,0.04547850535270196,0.954521494647298
0.9736882712446606,0.026311728755339315,0.03001330158314564,0.9699866984168543,0.027656709175384767,0.9723432908246152,0.9780086320748919,0.021991367925108023,0.03207475502118544,0.9679252449788146,0.9675134500259985,0.032486549974001536,0.9718682146253517,0.028131785374648253,0.9824305954147293,0.01756940458527073,0.02521823258823481,0.9747817674117651,0.01978647778859243,0.9802135222114076
0.8738778114784111,0.1261221885215887,0.13610145668794188,0.8638985433120581,0.09691040751817441,0.9030895924818255,0.9210486084401086,0.07895139155989135,0.09291706194625672,0.9070829380537434,0.8336742381253325,0.16632576187466763,0.8353234631432317,0.16467653685676845,0.9242595880528666,0.07574041194713349,0.11004059606913065,0.8899594039308693,0.13550577948604753,0.8644942205139525
0.9040203991281143,0.09597960087188571,0.12669058999560837,0.8733094100043916,0.10796549810253733,0.8920345018974628,0.9309189690319348,0.06908103096806512,0.10138056591350414,0.8986194340864958,0.8516499667192743,0.14835003328072574,0.8551779269265487,0.14482207307345127,0.9344201513739916,0.0655798486260085,0.08614446547816883,0.9138555345218312,0.05464434790439155,0.9453556520956083
0.940198339856843,0.05980166014315708,0.09372569674928441,0.9062743032507157,0.0559302743624153,0.9440697256375846,0.9429698470808578,0.05703015291914221,0.08860059269491097,0.9113994073050891,0.8842118609026055,0.11578813909739444,0.8996878891186957,0.1003121108813043,0.9680448087819002,0.031955191218099775,0.05486761921912116,0.9451323807808789,0.046190462918713086,0.9538095370812869
0.9161536264924091,0.0838463735075909,0.09302705526408897,0.906972944735911,0.06569054239592664,0.9343094576040734,0.9600578503953167,0.03994214960468335,0.07028918072242704,0.929710819277573,0.9038874052282816,0.09611259477171848,0.8936709392449874,0.1063290607550126,0.9712762412494855,0.028723758750514437,0.06671991917634107,0.9332800808236589,0.056822279590120275,0.9431777204098798
0.9275527377917274,0.07244726220827266,0.08759372854167215,0.9124062714583279,0.04979724041450542,0.9502027595854946,0.965884552265262,0.034115447734737854,0.061094309773096496,0.9389056902269034,0.9386598924523817,0.06134010754761822,0.9291325353848708,0.0708674646151292,0.9803127757383486,0.01968722426165149,0.038032001209845796,0.9619679987901542,0.04556529368115239,0.9544347063188475
0.7581982921355691,0.24180170786443084,0.27715591683506835,0.7228440831649317,0.14706439210552152,0.8529356078944785,0.8759262909086118,0.12407370909138805,0.14265651400488977,0.8573434859951103,0.8139893453770299,0.18601065462297003,0.8069388732217313,0.19306112677826875,0.9253560068540075,0.07464399314599258,0.1450344531557246,0.8549655468442754,0.1896330727841948,0.8103669272158053
0.9209698475958126,0.07903015240418744,0.11211219834979137,0.8878878016502085,0.06030008086511261,0.9396999191348875,0.9459484990320035,0.05405150096799648,0.05789744669753912,0.9421025533024608,0.9223968057824535,0.07760319421754636,0.9240149406197273,0.07598505938027258,0.9696437458449294,0.03035625415507071,0.05296670457054305,0.9470332954294569,0.05687178681868307,0.943128213181317
0.9544656889863173,0.04553431101368268,0.07741880497226943,0.9225811950277305,0.029882635357446858,0.970117364642553,0.9538366071483495,0.04616339285165043,0.05113457548748531,0.9488654245125147,0.9624346483432259,0.03756535165677399,0.9575985593971733,0.04240144060282676,0.9843796937063243,0.01562030629367586,0.029883784115356114,0.9701162158846439,0.03133819744229016,0.9686618025577098
0.9754839987624508,0.024516001237549156,0.038997723447362125,0.9610022765526378,0.01485127791662119,0.9851487220833789,0.9751091320874202,0.024890867912579828,0.03312210154576822,0.9668778984542319,0.980764512424143,0.019235487575857017,0.9723885587484005,0.027611441251599544,0.988735327509167,0.011264672490832916,0.01790870403084421,0.9820912959691559,0.020766743146287615,0.9792332568537123
0.9663490325844787,0.03365096741552139,0.052347140849629846,0.9476528591503701,0.018589397564339152,0.9814106024356608,0.9709527299954442,0.02904727000455562,0.04023229324748167,0.9597677067525184,0.9717693107112252,0.028230689288774775,0.9619824600312323,0.038017539968767645,0.9886231043487939,0.011376895651206191,0.022791060430768385,0.9772089395692316,0.02833353151072955,0.9716664684892705
0.9793995647683185,0.020600435231681497,0.03535021484050635,0.9646497851594937,0.016238485044559336,0.9837615149554406,0.9831915876290092,0.016808412370990795,0.02698298431806355,0.9730170156819363,0.9846782053984886,0.015321794601511502,0.9708408167800077,0.029159183219992287,0.9888495221906356,0.011150477809364366,0.015339284380408524,0.9846607156195915,0.015493776972452383,0.9845062230275476
0.9908778593555843,0.00912214064441573,0.020476893668260616,0.9795231063317393,0.014308355254689632,0.9856916447453103,0.9826316962299247,0.017368303770075262,0.02888291941968717,0.9711170805803128,0.9791954483195198,0.020804551680480232,0.9796255270477251,0.020374472952274868,0.9885912891572117,0.01140871084278816,0.01428354020553822,0.9857164597944617,0.00887243935346651,0.9911275606465334
0.9910005803695332,0.008999419630466837,0.01031467531120358,0.9896853246887964,0.009230847572193472,0.9907691524278064,0.9902033370768327,0.00979666292316724,0.022389155217200613,0.9776108447827992,0.9868554314570019,0.013144568542998024,0.9849236891967229,0.01507631080327694,0.991315063329767,0.008684936670232934,0.009057701964965232,0.9909422980350349,0.005839744078964533,0.9941602559210355
0.9859910285339247,0.014008971466075286,0.012695370056594248,0.9873046299434057,0.011229050667578344,0.9887709493324217,0.9896044775093689,0.010395522490631207,0.022144337701200004,0.9778556622988,0.981629662328296,0.01837033767170411,0.975534590237314,0.02446540976268602,0.9898401422365045,0.010159857763495601,0.013966265108128534,0.9860337348918715,0.009251933005977965,0.990748066994022
0.9928985182110394,0.007101481788960576,0.009519140054772255,0.9904808599452278,0.006567207438253363,0.9934327925617468,0.9931786871619239,0.006821312838076051,0.020511462455880473,0.9794885375441196,0.9859437271772111,0.014056272822788984,0.9807705851964756,0.01922941480352445,0.9952350266221686,0.0047649733778313925,0.007788619297647058,0.9922113807023529,0.004116122437667339,0.9958838775623327
0.9928624914269962,0.007137508573003807,0.011918957949796694,0.9880810420502032,0.007623741802176512,0.9923762581978235,0.9911029843216628,0.008897015678337275,0.02712941834303431,0.9728705816569657,0.9842036435672193,0.01579635643278075,0.9778817498587611,0.022118250141238846,0.992377198984302,0.007622801015698014,0.007540272911375079,0.992459727088625,0.006093699665230517,0.9939063003347696
0.9882004970939372,0.011799502906062714,0.013322507659485124,0.9866774923405149,0.009194175299911707,0.9908058247000884,0.9903111696579444,0.009688830342055699,0.02860601802894379,0.9713939819710562,0.9798325584874523,0.020167441512547613,0.9678328679933005,0.03216713200669942,0.9901324431515184,0.009867556848481498,0.011452185840528192,0.9885478141594717,0.006766822722501484,0.9932331772774984
0.9822996305973237,0.017700369402676153,0.030556134429585713,0.9694438655704142,0.028226516891534246,0.9717734831084657,0.9762157007188801,0.023784299281119782,0.05469842773751682,0.9453015722624831,0.9635380987696962,0.0364619012303038,0.9455547052727357,0.054445294727264316,0.9698176430164579,0.03018235698354209,0.02429711457704521,0.9757028854229548,0.011287951509707848,0.988712048490292
0.9793408764486085,0.020659123551391607,0.03336348136752966,0.9666365186324702,0.028320512620353455,0.9716794873796465,0.970056988418181,0.029943011581818956,0.059666544465198715,0.9403334555348013,0.9479644513177177,0.05203554868228235,0.9331775152468087,0.06682248475319139,0.9690207408915527,0.03097925910844741,0.035635484200237544,0.9643645157997623,0.011896130011825814,0.9881038699881742
0.9904161333922697,0.009583866607730205,0.022372708801049065,0.977627291198951,0.013646011255136082,0.986353988744864,0.9803261434089128,0.019673856591087113,0.0421014489293104,0.9578985510706896,0.968320203538184,0.031679796461816005,0.9541979305110335,0.04580206948896646,0.9836493476978918,0.016350652302108117,0.023076070436956357,0.9769239295630437,0.009394370515663728,0.9906056294843363
0.9745360159401636,0.025463984059836336,0.0502958491913091,0.9497041508086909,0.02490231981024517,0.9750976801897548,0.9762654674663718,0.023734532533628224,0.06366248699099875,0.9363375130090014,0.939855967875181,0.06014403212481905,0.9160276195923158,0.08397238040768416,0.9804458992491393,0.01955410075086063,0.030528816124767197,0.9694711838752329,0.02654210368144403,0.973457896318556
0.9650592916962543,0.034940708303745745,0.07925394220357389,0.9207460577964262,0.03182153798704483,0.9681784620129551,0.9683197953231438,0.031680204676856234,0.07290096818986695,0.9270990318101331,0.9354196749125014,0.06458032508749856,0.9122217912486558,0.08777820875134416,0.9822242664358088,0.017775733564191272,0.03243921268764833,0.9675607873123517,0.032678697668279064,0.967321302331721
0.9652158789404813,0.034784121059518586,0.08476423088288372,0.9152357691171162,0.03259650544523943,0.9674034945547605,0.9659558947215918,0.034044105278408184,0.07313589335092974,0.9268641066490702,0.9366398866392741,0.06336011336072583,0.9155792826571073,0.08442071734289266,0.9812574127195692,0.018742587280430743,0.033286189143836874,0.9667138108561631,0.03861989119651973,0.9613801088034802
0.97903217702005,0.020967822979950118,0.06609642059938069,0.9339035794006194,0.028173760316279783,0.9718262396837203,0.9698811371949057,0.030118862805094477,0.05453490158937026,0.9454650984106298,0.9711831042218352,0.028816895778164816,0.934516074929087,0.06548392507091315,0.971115587682197,0.028884412317803147,0.02553142846233979,0.9744685715376602,0.021118921316851613,0.9788810786831484
0.9733567685423387,0.026643231457661343,0.06796383794080675,0.9320361620591933,0.028867229321150337,0.9711327706788496,0.9496320018882949,0.05036799811170506,0.06013637242333746,0.9398636275766626,0.9598706662813449,0.04012933371865503,0.9420591610326092,0.05794083896739079,0.970739216287576,0.029260783712424118,0.03846997312693611,0.9615300268730638,0.022661365001537283,0.9773386349984626
0.8474776869881706,0.15252231301182942,0.25238388230670467,0.7476161176932953,0.12153315209779321,0.8784668479022067,0.844554890881292,0.15544510911870804,0.15011683010468774,0.8498831698953122,0.8271345605910801,0.17286543940891982,0.7784883691839821,0.22151163081601793,0.8860801552162317,0.11391984478376826,0.15818606581680955,0.8418139341831905,0.16208340486354575,0.8379165951364542
0.8378181565102139,0.16218184348978615,0.2976697656148711,0.7023302343851289,0.23895633018220952,0.7610436698177906,0.8319664111248302,0.1680335888751699,0.18732939220083414,0.8126706077991659,0.7315339239162135,0.2684660760837865,0.6943767768063778,0.3056232231936222,0.8142630134016146,0.18573698659838533,0.19794740620933193,0.802052593790668,0.11898391553293533,0.8810160844670646
0.7237341414098362,0.27626585859016384,0.4233418999910007,0.5766581000089993,0.31032491654442224,0.6896750834555777,0.7197681914099062,0.2802318085900938,0.29737213584445055,0.7026278641555493,0.5329979307825526,0.4670020692174473,0.5659591247081412,0.43404087529185875,0.7670234134706846,0.23297658652931547,0.342458224371943,0.6575417756280569,0.21391735447140767,0.7860826455285923
0.7568228306821956,0.2431771693178045,0.36178042372576047,0.6382195762742396,0.23834577554379438,0.7616542244562057,0.7949274511833119,0.20507254881668804,0.2235792177127933,0.7764207822872068,0.661317791453051,0.3386822085469489,0.6646341177011069,0.33536588229889314,0.869526522978938,0.13047347702106213,0.3117053977373899,0.6882946022626102,0.20932093083928072,0.7906790691607193
0.8419929008529415,0.15800709914705843,0.2292562380930861,0.7707437619069138,0.1208218856387413,0.8791781143612587,0.9183074608762015,0.08169253912379837,0.12605742405333223,0.8739425759466677,0.8545604388536661,0.145439561146334,0.8362102366489251,0.16378976335107495,0.9504503318356061,0.04954966816439398,0.10039290777242706,0.899607092227573,0.12179510961709286,0.8782048903829072
0.6004891286490189,0.399510871350981,0.4847198250812592,0.5152801749187407,0.28764659908341694,0.7123534009165831,0.7542827701540068,0.24571722984599326,0.25961062992192757,0.7403893700780724,0.6531848294868096,0.34681517051319044,0.6452831205054759,0.354716879494524,0.8379378413998892,0.16206215860011075,0.30783995725069907,0.692160042749301,0.3448602811306543,0.6551397188693457
0.7823310451487778,0.21766895485122215,0.29092786038833063,0.7090721396116695,0.15781235024044293,0.8421876497595571,0.8742546974054572,0.12574530259454264,0.13371807874920094,0.8662819212507991,0.7936971861630284,0.20630281383697147,0.7986064128295784,0.20139358717042155,0.9266256978477676,0.07337430215223237,0.15408863342657395,0.845911366573426,0.17878302823951073,0.8212169717604891
0.8709856761256277,0.12901432387437226,0.20620004479706072,0.7937999552029392,0.10244675626833478,0.8975532437316653,0.9010036573552638,0.09899634264473631,0.10099190702121441,0.8990080929787856,0.9045444703023612,0.09545552969763889,0.8893636598858876,0.11063634011411244,0.9446158722444364,0.055384127755563485,0.0780987096558251,0.9219012903441749,0.09925310947169086,0.9007468905283091
0.8859040441866263,0.11409595581337376,0.134786598196798,0.8652134018032019,0.0771073516689507,0.9228926483310492,0.9118196698593581,0.08818033014064185,0.08004525805561089,0.9199547419443891,0.9147198458831016,0.08528015411689828,0.9203740747909498,0.07962592520905018,0.9541707434679113,0.045829256532088816,0.07593895866718109,0.924061041332819,0.08311050254082393,0.916889497459176
0.9121527961610975,0.08784720383890252,0.11207565657447979,0.8879243434255203,0.05476653561302341,0.9452334643869766,0.9299439370442605,0.07005606295573957,0.06890322168191136,0.9310967783180887,0.9294291386458275,0.07057086135417233,0.9317317068977216,0.06826829310227855,0.9691839798082483,0.030816020191751708,0.06194479355074901,0.9380552064492509,0.07238582771485058,0.9276141722851494
0.9434368397447458,0.05656316025525415,0.07252130901564398,0.9274786909843561,0.0516193064736573,0.9483806935263427,0.9680274917880731,0.03197250821192687,0.04500610280678248,0.9549938971932175,0.9543852488501903,0.045614751149809854,0.9451894130113623,0.05481058698863764,0.973021648767428,0.026978351232571855,0.03910268653279404,0.960897313467206,0.0377016875738102,0.9622983124261899
0.9684720847198753,0.03152791528012455,0.03509010150140137,0.9649098984985987,0.02289764445783235,0.9771023555421677,0.970682653053371,0.02931734694662905,0.0348661950347948,0.9651338049652051,0.9585339003886743,0.041466099611325725,0.9712077205487605,0.028792279451239494,0.9868884197694656,0.013111580230534407,0.025219195807595948,0.974780804192404,0.020216899814815104,0.9797831001851849
0.9790550999971986,0.020944900002801414,0.020210637758679997,0.97978936224132,0.015335042602769435,0.9846649573972306,0.9841613652946365,0.01583863470536359,0.029465951057284067,0.9705340489427159,0.9782380363638387,0.021761963636161376,0.978677074506952,0.021322925493048116,0.9911462035217414,0.008853796478258597,0.014496186573334539,0.9855038134266654,0.011700655054909819,0.9882993449450901
0.98169421274093,0.01830578725906995,0.019290888427418464,0.9807091115725816,0.013519951508011604,0.9864800484919883,0.9876310027799822,0.012368997220017818,0.029636048645900262,0.9703639513540998,0.98286522180191,0.01713477819808989,0.9791006376923631,0.020899362307636934,0.9921995326449828,0.007800467355017139,0.010796597053328796,0.9892034029466713,0.01060325464443781,0.9893967453555622
0.9893952061975849,0.010604793802415094,0.009656682301550446,0.9903433176984494,0.006422949212791932,0.993577050787208,0.9924435483039933,0.007556451696006704,0.019108325972541366,0.9808916740274587,0.9892482901517836,0.010751709848216509,0.985448317633747,0.014551682366252986,0.994988280470009,0.005011719529991016,0.007079980985987023,0.992920019014013,0.0064961018042235166,0.9935038981957764
0.9668185744592479,0.03318142554075196,0.03741303772038708,0.962586962279613,0.017761236975991267,0.9822387630240087,0.9781603200861462,0.021839679913853893,0.0369107439702849,0.9630892560297151,0.9617241217156538,0.03827587828434613,0.9522846283894724,0.047715371610527614,0.9872927310306768,0.012707268969323298,0.02160505036807019,0.9783949496319297,0.028055069115959275,0.9719449308840408
0.9729871090627552,0.02701289093724478,0.03708596400516366,0.9629140359948363,0.013872149362720852,0.9861278506372791,0.9797979056750118,0.020202094324988106,0.03453468472670515,0.9654653152732948,0.974917642026192,0.025082357973808006,0.9659071679691869,0.03409283203081312,0.9915174826112294,0.008482517388770549,0.013109913858327809,0.9868900861416722,0.018048583237007455,0.9819514167629925
0.9539007032603791,0.04609929673962091,0.07029529460493067,0.9297047053950693,0.022804428939740766,0.9771955710602592,0.9651028804128856,0.034897119587114334,0.05030384136843979,0.9496961586315601,0.9543295092894896,0.04567049071051055,0.9446715133098419,0.055328486690158156,0.9864114015206172,0.013588598479382737,0.024765583473863182,0.9752344165261368,0.03952855021757759,0.9604714497824224
0.9606241110008737,0.0393758889991262,0.05822608702121887,0.9417739129787811,0.021029922507551885,0.978970077492448,0.9730439850403758,0.02695601495962414,0.0367787068642117,0.9632212931357884,0.9718361800250602,0.028163819974939802,0.9572209792831585,0.042779020716841525,0.9890783840265229,0.010921615973477041,0.02152263934176476,0.9784773606582352,0.02568671280954408,0.974313287190456
0.9825667054990286,0.01743329450097152,0.04240242663339846,0.9575975733666015,0.014008169760927612,0.9859918302390723,0.9787758362468404,0.021224163753159674,0.027305923583739174,0.9726940764162609,0.9857136628047789,0.014286337195221106,0.9682462314318511,0.031753768568148905,0.9890991265106823,0.010900873489317706,0.015356052079191286,0.9846439479208088,0.014425199042043702,0.9855748009579562
0.957802900628292,0.04219709937170805,0.06942342960170317,0.9305765703982968,0.02604856701492976,0.9739514329850703,0.9580867816747337,0.04191321832526635,0.043457756084449406,0.9565422439155505,0.9627545034777645,0.03724549652223539,0.9397460112275957,0.060253988772404315,0.9751103365883032,0.024889663411696888,0.036963947569863854,0.9630360524301361,0.03308664025942035,0.9669133597405796
0.9672979369495551,0.032702063050444784,0.06391186675703216,0.9360881332429678,0.02065424890716826,0.9793457510928316,0.960658627288834,0.039341372711166056,0.04158816812284088,0.9584118318771592,0.9650530239273094,0.03494697607269056,0.9535150980355883,0.046484901964411705,0.9860677061992104,0.013932293800789747,0.031180223825007455,0.9688197761749925,0.029320884251675918,0.9706791157483241
0.9812116658840643,0.01878833411593569,0.03243564267143136,0.9675643573285687,0.012593386590110781,0.9874066134098893,0.9864032224125328,0.013596777587467353,0.02383934019355223,0.9761606598064478,0.9853765739004677,0.014623426099532145,0.969895449638712,0.03010455036128806,0.992357292344957,0.007642707655043027,0.012571850911058748,0.9874281490889413,0.015104826233606743,0.9848951737663932
0.9937088929440145,0.006291107055985556,0.01320615506721372,0.9867938449327862,0.005531399460614955,0.9944686005393849,0.9905440545204188,0.00945594547958126,0.017601323429886958,0.982398676570113,0.9901033999237749,0.009896600076224909,0.9864088765652942,0.01359112343470584,0.9966088309760033,0.0033911690239967172,0.0071662880997250735,0.9928337119002749,0.005533048071412207,0.9944669519285877
0.990587595265517,0.009412404734482923,0.010391752853430232,0.9896082471465698,0.005510926236870739,0.9944890737631292,0.9932544844589417,0.006745515541058363,0.0161043353918195,0.9838956646081805,0.9911647678571884,0.008835232142811575,0.9839202622529633,0.01607973774703672,0.9953514876053728,0.004648512394627169,0.006902060308159664,0.9930979396918405,0.006658868260916136,0.9933411317390839
0.9890024262244561,0.010997573775543836,0.01656766200479374,0.9834323379952064,0.012608615638564916,0.9873913843614349,0.9893036070580001,0.010696392941999954,0.023330712519498597,0.9766692874805014,0.986591244576818,0.01340875542318183,0.9757258548130421,0.024274145186957946,0.9877932188637315,0.01220678113626846,0.0115521432232889,0.988447856776711,0.00679808003173161,0.9932019199682683
0.990197419845436,0.00980258015456404,0.010960357339661697,0.9890396426603384,0.00849860051732095,0.9915013994826789,0.9880673564044028,0.011932643595597254,0.02062531070309561,0.9793746892969044,0.9816910295168295,0.018308970483170497,0.9783458864599732,0.02165411354002684,0.990903713659354,0.009096286340645934,0.013020559198051432,0.9869794408019487,0.005100871983825948,0.9948991280161741
0.8841689866739748,0.1158310133260251,0.15096148055139771,0.8490385194486023,0.09236472783866741,0.9076352721613327,0.9144586055447174,0.08554139445528251,0.11178088074579125,0.8882191192542088,0.8192413506031715,0.18075864939682842,0.8077893231501397,0.19221067684986035,0.923358507298518,0.07664149270148193,0.11415267734268712,0.8858473226573128,0.12607531936142471,0.8739246806385753
0.9091019081467547,0.09089809185324524,0.14388832642865831,0.8561116735713417,0.08317988412376044,0.9168201158762396,0.9377114699341982,0.062288530065801734,0.09415324843570722,0.9058467515642927,0.861979945074757,0.13802005492524314,0.851610889171682,0.14838911082831788,0.9548984248562625,0.04510157514373739,0.07198421328192305,0.9280157867180768,0.05914607880976172,0.9408539211902383
0.9526011547932666,0.047398845206733556,0.10363874735329222,0.8963612526467079,0.04094770678318613,0.9590522932168138,0.9568388385076405,0.043161161492359414,0.06716918014920531,0.9328308198507947,0.9254815072863386,0.0745184927136613,0.9115138142191279,0.08848618578087207,0.9836627731389836,0.016337226861016282,0.04121380568919435,0.9587861943108056,0.038492038112289045,0.961507961887711
0.9722476024575667,0.027752397542433412,0.03997121116626977,0.9600287888337303,0.02478253284024859,0.9752174671597513,0.983999378799671,0.01600062120032905,0.03781531263500502,0.962184687364995,0.9658654626189794,0.03413453738102047,0.9564586245436753,0.043541375456324825,0.9894123160346334,0.010587683965366461,0.02333096946669441,0.9766690305333056,0.020577508423331104,0.9794224915766689
0.9764185673695479,0.02358143263045213,0.0398403968808024,0.9601596031191976,0.01614176550282965,0.9838582344971704,0.9820768380422153,0.017923161957784716,0.03398567752665678,0.9660143224733433,0.9796680669361448,0.020331933063855116,0.9653090416360539,0.03469095836394613,0.9900358157120026,0.009964184287997498,0.01589076570658502,0.984109234293415,0.018351647307201287,0.9816483526927987
0.8889112555873917,0.11108874441260838,0.17027768027327864,0.8297223197267214,0.06498591235987591,0.9350140876401241,0.922344807851921,0.077655192148079,0.09069183142007646,0.9093081685799235,0.9129960640654807,0.08700393593451919,0.8719108069162437,0.12808919308375633,0.9550913290406091,0.044908670959390835,0.08035575616444311,0.9196442438355569,0.09813112954254372,0.9018688704574563
0.9153149002672495,0.08468509973275051,0.1557146906665641,0.8442853093334358,0.04913510690764936,0.9508648930923507,0.9161312190852305,0.08386878091476944,0.09545865777484523,0.9045413422251548,0.9081043159028345,0.09189568409716563,0.9054007329348998,0.09459926706510031,0.969566518517895,0.030433481482105014,0.05907789091141009,0.94092210908859,0.09529779694888421,0.9047022030511157
0.9241449615404392,0.07585503845956072,0.15068037955816685,0.8493196204418331,0.06449944925959639,0.9355005507404037,0.9361732092533614,0.06382679074663854,0.07770269926080958,0.9222973007391905,0.9324255369565497,0.06757446304345034,0.9002864011024596,0.0997135988975405,0.9536168443471945,0.0463831556528055,0.04841112635240301,0.951588873647597,0.07606970051309744,0.9239302994869026
0.9263177968293356,0.0736822031706645,0.13809359939719604,0.861906400602804,0.06440578721496222,0.9355942127850378,0.9169640269997928,0.08303597300020715,0.07268306198362547,0.9273169380163745,0.9207048522609509,0.07929514773904918,0.9145957176834405,0.08540428231655955,0.9638942124311991,0.036105787568800875,0.07512438431212415,0.9248756156878759,0.0494747964688342,0.9505252035311659
0.9128552519843677,0.08714474801563245,0.12108554201869541,0.8789144579813045,0.0601978761213905,0.9398021238786094,0.9286410481777481,0.07135895182225196,0.06783087058283008,0.9321691294171699,0.929265430769996,0.0707345692300039,0.9153861988484407,0.08461380115155936,0.9588887857020009,0.04111121429799924,0.0703146653297434,0.9296853346702566,0.07413266435112036,0.9258673356488797
0.9039086019120304,0.09609139808796965,0.13141209770094284,0.8685879022990572,0.06652711687388634,0.9334728831261137,0.9395990108161093,0.06040098918389058,0.06836348682672669,0.9316365131732733,0.9239429765989735,0.07605702340102645,0.9145782933924166,0.08542170660758334,0.9710699556472028,0.02893004435279712,0.06809391274587628,0.9319060872541237,0.06400859663812616,0.9359914033618738
0.9620802359949464,0.03791976400505353,0.057095090608431674,0.9429049093915685,0.029175543237951105,0.970824456762049,0.9737671657572743,0.02623283424272572,0.0391727354081573,0.9608272645918426,0.9613570606498267,0.03864293935017336,0.960561615033814,0.039438384966186,0.9888548241757069,0.0111451758242931,0.026038536109023132,0.9739614638909768,0.030635399136886402,0.9693646008631137
0.9827084254569364,0.017291574543063702,0.019867307390966517,0.9801326926090335,0.01614467448630286,0.9838553255136971,0.9877100647669818,0.012289935233018141,0.026143902790406126,0.9738560972095939,0.9784309603675737,0.021569039632426193,0.9762544486995476,0.023745551300452434,0.9902389410887644,0.009761058911235592,0.013590899158658068,0.9864091008413418,0.012554300744007311,0.9874456992559926
0.9738632832635,0.0261367167364999,0.024495855050032093,0.975504144949968,0.016427620110255364,0.9835723798897447,0.9825020105841809,0.01749798941581924,0.0309455308324324,0.9690544691675677,0.9773514114818495,0.02264858851815047,0.9710027702196412,0.02899722978035873,0.9874925173432381,0.012507482656761921,0.015852414069162452,0.9841475859308376,0.014912895583529057,0.985087104416471
0.9909572093953296,0.009042790604670543,0.010710286870556834,0.9892897131294432,0.00645047414062921,0.9935495258593707,0.9903982555961443,0.009601744403855845,0.017562199948035845,0.9824378000519641,0.9905223716052071,0.009477628394793037,0.9872701111085128,0.012729888891487259,0.9947941044997523,0.005205895500247717,0.007657744841204936,0.992342255158795,0.0050239891470513455,0.9949760108529487
0.9858860266134307,0.01411397338656928,0.014204552888698062,0.9857954471113018,0.006936805383804333,0.9930631946161956,0.9894829053918085,0.010517094608191504,0.021292043701550068,0.97870795629845,0.983909318110539,0.016090681889461018,0.9784538597905509,0.021546140209449144,0.9942211696673103,0.005778830332689685,0.008886069967508542,0.9911139300324915,0.009783161064235048,0.9902168389357651
0.9891846265687625,0.010815373431237474,0.012247082301876667,0.9877529176981233,0.008262610470991062,0.9917373895290089,0.9902614538710097,0.009738546128990194,0.02233731477536572,0.9776626852246343,0.9859259054529685,0.014074094547031473,0.9801718464431669,0.019828153556833237,0.992742395797219,0.0072576042027809855,0.00855989006242576,0.9914401099375744,0.005687862430095245,0.9943121375699049
0.9801766945178947,0.019823305482105435,0.021146052832490585,0.9788539471675094,0.011139403667390633,0.9888605963326094,0.9846365956600255,0.015363404339974655,0.029215133670328398,0.9707848663296716,0.9748437327623088,0.025156267237691113,0.9670910713970837,0.03290892860291624,0.9910810706296519,0.008918929370348218,0.013674538661020594,0.9863254613389794,0.01083182709556947,0.9891681729044305
0.9894245841117822,0.010575415888217797,0.012327819885033729,0.9876721801149664,0.008094574704479725,0.9919054252955202,0.9893788668960469,0.010621133103953101,0.021186294596975016,0.9788137054030249,0.9886455436493768,0.0113544563506233,0.9828798910032275,0.017120108996772535,0.9926038329353576,0.007396167064642403,0.008618367885900929,0.9913816321140991,0.00466287098603846,0.9953371290139614
0.9955063248868236,0.004493675113176376,0.0090525376858162,0.9909474623141837,0.004507929287406656,0.9954920707125934,0.9922120372832134,0.007787962716786632,0.018896250206670562,0.9811037497933294,0.9912975282864596,0.008702471713540435,0.986750344592772,0.013249655407228004,0.9961688113472867,0.0038311886527132182,0.005994257293297428,0.9940057427067025,0.0031897424477958505,0.9968102575522042
0.9965776406523201,0.0034223593476798058,0.006301708292721345,0.9936982917072787,0.0030839811756215355,0.9969160188243785,0.9949261091497539,0.005073890850246061,0.015266106449400787,0.9847338935505993,0.9942527455928224,0.005747254407177712,0.9882855733415086,0.01171442665849132,0.9960244484693574,0.00397555153064262,0.0044757482260331305,0.9955242517739669,0.0028423398990660444,0.9971576601009339
0.9958981395774331,0.004101860422566872,0.007851158043711321,0.9921488419562886,0.005396159435914525,0.9946038405640854,0.99345620766251,0.006543792337489936,0.019995953990096554,0.9800040460099035,0.9903416280068743,0.009658371993125591,0.9833031006436891,0.016696899356310992,0.993133909851638,0.006866090148362116,0.006574350888646787,0.9934256491113533,0.0033710027122159465,0.996628997287784
0.9946800652457692,0.005319934754230612,0.00796283306911445,0.9920371669308855,0.0047308477795058425,0.9952691522204942,0.9925920070876582,0.007407992912341861,0.020583522436900804,0.9794164775630991,0.9892739425747213,0.01072605742527854,0.9796523489386064,0.020347651061393673,0.9929065035375084,0.0070934964624915775,0.007724502872387796,0.9922754971276121,0.003077219754599208,0.9969227802454008
0.9957424494748033,0.004257550525196771,0.009839977524402882,0.9901600224755971,0.003920275953830288,0.9960797240461697,0.9905321587830417,0.009467841216958364,0.022604304230197755,0.9773956957698022,0.988067313167751,0.011932686832249023,0.9805409936717776,0.019459006328222426,0.9941867407999531,0.00581325920004688,0.007310729637856537,0.9926892703621435,0.004323939603230845,0.9956760603967691
0.9956846787091276,0.004315321290872392,0.00909732601413677,0.9909026739858633,0.0034571246746519894,0.996542875325348,0.9935104048624109,0.006489595137589166,0.020790569542859016,0.979209430457141,0.9911117954668787,0.008888204533121483,0.9833804206525532,0.016619579347446855,0.9959002262719823,0.004099773728017885,0.0045614501826676855,0.9954385498173323,0.0036241692674092636,0.9963758307325907
0.9954995499779156,0.004500450022084445,0.010833180306981447,0.9891668196930186,0.005348797129027316,0.9946512028709726,0.9925359458356766,0.007464054164323404,0.023342458121131105,0.9766575418788689,0.9900297636472473,0.00997023635275269,0.9785549327981138,0.021445067201886152,0.9930437717576709,0.006956228242329107,0.0067291579389360924,0.993270842061064,0.003874283189590055,0.99612571681041
0.9954410182142198,0.004558981785780127,0.008623507029025649,0.9913764929709744,0.0044759385554301685,0.9955240614445698,0.9926686944209597,0.0073313055790402894,0.020675974411841255,0.9793240255881588,0.9892087912222879,0.010791208777712133,0.9791651354843848,0.02083486451561522,0.993687865534879,0.006312134465120948,0.0077267038763869055,0.9922732961236131,0.003010431125490853,0.9969895688745091
0.9960632659995643,0.003936734000435654,0.00977999114668834,0.9902200088533116,0.003019415133448118,0.9969805848665518,0.9911961237957112,0.008803876204288942,0.019576429136320288,0.9804235708636796,0.992506623387325,0.007493376612675028,0.9841451787738188,0.01585482122618111,0.9949630835040755,0.00503691649592452,0.005719068444547584,0.9942809315554524,0.0036419570856373556,0.9963580429143627
0.9961758968426714,0.003824103157328528,0.009222391451616855,0.9907776085483833,0.003588984115123314,0.9964110158848766,0.9932823467758922,0.006717653224107731,0.0189999927901521,0.9810000072098479,0.9927381860692565,0.007261813930743414,0.9839874712817228,0.01601252871827715,0.9951251548047827,0.004874845195217213,0.005280723887868336,0.9947192761121317,0.0032851435003869163,0.996714856499613
0.996181132634983,0.0038188673650169907,0.009680702489668559,0.9903192975103314,0.0034211592051722976,0.9965788407948277,0.991979247501312,0.008020752498687991,0.02066232055361564,0.9793376794463843,0.9911375456054687,0.008862454394531365,0.9829423213448049,0.017057678655195137,0.9951959693660762,0.004804030633923806,0.00595879286459206,0.994041207135408,0.0033844970005529463,0.996615502999447
0.9962089925921155,0.0037910074078845693,0.008352257655551256,0.9916477423444487,0.002899538861018999,0.997100461138981,0.9933843418697424,0.00661565813025754,0.018218662957073077,0.9817813370429269,0.9924894667652427,0.007510533234757224,0.9842536214378791,0.015746378562120786,0.9959644966580975,0.0040355033419026375,0.00526481053448828,0.9947351894655118,0.003388266808374043,0.996611733191626
0.9955814532586302,0.0044185467413697865,0.011648296214720267,0.9883517037852797,0.005002654947559246,0.9949973450524406,0.9916108827160959,0.008389117283904134,0.02221857120770524,0.9777814287922948,0.9915685656683538,0.008431434331646196,0.9793576528804366,0.020642347119563406,0.9922520480866118,0.007747951913388239,0.0066908741450605715,0.9933091258549395,0.0038502311138180383,0.9961497688861819
0.9941604956197871,0.005839504380212744,0.013737557181293441,0.9862624428187065,0.004990245194153872,0.9950097548058461,0.9877795818700423,0.012220418129957587,0.024544016469150227,0.9754559835308497,0.9872483447110334,0.01275165528896652,0.9747603192969179,0.025239680703082034,0.9915297884471604,0.008470211552839611,0.010095462403019517,0.9899045375969805,0.004536240688040024,0.9954637593119599
0.9963699561726338,0.003630043827366139,0.009690667910425934,0.9903093320895741,0.003582745790349347,0.9964172542096507,0.9908236419039309,0.009176358096069096,0.020275755726178273,0.9797242442738218,0.9909995904806309,0.009000409519369134,0.9836383261517602,0.016361673848239736,0.9948275561397238,0.005172443860276038,0.006856182891150998,0.993143817108849,0.003300864142256907,0.9966991358577432
0.9858485444673281,0.014151455532671973,0.02784343482587773,0.9721565651741223,0.008513615022059898,0.9914863849779401,0.9851359077117535,0.014864092288246457,0.03275137724933118,0.9672486227506688,0.9782661678471437,0.02173383215285634,0.9554367323370643,0.04456326766293581,0.9895293178106601,0.010470682189339926,0.013794607741191798,0.9862053922588082,0.013529851657993308,0.9864701483420066
0.9909061462660885,0.009093853733911528,0.021687339683424848,0.978312660316575,0.00663344301750972,0.9933665569824903,0.9875540821682974,0.012445917831702681,0.023011676737741196,0.9769883232622589,0.9854226919701883,0.014577308029811827,0.9689150761455033,0.031084923854496675,0.9933640901391707,0.006635909860829378,0.010502075646139282,0.9894979243538607,0.0060154637625787774,0.9939845362374212
0.9925016586122758,0.007498341387724112,0.02480966613308417,0.9751903338669158,0.011622627403592593,0.9883773725964073,0.985479954750352,0.014520045249648124,0.030928470739950822,0.9690715292600491,0.9800534841790098,0.01994651582099005,0.9626187308101395,0.03738126918986046,0.9884819980495126,0.011518001950487255,0.0141888038873033,0.9858111961126967,0.007297079099364223,0.9927029209006357
0.992374994863125,0.007625005136875111,0.015262077805680277,0.9847379221943198,0.00696054872561293,0.993039451274387,0.9882658936558338,0.011734106344166214,0.021990156617211244,0.9780098433827887,0.9872661214659678,0.012733878534032147,0.9722163270539163,0.027783672946083682,0.9891388464634318,0.010861153536568191,0.012515801427272861,0.9874841985727273,0.005271548750823587,0.9947284512491764
0.938836354117089,0.06116364588291096,0.12508031192437088,0.874919688075629,0.04984885405081857,0.9501511459491814,0.9319615179572679,0.06803848204273201,0.07964669691568194,0.920353303084318,0.9049698983541133,0.09503010164588672,0.8552313624392354,0.14476863756076472,0.9524025272628697,0.047597472737130234,0.08397365800049064,0.9160263419995094,0.062794141156403,0.937205858843597
0.9585893955262295,0.0414106044737705,0.09390008215778349,0.9060999178422166,0.0409877641673283,0.9590122358326717,0.9649821629643104,0.03501783703568953,0.05214082875501747,0.9478591712449826,0.9408306072624529,0.05916939273754701,0.8985658633421154,0.10143413665788455,0.9736105094240639,0.026389490575936026,0.043975631561616955,0.9560243684383831,0.02762977860268977,0.9723702213973103
0.9126977676401046,0.08730223235989534,0.1728315579887562,0.8271684420112437,0.06805765836273289,0.9319423416372672,0.9182429146236185,0.08175708537638156,0.10333187935621753,0.8966681206437825,0.8477244513365504,0.15227554866344967,0.8321462054781094,0.16785379452189067,0.9548271543051416,0.045172845694858355,0.08761788564656198,0.912382114353438,0.08153210110517556,0.9184678988948244
0.9559801228220233,0.04401987717797676,0.08108358875376394,0.918916411246236,0.04564211581328288,0.9543578841867172,0.9680741159759111,0.03192588402408886,0.04398596747814447,0.9560140325218556,0.9426860784715076,0.0573139215284924,0.9172092056836388,0.08279079431636122,0.9778917187938597,0.022108281206140144,0.048595180669011084,0.951404819330989,0.02366839075900595,0.976331609240994
0.9175908136714283,0.0824091863285717,0.14125939080914549,0.8587406091908545,0.05270338042617599,0.947296619573824,0.9378110191647782,0.06218898083522178,0.07093015820412289,0.9290698417958771,0.9278764006061916,0.07212359939380844,0.8978252309438407,0.1021747690561593,0.970377315142595,0.029622684857405095,0.05936077382597073,0.9406392261740294,0.05497619047011034,0.9450238095298897
0.9357260570272266,0.06427394297277352,0.10864367104070458,0.8913563289592954,0.04261048209583333,0.9573895179041666,0.9435011717091086,0.05649882829089133,0.062076964018692,0.937923035981308,0.9482350723157409,0.05176492768425912,0.9314672931156878,0.06853270688431216,0.9759993970484971,0.024000602951502813,0.05064151202658603,0.949358487973414,0.047978526086393185,0.9520214739136068
0.9797830202400902,0.020216979759909697,0.0457996452530563,0.9542003547469438,0.022791516541930408,0.9772084834580697,0.9780906146867335,0.02190938531326646,0.03244258078676039,0.9675574192132396,0.9745968493433987,0.025403150656601224,0.9627308584498324,0.03726914155016763,0.9837816941198714,0.016218305880128542,0.021383997303091543,0.9786160026969085,0.021581759313151337,0.9784182406868487
0.9779270816740296,0.022072918325970386,0.028334722769331234,0.9716652772306689,0.01736043421472133,0.9826395657852786,0.9799916202619162,0.020008379738083823,0.024990209242104117,0.9750097907578958,0.9802223113573263,0.019777688642673773,0.977917847062413,0.022082152937587,0.9898420226690221,0.010157977330977857,0.01906348325950104,0.980936516740499,0.011891714915679285,0.9881082850843208
0.9921820826436775,0.007817917356322479,0.010747111819908327,0.9892528881800916,0.007033407797902177,0.9929665922020978,0.989546064353124,0.01045393564687609,0.01907831985036151,0.9809216801496385,0.9885196037247573,0.011480396275242588,0.989999982882926,0.010000017117074048,0.9946599394168886,0.005340060583111361,0.00802857398425678,0.9919714260157432,0.006615718543527293,0.9933842814564727
0.9858849686927595,0.014115031307240476,0.013891655372778073,0.986108344627222,0.00850855787934591,0.991491442120654,0.991205715298719,0.008794284701280883,0.022043582272286075,0.9779564177277138,0.9874880896816408,0.012511910318359097,0.9823872132296383,0.01761278677036167,0.9945186747458633,0.0054813252541365915,0.008298353363920716,0.9917016466360793,0.008789101585216777,0.9912108984147832
0.9845570710364471,0.015442928963552887,0.025180591185383586,0.9748194088146165,0.024675154221299126,0.9753248457787009,0.9823000771776513,0.017699922822348682,0.041595221655468764,0.9584047783445311,0.968792113520528,0.03120788647947202,0.9581511809074867,0.041848819092513194,0.9761704637935499,0.023829536206450237,0.020851083176706156,0.979148916823294,0.01222889110542089,0.9877711088945791
0.9831775502576481,0.016822449742351843,0.02262397628165331,0.9773760237183468,0.020677191462528225,0.9793228085374719,0.9768384837778533,0.023161516222146575,0.04794920808362238,0.9520507919163776,0.9588934364750705,0.041106563524929494,0.9570138475115311,0.04298615248846899,0.9789544416062838,0.021045558393716378,0.02396796002946203,0.9760320399705379,0.01029180199355573,0.9897081980064444
0.9780780788233032,0.021921921176696932,0.028177015430742317,0.9718229845692578,0.018952348259489268,0.9810476517405107,0.9774625767775333,0.022537423222466612,0.04213988897272576,0.9578601110272742,0.9627951489968269,0.037204851003173174,0.9508214566247265,0.049178543375273505,0.9807050153989555,0.01929498460104455,0.024088191118792655,0.9759118088812074,0.01685167580367164,0.9831483241963285
0.983256862128274,0.016743137871726092,0.021421986406963345,0.9785780135930366,0.01802074536198251,0.9819792546380176,0.9874155424288202,0.012584457571179765,0.03650461845366677,0.9634953815463332,0.9687787552106673,0.03122124478933272,0.9606447642607975,0.03935523573920255,0.987600249124961,0.012399750875039027,0.016271763840437683,0.9837282361595623,0.00876752563202263,0.9912324743679775
0.956418451917383,0.04358154808261701,0.06461470802584514,0.9353852919741549,0.03554986961110434,0.9644501303888957,0.9691533309891393,0.030846669010860812,0.06241797968171202,0.9375820203182881,0.9172838698655402,0.08271613013445979,0.8943647474980553,0.10563525250194472,0.9738943736812453,0.026105626318754627,0.0432299330217636,0.9567700669782363,0.031189537860767766,0.9688104621392322
0.9529006239196625,0.047099376080337596,0.08772844798404038,0.9122715520159596,0.04325704375575421,0.9567429562442458,0.9612829807326112,0.03871701926738889,0.06833248922917774,0.9316675107708223,0.9107893386901604,0.08921066130983965,0.8982062222106663,0.10179377778933374,0.9811586496833459,0.01884135031665406,0.052708222984045525,0.9472917770159546,0.038289399192396205,0.9617106008076038
0.9367603614910941,0.06323963850890597,0.1228200200326589,0.877179979967341,0.0389557398582728,0.9610442601417272,0.951950048351591,0.04804995164840886,0.0817610467831293,0.9182389532168708,0.931671268044236,0.06832873195576399,0.9037564610773969,0.09624353892260297,0.9757778095058106,0.024222190494189322,0.037591222696801346,0.9624087773031986,0.06231834997526761,0.9376816500247324
0.9205363598011606,0.07946364019883957,0.1501845897961119,0.8498154102038881,0.05119538268526866,0.9488046173147313,0.9357070307154984,0.0642929692845015,0.0786838862205775,0.9213161137794226,0.935882491798856,0.06411750820114395,0.9050575206750064,0.09494247932499368,0.9687449429925584,0.03125505700744153,0.05169342610009339,0.9483065738999066,0.06314369988456764,0.9368563001154323
0.9428519740545381,0.05714802594546181,0.1576998976891888,0.8423001023108112,0.08267717193795551,0.9173228280620445,0.9257232344037595,0.07427676559624051,0.08712144687837192,0.912878553121628,0.9167698648932248,0.08323013510677522,0.8717373760715548,0.12826262392844529,0.9393932080470077,0.06060679195299235,0.07708275618370668,0.9229172438162933,0.05433386955083763,0.9456661304491624
0.9158824309092647,0.0841175690907352,0.1498029699764364,0.8501970300235636,0.08324239916422835,0.9167576008357717,0.8960979125054241,0.10390208749457577,0.096852587391759,0.9031474126082409,0.8985810022028766,0.10141899779712338,0.871350989627879,0.128649010372121,0.9227216898814988,0.0772783101185012,0.09512066359617381,0.9048793364038261,0.06560029464207563,0.9343997053579244
0.8762512477955369,0.12374875220446319,0.22408954794866076,0.7759104520513392,0.10513931513886908,0.8948606848611309,0.8573704710997703,0.14262952890022973,0.12555450190774023,0.8744454980922597,0.8473558620102616,0.15264413798973833,0.8277096254595617,0.17229037454043827,0.9229746565028546,0.07702534349714549,0.14750908634840876,0.8524909136515912,0.1223324267547965,0.8776675732452035
0.9183894200869962,0.0816105799130037,0.1361414163447641,0.8638585836552359,0.06456953645889346,0.9354304635411065,0.9464045767519808,0.053595423248019296,0.07598631088510836,0.9240136891148916,0.9117142437685679,0.088285756231432,0.8987566791303045,0.10124332086969542,0.9720286222419738,0.027971377758026172,0.06252057216494968,0.9374794278350503,0.06407794247709808,0.935922057522902
0.9747203624905486,0.02527963750945135,0.04956893401952635,0.9504310659804736,0.02819609293806908,0.971803907061931,0.9784294426361222,0.02157055736387781,0.03660095116689209,0.963399048833108,0.9589896457784086,0.041010354221591425,0.9598338463956777,0.040166153604322345,0.9887997724605387,0.011200227539461243,0.023080322188792805,0.9769196778112071,0.023439718865336828,0.9765602811346631
0.9761395049607227,0.023860495039277344,0.02598750190057288,0.9740124980994271,0.022137197034426303,0.9778628029655737,0.9867842653946738,0.013215734605326206,0.031045917030198298,0.9689540829698017,0.97008990175274,0.029910098247259948,0.972234591805574,0.027765408194425887,0.9913876239240949,0.008612376075905015,0.01970913766648199,0.9802908623335179,0.01322802721258614,0.9867719727874138
0.9731678374406033,0.026832162559396692,0.03325808608594031,0.9667419139140597,0.015500476404036284,0.9844995235959637,0.9794584397878342,0.020541560212165917,0.031781850235759225,0.9682181497642408,0.9799374387031344,0.020062561296865625,0.9724383186357853,0.027561681364214604,0.9894213930049419,0.010578606995058148,0.015211612470988694,0.9847883875290112,0.01898059070418724,0.9810194092958127
0.9742149964037687,0.025785003596231114,0.031701143941981993,0.968298856058018,0.025583911583840106,0.9744160884161599,0.982933783172687,0.017066216827313015,0.029550282376880413,0.9704497176231197,0.976329732189548,0.02367026781045192,0.9680667398295358,0.031933260170464293,0.9829691349866994,0.01703086501330068,0.02028290779580752,0.9797170922041923,0.016959888718215053,0.9830401112817849
0.9818062640708306,0.01819373592916947,0.018407494146516466,0.9815925058534836,0.013096584775035948,0.9869034152249642,0.9809286579354846,0.019071342064515433,0.02648397192048488,0.9735160280795152,0.9730121364927369,0.026987863507263052,0.976552511336516,0.023447488663484072,0.9889918209060181,0.011008179093981874,0.01682104096715487,0.9831789590328451,0.010643284583849118,0.9893567154161509
0.9836958063755799,0.016304193624420243,0.018344552585103112,0.9816554474148969,0.011254025600776617,0.9887459743992233,0.9843892847171727,0.015610715282827235,0.02820332617850921,0.9717966738214908,0.9798154180841665,0.020184581915833517,0.9781503048166686,0.021849695183331425,0.9924315812645195,0.007568418735480395,0.013124276055925569,0.9868757239440745,0.0108383108505269,0.9891616891494731
0.9885461310761762,0.011453868923823688,0.013133936933192493,0.9868660630668075,0.00718917279795434,0.9928108272020456,0.9919677509313481,0.008032249068651949,0.022930732654956217,0.9770692673450437,0.9881458789071985,0.011854121092801404,0.9829977380021421,0.017002261997857863,0.9954398608282622,0.0045601391717378335,0.0062524701713022705,0.9937475298286977,0.007162496582645575,0.9928375034173544
0.9863746591976672,0.013625340802332856,0.022067971291483725,0.9779320287085164,0.020138393312873936,0.9798616066871262,0.9866546665974795,0.013345333402520521,0.03602566083456283,0.9639743391654371,0.9763211183464323,0.023678881653567612,0.9635050713559309,0.036494928644069134,0.9820647578572871,0.017935242142712915,0.01676710836758539,0.9832328916324147,0.01041587500289361,0.9895841249971062
0.9917270672480801,0.008272932751919843,0.01317087404567598,0.986829125954324,0.011772962536694442,0.9882270374633055,0.9868956099886149,0.013104390011385036,0.03183186811809591,0.968168131881904,0.9769051188615029,0.023094881138497156,0.9709041458198597,0.029095854180140237,0.9868636531335916,0.013136346866408391,0.015541741994531183,0.9844582580054688,0.005194537757938382,0.9948054622420616
0.986783376078782,0.013216623921218017,0.02188061821095202,0.9781193817890481,0.012125294121932773,0.9878747058780671,0.9810208697715191,0.01897913022848089,0.035043125054083475,0.9649568749459165,0.9738552318762841,0.026144768123715953,0.9583919164526642,0.041608083547335764,0.9821093045919198,0.017890695408080096,0.019007803720509708,0.9809921962794902,0.012299089220706088,0.987700910779294
0.9851069489339082,0.014893051066091803,0.02719936863103316,0.9728006313689669,0.01253275900405099,0.9874672409959491,0.9849553032322143,0.015044696767785769,0.03311780020475245,0.9668821997952476,0.9696053218642787,0.030394678135721224,0.9601544209254214,0.0398455790745787,0.9933266316906519,0.006673368309348009,0.015929574199949614,0.9840704258000504,0.011002924680122794,0.9889970753198771
0.9299263829468694,0.07007361705313067,0.12004350919047879,0.8799564908095211,0.05056380870948604,0.949436191290514,0.9522227076956372,0.04777729230436275,0.09214867192300244,0.9078513280769975,0.8890527775035221,0.11094722249647791,0.8716417292032866,0.1283582707967133,0.9688687071681652,0.031131292831834773,0.05258959676124848,0.9474104032387516,0.07975145300102333,0.9202485469989767
0.9479727621420116,0.05202723785798834,0.11621795944936661,0.8837820405506335,0.061475205319942695,0.9385247946800572,0.959927251040899,0.0400727489591011,0.07411189620192145,0.9258881037980785,0.9061821777454995,0.09381782225450042,0.8591496517890923,0.14085034821090764,0.9601177981578507,0.03988220184214929,0.05582001790873673,0.9441799820912633,0.03995187082081072,0.9600481291791894
0.976031226705931,0.023968773294068994,0.08033830528296793,0.919661694717032,0.0279918866363941,0.9720081133636059,0.959892899950874,0.04010710004912606,0.05642488793143517,0.9435751120685647,0.9605656243355459,0.03943437566445394,0.9360799213705248,0.06392007862947514,0.9826959189762324,0.017304081023767588,0.032115086373417964,0.9678849136265821,0.020030703799223597,0.9799692962007763
0.8819016040207408,0.11809839597925913,0.18208175596146475,0.8179182440385353,0.08383842962548962,0.9161615703745104,0.9045752909401582,0.09542470905984195,0.10316657742898232,0.8968334225710176,0.896366330451096,0.10363366954890398,0.8414789685253228,0.15852103147467714,0.923051639037987,0.07694836096201291,0.10013710187416458,0.8998628981258355,0.11747641168762825,0.8825235883123719
0.9012718921834391,0.09872810781656086,0.19551230305586376,0.8044876969441362,0.09856687735565171,0.9014331226443483,0.8964580072529521,0.1035419927470479,0.09937448482201688,0.9006255151779832,0.8803869906030142,0.11961300939698574,0.8474054553586855,0.15259454464131464,0.9323657024551064,0.06763429754489357,0.10953243278814072,0.8904675672118594,0.0672831523475963,0.9327168476524037
0.9346138341042672,0.06538616589573278,0.14783104682143441,0.8521689531785657,0.059544062436793645,0.9404559375632064,0.9288028618210777,0.07119713817892223,0.08168110574311382,0.9183188942568861,0.913519312555881,0.08648068744411881,0.8920990517114536,0.10790094828854623,0.9698900279874321,0.03010997201256802,0.07434598477836814,0.9256540152216319,0.05102960213430224,0.9489703978656978
0.989108929931068,0.010891070068931996,0.018614481935051087,0.981385518064949,0.01128736598281156,0.9887126340171885,0.9884695597456994,0.011530440254300587,0.022902897812121133,0.9770971021878788,0.982532713085862,0.01746728691413795,0.9832936434755518,0.01670635652444825,0.9935386276492241,0.00646137235077599,0.011742482691933813,0.9882575173080662,0.009764988100508597,0.9902350118994915
0.9900737616025352,0.00992623839746473,0.014363508471956577,0.9856364915280433,0.009848547569157547,0.9901514524308423,0.9915254639317463,0.00847453606825361,0.02199422864736202,0.978005771352638,0.9890641343204009,0.010935865679599106,0.9854356600288864,0.014564339971113645,0.9945415664003654,0.005458433599634596,0.008466663029142256,0.9915333369708577,0.006265296143455647,0.9937347038565443
0.9893140074176766,0.010685992582323438,0.013829516266100053,0.9861704837338998,0.008901688395067272,0.9910983116049327,0.9905403842657553,0.009459615734244722,0.0217094435121753,0.9782905564878246,0.9890116070637773,0.010988392936222755,0.985691619428819,0.014308380571181094,0.993484454965329,0.00651554503467107,0.009075040696500995,0.9909249593034989,0.007267831562143653,0.9927321684378563
0.9948061489442298,0.005193851055770236,0.0077836852986346555,0.9922163147013654,0.004825474244631571,0.9951745257553685,0.9911436597751191,0.008856340224880934,0.020686418165510062,0.97931358183449,0.990116087403083,0.009883912596916903,0.9905352671093881,0.009464732890611808,0.9946380221524169,0.005361977847582954,0.005478814283228569,0.9945211857167713,0.004616715700283647,0.9953832842997163
0.9860696285622776,0.013930371437722334,0.013364751876884384,0.9866352481231155,0.006542964230473139,0.9934570357695267,0.9893064764993487,0.010693523500651454,0.02312782475497342,0.9768721752450267,0.9864205489888712,0.0135794510111288,0.9788741821226435,0.0211258178773564,0.9932719420205435,0.006728057979456614,0.008283085678262843,0.9917169143217371,0.00854503669792399,0.9914549633020759
0.989134137442505,0.010865862557495012,0.012520510612466718,0.9874794893875334,0.007036854170418702,0.9929631458295812,0.9887796791506712,0.011220320849328842,0.02313605539858322,0.9768639446014167,0.9865939138436951,0.013406086156304987,0.9827057234350534,0.017294276564946674,0.9936176098159576,0.0063823901840423525,0.007734342021725847,0.9922656579782743,0.0060436026784791205,0.993956397321521
0.9927106382666843,0.007289361733315692,0.01101629824172198,0.988983701758278,0.005052079823629113,0.9949479201763708,0.9908414583404129,0.009158541659586949,0.022216324865475326,0.9777836751345248,0.9897776745918981,0.010222325408101751,0.9854592320699169,0.014540767930083203,0.9957956876543961,0.004204312345603863,0.005597524437245967,0.9944024755627541,0.004872545858630042,0.99512745414137
0.9924053951796498,0.007594604820350297,0.011485402984959175,0.988514597015041,0.00971063994754376,0.9902893600524563,0.9913138013211636,0.008686198678836384,0.02560746445245485,0.9743925355475452,0.9877348091123703,0.012265190887629743,0.9800939595699605,0.019906040430039407,0.9898026429903193,0.010197357009680812,0.008771762355670249,0.9912282376443298,0.005590641772039006,0.9944093582279611
0.9939571118838599,0.006042888116140123,0.009221411986289722,0.9907785880137102,0.00644090384358366,0.9935590961564164,0.9907330137740831,0.009266986225916892,0.022849117015627467,0.9771508829843726,0.9858354016563136,0.014164598343686451,0.9764996498988056,0.023500350101194417,0.9902139568642891,0.00978604313571098,0.010656133940201727,0.9893438660597984,0.003867269387591875,0.9961327306124081
0.9899137998003079,0.010086200199691992,0.018360574467596175,0.9816394255324038,0.01664373194364408,0.983356268056356,0.9833781039865825,0.016621896013417476,0.03959417653344686,0.9604058234665531,0.9755267931354079,0.02447320686459209,0.9641317642226948,0.03586823577730515,0.9809607273463048,0.01903927265369526,0.0175411092095286,0.9824588907904714,0.006591337700081625,0.9934086622999183
0.907332173419847,0.09266782658015298,0.12784058582259963,0.8721594141774004,0.10737785756536175,0.8926221424346383,0.9138938047897808,0.08610619521021921,0.15166579644792008,0.84833420355208,0.7834085802424271,0.21659141975757287,0.7630497096407483,0.23695029035925175,0.886582473543328,0.11341752645667215,0.12367415122666171,0.8763258487733382,0.08775454400375654,0.9122454559962435
0.9454576897967796,0.05454231020322045,0.10924455838850278,0.8907554416114972,0.09364024615028543,0.9063597538497146,0.9198378079276264,0.08016219207237366,0.14019084291749392,0.859809157082506,0.854910899299081,0.1450891007009189,0.8168353401712669,0.183164659828733,0.9071285111253176,0.0928714888746825,0.09424167161267617,0.9057583283873237,0.03705167596643681,0.9629483240335632
0.9003441800592248,0.09965581994077523,0.19168168122848156,0.8083183187715184,0.12700943360812608,0.8729905663918739,0.8904135114551492,0.10958648854485072,0.19582675536669164,0.8041732446333084,0.7484147706774935,0.2515852293225064,0.7193668662569189,0.280633133743081,0.890521706581848,0.1094782934181519,0.14441396373741652,0.8555860362625833,0.08811890612937386,0.9118810938706262
0.9075899702549542,0.09241002974504585,0.21177935817464516,0.7882206418253548,0.10771862684704173,0.8922813731529582,0.9017052760315674,0.09829472396843274,0.16103443576372772,0.8389655642362722,0.8277402126951655,0.17225978730483446,0.7552168601212753,0.24478313987872477,0.929654588120262,0.07034541187973795,0.14653060078705032,0.8534693992129497,0.0825741016966118,0.9174258983033882
0.6311680761007712,0.3688319238992288,0.5199589988587942,0.48004100114120585,0.31863011048986833,0.6813698895101317,0.7471323991653205,0.25286760083467946,0.343118580250387,0.6568814197496129,0.5641900964501626,0.43580990354983734,0.5234513048682207,0.4765486951317793,0.7810379447813465,0.21896205521865358,0.3526409733069198,0.6473590266930802,0.4193227515928966,0.5806772484071034
0.5021267365607617,0.4978732634392384,0.7079048953240522,0.29209510467594785,0.5709539126239116,0.42904608737608835,0.5981219222379585,0.40187807776204165,0.42657854852210025,0.5734214514778998,0.4542107457464023,0.5457892542535977,0.3638164031745821,0.636183596825418,0.5441485272888276,0.45585147271117243,0.463635102094695,0.536364897905305,0.41332379398918473,0.5866762060108153
0.31077933300089483,0.6892206669991051,0.7970408924581861,0.20295910754181393,0.6809366318419232,0.3190633681580768,0.36057869181948066,0.6394213081805193,0.5915063792382347,0.4084936207617653,0.22942546282576937,0.7705745371742306,0.24478486089162707,0.755215139108373,0.3980898520815326,0.6019101479184674,0.7223955253117895,0.2776044746882106,0.6299672632843344,0.37003273671566567
0.6299234043630338,0.37007659563696604,0.5140939597941686,0.4859060402058314,0.35296396068935665,0.6470360393106432,0.6381217458301979,0.36187825416980207,0.29381717382494443,0.7061828261750556,0.6615152423142087,0.3384847576857914,0.6373116791677839,0.36268832083221614,0.750797356249253,0.24920264375074694,0.3477439471073022,0.6522560528926978,0.28050603073615354,0.7194939692638465
0.753089495121735,0.24691050487826507,0.40568537498400664,0.5943146250159934,0.28275539106401876,0.7172446089359813,0.7689959162570842,0.23100408374291587,0.22625769491958395,0.773742305080416,0.7335989146903217,0.26640108530967826,0.6863409244514109,0.31365907554858913,0.8197125890928076,0.18028741090719239,0.26937883998089285,0.730621160019107,0.19978169550850022,0.8002183044914997
0.7793045778448691,0.220695422155131,0.27857009796711923,0.7214299020328807,0.23221611904657705,0.767783880953423,0.8249461564213465,0.17505384357865358,0.1737774917282534,0.8262225082717465,0.7561960864238496,0.24380391357615028,0.7610014810367307,0.23899851896326924,0.8587990745558955,0.14120092544410442,0.23877340806573985,0.7612265919342602,0.15751007423707045,0.8424899257629295
0.9482376699581994,0.0517623300418006,0.07662704232721168,0.9233729576727884,0.10303083285876526,0.8969691671412348,0.9381584023289852,0.06184159767101481,0.0952837854921575,0.9047162145078425,0.882614506345056,0.11738549365494386,0.9150191117675669,0.08498088823243313,0.9286953409015066,0.07130465909849336,0.07833867179081282,0.9216613282091871,0.041644861116678686,0.9583551388833212
0.8562856768439755,0.1437143231560245,0.13133245962394163,0.8686675403760583,0.1468281467810711,0.853171853218929,0.9130995361857877,0.08690046381421229,0.12112719277744899,0.878872807222551,0.8227526152493679,0.177247384750632,0.8466099865959903,0.15339001340400962,0.9090028661734209,0.09099713382657916,0.1263555531104751,0.8736444468895249,0.0730165077212205,0.9269834922787795
0.9588027666319381,0.0411972333680619,0.047506398953669406,0.9524936010463305,0.049958259912336475,0.9500417400876635,0.9542259662412218,0.045774033758778226,0.07120599417417951,0.9287940058258206,0.9216720390976119,0.07832796090238811,0.9526654662185012,0.04733453378149876,0.9704476570560373,0.029552342943962723,0.0463241151999158,0.9536758848000841,0.0273948274436183,0.9726051725563817
0.9718004084155343,0.028199591584465614,0.03205412090459169,0.9679458790954084,0.028801526841062217,0.9711984731589377,0.9786178152376852,0.02138218476231482,0.05733302644394505,0.942666973556055,0.9566562925482713,0.043343707451728664,0.9587787531576171,0.04122124684238282,0.9831230680776389,0.016876931922360946,0.02139925549629806,0.9786007445037019,0.0193322730660459,0.9806677269339541
0.6519109814430909,0.34808901855690905,0.3541521444287112,0.6458478555712888,0.31526028399982575,0.6847397160001742,0.8150678986174211,0.18493210138257876,0.27541785641634314,0.7245821435836569,0.5833186062633832,0.4166813937366168,0.5982752999497579,0.4017247000502422,0.7699060858371842,0.2300939141628158,0.28452878582332963,0.7154712141766704,0.33768880171191373,0.6623111982880862
0.6326499184932537,0.36735008150674625,0.47639983210346354,0.5236001678965365,0.3586795819946623,0.6413204180053377,0.7273627445566894,0.27263725544331063,0.3202974811253208,0.6797025188746793,0.511131656142626,0.488868343857374,0.5987355827301175,0.4012644172698824,0.8074237462805974,0.19257625371940262,0.34434129050581536,0.6556587094941847,0.3021960009805124,0.6978039990194875
0.8539944477056903,0.14600555229430962,0.273690187463673,0.726309812536327,0.1750097573335071,0.8249902426664928,0.8898552261561017,0.1101447738438983,0.15896876925380346,0.8410312307461965,0.8151667279206919,0.18483327207930822,0.8023634729504863,0.19763652704951376,0.91104239749077,0.08895760250922995,0.10877616483461325,0.8912238351653868,0.1198206995678259,0.8801793004321742
0.796866051658626,0.203133948341374,0.22884311278490016,0.7711568872150998,0.19764277071038103,0.802357229289619,0.8773131660579583,0.12268683394204169,0.12875442735864395,0.871245572641356,0.7571433600873898,0.24285663991261022,0.7887240029766049,0.21127599702339497,0.8997983699925909,0.1002016300074091,0.1991550356579071,0.8008449643420928,0.11625172792559557,0.8837482720744044
0.9650275465903256,0.03497245340967439,0.06614307605304164,0.9338569239469583,0.052590239401592485,0.9474097605984075,0.9638931937666593,0.03610680623334058,0.05127377525068699,0.948726224749313,0.944909665307736,0.055090334692263966,0.9356062673262345,0.06439373267376543,0.9688113201033534,0.031188679896646625,0.054859371312776774,0.9451406286872231,0.02098432563974108,0.9790156743602589
0.9722678271834758,0.027732172816524132,0.054418344576026685,0.9455816554239733,0.03519874688599605,0.9648012531140039,0.9759266708724301,0.02407332912756997,0.0441550354988284,0.9558449645011716,0.9628858594746954,0.0371141405253046,0.9523834417665418,0.04761655823345833,0.9840687840586362,0.015931215941363878,0.03391555302656812,0.966084446973432,0.01890718688140161,0.9810928131185984
0.9946411941154482,0.005358805884551737,0.01321340376709206,0.986786596232908,0.009918085588255623,0.9900819144117444,0.9898251376752693,0.010174862324730687,0.026698006059999398,0.9733019939400006,0.9835538105004626,0.016446189499537286,0.9800583336978361,0.019941666302163895,0.9896691866893284,0.010330813310671759,0.010774055121901497,0.9892259448780986,0.006650922462038754,0.9933490775379612
0.9940375059407313,0.005962494059268653,0.009043648279094534,0.9909563517209055,0.007195748869757751,0.9928042511302423,0.9908862060127772,0.00911379398722285,0.026839716619514453,0.9731602833804857,0.9850373653758542,0.014962634624145784,0.9817674348126793,0.018232565187320717,0.9917895597131146,0.008210440286885537,0.009111135890577304,0.9908888641094227,0.004401544137555526,0.9955984558624444
0.9942915935679577,0.005708406432042243,0.00870039188003794,0.9912996081199622,0.006093273552416345,0.9939067264475837,0.9915195621382648,0.008480437861735305,0.02504694280533238,0.9749530571946676,0.9895253544622562,0.010474645537743825,0.9852790932316314,0.014720906768368435,0.9934245551727826,0.00657544482721724,0.006802400350676454,0.9931975996493235,0.0036540722823873465,0.9963459277176127
0.994622576446297,0.005377423553702999,0.008639140987616367,0.9913608590123836,0.00516587011514677,0.9948341298848533,0.9914594951276985,0.008540504872301494,0.026324946744629422,0.9736750532553705,0.9885680056040544,0.011431994395945656,0.9852890385341911,0.014710961465808883,0.9940671845417791,0.005932815458220838,0.006001048324714235,0.9939989516752857,0.004419608401809785,0.9955803915981901
0.9944181135061163,0.005581886493883584,0.007926117157997037,0.9920738828420029,0.004392015692534103,0.995607984307466,0.9929026272472589,0.007097372752741126,0.023127381603592786,0.9768726183964073,0.9906968893694625,0.009303110630537487,0.9858177375126699,0.01418226248733006,0.99511518666539,0.0048848133346100445,0.005113603177919608,0.9948863968220804,0.003968301948924965,0.996031698051075
0.9943025499948293,0.005697450005170698,0.008784278986255155,0.9912157210137448,0.004245962870071232,0.9957540371299288,0.9925597242274042,0.007440275772595835,0.023704719661346404,0.9762952803386536,0.9899499094060922,0.010050090593907754,0.9846871765080699,0.015312823491930092,0.9952053851841502,0.004794614815849661,0.005085545323446915,0.994914454676553,0.004510614578204031,0.9954893854217959
0.992560964674821,0.007439035325178961,0.011837905466446683,0.9881620945335532,0.004242977778527605,0.9957570222214724,0.9906108667551785,0.009389133244821464,0.02500475137415046,0.9749952486258496,0.9894594165673843,0.010540583432615656,0.9832625483234189,0.016737451676581173,0.995027656040628,0.004972343959371934,0.005061273752150856,0.9949387262478491,0.006235986921526772,0.9937640130784733
0.9935504806732232,0.006449519326776831,0.010864297050589495,0.9891357029494104,0.0045667714218661495,0.9954332285781339,0.9912215474563996,0.008778452543600388,0.022432897644764947,0.977567102355235,0.9911990138974878,0.00880098610251228,0.9847162648619401,0.015283735138060004,0.9943819918152165,0.005618008184783515,0.00505603214147768,0.9949439678585223,0.004783639572638806,0.9952163604273612
0.9953542471448681,0.0046457528551318026,0.01105842266971462,0.9889415773302853,0.002941872003564033,0.997058127996436,0.9904606425611581,0.009539357438841883,0.020126293536358586,0.9798737064636415,0.9923874038894386,0.007612596110561414,0.983996420751814,0.016003579248185885,0.9954008664820181,0.004599133517981937,0.00554556703732101,0.994454432962679,0.0036339130093589315,0.996366086990641
0.9963366307355532,0.0036633692644468096,0.00983133912921412,0.9901686608707858,0.003655752454976019,0.996344247545024,0.9917395379688034,0.008260462031196618,0.018935719939364045,0.981064280060636,0.9932088987281938,0.006791101271806144,0.9849073721535834,0.01509262784641666,0.9942945989450609,0.005705401054939,0.005796475945887258,0.9942035240541128,0.003167248920203457,0.9968327510797965
0.9959889516413174,0.004011048358682666,0.01176775022963627,0.9882322497703638,0.006063230202578826,0.9939367697974211,0.9906448794978469,0.009355120502153225,0.02312231027300176,0.9768776897269983,0.9899774027576903,0.010022597242309613,0.9799120739330354,0.020087926066964683,0.9920872466069375,0.007912753393062499,0.008291887849615454,0.9917081121503846,0.003764462730197459,0.9962355372698026
0.9951512531804232,0.004848746819576769,0.011230191714947038,0.988769808285053,0.00552524008173387,0.9944747599182661,0.9904133509658407,0.009586649034159357,0.02321400997139676,0.9767859900286032,0.9878812296474216,0.012118770352578358,0.9745240710753847,0.02547592892461521,0.9902624104018752,0.00973758959812488,0.009856057129179203,0.9901439428708207,0.00459893223613158,0.9954010677638685
0.995946760792267,0.004053239207733031,0.010450004753583193,0.9895499952464167,0.00505135861694882,0.9949486413830511,0.9901563002229381,0.009843699777061803,0.02462913928952897,0.9753708607104711,0.9876817425007627,0.012318257499237168,0.9788417511864986,0.021158248813501323,0.9927425728686583,0.007257427131341629,0.008452974739425469,0.9915470252605746,0.003681463114463356,0.9963185368855367
0.995415920383619,0.004584079616380974,0.009727980602194675,0.9902720193978053,0.004206034859540785,0.9957939651404593,0.9928467131731605,0.007153286826839368,0.022939167313077886,0.9770608326869221,0.9893334340433334,0.010666565956666676,0.9792802659047843,0.020719734095215592,0.9945425273395332,0.005457472660466775,0.006291448457951463,0.9937085515420485,0.003745437056217729,0.9962545629437822
0.9955677897627235,0.004432210237276383,0.00953738103126963,0.9904626189687304,0.005239877271960492,0.9947601227280396,0.9925991234130427,0.007400876586957246,0.02338334156448003,0.97661665843552,0.9887296931190445,0.011270306880955436,0.9787080000715482,0.02129199992845173,0.9930369774491465,0.0069630225508535756,0.006983153385168805,0.9930168466148313,0.0035545865254260176,0.996445413474574
0.9956428798154872,0.004357120184512749,0.009595241257841017,0.990404758742159,0.004953645696991825,0.9950463543030083,0.9922084247417231,0.007791575258276917,0.024173714436977127,0.9758262855630229,0.9891707437821091,0.010829256217890883,0.9795924666423751,0.02040753335762497,0.993848298977267,0.006151701022732945,0.007049886064570198,0.9929501139354298,0.0032386106354126156,0.9967613893645874
0.9957290587970093,0.004270941202990779,0.008540734219764453,0.9914592657802356,0.003284566322685418,0.9967154336773146,0.9928631723913222,0.007136827608677818,0.01962773152311985,0.9803722684768802,0.9919399099655737,0.008060090034426233,0.9807266359126908,0.019273364087309213,0.9936510252283998,0.006348974771600256,0.005927433377482256,0.9940725666225178,0.00390660386285973,0.9960933961371403
0.9958150846202506,0.004184915379749441,0.010271704141491967,0.989728295858508,0.003463894792511189,0.9965361052074888,0.99149211871992,0.008507881280079906,0.021381439510499044,0.978618560489501,0.9904585384332829,0.009541461566717034,0.9823430582576409,0.01765694174235904,0.9954876099603319,0.004512390039668098,0.00608248452517701,0.993917515474823,0.0036065483652085897,0.9963934516347914
0.990275445115039,0.009724554884961142,0.020780218985441766,0.9792197810145582,0.005939804626106843,0.9940601953738931,0.9879398909562445,0.012060109043755428,0.029125837445026708,0.9708741625549733,0.9835196129436435,0.016480387056356387,0.9692932828742998,0.030706717125700167,0.9931889310324321,0.006811068967567813,0.008640075963084233,0.9913599240369158,0.009555295941535775,0.9904447040584643
0.943780735340751,0.056219264659248924,0.12355602990159038,0.8764439700984097,0.03904034339027188,0.9609596566097282,0.9447915778310887,0.05520842216891137,0.08824135715583592,0.9117586428441641,0.911541922575951,0.08845807742404911,0.8782594901290273,0.12174050987097268,0.9708511425980377,0.02914885740196231,0.053260911839103496,0.9467390881608964,0.06472405107954389,0.9352759489204562
0.9591699025649985,0.04083009743500144,0.11180610764336053,0.8881938923566394,0.03144804729118438,0.9685519527088156,0.9544797375243111,0.04552026247568883,0.06839853282826025,0.9316014671717397,0.949029819498893,0.05097018050110706,0.9095003646698986,0.09049963533010139,0.9742538155872058,0.025746184412794266,0.032539989631436735,0.9674600103685633,0.038540575777171356,0.9614594242228286
0.9224047121815833,0.07759528781841671,0.17727409845648212,0.8227259015435178,0.05094163242752482,0.9490583675724752,0.9103322718774571,0.08966772812254287,0.10100787284367413,0.8989921271563259,0.9199927302099774,0.08000726979002264,0.8832186293053972,0.11678137069460288,0.9612870080317026,0.03871299196829744,0.06470926284457414,0.9352907371554259,0.06809259839004979,0.9319074016099502
0.956882517427956,0.04311748257204393,0.09980057283413114,0.9001994271658689,0.0383920484829349,0.9616079515170651,0.9472726532545092,0.05272734674549082,0.062437241646030206,0.9375627583539698,0.9568139265216415,0.04318607347835851,0.9251716682506901,0.0748283317493098,0.9673184286494578,0.03268157135054228,0.04332773191611537,0.9566722680838847,0.03642847664162188,0.9635715233583781
0.9295448227555356,0.07045517724446436,0.1350886156514746,0.8649113843485254,0.05070083458164139,0.9492991654183587,0.9249988846153145,0.07500111538468532,0.07640345095648199,0.9235965490435181,0.9350397082380674,0.06496029176193252,0.9042463210817304,0.09575367891826948,0.9615753883738921,0.03842461162610788,0.06533604418321991,0.93466395581678,0.05380047491232445,0.9461995250876756
0.9628184580446741,0.037181541955325755,0.07137619936515649,0.9286238006348435,0.026494321244338218,0.9735056787556617,0.9596022080427155,0.040397791957284594,0.04543786526296483,0.9545621347370351,0.9650497528315926,0.03495024716840734,0.9502781235438255,0.04972187645617451,0.9822408135719264,0.01775918642807359,0.03436866702304776,0.9656313329769523,0.031628391639972366,0.9683716083600277
0.987246970020771,0.012753029979229022,0.023413871808201335,0.9765861281917986,0.008388087003002998,0.991611912996997,0.9855633827883505,0.014436617211649403,0.02405553368344436,0.9759444663165555,0.9857611818586005,0.01423881814139942,0.9811808458448315,0.018819154155168584,0.9941169943503357,0.005883005649664205,0.009529989898486873,0.9904700101015131,0.012563327470115179,0.9874366725298848
0.9897789521727027,0.01022104782729731,0.01427334000245459,0.9857266599975455,0.009816723812279661,0.9901832761877204,0.990893001552964,0.009106998447036056,0.019280940619583766,0.9807190593804163,0.9902550648691567,0.009744935130843345,0.9841185717897553,0.01588142821024472,0.9924170914850492,0.00758290851495071,0.008905226538626474,0.9910947734613735,0.007230401666761,0.992769598333239
0.9698915924841154,0.030108407515884617,0.028165042542960372,0.9718349574570396,0.017617459675796653,0.9823825403242032,0.9776151661171295,0.022384833882870565,0.0286885653681421,0.9713114346318579,0.9653042961442927,0.03469570385570726,0.9577418256771513,0.04225817432284878,0.9820083073742724,0.01799169262572756,0.025457563639464584,0.9745424363605354,0.02065843756554291,0.9793415624344571
0.9764183891657263,0.023581610834273705,0.029925049810502563,0.9700749501894974,0.018338034426961244,0.9816619655730388,0.9765286383483247,0.023471361651675376,0.032205169025172065,0.9677948309748279,0.9734080937646375,0.026591906235362495,0.9678984043286545,0.03210159567134566,0.9860582283512758,0.013941771648724175,0.01961713675083084,0.9803828632491691,0.012094546125805024,0.987905453874195
0.9863820122612345,0.013617987738765639,0.019759940884770934,0.9802400591152292,0.013239217454310734,0.9867607825456892,0.9867439250238097,0.013256074976190246,0.02835505321516333,0.9716449467848366,0.9790314536591113,0.02096854634088876,0.9743187397065987,0.02568126029340119,0.991748892962481,0.008251107037519075,0.012533538268073812,0.9874664617319261,0.00898431366039662,0.9910156863396032
0.934022287284831,0.06597771271516896,0.06155725702345378,0.9384427429765463,0.04622510406560865,0.9537748959343915,0.968238760375418,0.03176123962458192,0.05463124056678503,0.9453687594332151,0.9209410188348158,0.07905898116518408,0.8973798789922457,0.10262012100775436,0.9623572632961943,0.03764273670380571,0.052652418404947686,0.9473475815950523,0.05113037073100524,0.9488696292689949
0.9486938343257901,0.05130616567420981,0.06498227626631564,0.9350177237336844,0.04957613969566527,0.9504238603043347,0.9628652535844209,0.03713474641557922,0.057718986910658805,0.9422810130893412,0.9242399281129826,0.07576007188701746,0.916796264840579,0.08320373515942099,0.9712665480311282,0.028733451968871684,0.04796358886920391,0.952036411130796,0.025257779060776746,0.9747422209392231
0.5830605380995298,0.41693946190047004,0.5162474364560048,0.48375256354399515,0.34432630602344805,0.655673693976552,0.7457398026978225,0.25426019730217747,0.30727040425840535,0.6927295957415945,0.5180973000295283,0.4819026999704718,0.5304786524799415,0.46952134752005853,0.7633226223931083,0.2366773776068916,0.34088044035071813,0.6591195596492819,0.39334273157166366,0.6066572684283363
0.7806346998217032,0.2193653001782968,0.37219462867954295,0.6278053713204571,0.2053836288079838,0.7946163711920161,0.8261572950427849,0.17384270495721516,0.17512155787489447,0.8248784421251056,0.6931670963672752,0.30683290363272464,0.6837404259686508,0.3162595740313492,0.8829043131635326,0.11709568683646755,0.2214926779821839,0.7785073220178161,0.16013721905814357,0.8398627809418564
0.8880551668775255,0.11194483312247443,0.24540288908635532,0.7545971109136446,0.09482949089622761,0.9051705091037725,0.9073692378933728,0.09263076210662731,0.11324972902632816,0.8867502709736719,0.8662155931875283,0.13378440681247178,0.8382175453799805,0.1617824546200194,0.9631564792556577,0.03684352074434238,0.09889096453753561,0.9011090354624643,0.09475546478058164,0.9052445352194184
0.9573868097599156,0.04261319024008435,0.08120650975586043,0.9187934902441396,0.04565156114117718,0.9543484388588228,0.9661465789471261,0.033853421052873874,0.05014574195242175,0.9498542580475783,0.9619302597373041,0.03806974026269582,0.936347927966377,0.06365207203362305,0.9716511820423469,0.028348817957653195,0.03949011740453631,0.9605098825954635,0.03387186165713071,0.9661281383428691
0.9794679254058417,0.020532074594158352,0.04281686579429434,0.9571831342057056,0.028563021204324517,0.9714369787956755,0.9757933626287996,0.02420663737120047,0.037395859855162396,0.9626041401448375,0.9670512343030137,0.032948765696986446,0.9645204266640525,0.03547957333594755,0.9842758032285529,0.015724196771447114,0.02995966827976015,0.9700403317202397,0.01854859847900146,0.9814514015209984
0.8321586429585287,0.16784135704147124,0.21097778814503135,0.7890222118549687,0.13441897493598448,0.8655810250640155,0.900243924095709,0.09975607590429099,0.11125918602424718,0.8887408139757529,0.8459691370394672,0.1540308629605327,0.7828201826608892,0.21717981733911082,0.8929953518496749,0.10700464815032497,0.15089444995460788,0.8491055500453921,0.15445762319771927,0.8455423768022807
0.9596256674688016,0.040374332531198404,0.08243610934000928,0.9175638906599908,0.0394681142935435,0.9605318857064565,0.9452009262465279,0.05479907375347215,0.05682711257889712,0.9431728874211028,0.9191520295338701,0.08084797046613003,0.9343831922554597,0.06561680774454035,0.9745857500957056,0.02541424990429443,0.04672193583111327,0.9532780641688867,0.035344808492204935,0.9646551915077951
0.9792164610623852,0.020783538937614705,0.04098532723522227,0.9590146727647778,0.02437055714816091,0.9756294428518392,0.9756687930909989,0.024331206909001153,0.04395878343215566,0.9560412165678444,0.9636895468565585,0.03631045314344157,0.9604313789299349,0.039568621070065216,0.9853207846157935,0.014679215384206482,0.019673625991906283,0.9803263740080937,0.016777562779432105,0.9832224372205679
0.9620105149585815,0.037989485041418615,0.05631515542534,0.94368484457466,0.07252071637292228,0.9274792836270777,0.9599872174572204,0.04001278254277972,0.08572367047382277,0.9142763295261772,0.9257997870589922,0.07420021294100769,0.9162102620595859,0.08378973794041404,0.9475052812013562,0.052494718798643696,0.05409429468076892,0.945905705319231,0.027336967660863767,0.9726630323391363
0.8608523804415577,0.13914761955844238,0.13879352642561538,0.8612064735743846,0.18630632928493698,0.813693670715063,0.8968630304733742,0.10313696952662568,0.15862909720137172,0.8413709027986284,0.7710130958162598,0.22898690418374032,0.7495530080024991,0.2504469919975008,0.8301641815479611,0.16983581845203893,0.17161088765626425,0.8283891123437357,0.09912557223459588,0.9008744277654042
0.8646113137284076,0.1353886862715923,0.18205885174553144,0.8179411482544686,0.24506437696185046,0.7549356230381495,0.8418518965187507,0.15814810348124933,0.21992788755871354,0.7800721124412865,0.7425525407786155,0.25744745922138446,0.7389530769902269,0.2610469230097731,0.8059196064161663,0.19408039358383372,0.20095287253330157,0.7990471274666985,0.07809321936829214,0.921906780631708
0.9534778628468721,0.04652213715312795,0.07066762853594372,0.9293323714640562,0.07843683814553098,0.921563161854469,0.9429538099298599,0.057046190070140126,0.12709596836550488,0.8729040316344951,0.8632005217033939,0.13679947829660616,0.8799383604551,0.12006163954490004,0.9442899819190055,0.05571001808099451,0.07396626304156141,0.9260337369584385,0.036720300578530735,0.9632796994214692
0.9686596789754989,0.03134032102450121,0.03885339215968941,0.9611466078403107,0.044318848647421125,0.9556811513525788,0.9721246103961383,0.027875389603861666,0.08365658852701648,0.9163434114729835,0.9240919145285047,0.07590808547149533,0.9148777702557385,0.08512222974426158,0.9644284801383214,0.0355715198616785,0.04539167106383704,0.9546083289361629,0.024345048184550466,0.9756549518154496
0.9600844978705696,0.03991550212943046,0.055967071150392234,0.9440329288496078,0.048412266143087586,0.9515877338569125,0.9695392308198753,0.03046076918012487,0.09492763509278068,0.9050723649072193,0.9147718713713756,0.0852281286286243,0.9052011684895944,0.09479883151040562,0.9701164105500192,0.029883589449980822,0.045097546081859,0.954902453918141,0.03153112921500956,0.9684688707849906
0.9838807364371689,0.01611926356283105,0.03434165723145543,0.9656583427685445,0.025688289842148788,0.9743117101578512,0.982243234610998,0.017756765389001887,0.05692221581773148,0.9430777841822685,0.9658711611318355,0.03412883886816446,0.9381062615826068,0.06189373841739327,0.9748987364719495,0.025101263528050494,0.02142891983635985,0.9785710801636401,0.012513060629715677,0.9874869393702843
0.9809277065507603,0.01907229344923974,0.03768952055674059,0.9623104794432595,0.0262430981612929,0.9737569018387072,0.9685234237086205,0.0314765762913796,0.06768719448857007,0.9323128055114299,0.9415749375202865,0.0584250624797135,0.931539435749301,0.06846056425069909,0.9719809059505583,0.02801909404944174,0.03483830830228013,0.9651616916977199,0.015308529157047708,0.9846914708429524
0.9891018608417391,0.010898139158260824,0.026735474692749242,0.9732645253072507,0.013048988326484495,0.9869510116735155,0.9777529432980722,0.0222470567019278,0.04705983672898364,0.9529401632710163,0.9756405194922952,0.024359480507704735,0.9653021682602579,0.034697831739742134,0.9865320598244717,0.013467940175528343,0.017934443615048545,0.9820655563849514,0.009563808943420125,0.9904361910565798
0.9314339758676026,0.06856602413239747,0.12290403457056753,0.8770959654294325,0.05258183200553036,0.9474181679944695,0.9402850257342473,0.05971497426575271,0.10593462155009203,0.8940653784499079,0.9080136898888604,0.09198631011113959,0.8740821130490708,0.1259178869509293,0.957199958599363,0.04280004140063703,0.06077964757697522,0.9392203524230248,0.07167987837718184,0.9283201216228182
0.9369299529053668,0.06307004709463325,0.13583276281068934,0.8641672371893107,0.05802311837320737,0.9419768816267926,0.9319717323936417,0.06802826760635824,0.09955437930371434,0.9004456206962856,0.9066272752819028,0.09337272471809714,0.8915691432450358,0.10843085675496424,0.9635632717196077,0.036436728280392315,0.05887414239671,0.9411258576032902,0.051199500146792254,0.9488004998532078
0.8873087919702424,0.11269120802975757,0.22772389883312172,0.7722761011668784,0.09117450011844219,0.9088254998815578,0.8830970348863917,0.11690296511360836,0.15676669225310277,0.8432333077468972,0.8351353323619471,0.16486466763805277,0.8129539979278235,0.1870460020721765,0.9372579467789675,0.0627420532210326,0.109077034400623,0.8909229655993771,0.10958319165519066,0.8904168083448093
0.9292551366464518,0.07074486335354828,0.1562602387540159,0.8437397612459842,0.06718810979718769,0.9328118902028123,0.9162792647339991,0.0837207352660009,0.10120364912844643,0.8987963508715535,0.9272338083733465,0.07276619162665353,0.8916156870395394,0.10838431296046067,0.9462710744652597,0.05372892553474041,0.06436645873540707,0.935633541264593,0.05322183925902388,0.9467781607409761
0.9386152033086355,0.061384796691364533,0.14223917492044963,0.8577608250795503,0.05408207763003606,0.9459179223699639,0.912929127969762,0.08707087203023803,0.09635185995662386,0.903648140043376,0.9317946163578792,0.06820538364212088,0.9116764839617303,0.08832351603826959,0.9625449776788779,0.037455022321122126,0.065233444280684,0.934766555719316,0.05177978268474747,0.9482202173152525
0.9674705579801487,0.03252944201985133,0.06722924545031064,0.9327707545496894,0.05013192007844386,0.9498680799215561,0.9595472534412747,0.040452746558725244,0.05504531898188573,0.9449546810181142,0.9573279717879989,0.04267202821200107,0.9400079901174532,0.05999200988254697,0.9587605083133693,0.04123949168663061,0.041774004468261176,0.9582259955317388,0.03003060567330131,0.9699693943266986
0.8251439483705901,0.1748560516294099,0.23760468503690024,0.7623953149630998,0.17873566975016436,0.8212643302498356,0.8395600719866125,0.1604399280133874,0.15890006367984247,0.8410999363201574,0.725563553104824,0.2744364468951761,0.7078586674206678,0.2921413325793322,0.8310551227296115,0.16894487727038848,0.21128191452224596,0.788718085477754,0.15186631039088316,0.8481336896091167
0.9082268111969315,0.09177318880306855,0.1532990378463612,0.8467009621536389,0.11144420894083026,0.8885557910591697,0.8989495270974369,0.10105047290256297,0.09708888822669647,0.9029111117733035,0.8499329137426141,0.15006708625738588,0.8496323813715201,0.15036761862847994,0.9287183183038226,0.07128168169617737,0.12490972997131035,0.8750902700286896,0.05313720243737413,0.9468627975626259
0.982388408075918,0.017611591924081998,0.0355126700976247,0.9644873299023754,0.02299711735674806,0.977002882643252,0.979806811703739,0.02019318829626115,0.04124210464427417,0.9587578953557258,0.9563740138102974,0.04362598618970254,0.9571340217355102,0.042865978264489714,0.988244685547125,0.011755314452874914,0.021094463990219595,0.9789055360097803,0.015588003268458385,0.9844119967315416
0.9860424064977399,0.013957593502260139,0.017951038392894535,0.9820489616071055,0.018637404421637256,0.9813625955783626,0.9893135586978977,0.010686441302102223,0.034909331871989774,0.9650906681280103,0.9756782681050331,0.02432173189496681,0.9705125288295432,0.02948747117045673,0.9883607874170394,0.011639212582960558,0.015883634113904924,0.9841163658860951,0.008743876965436378,0.9912561230345636
0.9273618145065209,0.07263818549347921,0.07238786020117072,0.9276121397988292,0.0698502491536168,0.9301497508463833,0.967415154455465,0.03258484554453507,0.0724557612160381,0.927544238783962,0.891293466595639,0.10870653340436093,0.8598185213754631,0.1401814786245369,0.9453102611102406,0.05468973888975927,0.07546963224141467,0.9245303677585853,0.05899671592410605,0.941003284075894
0.9074044122673652,0.09259558773263478,0.1492146641005968,0.8507853358994032,0.07378693112313678,0.9262130688768632,0.9315950713838624,0.06840492861613749,0.09429623412008795,0.905703765879912,0.8881656099562658,0.11183439004373413,0.869335713334081,0.13066428666591898,0.9657061452668043,0.03429385473319569,0.08048308940336181,0.9195169105966382,0.065956085550758,0.934043914449242
0.9740139934018088,0.025986006598191225,0.045321353737452844,0.9546786462625471,0.022148422485017343,0.9778515775149826,0.977976418185608,0.022023581814391957,0.04288045525712702,0.957119544742873,0.9598841550775623,0.04011584492243772,0.9569491023485039,0.043050897651496056,0.9861094938582363,0.013890506141763745,0.01598602113825946,0.9840139788617406,0.028604332490995744,0.9713956675090042
0.9745411714133164,0.025458828586683656,0.04001085020957286,0.9599891497904272,0.03703061681956011,0.9629693831804399,0.978485957507609,0.02151404249239106,0.04802243013811392,0.9519775698618862,0.9574091326492932,0.04259086735070688,0.9514018054799742,0.04859819452002567,0.9799201354467799,0.020079864553219997,0.029325175172263976,0.970674824827736,0.015433653469691716,0.9845663465303083
0.9896935620550448,0.010306437944955268,0.013843040722037016,0.9861569592779631,0.014862783815598355,0.9851372161844018,0.9900213170939189,0.009978682906081077,0.027150101914095674,0.9728498980859043,0.9811175148766189,0.01888248512338113,0.9774012933445384,0.022598706655461532,0.9882087483184546,0.011791251681545472,0.015151591813390966,0.9848484081866091,0.005885515299454137,0.994114484700546
0.9883716500459286,0.011628349954071367,0.018553342781926926,0.981446657218073,0.0129477214609736,0.9870522785390263,0.9865253773363412,0.013474622663658812,0.02587012509296401,0.9741298749070361,0.9825377788351353,0.017462221164864643,0.9752280468144764,0.024771953185523627,0.9876390263933097,0.012360973606690357,0.016707663755342213,0.9832923362446577,0.009513861506612483,0.9904861384933875
0.993532181193827,0.006467818806172859,0.015500727628046947,0.9844992723719531,0.010745902266490817,0.9892540977335091,0.9887941213803156,0.011205878619684442,0.02971093463320877,0.9702890653667913,0.9808080885333557,0.019191911466644257,0.9736061225598746,0.02639387744012545,0.9890605634463885,0.010939436553611449,0.012883696473598513,0.9871163035264015,0.005810918157599188,0.9941890818424007
0.9942170765634509,0.005782923436549087,0.011668090319970044,0.9883319096800299,0.006934425077110476,0.9930655749228896,0.9886483722234984,0.011351627776501607,0.030696858892444598,0.9693031411075556,0.9831859820711074,0.01681401792889251,0.9799789088934534,0.020021091106546544,0.9924221251296623,0.007577874870337732,0.008755156631723207,0.9912448433682768,0.005080446788113514,0.9949195532118865
0.9942024469104005,0.0057975530895995435,0.009222138778529355,0.9907778612214706,0.005953306723269324,0.9940466932767306,0.9919092885279125,0.008090711472087554,0.026691991982509655,0.9733080080174904,0.9881115465636493,0.01188845343635074,0.9824355267044941,0.017564473295505804,0.9935670194639535,0.006432980536046379,0.007207398446879801,0.9927926015531201,0.004295566393074819,0.9957044336069253
0.9881749935751692,0.011825006424830815,0.02080448620755246,0.9791955137924475,0.018357462970187307,0.9816425370298127,0.9845106387888785,0.015489361211121431,0.044373462457377146,0.9556265375426228,0.976452502015895,0.02354749798410513,0.9614175912828212,0.03858240871717888,0.9797281053141085,0.02027189468589155,0.01575707008488042,0.9842429299151196,0.009027208202783778,0.9909727917972163
0.9853829797355718,0.014617020264428158,0.02466430247432644,0.9753356975256735,0.019698576824557692,0.9803014231754422,0.9762944543002368,0.02370554569976334,0.05154617419283633,0.9484538258071636,0.9614337139481732,0.03856628605182674,0.9448781560562267,0.05512184394377325,0.9734809298383095,0.02651907016169041,0.026957801999661784,0.9730421980003383,0.009840387427353875,0.9901596125726463
0.9911723836842076,0.008827616315792345,0.018574685840471103,0.981425314159529,0.013623957394720453,0.9863760426052794,0.9803305439193535,0.019669456080646477,0.04552374695898681,0.9544762530410131,0.9724604559371574,0.0275395440628427,0.964468179223443,0.035531820776557026,0.9834813937631901,0.01651860623680982,0.01794108477628698,0.9820589152237131,0.00731166335371184,0.9926883366462883
0.9907007561038228,0.009299243896177202,0.016099188865653896,0.9839008111343461,0.010436237384720767,0.9895637626152792,0.9883518853933848,0.011648114606615119,0.03894713176727993,0.9610528682327201,0.9767748671894766,0.023225132810523366,0.9646416138223863,0.03535838617761377,0.9888317269645069,0.01116827303549312,0.012659161995379501,0.9873408380046205,0.006890581370835503,0.9931094186291645
0.9916879820269292,0.008312017973070903,0.016352674036697497,0.9836473259633026,0.009647212168237532,0.9903527878317624,0.9888191700294137,0.01118082997058631,0.036015939412913575,0.9639840605870863,0.9783920099143053,0.02160799008569467,0.9684854788593261,0.03151452114067387,0.9915909323891129,0.008409067610887172,0.012114311044175497,0.9878856889558245,0.006792004403121067,0.993207995596879
0.887024966679741,0.11297503332025903,0.19677424486141817,0.8032257551385817,0.10836535960484313,0.8916346403951568,0.9125752190473546,0.0874247809526454,0.17358962781165183,0.8264103721883481,0.7890600492339429,0.21093995076605715,0.7381021487670273,0.26189785123297277,0.9067221581830354,0.09327784181696469,0.12415930617283572,0.8758406938271643,0.14721381604727926,0.8527861839527208
0.9205293622983097,0.07947063770169031,0.21895824536380967,0.7810417546361902,0.0783828561812189,0.9216171438187811,0.8999093373373794,0.10009066266262043,0.14619464335687316,0.8538053566431267,0.8613004129579012,0.1386995870420989,0.8077210981150774,0.19227890188492255,0.9373409415330304,0.06265905846696958,0.08222388207532005,0.91777611792468,0.07303071727848497,0.926969282721515
0.9459475171561803,0.05405248284381971,0.18531390128406197,0.8146860987159381,0.06783323050001028,0.9321667694999897,0.9127681940093432,0.08723180599065679,0.11998493881138211,0.8800150611886178,0.9001844122850982,0.0998155877149018,0.8505789995207833,0.14942100047921672,0.9465727273416819,0.05342727265831805,0.0703410407509434,0.9296589592490566,0.06019966431202981,0.9398003356879702
0.9436860486932801,0.056313951306719914,0.12051593467991074,0.8794840653200893,0.0549894334018788,0.9450105665981213,0.9353389283905506,0.0646610716094494,0.07860177324141111,0.921398226758589,0.9336184518435889,0.06638154815641113,0.8982345684512765,0.10176543154872358,0.9587597033636598,0.041240296636340164,0.06738896905777983,0.9326110309422202,0.041652354673288,0.958347645326712
0.9590787233044132,0.04092127669558672,0.09085995252223492,0.909140047477765,0.0398895574790786,0.9601104425209215,0.9466558236876137,0.05334417631238616,0.06626516830941566,0.9337348316905844,0.9520479971130598,0.04795200288694025,0.930980999649494,0.06901900035050615,0.9712981864597336,0.028701813540266276,0.049774082943693454,0.9502259170563067,0.036482935577470316,0.9635170644225296
0.9665322034582849,0.03346779654171512,0.08121580103006623,0.9187841989699337,0.04499476101192914,0.9550052389880708,0.9616210029462221,0.038378997053777765,0.06224144101343801,0.9377585589865619,0.9551583063128675,0.04484169368713248,0.9222371762431084,0.07776282375689163,0.9654816599562993,0.03451834004370066,0.04533929313494923,0.9546607068650509,0.031287268327786014,0.968712731672214
0.9930562314299731,0.006943768570026818,0.022119490395225625,0.9778805096047744,0.015404897311890887,0.9845951026881091,0.9810051158532046,0.018994884146795413,0.037421106404770595,0.9625788935952295,0.9747800590894813,0.02521994091051883,0.9736517571834707,0.026348242816529192,0.9851321515485789,0.014867848451421152,0.01712020826554633,0.9828797917344537,0.009447834641380576,0.9905521653586195
0.97225206030321,0.02774793969678989,0.032868521429170364,0.9671314785708296,0.027173688959875753,0.9728263110401242,0.9728652024045276,0.027134797595472476,0.05056233122401923,0.9494376687759807,0.9486387988297637,0.05136120117023642,0.9364986840436523,0.06350131595634773,0.9653254081806741,0.034674591819325834,0.03549545627034855,0.9645045437296513,0.02660071323984456,0.9733992867601554
0.9502487659157425,0.049751234084257565,0.09343455446285567,0.9065654455371442,0.04767072768707537,0.9523292723129246,0.9377181403584952,0.0622818596415047,0.09001506628243396,0.909984933717566,0.9126528718266178,0.08734712817338222,0.9126259737014455,0.08737402629855448,0.9725527196623948,0.027447280337605275,0.06048991497175937,0.9395100850282406,0.04097753072220272,0.9590224692777972
0.9766900066111563,0.023309993388843663,0.0393641386409827,0.9606358613590172,0.02478419896573568,0.9752158010342643,0.9835139340639388,0.016486065936061153,0.04326834318157853,0.9567316568184214,0.9628069051403164,0.03719309485968363,0.9470399591899601,0.05296004081004,0.982513774263491,0.017486225736509015,0.018158565439849107,0.9818414345601509,0.021899282263205314,0.9781007177367946
0.9734301948436855,0.02656980515631444,0.03444496979484287,0.9655550302051571,0.027382740235140972,0.9726172597648589,0.9798426702415133,0.02015732975848676,0.04224591540828818,0.9577540845917119,0.9496552152516539,0.05034478474834603,0.9485506941455233,0.05144930585447667,0.9865568324989045,0.013443167501095588,0.028274820409971892,0.9717251795900282,0.013628998588207274,0.9863710014117928
0.9778355272703713,0.02216447272962887,0.027389353604525046,0.9726106463954749,0.032371879527745846,0.9676281204722542,0.9837772079377396,0.016222792062260457,0.04253868384569852,0.9574613161543015,0.9654949137804936,0.03450508621950644,0.9557951898041706,0.04420481019582957,0.9771486623418735,0.02285133765812644,0.02548862293934213,0.9745113770606579,0.011497509997651718,0.9885024900023482
0.9826949629411439,0.01730503705885602,0.019586752990620925,0.9804132470093792,0.02088166063266586,0.9791183393673341,0.9854150312056401,0.014584968794359892,0.03173168096523979,0.9682683190347602,0.9740102625368195,0.025989737463180326,0.9708552260906358,0.029144773909364236,0.9848529707644695,0.015147029235530579,0.02029762890602051,0.9797023710939795,0.007424750901821785,0.9925752490981783
0.9875917875846778,0.012408212415322176,0.01461623131980742,0.9853837686801925,0.013522490691875609,0.9864775093081244,0.9864831689635389,0.01351683103646096,0.026171670103086186,0.9738283298969138,0.9740853732443389,0.025914626755661023,0.9762297273915006,0.023770272608499444,0.9890604516500537,0.010939548349946336,0.018410091552430022,0.9815899084475699,0.010359116821764438,0.9896408831782356
0.9949326853483772,0.005067314651622788,0.009823003404574216,0.9901769965954258,0.005276086848990641,0.9947239131510094,0.9920193447843677,0.007980655215632328,0.02379961174039443,0.9762003882596055,0.9864171295741374,0.013582870425862509,0.9814485641477118,0.018551435852288363,0.9942929054916064,0.005707094508393572,0.006583688058545539,0.9934163119414545,0.004305413814201885,0.9956945861857982
0.9938861896226943,0.006113810377305839,0.01356471112692199,0.9864352888730781,0.008349927861094963,0.9916500721389051,0.9900539029301437,0.009946097069856281,0.030278344880220152,0.9697216551197799,0.9857989871100462,0.014201012889953785,0.9747522872873204,0.02524771271267959,0.9906768034602927,0.00932319653970726,0.009284187742597648,0.9907158122574025,0.00473575283321429,0.9952642471667857
0.9664021855298072,0.033597814470192826,0.04645767295110686,0.9535423270488932,0.032228733800854295,0.9677712661991457,0.969804346423062,0.03019565357693804,0.061058791536004374,0.9389412084639956,0.930030191934123,0.06996980806587691,0.8983874365273261,0.10161256347267394,0.9606036634147261,0.03939633658527392,0.04617588009905811,0.9538241199009418,0.027825745506202097,0.9721742544937979
0.9756229182055991,0.024377081794400807,0.0611071378627715,0.9388928621372286,0.024402624189722177,0.9755973758102777,0.9581636454267253,0.041836354573274656,0.06106934584358824,0.9389306541564117,0.9498115817401622,0.05018841825983783,0.9328259243061202,0.0671740756938798,0.9791591606585455,0.020840839341454465,0.034835616088653695,0.9651643839113464,0.018653633736976417,0.9813463662630236
0.9883699435364367,0.011630056463563382,0.035901410223819784,0.9640985897761801,0.014278610245480501,0.9857213897545195,0.9826886414904739,0.01731135850952606,0.03973617202158386,0.9602638279784161,0.9765215858841593,0.02347841411584081,0.9571059399747776,0.04289406002522242,0.9877310422376759,0.012268957762324048,0.014813679631695819,0.9851863203683041,0.011877891779075552,0.9881221082209245
0.9909026299090278,0.009097370090972185,0.02476885200298993,0.97523114799701,0.018460802967502937,0.981539197032497,0.984077152846565,0.015922847153434935,0.03932978536530519,0.9606702146346949,0.9736972328300413,0.02630276716995867,0.9628570400924307,0.03714295990756939,0.9850949019234192,0.014905098076580754,0.02031858450440692,0.9796814154955931,0.008075487240517595,0.9919245127594823
0.9893670903749858,0.0106329096250143,0.014362390413385499,0.9856376095866144,0.013679155440542897,0.9863208445594571,0.9909611874928114,0.00903881250718868,0.02621465404596396,0.973785345954036,0.9786251763242481,0.02137482367575188,0.9656420562256718,0.034357943774328124,0.9858650226816725,0.01413497731832758,0.018104754551226062,0.9818952454487739,0.007041294966031579,0.9929587050339684
0.9872377680964199,0.012762231903580157,0.027463011400974402,0.9725369885990255,0.023651064478832202,0.9763489355211679,0.9795358847239596,0.020464115276040463,0.04358934470915813,0.9564106552908418,0.9714730351149127,0.0285269648850872,0.9549129780359504,0.04508702196404967,0.9752392289547699,0.024760771045230147,0.02424409796929919,0.9757559020307008,0.008355358864233052,0.991644641135767
0.9909730300071584,0.00902696999284168,0.02139582441330788,0.9786041755866922,0.013460978483097012,0.9865390215169031,0.9813460641496221,0.018653935850377938,0.041886279968759155,0.9581137200312408,0.968449426349861,0.03155057365013911,0.9560235548376697,0.04397644516233041,0.982745185249789,0.017254814750211008,0.020677099604452267,0.9793229003955477,0.008045736569161768,0.9919542634308381
0.994203551226439,0.005796448773561023,0.012454380623669338,0.9875456193763307,0.007697155930305947,0.992302844069694,0.9880893542659004,0.011910645734099681,0.03217020500837788,0.9678297949916221,0.9821724512588794,0.017827548741120598,0.9756019181603083,0.024398081839691683,0.9912137511563139,0.008786248843686067,0.011226804792038182,0.9887731952079619,0.00515991869280768,0.9948400813071923
0.9924451575532875,0.007554842446712536,0.014855822027899325,0.9851441779721007,0.010348744077940952,0.9896512559220592,0.9890926533054617,0.010907346694538314,0.03675876351156645,0.9632412364884335,0.982088099424444,0.01791190057555598,0.9698146201786499,0.030185379821350045,0.9882729712104621,0.011727028789537899,0.0109053511602469,0.9890946488397531,0.006267317678387709,0.9937326823216123
0.9892048248915709,0.010795175108429077,0.016531862442777337,0.9834681375572226,0.010923105694280549,0.9890768943057194,0.9871461526273629,0.012853847372637039,0.036198443769890225,0.9638015562301098,0.9760045889435465,0.023995411056453492,0.9588045761439893,0.04119542385601075,0.9853243505290955,0.01467564947090441,0.015612796883040129,0.9843872031169598,0.0069267543102664655,0.9930732456897337
0.9923805291307471,0.0076194708692527546,0.015743140679490602,0.9842568593205094,0.009975647542165863,0.9900243524578342,0.985873864095631,0.014126135904369067,0.035653837557350535,0.9643461624426494,0.9778059144021837,0.022194085597816344,0.9693953180572675,0.03060468194273255,0.9889936739399047,0.011006326060095422,0.013908136654410597,0.9860918633455894,0.00545645654689427,0.9945435434531057
0.9674492641636988,0.03255073583630112,0.06006622994360334,0.9399337700563967,0.025423155001191043,0.9745768449988089,0.9677097921799966,0.03229020782000328,0.06780053196808977,0.9321994680319101,0.940337096633464,0.059662903366536,0.9092961149339472,0.09070388506605279,0.9726446825198977,0.02735531748010237,0.0324572501692426,0.9675427498307575,0.029529561187278168,0.9704704388127219
0.9713555727307438,0.028644427269256163,0.07140500814159212,0.9285949918584079,0.027644260055707914,0.9723557399442921,0.9599919387693927,0.04000806123060735,0.06438868759770602,0.935611312402294,0.9424560489509587,0.057543951049041184,0.9253797484727777,0.07462025152722235,0.9802725859057606,0.019727414094239407,0.03564014897915763,0.9643598510208424,0.022629314380417043,0.977370685619583
0.9853888777245414,0.014611122275458594,0.04229439964603586,0.9577056003539642,0.014567251914295082,0.985432748085705,0.9807065418135099,0.019293458186490153,0.038816282568749264,0.9611837174312506,0.9734135980372677,0.026586401962732452,0.9584421127958171,0.04155788720418298,0.9914704335278901,0.008529566472109954,0.014447036804916276,0.9855529631950837,0.014016277301375127,0.985983722698625
0.976492112439875,0.023507887560124927,0.0502241585854807,0.9497758414145193,0.016356701135680322,0.9836432988643197,0.9733936900269612,0.02660630997303875,0.042634758724992596,0.9573652412750074,0.9749247350644228,0.025075264935577067,0.9521958556541774,0.04780414434582259,0.9848110383880698,0.01518896161193022,0.02187793206752153,0.9781220679324785,0.01912480267280019,0.9808751973271997
0.9817441234312739,0.018255876568726098,0.04798837318819646,0.9520116268118035,0.015310552638008975,0.984689447361991,0.9716474974956258,0.028352502504374183,0.04260305703005976,0.9573969429699404,0.9762353633272904,0.02376463667270953,0.9578788418935681,0.04212115810643194,0.9860912661104353,0.013908733889564708,0.021668358251365913,0.978331641748634,0.016081778072552684,0.9839182219274473
0.9466882737704768,0.0533117262295233,0.13226341157555244,0.8677365884244476,0.1023574578579693,0.8976425421420307,0.9239698338852077,0.07603016611479234,0.11229834247665078,0.8877016575233493,0.907140581522556,0.09285941847744403,0.8479403567956363,0.15205964320436377,0.9057377552206507,0.09426224477934926,0.08287346173019443,0.9171265382698056,0.04974154580391384,0.9502584541960862
0.9652988854421775,0.034701114557822425,0.06904361883043811,0.9309563811695618,0.06086971045802453,0.9391302895419754,0.9339540326735579,0.06604596732644198,0.08538299028597773,0.9146170097140224,0.9000694402008954,0.0999305597991047,0.892307663994368,0.10769233600563195,0.9333423575401399,0.06665764245986008,0.07446872905992423,0.9255312709400757,0.02913045440269552,0.9708695455973044
0.8578802854115077,0.1421197145884923,0.22670617399206802,0.773293826007932,0.17835421887899994,0.8216457811210002,0.8322075917548197,0.16779240824518035,0.1980949950118215,0.8019050049881785,0.7174464425425712,0.28255355745742883,0.6980238663070064,0.30197613369299353,0.833919406592746,0.16608059340725403,0.22612180546048885,0.7738781945395112,0.15349669634212185,0.8465033036578781
0.8442488120150524,0.15575118798494744,0.26865494633138165,0.7313450536686184,0.16012862694866742,0.8398713730513325,0.8914757050359156,0.10852429496408446,0.17523023343199773,0.8247697665680023,0.7407495016840538,0.25925049831594615,0.726350449042785,0.273649550957215,0.9259647962394816,0.07403520376051846,0.17451378598164335,0.8254862140183566,0.12492143325912462,0.8750785667408753
0.9273516095876987,0.07264839041230135,0.1486523250803847,0.8513476749196154,0.07754846679431457,0.9224515332056854,0.9474256495593778,0.05257435044062227,0.1085930440613067,0.8914069559386933,0.8620713477469143,0.1379286522530857,0.8561558567323739,0.14384414326762615,0.9666146008358929,0.0333853991641071,0.06619163044045619,0.9338083695595439,0.07746283770216968,0.9225371622978302
0.922843656770866,0.077156343229134,0.12003101133053865,0.8799689886694614,0.08045860767183746,0.9195413923281625,0.9569051987011694,0.043094801298830476,0.09610863437056619,0.903891365629434,0.8851186566476263,0.1148813433523737,0.8739744644286057,0.12602553557139443,0.9687851274369239,0.0312148725630761,0.07326191556576905,0.9267380844342309,0.06266987693248,0.93733012306752
0.9666847737679537,0.033315226232046406,0.05518954070815556,0.9448104592918445,0.036536560313286594,0.9634634396867134,0.9775005650523195,0.022499434947680558,0.04451203755412492,0.9554879624458751,0.9703273796652357,0.02967262033476433,0.9494810395316666,0.05051896046833342,0.9753350866997518,0.02466491330024814,0.023966621005974558,0.9760333789940254,0.024767914139439295,0.9752320858605606
0.1977604885959245,0.8022395114040755,0.8165172463645175,0.18348275363548247,0.7658880224022176,0.23411197759778235,0.3312083954806696,0.6687916045193304,0.6096673944154131,0.3903326055845869,0.19899054983260944,0.8010094501673906,0.2334014057187346,0.7665985942812653,0.29787677324679973,0.7021232267532002,0.7462280845382635,0.25377191546173655,0.7964550637265,0.20354493627350007
0.3121916345921448,0.6878083654078553,0.7889270684146881,0.211072931585312,0.7730346104006333,0.22696538959936666,0.31232317490341405,0.6876768250965859,0.6059534770231744,0.3940465229768257,0.20460650330574445,0.7953934966942555,0.2723294707081757,0.7276705292918242,0.32489388308139383,0.6751061169186061,0.6876656855122483,0.3123343144877518,0.5988822754203902,0.40111772457960987
0.613082653159831,0.3869173468401691,0.6181275264423634,0.3818724735576366,0.45390915837224305,0.5460908416277569,0.5711121397080544,0.4288878602919457,0.4379515682957654,0.5620484317042347,0.43986500194520445,0.5601349980547956,0.4974653767114246,0.5025346232885755,0.7138716024088667,0.2861283975911333,0.4712164806693849,0.5287835193306151,0.350458768546366,0.6495412314536341
0.8460152634929837,0.1539847365070162,0.1802033901198468,0.8197966098801532,0.169336865411125,0.8306631345888751,0.9092434109388339,0.09075658906116611,0.12670430065547947,0.8732956993445204,0.828654315522407,0.17134568447759296,0.8308273564330405,0.16917264356695957,0.9170296872643858,0.0829703127356141,0.16513368604924789,0.8348663139507521,0.11156768327560401,0.888432316724396
0.8722796150195,0.1277203849805001,0.15298045998575305,0.847019540014247,0.1512756736610302,0.8487243263389698,0.9333947181804972,0.06660528181950273,0.11969582963795791,0.8803041703620421,0.8459761446935846,0.15402385530641532,0.850177820256798,0.14982217974320192,0.9329909768664025,0.06700902313359751,0.1264939147208448,0.8735060852791552,0.08523783425354382,0.9147621657464562
0.775280156140784,0.22471984385921598,0.3044588802185601,0.69554111978144,0.39029114564322764,0.6097088543567725,0.7970798596671694,0.2029201403328306,0.2811196899812569,0.7188803100187431,0.6946527278869675,0.30534727211303253,0.6369834815083308,0.36301651849166905,0.7102061482657819,0.2897938517342182,0.27840113310174763,0.7215988668982525,0.16662115774592576,0.8333788422540742
0.8847979721745559,0.11520202782544404,0.140510404978797,0.8594895950212029,0.2043132786418266,0.7956867213581734,0.8422177685170597,0.1577822314829404,0.21703979235942947,0.7829602076405706,0.6894623453330749,0.310537654666925,0.7623913403383665,0.2376086596616335,0.8129675739400853,0.18703242605991463,0.1842917733179004,0.8157082266820995,0.10443477475655727,0.8955652252434428
0.8694745145419623,0.13052548545803774,0.1637326278495474,0.8362673721504527,0.2536903880868046,0.7463096119131954,0.8268805828288277,0.17311941717117216,0.2571335104127208,0.7428664895872792,0.7531470099634,0.24685299003660008,0.7602497429133582,0.23975025708664172,0.7805879798472296,0.2194120201527705,0.16889258834195334,0.8311074116580467,0.09483912987386739,0.9051608701261327
0.7484394664760334,0.2515605335239666,0.2612077271737739,0.7387922728262261,0.39419028668996475,0.6058097133100353,0.7387193011322477,0.2612806988677523,0.39470862473978724,0.6052913752602128,0.5408901996907328,0.45910980030926724,0.579458658374768,0.42054134162523205,0.6550460306655767,0.3449539693344234,0.3374765566291475,0.6625234433708524,0.18553636195207468,0.8144636380479253
0.8450937029341609,0.15490629706583908,0.19575377818154355,0.8042462218184565,0.2528764600178844,0.7471235399821157,0.815743962158103,0.18425603784189715,0.32155040230678344,0.6784495976932166,0.6559614506819459,0.3440385493180541,0.6717415347102675,0.3282584652897325,0.7898193127322625,0.2101806872677375,0.26155368981930055,0.7384463101806995,0.14321581462179733,0.8567841853782026
0.7758727525087652,0.22412724749123486,0.29542190595890094,0.7045780940410991,0.29333392148983256,0.7066660785101675,0.8175615925460775,0.18243840745392245,0.3732180642040466,0.6267819357959533,0.5743719689837854,0.4256280310162146,0.6020903476199504,0.3979096523800495,0.7950194387331275,0.20498056126687245,0.2757047112527983,0.7242952887472017,0.2600267619524172,0.7399732380475829
0.7843795666875858,0.21562043331241426,0.3306389349278046,0.6693610650721954,0.3090930973246225,0.6909069026753776,0.8338308034477488,0.1661691965522511,0.3489387049653926,0.6510612950346074,0.6233629708753159,0.3766370291246841,0.6114700760508902,0.3885299239491098,0.8035635074553024,0.19643649254469758,0.23313093277433672,0.7668690672256634,0.18542089423248984,0.8145791057675101
0.6757823029031829,0.32421769709681714,0.44940231756790316,0.5505976824320968,0.39927309987951515,0.6007269001204849,0.7136266400139405,0.28637335998605956,0.4357096619857951,0.5642903380142049,0.4855853487408827,0.5144146512591172,0.5237309643197517,0.4762690356802483,0.7452748000765707,0.25472519992342924,0.39831100389741714,0.6016889961025829,0.3027637625727323,0.6972362374272676
0.906927194760294,0.09307280523970583,0.15448276078837914,0.8455172392116208,0.11332539453232271,0.8866746054676773,0.9115108727167976,0.08848912728320237,0.14705214163308178,0.8529478583669183,0.8928773063267208,0.10712269367327922,0.890052913468389,0.10994708653161105,0.9284905837234975,0.07150941627650248,0.07360238235597874,0.9263976176440213,0.0638327605670012,0.9361672394329988
0.9115540067258812,0.08844599327411878,0.1661653433383919,0.833834656661608,0.07546552717013756,0.9245344728298623,0.88711540441487,0.11288459558512995,0.13941127429947095,0.860588725700529,0.8997990951071307,0.10020090489286934,0.8678699898267581,0.1321300101732418,0.9324324284179119,0.06756757158208816,0.08911560187856592,0.9108843981214341,0.07319089097176104,0.9268091090282389
0.8832819608366167,0.11671803916338318,0.21092589159452863,0.7890741084054714,0.09116170266817072,0.9088382973318293,0.8576205415051491,0.1423794584948509,0.15975407718772056,0.8402459228122795,0.8786584377384573,0.12134156226154262,0.852367081789644,0.14763291821035593,0.9280167122035633,0.07198328779643673,0.11398522879890824,0.8860147712010917,0.10684318043847296,0.893156819561527
0.9442417671371991,0.0557582328628009,0.12502740960707165,0.8749725903929284,0.060738858167112525,0.9392611418328874,0.9209576656060818,0.07904233439391828,0.10991203860151669,0.8900879613984833,0.9208093424296737,0.0791906575703262,0.9053578155569435,0.09464218444305651,0.9475847639243651,0.052415236075634926,0.05554956796103045,0.9444504320389695,0.05984440257080563,0.9401555974291943
0.9596657731967901,0.04033422680320983,0.09873978226294805,0.9012602177370519,0.05897646287260217,0.941023537127398,0.9218669664355931,0.07813303356440704,0.10836454275924322,0.8916354572407568,0.9318410805261118,0.06815891947388822,0.9258895124902281,0.07411048750977191,0.9551813048221247,0.044818695177875206,0.0582789354257507,0.9417210645742492,0.035385970701491166,0.9646140292985088
0.7899306314796535,0.2100693685203466,0.26284910511783044,0.7371508948821696,0.20584505402399347,0.7941549459760066,0.8024651689974902,0.19753483100250985,0.2257605519517473,0.7742394480482527,0.7392601948522948,0.26073980514770534,0.7261821638908494,0.27381783610915067,0.8088867414514471,0.191113258548553,0.21432792565934175,0.7856720743406583,0.2068128646146365,0.7931871353853635
0.8322108320629292,0.1677891679370708,0.25892882387673305,0.7410711761232669,0.19250567164147475,0.8074943283585252,0.828272363623647,0.17172763637635308,0.16911520964651872,0.8308847903534814,0.7793285033797098,0.22067149662029023,0.8001139048008227,0.19988609519917735,0.8810939039506807,0.1189060960493194,0.17954800469365526,0.8204519953063447,0.09419486882456801,0.905805131175432
0.5921938402322657,0.40780615976773427,0.516086166484493,0.4839138335155071,0.3515095729479593,0.6484904270520406,0.6892968812005841,0.310703118799416,0.33875471229300247,0.6612452877069975,0.5010792738652529,0.4989207261347471,0.5685625468117175,0.43143745318828247,0.778210983925399,0.22178901607460097,0.36819837739939054,0.6318016226006095,0.358179693570806,0.641820306429194
0.8666954461817785,0.1333045538182215,0.1854919506025694,0.8145080493974306,0.1518222816366642,0.8481777183633358,0.9172350080494901,0.08276499195050985,0.10166558392306912,0.8983344160769309,0.8136456707790445,0.18635432922095538,0.8054828280511763,0.19451717194882368,0.9152233337719582,0.08477666622804177,0.12638544387984416,0.8736145561201558,0.08081156913000008,0.91918843087
0.8520703720506708,0.14792962794932912,0.20753530353489355,0.7924646964651064,0.12999241621105628,0.8700075837889437,0.9066339865151113,0.09336601348488871,0.11389565560173709,0.8861043443982628,0.8236761952669786,0.1763238047330215,0.8101897950760962,0.1898102049239039,0.9384941432616223,0.06150585673837767,0.13062636961937316,0.8693736303806269,0.08910022629061982,0.9108997737093801
0.8914769797101814,0.10852302028981867,0.1388830362924624,0.8611169637075377,0.07698719175470195,0.9230128082452981,0.9318117647006846,0.0681882352993153,0.07487476054331,0.9251252394566899,0.914469169322701,0.08553083067729914,0.8976172597662683,0.1023827402337318,0.9600463258239583,0.039953674176041655,0.0806440725766136,0.9193559274233863,0.07829287768732537,0.9217071223126746
0.9323401067617267,0.06765989323827322,0.11697479428727844,0.8830252057127216,0.10886900016505041,0.8911309998349496,0.9458953776577794,0.05410462234222059,0.08384265379122333,0.9161573462087766,0.8918960960733447,0.10810390392665531,0.8615004392615797,0.13849956073842018,0.9222337518899151,0.07776624811008499,0.08091870152850049,0.9190812984714994,0.057421305756107724,0.9425786942438922
0.9436250042279579,0.05637499577204209,0.1031805534766123,0.8968194465233877,0.10582819191172645,0.8941718080882735,0.923565698007916,0.07643430199208404,0.1184824630139987,0.8815175369860013,0.8860760772360824,0.1139239227639176,0.8784970280220298,0.12150297197797028,0.9333079832583351,0.06669201674166486,0.09810015463079873,0.9018998453692013,0.03984168021655272,0.9601583197834472
0.9765840099729621,0.023415990027037953,0.02760678252355679,0.9723932174764433,0.03646049630054387,0.9635395036994561,0.9769630534310159,0.023036946568984182,0.052341024243132334,0.9476589757568676,0.9419778197246029,0.0580221802753971,0.936104795769628,0.06389520423037193,0.9606218021614091,0.039378197838590784,0.038799248819553676,0.9612007511804465,0.025572153795464948,0.9744278462045352
0.9050676096401928,0.09493239035980706,0.12270081417606518,0.8772991858239347,0.10861255300091445,0.8913874469990856,0.9318878973040244,0.06811210269597565,0.12694636410412846,0.8730536358958715,0.8290108304211454,0.17098916957885463,0.8173405339881923,0.18265946601180777,0.9337421699895727,0.06625783001042726,0.1218851757369372,0.8781148242630628,0.06967019507682773,0.9303298049231723
0.953251070365026,0.04674892963497397,0.07163143214767172,0.9283685678523284,0.05398129564271572,0.9460187043572843,0.9690041520044369,0.03099584799556307,0.08432423846388243,0.9156757615361175,0.9024362779274219,0.09756372207257809,0.9041886892195282,0.09581131078047188,0.9738260244090116,0.0261739755909884,0.04403239249924715,0.9559676075007528,0.03697252659146635,0.9630274734085337
0.9771081711719513,0.022891828828048667,0.04549479068372825,0.9545052093162718,0.03475163406126202,0.965248365938738,0.9759215811837763,0.024078418816223895,0.07007852135096548,0.9299214786490346,0.9354685212064415,0.06453147879355849,0.9299624367541465,0.07003756324585354,0.9774954725434374,0.02250452745656273,0.029342821308796622,0.9706571786912034,0.021891449751059215,0.9781085502489407
0.9069980935675376,0.0930019064324624,0.1084642941298689,0.8915357058701311,0.08524763815264426,0.9147523618473558,0.9548697307670071,0.04513026923299293,0.09606898132226153,0.9039310186777384,0.8715646169351435,0.12843538306485647,0.8388083537792566,0.16119164622074345,0.9430515371477184,0.05694846285228171,0.08033562120845747,0.9196643787915425,0.06067889438224612,0.9393211056177538
0.9481140886958148,0.051885911304185184,0.08319608144815624,0.9168039185518438,0.04221030465240533,0.9577896953475946,0.9471424463656041,0.05285755363439586,0.06066201616777028,0.9393379838322298,0.9485774370452043,0.0514225629547958,0.9492218387364076,0.050778161263592365,0.9747660338923567,0.025233966107643217,0.03816044886545722,0.9618395511345428,0.029511317766706804,0.9704886822332932
0.9668646632637207,0.03313533673627942,0.06838445006409848,0.9316155499359015,0.02371878373856209,0.9762812162614379,0.9619865104755667,0.0380134895244332,0.05515718797678418,0.9448428120232159,0.9638956328387895,0.036104367161210446,0.9553955973535201,0.04460440264648,0.9870309888179436,0.012969011182056457,0.02634278746943378,0.9736572125305661,0.026894415165135657,0.9731055848348643
0.9468382284377113,0.05316177156228873,0.08190975302547969,0.9180902469745204,0.03306920501938611,0.966930794980614,0.9558571786337888,0.04414282136621122,0.06318197932301499,0.936818020676985,0.9475616554873258,0.052438344512674165,0.9378648542304859,0.06213514576951407,0.9789573382900942,0.02104266170990579,0.038223782912587136,0.9617762170874129,0.0493368607380761,0.9506631392619238
0.972900829495402,0.027099170504598046,0.0543473447710606,0.9456526552289394,0.020365065846812296,0.9796349341531877,0.9722404466390524,0.027759553360947563,0.0433027342692714,0.9566972657307287,0.9729689754137092,0.027031024586290836,0.9595115924862038,0.040488407513796135,0.9867424814199676,0.013257518580032374,0.021096528892954332,0.9789034711070456,0.02051924754336403,0.979480752456636
0.9712679184811733,0.028732081518826648,0.05733550204196405,0.9426644979580361,0.01871155052363499,0.9812884494763651,0.9655973401906539,0.034402659809346085,0.04528937600990773,0.9547106239900923,0.9756178360444455,0.024382163955554436,0.9668552116893068,0.03314478831069328,0.9883572289897951,0.011642771010204937,0.02054967372631692,0.9794503262736831,0.021853163850493736,0.9781468361495064
0.799890142094918,0.20010985790508198,0.27664657513874574,0.7233534248612543,0.1275163986905236,0.8724836013094764,0.8464947153414796,0.1535052846585204,0.16009448284707564,0.8399055171529244,0.810620780861266,0.1893792191387341,0.7839733468487321,0.21602665315126787,0.8966365031886826,0.10336349681131735,0.1527167847821548,0.8472832152178451,0.213636938068091,0.7863630619319091
0.8063514449060861,0.19364855509391382,0.3369770995961868,0.6630229004038132,0.20178256255653654,0.7982174374434635,0.8125307431061451,0.18746925689385482,0.17514884713001805,0.8248511528699819,0.7805483533757193,0.2194516466242808,0.755433503783246,0.24456649621675405,0.8546048955487876,0.14539510445121234,0.16966362404184673,0.8303363759581532,0.13459710970977212,0.8654028902902279
0.915627395034025,0.08437260496597511,0.20347731749430092,0.7965226825056991,0.10082263865768533,0.8991773613423146,0.8828652004229846,0.1171347995770155,0.11552882532420286,0.8844711746757971,0.8765354438586077,0.12346455614139229,0.8713167259408884,0.12868327405911154,0.9486226048565881,0.05137739514341183,0.10839443146868905,0.8916055685313109,0.07132192809981894,0.9286780719001809
0.900459513892845,0.09954048610715512,0.10876749089630525,0.8912325091036949,0.07466738803157706,0.925332611968423,0.9485096339905672,0.05149036600943287,0.06127801878286546,0.9387219812171345,0.9066087593547202,0.0933912406452798,0.8769463742645008,0.12305362573549908,0.946021018662347,0.05397898133765309,0.08416866384173838,0.9158313361582617,0.09015597818772858,0.9098440218122714
0.2933402078804762,0.7066597921195238,0.7651911817385303,0.23480881826146985,0.6140992857845192,0.38590071421548083,0.4904822969069911,0.5095177030930089,0.49373481726755214,0.5062651827324479,0.30105302291046226,0.6989469770895377,0.3185021074183403,0.6814978925816597,0.5241760993791373,0.47582390062086266,0.6723988109009852,0.3276011890990147,0.711777540344617,0.28822245965538296
0.3221485729142794,0.6778514270857207,0.7944832707813915,0.20551672921860847,0.7494775128293938,0.2505224871706063,0.4726274039464193,0.5273725960535808,0.5272696808060815,0.4727303191939186,0.26131413218331306,0.738685867816687,0.26310679966192096,0.7368932003380791,0.3820719759251653,0.6179280240748347,0.6291359114211338,0.37086408857886627,0.6068779972571262,0.3931220027428739
0.44303920040584527,0.5569607995941547,0.7066933959648064,0.2933066040351935,0.614551083469859,0.385448916530141,0.4828598715143285,0.5171401284856715,0.5172631418400344,0.48273685815996553,0.26778090131041754,0.7322190986895826,0.33420100155881044,0.6657989984411895,0.5388668808067176,0.4611331191932823,0.621050890211181,0.37894910978881896,0.519478912511464,0.4805210874885359
0.6450245291233253,0.35497547087667475,0.3995059270565355,0.6004940729434646,0.3233276892224665,0.6766723107775335,0.7801742310790853,0.21982576892091468,0.22944534507043193,0.7705546549295681,0.6673058971442093,0.3326941028557907,0.6537305309158821,0.34626946908411804,0.8217661373291046,0.1782338626708955,0.33588341304039787,0.6641165869596022,0.27709184965812095,0.7229081503418789
0.18005594141110373,0.8199440585888963,0.8334677976871356,0.1665322023128643,0.7368754814869066,0.2631245185130933,0.3929632267911996,0.6070367732088003,0.5816045261989136,0.41839547380108644,0.24027062184290568,0.7597293781570943,0.25011072599161704,0.7498892740083829,0.3868680076748636,0.6131319923251364,0.7556978807093131,0.24430211929068682,0.8210743579929737,0.17892564200702632
0.1570565321390805,0.8429434678609194,0.876249386373446,0.12375061362655392,0.7834884685157645,0.21651153148423552,0.3095947364071073,0.6904052635928927,0.6151713237685412,0.38482867623145883,0.19003329780446382,0.8099667021955361,0.22792308066386366,0.7720769193361364,0.3538508526388002,0.6461491473611999,0.7965548299599471,0.2034451700400529,0.8048578628495167,0.19514213715048323
0.38103766577819403,0.6189623342218059,0.7224604249235642,0.2775395750764358,0.5252652468702002,0.47473475312979985,0.5188122752406481,0.48118772475935195,0.45745185988941245,0.5425481401105876,0.3693658393701233,0.6306341606298767,0.46029011461326474,0.5397098853867353,0.6797555597867208,0.3202444402132792,0.552592124492661,0.44740787550733885,0.6486878822444291,0.3513121177555709
0.4817325373348393,0.5182674626651608,0.5834777535487472,0.41652224645125274,0.46679739925241154,0.5332026007475885,0.6625252109968162,0.33747478900318384,0.30630398991767305,0.693696010082327,0.6104597639334253,0.3895402360665747,0.6038639341900517,0.39613606580994837,0.7091164183102108,0.2908835816897892,0.35919070212670323,0.6408092978732969,0.4213810285814477,0.5786189714185523
0.4518473654383011,0.5481526345616988,0.5830096542800777,0.4169903457199224,0.46305009479940445,0.5369499052005956,0.5706771245284589,0.4293228754715411,0.3310070138457624,0.6689929861542375,0.5593471551917845,0.4406528448082156,0.6090010470705848,0.3909989529294153,0.7077577558350149,0.2922422441649851,0.4487921385597642,0.5512078614402358,0.432113025565584,0.5678869744344159
0.7030702089143407,0.2969297910856593,0.3102612869381438,0.6897387130618562,0.2626862651882257,0.7373137348117742,0.7759990923472718,0.2240009076527281,0.1876036849951046,0.8123963150048953,0.7724159950828058,0.22758400491719422,0.8101238124503891,0.1898761875496109,0.8557814635991058,0.14421853640089424,0.22358465308598316,0.7764153469140169,0.22517520000381197,0.774824799996188
0.9130330151401096,0.08696698485989046,0.11738800342242914,0.8826119965775708,0.14145033778272878,0.8585496622172714,0.920230442861401,0.07976955713859891,0.10473127715576251,0.8952687228442374,0.8654858645928507,0.1345141354071493,0.9008510647865968,0.09914893521340318,0.9178358306704655,0.08216416932953449,0.0952421634957191,0.904757836504281,0.07983833251365212,0.9201616674863479
0.3675421988086505,0.6324578011913494,0.5755122485417979,0.42448775145820195,0.6415069378617144,0.3584930621382857,0.5448587107463769,0.45514128925362296,0.468468941103899,0.531531058896101,0.2970638235345138,0.7029361764654862,0.39948031554181435,0.6005196844581857,0.48150994523508056,0.5184900547649195,0.567659830303298,0.4323401696967019,0.5976648870952066,0.40233511290479346
0.6599120158544556,0.34008798414554436,0.38567270835091233,0.6143272916490877,0.4063422293777638,0.5936577706222362,0.6852706095231512,0.31472939047684884,0.3509801344141219,0.6490198655858781,0.5129963752738216,0.4870036247261785,0.6357902877877714,0.3642097122122286,0.7308561121953433,0.26914388780465676,0.33188378147365477,0.6681162185263452,0.2717338337101385,0.7282661662898615
0.8251789834421837,0.1748210165578163,0.2399771918228358,0.7600228081771643,0.24646152556759096,0.7535384744324091,0.8508533695830848,0.14914663041691512,0.2520872214599617,0.7479127785400383,0.7316487877812206,0.26835121221877944,0.7604793556331545,0.23952064436684542,0.859364160723671,0.14063583927632903,0.17050701392767273,0.8294929860723272,0.13693694826684089,0.8630630517331592
0.909805548926059,0.09019445107394106,0.07996926874087046,0.9200307312591295,0.12284304010737089,0.8771569598926291,0.9471038517371388,0.05289614826286103,0.11519204603564631,0.8848079539643536,0.8447805771516098,0.15521942284839021,0.8582583846048428,0.14174161539515726,0.9213102282922108,0.07868977170778937,0.10572562657576447,0.8942743734242355,0.0523282635882126,0.9476717364117874
0.8783884883885265,0.12161151161147349,0.13790401400375824,0.8620959859962418,0.21717141217375666,0.7828285878262433,0.8881075695133662,0.11189243048663362,0.2022961404751517,0.7977038595248483,0.788384423899195,0.21161557610080498,0.7800536315757387,0.21994636842426124,0.835158839694926,0.1648411603050741,0.1512488403378831,0.848751159662117,0.07854341589285886,0.921456584107141
0.7117996595275655,0.2882003404724345,0.28859856236582015,0.7114014376341798,0.39975308654136865,0.6002469134586313,0.778779659648005,0.221220340351995,0.3421310611478483,0.6578689388521518,0.5595892518815786,0.4404107481184214,0.5640576476605583,0.43594235233944173,0.6780268065815139,0.32197319341848607,0.33344664441412203,0.666553355585878,0.1892004729828853,0.8107995270171148
0.8881640314392906,0.11183596856070953,0.15940480707937335,0.8405951929206267,0.1689451764733312,0.8310548235266687,0.8550301726944018,0.14496982730559824,0.23311601159249454,0.7668839884075055,0.7225742785432777,0.27742572145672234,0.7822021361500489,0.21779786384995112,0.8836817544565096,0.11631824554349023,0.18369917112999573,0.8163008288700043,0.1128340098253152,0.8871659901746847
0.9362618375794733,0.06373816242052671,0.10043506397678514,0.8995649360232149,0.07010316312552364,0.9298968368744762,0.9514300181812567,0.048569981818743335,0.13316808554712933,0.8668319144528707,0.8651563567085258,0.13484364329147427,0.863920639288747,0.13607936071125304,0.9579804096639715,0.04201959033602844,0.06200128774634808,0.9379987122536518,0.0688616254070979,0.931138374592902
0.9398751527115988,0.06012484728840106,0.1091430674481661,0.8908569325518338,0.06977976732497437,0.9302202326750256,0.9576630189546962,0.0423369810453037,0.11340980660883768,0.8865901933911622,0.8909141160177286,0.1090858839822714,0.8727396929278548,0.12726030707214522,0.9635275099671251,0.03647249003287488,0.054414580012305355,0.9455854199876945,0.04911933866769633,0.9508806613323038
0.9348578210517032,0.06514217894829677,0.13381875380183889,0.8661812461981612,0.07367398423517235,0.9263260157648276,0.9402825533290069,0.059717446670993074,0.12292302172423054,0.8770769782757694,0.8789012027979588,0.12109879720204134,0.8602960397478445,0.1397039602521556,0.9605911525394775,0.039408847460522575,0.07604161220947302,0.9239583877905271,0.060707541220626035,0.9392924587793738
0.9749554832049067,0.025044516795093237,0.0608645751820146,0.9391354248179853,0.030843835144198903,0.969156164855801,0.9652378803392178,0.0347621196607823,0.060388229293858085,0.9396117707061419,0.9701233772969773,0.02987662270302276,0.9517793147131174,0.048220685286882656,0.9706084825309998,0.02939151746900008,0.02363642419654931,0.9763635758034506,0.022984078032634733,0.9770159219673653
0.9749301949053633,0.02506980509463679,0.061742582283391134,0.938257417716609,0.02933579300206088,0.9706642069979392,0.9491277264989786,0.050872273501021484,0.06812637030646267,0.9318736296935373,0.9608457910607975,0.03915420893920254,0.9532085979143892,0.04679140208561092,0.9734146460710111,0.026585353928988843,0.03447965270625143,0.9655203472937487,0.02269318217245507,0.9773068178275448
0.9733244195984554,0.026675580401544607,0.05258934436415497,0.9474106556358451,0.025726615237919897,0.9742733847620801,0.9578718149606817,0.042128185039318186,0.06033433819850635,0.9396656618014936,0.9633015557485765,0.0366984442514236,0.954492467274464,0.04550753272553589,0.9737341003407826,0.026265899659217332,0.031699875372997496,0.9683001246270024,0.027853891213478563,0.9721461087865214
0.8677541229104831,0.1322458770895169,0.2012109032559075,0.7987890967440925,0.09454487227573379,0.9054551277242663,0.8872100878285243,0.1127899121714756,0.13681721099764668,0.8631827890023533,0.8343796989926857,0.16562030100731417,0.8330165469757231,0.1669834530242768,0.9348804512617779,0.06511954873822211,0.11650791613659206,0.8834920838634079,0.13714342283029898,0.8628565771697011
0.9300962774765613,0.0699037225234387,0.144020610822335,0.8559793891776649,0.05480492784780376,0.9451950721521961,0.9290581424447046,0.0709418575552953,0.09821423287347963,0.9017857671265204,0.9060271640022627,0.09397283599773738,0.8973716875636969,0.1026283124363031,0.9678382516760381,0.03216174832396188,0.05455003154531421,0.9454499684546857,0.060522163662507115,0.9394778363374928
0.909955168467818,0.09004483153218211,0.2089030034289553,0.7910969965710447,0.15897828365585717,0.8410217163441428,0.8871990855358808,0.11280091446411933,0.16385600276566673,0.8361439972343333,0.8258430482781661,0.17415695172183393,0.7973807132652336,0.20261928673476629,0.8835273539547657,0.11647264604523427,0.11719545818770487,0.8828045418122952,0.08773427495636532,0.9122657250436347
0.2198743411283503,0.7801256588716496,0.7984753974602498,0.20152460253975024,0.8030939799763688,0.19690602002363125,0.33853976572643374,0.6614602342735663,0.6400644989567844,0.3599355010432156,0.16035806089633844,0.8396419391036616,0.19112364027993017,0.8088763597200698,0.2575263614782892,0.7424736385217108,0.7633242700946785,0.23667572990532135,0.7205882897805278,0.27941171021947214
0.39330849162134807,0.6066915083786519,0.7303070383882118,0.26969296161178824,0.6732430417913761,0.326756958208624,0.3862896971708018,0.6137103028291983,0.534747822833147,0.46525217716685296,0.3088324009739983,0.6911675990260018,0.3323617794552913,0.6676382205447088,0.4398759746811185,0.5601240253188815,0.648308724213476,0.35169127578652404,0.4739392740019947,0.5260607259980054
0.742532886129495,0.2574671138705051,0.4276498396516508,0.5723501603483491,0.2587067447916518,0.7412932552083483,0.8150496654644436,0.1849503345355564,0.21197244466129958,0.7880275553387004,0.6909832169488872,0.30901678305111274,0.6656866139285065,0.33431338607149347,0.8861655684504123,0.11383443154958775,0.27749391212590735,0.7225060878740927,0.210221828230494,0.789778171769506
0.9434159890705475,0.056584010929452554,0.07851819531349931,0.9214818046865008,0.08418444321976629,0.9158155567802337,0.9664926445454861,0.03350735545451373,0.07015380915208277,0.9298461908479172,0.9100505646858397,0.08994943531416034,0.9022807294715882,0.09771927052841181,0.955687099431887,0.04431290056811297,0.06739140110759215,0.9326085988924079,0.047007552265137316,0.9529924477348626
0.11476786454735258,0.8852321354526475,0.87009176174418,0.12990823825581987,0.8883926644178735,0.11160733558212661,0.2648855289853905,0.7351144710146095,0.7490054997815825,0.2509945002184175,0.08845192750739717,0.911548072492603,0.11972981277212649,0.8802701872278735,0.1597774006916881,0.8402225993083119,0.8712358061502541,0.12876419384974586,0.9040613012384074,0.09593869876159256
0.16740063580120224,0.8325993641987978,0.8973681553473002,0.10263184465269981,0.8907682859164078,0.10923171408359228,0.22130657859438715,0.7786934214056128,0.752067593984349,0.24793240601565109,0.11605611308916795,0.8839438869108321,0.12939142825811847,0.8706085717418816,0.16947556856066623,0.8305244314393339,0.8306364331485383,0.16936356685146162,0.742450722190023,0.25754927780997705
0.3260433956369336,0.6739566043630665,0.8153963313923079,0.1846036686076921,0.6950909463421959,0.304909053657804,0.36050576250420097,0.639494237495799,0.6397814543220475,0.36021854567795253,0.18771596119859987,0.8122840388014002,0.28005995109249504,0.719940048907505,0.46962953906930394,0.5303704609306961,0.7057910886995269,0.2942089113004731,0.6958038192938878,0.3041961807061122
0.3592255521077038,0.6407744478922962,0.6882561742986554,0.3117438257013446,0.5688292362727355,0.43117076372726443,0.5374363638089239,0.46256363619107604,0.4540027679866349,0.545997232013365,0.4011939345569323,0.5988060654430677,0.4185677114512715,0.5814322885487285,0.6424948431411516,0.35750515685884837,0.6281468361744945,0.37185316382550554,0.556566262023838,0.443433737976162
0.24876153356265185,0.7512384664373482,0.7657680569200545,0.2342319430799455,0.6474924550785098,0.35250754492149006,0.4709751869701019,0.5290248130298981,0.5161186773412626,0.48388132265873735,0.3299020001200343,0.6700979998799657,0.3577944615881613,0.6422055384118386,0.5329183768613135,0.4670816231386865,0.6676221937229055,0.33237780627709446,0.7366089269270486,0.2633910730729514
0.19559415909226438,0.8044058409077356,0.8410752827314467,0.1589247172685533,0.7565561528519701,0.24344384714802983,0.36716241941598354,0.6328375805840165,0.5466449179984343,0.4533550820015658,0.29314990881933406,0.706850091180666,0.3004093907118717,0.6995906092881282,0.39765658904389334,0.6023434109561066,0.697583649223995,0.302416350776005,0.7242908232549472,0.27570917674505274
0.4510783170082036,0.5489216829917963,0.6325360450188463,0.36746395498115364,0.46445088642248566,0.5355491135775143,0.535243256129524,0.4647567438704761,0.3847985215762176,0.6152014784237825,0.4530328342147963,0.5469671657852038,0.5633446397778544,0.4366553602221455,0.713801554967565,0.286198445032435,0.4745350029864179,0.5254649970135822,0.5102984238968815,0.48970157610311854
0.6581248388331875,0.3418751611668125,0.4049547358810018,0.5950452641189983,0.43558486150862447,0.5644151384913755,0.6926812623647198,0.30731873763528017,0.27795673011653516,0.7220432698834649,0.6731098345241803,0.3268901654758198,0.6940786502413748,0.3059213497586253,0.7019957653646433,0.29800423463535664,0.2833732202347793,0.7166267797652208,0.2639956599193914,0.7360043400806086
0.06213748537488635,0.9378625146251136,0.9182026316261059,0.08179736837389397,0.9427062260567735,0.05729377394322658,0.11300116256231413,0.8869988374376859,0.8223228406812608,0.1776771593187392,0.05186187659958607,0.9481381234004139,0.09362666818721212,0.9063733318127879,0.08827779855765713,0.911722201442343,0.9189287854143616,0.08107121458563843,0.9180702428561589,0.08192975714384121
0.18029905646187058,0.8197009435381294,0.8368646027070225,0.16313539729297746,0.8658585359019801,0.1341414640980198,0.2157632610575551,0.7842367389424448,0.7055583091916791,0.29444169080832094,0.13758667551222242,0.8624133244877776,0.20185969624816288,0.7981403037518371,0.2252723297296512,0.7747276702703487,0.8183931078165875,0.18160689218341255,0.7275622110739269,0.2724377889260731
0.647514866048225,0.3524851339517751,0.47197268716461255,0.5280273128353874,0.39318902590911525,0.6068109740908847,0.7111753845578133,0.2888246154421868,0.3526991789404313,0.6473008210595687,0.4813950822733827,0.5186049177266173,0.6020424554593962,0.3979575445406037,0.8082849312887658,0.19171506871123414,0.37394939473022937,0.6260506052697706,0.32127035263191434,0.6787296473680856
0.7427199733340918,0.25728002666590816,0.26301695237432704,0.7369830476256729,0.38909499017011756,0.6109050098298825,0.8158196465948627,0.18418035340513733,0.2785365842119526,0.7214634157880475,0.6713484923392569,0.3286515076607431,0.6763994442679994,0.32360055573200064,0.73620735258976,0.2637926474102401,0.2621393459542555,0.7378606540457445,0.18178373556867597,0.8182162644313241
0.8236957226689993,0.17630427733100068,0.2025546352689841,0.7974453647310159,0.30257057554150807,0.697429424458492,0.8092904261464812,0.19070957385351892,0.2970075046977689,0.7029924953022311,0.7006803149351523,0.29931968506484774,0.726679942743504,0.27332005725649605,0.7946356489080005,0.20536435109199952,0.24882950522496367,0.7511704947750364,0.13445373903520988,0.8655462609647903
0.556852193437386,0.44314780656261404,0.3926016425796709,0.607398357420329,0.546526954009285,0.453473045990715,0.6925651721505706,0.3074348278494295,0.42404805815885976,0.5759519418411403,0.4819604251766119,0.518039574823388,0.48367639797888856,0.5163236020211114,0.543489619065937,0.456510380934063,0.42891818158122635,0.5710818184187737,0.4392557057305554,0.5607442942694446
0.7052883418912442,0.29471165810875577,0.4037524580399642,0.5962475419600357,0.3927164111568033,0.6072835888431967,0.6742961920877458,0.3257038079122541,0.4471952484363419,0.552804751563658,0.44841873577459956,0.5515812642254003,0.5363684056676801,0.4636315943323198,0.7337137717414641,0.26628622825853576,0.43255869238260314,0.5674413076173969,0.32105030609608726,0.6789496939039127
0.8729418924875694,0.12705810751243055,0.1783424434833325,0.8216575565166675,0.1520694252856935,0.8479305747143066,0.9168682349077729,0.08313176509222713,0.20594584625555237,0.7940541537444477,0.7790752627537874,0.22092473724621253,0.8025232904129915,0.19747670958700844,0.9218134274388394,0.07818657256116063,0.10530890106941308,0.8946910989305868,0.13305217315258636,0.8669478268474137
0.7840100992068908,0.21598990079310917,0.2889959823372652,0.7110040176627347,0.3760832116273245,0.6239167883726755,0.7995529860502515,0.20044701394974854,0.35314032861324374,0.6468596713867562,0.6191306607755301,0.3808693392244698,0.614462589346913,0.385537410653087,0.7180197814727891,0.28198021852721084,0.2674428229595257,0.7325571770404744,0.1906871105197424,0.8093128894802576
0.7811186981713822,0.21888130182861767,0.25081969647545554,0.7491803035245443,0.3609899769068287,0.6390100230931713,0.7833890320116959,0.21661096798830412,0.3407726888582523,0.6592273111417477,0.6287729346227717,0.37122706537722827,0.6153766575118124,0.3846233424881876,0.7080737182445831,0.29192628175541696,0.30485806601828563,0.6951419339817144,0.13416087704141375,0.8658391229585863
0.9495776901554778,0.050422309844522326,0.08793376293853541,0.9120662370614647,0.10587054775769912,0.8941294522423008,0.9082150234684785,0.09178497653152144,0.14773202486416656,0.8522679751358334,0.8916521781235183,0.10834782187648169,0.8785545584788037,0.12144544152119635,0.9042246307967282,0.09577536920327184,0.08901792964985691,0.9109820703501431,0.03844448498838152,0.9615555150116185
0.35746194930547326,0.6425380506945267,0.6501786142581388,0.34982138574186117,0.7236796204209952,0.2763203795790048,0.4255651444052791,0.574434855594721,0.6468671985090387,0.35313280149096116,0.2136217246231522,0.7863782753768478,0.2370844777021601,0.76291552229784,0.30874888863917127,0.6912511113608287,0.7081713754773092,0.29182862452269076,0.6487283818647905,0.3512716181352095
0.43608787102393626,0.5639121289760638,0.6979137179607025,0.3020862820392975,0.6787901755181086,0.32120982448189145,0.3776453129735004,0.6223546870264995,0.6927399952655481,0.30726000473445203,0.22361759793780933,0.7763824020621907,0.27366018528834707,0.7263398147116529,0.411594120854487,0.588405879145513,0.7076459781462938,0.2923540218537062,0.5544857817658494,0.44551421823415066
0.40521689322351245,0.5947831067764876,0.7180493509311708,0.2819506490688293,0.628365603083705,0.371634396916295,0.47564291709225787,0.5243570829077421,0.6365300303680166,0.3634699696319833,0.2570907590083453,0.7429092409916547,0.34514883654045025,0.6548511634595496,0.5452924478715798,0.45470755212842007,0.6105344395348435,0.38946556046515646,0.6843579648209751,0.315642035179025
0.2869290098797773,0.7130709901202227,0.8334105724606169,0.1665894275393832,0.8075401804332336,0.1924598195667664,0.36974260601065734,0.6302573939893427,0.6844449062026314,0.3155550937973686,0.2205298613507816,0.7794701386492184,0.19104430520781007,0.8089556947921899,0.29113964197922554,0.7088603580207744,0.7057478353050161,0.29425216469498394,0.6191933623829641,0.38080663761703604
0.2925658245407203,0.7074341754592797,0.8114810509504138,0.1885189490495862,0.7490491379276991,0.2509508620723009,0.2876545436917997,0.7123454563082003,0.6788781302428704,0.32112186975712964,0.25099800928904265,0.7490019907109574,0.22824742456379496,0.771752575436205,0.34525135929952755,0.6547486407004723,0.778327982771981,0.22167201722801888,0.5913724653492477,0.40862753465075236
0.7716609057219462,0.22833909427805368,0.3332707370026939,0.6667292629973062,0.34677681348641026,0.6532231865135898,0.7062773767289625,0.2937226232710375,0.28735401724901083,0.7126459827509891,0.7366124317544896,0.2633875682455103,0.7009074484273523,0.29909255157264775,0.7221119848781551,0.27788801512184497,0.2642223487923811,0.7357776512076188,0.18642156102344784,0.8135784389765522
0.867934481178279,0.13206551882172096,0.2081726337311549,0.7918273662688451,0.2482538110663179,0.7517461889336821,0.7954697449756815,0.20453025502431849,0.23792871730434134,0.7620712826956586,0.7553754425648371,0.24462455743516287,0.77004045670854,0.22995954329145998,0.8194449627256104,0.1805550372743896,0.23092442611997738,0.7690755738800227,0.11725964661128661,0.8827403533887133
0.8823830707719186,0.11761692922808134,0.11965589145240338,0.8803441085475966,0.19198058225790235,0.8080194177420977,0.9032981013714744,0.09670189862852561,0.164791007100351,0.8352089928996491,0.8002103618556651,0.1997896381443349,0.8143523745876023,0.18564762541239777,0.8578382694561871,0.14216173054381295,0.16609168028105742,0.8339083197189425,0.10234971074005653,0.8976502892599434
0.9660032985763308,0.03399670142366925,0.047920492046036635,0.9520795079539635,0.06390925268589566,0.9360907473141044,0.946693322609962,0.053306677390038075,0.11840316796067914,0.8815968320393208,0.8975237403971995,0.1024762596028004,0.9188192115003859,0.08118078849961395,0.9447176205936081,0.055282379406391864,0.05340724036900998,0.94659275963099,0.02913192529086659,0.9708680747091335
0.902640718717534,0.09735928128246589,0.11347831808190535,0.8865216819180947,0.12360413995449826,0.8763958600455017,0.9083213905619126,0.09167860943808734,0.20204118106468638,0.7979588189353137,0.7991585391432676,0.20084146085673235,0.8127797489129978,0.18722025108700216,0.8935923055216397,0.10640769447836024,0.10981718658614553,0.8901828134138545,0.07925792246739377,0.9207420775326062
0.8812025919304178,0.1187974080695822,0.18609817450958768,0.8139018254904123,0.15527832520826457,0.8447216747917354,0.8568751568446584,0.14312484315534157,0.26472581646035964,0.7352741835396404,0.742458602427768,0.25754139757223204,0.7813233949385258,0.21867660506147438,0.8985117009252188,0.10148829907478128,0.16240238061705786,0.8375976193829421,0.11729372882677952,0.8827062711732205
0.9142922559778629,0.085707744022137,0.13991383230807894,0.860086167691921,0.13652923280077242,0.8634707671992276,0.9251810790213687,0.07481892097863138,0.17836327895073054,0.8216367210492693,0.8473384223071754,0.15266157769282468,0.8236847224093772,0.17631527759062288,0.8993920013934408,0.10060799860655913,0.08181685760085836,0.9181831423991417,0.0795424690139023,0.9204575309860978
0.44313370485518094,0.556866295144819,0.6015052568184981,0.39849474318150196,0.6296272356643282,0.37037276433567184,0.5328694859039601,0.46713051409604,0.5556850867351615,0.4443149132648386,0.293472708962478,0.706527291037522,0.35226269597246573,0.6477373040275343,0.4802449001156482,0.5197550998843518,0.5643855558321961,0.4356144441678038,0.44027763307780493,0.559722366922195
0.6415532302228796,0.35844676977712037,0.41254850100429524,0.5874514989957048,0.5237216358780837,0.47627836412191626,0.634850266165314,0.365149733834686,0.40212132587253907,0.597878674127461,0.4854797971779657,0.5145202028220344,0.5351836726073639,0.4648163273926362,0.5950161013851617,0.4049838986148383,0.4173485161523132,0.5826514838476868,0.21694826776833062,0.7830517322316694
0.47465506707916116,0.5253449329208388,0.6248049426827214,0.3751950573172786,0.5891518160414144,0.41084818395858547,0.5539131598715923,0.44608684012840777,0.5062559883448309,0.4937440116551692,0.32968145612445415,0.6703185438755459,0.33613444459785224,0.6638655554021478,0.5209783467353228,0.4790216532646771,0.5736637334413204,0.42633626655867973,0.3803691695261301,0.61963083047387
0.8307439103450088,0.16925608965499123,0.2603207579252454,0.7396792420747546,0.2929937629933112,0.7070062370066887,0.7904351083197831,0.20956489168021686,0.25555983453362435,0.7444401654663757,0.6774185297065317,0.3225814702934683,0.6717825525641047,0.32821744743589526,0.7690312300481043,0.23096876995189572,0.2698272305485085,0.7301727694514916,0.10801979668580554,0.8919802033141944
0.9633332113637628,0.03666678863623724,0.09175759933022178,0.9082424006697781,0.07003468279460165,0.9299653172053983,0.9353890846592587,0.06461091534074129,0.12785758116434515,0.8721424188356549,0.8879985295647815,0.11200147043521852,0.8631964265163067,0.13680357348369343,0.9437442041785323,0.05625579582146776,0.08304335127852774,0.9169566487214722,0.033493615494555505,0.9665063845054446
0.9690468917895672,0.030953108210432824,0.055321629833203496,0.9446783701667966,0.0641621948901291,0.9358378051098709,0.9564555976514089,0.04354440234859108,0.09765017654460767,0.9023498234553923,0.9348802069384701,0.0651197930615299,0.9055631675917599,0.09443683240824001,0.9395453027258025,0.060454697274197416,0.05385387554707571,0.9461461244529243,0.02388114643608434,0.9761188535639157
0.29653162916949516,0.7034683708305047,0.7129839886814952,0.28701601131850485,0.7881227852562169,0.21187721474378315,0.3498156035887367,0.6501843964112634,0.6983084374705654,0.3016915625294345,0.16184185171967344,0.8381581482803265,0.1869874902584096,0.8130125097415903,0.22329303532125977,0.7767069646787401,0.7619200376759369,0.2380799623240631,0.7399202682088245,0.2600797317911754
0.3391981142198626,0.6608018857801373,0.7226801605685927,0.2773198394314073,0.8366358527694231,0.16336414723057696,0.2846762689275062,0.7153237310724938,0.7181735571723903,0.28182644282760966,0.1963373378629384,0.8036626621370616,0.2139823256803281,0.7860176743196718,0.1856631647555601,0.8143368352444398,0.7355593664520663,0.2644406335479337,0.572018835305462,0.42798116469453795
0.4174665421177651,0.5825334578822348,0.6857858787652004,0.3142141212347997,0.7646460322863697,0.2353539677136302,0.31628320543811805,0.6837167945618818,0.7280081115466215,0.2719918884533785,0.1920784957515994,0.8079215042484007,0.2433067928925112,0.7566932071074888,0.27697729143760474,0.7230227085623953,0.7300642846351327,0.2699357153648672,0.5679821166197973,0.4320178833802028
0.7125108003655256,0.28748919963447434,0.31282062258598725,0.6871793774140128,0.49950658498539663,0.5004934150146034,0.6569911609904238,0.34300883900957624,0.44359086403214637,0.5564091359678537,0.5399785452377417,0.46002145476225825,0.5223494364477922,0.47765056355220775,0.5485904467876691,0.45140955321233095,0.423045098058607,0.576954901941393,0.20788887481095472,0.7921111251890454
0.7815653887857306,0.21843461121426946,0.26019107047268375,0.7398089295273163,0.3908432812321892,0.6091567187678109,0.7350525322708428,0.2649474677291572,0.4066096332061254,0.5933903667938747,0.6198102974758434,0.3801897025241566,0.5937478993862871,0.40625210061371286,0.6651443776366792,0.3348556223633207,0.3472610668018106,0.6527389331981893,0.17956736077566832,0.8204326392243316
0.4585455231492491,0.5414544768507509,0.5131488349927955,0.4868511650072045,0.7035816145136647,0.29641838548633537,0.5079577769755038,0.4920422230244962,0.6150753016704341,0.3849246983295659,0.31802968378956703,0.6819703162104329,0.28720361339625183,0.7127963866037482,0.3110911521476113,0.6889088478523886,0.6501868199646642,0.3498131800353358,0.5266116033594631,0.4733883966405368
0.7634532730947502,0.23654672690524978,0.32733438889335953,0.6726656111066405,0.4170009414989353,0.5829990585010646,0.6496564798872665,0.3503435201127335,0.49853950115402956,0.5014604988459704,0.4686242897521948,0.5313757102478052,0.5121342536132262,0.4878657463867739,0.6117157844927178,0.38828421550728226,0.4016086274295027,0.5983913725704972,0.24841210144069029,0.7515878985593097
0.6903300594319602,0.30966994056803965,0.3997093522518676,0.6002906477481323,0.4344245564927795,0.5655754435072204,0.6899400101214508,0.31005998987854916,0.5235853252603255,0.4764146747396745,0.4693469491856903,0.5306530508143098,0.50162198035608,0.49837801964392,0.6470090982074086,0.3529909017925913,0.3694089876907897,0.6305910123092102,0.32280192414340425,0.6771980758565956
0.4586138487034761,0.5413861512965239,0.6332414031284268,0.36675859687157314,0.6382911250752278,0.3617088749247722,0.4496973294786716,0.5503026705213284,0.6752906612566739,0.32470933874332597,0.2868288188382925,0.7131711811617075,0.3199284963594108,0.6800715036405892,0.45892148247019465,0.5410785175298054,0.664435581806953,0.335564418193047,0.5692580504176018,0.43074194958239825
0.439277319308216,0.560722680691784,0.6666515740721259,0.333348425927874,0.6009877585608674,0.39901224143913255,0.4985993490353919,0.5014006509646082,0.6188566842680748,0.38114331573192517,0.3628846971999854,0.6371153028000146,0.3822152686410227,0.6177847313589773,0.548080817143281,0.451919182856719,0.5727271570932435,0.42727284290675643,0.5727358896915801,0.42726411030841993
0.4754263293152786,0.5245736706847214,0.6471345523728542,0.35286544762714583,0.48359903568652673,0.5164009643134733,0.49021978697087437,0.5097802130291257,0.5300671446855997,0.46993285531440027,0.5001900420295873,0.4998099579704128,0.49093542672937796,0.509064573270622,0.6096480382786756,0.39035196172132436,0.46309276506043634,0.5369072349395636,0.5131643292957137,0.48683567070428635
0.2888754180266034,0.7111245819733966,0.783864850924638,0.216135149075362,0.8039630843724436,0.19603691562755632,0.2634074957652743,0.7365925042347257,0.6829589396488845,0.3170410603511154,0.2628132538776616,0.7371867461223385,0.257479500180672,0.7425204998193279,0.2412847478837072,0.7587152521162928,0.7071693989963375,0.29283060100366254,0.6759405430336733,0.32405945696632654
0.07979644413194337,0.9202035558680567,0.9187883235078796,0.08121167649212038,0.9387537098772154,0.06124629012278467,0.07531359549036652,0.9246864045096335,0.8651721147454372,0.13482788525456282,0.07353252286081087,0.9264674771391891,0.10058813195257683,0.8994118680474231,0.07181961146602292,0.9281803885339772,0.9199924392486952,0.08000756075130469,0.8962347886616384,0.10376521133836147
0.122324749064347,0.8776752509356529,0.8952685897780357,0.10473141022196428,0.8837124762632056,0.11628752373679432,0.10000446365703816,0.8999955363429618,0.8228600443922351,0.1771399556077648,0.1262758013654525,0.8737241986345476,0.16664601350654623,0.8333539864934538,0.15637313704346564,0.8436268629565344,0.8968041051277095,0.1031958948722906,0.8694579713270996,0.13054202867290043
0.25782487063242737,0.7421751293675727,0.794998990010487,0.20500100998951296,0.7430362834854778,0.25696371651452227,0.30503090982286546,0.6949690901771346,0.6651442990732385,0.33485570092676153,0.2598501104460333,0.7401498895539668,0.27018025974716836,0.7298197402528316,0.35376648630119933,0.6462335136988007,0.7374974219285241,0.2625025780714759,0.7142517238334066,0.2857482761665934
0.22005760253954826,0.7799423974604517,0.8100813476324409,0.1899186523675592,0.8720436214007742,0.12795637859922596,0.23165337820629944,0.7683466217937005,0.7345911012797544,0.2654088987202456,0.1753650239745377,0.8246349760254623,0.18352878316534926,0.8164712168346508,0.20157157445881219,0.7984284255411879,0.8073415587022562,0.19265844129774376,0.6996379083528825,0.30036209164711747
0.15463759997764387,0.8453624000223562,0.7831887244565188,0.21681127554348115,0.9020305707547741,0.09796942924522598,0.17663741984909234,0.8233625801509077,0.793710567722098,0.20628943227790206,0.10204581325207723,0.8979541867479228,0.13391888259617563,0.8660811174038243,0.14441513594380886,0.8555848640561913,0.8741685024300415,0.1258314975699585,0.7525195306783956,0.24748046932160436
0.061211862146636334,0.9387881378533636,0.9387383324230698,0.06126166757693025,0.9481311414262209,0.05186885857377911,0.1011285845445426,0.8988714154554575,0.8822165177094817,0.11778348229051816,0.062241891321670385,0.9377581086783296,0.08560115098808187,0.914398849011918,0.09372180965595892,0.906278190344041,0.9330058971384352,0.06699410286156476,0.9400823739402818,0.059917626059718176
0.12702325232655812,0.8729767476734418,0.8939227421454204,0.10607725785457965,0.8837414640951752,0.1162585359048248,0.23859901457141489,0.7614009854285851,0.7429201078171007,0.2570798921828993,0.09430075423765659,0.9056992457623433,0.16400226271430707,0.8359977372856928,0.23806012670730675,0.7619398732926933,0.8437518637636028,0.15624813623639724,0.8419650025890403,0.15803499741095975
0.08064264550464353,0.9193573544953565,0.9268596887961006,0.0731403112038993,0.9138907733875666,0.08610922661243331,0.1620159802697237,0.8379840197302764,0.8318797710422531,0.16812022895774698,0.05809177393721554,0.9419082260627846,0.12191857212845604,0.878081427871544,0.1637385328572761,0.8362614671427239,0.9103618160288656,0.0896381839711344,0.9363990354923198,0.06360096450768023
0.08310352059276832,0.9168964794072316,0.9159242726316966,0.08407572736830335,0.9065673367997926,0.09343266320020745,0.18347625002612628,0.8165237499738737,0.786949163416332,0.21305083658366805,0.08998813940442572,0.9100118605955743,0.14028818930432788,0.8597118106956722,0.18127868269319,0.81872131730681,0.898429439786425,0.10157056021357498,0.8967838589526741,0.10321614104732584
0.21640833460369666,0.7835916653963034,0.8271010900319921,0.1728989099680079,0.7091429017217309,0.29085709827826917,0.36862057569315354,0.6313794243068465,0.5967462659986925,0.4032537340013075,0.2988319736964573,0.7011680263035427,0.3528072134729605,0.6471927865270395,0.4818588101431784,0.5181411898568216,0.6788031444464397,0.3211968555535603,0.7474134311391614,0.2525865688608386
0.37801728683812036,0.6219827131618797,0.6264591583884974,0.37354084161150247,0.4832310621477658,0.5167689378522342,0.5259027006735416,0.4740972993264584,0.3954952134742264,0.6045047865257737,0.5387325866063263,0.46126741339367383,0.5801474891063967,0.4198525108936033,0.6792798756920706,0.3207201243079293,0.4858531320805297,0.5141468679194703,0.5531733927018029,0.4468266072981972
0.4852415952069591,0.5147584047930409,0.5604619351711722,0.43953806482882785,0.45695734054487996,0.54304265945512,0.6152360373923341,0.38476396260766593,0.3300738374686995,0.6699261625313006,0.5687139028475007,0.43128609715249927,0.6271311199929417,0.3728688800070584,0.7135326311956115,0.28646736880438856,0.38358756870637895,0.616412431293621,0.462550924126932,0.5374490758730681
0.1344355558242206,0.8655644441757794,0.8563586103351181,0.14364138966488194,0.8052550739352844,0.1947449260647156,0.2415055920561979,0.7584944079438021,0.6552885960396915,0.3447114039603085,0.18997023164846427,0.8100297683515357,0.25176850391898403,0.748231496081016,0.28090724969144104,0.7190927503085589,0.788319699396046,0.21168030060395404,0.8306892999995871,0.16931070000041296
0.36234492778740085,0.6376550722125991,0.6886182943126669,0.3113817056873331,0.5692532694174736,0.4307467305825265,0.44505313879980096,0.554946861200199,0.44014169782860485,0.5598583021713952,0.3855136923041114,0.6144863076958885,0.5063599150833911,0.49364008491660893,0.5944965945206052,0.4055034054793948,0.5370510543854892,0.46294894561451094,0.5783070042254009,0.4216929957745991
0.5241060998985,0.47589390010150007,0.5921527829191765,0.40784721708082344,0.44174939730995044,0.5582506026900496,0.6358276616601567,0.3641723383398433,0.32779547749025933,0.6722045225097407,0.5624633104431228,0.43753668955687713,0.6292647917892522,0.3707352082107478,0.7620355221044487,0.23796447789555136,0.3738343660264711,0.626165633973529,0.3968789557872124,0.6031210442127876
0.8177482958070803,0.18225170419291978,0.19183833385124846,0.8081616661487516,0.1754228385903253,0.8245771614096747,0.8766030549491874,0.12339694505081254,0.13045785001375682,0.8695421499862431,0.8340302228308494,0.16596977716915065,0.8782954684220148,0.12170453157798518,0.9221790557888905,0.07782094421110944,0.14813807620394026,0.8518619237960597,0.12355349189477897,0.8764465081052211
0.8306855927043114,0.16931440729568864,0.17892962904617662,0.8210703709538234,0.2743264059593677,0.7256735940406324,0.8604103535910714,0.1395896464089286,0.1919564782537823,0.8080435217462177,0.7787192464640595,0.22128075353594048,0.8005859174897831,0.19941408251021694,0.8216837907038796,0.17831620929612044,0.1760450879939154,0.8239549120060845,0.12798402761696853,0.8720159723830314
0.10813902667789724,0.8918609733221027,0.8594323500991184,0.14056764990088153,0.9118686921572076,0.08813130784279247,0.22000398435071525,0.7799960156492848,0.7661311058530881,0.23386889414691206,0.0887631715914703,0.9112368284085297,0.12712573754075848,0.8728742624592415,0.12797666364788512,0.8720233363521148,0.8689429014635809,0.13105709853641903,0.8935654985986669,0.1064345014013331
0.324848609749016,0.6751513902509839,0.7164435285232631,0.2835564714767368,0.8101366702310424,0.18986332976895764,0.3172418794859824,0.6827581205140175,0.6752705899324193,0.32472941006758077,0.1789395812723012,0.8210604187276987,0.2658227623020631,0.7341772376979369,0.2753069017686745,0.7246930982313255,0.7084081605429612,0.2915918394570388,0.6226156935975188,0.37738430640248116
0.08496739169943236,0.9150326083005677,0.9218247857569477,0.07817521424305239,0.9397044065737571,0.060295593426242876,0.13899703722334306,0.861002962776657,0.8728198662759823,0.12718013372401774,0.04448101336758835,0.9555189866324116,0.08664570398563935,0.9133542960143606,0.09455140351203725,0.9054485964879627,0.9202489561762012,0.07975104382379869,0.9372773909013706,0.06272260909862935
0.04449176669233547,0.9555082333076645,0.9601366305860833,0.039863369413916716,0.962697545446212,0.03730245455378794,0.08315082051339419,0.9168491794866057,0.9083870046918272,0.09161299530817285,0.036115143742326404,0.9638848562576736,0.05459885044801474,0.9454011495519852,0.05908275136444423,0.9409172486355557,0.9638297167518338,0.03617028324816619,0.9547770162593655,0.04522298374063458
0.10818559407384602,0.891814405926154,0.9346939618381518,0.06530603816184832,0.9272106462481632,0.07278935375183689,0.19405959041276663,0.8059404095872333,0.8321155555536157,0.16788444444638423,0.08100078511730593,0.9189992148826941,0.09614894975108494,0.903851050248915,0.14385393385590928,0.8561460661440906,0.8963385319792855,0.10366146802071449,0.8892623095514786,0.11073769044852143
0.02661782435779266,0.9733821756422073,0.9671249508012586,0.03287504919874135,0.9708735383680638,0.029126461631936322,0.07212682789184019,0.9278731721081598,0.8880190460848877,0.1119809539151123,0.03827179277048524,0.9617282072295149,0.04389902787477198,0.9561009721252279,0.04185612918428196,0.9581438708157181,0.9648390673341282,0.0351609326658719,0.9619963822153155,0.03800361778468462
0.03327131250810727,0.9667286874918928,0.9615777626470231,0.03842223735297689,0.949235366250005,0.05076463374999497,0.06498912872496858,0.9350108712750315,0.8824666250431981,0.11753337495680193,0.046323093988871064,0.9536769060111289,0.06500524912193131,0.9349947508780686,0.07192141670729134,0.9280785832927086,0.9692281450687797,0.030771854931220286,0.9662389194939575,0.03376108050604257
0.04778728918546866,0.9522127108145313,0.9608887740890045,0.03911122591099553,0.9466701584077214,0.05332984159227864,0.10840604149564143,0.8915939585043586,0.8286866927459435,0.17131330725405652,0.07930328549570455,0.9206967145042954,0.09206251994523369,0.9079374800547663,0.09661890376599494,0.9033810962340051,0.917472553529411,0.08252744647058895,0.9328889883668011,0.06711101163319902
0.026970888533124474,0.9730291114668755,0.9662779786972864,0.033722021302713664,0.9621785460345906,0.03782145396540946,0.0554361217298946,0.9445638782701054,0.8888521780234505,0.11114782197654954,0.032512880316387834,0.9674871196836121,0.06310239427519178,0.9368976057248083,0.05489699356734007,0.9451030064326599,0.9645704951323724,0.03542950486762764,0.9706676109917349,0.02933238900826505
0.02993652000873479,0.9700634799912651,0.9624611765709313,0.03753882342906871,0.9692765999343718,0.0307234000656283,0.05100641301434237,0.9489935869856576,0.8755236348880547,0.12447636511194518,0.03959487881152024,0.9604051211884796,0.060440113273563745,0.9395598867264362,0.049487506623313166,0.9505124933766869,0.955579788386821,0.04442021161317896,0.9341466879702437,0.06585331202975635
0.08795505798719257,0.9120449420128074,0.930363271270788,0.06963672872921207,0.9305311681100601,0.06946883188993982,0.09953109478646367,0.9004689052135364,0.8310596958596214,0.1689403041403786,0.11308834758523685,0.8869116524147632,0.12475649874570334,0.8752435012542966,0.12953243082557617,0.8704675691744239,0.9065811889254478,0.09341881107455219,0.8503343388634973,0.14966566113650273
0.07083764610242518,0.9291623538975747,0.8734921575993736,0.12650784240062637,0.9237604491080655,0.07623955089193456,0.12553911336942591,0.8744608866305742,0.7667476005863919,0.23325239941360806,0.09669640480279341,0.9033035951972065,0.14073368588419208,0.8592663141158079,0.13104322750681477,0.8689567724931851,0.8993145182681732,0.10068548173182679,0.8973748353202896,0.10262516467971043
0.2058180467091659,0.794181953290834,0.7521420056216458,0.24785799437835418,0.8776392794523055,0.12236072054769453,0.2181661807049543,0.7818338192950457,0.7240648021265933,0.27593519787340665,0.148570818235337,0.8514291817646631,0.234962855218535,0.765037144781465,0.21629973839678776,0.7837002616032123,0.7875256794860498,0.2124743205139501,0.6908300211654074,0.30916997883459263
0.37691962266428664,0.6230803773357134,0.5954186716011727,0.40458132839882727,0.6928874256631831,0.3071125743368169,0.47981036137952743,0.5201896386204726,0.5758265782827819,0.4241734217172181,0.3313115670474053,0.6686884329525947,0.4185303638143491,0.5814696361856508,0.4878266773482123,0.5121733226517877,0.6151057761333598,0.3848942238666403,0.5146851172051152,0.4853148827948847
0.8940066200325835,0.10599337996741648,0.09379446692619771,0.9062055330738024,0.1461054211108261,0.8538945788891737,0.9103022509373968,0.08969774906260329,0.16933822486874514,0.8306617751312548,0.8141607389574093,0.1858392610425908,0.8792940093018808,0.12070599069811917,0.9146824223063255,0.08531757769367446,0.11203238729047227,0.8879676127095278,0.0904904580952894,0.9095095419047106
0.8010553979439323,0.19894460205606754,0.20659666663501983,0.7934033333649801,0.3231343195663136,0.6768656804336863,0.820859563331924,0.179140436668076,0.3089591218594568,0.6910408781405433,0.7078292758219893,0.29217072417801077,0.7170365935003954,0.28296340649960455,0.7512090231836335,0.24879097681636658,0.2005585287099215,0.7994414712900785,0.16699686664313917,0.8330031333568608
0.17389587155851163,0.8261041284414884,0.7839776734054122,0.2160223265945878,0.8975862318576694,0.1024137681423307,0.23685399968897067,0.7631460003110293,0.8010886312715605,0.1989113687284396,0.10086051923631552,0.8991394807636844,0.14360486316976886,0.8563951368302313,0.1284132477393361,0.8715867522606638,0.8383612370463756,0.16163876295362453,0.8207199705393798,0.17928002946062008
0.34752117351598466,0.6524788264840153,0.7124319834200065,0.2875680165799935,0.7977834342342858,0.20221656576571428,0.2810210333921193,0.7189789666078807,0.7553379510566953,0.2446620489433047,0.16589924674274464,0.8341007532572553,0.24396865200077403,0.756031347999226,0.2714963999980924,0.7285036000019075,0.7607859771487201,0.23921402285127996,0.6402945401094359,0.3597054598905642
0.4982725509998893,0.5017274490001107,0.6077672900117398,0.3922327099882603,0.592824221346944,0.407175778653056,0.5791293444870979,0.4208706555129022,0.607780129178036,0.392219870821964,0.3304607718770428,0.6695392281229572,0.40932210541628583,0.5906778945837142,0.6051062053367624,0.3948937946632377,0.5297457932535514,0.4702542067464485,0.5208915320132471,0.4791084679867529
0.5348105415815586,0.4651894584184414,0.4971122954390162,0.5028877045609839,0.6389556873521234,0.3610443126478766,0.6157451550346095,0.38425484496539053,0.5234829349968775,0.4765170650031226,0.40586850572237737,0.5941314942776226,0.4044387341900962,0.5955612658099039,0.48544039361982183,0.5145596063801782,0.5175605327004453,0.48243946729955467,0.3811843856087096,0.6188156143912904
0.697147581008148,0.30285241899185206,0.37316260619922953,0.6268373938007705,0.475682675583662,0.5243173244163379,0.67494849430562,0.32505150569437996,0.4494882687492093,0.5505117312507908,0.5142620982910615,0.48573790170893855,0.4920319448629228,0.5079680551370772,0.6157039385425933,0.38429606145740663,0.46007693829895535,0.5399230617010446,0.2263878125682776,0.7736121874317223
0.8848599334337713,0.11514006656622866,0.16463185236934327,0.8353681476306568,0.24477681762213835,0.7552231823778616,0.8381517781712055,0.16184822182879463,0.24722246426029076,0.7527775357397093,0.8045782444802112,0.19542175551978885,0.767001030922105,0.2329989690778949,0.7886181570943626,0.21138184290563738,0.16638981290362498,0.833610187096375,0.08946418594512717,0.9105358140548728
0.3085094602169799,0.69149053978302,0.6932346856033931,0.3067653143966069,0.8025670679798551,0.197432932020145,0.3058913040185781,0.6941086959814219,0.7191216252106536,0.2808783747893463,0.16309248260100764,0.8369075173989923,0.18686090764860813,0.8131390923513918,0.1935965498090205,0.8064034501909795,0.7722995748224001,0.2277004251775999,0.7157956606662249,0.28420433933377515
0.18433102799006693,0.815668972009933,0.8682460976181136,0.13175390238188633,0.8796453401146214,0.12035465988537875,0.14617950327574114,0.853820496724259,0.8610739461299107,0.13892605387008933,0.09621365001138728,0.9037863499886128,0.12361319717946985,0.8763868028205302,0.1495263218101135,0.8504736781898865,0.9023234055242597,0.09767659447574029,0.8291985801831389,0.17080141981686114
0.3145169377062785,0.6854830622937216,0.7809193243516417,0.2190806756483584,0.7275281850777806,0.27247181492221934,0.3558781386195222,0.6441218613804778,0.7220481510455479,0.2779518489544522,0.19845148378104596,0.801548516218954,0.27847667245078767,0.7215233275492123,0.4197134648401752,0.5802865351598249,0.7113897965530758,0.28861020344692423,0.7929521713127023,0.20704782868729765
0.07790950382098627,0.9220904961790137,0.9392423444842029,0.06075765551579707,0.9320794351025541,0.06792056489744597,0.1299854757532223,0.8700145242467776,0.8701033184471989,0.12989668155280118,0.0747351466236771,0.9252648533763229,0.08637199429364545,0.9136280057063545,0.11245579351644423,0.8875442064835558,0.9261631668320863,0.07383683316791374,0.9201948844884208,0.07980511551157914
0.03772759099758293,0.9622724090024171,0.9659386095389323,0.03406139046106776,0.9639198644392578,0.0360801355607422,0.06097941889033654,0.9390205811096634,0.906123916237339,0.09387608376266098,0.05119344468509916,0.9488065553149009,0.05049768907317588,0.9495023109268241,0.053242233592653884,0.9467577664073461,0.9651406850240789,0.03485931497592106,0.9417715680292406,0.05822843197075953
0.24564373258715555,0.7543562674128445,0.8101216785935563,0.18987832140644362,0.8780224011090569,0.121977598890943,0.19901585105947248,0.8009841489405275,0.7280585089953869,0.27194149100461307,0.23487309833515232,0.7651269016648476,0.2239007730559637,0.7760992269440363,0.17443762782865427,0.8255623721713456,0.76838855982008,0.23161144017992,0.7155481597848239,0.2844518402151761
0.23091984395769358,0.7690801560423065,0.7535137805880433,0.24648621941195667,0.8808683379429102,0.11913166205708983,0.156636289944106,0.8433637100558941,0.7522754976577369,0.24772450234226306,0.16680947821405095,0.833190521785949,0.20215764119907523,0.7978423588009248,0.15174028216230048,0.8482597178376995,0.8354177110931242,0.1645822889068758,0.711506676860552,0.28849332313944803
0.01829361159856292,0.981706388401437,0.9642749183752015,0.03572508162479849,0.9885536208265778,0.011446379173422267,0.025895867753671708,0.9741041322463283,0.9514764450776448,0.04852355492235513,0.016433368212406298,0.9835666317875936,0.028490684337184123,0.971509315662816,0.015727313454561003,0.9842726865454391,0.9839596307994078,0.016040369200592198,0.984541542538897,0.015458457461102974
0.12257353930864298,0.877426460691357,0.8729892624633757,0.12701073753662437,0.950421210777814,0.04957878922218606,0.11443472396370116,0.8855652760362988,0.8711165152478207,0.1288834847521792,0.06403016208011963,0.9359698379198803,0.09404437209680419,0.9059556279031957,0.06494695952512461,0.9350530404748755,0.9052213905256583,0.0947786094743417,0.8523649331962082,0.14763506680379185
0.0310458218864923,0.9689541781135076,0.959306538408642,0.04069346159135794,0.9837340014919381,0.01626599850806203,0.0384141568452693,0.9615858431547307,0.9526250641419516,0.047374935858048486,0.0164606228065685,0.9835393771934315,0.03441029589327349,0.9655897041067264,0.02032405903505079,0.9796759409649493,0.9766681370898257,0.02333186291017433,0.9737502505149197,0.026249749485080177
0.017973043021142547,0.9820269569788576,0.9761229371433553,0.023877062856644638,0.9882730592304699,0.011726940769530026,0.0222197598827293,0.9777802401172706,0.9681282282481751,0.03187177175182499,0.014511814466616417,0.9854881855333835,0.024237878602471362,0.9757621213975286,0.014820322079220254,0.9851796779207797,0.9895538894216371,0.010446110578362885,0.9834383568331181,0.016561643166881922
0.03373036551341265,0.9662696344865874,0.9662011226284165,0.033798877371583394,0.966336566225119,0.03366343377488096,0.06580469991104139,0.9341953000889587,0.9257275008981023,0.07427249910189769,0.04343476417445759,0.9565652358255423,0.06176086999058676,0.9382391300094133,0.06312753170834454,0.9368724682916555,0.9650753528938231,0.034924647106177015,0.9737556149882086,0.026244385011791275
0.02725211881772322,0.9727478811822768,0.9599746888901021,0.04002531110989795,0.9620719876156093,0.037928012384390745,0.05876645486416556,0.9412335451358343,0.8964094364500365,0.1035905635499636,0.05447563911524492,0.9455243608847552,0.07655080909071085,0.9234491909092891,0.06332018524814739,0.9366798147518527,0.9645088407675914,0.03549115923240868,0.9718583410310948,0.028141658968905255
0.011225190436502492,0.9887748095634975,0.9805942785985727,0.019405721401427337,0.9888683468206365,0.01113165317936358,0.024639773453909,0.975360226546091,0.9406638993490168,0.05933610065098311,0.019634125541686837,0.9803658744583132,0.03383235713195828,0.9661676428680418,0.01889292481003222,0.9811070751899678,0.983602594615453,0.01639740538454701,0.987981970204979,0.012018029795020823
0.03216947195552587,0.9678305280444742,0.9632172482028416,0.0367827517971584,0.9685039636897153,0.03149603631028469,0.043758004976491176,0.9562419950235087,0.9001421076069163,0.09985789239308382,0.05721611647960088,0.9427838835203991,0.08173345347814676,0.9182665465218532,0.05383869952861165,0.9461613004713882,0.95328748794007,0.04671251205992992,0.9568183817425745,0.04318161825742553
0.2034761858090197,0.7965238141909803,0.7770160374082634,0.22298396259173656,0.8033349974453903,0.19666500255460978,0.18760999739384623,0.8123900026061538,0.6658720783029357,0.33412792169706435,0.2543919965395061,0.7456080034604938,0.36407965162005057,0.6359203483799494,0.305539356827402,0.6944606431725979,0.7503748828790221,0.24962511712097799,0.7693264095460259,0.23067359045397406
0.17510927496444795,0.824890725035552,0.7728782918255601,0.2271217081744398,0.7993744239301079,0.2006255760698921,0.21428742986840574,0.7857125701315941,0.6818644231630768,0.3181355768369233,0.23960080619831728,0.7603991938016827,0.3267462901314326,0.6732537098685675,0.31965685883090195,0.680343141169098,0.7811348684440289,0.21886513155597112,0.7574303607617582,0.24256963923824176
0.37261800470781736,0.6273819952921826,0.5767017717971441,0.4232982282028559,0.7068544756550295,0.29314552434497054,0.38020234336886266,0.6197976566311373,0.5843072461041654,0.41569275389583454,0.35739797373703686,0.6426020262629631,0.47366212065325536,0.5263378793467446,0.4400218436326267,0.5599781563673732,0.5886169329184454,0.4113830670815546,0.534854411296658,0.46514558870334205
0.09950238641276275,0.9004976135872373,0.8540837669332201,0.1459162330667799,0.9186108347901613,0.0813891652098387,0.12797529886193265,0.8720247011380673,0.857475153043683,0.1425248469563169,0.07024420817525677,0.9297557918247431,0.16369123479894296,0.836308765201057,0.136538754219229,0.8634612457807709,0.8721401339484213,0.1278598660515788,0.9096293014980628,0.09037069850193728
0.1587023639872199,0.8412976360127801,0.8494644766182111,0.15053552338178885,0.8351197914335425,0.1648802085664575,0.2067190510646814,0.7932809489353185,0.7818780135449265,0.21812198645507352,0.1557524422875588,0.8442475577124412,0.2692307518250791,0.730769248174921,0.2956577571692238,0.7043422428307762,0.8073436798419209,0.19265632015807907,0.844451885678987,0.15554811432101298
0.17266460637630807,0.827335393623692,0.8210051861333458,0.17899481386665406,0.7754999188605731,0.2245000811394269,0.29744565105598136,0.7025543489440187,0.6942959302438615,0.3057040697561384,0.19771174041589334,0.8022882595841068,0.3317924494294811,0.6682075505705188,0.40230009152469604,0.597699908475304,0.7368823405488267,0.26311765945117327,0.8630931524782128,0.13690684752178708
0.07035323563199262,0.9296467643680073,0.92665285885631,0.07334714114368997,0.9642756297554115,0.03572437024458857,0.09984409079302788,0.9001559092069722,0.867287852557233,0.13271214744276702,0.0662795091840496,0.9337204908159503,0.09834227271220035,0.9016577272877997,0.06451631728838667,0.9354836827116133,0.905162093316283,0.09483790668371692,0.9186266148841241,0.0813733851158759
0.0756147807930353,0.9243852192069646,0.9122119869032493,0.08778801309675073,0.9557226125722812,0.04427738742771889,0.08684563791932734,0.9131543620806727,0.877146398497582,0.12285360150241803,0.060713098030594846,0.9392869019694051,0.0936105795618344,0.9063894204381655,0.07051299016955298,0.9294870098304471,0.9358356985342843,0.06416430146571568,0.8995828582396554,0.10041714176034457
0.05681540710674965,0.9431845928932503,0.9257744478235,0.07422555217649997,0.9594272521980638,0.04057274780193617,0.08888843389062215,0.9111115661093777,0.8650358902192028,0.13496410978079726,0.05991554843987343,0.9400844515601265,0.08482224121753,0.91517775878247,0.06620642658978802,0.933793573410212,0.9376795153942157,0.062320484605784335,0.9526543326363214,0.04734566736367851
0.014974878067835535,0.9850251219321645,0.9805549767049604,0.01944502329503965,0.9812022488522729,0.018797751147727196,0.03213289197619704,0.9678671080238029,0.9466996094073625,0.05330039059263751,0.018293849027641754,0.9817061509723582,0.03042610372010251,0.9695738962798974,0.026040408620178413,0.9739595913798216,0.9886466067459574,0.01135339325404259,0.9886756352459871,0.011324364754012767
0.03575527705191244,0.9642447229480875,0.9691761706732922,0.030823829326707804,0.9711125306663081,0.028887469333691917,0.0788166060865908,0.9211833939134093,0.9057670238481517,0.09423297615184822,0.03272823021891556,0.9672717697810844,0.052701384593629705,0.9472986154063703,0.05578945631674833,0.9442105436832516,0.9599955272127207,0.040004472787279276,0.9716224567969216,0.02837754320307835
0.08342191988637403,0.9165780801136261,0.9360663208969108,0.06393367910308925,0.9510827332914042,0.04891726670859566,0.10156113619455598,0.898438863805444,0.8937777548396879,0.10622224516031203,0.05268009490359295,0.9473199050964071,0.0677068150517198,0.9322931849482803,0.08369275923918325,0.9163072407608167,0.9450347212496746,0.05496527875032545,0.9130637211427123,0.08693627885728769
0.2408802394189326,0.7591197605810673,0.7366124263630107,0.2633875736369892,0.8101175494852981,0.18988245051470196,0.3558438607952061,0.6441561392047939,0.6290304578526053,0.3709695421473947,0.2864213765275236,0.7135786234724765,0.27343378556484416,0.7265662144351558,0.3188535719228762,0.6811464280771238,0.7312744244165789,0.2687255755834211,0.6520443320430916,0.34795566795690835
0.03380664280215307,0.9661933571978469,0.9466501275931767,0.05334987240682342,0.95722535342218,0.04277464657782009,0.0700674708471842,0.9299325291528158,0.8615312769691296,0.13846872303087052,0.06379796444192892,0.9362020355580711,0.07773594538847452,0.9222640546115255,0.06781190939145074,0.9321880906085492,0.9523615653335762,0.0476384346664238,0.9535809292734925,0.04641907072650747
0.030108773377138087,0.9698912266228619,0.9567742359226719,0.04322576407732807,0.9728318091414888,0.027168190858511323,0.045524181052712574,0.9544758189472875,0.8952221674949747,0.10477783250502526,0.03227564198451846,0.9677243580154815,0.05003240388051787,0.949967596119482,0.046296652658149404,0.9537033473418507,0.9584729096305182,0.04152709036948182,0.9372821599107574,0.06271784008924255
0.12099467202692993,0.8790053279730701,0.8875195653350004,0.11248043466499963,0.8980164832430184,0.10198351675698157,0.1473284012776862,0.8526715987223138,0.8442085001431283,0.15579149985687157,0.06414900803554428,0.9358509919644558,0.16263540528876397,0.837364594711236,0.19951815435789874,0.8004818456421012,0.870098770430459,0.1299012295695411,0.8944835701687566,0.10551642983124351
0.10125170176064431,0.8987482982393558,0.8829835848880296,0.11701641511197036,0.8697673267281272,0.13023267327187296,0.18301164813047482,0.8169883518695251,0.798420600575823,0.2015793994241771,0.12187718596438012,0.8781228140356199,0.20456229445781687,0.7954377055421831,0.24502483498291835,0.7549751650170816,0.8769487458512921,0.12305125414870795,0.8977733153987847,0.10222668460121535
0.12551818920286814,0.8744818107971319,0.8724933716033358,0.12750662839666407,0.8127361098484408,0.18726389015155925,0.24641015523203907,0.7535898447679609,0.7227468378472727,0.27725316215272733,0.1855917733603596,0.8144082266396404,0.2646924856642527,0.7353075143357473,0.3300516733414538,0.6699483266585462,0.801033147080638,0.198966852919362,0.8825570602334812,0.11744293976651873
0.09371717045565882,0.9062828295443411,0.9074319592969106,0.0925680407030894,0.8624763979336452,0.13752360206635478,0.17977975868998758,0.8202202413100124,0.7392610325232595,0.2607389674767405,0.15798061658059764,0.8420193834194024,0.22409257531699553,0.7759074246830044,0.2426042997170178,0.7573957002829822,0.8334585904568873,0.16654140954311264,0.8849492206718119,0.11505077932818812
0.07910530629716596,0.920894693702834,0.9333885036709914,0.06661149632900856,0.9471854979907565,0.0528145020092436,0.0886038632897467,0.9113961367102533,0.8455897248234442,0.15441027517655584,0.07795175099431699,0.922048249005683,0.11233064442760346,0.8876693555723966,0.1024127049250336,0.8975872950749664,0.9005903437354714,0.09940965626452851,0.8875844672028205,0.11241553279717952
0.22783490591030633,0.7721650940896937,0.7596510664086911,0.24034893359130893,0.8126059757109539,0.187394024289046,0.2656326993316624,0.7343673006683377,0.6171783696705503,0.3828216303294497,0.25404628763212034,0.7459537123678798,0.32833801190023415,0.6716619880997658,0.3151708092076256,0.6848291907923745,0.7322534582885831,0.2677465417114169,0.6812049159916845,0.3187950840083154
0.14873307908089636,0.8512669209191036,0.813411591846912,0.18658840815308797,0.8410351496186516,0.15896485038134842,0.2236220869963057,0.7763779130036943,0.6641696039442812,0.33583039605571885,0.18228962094111884,0.8177103790588811,0.25913802461491175,0.7408619753850882,0.27230431631060625,0.7276956836893939,0.8209899382090209,0.17901006179097925,0.833733569944523,0.16626643005547698
0.25046606924228265,0.7495339307577173,0.7329315796034109,0.26706842039658907,0.7917807676271579,0.20821923237284223,0.3993716369832012,0.6006283630167988,0.5798191307206315,0.42018086927936854,0.22224881880847064,0.7777511811915294,0.2909351984153382,0.7090648015846618,0.3786010913772926,0.6213989086227074,0.7138856882830411,0.28611431171695895,0.6355750057840712,0.36442499421592867
0.2920679444459528,0.7079320555540473,0.7390030747684408,0.2609969252315592,0.7323469904857941,0.26765300951420595,0.43691904815778115,0.5630809518422188,0.622948557193443,0.37705144280655706,0.1526230968962248,0.8473769031037751,0.25414152507308074,0.7458584749269193,0.4192313441681814,0.5807686558318186,0.7099934158543979,0.29000658414560215,0.7166033103120716,0.28339668968792847
0.44491386027622504,0.555086139723775,0.6075088279433629,0.39249117205663714,0.5917569455287972,0.4082430544712029,0.5843961926390573,0.4156038073609427,0.49227061432230085,0.5077293856776992,0.3231684214131735,0.6768315785868265,0.42592247852225945,0.5740775214777405,0.6247277761389008,0.37527222386109915,0.557893880711592,0.44210611928840793,0.4620157028038884,0.5379842971961116
0.6178993089423654,0.38210069105763456,0.4616913458785897,0.5383086541214103,0.3097107914061217,0.6902892085938783,0.7724748138133996,0.22752518618660045,0.29538713400721844,0.7046128659927815,0.6362542967974263,0.3637457032025737,0.6776063183454272,0.3223936816545727,0.8486368067902175,0.1513631932097826,0.2528563265317804,0.7471436734682196,0.3332889085374344,0.6667110914625656
0.2829583823567868,0.7170416176432133,0.7194416184557596,0.28055838154424045,0.5825141920684783,0.4174858079315217,0.49400897533550664,0.5059910246644933,0.47073400385234226,0.5292659961476577,0.3867609626818611,0.6132390373181389,0.4509526047976411,0.5490473952023589,0.59836736229428,0.40163263770572005,0.5891874235909552,0.4108125764090447,0.6921617865821947,0.3078382134178053
0.31811009431927567,0.6818899056807244,0.7509024256642922,0.24909757433570778,0.6615195378574606,0.33848046214253935,0.4951579268105515,0.5048420731894485,0.45448409669484147,0.5455159033051586,0.33947709846178314,0.6605229015382169,0.4104844402748385,0.5895155597251616,0.5374525081459176,0.4625474918540824,0.5570320262630816,0.44296797373691843,0.6011775062957609,0.39882249370423906
0.5311909901469261,0.468809009853074,0.5896852271416411,0.41031477285835893,0.4537856047470476,0.5462143952529525,0.5846704244845325,0.4153295755154675,0.364978693326467,0.6350213066735331,0.5751569755309807,0.4248430244690194,0.6218606566741232,0.37813934332587695,0.7389551266332358,0.2610448733667643,0.4137496127854157,0.5862503872145842,0.3832216376686012,0.6167783623313987
0.16408893275891348,0.8359110672410865,0.8082878489174475,0.19171215108255238,0.7848661163295306,0.21513388367046937,0.3107666948393831,0.689233305160617,0.6045075853045453,0.39549241469545465,0.20228517297355353,0.7977148270264466,0.2655838461824156,0.7344161538175844,0.3074240229442881,0.6925759770557118,0.7614449025675412,0.23855509743245884,0.8544063614394065,0.1455936385605936
0.10215698861376021,0.8978430113862399,0.9194205134302734,0.08057948656972647,0.8673197112122083,0.13268028878779173,0.17892408685327638,0.8210759131467237,0.736438780897852,0.263561219102148,0.11683307944238361,0.8831669205576165,0.1663093864259802,0.8336906135740199,0.22185950405132485,0.7781404959486752,0.8733034225769619,0.12669657742303803,0.8500665218611675,0.14993347813883245
0.36242876015572173,0.6375712398442783,0.7870485342335867,0.21295146576641324,0.6034439902030185,0.3965560097969816,0.4922748265184434,0.5077251734815565,0.475507201121532,0.524492798878468,0.3552245394889067,0.6447754605110932,0.3893514661593314,0.6106485338406685,0.6195731985268647,0.38042680147313535,0.5953309751931923,0.40466902480680766,0.5838631550500596,0.41613684494994047
0.3422001684521179,0.6577998315478821,0.6675029441822223,0.33249705581777755,0.5689267731969238,0.4310732268030763,0.5464951105774157,0.4535048894225842,0.4160005833828907,0.5839994166171093,0.355075376953892,0.644924623046108,0.4216038436718294,0.5783961563281707,0.6139611615443431,0.38603883845565684,0.5905520194223841,0.40944798057761594,0.5947117078195432,0.40528829218045687
0.5048962896582282,0.49510371034177175,0.5375035489638724,0.46249645103612763,0.397882020433941,0.6021179795660591,0.6933816011746455,0.30661839882535447,0.2811664222332758,0.7188335777667242,0.6001121001215476,0.3998878998784524,0.6152249027204255,0.3847750972795746,0.7780275988518223,0.22197240114817768,0.38543858088366245,0.6145614191163375,0.38108521620715724,0.6189147837928428
0.36247841809381875,0.6375215819061811,0.6577931713357836,0.34220682866421637,0.48695925175366184,0.5130407482463382,0.5746250840052953,0.4253749159947047,0.3756434941736613,0.6243565058263387,0.49316659002860797,0.5068334099713921,0.5171016004790613,0.4828983995209386,0.6694956961405898,0.3305043038594101,0.4911645311170241,0.5088354688829759,0.5793407318693836,0.4206592681306164
0.548599989911,0.451400010089,0.5305668089706721,0.46943319102932796,0.43181265020170384,0.5681873497982962,0.6652148537427237,0.33478514625727623,0.2761830450919778,0.7238169549080222,0.5576003164086204,0.4423996835913797,0.6241287519540782,0.3758712480459218,0.7246509383273342,0.27534906167266576,0.34106705151736894,0.6589329484826311,0.38717753766647794,0.612822462333522
0.6633709228193966,0.3366290771806035,0.39506014197718964,0.6049398580228104,0.30040915788687067,0.6995908421131293,0.7411370202760293,0.2588629797239707,0.23755757755664222,0.7624424224433578,0.6710250299049495,0.3289749700950506,0.735197833428813,0.2648021665711871,0.8431527239509427,0.15684727604905727,0.2780159766308098,0.7219840233691903,0.25739079328275705,0.7426092067172431
0.4902967864815864,0.5097032135184135,0.5055632300545161,0.4944367699454838,0.40996044149006616,0.5900395585099338,0.6712015993381485,0.3287984006618515,0.29212652329664507,0.707873476703355,0.5746943177696483,0.4253056822303516,0.6017400628485886,0.3982599371514114,0.7126899100501987,0.2873100899498014,0.38700435518003373,0.6129956448199664,0.4860010615351119,0.513998938464888
0.33288836749216044,0.6671116325078397,0.7109024998475464,0.2890975001524537,0.5407057808501102,0.4592942191498899,0.4980533752264585,0.5019466247735415,0.45577927654110767,0.5442207234588924,0.38235152316954685,0.6176484768304532,0.45805245668271627,0.5419475433172837,0.647686750909764,0.35231324909023604,0.6015786155831833,0.3984213844168167,0.6578333662516735,0.3421666337483264
0.43987589253107284,0.5601241074689272,0.6409291529812474,0.3590708470187525,0.5014310903415128,0.4985689096584872,0.6629299132440051,0.33707008675599487,0.3489164331853591,0.6510835668146409,0.4971189957843736,0.5028810042156263,0.53409036942036,0.46590963057963997,0.7015094354195892,0.2984905645804108,0.4062233751652742,0.5937766248347258,0.5346113096096681,0.46538869039033187
0.6813136238640976,0.31868637613590245,0.41753045208871614,0.5824695479112838,0.2903164028846075,0.7096835971153925,0.7714007328909491,0.22859926710905085,0.2269699526512565,0.7730300473487435,0.6488227158371614,0.35117728416283867,0.7129435200605924,0.2870564799394077,0.8741266738026457,0.12587332619735428,0.29027123076837713,0.7097287692316229,0.2614158015864021,0.738584198413598
0.873019644296552,0.12698035570344815,0.1305199185097555,0.8694800814902445,0.10207375071223829,0.8979262492877617,0.92738777782333,0.07261222217667004,0.09575929125766044,0.9042407087423396,0.9057279600435857,0.09427203995641426,0.9082799790376939,0.09172002096230618,0.9509637462450599,0.049036253754940265,0.079883372933781,0.9201166270662191,0.08909475866640534,0.9109052413335947
0.7114358246831061,0.2885641753168939,0.32342537927435727,0.6765746207256427,0.4057320495094186,0.5942679504905813,0.7802662954541033,0.21973370454589664,0.2548637723879775,0.7451362276120224,0.6985361466123257,0.3014638533876744,0.6862200277908003,0.31377997220919984,0.7236060286025767,0.2763939713974232,0.2603885213630924,0.7396114786369077,0.23566215620158054,0.7643378437984195
0.899621929944848,0.10037807005515205,0.13920020832061372,0.8607997916793864,0.20326790540251885,0.7967320945974811,0.8616901531610921,0.1383098468389079,0.19263965772320168,0.8073603422767982,0.7896688167933716,0.2103311832066285,0.8123175172640908,0.1876824827359093,0.8574553573817842,0.14254464261821578,0.1680951084958477,0.8319048915041523,0.08154695579852296,0.918453044201477
0.5176205069629274,0.48237949303707256,0.47584995668398594,0.524150043316014,0.6019110151093459,0.3980889848906542,0.579751547975317,0.42024845202468303,0.5067470619982365,0.4932529380017635,0.3313620645572866,0.6686379354427133,0.39434637525855437,0.6056536247414456,0.4533590248378614,0.5466409751621386,0.5180462577227424,0.4819537422772576,0.5921485333898185,0.40785146661018146
0.20970865941338404,0.7902913405866159,0.8462074336280035,0.15379256637199637,0.8332166496772565,0.16678335032274352,0.25313690754879936,0.7468630924512006,0.8061463787921217,0.19385362120787833,0.12208284558424408,0.877917154415756,0.17074759835687633,0.8292524016431237,0.2632999704562058,0.7367000295437942,0.8556925056893381,0.14430749431066184,0.8333016303812759,0.1666983696187242
0.3387947954855451,0.6612052045144549,0.7336446580233201,0.26635534197668,0.8348059506152407,0.1651940493847593,0.3483210711194706,0.6516789288805294,0.7175567666439021,0.28244323335609794,0.21271157093717868,0.7872884290628214,0.23180873916879602,0.768191260831204,0.21776073661270579,0.7822392633872943,0.6878801906741917,0.3121198093258084,0.7024559242277293,0.2975440757722707
0.0992937904481444,0.9007062095518555,0.8835896188479089,0.11641038115209108,0.9531758275456794,0.04682417245432062,0.10265308261738051,0.8973469173826195,0.8902090682726956,0.1097909317273043,0.05239154249282603,0.9476084575071739,0.07409118167291452,0.9259088183270854,0.053265636985448124,0.9467343630145518,0.9351103826561453,0.06488961734385462,0.8818199241993028,0.11818007580069723
0.08594218520932326,0.9140578147906767,0.9083831437601579,0.09161685623984203,0.9535327578890467,0.046467242110953315,0.08779243784019089,0.9122075621598092,0.9032719969033729,0.0967280030966272,0.06083474118243407,0.9391652588175659,0.0661846187525902,0.9338153812474097,0.05692944730657289,0.9430705526934272,0.9516265772610076,0.04837342273899232,0.9118237746306308,0.08817622536936924
0.06911131343630517,0.9308886865636948,0.9236887453176965,0.07631125468230346,0.9390922270765583,0.06090777292344179,0.12063217209782989,0.8793678279021702,0.8773066353007708,0.12269336469922917,0.07442504361109308,0.9255749563889069,0.0799729851632435,0.9200270148367564,0.09484458207286361,0.9051554179271364,0.9464603418118549,0.05353965818814515,0.9276346054724514,0.07236539452754857
0.11679676314086997,0.88320323685913,0.8769126583813428,0.12308734161865723,0.8907423526709455,0.10925764732905456,0.1837761014210866,0.8162238985789133,0.8158815062049292,0.18411849379507084,0.10667433776992231,0.8933256622300778,0.1390940872727391,0.8609059127272609,0.18409025012448788,0.8159097498755121,0.9013617748387887,0.0986382251612114,0.901312703017948,0.0986872969820521
0.12532655147477692,0.874673448525223,0.8699441226320445,0.13005587736795554,0.8991322587576351,0.10086774124236479,0.19289849692843242,0.8071015030715676,0.8209860801459304,0.1790139198540695,0.10291815820475912,0.8970818417952409,0.13382632877929235,0.8661736712207077,0.17263318332217187,0.8273668166778281,0.8946028075257354,0.10539719247426466,0.8896980077891374,0.11030199221086255
0.3528419918685356,0.6471580081314644,0.7795731376123622,0.22042686238763784,0.7678043772939633,0.23219562270603672,0.34319609938933987,0.6568039006106601,0.6826655598771753,0.31733444012282475,0.34372227868860267,0.6562777213113973,0.3164485809032955,0.6835514190967046,0.3577213971226161,0.6422786028773839,0.5870631909249272,0.4129368090750728,0.5879502608308448,0.4120497391691552
0.4019857867886203,0.5980142132113798,0.6318873329323312,0.3681126670676688,0.6169111200685341,0.3830888799314658,0.3436746063353765,0.6563253936646235,0.558253827120586,0.441746172879414,0.42067061912287146,0.5793293808771286,0.4877574403080921,0.5122425596919079,0.46587294004578456,0.5341270599542155,0.5631192538487872,0.4368807461512127,0.5260520046095825,0.47394799539041754
0.12375272435063343,0.8762472756493666,0.8637758975161194,0.13622410248388064,0.857743852784163,0.14225614721583701,0.13680869884228386,0.8631913011577161,0.7866582148368582,0.21334178516314192,0.14498198214229852,0.8550180178577015,0.20268789251819552,0.7973121074818045,0.18789347939322493,0.8121065206067751,0.8554585177744384,0.14454148222556173,0.8695828061949823,0.13041719380501762
0.10609880088441451,0.8939011991155854,0.8916083998900043,0.10839160010999578,0.8911279691118233,0.10887203088817664,0.12229941274545879,0.8777005872545411,0.8185563451230626,0.18144365487693734,0.11323769945950016,0.8867623005404999,0.17868878598356314,0.8213112140164368,0.17076704560872957,0.8292329543912704,0.8623362799640921,0.13766372003590785,0.8478407432874792,0.15215925671252095
0.15953765845266796,0.840462341547332,0.854681881036705,0.14531811896329497,0.8156208227817948,0.1843791772182052,0.191403812795456,0.8085961872045441,0.7714072168550723,0.2285927831449277,0.1582310435261205,0.8417689564738795,0.2782905586568575,0.7217094413431424,0.32498482431992165,0.6750151756800783,0.8039537372340225,0.19604626276597747,0.8237927448424136,0.1762072551575864
0.16410298676282772,0.8358970132371722,0.7919276811948736,0.20807231880512653,0.7684136752493167,0.2315863247506834,0.283805310736546,0.7161946892634539,0.6673312927672655,0.3326687072327344,0.238454654062295,0.761545345937705,0.35011418449835124,0.6498858155016487,0.3976554466738096,0.6023445533261905,0.7561744575382104,0.2438255424617895,0.8074350514003562,0.1925649485996438
0.21397680235017377,0.7860231976498263,0.7798228433555918,0.22017715664440818,0.6853300905790519,0.31466990942094814,0.33528167552999555,0.6647183244700046,0.6088580645756031,0.3911419354243968,0.3297113809425005,0.6702886190574995,0.41373039231062314,0.5862696076893769,0.47664964157227685,0.5233503584277232,0.6598153844658204,0.3401846155341795,0.7565130491066705,0.24348695089332956
0.26590410338208237,0.7340958966179177,0.7494559926433062,0.2505440073566938,0.6422560862025606,0.3577439137974394,0.36702166289774296,0.6329783371022569,0.545811054685273,0.4541889453147269,0.39086328408584875,0.6091367159141513,0.4583190753949566,0.5416809246050435,0.5060969500039911,0.4939030499960088,0.5922319018400123,0.40776809815998777,0.67164048890215,0.32835951109785
0.7160740038351333,0.28392599616486675,0.3433149000553015,0.6566850999446985,0.18567211877017897,0.8143278812298211,0.7955641169026667,0.20443588309733324,0.18200494473329829,0.8179950552667018,0.7737218474675039,0.22627815253249617,0.8029364644993289,0.1970635355006711,0.8996411592244052,0.10035884077559468,0.19181204292031237,0.8081879570796876,0.254885440911718,0.745114559088282
0.8229648086942374,0.1770351913057627,0.18820841958559792,0.811791580414402,0.10720422616990424,0.8927957738300958,0.8857725565284186,0.11422744347158147,0.11795579502360314,0.8820442049763969,0.8877904918358145,0.1122095081641855,0.8905867539929546,0.10941324600704544,0.9397862777865973,0.060213722213402696,0.0967554915427978,0.9032445084572022,0.14148990086765678,0.8585100991323433
0.685683964755875,0.31431603524412505,0.3718585663174488,0.6281414336825512,0.3893183572997466,0.6106816427002534,0.760778760693556,0.239221239306444,0.23582169943712475,0.7641783005628753,0.6960374472351419,0.3039625527648581,0.6969579446084188,0.3030420553915813,0.7405824702709629,0.259417529729037,0.25514758320636755,0.7448524167936325,0.2762979267762418,0.7237020732237581
0.5591769926809466,0.44082300731905333,0.4379121001123178,0.5620878998876823,0.5000948655510212,0.49990513444897877,0.6316867015028901,0.3683132984971099,0.31968254501538035,0.6803174549846196,0.46536429356421327,0.5346357064357868,0.5533186308094263,0.44668136919057366,0.6300246510487738,0.3699753489512262,0.43901172746136524,0.5609882725386347,0.3350801513159392,0.6649198486840607
0.9278727692194375,0.07212723078056248,0.0944279442030528,0.9055720557969473,0.11596018800856592,0.8840398119914341,0.9032741030493968,0.09672589695060313,0.11934244868749065,0.8806575513125093,0.8539356525525444,0.14606434744745553,0.8946602276065397,0.1053397723934603,0.917835486975727,0.08216451302427298,0.09396781527506025,0.9060321847249397,0.05718048780249185,0.9428195121975081
0.44411418748700493,0.5558858125129951,0.539619905722406,0.46038009427759397,0.5723820378494056,0.42761796215059444,0.6553177689850536,0.3446822310149465,0.4579427139468987,0.5420572860531013,0.31998958740472155,0.6800104125952785,0.39228121311132075,0.6077187868886792,0.5652695082125572,0.43473049178744294,0.5263734194414866,0.47362658055851337,0.535731359790326,0.46426864020967396
0.6313746921178665,0.3686253078821335,0.42306163003387304,0.5769383699661269,0.4738594323264477,0.5261405676735523,0.7168548177456442,0.28314518225435575,0.38019382097912574,0.6198061790208743,0.4663208204575143,0.5336791795424858,0.5218355425317891,0.47816445746821096,0.667162920476564,0.3328370795234359,0.3797260122827336,0.6202739877172664,0.27631822367700115,0.7236817763229988
0.34189260890381334,0.6581073910961867,0.7091634884798548,0.29083651152014534,0.6944877380396199,0.30551226196038006,0.49335463571837296,0.506645364281627,0.613757394030572,0.38624260596942817,0.20622959938047428,0.7937704006195258,0.29225073253445416,0.7077492674655459,0.45268585792448585,0.5473141420755142,0.6515362603219885,0.3484637396780114,0.6841232043618413,0.31587679563815874
0.5896317807114924,0.4103682192885076,0.5336369814477314,0.4663630185522685,0.49525664106358874,0.5047433589364112,0.7035869312281537,0.29641306877184614,0.36720977019848516,0.6327902298015148,0.5001809848956904,0.4998190151043096,0.47589321624952224,0.5241067837504777,0.6602737197314796,0.33972628026852036,0.3874254847357615,0.6125745152642386,0.2741057649652052,0.7258942350347948
0.36746290100906165,0.6325370989909385,0.7224795879657263,0.27752041203427363,0.6040704790766853,0.3959295209233147,0.5399694232591584,0.4600305767408415,0.48404295035354217,0.5159570496464578,0.2974539079199704,0.7025460920800296,0.3629192319657751,0.637080768034225,0.6110578519933889,0.38894214800661103,0.6176779543570556,0.3823220456429444,0.5341199216416057,0.46588007835839423
0.6894958695576895,0.3105041304423106,0.3715014432480705,0.6284985567519296,0.30123306149777346,0.6987669385022266,0.8041905179330224,0.19580948206697765,0.19668842252929664,0.8033115774707034,0.7305560913738326,0.26944390862616735,0.7337068754806373,0.26629312451936266,0.8490109680821788,0.15098903191782115,0.25912524853499547,0.7408747514650046,0.18795830330520596,0.812041696694794
0.7713837018433184,0.22861629815668155,0.2894327132960418,0.7105672867039582,0.18599796604083832,0.8140020339591617,0.8504300915360129,0.14956990846398702,0.16731066427257424,0.8326893357274258,0.7390864135861879,0.2609135864138121,0.7794189192206042,0.2205810807793957,0.9101111826338288,0.08988881736617119,0.1932226711059982,0.8067773288940019,0.18873252849762004,0.8112674715023799
0.3101659324752076,0.6898340675247925,0.7531231638307372,0.24687683616926273,0.5764667424456118,0.4235332575543881,0.47788655454171775,0.5221134454582823,0.493521068556121,0.506478931443879,0.365780854096901,0.634219145903099,0.37207053713895144,0.6279294628610486,0.5528181228592,0.44718187714080004,0.6143326505253228,0.3856673494746771,0.6696960499362739,0.3303039500637262
0.5100922912423747,0.48990770875762535,0.6608059379361277,0.33919406206387226,0.5150612187093345,0.4849387812906654,0.5718041894442972,0.4281958105557027,0.3986117788861411,0.6013882211138589,0.4237320710957579,0.576267928904242,0.4821345173573636,0.5178654826426363,0.6351143598898652,0.3648856401101348,0.42295270640022103,0.5770472935997789,0.4438029951572005,0.5561970048427994
0.6813455691942061,0.3186544308057939,0.537329485324241,0.4626705146757591,0.3519547174243263,0.6480452825756737,0.6327650932962944,0.3672349067037057,0.3444678148596073,0.6555321851403928,0.6321894416313517,0.3678105583686483,0.6562653466778505,0.3437346533221495,0.7988229569239387,0.2011770430760613,0.34418204784754713,0.6558179521524529,0.26510632286122876,0.7348936771387713
0.8906886040672146,0.10931139593278544,0.13297626644419355,0.8670237335558064,0.11505683369519856,0.8849431663048015,0.9123426131835927,0.0876573868164073,0.10739583729575265,0.8926041627042474,0.89107064793054,0.10892935206945999,0.9020897597656959,0.09791024023430414,0.9323994818162046,0.06760051818379555,0.10165048217516134,0.8983495178248386,0.09063913097857662,0.9093608690214233
0.9094354985956675,0.09056450140433238,0.10309374808881536,0.8969062519111848,0.09190185236465047,0.9080981476353496,0.9451035010749237,0.054896498925076316,0.07611094910187696,0.923889050898123,0.917027337848946,0.08297266215105398,0.9249767638810847,0.07502323611891529,0.9587614083777606,0.04123859162223938,0.07526202264782117,0.9247379773521789,0.05807834843927455,0.9419216515607255
0.46971922429013246,0.5302807757098675,0.5269410195355126,0.47305898046448736,0.4416065607873321,0.5583934392126678,0.7097423783118184,0.29025762168818153,0.30305232566717305,0.696947674332827,0.4908104387091293,0.5091895612908707,0.5145185708762856,0.4854814291237143,0.7087405886811398,0.29125941131886024,0.4488065161191116,0.5511934838808884,0.4854886214075268,0.5145113785924733
0.8150287520528754,0.1849712479471246,0.252767461722543,0.7472325382774571,0.15135028342248677,0.8486497165775132,0.8499427084097945,0.1500572915902056,0.16758480894506456,0.8324151910549353,0.7367028236987211,0.263297176301279,0.8225778441515929,0.17742215584840723,0.9267752754928359,0.07322472450716411,0.14150249186775435,0.8584975081322456,0.18609949863448352,0.8139005013655165
0.9038921247497236,0.09610787525027646,0.15726996458349818,0.8427300354165017,0.10783503721397793,0.8921649627860221,0.9280608301334122,0.0719391698665878,0.11302470074617581,0.8869752992538242,0.8799096425880311,0.12009035741196884,0.8727420458045929,0.1272579541954071,0.9378178131647034,0.06218218683529663,0.06579180786745216,0.9342081921325478,0.08298736148814972,0.9170126385118502
0.25665969372149067,0.7433403062785093,0.7498617077133946,0.25013829228660545,0.7112808109241276,0.2887191890758724,0.4489631817445003,0.5510368182554998,0.5357249314951675,0.4642750685048324,0.23224151124604536,0.7677584887539546,0.2971157347467578,0.7028842652532423,0.40898721558442946,0.5910127844155706,0.6709708633237523,0.3290291366762477,0.6941145824876542,0.30588541751234577
0.4616134341176821,0.5383865658823179,0.6479203926614641,0.35207960733853594,0.5508328466151831,0.449167153384817,0.5440833972665696,0.4559166027334304,0.38683534854158097,0.613164651458419,0.4109703552262359,0.5890296447737641,0.45201638436581687,0.5479836156341831,0.6106961777046742,0.38930382229532584,0.5255447806697522,0.4744552193302478,0.38813011554653826,0.6118698844534618
0.695331340132567,0.304668659867433,0.4521028056806221,0.5478971943193779,0.2796241719722387,0.7203758280277613,0.789300618541891,0.21069938145810893,0.219417252555432,0.7805827474445679,0.7007863332739901,0.29921366672600985,0.6988581895573184,0.3011418104426816,0.8816348487248078,0.1183651512751923,0.2746569817950992,0.7253430182049009,0.22928441521065762,0.7707155847893424
0.9417942604933417,0.05820573950665826,0.07099005715777035,0.9290099428422297,0.06330577287982761,0.9366942271201724,0.9650611212654467,0.03493887873455317,0.060126200015327515,0.9398737999846724,0.930622955543727,0.0693770444562729,0.940792891170601,0.05920710882939901,0.9726682286408657,0.02733177135913437,0.05247088537748408,0.947529114622516,0.046127284546913956,0.953872715453086
0.9140902832480234,0.08590971675197664,0.07805219624628652,0.9219478037537134,0.0743897560615795,0.9256102439384205,0.9653362180685492,0.03466378193145096,0.06504078397069288,0.9349592160293072,0.9103292222198501,0.08967077778014974,0.9167818677462455,0.08321813225375453,0.9666954861615736,0.033304513838426295,0.06434919181025965,0.9356508081897403,0.06018116980922007,0.9398188301907799
0.7202250171766272,0.27977498282337276,0.3204698526575381,0.6795301473424619,0.19778380895537528,0.8022161910446246,0.8526719696096746,0.14732803039032544,0.16824311499548952,0.8317568850045104,0.7687285116300231,0.23127148836997694,0.7566613196472644,0.2433386803527358,0.895509598251167,0.10449040174883295,0.19512400527770354,0.8048759947222964,0.22475562289840964,0.7752443771015903
0.918633793956407,0.08136620604359297,0.15166718939820328,0.8483328106017967,0.05261582511500488,0.947384174884995,0.9189701287710511,0.08102987122894892,0.10066275796200795,0.8993372420379921,0.8926840522872146,0.10731594771278533,0.9039826807127935,0.09601731928720636,0.9709060263447972,0.029093973655202703,0.05776409982495651,0.9422359001750436,0.09683220518527219,0.9031677948147278
0.9202869298486333,0.07971307015136668,0.12816043071577257,0.8718395692842273,0.05043256968325642,0.9495674303167436,0.9476436571689891,0.05235634283101099,0.07389528194920514,0.926104718050795,0.9328577815945092,0.06714221840549092,0.9208093023814475,0.07919069761855259,0.9739620570931772,0.02603794290682279,0.03821360872003231,0.9617863912799677,0.07374357917972653,0.9262564208202735
0.8747785647732048,0.12522143522679527,0.20460940094817764,0.7953905990518223,0.1651065298854888,0.8348934701145112,0.904599156260833,0.09540084373916712,0.11171281634684592,0.8882871836531542,0.8631889662688189,0.1368110337311811,0.8435083487221912,0.15649165127780887,0.9088809317245615,0.09111906827543856,0.11487612540115368,0.8851238745988463,0.08906632189198374,0.9109336781080163
0.797621745365492,0.20237825463450798,0.2217490440011961,0.7782509559988039,0.19718568702481257,0.8028143129751875,0.8460249223190971,0.15397507768090293,0.13191442019819147,0.8680855798018086,0.7937533873172411,0.20624661268275885,0.8090098130485406,0.19099018695145942,0.8647238116014562,0.1352761883985438,0.17846302215072754,0.8215369778492724,0.13210925968996895,0.8678907403100311
0.8918088640663278,0.10819113593367234,0.13888497453511248,0.8611150254648874,0.14172268970138246,0.8582773102986175,0.8942175912811744,0.10578240871882562,0.10054125363699777,0.8994587463630022,0.8619839849694909,0.13801601503050898,0.8886984771272805,0.11130152287271959,0.9165267098183073,0.08347329018169261,0.12177361053784527,0.8782263894621547,0.06722542015552956,0.9327745798444705
0.9718339620556599,0.028166037944340187,0.03679473424697713,0.9632052657530228,0.03798813498544741,0.9620118650145526,0.9809992439299564,0.01900075607004355,0.040141723024076786,0.9598582769759233,0.941608315873805,0.05839168412619502,0.9548809635521508,0.04511903644784926,0.9842082356449452,0.015791764355054833,0.03636882248987485,0.9636311775101253,0.01848763789593394,0.9815123621040661
0.9710491256055468,0.028950874394453235,0.04042217014202498,0.9595778298579751,0.054897381756105486,0.9451026182438945,0.9682225325264552,0.031777467473544777,0.07641580634029627,0.9235841936597037,0.9322868473787717,0.06771315262122826,0.928166644312139,0.07183335568786098,0.9542203977738944,0.04577960222610565,0.04181008692541572,0.9581899130745843,0.022297716919206206,0.9777022830807938
0.9578314874530219,0.042168512546978,0.0628684824362563,0.9371315175637438,0.08072350937114585,0.9192764906288541,0.9412160545912467,0.05878394540875333,0.13140942870886071,0.8685905712911393,0.9020151609357923,0.0979848390642078,0.8936120144913865,0.10638798550861359,0.9339945601743604,0.06600543982563961,0.06474024397321973,0.9352597560267804,0.033320318363071436,0.9666796816369286
0.8981373578633665,0.10186264213663357,0.11799504620640577,0.8820049537935941,0.15470464295649153,0.8452953570435084,0.9035295731214165,0.0964704268785835,0.18930966114634365,0.8106903388536564,0.8001934139702666,0.19980658602973345,0.7573990185454019,0.24260098145459796,0.832669351073159,0.167330648926841,0.13510501163664265,0.8648949883633574,0.09821183533944806,0.9017881646605519
0.8572476221515559,0.1427523778484441,0.23312252257164837,0.7668774774283517,0.2201678436940483,0.7798321563059517,0.805206430373454,0.194793569626546,0.3141176794758097,0.6858823205241903,0.656387089456989,0.3436129105430109,0.6759921277444394,0.3240078722555607,0.8288381664918675,0.1711618335081325,0.2542860382334676,0.7457139617665324,0.14273395378358142,0.8572660462164187
0.9417859633472293,0.058214036652770584,0.10091062154837831,0.8990893784516217,0.07709547838596624,0.9229045216140338,0.9505177230488303,0.04948227695116966,0.14555985425288478,0.8544401457471151,0.8664468744747701,0.13355312552523002,0.8608527400891214,0.1391472599108786,0.953436797661378,0.04656320233862188,0.061095181141310344,0.9389048188586897,0.06206164606156549,0.9379383539384346
0.9040667826600882,0.09593321733991172,0.14955813554960373,0.8504418644503964,0.17441887603389494,0.825581123966105,0.9121480011371266,0.08785199886287338,0.21158397866035086,0.788416021339649,0.7905708780365819,0.20942912196341812,0.7621211590725555,0.23787884092744455,0.8716803955214033,0.1283196044785967,0.13122458841316872,0.8687754115868314,0.08558908160919536,0.9144109183908046
0.8886941723835364,0.11130582761646356,0.14928469275439138,0.8507153072456086,0.18730455512859695,0.8126954448714031,0.8979994102248244,0.10200058977517559,0.2156730589798411,0.7843269410201589,0.7753374511131095,0.22466254888689052,0.7409164810219352,0.2590835189780648,0.8564822027541373,0.14351779724586264,0.16972607172387058,0.8302739282761296,0.06807501091464034,0.9319249890853597
0.47966922828089753,0.5203307717191025,0.6425988256680615,0.35740117433193846,0.5845871935803035,0.4154128064196964,0.5060231838321403,0.4939768161678597,0.5501373909162536,0.44986260908374637,0.3649294590134877,0.6350705409865123,0.33575851784949734,0.6642414821505027,0.4612125165522437,0.5387874834477563,0.5592496544575035,0.4407503455424965,0.5525268308733805,0.44747316912661955
0.6003409283936608,0.39965907160633923,0.5828737795936133,0.4171262204063866,0.5426772332971873,0.45732276670281274,0.5385850475783848,0.4614149524216153,0.495278323768886,0.5047216762311141,0.4005256273004009,0.599474372699599,0.38628668065783817,0.6137133193421618,0.5068414323224506,0.49315856767754945,0.49323355844737665,0.5067664415526234,0.32722694414989345,0.6727730558501066
0.2135322386102713,0.7864677613897286,0.8545306448427545,0.1454693551572455,0.8264292282749176,0.17357077172508242,0.22886689299319357,0.7711331070068064,0.776341500282588,0.22365849971741192,0.1166979625209634,0.8833020374790367,0.15200861447646094,0.847991385523539,0.21290123220206814,0.7870987677979319,0.8312943255366887,0.1687056744633112,0.7868056429511054,0.2131943570488946
0.11036786366558846,0.8896321363344115,0.919217089535823,0.08078291046417693,0.8813377808440904,0.11866221915590965,0.15109147437582934,0.8489085256241706,0.8271698364347334,0.1728301635652667,0.09504757061112264,0.9049524293888773,0.10212147922662004,0.89787852077338,0.16443169024805904,0.835568309751941,0.9232318685948578,0.07676813140514213,0.8618880211270178,0.13811197887298235
0.3086245258060675,0.6913754741939326,0.8089927469863285,0.19100725301367152,0.6532890484298248,0.3467109515701752,0.41543271450446806,0.5845672854955318,0.5870056283772556,0.4129943716227445,0.34500108654328104,0.6549989134567189,0.3168862022429561,0.6831137977570438,0.49415724273014777,0.5058427572698522,0.6454944503659028,0.3545055496340972,0.6552158199452841,0.34478418005471595
0.29969098723181786,0.7003090127681822,0.7817641290264097,0.21823587097359026,0.709776368911642,0.2902236310883581,0.36187676157344384,0.6381232384265562,0.5576934231153238,0.4423065768846763,0.3608833034178073,0.6391166965821927,0.31255454589843523,0.6874454541015648,0.4005229664456549,0.599477033554345,0.6750632869204884,0.32493671307951155,0.6000019077888992,0.3999980922111008
0.3895841022997403,0.6104158977002597,0.6516110662579084,0.34838893374209157,0.6016630038683792,0.3983369961316209,0.429145641259336,0.570854358740664,0.48505655489176697,0.5149434451082331,0.37253713742373423,0.6274628625762658,0.3970281685945496,0.6029718314054504,0.5074476488254033,0.4925523511745968,0.618473035480153,0.381526964519847,0.5210429143997373,0.4789570856002626
0.6234915917081394,0.3765084082918606,0.4428142962750656,0.5571857037249345,0.4389977794450658,0.5610022205549342,0.63610081101627,0.3638991889837299,0.30414665371905075,0.6958533462809492,0.6513806638356869,0.3486193361643131,0.6788462058185362,0.3211537941814637,0.702285237329586,0.297714762670414,0.33990261842915376,0.6600973815708463,0.26050616467043114,0.7394938353295688
0.8841959138824576,0.11580408611754243,0.16453979053250278,0.8354602094674972,0.18192453425181995,0.81807546574818,0.8811385928126099,0.11886140718739001,0.13820624904541814,0.8617937509545819,0.8142209389413195,0.1857790610586804,0.8744253766474565,0.12557462335254355,0.9106929482827868,0.08930705171721319,0.1474048186481294,0.8525951813518706,0.09577269165104525,0.9042273083489547
0.7012899317222204,0.2987100682777795,0.25767657720610765,0.7423234227938923,0.3040626542321778,0.6959373457678222,0.8162205687227054,0.18377943127729465,0.2273703795309896,0.7726296204690105,0.6175936200536649,0.38240637994633514,0.6883280536377032,0.3116719463622967,0.7749148888880631,0.22508511111193683,0.2646474511129893,0.7353525488870106,0.2953322873858682,0.7046677126141319
0.6656984687481982,0.33430153125180184,0.41596807029584254,0.5840319297041575,0.3298654910922911,0.670134508907709,0.7104222278881983,0.2895777721118018,0.35521522184147747,0.6447847781585225,0.5407033170372616,0.4592966829627384,0.6513310999809931,0.34866890001900674,0.8235773056546839,0.17642269434531618,0.346902664262886,0.653097335737114,0.3152456433774917,0.6847543566225084
0.7952639157438158,0.20473608425618411,0.2596849020518001,0.7403150979481998,0.16570426598754795,0.834295734012452,0.8818824873777906,0.11811751262220946,0.2010047708285212,0.7989952291714789,0.7803645448999551,0.21963545510004479,0.8197607143372687,0.1802392856627312,0.9305829494824482,0.06941705051755177,0.11942780168077818,0.8805721983192217,0.19449479970197472,0.8055052002980253
0.31153093908017876,0.6884690609198212,0.7067559721776335,0.2932440278223665,0.5942881082175724,0.4057118917824277,0.5414112937086627,0.45858870629133724,0.4973896370723326,0.5026103629276675,0.32283812943576995,0.6771618705642302,0.4148619524564577,0.5851380475435423,0.6037966464903828,0.39620335350961733,0.5831676218879565,0.41683237811204354,0.7202090409046109,0.27979095909538904
0.236622607420428,0.7633773925795719,0.8007231137458689,0.19927688625413115,0.6824104396462928,0.3175895603537072,0.43311472835135917,0.5668852716486409,0.5409395207945306,0.4590604792054695,0.29855250232568964,0.7014474976743104,0.3676686674873699,0.6323313325126302,0.5206539638599768,0.4793460361400233,0.6505614097543885,0.3494385902456114,0.7204516925750517,0.27954830742494835
0.5091502214431555,0.49084977855684453,0.6524480355174279,0.34755196448257214,0.4517895543521403,0.5482104456478596,0.5993547633813929,0.40064523661860707,0.346768283910268,0.653231716089732,0.5888806557117044,0.41111934428829555,0.5946898791861723,0.4053101208138277,0.713341240158322,0.28665875984167793,0.35731428382317254,0.6426857161768273,0.43813723367882473,0.5618627663211753
0.7092514821034628,0.29074851789653716,0.36570336664082936,0.6342966333591707,0.2687299031900068,0.7312700968099933,0.738804751198091,0.26119524880190903,0.2070171722142031,0.7929828277857968,0.7530798374051791,0.24692016259482086,0.7904713186039611,0.20952868139603884,0.8559475150646051,0.14405248493539502,0.25127615692659455,0.7487238430734054,0.23570930844544138,0.7642906915545588
0.3671003344721664,0.6328996655278336,0.6328174358265088,0.3671825641734911,0.5468054250000683,0.4531945749999316,0.5436527440979363,0.45634725590206376,0.384277311029307,0.6157226889706929,0.43692338401918646,0.5630766159808135,0.45238486533485717,0.5476151346651429,0.55568172758951,0.44431827241049004,0.536616696841364,0.4633833031586359,0.6372269176295566,0.36277308237044337
0.3254745593478208,0.6745254406521791,0.7565212896530332,0.24347871034696678,0.6598823216886986,0.3401176783113014,0.44220825550274206,0.5577917444972579,0.45515827337983844,0.5448417266201616,0.3186666533278822,0.6813333466721179,0.3414520469528319,0.6585479530471682,0.4940681996228243,0.5059318003771757,0.6428895837087799,0.35711041629122003,0.5199034986010833,0.48009650139891674
0.7924296127919273,0.20757038720807272,0.3528970223356059,0.6471029776643941,0.1910912986863377,0.8089087013136622,0.8117464576161858,0.18825354238381423,0.19118627415802017,0.8088137258419799,0.707015039429843,0.29298496057015694,0.7717114361811329,0.22828856381886714,0.9176742681621793,0.08232573183782066,0.19872638966995199,0.8012736103300481,0.19892325484292334,0.8010767451570766
0.9213276807744993,0.07867231922550066,0.07752490006253218,0.9224750999374678,0.0803361249792107,0.9196638750207894,0.9636172723539331,0.0363827276460668,0.06603433606808716,0.9339656639319128,0.9171634436300236,0.08283655636997632,0.9303131309367998,0.06968686906320028,0.9659240202265796,0.03407597977342036,0.05827548590351496,0.9417245140964849,0.05009480456590425,0.9499051954340958
0.9346588125787346,0.06534118742126532,0.07849520561845635,0.9215047943815438,0.09163090841157412,0.9083690915884258,0.9570851855968365,0.042914814403163526,0.08144408866602094,0.918555911333979,0.9199233451503692,0.08007665484963072,0.9214909581941039,0.07850904180589616,0.953971044725079,0.046028955274920985,0.06377190746935811,0.9362280925306419,0.03911708159417883,0.9608829184058212
0.33123439799245596,0.6687656020075441,0.638007638793357,0.361992361206643,0.6519521944647113,0.34804780553528863,0.5511259935115171,0.4488740064884829,0.4532379024026664,0.5467620975973335,0.3268980939499709,0.6731019060500291,0.36199278766418286,0.6380072123358171,0.4652413964386281,0.5347586035613718,0.5897791941739,0.41022080582610004,0.6399570278481488,0.36004297215185116
0.33566671507258944,0.6643332849274105,0.7516339838904026,0.2483660161095974,0.6251360453308904,0.37486395466910954,0.4131960823545652,0.5868039176454347,0.5793611362942708,0.4206388637057292,0.2589457357097743,0.7410542642902258,0.36319943676242256,0.6368005632375774,0.5482466496053822,0.4517533503946179,0.6782225007061673,0.32177749929383276,0.7276913593741225,0.2723086406258775
0.48402027429312133,0.5159797257068787,0.6518060948741438,0.34819390512585624,0.6012770750781723,0.39872292492182765,0.6343646313109682,0.3656353686890318,0.4530259276801463,0.5469740723198536,0.4017794203457109,0.5982205796542892,0.44545294434505545,0.5545470556549446,0.5848910494306323,0.4151089505693677,0.41830651413487896,0.5816934858651212,0.541525669360035,0.4584743306399649
0.04539843085304254,0.9546015691469574,0.9546510834110017,0.045348916588998235,0.9594127892824771,0.04058721071752303,0.09943661785135777,0.9005633821486423,0.8823322252062428,0.11766777479375728,0.030906058106528096,0.969093941893472,0.0602385344357896,0.9397614655642103,0.06292594549981192,0.9370740545001881,0.9525648605621562,0.04743513943784385,0.9532425048590041,0.04675749514099589
0.07596828110771779,0.9240317188922823,0.931678546665559,0.06832145333444105,0.9376454718149461,0.06235452818505403,0.13080263075948945,0.8691973692405105,0.8121885627950278,0.18781143720497215,0.07306017097404874,0.9269398290259513,0.08813413360500198,0.9118658663949981,0.10365420423312445,0.8963457957668756,0.9186532635668261,0.08134673643317399,0.8603309303576823,0.13966906964231762
0.11726976416620064,0.8827302358337993,0.9141459179619614,0.08585408203803867,0.8472840556344157,0.1527159443655843,0.23475899941803144,0.7652410005819685,0.7086725388828541,0.29132746111714597,0.14558214966208483,0.8544178503379151,0.14858137981150912,0.8514186201884908,0.24220076083412898,0.757799239165871,0.8621329189706161,0.137867081029384,0.8289987508762233,0.17100124912377665
0.3343483832965105,0.6656516167034894,0.7136735259540938,0.28632647404590605,0.5789670453845367,0.42103295461546325,0.46636887576539127,0.5336311242346087,0.4561431394690862,0.5438568605309139,0.3901893266425679,0.6098106733574322,0.4017572591295357,0.5982427408704643,0.5844552379920344,0.4155447620079657,0.645579757691103,0.354420242308897,0.6038084540567632,0.3961915459432368
0.5685878219486392,0.4314121780513608,0.505761718506047,0.494238281493953,0.38233837615057376,0.6176616238494261,0.7378685839254681,0.262131416074532,0.2801263352175101,0.7198736647824898,0.5789651580752527,0.4210348419247473,0.6282995060715605,0.37170049392843946,0.8067384617574872,0.19326153824251266,0.3463209307358497,0.6536790692641502,0.3991911790432148,0.6008088209567852
0.6092420668329085,0.3907579331670916,0.42730300814302097,0.5726969918569791,0.2981041648387289,0.7018958351612711,0.753542150926469,0.2464578490735309,0.23923372644369875,0.7607662735563013,0.7173317715116586,0.28266822848834144,0.7382343928673853,0.26176560713261454,0.8455374597004292,0.1544625402995707,0.26097880043684923,0.7390211995631508,0.2940464455179783,0.7059535544820218
0.913200401001466,0.08679959899853402,0.1083933363773472,0.8916066636226528,0.07708916771194126,0.9229108322880588,0.9305575993328468,0.06944240066715317,0.07640063574319372,0.9235993642568062,0.9181225308512125,0.08187746914878752,0.9410531317159048,0.05894686828409518,0.9592278906047323,0.04077210939526777,0.060821390121469206,0.9391786098785309,0.07062655265976911,0.929373447340231
0.7746843677460425,0.2253156322539575,0.2276095851822468,0.7723904148177533,0.14859318725923099,0.851406812740769,0.8564715957705135,0.14352840422948643,0.14178100550456135,0.8582189944954386,0.8345139611240928,0.1654860388759071,0.8569745684385661,0.14302543156143385,0.9141873620128216,0.08581263798717839,0.13344841866573573,0.8665515813342642,0.15613848340977643,0.8438615165902236
0.8926480625448024,0.10735193745519747,0.11944363789854943,0.8805563621014505,0.08949007848135758,0.9105099215186424,0.911119980011492,0.08888001998850797,0.09064267670279659,0.9093573232972034,0.8999335014589972,0.10006649854100275,0.9335545363482142,0.06644546365178579,0.9520907512613741,0.04790924873862592,0.07120985362932843,0.9287901463706716,0.06931381896882388,0.9306861810311761
0.8864103835476244,0.11358961645237554,0.1520266139301585,0.8479733860698415,0.17670980598217123,0.8232901940178288,0.8873140790075615,0.1126859209924385,0.16154561475473267,0.8384543852452674,0.8273913641567529,0.17260863584324704,0.8580957319305825,0.14190426806941756,0.890719182803914,0.109280817196086,0.11176015330924831,0.8882398466907517,0.09131631917555957,0.9086836808244403
0.918024833085791,0.08197516691420899,0.07678139551339672,0.9232186044866033,0.11026975353911443,0.8897302464608855,0.9282893823584166,0.07171061764158339,0.11797450286577175,0.8820254971342283,0.8780712743015088,0.12192872569849121,0.902526493337616,0.0974735066623839,0.9272064162571805,0.07279358374281943,0.08206064850453017,0.9179393514954699,0.05120419708474249,0.9487958029152576
0.7284208101816526,0.2715791898183474,0.2549369907003012,0.7450630092996988,0.30868614429660224,0.6913138557033978,0.811079839438042,0.18892016056195812,0.2622502147384635,0.7377497852615366,0.6057236266954408,0.39427637330455917,0.6546138203832935,0.34538617961670653,0.764929983584441,0.235070016415559,0.28163252444541487,0.7183674755545851,0.26792309467916636,0.7320769053208337
0.8437041929105997,0.15629580708940025,0.20642943992558474,0.7935705600744152,0.2094555514126604,0.7905444485873395,0.8870943578669486,0.11290564213305142,0.1983348111545215,0.8016651888454784,0.7207863090033275,0.2792136909966726,0.7377309524648354,0.2622690475351646,0.8802243005672203,0.11977569943277955,0.17763138558542696,0.822368614414573,0.09079843711337685,0.9092015628866232
0.9532363354624276,0.046763664537572296,0.08116575316799135,0.9188342468320088,0.06078029515706863,0.9392197048429314,0.9542265410154129,0.045773458984587075,0.1050900830896093,0.8949099169103907,0.8891293532426587,0.11087064675734137,0.9017099939418669,0.09829000605813312,0.9685280287779162,0.031471971222083846,0.050987103488802525,0.9490128965111975,0.04382596363012781,0.9561740363698722
0.9818509707790749,0.018149029220925105,0.025482939686461915,0.974517060313538,0.023460582001333753,0.9765394179986663,0.9865241541921425,0.013475845807857552,0.04810124231794442,0.9518987576820556,0.9640112333854853,0.03598876661451462,0.9535953916623521,0.046404608337647944,0.9851982610489796,0.014801738951020549,0.020871296953798704,0.9791287030462014,0.013068470093851356,0.9869315299061487
0.9867397606816348,0.013260239318365105,0.016624841094714116,0.9833751589052858,0.012662244080364477,0.9873377559196356,0.9915364811793518,0.008463518820648119,0.030180719822953846,0.9698192801770462,0.9819296561380515,0.01807034386194855,0.9705031147027157,0.029496885297284434,0.9900566936901122,0.009943306309887776,0.011029326248633285,0.9889706737513667,0.008688964619730614,0.9913110353802694
0.9922135520350804,0.007786447964919637,0.014508977704052859,0.9854910222959472,0.011260613105466697,0.9887393868945333,0.9904125315526447,0.00958746844735519,0.026825137267536537,0.9731748627324635,0.9866609479664746,0.013339052033525322,0.9790992685767052,0.020900731423294915,0.9897892308145808,0.010210769185419266,0.011136907305110305,0.9888630926948898,0.004948871267644708,0.9950511287323552
0.7554556668855803,0.24454433311441964,0.3465273286037841,0.6534726713962159,0.24342392304303906,0.7565760769569609,0.7729131966833644,0.22708680331663564,0.28246752458121105,0.7175324754187891,0.5913650708366386,0.40863492916336147,0.6071397625544804,0.3928602374455195,0.769236920149499,0.230763079850501,0.2600272053348013,0.7399727946651987,0.3003594264271701,0.6996405735728298
0.6957090848744264,0.30429091512557355,0.5156686765826254,0.48433132341737456,0.330146210857469,0.669853789142531,0.6644663917942272,0.33553360820577277,0.3655453281737826,0.6344546718262173,0.5241852045780565,0.47581479542194344,0.5635359443741541,0.4364640556258459,0.7700385949419499,0.22996140505805004,0.3487206016235295,0.6512793983764704,0.2705979686024254,0.7294020313975745
0.8859033067852681,0.11409669321473186,0.308204336148848,0.6917956638511521,0.1438717367313061,0.8561282632686938,0.8653050281325074,0.13469497186749255,0.18529061657951273,0.8147093834204872,0.8009967567156776,0.1990032432843224,0.7754339918251406,0.22456600817485942,0.9157412515983386,0.08425874840166149,0.11861335289298279,0.8813866471070173,0.12080930950087258,0.8791906904991275
0.9179273033531693,0.0820726966468307,0.16991895441102417,0.8300810455889758,0.13896469662952576,0.8610353033704743,0.9123071608956582,0.08769283910434182,0.1270121512019942,0.8729878487980057,0.8724098362045437,0.1275901637954563,0.8424201375528458,0.1575798624471542,0.9209877458230181,0.07901225417698186,0.12728209989380676,0.8727179001061932,0.059157102843516024,0.9408428971564841
0.9458480029778906,0.0541519970221094,0.09069437441407877,0.9093056255859213,0.08248439769933856,0.9175156023006615,0.9444335186068639,0.055566481393136115,0.08936923451601002,0.91063076548399,0.9115135100502303,0.0884864899497698,0.890321429218929,0.109678570781071,0.9389531285822048,0.06104687141779513,0.08579578909295321,0.9142042109070468,0.0431455608035643,0.9568544391964356
0.240538809007524,0.7594611909924759,0.7942968589741352,0.20570314102586487,0.7392753787228359,0.26072462127716406,0.37346628535732485,0.626533714642675,0.6069971674086809,0.393002832591319,0.23683925281211574,0.7631607471878843,0.21364009797525907,0.7863599020247409,0.32218519720858024,0.6778148027914198,0.7542306989076754,0.24576930109232456,0.7421584107294478,0.2578415892705523
0.5996823751577012,0.40031762484229877,0.5968210455977533,0.40317895440224666,0.4752363544154742,0.5247636455845258,0.6232780099165406,0.3767219900834594,0.38287507846850166,0.6171249215314982,0.3899235417372856,0.6100764582627144,0.44677932254249947,0.5532206774575006,0.6614830361455752,0.3385169638544247,0.4306738691271177,0.5693261308728823,0.35580060534826474,0.6441993946517353
0.8592819239000263,0.14071807609997364,0.2944905120594081,0.7055094879405919,0.16566977483472314,0.8343302251652769,0.8379340021949908,0.1620659978050092,0.20892920503355075,0.7910707949664493,0.7433707879823573,0.2566292120176426,0.7912886828153688,0.2087113171846313,0.9251775742047499,0.07482242579525003,0.15721717088718348,0.8427828291128165,0.14526323591835813,0.8547367640816418
0.7740384403665341,0.22596155963346579,0.2468480696168012,0.7531519303831988,0.1932808919184869,0.806719108081513,0.9036441597647743,0.09635584023522577,0.14510673040478367,0.8548932695952163,0.7838195995370958,0.21618040046290424,0.7464136649408669,0.2535863350591331,0.8921323312930316,0.10786766870696844,0.1881200372469064,0.8118799627530937,0.18359349325646362,0.8164065067435364
0.6121416893224925,0.38785831067750753,0.49552158538200086,0.5044784146179991,0.2969585692099498,0.7030414307900502,0.7412273184095403,0.2587726815904597,0.2655502558175995,0.7344497441824006,0.666117663658834,0.33388233634116593,0.6494489258905339,0.350551074109466,0.8446206058459136,0.1553793941540864,0.3289523038858899,0.6710476961141101,0.31976659022099463,0.6802334097790054
0.6660483228565359,0.333951677143464,0.4376987961738258,0.5623012038261742,0.2738127406934017,0.7261872593065983,0.8065583022933549,0.19344169770664518,0.20260006067541375,0.7973999393245862,0.743273906287071,0.2567260937129291,0.7096679850234225,0.2903320149765775,0.8538929027320004,0.14610709726799978,0.2334110796108349,0.766588920389165,0.2672197105118997,0.7327802894881003
0.7190046516542011,0.28099534834579876,0.41387772794578503,0.586122272054215,0.47487772086207214,0.5251222791379279,0.683378585081827,0.316621414918173,0.3431742503083991,0.656825749691601,0.5579518235752429,0.44204817642475713,0.5908317712203927,0.40916822877960735,0.6526080246700894,0.3473919753299105,0.3310801305755444,0.6689198694244556,0.2684748160997911,0.7315251839002089
0.8427951630451872,0.15720483695481285,0.19443739334822713,0.8055626066517729,0.290655677593036,0.709344322406964,0.7910938879072049,0.208906112092795,0.26008204126509904,0.739917958734901,0.7351775612038169,0.26482243879618306,0.7660687051505178,0.2339312948494821,0.7916015569789343,0.20839844302106578,0.2266746096452554,0.7733253903547446,0.11455858924372055,0.8854414107562795
0.5379605540017961,0.4620394459982039,0.4211570471228711,0.5788429528771288,0.5918274733206734,0.4081725266793266,0.6112218307556914,0.38877816924430875,0.4414036908455521,0.5585963091544478,0.42524361914307623,0.5747563808569237,0.4602113385058608,0.5397886614941393,0.4974991481720865,0.5025008518279135,0.4967536068650121,0.5032463931349879,0.4647660466750444,0.5352339533249556
0.6418365588203486,0.3581634411796513,0.44061183309016283,0.5593881669098371,0.49410473335831145,0.5058952666416885,0.6544704723643251,0.3455295276356749,0.4636294427579128,0.5363705572420872,0.4081782372971399,0.5918217627028601,0.44625368546020944,0.5537463145397906,0.6395599639783877,0.36044003602161234,0.5133898317725847,0.4866101682274153,0.2987201082679149,0.7012798917320852
0.9088161709919091,0.09118382900809095,0.15078157820779056,0.8492184217922095,0.1695529826620059,0.8304470173379942,0.9021409651140867,0.09785903488591333,0.22543091930103007,0.7745690806989699,0.7661061383221032,0.2338938616778969,0.7739314885057822,0.2260685114942178,0.8789527248841974,0.12104727511580272,0.12558182689798658,0.8744181731020133,0.09543038295931568,0.9045696170406843
0.40190898934509045,0.5980910106549095,0.5970304436229086,0.4029695563770914,0.6998061159001047,0.30019388409989534,0.5274773775254425,0.47252262247455745,0.6311318839287413,0.3688681160712587,0.22492319353414442,0.7750768064658555,0.27477214104016223,0.7252278589598378,0.3829685276460794,0.6170314723539206,0.6517093365020782,0.3482906634979218,0.599201726146335,0.40079827385366495
0.45011237259189235,0.5498876274081076,0.6689150726604655,0.33108492733953454,0.6682333217851374,0.3317666782148626,0.5164774409045421,0.48352255909545794,0.6177572083587607,0.38224279164123937,0.2964941252527676,0.7035058747472325,0.3097276412385301,0.6902723587614699,0.47883754107070386,0.5211624589292961,0.604331650034783,0.395668349965217,0.4488539337947802,0.5511460662052198
0.6577111008720105,0.3422888991279895,0.5246871126533744,0.4753128873466255,0.4830442389813326,0.5169557610186675,0.702134062001453,0.29786593799854694,0.41704090566113994,0.5829590943388601,0.5478886984443047,0.45211130155569534,0.5446615492679115,0.45533845073208845,0.7014711448021779,0.2985288551978221,0.34574267653986496,0.654257323460135,0.2618398256542226,0.7381601743457774
0.9325005993677526,0.0674994006322474,0.11875578540758285,0.8812442145924172,0.12872978569001195,0.871270214309988,0.9063380543761321,0.09366194562386779,0.1525707329954808,0.8474292670045191,0.8512115337878285,0.14878846621217154,0.8560479065342455,0.1439520934657544,0.9140337706041558,0.0859662293958441,0.12720799827450316,0.8727920017254968,0.052926240417896536,0.9470737595821035
0.915699928264628,0.084300071735372,0.10397149360007633,0.8960285063999237,0.12815584916455805,0.871844150835442,0.9291798467998411,0.0708201532001589,0.1396245766314048,0.8603754233685953,0.8507271495323756,0.1492728504676245,0.8402976056248379,0.15970239437516215,0.9028604774384328,0.09713952256156724,0.1253428943053931,0.8746571056946069,0.06990228965167253,0.9300977103483274
0.2836497643471457,0.7163502356528543,0.7663332731728072,0.2336667268271929,0.7105784703858933,0.2894215296141067,0.41777098408679264,0.5822290159132073,0.6407164593210615,0.3592835406789386,0.24249270961459704,0.757507290385403,0.24254324386935536,0.7574567561306446,0.39763810878671196,0.602361891213288,0.7238995963037947,0.27610040369620525,0.6810695369836898,0.3189304630163103
0.6958379821021163,0.3041620178978837,0.4724532226762728,0.5275467773237271,0.4601003631647316,0.5398996368352684,0.6431746782668628,0.35682532173313714,0.42661531160342625,0.5733846883965739,0.46663135520745075,0.5333686447925492,0.5130845724416712,0.4869154275583289,0.6284492739838671,0.3715507260161329,0.35832192439029487,0.6416780756097051,0.2807706031899496,0.7192293968100503
0.7427668492080398,0.25723315079196013,0.42293395812604506,0.5770660418739549,0.3593189867576869,0.6406810132423131,0.6570503124814289,0.3429496875185711,0.4266078269546728,0.5733921730453271,0.5196187469085018,0.48038125309149804,0.5637825156298623,0.43621748437013763,0.7224720088725178,0.2775279911274822,0.3647248235534209,0.6352751764465792,0.2189358544750431,0.7810641455249568
0.892446515831067,0.10755348416893304,0.1752416822011174,0.8247583177988825,0.14815504778458138,0.8518449522154186,0.8740922002127351,0.1259077997872649,0.18914401046342869,0.8108559895365712,0.838470657053291,0.16152934294670895,0.8275058028338153,0.17249419716618475,0.9031219966999058,0.09687800330009413,0.15319829432464416,0.846801705675356,0.08124920648131227,0.9187507935186878
0.9442425526531393,0.055757447346860646,0.08859759009120653,0.9114024099087934,0.06722316650259635,0.9327768334974036,0.9596318285521671,0.040368171447832855,0.08462379368273507,0.915376206317265,0.9334984758472672,0.06650152415273286,0.921255663365032,0.07874433663496798,0.9639920059121231,0.036007994087876895,0.053604771163849416,0.9463952288361506,0.041692141788543774,0.9583078582114561
0.9283750929883909,0.0716249070116091,0.11501145284380633,0.8849885471561938,0.13730713296667846,0.8626928670333215,0.9364352465290744,0.06356475347092563,0.11515385138158779,0.8848461486184123,0.8808760729677253,0.11912392703227473,0.8592750954071413,0.14072490459285864,0.9094801020047603,0.09051989799523971,0.10310714671592935,0.8968928532840706,0.054160527359262044,0.945839472640738
0.980415660721655,0.0195843392783449,0.029595920831559205,0.9704040791684407,0.03642997898718108,0.9635700210128189,0.9676421489866622,0.03235785101333766,0.06542439434943954,0.9345756056505605,0.9315654852193322,0.06843451478066771,0.9447560653700933,0.05524393462990678,0.9637450776085291,0.03625492239147092,0.03959000577567318,0.9604099942243268,0.016996871713661148,0.9830031282863388
0.98348264397518,0.016517356024819966,0.025780594958460468,0.9742194050415396,0.020980522073694132,0.9790194779263057,0.9737795915594699,0.026220408440530155,0.05561193444643941,0.9443880655535607,0.965782828620092,0.03421717137990803,0.9637263578071786,0.03627364219282127,0.9797915191242338,0.020208480875766134,0.022917844783993592,0.9770821552160064,0.012842408646071649,0.9871575913539283
0.9799748541045714,0.020025145895428562,0.025373536562105878,0.9746264634378942,0.018948818910600008,0.9810511810894,0.9839980095222953,0.01600199047770453,0.04846903717208143,0.9515309628279186,0.9630122150760572,0.0369877849239427,0.9622464521542271,0.0377535478457728,0.9879921447428293,0.012007855257170722,0.017517411094909792,0.9824825889050901,0.015690911439177266,0.9843090885608227
0.9894660978716193,0.01053390212838065,0.018643009927247853,0.9813569900727522,0.010911672389785536,0.9890883276102145,0.987982449025643,0.012017550974356915,0.03823106039012271,0.9617689396098774,0.9760236780027576,0.02397632199724236,0.9713131102259289,0.02868688977407105,0.991571812752888,0.008428187247111994,0.010431548274689366,0.9895684517253106,0.009015063273812917,0.990984936726187
0.9840772042483675,0.015922795751632482,0.031617380002733085,0.968382619997267,0.026442328745480352,0.9735576712545198,0.9798928135767121,0.02010718642328793,0.05869273583530634,0.9413072641646937,0.9621913375063791,0.03780866249362083,0.9449729963621116,0.05502700363788823,0.9755119136132455,0.024488086386754607,0.02338129854216913,0.9766187014578309,0.013258838905577483,0.9867411610944226
0.9872914453483808,0.01270855465161925,0.026587584916967232,0.9734124150830327,0.023227519101261803,0.9767724808987381,0.976063566382191,0.023936433617808846,0.05662682964481443,0.9433731703551856,0.9701828319022493,0.029817168097750608,0.9608882850746596,0.03911171492534036,0.9780112344545032,0.021988765545496655,0.021211796206890433,0.9787882037931096,0.009907579153519834,0.9900924208464802
0.9837562450748768,0.01624375492512311,0.02291439087559694,0.977085609124403,0.02249655574638113,0.9775034442536189,0.9778411881315242,0.022158811868475712,0.0492384792450732,0.9507615207549268,0.9650389218556532,0.03496107814434685,0.9541850872443335,0.04581491275566649,0.9702460590986235,0.02975394090137655,0.025050614889492177,0.9749493851105078,0.015602959082640243,0.9843970409173597
0.9577913395155994,0.04220866048440055,0.06645810963746927,0.9335418903625308,0.08587880471868416,0.9141211952813159,0.9355177349821325,0.06448226501786754,0.1256694273593346,0.8743305726406653,0.8950394847457956,0.10496051525420436,0.8791201823805858,0.12087981761941424,0.9162878867457579,0.08371211325424216,0.0736607535464617,0.9263392464535382,0.028529273336990964,0.971470726663009
0.9782460197372768,0.021753980262723342,0.042045589709165096,0.9579544102908348,0.038288309850899045,0.9617116901491009,0.9598981101857579,0.04010188981424213,0.09489634005705626,0.9051036599429437,0.9293682953922747,0.07063170460772526,0.9097837917908242,0.09021620820917566,0.9566759033262097,0.043324096673790405,0.04509925754549404,0.954900742454506,0.01767093199175435,0.9823290680082456
0.9324164913353945,0.06758350866460545,0.1054327380526756,0.8945672619473244,0.10043718828955023,0.8995628117104498,0.9205689849746409,0.07943101502535915,0.17364339512768603,0.8263566048723139,0.8159924540828627,0.18400754591713722,0.7755060611816899,0.2244939388183102,0.8895838152849179,0.11041618471508205,0.11969363507368197,0.880306364926318,0.07322227614787682,0.9267777238521232
0.5102543429986357,0.48974565700136424,0.655338736589857,0.34466126341014314,0.5612428473850436,0.43875715261495646,0.5488479895101978,0.45115201048980225,0.6102031515882633,0.38979684841173673,0.2992382682279231,0.7007617317720769,0.30752983560828306,0.6924701643917169,0.5286856609136803,0.47131433908631964,0.5977646707001997,0.4022353292998004,0.5794218660831658,0.42057813391683424
0.5730111428290038,0.42698885717099616,0.6713375035967478,0.3286624964032521,0.5297463438489398,0.47025365615106013,0.6091989826492824,0.3908010173507176,0.5261618298440524,0.4738381701559476,0.3819402710213288,0.6180597289786712,0.36705495434218194,0.6329450456578181,0.5980401521699696,0.4019598478300303,0.4548412544086711,0.5451587455913289,0.448226289145583,0.551773710854417
0.5116797796380382,0.4883202203619619,0.7098941210166387,0.2901058789833613,0.6696567373954448,0.33034326260455515,0.46306260372189617,0.5369373962781038,0.6101908567022717,0.38980914329772837,0.3151362029666627,0.6848637970333373,0.2811301895259099,0.71886981047409,0.4256531981851068,0.5743468018148932,0.6242558494616216,0.37574415053837834,0.4618979065872922,0.5381020934127079
0.7879175650685719,0.21208243493142803,0.3328258667026349,0.6671741332973651,0.34341504006893514,0.6565849599310649,0.7534225361828396,0.24657746381716042,0.29437606837799873,0.7056239316220012,0.7029545206551525,0.2970454793448475,0.6250931586324563,0.37490684136754376,0.7389225948529095,0.2610774051470905,0.31756573689329876,0.6824342631067013,0.1486729361497701,0.8513270638502299
0.7844196066450575,0.21558039335494256,0.3012617401411171,0.6987382598588828,0.29216344315692494,0.7078365568430751,0.7638680506945714,0.23613194930542866,0.24884524097439195,0.751154759025608,0.7379795352527408,0.26202046474725915,0.6749754772542997,0.3250245227457004,0.755452497702823,0.2445475022971771,0.2850610312374735,0.7149389687625265,0.1911824721527625,0.8088175278472375
0.8016905577627123,0.1983094422372877,0.28867854370425394,0.7113214562957461,0.3342856740483442,0.6657143259516557,0.7695459620581203,0.23045403794187982,0.28469153929347835,0.7153084607065217,0.6730866881213682,0.3269133118786318,0.626231116194906,0.373768883805094,0.7267703264910492,0.2732296735089509,0.30867483160395076,0.6913251683960492,0.1510183133250774,0.8489816866749227
0.966529075481019,0.03347092451898102,0.0680830829245622,0.9319169170754377,0.06772978123809052,0.9322702187619094,0.9316123119304518,0.06838768806954805,0.13572868910936695,0.864271310890633,0.877939423679066,0.12206057632093394,0.8921487880051822,0.10785121199481774,0.9382893672716467,0.06171063272835322,0.06977177772380289,0.9302282222761971,0.03623716290612321,0.9637628370938769
0.9745606873485926,0.02543931265140745,0.0370633967478403,0.9629366032521597,0.03717913302256602,0.962820866977434,0.9628738081488913,0.03712619185110873,0.09607802358744826,0.9039219764125518,0.9381450017086237,0.061854998291376244,0.9361941238887399,0.06380587611126014,0.9648538817246303,0.035146118275369786,0.03781902649880724,0.9621809735011927,0.021746725086427617,0.9782532749135725
0.2553325594490562,0.7446674405509437,0.7751519331331087,0.2248480668668913,0.7882835240583008,0.2117164759416991,0.35940024452967545,0.6405997554703244,0.7391170324820475,0.26088296751795254,0.16429772468457238,0.8357022753154276,0.21065852632298923,0.7893414736770108,0.28301260096606085,0.7169873990339392,0.7465137540888777,0.2534862459111223,0.813634625362655,0.18636537463734504
0.20704739424803756,0.7929526057519624,0.8666174145888221,0.13338258541117792,0.894136479835527,0.10586352016447291,0.21235291830614242,0.7876470816938577,0.8049688453894451,0.19503115461055479,0.10432511454828015,0.8956748854517199,0.15259149413769546,0.8474085058623047,0.16883524214107276,0.8311647578589273,0.8044358753771031,0.19556412462289693,0.7385827850724614,0.26141721492753867
0.2683192437799599,0.7316807562200401,0.8496281757357486,0.15037182426425144,0.8184500407839387,0.18154995921606135,0.23082171798965537,0.7691782820103447,0.797722838625166,0.20227716137483398,0.1336601578929873,0.8663398421070126,0.19839285878195712,0.801607141218043,0.28781472893507715,0.7121852710649228,0.8075677405148537,0.19243225948514636,0.7298539979083851,0.2701460020916149
0.5038411939993931,0.49615880600060697,0.5213117501275822,0.4786882498724178,0.5345359969702971,0.4654640030297029,0.63307523914659,0.36692476085340986,0.4017100889896292,0.5982899110103709,0.5166612498586746,0.4833387501413255,0.5178027483197702,0.48219725168022975,0.6635571871995508,0.3364428128004492,0.5040226930547431,0.4959773069452569,0.3532638650771036,0.6467361349228964
0.3827344536806635,0.6172655463193366,0.64720902571547,0.3527909742845299,0.7784318867697617,0.2215681132302382,0.43014900386595056,0.5698509961340494,0.584032327206012,0.415967672793988,0.33757884059838567,0.6624211594016144,0.3185764116416726,0.6814235883583274,0.3207990145228454,0.6792009854771546,0.6383482460058333,0.3616517539941668,0.5257634698636973,0.4742365301363028
0.5753884914346017,0.42461150856539837,0.47023051103019353,0.5297694889698065,0.6377470129448849,0.3622529870551151,0.48689979064483246,0.5131002093551675,0.5284922693501111,0.47150773064988893,0.4369164089218475,0.5630835910781524,0.4328466150439692,0.5671533849560308,0.45027906125639205,0.5497209387436078,0.5828209201286177,0.41717907987138225,0.3286877322585036,0.6713122677414963
0.6653379939520007,0.33466200604799934,0.384035059051893,0.615964940948107,0.5086248043629297,0.49137519563707033,0.619575752001343,0.38042424799865704,0.474056004249022,0.525943995750978,0.407141744104252,0.5928582558957479,0.42032631980071955,0.5796736801992804,0.48864082215618826,0.5113591778438118,0.4678743629260818,0.5321256370739182,0.43008506627466186,0.5699149337253381
0.5056994703268144,0.49430052967318566,0.5836303810062887,0.4163696189937112,0.660802782402937,0.339197217597063,0.4542139843170932,0.5457860156829069,0.6494930683270167,0.35050693167298325,0.28977885552464244,0.7102211444753576,0.31410703856088135,0.6858929614391187,0.40839819905588387,0.5916018009441161,0.6501176648771612,0.3498823351228389,0.41621452580425367,0.5837854741957464
0.8222308008820588,0.17776919911794115,0.28998226042374564,0.7100177395762544,0.279464540909726,0.7205354590902739,0.8029746688628336,0.19702533113716636,0.3707484317683337,0.6292515682316663,0.6157413411495044,0.3842586588504956,0.6519958448224148,0.3480041551775852,0.8185675332750281,0.181432466724972,0.25076501921495226,0.7492349807850477,0.1923336042494103,0.8076663957505898
0.866899928330115,0.13310007166988508,0.16702721442292298,0.832972785577077,0.20897554768880852,0.7910244523111916,0.8854766885989123,0.11452331140108776,0.25811552734051185,0.7418844726594881,0.7454223051226024,0.2545776948773976,0.7485457299833718,0.25145427001662835,0.8629270886251653,0.13707291137483468,0.17755493744474415,0.8224450625552558,0.11643960939986665,0.8835603906001335
0.7518823028785129,0.24811769712148712,0.3102488847323911,0.6897511152676088,0.45195897564694354,0.5480410243530565,0.7249347060799003,0.27506529392009976,0.4082261757988403,0.5917738242011596,0.6243235780648062,0.3756764219351938,0.5716590811439639,0.42834091885603615,0.6004050805590394,0.3995949194409606,0.3158991851709786,0.6841008148290213,0.205340918736114,0.7946590812638861
0.5642092635961471,0.4357907364038529,0.4453993299744877,0.5546006700255123,0.6452523392537736,0.3547476607462263,0.4868240664904893,0.5131759335095106,0.5634187392774762,0.4365812607225238,0.3883429457085187,0.6116570542914813,0.4044146960459811,0.5955853039540189,0.38602941284390363,0.6139705871560964,0.5507995641947984,0.44920043580520164,0.3355452358476795,0.6644547641523205
0.5922177672051293,0.4077822327948707,0.4712064478681069,0.528793552131893,0.592183965943149,0.4078160340568511,0.45169052565247614,0.5483094743475239,0.6047027319774038,0.3952972680225962,0.34287935036635075,0.6571206496336492,0.41662186119296923,0.5833781388070307,0.45682727325329264,0.5431727267467074,0.5818946602418585,0.41810533975814146,0.43790906132054824,0.5620909386794518
0.7110168032119323,0.2889831967880676,0.33861585879591866,0.6613841412040814,0.4643447776499044,0.5356552223500956,0.686339701691432,0.313660298308568,0.47571741500204195,0.5242825849979581,0.5059699182191663,0.4940300817808337,0.5421550034986219,0.45784499650137817,0.6112994725868743,0.3887005274131256,0.3664847428969359,0.6335152571030641,0.24603544884401138,0.7539645511559886
0.7672444389725364,0.2327555610274636,0.310574560972644,0.689425439027356,0.3671140909059908,0.6328859090940092,0.7189867520849641,0.2810132479150359,0.4414452739600121,0.558554726039988,0.5320208438295498,0.46797915617045016,0.5403403270012757,0.45965967299872434,0.6688395658353662,0.3311604341646338,0.3597213022685457,0.6402786977314543,0.20410240596006266,0.7958975940399374
0.4199424591227272,0.5800575408772728,0.6284620249673045,0.3715379750326955,0.6947046363048126,0.30529536369518734,0.444288066167675,0.555711933832325,0.6836849108797156,0.31631508912028444,0.24672863532077344,0.7532713646792266,0.2561109004595645,0.7438890995404356,0.3607812266717927,0.6392187733282072,0.7141435671404133,0.2858564328595866,0.5853716170188488,0.41462838298115123
0.6977088094398579,0.30229119056014203,0.4874025650026553,0.5125974349973448,0.4278550692741924,0.5721449307258076,0.6678934925311513,0.33210650746884873,0.4824684539062002,0.5175315460937999,0.5379655447085689,0.4620344552914311,0.4968730325484155,0.5031269674515846,0.6536442385259646,0.3463557614740353,0.3438795454516428,0.6561204545483573,0.2521157904016449,0.7478842095983551
0.5594687845075917,0.4405312154924082,0.5832452879015184,0.4167547120984815,0.659919727342325,0.340080272657675,0.44686791825269156,0.5531320817473084,0.5943560508322838,0.4056439491677162,0.3950054818592955,0.6049945181407044,0.36595292914534466,0.6340470708546553,0.3772955667235777,0.6227044332764223,0.5559278662471987,0.4440721337528012,0.39931481964926646,0.6006851803507336
0.07865622044047532,0.9213437795595246,0.8965935091262704,0.10340649087372952,0.9554982761420252,0.04450172385797474,0.0892687818343667,0.9107312181656333,0.8857456809559123,0.11425431904408764,0.046791270740862076,0.9532087292591379,0.06504177367757809,0.934958226322422,0.04603956537300872,0.9539604346269912,0.9400022260793736,0.059997773920626385,0.9093347949664243,0.09066520503357563
0.04546150035822632,0.9545384996417737,0.9612813908356185,0.03871860916438138,0.9657725387236515,0.034227461276348466,0.04494217850255929,0.9550578214974407,0.9357470349832357,0.06425296501676431,0.0376264790037046,0.9623735209962954,0.04991942452147985,0.9500805754785201,0.043577416254414324,0.9564225837455856,0.972927949566437,0.02707205043356303,0.9593260538024957,0.04067394619750436
0.10530442894751624,0.8946955710524837,0.9182906202717092,0.08170937972829094,0.8965591756315006,0.10344082436849937,0.16328224173368838,0.8367177582663117,0.8264300754821503,0.17356992451784975,0.10207249218103245,0.8979275078189677,0.11860335977582376,0.8813966402241762,0.161708650082411,0.838291349917589,0.8994507595209892,0.10054924047901076,0.9064001396849911,0.093599860315009
0.09176683813709184,0.9082331618629083,0.9234593656577115,0.0765406343422886,0.9051587470474697,0.09484125295253033,0.1300770585703706,0.8699229414296294,0.8452975184469148,0.15470248155308522,0.08980830071626907,0.9101916992837309,0.10776886609108766,0.8922311339089123,0.14741650824061744,0.8525834917593826,0.9260698703736339,0.07393012962636614,0.9141547142251383,0.08584528577486168
0.012503892980503143,0.987496107019497,0.9807881164860636,0.01921188351393632,0.9848846827275195,0.015115317272480553,0.03065373915674369,0.9693462608432564,0.9452356012788861,0.05476439872111399,0.01931920661786448,0.9806807933821355,0.028835001633007774,0.9711649983669921,0.019289602723989323,0.9807103972760107,0.9852824318666336,0.014717568133366337,0.9906455459484134,0.009354454051586726
0.01763898964959674,0.9823610103504032,0.9833715410953991,0.01662845890460079,0.985800982122721,0.014199017877279011,0.02559529186542499,0.974404708134575,0.9396844650011268,0.060315534998873196,0.025443373555854416,0.9745566264441455,0.036334468163161875,0.9636655318368381,0.0196958727367727,0.9803041272632272,0.9742757934118939,0.02572420658810616,0.9783546720194063,0.021645327980593584
0.029243962326066915,0.970756037673933,0.9732500311036978,0.026749968896302212,0.965798922506125,0.034201077493875,0.03795551134835827,0.9620444886516418,0.908270349122075,0.09172965087792487,0.04213467857954113,0.957865321420459,0.06485887043665214,0.9351411295633479,0.04831984856265558,0.9516801514373444,0.9680595631299594,0.0319404368700406,0.969575771903919,0.030424228096081068
0.030289238817594655,0.9697107611824053,0.9508150032641421,0.049184996735857765,0.9527254720982975,0.04727452790170252,0.06050835677052635,0.9394916432294736,0.8533334210126439,0.14666657898735613,0.06592577286471778,0.9340742271352822,0.0944451471922896,0.9055548528077105,0.06857716885621497,0.931422831143785,0.9555190310005941,0.04448096899940604,0.9665304735356995,0.0334695264643005
0.02155927207861305,0.978440727921387,0.9647866625410979,0.03521333745890212,0.9679589445408493,0.03204105545915067,0.04636343442752603,0.9536365655724739,0.880072572403488,0.11992742759651198,0.05034936534246745,0.9496506346575324,0.07499631252694357,0.9250036874730565,0.0499628983592433,0.9500371016407568,0.9660340854749512,0.03396591452504886,0.9702361213139612,0.029763878686038813
0.025741631883260997,0.9742583681167389,0.9589821559417916,0.04101784405820847,0.9588672272912426,0.041132772708757336,0.058769128740319636,0.9412308712596803,0.8651644346767268,0.13483556532327318,0.05824323818545033,0.9417567618145496,0.08867479526513904,0.9113252047348609,0.06616425074174011,0.93383574925826,0.9611166692685935,0.038883330731406575,0.9686492699534534,0.031350730046546545
0.08137377677529807,0.9186262232247019,0.8894259097749002,0.11057409022509976,0.9053373458662636,0.09466265413373648,0.1343021584935091,0.865697841506491,0.7627317592439488,0.23726824075605116,0.10892975886443458,0.8910702411355654,0.20629624572451258,0.7937037542754873,0.17842774882271034,0.8215722511772896,0.8632885586045521,0.13671144139544794,0.9171567212946359,0.08284327870536416
0.04935868171621039,0.9506413182837897,0.9242961215759435,0.07570387842405649,0.928824965978537,0.07117503402146307,0.10224287108167804,0.8977571289183219,0.8239408375002297,0.17605916249977027,0.08601205606547632,0.9139879439345237,0.15871422905946325,0.8412857709405367,0.11878973134538696,0.8812102686546132,0.907943636955012,0.09205636304498788,0.9457603367505258,0.05423966324947417
0.06988136322538553,0.9301186367746144,0.9040705454508184,0.09592945454918159,0.8998658956804217,0.10013410431957834,0.12093519054499297,0.879064809455007,0.7839917931399786,0.21600820686002145,0.12315301220958913,0.8768469877904108,0.21268370982614807,0.787316290173852,0.17170499272171616,0.8282950072782839,0.8814768221626277,0.11852317783737232,0.917102119235117,0.08289788076488305
0.1781039519092217,0.8218960480907783,0.7868686822682763,0.2131313177317237,0.7323770969788522,0.2676229030211477,0.32574433261965396,0.674255667380346,0.5983688608764866,0.4016311391235134,0.25710328831267054,0.7428967116873294,0.37362616198668014,0.6263738380133199,0.41608913147713567,0.5839108685228642,0.7100607014120853,0.2899392985879146,0.8283031963919377,0.1716968036080622
0.18238390757661427,0.8176160924233856,0.778427252336928,0.2215727476630719,0.7453303906740809,0.25466960932591903,0.3429052833860498,0.6570947166139502,0.5747325526670267,0.4252674473329733,0.2881395747124421,0.7118604252875579,0.38297617443977533,0.6170238255602247,0.40374247380077505,0.596257526199225,0.6890081099475381,0.3109918900524618,0.790827950703869,0.20917204929613098
0.12548140644104977,0.8745185935589502,0.8637134096545096,0.13628659034549045,0.9042395303080814,0.0957604696919186,0.19043569956663978,0.8095643004333603,0.739996188849023,0.260003811150977,0.1451597479207488,0.8548402520792513,0.2143496025552268,0.7856503974447733,0.18154581965786215,0.8184541803421378,0.8248704052306497,0.17512959476935036,0.8595739160514929,0.14042608394850706
0.08853745489112226,0.9114625451088778,0.8698379295309244,0.13016207046907555,0.9228125165886437,0.07718748341135626,0.14377820766631919,0.8562217923336808,0.7751275349619137,0.22487246503808636,0.10745501703950192,0.892544982960498,0.1757669955426598,0.8242330044573403,0.13131471936592387,0.8686852806340761,0.8748824500231552,0.12511754997684477,0.8943797867091667,0.10562021329083326
0.1879591720861608,0.8120408279138391,0.7635821846779107,0.23641781532208928,0.8596766749998457,0.14032332500015426,0.2172244604775921,0.782775539522408,0.7022748074048972,0.29772519259510277,0.17476156884219904,0.8252384311578009,0.2862827258333025,0.7137172741666975,0.24651080296084846,0.7534891970391516,0.7912745297028503,0.20872547029714966,0.7697310651040429,0.23026893489595704
0.09128512991665721,0.9087148700833427,0.8863098312490405,0.11369016875095948,0.9075662087740389,0.09243379122596111,0.22364876623316207,0.7763512337668378,0.7793884561524383,0.2206115438475616,0.07505639229208375,0.9249436077079163,0.1211784693153331,0.8788215306846668,0.15587599163053711,0.8441240083694628,0.8939638205771218,0.10603617942287828,0.9125085841813311,0.08749141581866886
0.2850223236398846,0.7149776763601153,0.7316584246968568,0.26834157530314323,0.7813746261048066,0.2186253738951934,0.4068007287790886,0.5931992712209113,0.6353657902622071,0.36463420973779304,0.184631525366342,0.8153684746336579,0.27151919145655296,0.7284808085434471,0.3651441673782883,0.6348558326217117,0.7097081221647443,0.2902918778352558,0.6712586863510857,0.32874131364891435
0.11344573904751765,0.8865542609524822,0.8891016368652627,0.11089836313473732,0.8928944228558074,0.10710557714419261,0.2296806235934498,0.7703193764065501,0.7997928251380789,0.20020717486192105,0.08115639273771966,0.9188436072622804,0.1412470295668877,0.8587529704331123,0.1876622523946482,0.8123377476053518,0.8724179173718393,0.1275820826281608,0.9128512593156975,0.0871487406843025
0.14640189570810483,0.8535981042918952,0.8957392191396812,0.1042607808603187,0.8841120981238711,0.11588790187612891,0.2559384327337534,0.7440615672662465,0.7383328108877215,0.26166718911227843,0.13575446067556765,0.8642455393244323,0.16148671881777255,0.8385132811822275,0.21152278922638013,0.7884772107736198,0.805326796587732,0.1946732034122679,0.7911824018330659,0.20881759816693418
0.047120880527255694,0.9528791194727444,0.9557691540949834,0.04423084590501658,0.9373863877709984,0.06261361222900162,0.10540819758124056,0.8945918024187594,0.8507900639580173,0.1492099360419828,0.04849655290713395,0.951503447092866,0.09204154709984756,0.9079584529001524,0.10826585804243556,0.8917341419575645,0.942856843747707,0.057143156252293034,0.9481334286054874,0.05186657139451256
0.12181767883833475,0.8781823211616653,0.8855793046230341,0.11442069537696599,0.82860482845982,0.1713951715401801,0.222451107256194,0.7775488927438059,0.671550932224848,0.3284490677751521,0.19508778916926975,0.8049122108307303,0.22954518775965918,0.770454812240341,0.28703293408238284,0.7129670659176172,0.8271318197164778,0.17286818028352213,0.8151918058882105,0.18480819411178945
0.1995665733666617,0.8004334266333383,0.8342529901558272,0.1657470098441728,0.7810135500729244,0.2189864499270757,0.32484944542915317,0.6751505545708468,0.5884561634841002,0.4115438365158998,0.23348119127380831,0.7665188087261918,0.30327751066719927,0.6967224893328008,0.4018101139164867,0.5981898860835133,0.7286424270909589,0.27135757290904117,0.7444687098186994,0.2555312901813007
0.3191234437321432,0.6808765562678569,0.6776133921348001,0.32238660786519996,0.6280799181826334,0.37192008181736663,0.4640526295068179,0.5359473704931821,0.4376558338350365,0.5623441661649635,0.41696254699286395,0.583037453007136,0.4632402689542967,0.5367597310457034,0.5569877276331333,0.44301227236686674,0.5963725949810833,0.40362740501891675,0.5367971270522046,0.4632028729477954
0.7673810923016385,0.23261890769836147,0.26227823253892013,0.7377217674610799,0.2131790322616501,0.7868209677383498,0.8013195600822625,0.19868043991773768,0.18420829174061065,0.8157917082593893,0.7577150864662874,0.24228491353371265,0.8430893602654006,0.1569106397345993,0.8945146985334639,0.10548530146653606,0.20264126214458203,0.797358737855418,0.19986291775150433,0.8001370822484958
0.22772723667667844,0.7722727633233216,0.7729620328942967,0.22703796710570331,0.6747561018052999,0.3252438981947002,0.42592639595090026,0.5740736040490997,0.5496229710429716,0.45037702895702825,0.291660157962277,0.708339842037723,0.3424767399594779,0.6575232600405221,0.4638468111805011,0.5361531888194988,0.6667309027023143,0.3332690972976857,0.7640991055741267,0.23590089442587325
0.33074745765123276,0.6692525423487672,0.7527768445540465,0.2472231554459536,0.6305962638296052,0.3694037361703948,0.42620970044156165,0.5737902995584383,0.5193013782084301,0.48069862179156975,0.2910087969754848,0.7089912030245152,0.4221979786572417,0.5778020213427584,0.564551306902482,0.43544869309751805,0.5808911800868793,0.41910881991312066,0.6049426248681682,0.3950573751318318
0.46576344260262054,0.5342365573973794,0.6186647039295041,0.3813352960704959,0.4287804881707622,0.5712195118292378,0.6123168881191836,0.38768311188081644,0.3806640782016288,0.6193359217983713,0.4723916041121662,0.5276083958878338,0.5765829001365159,0.423417099863484,0.7579733606361703,0.24202663936382968,0.4190349459997891,0.5809650540002109,0.5190717704957423,0.4809282295042578
0.5518885960339872,0.4481114039660128,0.47509335240594625,0.5249066475940538,0.31804438034517557,0.6819556196548244,0.7179570664513356,0.2820429335486644,0.26517662993640795,0.7348233700635921,0.6774828577175132,0.3225171422824868,0.7047008352861969,0.2952991647138032,0.8254863300881337,0.17451366991186645,0.298598805689915,0.7014011943100851,0.36672429666844214,0.6332757033315578
0.5548150617088646,0.44518493829113537,0.4809781676546918,0.5190218323453082,0.36029120938323694,0.639708790616763,0.7273890920488515,0.2726109079511485,0.24637823188450306,0.753621768115497,0.6755778912677664,0.3244221087322336,0.6934034497127519,0.3065965502872482,0.7967464706585118,0.20325352934148821,0.2975101019862899,0.70248989801371,0.3662160773902131,0.6337839226097869
0.7252854889787907,0.27471451102120914,0.3395226453729385,0.6604773546270614,0.2947366308771495,0.7052633691228505,0.7835652729827091,0.21643472701729088,0.18938302264008755,0.8106169773599123,0.7616249791779415,0.23837502082205844,0.777882943651498,0.2221170563485019,0.8412261914784881,0.1587738085215119,0.2361534086941099,0.76384659130589,0.20229578763436817,0.7977042123656318
0.9108757873739478,0.08912421262605211,0.08414247344187106,0.915857526558129,0.09020715254188771,0.9097928474581124,0.9306247945018516,0.06937520549814846,0.07731108324214486,0.9226889167578551,0.8943342493522631,0.10566575064773692,0.9323953415515374,0.0676046584484627,0.9466538003035126,0.05334619969648742,0.07175998583750862,0.9282400141624915,0.07516658626579982,0.9248334137342002
0.9333104058927278,0.06668959410727222,0.06340763456788014,0.9365923654321198,0.05409278211379807,0.945907217886202,0.9600024501708048,0.0399975498291952,0.05183996376519551,0.9481600362348045,0.9328300651159519,0.06716993488404807,0.9385250100837867,0.06147498991621325,0.9713645229976381,0.02863547700236184,0.05449141061212405,0.945508589387876,0.04563644965250658,0.9543635503474935
0.9619799721298417,0.03802002787015828,0.03701269742269829,0.9629873025773017,0.03066066496002281,0.9693393350399772,0.9784537177645509,0.02154628223544914,0.04544263664677938,0.9545573633532207,0.9515630914169776,0.04843690858302237,0.959260979932496,0.04073902006750386,0.9859298014392422,0.014070198560757608,0.02452283500687877,0.9754771649931212,0.025115783431176462,0.9748842165688236
0.9835298046345701,0.016470195365429895,0.022272082636915172,0.9777279173630848,0.018806883742952394,0.9811931162570476,0.9845562254459278,0.015443774554072101,0.040869211792853466,0.9591307882071465,0.9699671422993529,0.030032857700647054,0.9663855140757879,0.03361448592421208,0.985642542770376,0.014357457229624032,0.014898787400643133,0.9851012125993569,0.012840433424289036,0.987159566575711
0.9863704637539308,0.01362953624606912,0.01617355401200498,0.9838264459879951,0.015324354383440219,0.9846756456165597,0.9867088761528511,0.0132911238471489,0.038115079530778834,0.9618849204692212,0.9762326579256683,0.023767342074331614,0.9720598448612051,0.02794015513879485,0.9880883155642906,0.011911684435709334,0.014267907330674496,0.9857320926693254,0.007665695759226393,0.9923343042407735
0.9506662626751766,0.04933373732482328,0.049928625226641744,0.9500713747733582,0.03785059018591639,0.9621494098140836,0.9684112536430587,0.031588746356941234,0.059344547097807655,0.9406554529021922,0.9400437718349793,0.05995622816502077,0.9202257728954985,0.07977422710450142,0.9636954139148953,0.03630458608510459,0.03859304202247802,0.961406957977522,0.04132174199990833,0.9586782580000917
0.8116750679468892,0.18832493205311082,0.268402347445388,0.7315976525546121,0.1473563816448544,0.8526436183551456,0.8651915034020413,0.13480849659795854,0.17703961414671626,0.8229603858532837,0.7531565231012077,0.24684347689879219,0.7765680354723529,0.22343196452764716,0.92968605292591,0.07031394707408992,0.16818449367346683,0.8318155063265331,0.1722372553696698,0.8277627446303302
0.8959222829298713,0.10407771707012874,0.16194725348593678,0.8380527465140631,0.0786633042246782,0.9213366957753218,0.932129078585203,0.06787092141479707,0.11410134480711502,0.8858986551928849,0.8641467623264831,0.135853237673517,0.8820290109106285,0.1179709890893716,0.9650217527000786,0.0349782472999213,0.05864677628566588,0.941353223714334,0.10872717855320452,0.8912728214467954
0.9438665391338846,0.0561334608661154,0.12240641662025462,0.8775935833797454,0.07415490447175088,0.925845095528249,0.9619878837739086,0.03801211622609134,0.07008492090221066,0.9299150790977894,0.9130489590482743,0.08695104095172564,0.8742360013774564,0.12576399862254353,0.9615215896573828,0.03847841034261728,0.056955451883555504,0.9430445481164446,0.04623014970567178,0.9537698502943283
0.42749015703530047,0.5725098429646994,0.648355113193148,0.3516448868068519,0.5230251109369699,0.4769748890630301,0.6065372319644191,0.393462768035581,0.38987456778975355,0.6101254322102465,0.4011921561836795,0.5988078438163205,0.37775996266091605,0.6222400373390838,0.5741517131449203,0.42584828685507964,0.5229055627084428,0.47709443729155715,0.4861283466431541,0.5138716533568458
0.6895365736553551,0.31046342634464485,0.4834622144482055,0.5165377855517945,0.40567334820709894,0.5943266517929011,0.652144260333056,0.347855739666944,0.3002468274137955,0.6997531725862045,0.6148062739754578,0.38519372602454216,0.571611546582873,0.42838845341712684,0.6636253540804219,0.33637464591957816,0.3354857449117962,0.6645142550882038,0.21691854155998846,0.7830814584400116
0.23570533908787084,0.7642946609121293,0.827554447906193,0.17244555209380688,0.7564711830167861,0.243528816983214,0.3127545182359404,0.6872454817640596,0.6413111757868193,0.3586888242131806,0.17326598826115144,0.8267340117388485,0.18953667274268535,0.8104633272573147,0.2874522039342312,0.7125477960657688,0.7771576938021535,0.22284230619784653,0.7230434377455107,0.27695656225448917
0.4288627850121124,0.5711372149878876,0.7026143752926511,0.297385624707349,0.6343245024438087,0.36567549755619133,0.4550896566877588,0.5449103433122412,0.4803963721863093,0.5196036278136906,0.30850088810094856,0.6914991118990514,0.316811054316319,0.6831889456836809,0.48021782729746193,0.5197821727025381,0.6313732107369349,0.3686267892630652,0.43709817248665017,0.5629018275133498
0.4649976592425744,0.5350023407574256,0.660460916669485,0.3395390833305149,0.7468275466940747,0.25317245330592525,0.4453233339775496,0.5546766660224505,0.5967047646884879,0.40329523531151223,0.3078966352062551,0.6921033647937448,0.30243615190805767,0.6975638480919423,0.34703379941327706,0.6529662005867228,0.6196633404359587,0.3803366595640413,0.48754445490820486,0.5124555450917951
0.3527773603271978,0.6472226396728021,0.6286865514555785,0.37131344854442144,0.7960584491241594,0.20394155087584062,0.3746683878709515,0.6253316121290484,0.6222112027880026,0.37778879721199743,0.2416176293890137,0.7583823706109863,0.24485093454666965,0.7551490654533304,0.25894896689608166,0.7410510331039184,0.7271511914248476,0.27284880857515237,0.5156392370198031,0.4843607629801969
0.09255097999108611,0.9074490200089139,0.8957744810880397,0.10422551891196032,0.9425170509911631,0.05748294900883694,0.1177400494251334,0.8822599505748665,0.8798166702487464,0.12018332975125351,0.04981341678664467,0.9501865832133553,0.06906339531037999,0.93093660468962,0.07854819565062199,0.921451804349378,0.9408852206463806,0.059114779353619355,0.9225997474970308,0.0774002525029692
0.13209627171402719,0.8679037282859728,0.8886435653584329,0.111356434641567,0.926131758158441,0.07386824184155906,0.19834224660708752,0.8016577533929125,0.8350654348478589,0.16493456515214103,0.08193516498872216,0.9180648350112778,0.09687616481040916,0.9031238351895909,0.12088865805034957,0.8791113419496503,0.8871834202142417,0.11281657978575828,0.8128531567164059,0.1871468432835941
0.05031132290043631,0.9496886770995637,0.9508635267647831,0.04913647323521694,0.9639310780028926,0.03606892199710739,0.087609907120404,0.9123900928795959,0.9170711638392769,0.08292883616072316,0.025385079835438498,0.9746149201645614,0.05375631825714444,0.9462436817428557,0.05911477750859045,0.9408852224914096,0.9595379521265087,0.04046204787349134,0.9666513127682166,0.033348687231783476
0.029759263807606132,0.9702407361923939,0.9692538743766163,0.030746125623383806,0.9694979193120637,0.030502080687936205,0.06110677339490481,0.9388932266050953,0.9295096666753258,0.0704903333246742,0.02926662982661276,0.9707333701733872,0.045847901665851495,0.9541520983341486,0.04901786209744146,0.9509821379025586,0.9780862210089345,0.021913778991065565,0.9761597760569101,0.02384022394308993
0.07751471848619895,0.9224852815138009,0.9547601463494534,0.045239853650546585,0.9189321144459663,0.08106788555403367,0.1673027225723319,0.8326972774276682,0.8252294426095932,0.1747705573904068,0.10354311085517955,0.8964568891448205,0.11955873507093139,0.8804412649290685,0.16670242706326793,0.833297572936732,0.8770234762681592,0.12297652373184086,0.9254877709935676,0.07451222900643242
0.10268059900196225,0.8973194009980378,0.9040867988454223,0.0959132011545777,0.850961656303024,0.14903834369697602,0.16135628417050926,0.8386437158294908,0.7343373746029871,0.26566262539701285,0.18052112906963153,0.8194788709303685,0.20143372372408036,0.7985662762759196,0.235934285404053,0.764065714595947,0.8681672584506991,0.1318327415493009,0.8528703383557668,0.1471296616442333
0.2462520738848944,0.7537479261151055,0.7464267979438074,0.25357320205619266,0.760908893703566,0.23909110629643401,0.3148349562666998,0.6851650437333002,0.5643847289433276,0.43561527105667236,0.31291036611392614,0.6870896338860738,0.3464681552467307,0.6535318447532693,0.3697807474446556,0.6302192525553445,0.7004051211502319,0.29959487884976804,0.6784760707527978,0.32152392924720213
0.33409210966307973,0.6659078903369203,0.6813835402296979,0.3186164597703021,0.7365711353113087,0.2634288646886913,0.33617801070089637,0.6638219892991035,0.5601161871399187,0.4398838128600813,0.38867338753174746,0.6113266124682526,0.4272764695009559,0.5727235304990441,0.42243571200159763,0.5775642879984024,0.6537457444501924,0.3462542555498076,0.5525149332367801,0.4474850667632198
0.700481260893052,0.29951873910694804,0.2913382849388335,0.7086617150611665,0.3996845803169616,0.6003154196830384,0.6859133335253567,0.3140866664746433,0.3029847392109021,0.6970152607890979,0.6156122061864838,0.38438779381351623,0.7183765250540691,0.28162347494593093,0.7163799180664007,0.28362008193359933,0.32572017693804467,0.6742798230619552,0.27470478957034716,0.7252952104296527
0.8775644004263893,0.12243559957361082,0.12214049347800503,0.8778595065219951,0.16562714288935168,0.8343728571106483,0.8665319982017421,0.13346800179825802,0.1989275419093097,0.8010724580906903,0.7953670108626972,0.2046329891373027,0.8846578009937195,0.11534219900628039,0.9037008845408095,0.09629911545919051,0.13170573477567502,0.8682942652243251,0.10409458249285673,0.8959054175071434
0.9489601136461333,0.051039886353866616,0.05442145365215654,0.9455785463478436,0.05932236719783891,0.940677632802161,0.9537283545165731,0.04627164548342684,0.11547361854017028,0.8845263814598299,0.9193516802741257,0.08064831972587426,0.9369846698990704,0.06301533010092972,0.9632898136219016,0.03671018637809842,0.04340860761709434,0.9565913923829056,0.03936634983457916,0.9606336501654209
0.8799484028564992,0.12005159714350072,0.11840079045347678,0.8815992095465233,0.12395315105907974,0.8760468489409203,0.907608897676082,0.09239110232391803,0.19476068427125287,0.8052393157287472,0.8123865943555456,0.1876134056444544,0.8579726522036571,0.14202734779634277,0.9156187126495323,0.08438128735046767,0.09494022520937828,0.9050597747906217,0.11754119813615266,0.8824588018638474
0.9160175131067809,0.0839824868932191,0.09115370495180064,0.9088462950481995,0.09311147163369289,0.9068885283663071,0.9394912988743039,0.06050870112569596,0.1305290242209384,0.8694709757790615,0.8797518775867554,0.12024812241324463,0.891244762923131,0.10875523707686899,0.9416420265599029,0.05835797344009713,0.06104969894222158,0.9389503010577784,0.052879434521074756,0.9471205654789252
0.9478678270979466,0.05213217290205341,0.07276966821464169,0.9272303317853583,0.06329625489431116,0.9367037451056888,0.9428070561578397,0.05719294384216037,0.11289987751259406,0.887100122487406,0.9218380485984433,0.07816195140155657,0.9301310839326326,0.06986891606736756,0.9600659701110104,0.03993402988898962,0.043396044787299345,0.9566039552127006,0.038057245974892316,0.9619427540251078
0.9757684347320086,0.02423156526799149,0.02193357799825234,0.9780664220017476,0.02600934445289104,0.9739906555471088,0.9805269052924706,0.019473094707529504,0.0491682959708438,0.9508317040291563,0.9648365942028605,0.03516340579713954,0.9659889274499578,0.03401107255004214,0.9780202998321302,0.021979700167869872,0.022872531240548694,0.9771274687594512,0.015631642070723234,0.9843683579292767
0.7920129715597708,0.2079870284402292,0.216700426880307,0.783299573119693,0.1881632947559071,0.8118367052440929,0.8700820766464812,0.12991792335351893,0.18916409432369993,0.8108359056763,0.7292007604966101,0.2707992395033899,0.7608433367472341,0.2391566632527659,0.8806142946310598,0.11938570536894025,0.18589062219769836,0.8141093778023015,0.17778322713598016,0.8222167728640198
0.9238038887129506,0.07619611128704927,0.1382066652269141,0.8617933347730858,0.0689168506739156,0.9310831493260844,0.9398274323283738,0.060172567671626195,0.0985504715684962,0.9014495284315038,0.8803748554630763,0.11962514453692388,0.8772996947306857,0.12270030526931425,0.9701966407799025,0.029803359220097497,0.06659257701323054,0.9334074229867694,0.05521567550322695,0.944784324496773
0.6204232530364032,0.37957674696359667,0.5466884053065028,0.45331159469349724,0.3387285566362816,0.6612714433637183,0.6926034277582686,0.3073965722417314,0.3801068289470192,0.6198931710529808,0.4872635338647375,0.5127364661352625,0.5084518389114278,0.49154816108857236,0.7466774271483478,0.2533225728516522,0.362016601200863,0.637983398799137,0.4669826441987655,0.5330173558012345
0.35281159355277236,0.6471884064472276,0.796150003206272,0.20384999679372792,0.5868809665603505,0.4131190334396495,0.4620473744807234,0.5379526255192767,0.5472419306545172,0.45275806934548274,0.32372490701220047,0.6762750929877996,0.323036100718304,0.676963899281696,0.5612987011219279,0.43870129887807213,0.6310496039431571,0.3689503960568428,0.6320076221256904,0.3679923778743096
0.5427851433222934,0.45721485667770667,0.689065479525288,0.310934520474712,0.41307895650048493,0.586921043499515,0.6011424773813742,0.39885752261862584,0.38825074883227,0.61174925116773,0.5682831525861638,0.4317168474138362,0.5030092236745499,0.4969907763254502,0.7010217110403016,0.29897828895969836,0.38217847585930254,0.6178215241406975,0.445115376967481,0.554884623032519
0.4051806668592174,0.5948193331407826,0.682447839974228,0.31755216002577197,0.47748581813150015,0.5225141818685,0.4963213432402985,0.5036786567597015,0.41584993047928925,0.5841500695207107,0.5038404094234302,0.4961595905765698,0.47123137942799886,0.5287686205720011,0.6039575492488705,0.3960424507511295,0.5118538848707569,0.4881461151292431,0.5309668809851138,0.4690331190148862
0.4557769723017802,0.5442230276982198,0.6298767846392379,0.370123215360762,0.40352227775710603,0.5964777222428941,0.5455869161226445,0.4544130838773555,0.3685857172525541,0.6314142827474458,0.5673137458649342,0.4326862541350658,0.5476988438182606,0.45230115618173933,0.6913775597338796,0.3086224402661204,0.4667152116663975,0.5332847883336026,0.5173777917666927,0.48262220823330726
0.2722594020645418,0.7277405979354582,0.7968840120373334,0.2031159879626666,0.7206760204141339,0.2793239795858661,0.3972292957573248,0.6027707042426753,0.49659230316498726,0.5034076968350127,0.35891356888936715,0.6410864311106329,0.332948282637223,0.667051717362777,0.39829726896199175,0.6017027310380082,0.6338189407752914,0.3661810592247085,0.6769440120952559,0.32305598790474416
0.2495196143180648,0.7504803856819352,0.790471381958066,0.20952861804193407,0.7245240096500616,0.2754759903499384,0.3170642758673511,0.6829357241326489,0.5470656362544245,0.4529343637455755,0.23689857444178214,0.7631014255582178,0.3024321405843513,0.6975678594156487,0.3934496498499011,0.606550350150099,0.7241704760250389,0.275829523974961,0.6875822230676725,0.31241777693232753
0.5092420756658912,0.49075792433410875,0.5079684170586002,0.4920315829413999,0.6454207093698605,0.35457929063013943,0.5254341799202147,0.4745658200797853,0.4130090791905595,0.5869909208094405,0.4360798821125417,0.5639201178874583,0.50769106382037,0.4923089361796299,0.4994363690882862,0.5005636309117139,0.4850338315679438,0.5149661684320562,0.3848183396861612,0.6151816603138388
0.2770313654838494,0.7229686345161507,0.6905793928306242,0.3094206071693757,0.7991385560972503,0.2008614439027498,0.36109435039063753,0.6389056496093625,0.6133300878806894,0.3866699121193105,0.21376706879553456,0.7862329312044655,0.2672697605869633,0.7327302394130368,0.31719214924817934,0.6828078507518206,0.7394558598542359,0.2605441401457641,0.5769244673484981,0.42307553265150183
0.7606901012917473,0.23930989870825273,0.23056237827560053,0.7694376217243996,0.3595872158393053,0.6404127841606947,0.7821352544019335,0.21786474559806643,0.27588005788419195,0.7241199421158081,0.6371038759623221,0.3628961240376778,0.7130793859148418,0.2869206140851582,0.7675892004088583,0.23241079959114175,0.29059595684266976,0.7094040431573303,0.17102491868542266,0.8289750813145772
0.9177333578258028,0.08226664217419725,0.084445453935654,0.9155545460643459,0.10831796785960104,0.891682032140399,0.935653483041568,0.0643465169584321,0.14928395780419557,0.8507160421958044,0.8466055946110629,0.15339440538893717,0.875854204933119,0.1241457950668809,0.9349276480550072,0.06507235194499283,0.08238105533270282,0.9176189446672972,0.06822550483966457,0.9317744951603353
0.2022746501888042,0.7977253498111958,0.7732449481231543,0.2267550518768457,0.8215714746403227,0.17842852535967726,0.3809368928569076,0.6190631071430924,0.715759840563264,0.28424015943673603,0.15865007513905488,0.8413499248609451,0.2058970010957475,0.7941029989042525,0.2578173262618863,0.7421826737381136,0.7617055310451766,0.23829446895482334,0.8570800996400731,0.14291990035992685
0.10164434987596506,0.8983556501240348,0.9236819701653319,0.07631802983466812,0.9099470416419365,0.09005295835806353,0.14878122995434204,0.851218770045658,0.8673278422827227,0.1326721577172774,0.06566404450746553,0.9343359554925346,0.12046633680644843,0.8795336631935515,0.16701729357265946,0.8329827064273405,0.9173236338301473,0.08267636616985284,0.9366434452138048,0.06335655478619509
0.20531063299544083,0.794689367004559,0.875481435859919,0.12451856414008097,0.7967507339948078,0.20324926600519216,0.33333079794696996,0.66666920205303,0.7165879510914872,0.2834120489085128,0.19040917730227203,0.809590822697728,0.2659414957169122,0.7340585042830878,0.3941953937444055,0.6058046062555945,0.7123157208889579,0.28768427911104216,0.8585538062334025,0.14144619376659742
0.04120522965200813,0.958794770347992,0.9695382324479666,0.030461767552033392,0.9626300125626327,0.03736998743736736,0.08395698574703514,0.9160430142529649,0.8779557921303058,0.12204420786969432,0.04992446858219404,0.950075531417806,0.06167348202353314,0.9383265179764669,0.07286731488384186,0.9271326851161581,0.9483546061726887,0.05164539382731125,0.9374374738455704,0.06256252615442945
0.01918979510435914,0.9808102048956409,0.971022442550496,0.028977557449504154,0.9760981802846552,0.023901819715344802,0.04849338809900242,0.9515066119009975,0.8992019091423623,0.10079809085763777,0.031904583122462075,0.9680954168775379,0.04207697597556007,0.9579230240244399,0.03142199314758517,0.9685780068524149,0.9725646403629217,0.027435359637078282,0.9718468903295856,0.02815310967041434
0.06197433001475492,0.9380256699852451,0.9398007969617562,0.06019920303824371,0.9394880482119443,0.06051195178805574,0.0829323123389517,0.9170676876610483,0.8171338759548484,0.18286612404515154,0.09136338169993144,0.9086366183000685,0.10596507660755435,0.8940349233924456,0.0893300961729025,0.9106699038270976,0.9226010376556996,0.0773989623443004,0.8964901666592164,0.10350983334078363
0.1317793158967147,0.8682206841032852,0.8975175652666454,0.10248243473335457,0.9348542160009295,0.0651457839990704,0.11796744094973102,0.882032559050269,0.8212341970245727,0.17876580297542724,0.09825651708239055,0.9017434829176094,0.10981261387467134,0.8901873861253287,0.10009378953622612,0.899906210463774,0.8898094339709368,0.11019056602906326,0.8390952644820877,0.1609047355179123
0.17512296617666606,0.8248770338233339,0.7740295027053878,0.22597049729461216,0.9084206545494788,0.09157934545052113,0.15732311884299277,0.8426768811570073,0.7846965237782647,0.2153034762217352,0.10533396851602671,0.8946660314839733,0.13752786332195643,0.8624721366780437,0.12479652954473403,0.8752034704552659,0.8687330747514318,0.13126692524856826,0.7453962291134825,0.25460377088651753
0.48983409477536394,0.510165905224636,0.4989396924815419,0.5010603075184581,0.679553240566774,0.320446759433226,0.43451834810798556,0.5654816518920145,0.58835903716161,0.41164096283839,0.3406728337111519,0.659327166288848,0.4099884239436526,0.5900115760563474,0.4351997179679676,0.5648002820320325,0.6386157411738558,0.3613842588261443,0.41856551207850695,0.581434487921493
0.6244000959091182,0.37559990409088184,0.3870135243491455,0.6129864756508546,0.565415533873266,0.43458446612673396,0.6465899525828044,0.35341004741719567,0.48508794073296035,0.5149120592670395,0.5027525568636578,0.4972474431363421,0.505165098018262,0.49483490198173796,0.544880379899083,0.45511962010091694,0.4448719414183157,0.5551280585816842,0.2986605648494989,0.7013394351505011
0.6934411217876855,0.3065588782123146,0.27344813029106824,0.7265518697089317,0.4646155934988773,0.5353844065011227,0.703676500620605,0.2963234993793949,0.44817472772733474,0.5518252722726653,0.46023861737343424,0.5397613826265657,0.5562454993774864,0.4437545006225137,0.6139195711484569,0.38608042885154303,0.38351981152424036,0.6164801884757597,0.2763378351891712,0.7236621648108288
0.6010727441524883,0.3989272558475117,0.4000189696328734,0.5999810303671266,0.517779544306896,0.48222045569310396,0.6271278429294559,0.37287215707054405,0.5479344763682651,0.45206552363173497,0.40508132824625015,0.5949186717537499,0.48660990690865547,0.5133900930913445,0.5924194804587574,0.4075805195412425,0.4789864751975894,0.5210135248024106,0.3960598633548341,0.6039401366451658
0.7296224012104627,0.2703775987895372,0.31898663996561694,0.6810133600343832,0.3082080784693544,0.6917919215306456,0.8024701307075756,0.1975298692924244,0.3859998855522694,0.6140001144477307,0.6299028863818651,0.37009711361813485,0.6869154330915302,0.31308456690846975,0.8275773626458229,0.172422637354177,0.2244883942261114,0.7755116057738886,0.2622035399009245,0.7377964600990755
0.627344197952312,0.37265580204768806,0.3939953011063645,0.6060046988936354,0.36852162202409977,0.6314783779759002,0.735622542733363,0.264377457266637,0.4064289476841479,0.593571052315852,0.5547974534553862,0.4452025465446138,0.6711281189375312,0.3288718810624688,0.8059193943850713,0.1940806056149286,0.2943333810075783,0.7056666189924217,0.3881983903595648,0.6118016096404353
0.4597333326823482,0.5402666673176519,0.5878943930579401,0.41210560694205994,0.5068024740184843,0.4931975259815157,0.6228270818297078,0.3771729181702922,0.4922160242673548,0.5077839757326452,0.43082585054739714,0.5691741494526029,0.5016747871340805,0.4983252128659194,0.6966828751748532,0.30331712482514683,0.47782641788647956,0.5221735821135204,0.5378117790678573,0.46218822093214273
0.7371780104612601,0.26282198953874003,0.4329395119562201,0.5670604880437798,0.3023531046934112,0.6976468953065887,0.7524239446172167,0.24757605538278327,0.2935837703827982,0.7064162296172017,0.7335356788944778,0.2664643211055222,0.7041386843832748,0.29586131561672513,0.7873536008970132,0.21264639910298688,0.1944642765768672,0.8055357234231328,0.2206792212551857,0.7793207787448143
0.707492302034838,0.292507697965162,0.4284447191454611,0.5715552808545389,0.26847353320368883,0.7315264667963112,0.6462999276397023,0.3537000723602977,0.3193102130793547,0.6806897869206453,0.69077348700187,0.30922651299813,0.6998445310790947,0.3001554689209052,0.7787629958460695,0.22123700415393052,0.2734381963863264,0.7265618036136736,0.24232561266461233,0.7576743873353876
0.8196763942875821,0.18032360571241782,0.2750654172452307,0.7249345827547693,0.2519913028631001,0.7480086971368998,0.7488997246976843,0.25110027530231566,0.23319095527291211,0.7668090447270878,0.7706825958560334,0.22931740414396667,0.7865555281631165,0.2134444718368835,0.8005964653367132,0.19940353466328664,0.19752724511320988,0.8024727548867902,0.1420029934133762,0.8579970065866239
0.15980643545368364,0.8401935645463164,0.8482032712552962,0.15179672874470382,0.8441880721691951,0.15581192783080494,0.21335934407015666,0.7866406559298433,0.7392155408189943,0.2607844591810058,0.12780556590739908,0.872194434092601,0.1525132260778396,0.8474867739221604,0.17713252966064083,0.8228674703393593,0.8377996021426307,0.16220039785736928,0.8148889641554283,0.18511103584457167
0.253790142743495,0.7462098572565049,0.8060870757595575,0.1939129242404424,0.8584526538555384,0.14154734614446163,0.21092830227437787,0.789071697725622,0.7309038017701115,0.2690961982298885,0.15723885458942713,0.8427611454105728,0.1815676602507334,0.8184323397492667,0.17707483861691659,0.8229251613830835,0.7908661045709278,0.20913389542907232,0.631286679261797,0.36871332073820295
0.7011750173226471,0.2988249826773528,0.4981327615804897,0.5018672384195104,0.47578803084034443,0.5242119691596555,0.5765640088695377,0.4234359911304622,0.4880668140369016,0.5119331859630984,0.46608564269411296,0.5339143573058871,0.5022040210039633,0.4977959789960366,0.651922707060429,0.34807729293957096,0.46861245182363315,0.5313875481763669,0.28770205513094665,0.7122979448690534
0.9250734763384396,0.07492652366156033,0.08664030289568346,0.9133596971043166,0.13299777128194634,0.8670022287180535,0.9291048531530012,0.0708951468469988,0.14004061084732872,0.8599593891526712,0.8777275845704126,0.12227241542958757,0.8707660167631226,0.12923398323687738,0.9080902864860463,0.09190971351395379,0.10495238388193666,0.8950476161180634,0.05679696334931972,0.9432030366506803
0.9289272970987094,0.07107270290129059,0.08273129754729391,0.9172687024527061,0.12827891950841017,0.8717210804915898,0.9291061872148431,0.07089381278515695,0.1546425904840461,0.845357409515954,0.859765223896804,0.14023477610319598,0.8609698711600471,0.139030128839953,0.9116611320624564,0.0883388679375436,0.10866856960285967,0.8913314303971402,0.055928643845114284,0.9440713561548857
0.7371810776009786,0.2628189223990214,0.2601601907813558,0.7398398092186441,0.3328578706602438,0.6671421293397563,0.8577689055922818,0.14223109440771817,0.28453777353665777,0.7154622264633422,0.6361731105000291,0.363826889499971,0.5857494803156098,0.41425051968439014,0.7454336560666852,0.2545663439333148,0.28938059833017554,0.7106194016698245,0.23696110319966943,0.7630388968003305
0.9324748947320453,0.06752510526795474,0.101863718810473,0.8981362811895269,0.12351262361815928,0.8764873763818407,0.9048232268162416,0.0951767731837584,0.18663605546756704,0.813363944532433,0.7966592277857721,0.20334077221422775,0.8405176962258901,0.15948230377410977,0.8991332063486593,0.10086679365134067,0.09077535218300702,0.909224647816993,0.06603824291592107,0.9339617570840789
0.7410282805140281,0.2589717194859719,0.322489706853879,0.677510293146121,0.32485851294607154,0.6751414870539284,0.7662784028634119,0.23372159713658808,0.3886760315075585,0.6113239684924415,0.5356833708769285,0.46431662912307153,0.6036230973147563,0.39637690268524367,0.7448672567797412,0.2551327432202587,0.26347239237825887,0.7365276076217412,0.2605606526416586,0.7394393473583415
0.055763289712249434,0.9442367102877506,0.955157901002708,0.044842098997292086,0.9537939226476938,0.04620607735230621,0.09434060487867459,0.9056593951213255,0.9217557479450201,0.07824425205497973,0.036335613812162874,0.9636643861878372,0.060457605475945864,0.9395423945240542,0.07374400221426919,0.9262559977857309,0.957649025137641,0.04235097486235895,0.9656459292249885,0.03435407077501139
0.0715516773810865,0.9284483226189134,0.9629779072617857,0.03702209273821424,0.9454483788011221,0.05455162119887797,0.1170504099539264,0.8829495900460735,0.8850289274705392,0.11497107252946084,0.04910980916256147,0.9508901908374385,0.07898501349570577,0.9210149865042941,0.10732431581581298,0.892675684184187,0.923486667743189,0.07651333225681109,0.9328252283277673,0.0671747716722328
0.10665489307657595,0.8933451069234241,0.9336027187276787,0.06639728127232118,0.9529373259729781,0.04706267402702198,0.10049398595572116,0.8995060140442788,0.8722337800580053,0.12776621994199466,0.0778644314050179,0.9221355685949821,0.0821552058089443,0.9178447941910558,0.07073263185723339,0.9292673681427666,0.909723060357615,0.09027693964238505,0.8712179086562337,0.1287820913437663
0.31786938351117777,0.6821306164888223,0.7138864203821833,0.2861135796178167,0.8548463252313322,0.14515367476866778,0.23192942709195846,0.7680705729080416,0.7333518800013773,0.2666481199986227,0.22268088995151633,0.7773191100484838,0.22561921367058096,0.7743807863294191,0.18092910852396782,0.8190708914760322,0.7948298430591383,0.20517015694086171,0.6298816399455451,0.3701183600544549
0.27001745575639274,0.7299825442436073,0.6831567828329634,0.3168432171670365,0.8709597921215568,0.12904020787844311,0.23339648923953019,0.7666035107604698,0.7328766888169108,0.26712331118308913,0.19324773169006543,0.8067522683099346,0.20106545351964544,0.7989345464803546,0.14450660112125394,0.855493398878746,0.8062728236530238,0.19372717634697623,0.6998987830528626,0.3001012169471374
0.05057595835762528,0.9494240416423747,0.9291535899253509,0.07084641007464904,0.9730329539955896,0.026967046004410238,0.05148343061238836,0.9485165693876115,0.9302116544996674,0.0697883455003327,0.034471921632185897,0.9655280783678141,0.043522786618006376,0.9564772133819938,0.029775631073122696,0.9702243689268772,0.97310670592115,0.02689329407884994,0.9500263682532225,0.049973631746777526
0.3923751718866226,0.6076248281133774,0.6602687582744574,0.3397312417255426,0.7972698065242816,0.20273019347571847,0.35267856357904914,0.647321436420951,0.735264704137441,0.2647352958625589,0.18819405686537774,0.8118059431346223,0.2260354981628959,0.7739645018371042,0.2454240637373929,0.7545759362626071,0.723906651128636,0.27609334887136405,0.6256748297314655,0.37432517026853457
0.573327985572585,0.42667201442741504,0.49919755232794977,0.5008024476720502,0.6270040583018741,0.3729959416981259,0.4917832002480843,0.5082167997519157,0.652610930927778,0.34738906907222206,0.33055033891028035,0.6694496610897196,0.38288870058752905,0.6171112994124709,0.4455813862749175,0.5544186137250824,0.5815818757891947,0.41841812421080526,0.4385589265791941,0.561441073420806
0.6989204596081475,0.3010795403918526,0.3055698788990886,0.6944301211009113,0.49680838959318674,0.5031916104068133,0.6766525857808802,0.3233474142191198,0.4794784401783293,0.5205215598216707,0.555206847095361,0.4447931529046391,0.5357619900355018,0.46423800996449816,0.5515972392989249,0.4484027607010751,0.3885112814970194,0.6114887185029806,0.25368593628539293,0.7463140637146071
0.5765797451911412,0.4234202548088587,0.4080828531082374,0.5919171468917626,0.6312793201963146,0.36872067980368545,0.5263867852300778,0.4736132147699222,0.5967604182286709,0.4032395817713292,0.4188220093108625,0.5811779906891376,0.42231802869220486,0.5776819713077952,0.39754605997194814,0.6024539400280519,0.5190188503155791,0.48098114968442096,0.34750579477123594,0.652494205228764
0.0793467341920799,0.9206532658079201,0.8878235646976643,0.11217643530233558,0.9565511721570135,0.043448827842986516,0.0798802054534094,0.9201197945465905,0.9159922976741244,0.08400770232587569,0.05025577489482375,0.9497442251051763,0.07358243314292416,0.9264175668570759,0.04969204780106816,0.9503079521989318,0.9472730159572819,0.05272698404271819,0.9261354304389282,0.0738645695610717
0.32542017073010593,0.674579829269894,0.7027163009269112,0.2972836990730888,0.8512838546165565,0.14871614538344352,0.2547924899008744,0.7452075100991257,0.7717707962449274,0.22822920375507255,0.17523521217900598,0.824764787820994,0.2213281005455731,0.7786718994544268,0.16609807767389692,0.833901922326103,0.7479295604460663,0.2520704395539337,0.669374491023827,0.33062550897617293
0.0951291520033737,0.9048708479966264,0.8889859608557706,0.11101403914422941,0.9551607457434376,0.04483925425656251,0.08293366179693895,0.9170663382030612,0.9115495373257652,0.08845046267423497,0.048910614599041925,0.9510893854009581,0.07776466142652219,0.9222353385734777,0.04792771620380476,0.9520722837961952,0.9362751365989987,0.06372486340100131,0.8996295813991139,0.10037041860088614
0.023223808873117806,0.9767761911268822,0.9682362500221509,0.03176374997784911,0.9867261827072057,0.013273817292794214,0.024361439568808037,0.975638560431192,0.965078413132888,0.03492158686711204,0.01693129720571631,0.9830687027942836,0.026370985447442208,0.9736290145525579,0.014448052175463837,0.9855519478245361,0.986693779079859,0.013306220920141032,0.9806421114778026,0.019357888522197466
0.0342682823997306,0.9657317176002693,0.966118608931187,0.033881391068813146,0.9768303361264231,0.02316966387357692,0.043529790194568374,0.9564702098054316,0.9468907666863595,0.053109233313640425,0.029734689316103593,0.9702653106838964,0.03873380373080095,0.961266196269199,0.030323928573218122,0.9696760714267819,0.9743847747387226,0.02561522526127746,0.9687312687949747,0.031268731205025255
0.03871330920312767,0.9612866907968725,0.963444427951517,0.036555572048483045,0.9754062388129235,0.024593761187076523,0.044116783275687695,0.9558832167243123,0.9371780770156686,0.06282192298433147,0.03642456829629153,0.9635754317037085,0.041850994951383245,0.9581490050486169,0.030146449114134926,0.969853550885865,0.970925703891223,0.029074296108777008,0.960884463444752,0.03911553655524796
0.027454940690108034,0.9725450593098921,0.960538576602306,0.039461423397694,0.9794524441297954,0.020547555870204508,0.03434322771783923,0.9656567722821607,0.9406057665251565,0.05939423347484354,0.028312811034861707,0.9716871889651383,0.03674711818503939,0.9632528818149606,0.023881562570004383,0.9761184374299957,0.9803983082441773,0.01960169175582282,0.9690419276816185,0.030958072318381605
0.013367623230605334,0.9866323767693945,0.9822855967731612,0.017714403226838767,0.986395903026981,0.013604096973019064,0.022298845853810607,0.9777011541461895,0.9529226183740603,0.04707738162593968,0.023621377768621662,0.9763786222313784,0.030875173165891896,0.9691248268341082,0.01714294132753768,0.9828570586724623,0.9826280482209472,0.017371951779052798,0.9878952345442215,0.012104765455778524
0.013065840491679196,0.9869341595083208,0.9821077818442531,0.017892218155746882,0.9900864776551823,0.009913522344817682,0.017068370570865427,0.9829316294291346,0.9516028523095096,0.048397147690490354,0.019641014861668877,0.9803589851383312,0.02911920408802193,0.970880795911978,0.012073144157658618,0.9879268558423414,0.9836613256072652,0.0163386743927349,0.9823054557278377,0.017694544272162237
0.018056207691438876,0.981943792308561,0.9782542927303524,0.021745707269647658,0.9862550794737299,0.013744920526270039,0.0160220112773212,0.9839779887226788,0.9588322548995537,0.0411677451004463,0.01827897844971778,0.9817210215502823,0.032216210646526654,0.9677837893534734,0.01641682401976881,0.9835831759802312,0.9850222005670778,0.014977799432922234,0.979943858721354,0.020056141278645963
0.0324846495688013,0.9675153504311986,0.9349093413928623,0.06509065860713761,0.9752042348929388,0.02479576510706117,0.030683962210294412,0.9693160377897057,0.9181364181005065,0.08186358189949354,0.04782435052006805,0.952175649479932,0.07423620174312061,0.9257637982568794,0.03602228527175502,0.963977714728245,0.9663604860488735,0.033639513951126486,0.9474827053692508,0.052517294630749174
0.04872657851051149,0.9512734214894886,0.9162474124270502,0.08375258757294972,0.969221153077017,0.030778846922983,0.04998463260679974,0.9500153673932002,0.905569923168179,0.09443007683182095,0.06749704481619231,0.9325029551838078,0.0930211808760684,0.9069788191239316,0.048567522301964657,0.9514324776980354,0.9506188077860619,0.04938119221393806,0.9251592325488449,0.07484076745115513
0.010879535774059854,0.98912046422594,0.964612378578454,0.035387621421545834,0.9916416059087574,0.008358394091242583,0.017063358911780836,0.9829366410882192,0.95707443947279,0.042925560527210006,0.016572557247294638,0.9834274427527052,0.03184598977880345,0.9681540102211966,0.012098867215886436,0.9879011327841136,0.9866395795072329,0.013360420492767113,0.9862881364610777,0.013711863538922214
0.012245441472544421,0.9877545585274556,0.9776950298903184,0.02230497010968162,0.9908145209967373,0.00918547900326278,0.016598622875639672,0.9834013771243604,0.9725174600647192,0.02748253993528077,0.009900811026840753,0.9900991889731594,0.029993794545363932,0.970006205454636,0.01530953995086291,0.9846904600491372,0.988649348753533,0.011350651246467027,0.9936738934052801,0.006326106594719732
0.03383927555565508,0.9661607244443449,0.9587031385002542,0.041296861499745784,0.9834325775616873,0.01656742243831259,0.04322671304235721,0.9567732869576427,0.9443025461796027,0.055697453820397244,0.028347137649461195,0.9716528623505388,0.059420214674065074,0.9405797853259349,0.02994562520064866,0.9700543747993513,0.9560582727944629,0.04394172720553706,0.9661792309837066,0.03382076901629337
0.016192183994586554,0.9838078160054133,0.9759778428491918,0.024022157150808115,0.9885328856040206,0.011467114395979269,0.02692758554942218,0.9730724144505778,0.9587491515089721,0.04125084849102802,0.013587859973623526,0.9864121400263764,0.03426206644609275,0.9657379335539072,0.01819696364664071,0.9818030363533593,0.9832193632187232,0.016780636781276878,0.9864468252365892,0.013553174763410896
0.013499496840310892,0.9865005031596892,0.9754416770578984,0.024558322942101498,0.9866226851070937,0.013377314892906287,0.02514169145306164,0.9748583085469384,0.9522197582806285,0.0477802417193714,0.02103695599281617,0.9789630440071838,0.03804137904951445,0.9619586209504856,0.02109429775770112,0.978905702242299,0.9860891129757158,0.01391088702428407,0.9857494358609936,0.014250564139006284
0.03558664393704875,0.9644133560629512,0.953218254683155,0.04678174531684497,0.9500581511570941,0.04994184884290574,0.08350258366609464,0.9164974163339052,0.8716013394564073,0.12839866054359272,0.0696586334954116,0.9303413665045883,0.09623440871302875,0.9037655912869713,0.0913135438825589,0.908686456117441,0.948949352700156,0.05105064729984395,0.9608482919572282,0.039151708042771904
0.02899189162597075,0.9710081083740293,0.9593384420135278,0.040661557986472065,0.9827700657747979,0.017229934225202227,0.04325501440738143,0.9567449855926187,0.9114268583239805,0.08857314167601948,0.03835167856947612,0.9616483214305239,0.05106916047777832,0.9489308395222217,0.02774551918067098,0.972254480819329,0.9626631515378727,0.03733684846212726,0.9604913886124349,0.039508611387565125
0.0067253011446860265,0.993274698855314,0.9861619704756194,0.013838029524380652,0.9949144200682196,0.005085579931780321,0.012561993782800903,0.9874380062171992,0.9712057715204748,0.02879422847952522,0.006543551022444094,0.993456448977556,0.015510407793129153,0.9844895922068708,0.006057989715238534,0.9939420102847614,0.9927272438967922,0.007272756103207779,0.9945104515536589,0.0054895484463409715
0.012366360834294435,0.9876336391657055,0.9857613886754645,0.01423861132453566,0.9885272539390972,0.011472746060902749,0.016103064363853267,0.9838969356361468,0.96350105369174,0.036498946308259984,0.01588038169852141,0.9841196183014785,0.02961984806831473,0.9703801519316853,0.016334349052460315,0.9836656509475398,0.98876341389701,0.011236586102990043,0.9902818024913108,0.009718197508689205
0.017439961378903707,0.9825600386210963,0.9815867253679522,0.01841327463204781,0.9795778596497859,0.02042214035021402,0.03468758337149255,0.9653124166285075,0.9356305894861462,0.0643694105138538,0.025560129499772342,0.9744398705002277,0.04332103925180837,0.9566789607481917,0.03404015160675192,0.9659598483932481,0.9783707429759212,0.021629257024078894,0.9872854396492252,0.012714560350774798
0.006290190631230223,0.9937098093687698,0.9901459682110505,0.009854031788949415,0.9932865414710642,0.006713458528935926,0.013513928863205064,0.986486071136795,0.9626193906124807,0.037380609387519345,0.012386355401730154,0.9876136445982698,0.019821891292912674,0.9801781087070872,0.009780378752687714,0.9902196212473123,0.9923787644356528,0.007621235564347344,0.9928981904134001,0.007101809586599982
0.013806940585596601,0.9861930594144034,0.974412255915403,0.025587744084596926,0.988545263341902,0.011454736658097929,0.0217612194534778,0.9782387805465224,0.941072380287174,0.05892761971282593,0.024941636003133726,0.9750583639968663,0.03346209244629509,0.9665379075537048,0.017136453945401295,0.9828635460545986,0.9860817110964757,0.013918288903524423,0.9802554158625293,0.01974458413747077
0.06392215260668059,0.9360778473933193,0.9063212830332907,0.0936787169667094,0.9506299078928789,0.049370092107121094,0.08216333229421355,0.9178366677057864,0.831352848612469,0.16864715138753095,0.11001943819627755,0.8899805618037225,0.13593800397627195,0.864061996023728,0.08672040245516764,0.9132795975448323,0.9208519525749744,0.07914804742502547,0.9172878830059032,0.0827121169940967
0.009551134174328816,0.9904488658256713,0.9747414477661074,0.025258552233892558,0.9893181603563143,0.010681839643685784,0.019709247935292596,0.9802907520647075,0.9426149208945973,0.057385079105402775,0.01665420606674575,0.9833457939332543,0.033998680990230526,0.9660013190097696,0.016633647533377625,0.9833663524666225,0.986627678635899,0.013372321364101025,0.991694566793512,0.008305433206488069
0.023031755202136812,0.9769682447978633,0.9597340279525723,0.04026597204742762,0.9844314273905013,0.015568572609498803,0.030756147612678166,0.9692438523873219,0.9410038914732286,0.0589961085267713,0.02049424640350102,0.979505753596499,0.05531641074546667,0.9446835892545332,0.02972224866950368,0.9702777513304964,0.9696444499921324,0.030355550007867563,0.9755204161738836,0.02447958382611641
0.04754082231531243,0.9524591776846876,0.9383179770635222,0.061682022936477746,0.9626903854835434,0.03730961451645653,0.06809048737691767,0.9319095126230823,0.9197467510732463,0.0802532489267537,0.03389804034902252,0.9661019596509776,0.09592189145171875,0.9040781085482813,0.07267591221476968,0.9273240877852303,0.9438020694805962,0.05619793051940366,0.9657969522716738,0.03420304772832616
0.0188440974490835,0.9811559025509164,0.9705928838871007,0.029407116112899187,0.9782847400227214,0.02171525997727865,0.041854258639968236,0.9581457413600317,0.9387212184507183,0.061278781549281666,0.025366596002440973,0.974633403997559,0.05470230468569858,0.9452976953143013,0.03800275318759869,0.9619972468124014,0.9771821824165955,0.022817817583404624,0.9868906020325656,0.013109397967434403
0.01870723885775076,0.9812927611422493,0.9773409255234736,0.022659074476526306,0.9866705140492799,0.013329485950720074,0.03707282152044355,0.9629271784795563,0.9390310560756383,0.06096894392436177,0.02454879207080607,0.9754512079291939,0.04949467761912392,0.9505053223808761,0.02683510415775462,0.9731648958422454,0.9673751485797389,0.03262485142026106,0.9814231069454101,0.018576893054589986
0.014330894208413254,0.9856691057915868,0.9800915072309667,0.019908492769033306,0.9868182686818832,0.013181731318116782,0.019084171511829368,0.9809158284881707,0.9543810774786402,0.04561892252135979,0.02250716366350039,0.9774928363364995,0.04229329306866691,0.9577067069313331,0.021684862516184743,0.9783151374838153,0.9839735383445737,0.016026461655426254,0.9813449578513042,0.018655042148695934
0.030067406626113586,0.9699325933738864,0.9293915375686171,0.07060846243138283,0.9639971273222587,0.03600287267774117,0.0502361056610836,0.9497638943389164,0.8826048237151984,0.11739517628480166,0.05640091397199228,0.9435990860280077,0.10077880153172741,0.8992211984682725,0.06421922365297181,0.9357807763470282,0.9564899713385309,0.04351002866146922,0.9626056715480011,0.037394328451998894
0.034283924816500194,0.9657160751834998,0.9408127605414366,0.05918723945856343,0.9513711046936728,0.04862889530632722,0.07911687372489097,0.9208831262751089,0.86262799063471,0.13737200936529018,0.06980180594473674,0.9301981940552633,0.11377903443380347,0.8862209655661965,0.08782281859121292,0.9121771814087871,0.9463993942515999,0.05360060574840012,0.9621310403835558,0.03786895961644423
0.022902107421321472,0.9770978925786785,0.9653352684405173,0.03466473155948277,0.9629511777986443,0.03704882220135571,0.06020220215607293,0.939797797843927,0.8927183327977714,0.10728166720222879,0.0392595416493185,0.9607404583506814,0.070883309146281,0.929116690853719,0.06063301343236932,0.9393669865676306,0.9677814740263219,0.03221852597367805,0.9817533093944588,0.018246690605541287
0.06006798234963609,0.9399320176503639,0.9446707316947874,0.055329268305212634,0.9163545931563799,0.08364540684361998,0.10646937439725873,0.8935306256027413,0.8484100295168812,0.15158997048311887,0.06912184684876971,0.9308781531512303,0.12287798115689497,0.877122018843105,0.14611869893434623,0.8538813010656537,0.928752898453387,0.07124710154661304,0.9630000626447253,0.036999937355274744
0.02739201562812092,0.972607984371879,0.9774780349276818,0.02252196507231824,0.9801570919764139,0.019842908023586067,0.05149191677614022,0.9485080832238598,0.9119888154788232,0.08801118452117679,0.03507534777613011,0.9649246522238699,0.05557812556294809,0.9444218744370518,0.03768196271063151,0.9623180372893685,0.9538842909592086,0.046115709040791424,0.9751382285143689,0.02486177148563112
0.035579134684040635,0.9644208653159595,0.9673290135733026,0.03267098642669743,0.9727660097661304,0.027233990233869666,0.036361207051056804,0.9636387929489433,0.9165735725677356,0.08342642743226433,0.0476855970439219,0.9523144029560782,0.06435140700450802,0.935648592995492,0.04440070797625504,0.9555992920237449,0.9688511109397362,0.031148889060263727,0.9546448983171159,0.04535510168288408
0.03872600732182109,0.9612739926781788,0.9324222666935,0.06757773330649999,0.960703080973818,0.0392969190261821,0.07288956386318625,0.9271104361368138,0.8397801543789353,0.16021984562106484,0.06847778330429424,0.9315222166957058,0.09628874487787493,0.903711255122125,0.06222127249968386,0.9377787275003162,0.9438566487516113,0.056143351248388734,0.9623525417317691,0.03764745826823087
0.013883848506812202,0.9861161514931879,0.9733427898430501,0.026657210156949926,0.9865792316509117,0.013420768349088282,0.025440163054411623,0.9745598369455885,0.9265386008027636,0.07346139919723639,0.023882924899870133,0.9761170751001299,0.03703718920853633,0.9629628107914637,0.01982719487255937,0.9801728051274405,0.9836901322640369,0.016309867735963043,0.9780605936212123,0.02193940637878758
0.0094827351990513,0.9905172648009487,0.9817847972286167,0.018215202771383342,0.9887625743306158,0.011237425669384099,0.025365779623376203,0.9746342203766238,0.9481743350911955,0.05182566490880434,0.012228473321061015,0.9877715266789389,0.02666539097908012,0.9733346090209198,0.01642889219645821,0.9835711078035418,0.9889585398655951,0.011041460134404945,0.992285663691875,0.007714336308124955
0.035405899134902045,0.9645941008650979,0.9552091642797216,0.04479083572027853,0.963293701503473,0.03670629849652692,0.0673835518324394,0.9326164481675606,0.903922035486808,0.09607796451319191,0.03314146359220297,0.9668585364077971,0.076269649250968,0.9237303507490319,0.0709443450476103,0.9290556549523896,0.9614440620565284,0.03855593794347157,0.9739437025039792,0.026056297496020894
0.08536519680188269,0.9146348031981173,0.9104493465541897,0.08955065344581033,0.8891541157488345,0.1108458842511655,0.17904264481293072,0.8209573551870694,0.7986079869207195,0.20139201307928037,0.11925896066718568,0.8807410393328143,0.18991905377561397,0.8100809462243861,0.2209512851751593,0.7790487148248406,0.8728269082648591,0.127173091735141,0.9261910193043675,0.07380898069563248
0.0759105385611974,0.9240894614388027,0.916329291905713,0.08367070809428691,0.9077854618006375,0.0922145381993626,0.159381608477095,0.8406183915229051,0.7583759034776892,0.2416240965223109,0.14420758053361027,0.8557924194663897,0.1893196963496053,0.8106803036503947,0.17656648842267114,0.8234335115773289,0.8541546843759898,0.14584531562401026,0.9010703397554063,0.09892966024459372
0.07647353314534572,0.9235264668546542,0.8967454659264106,0.10325453407358953,0.8893813787095762,0.11061862129042387,0.1399617936262181,0.8600382063737819,0.7505105252745603,0.2494894747254396,0.12665299858193055,0.8733470014180695,0.207328050189257,0.792671949810743,0.19669066268669383,0.8033093373133062,0.8825916010584531,0.1174083989415468,0.8984615936424925,0.10153840635750747
0.04387158120467034,0.9561284187953297,0.9369418945458734,0.06305810545412663,0.935154229565732,0.06484577043426804,0.09700369689950426,0.9029963031004956,0.8250820898059721,0.17491791019402786,0.081127811100338,0.9188721888996619,0.13001115824578427,0.8699888417542158,0.10193961162693387,0.8980603883730662,0.9240200940537732,0.07597990594622692,0.9609216929560253,0.03907830704397472
0.030996446484491597,0.9690035535155085,0.9609925251761777,0.039007474823822205,0.96488897215533,0.035111027844669906,0.05888954851377726,0.9411104514862229,0.8738130596504938,0.12618694034950623,0.04287218270320524,0.9571278172967949,0.09135320802713186,0.9086467919728681,0.06264918051985119,0.9373508194801489,0.9472797918712386,0.05272020812876145,0.9642027995742288,0.03579720042577119
0.03332789729490655,0.9666721027050934,0.9594622351499521,0.0405377648500478,0.9548685322177293,0.04513146778227068,0.06470115046469925,0.9352988495353007,0.8799831353773279,0.12001686462267216,0.04701103430867327,0.9529889656913266,0.09891502818539974,0.9010849718146003,0.07851883426369796,0.921481165736302,0.9510937589779698,0.04890624102203026,0.9673149330291387,0.03268506697086123
0.05251706880863166,0.9474829311913683,0.9244276546218163,0.07557234537818365,0.9282974571798684,0.07170254282013143,0.106939864382764,0.8930601356172361,0.7942163167189956,0.20578368328100452,0.08955693127846162,0.9104430687215384,0.14913357942693545,0.8508664205730646,0.13111468926957512,0.8688853107304247,0.916198094833041,0.08380190516695889,0.9237013753648533,0.07629862463514665
0.10411792744149806,0.8958820725585018,0.9046505829603932,0.09534941703960677,0.8984846619678558,0.10151533803214413,0.16998662162151074,0.8300133783784893,0.73509600937258,0.2649039906274201,0.1556466849178232,0.8443533150821768,0.17951995182558517,0.8204800481744149,0.1981879179965548,0.8018120820034452,0.8587464056316864,0.1412535943683137,0.8310183661491578,0.16898163385084228
0.29109488320419535,0.7089051167958046,0.6593504516476995,0.34064954835230066,0.715290761947349,0.284709238052651,0.4033644226943069,0.596635577305693,0.48829238413621884,0.5117076158637811,0.36946440459384206,0.6305355954061579,0.4308723436501016,0.5691276563498984,0.4632395060466106,0.5367604939533893,0.6631132958572894,0.3368867041427106,0.5996771699426917,0.4003228300573084
0.09260235924407298,0.907397640755927,0.8750067552292268,0.12499324477077316,0.89682632234465,0.10317367765535003,0.19737617799806448,0.8026238220019355,0.7514003214387269,0.24859967856127313,0.09066536894601493,0.909334631053985,0.15722465124370075,0.8427753487562992,0.16825848233726975,0.8317415176627302,0.8734594991320623,0.1265405008679377,0.9369438867023857,0.06305611329761439
0.08800146340229063,0.9119985365977094,0.9158492133366687,0.08415078666333131,0.9265442556507737,0.07345574434922637,0.15936694689414166,0.8406330531058585,0.8037851288987794,0.19621487110122057,0.07899837727200075,0.9210016227279993,0.13480250609999234,0.8651974939000078,0.13608135623842876,0.8639186437615711,0.8839428758611535,0.11605712413884656,0.8833780022909618,0.1166219977090383
0.35242690084034617,0.6475730991596539,0.7306607285212294,0.2693392714787705,0.7579781143979862,0.2420218856020137,0.38087046039081685,0.6191295396091832,0.6524366050693318,0.3475633949306683,0.23961491441143823,0.7603850855885618,0.34724765483855335,0.6527523451614466,0.4144874800136726,0.5855125199863274,0.6473783395845931,0.3526216604154069,0.6621715049496508,0.33782849505034923
0.3377248983661338,0.6622751016338663,0.5689409846303874,0.43105901536961255,0.7148041829596296,0.28519581704037034,0.526200068783053,0.47379993121694686,0.5269001866486616,0.4730998133513384,0.296853903165527,0.703146096834473,0.36363666862739147,0.6363633313726086,0.4289563401610683,0.5710436598389316,0.6338282201085054,0.3661717798914946,0.5711740528611433,0.42882594713885674
0.4568798505063857,0.5431201494936143,0.5407217456063084,0.45927825439369163,0.5936255244379256,0.40637447556207434,0.5790688009298957,0.4209311990701043,0.46874890840936806,0.531251091590632,0.43366511199891666,0.5663348880010833,0.47453256081995376,0.5254674391800461,0.5983444195474491,0.4016555804525509,0.5528134052094237,0.4471865947905763,0.4330869220776102,0.5669130779223899
0.5430935503590117,0.4569064496409883,0.48031075024351955,0.5196892497564805,0.6078890987690494,0.3921109012309507,0.6623583422817558,0.33764165771824417,0.4385763884007282,0.5614236115992719,0.4804065195852145,0.5195934804147855,0.47538852292090794,0.5246114770790921,0.5540147486098719,0.4459852513901281,0.4624627772793041,0.5375372227206959,0.36277943958462283,0.6372205604153772
0.889722839276515,0.11027716072348512,0.13045361212881207,0.869546387871188,0.20472249038382392,0.7952775096161762,0.8591288980327725,0.14087110196722744,0.23830193549826614,0.7616980645017338,0.7446060818309086,0.25539391816909146,0.8145029329715833,0.18549706702841678,0.8610104858841232,0.13898951411587673,0.16097774360588724,0.8390222563941129,0.09612631684572047,0.9038736831542795
0.8524280864647402,0.14757191353525984,0.1255645894615935,0.8744354105384066,0.20053629367158196,0.7994637063284181,0.8871753208043445,0.11282467919565561,0.23019574833103126,0.7698042516689687,0.764847619352288,0.235152380647712,0.7879671324796924,0.2120328675203076,0.8432569557385947,0.1567430442614053,0.1570220279808893,0.8429779720191107,0.12438984291123026,0.8756101570887698
0.9247314883608565,0.07526851163914358,0.10817949539398673,0.8918205046060133,0.10396986397687077,0.8960301360231292,0.9259690040121564,0.0740309959878436,0.1691191617030846,0.8308808382969154,0.8489267838451345,0.15107321615486555,0.8445119823318245,0.15548801766817555,0.9323538280577439,0.06764617194225607,0.10154525736232532,0.8984547426376746,0.05525226963014061,0.9447477303698594
0.8546771418245913,0.1453228581754087,0.2075034434091602,0.7924965565908397,0.27613875673019944,0.7238612432698006,0.8343524247255857,0.16564757527441423,0.29594138774958273,0.7040586122504173,0.7157808086744345,0.2842191913255656,0.7032904785654128,0.29670952143458723,0.7645585486313284,0.2354414513686715,0.18388072671083008,0.8161192732891699,0.1393206640787037,0.8606793359212963
0.9024664794249261,0.09753352057507386,0.1467955806935035,0.8532044193064966,0.19413853666216752,0.8058614633378325,0.8379052338909893,0.16209476610901083,0.278491209931793,0.721508790068207,0.7626323809318603,0.23736761906813983,0.7574723678063219,0.24252763219367812,0.8235285410555744,0.1764714589444256,0.17886450528981823,0.8211354947101818,0.07885819912417706,0.9211418008758229
0.9542381985525774,0.045761801447422576,0.06167713579289121,0.9383228642071089,0.08763157933160598,0.912368420668394,0.9318321054974368,0.06816789450256316,0.15232249234930265,0.8476775076506974,0.8969933435310465,0.10300665646895352,0.8751362639822401,0.12486373601775994,0.9113322288641383,0.08866777113586151,0.07782809957920156,0.9221719004207983,0.03771627002206228,0.9622837299779378
0.8695992356099221,0.13040076439007794,0.15863711781256437,0.8413628821874357,0.21451177104134414,0.7854882289586558,0.8587420192287867,0.14125798077121324,0.28258509363298795,0.7174149063670121,0.7373766281884403,0.26262337181155976,0.7029914065151255,0.2970085934848745,0.7992642027224434,0.2007357972775566,0.20829126718309537,0.7917087328169046,0.11065600235394561,0.8893439976460544
0.07623667944057794,0.9237633205594221,0.921778096023038,0.07822190397696199,0.9482361839420796,0.05176381605792032,0.1093590427029893,0.8906409572970106,0.9062514076945671,0.09374859230543296,0.04268073878931144,0.9573192612106884,0.06577209902729443,0.9342279009727056,0.0664627269176629,0.9335372730823371,0.9438218643238014,0.05617813567619853,0.955017460100295,0.04498253989970513
0.17675078091961233,0.8232492190803877,0.8972632126680427,0.1027367873319573,0.8980382508008814,0.10196174919911867,0.16647473586169143,0.8335252641383086,0.8600886305597294,0.1399113694402706,0.07714997732741607,0.922850022672584,0.1123595497643693,0.8876404502356308,0.14733983365523173,0.8526601663447683,0.8790507872182719,0.12094921278172813,0.8701891676082069,0.12981083239179314
0.1902942297371118,0.8097057702628881,0.8563816058084449,0.1436183941915552,0.9243379649029149,0.07566203509708518,0.15999120910490805,0.840008790895092,0.8359574833241278,0.16404251667587225,0.12011387232104014,0.8798861276789598,0.126343296303006,0.8736567036969941,0.08854143470602271,0.9114585652939772,0.8520344483931609,0.14796555160683914,0.8252605564351582,0.17473944356484178
0.02068261028099647,0.9793173897190034,0.9683671356815998,0.03163286431840015,0.9887600618070531,0.011239938192946887,0.02538402333092237,0.9746159766690776,0.9540327088769877,0.0459672911230124,0.01619885906176321,0.9838011409382369,0.02435710647721217,0.9756428935227879,0.010603872984416101,0.989396127015584,0.9841236203386191,0.01587637966138085,0.9790631512979614,0.020936848702038723
0.024453453889578727,0.9755465461104212,0.9738246872731591,0.026175312726840965,0.9861834314475119,0.013816568552488235,0.021029777702395697,0.9789702222976043,0.9575720323016843,0.04242796769831573,0.0200843943084597,0.9799156056915402,0.02840208844418875,0.9715979115558112,0.015046881372963127,0.9849531186270368,0.9858196805079327,0.014180319492067371,0.9771339541513446,0.022866045848655415
0.02180874945793191,0.978191250542068,0.9756989424741214,0.024301057525878744,0.9862324926867634,0.013767507313236622,0.03150528623565832,0.9684947137643417,0.9538165717319371,0.046183428268062814,0.021311184359458488,0.9786888156405414,0.026529583145155602,0.9734704168548444,0.018182300481245445,0.9818176995187545,0.983973259561928,0.01602674043807193,0.9806122305995435,0.019387769400456466
0.04211499389833248,0.9578850061016675,0.9458952928549567,0.054104707145043424,0.9753060166744152,0.024693983325584663,0.05186540033016315,0.9481345996698368,0.929343570889563,0.07065642911043693,0.03594934986863966,0.9640506501313603,0.045463325279179574,0.9545366747208205,0.03315161727358922,0.9668483827264107,0.9731149215501145,0.026885078449885413,0.9599750025249822,0.04002499747501783
0.03512642153242303,0.9648735784675769,0.9368214253531557,0.0631785746468443,0.9773411233055231,0.02265887669447695,0.054773867364058856,0.945226132635941,0.9262098194162824,0.07379018058371757,0.03613324248119662,0.9638667575188035,0.048566397976946694,0.9514336020230533,0.031097576782780398,0.9689024232172196,0.9735591519137,0.026440848086299987,0.9639868304545899,0.03601316954541022
0.06607574930278562,0.9339242506972144,0.9224953522083587,0.07750464779164125,0.9735537561352042,0.02644624386479586,0.06548381201910392,0.9345161879808962,0.9085084959762804,0.09149150402371965,0.06774769387826605,0.9322523061217338,0.07302935358370886,0.9269706464162912,0.036235486333562945,0.9637645136664371,0.9360402088308319,0.06395979116916815,0.9157946370729351,0.08420536292706504
0.04000380505788973,0.9599961949421103,0.9332399854252338,0.06676001457476617,0.9808490908908803,0.019150909109119617,0.028650213364247515,0.9713497866357526,0.9452541178170468,0.05474588218295321,0.02721644875206164,0.9727835512479384,0.051615234084474236,0.9483847659155257,0.021750083842292454,0.9782499161577075,0.9708973988901233,0.02910260110987667,0.9535432860859934,0.0464567139140067
0.011607728953991056,0.988392271046009,0.9778916202287103,0.02210837977128963,0.9928438890003406,0.0071561109996595325,0.013090671413507813,0.986909328586492,0.9752289721905666,0.024771027809433455,0.009949298139550684,0.9900507018604493,0.02346191132231702,0.976538088677683,0.008993585367163756,0.9910064146328361,0.9902198040488756,0.009780195951124417,0.9922256167553226,0.00777438324467734
0.007704635654119854,0.9922953643458801,0.9877687489380044,0.01223125106199551,0.9942628972832027,0.005737102716797325,0.01064937488217381,0.9893506251178262,0.980754159552015,0.01924584044798518,0.008042410228246333,0.9919575897717537,0.020015995388367822,0.979984004611632,0.00892397941866832,0.9910760205813317,0.9930552105893334,0.006944789410666496,0.9942745526036486,0.005725447396351439
0.007927299426676816,0.9920727005733232,0.9883459728381186,0.011654027161881422,0.9939434532822822,0.006056546717717783,0.012411009186918594,0.9875889908130814,0.9774348771366357,0.022565122863364272,0.010169239746826991,0.9898307602531728,0.02350047299542562,0.9764995270045744,0.010824462630789539,0.9891755373692104,0.9910949644509914,0.00890503554900862,0.9942494032432367,0.0057505967567632885
0.0060141462418857134,0.9939858537581143,0.986431580952981,0.01356841904701909,0.9940389875464267,0.005961012453573337,0.010786904984054706,0.9892130950159453,0.9741688136565705,0.025831186343429614,0.010560875895593506,0.9894391241044065,0.02211487836225142,0.9778851216377487,0.009068790989575694,0.9909312090104242,0.9933314232634359,0.006668576736564157,0.9940754356747997,0.00592456432520029
0.012382454669767033,0.9876175453302328,0.9784303019216404,0.02156969807835951,0.9853974141482112,0.014602585851788714,0.020022185371246864,0.9799778146287532,0.951170523947895,0.048829476052105025,0.029015029066549552,0.9709849709334506,0.045570664841425815,0.9544293351585743,0.021627629548693877,0.978372370451306,0.981576707049916,0.01842329295008404,0.9862901818597469,0.01370981814025308
0.030008176112704434,0.9699918238872955,0.9544191756890723,0.045580824310927824,0.9573200263117568,0.042679973688243104,0.04421508453993834,0.9557849154600616,0.8987543989828275,0.10124560101717255,0.06765015243587391,0.9323498475641261,0.10136760285534377,0.8986323971446564,0.05898148532145942,0.9410185146785407,0.9530769991829433,0.04692300081705675,0.967314411718419,0.03268558828158091
0.05613341367424306,0.943866586325757,0.9228258234321615,0.07717417656783851,0.9090509421805851,0.0909490578194148,0.09388957285449132,0.9061104271455086,0.8117039580084303,0.18829604199156982,0.10983012035234492,0.8901698796476551,0.18134371450199435,0.8186562854980057,0.1399046634312225,0.8600953365687776,0.9006016379943342,0.09939836200566587,0.9472036541773865,0.05279634582261356
0.022625404623256046,0.9773745953767439,0.969960471235818,0.030039528764182036,0.9800576143409023,0.01994238565909776,0.03312622151978161,0.9668737784802183,0.9125256571777836,0.08747434282221657,0.03820418060242136,0.9617958193975786,0.06988879680509094,0.9301112031949089,0.034853083326213265,0.9651469166737866,0.9611621363549049,0.03883786364509519,0.9764096214606333,0.023590378539366633
0.05556918217672612,0.944430817823274,0.9351294508197222,0.06487054918027782,0.9711505772543376,0.02884942274566242,0.04277146668586842,0.9572285333141315,0.9013939995942134,0.09860600040578656,0.06297317545333159,0.9370268245466684,0.09829863682735546,0.9017013631726446,0.049451232937611084,0.950548767062389,0.9479074668670915,0.05209253313290859,0.9340411688751072,0.06595883112489277
0.026639492907289744,0.9733605070927103,0.9420485669922627,0.057951433007737356,0.9840581586627856,0.01594184133721445,0.03153169858171007,0.96846830141829,0.9229053616585713,0.07709463834142874,0.03176527428349441,0.9682347257165055,0.06182625600101285,0.9381737439989871,0.02538326966252245,0.9746167303374776,0.9682278119906281,0.03177218800937182,0.9742695079328688,0.02573049206713122
0.006356024034268826,0.9936439759657311,0.9852963163274873,0.014703683672512773,0.9945334915286476,0.005466508471352468,0.009264831679198535,0.9907351683208016,0.9764525525077168,0.023547447492283217,0.008658269596343561,0.9913417304036564,0.0192657340937821,0.980734265906218,0.0075485855174721615,0.9924514144825277,0.9945204476413243,0.005479552358675604,0.9945161203341761,0.005483879665823961
0.06999828516773421,0.9300017148322658,0.9115083823883604,0.08849161761163953,0.9704223390877784,0.02957766091222151,0.08096872137712341,0.9190312786228766,0.9016229292961433,0.09837707070385665,0.05238635116790945,0.9476136488320906,0.08146015806155986,0.9185398419384402,0.04245504633008901,0.957544953669911,0.9310898457730284,0.06891015422697151,0.9338389691462193,0.0661610308537806
0.04758787700627768,0.9524121229937224,0.927105198361308,0.07289480163869203,0.9757581616175897,0.024241838382410282,0.05747775765373263,0.9425222423462674,0.9289040548754163,0.07109594512458368,0.02943660361041538,0.9705633963895846,0.056258358728208745,0.9437416412717912,0.0306733187667604,0.9693266812332396,0.9610491512240614,0.0389508487759387,0.9539548402209816,0.0460451597790182
0.10114020802193338,0.8988597919780666,0.863758874901668,0.136241125098332,0.9458153425340226,0.05418465746597748,0.11207074043649945,0.8879292595635006,0.8812468347102628,0.11875316528973726,0.07702090837428212,0.9229790916257178,0.11050210575566131,0.8894978942443387,0.07512227310685095,0.9248777268931491,0.9217441515100383,0.07825584848996182,0.8922968240135616,0.10770317598643843
0.020826611693028147,0.9791733883069719,0.963445434015578,0.03655456598442199,0.9858768240146124,0.0141231759853876,0.04445366402404765,0.9555463359759523,0.9512356407410525,0.048764359258947614,0.02094087199961184,0.9790591280003882,0.033332972360480176,0.9666670276395198,0.0207475778203501,0.9792524221796498,0.9794598343863004,0.020540165613699642,0.9824881678564996,0.017511832143500387
0.013768894893085998,0.9862311051069139,0.9760112406078868,0.023988759392113188,0.9909885750376105,0.009011424962389523,0.021165393612877875,0.978834606387122,0.9669392581297183,0.03306074187028183,0.012950036346760658,0.9870499636532394,0.023557386354367806,0.9764426136456322,0.012775588579599947,0.9872244114204001,0.989817905948504,0.010182094051495907,0.9864580593237181,0.013541940676281969
0.01655582796429056,0.9834441720357094,0.9747319620953772,0.025268037904622804,0.9874849192841142,0.012515080715885906,0.030033099383669187,0.9699669006163308,0.9607557799513959,0.03924422004860409,0.014025494988382141,0.9859745050116179,0.030173919810612453,0.9698260801893875,0.0203771637725097,0.9796228362274902,0.9856501913962745,0.014349808603725587,0.9896211644101831,0.010378835589816796
0.007261926167118858,0.9927380738328812,0.9912594665477505,0.00874053345224955,0.995028358254939,0.004971641745061147,0.01234161074624468,0.9876583892537553,0.977754802380337,0.02224519761966298,0.010931672077990767,0.9890683279220092,0.01779793921760726,0.9822020607823927,0.008210444224434154,0.9917895557755658,0.9893557538804354,0.010644246119564682,0.9922996164336371,0.007700383566362908
0.018994536699448006,0.981005463300552,0.9764392009899044,0.023560799010095664,0.9899747425097829,0.010025257490217196,0.018041157688990284,0.9819588423110097,0.9577388124424443,0.04226118755755575,0.021754619827425645,0.9782453801725745,0.034810526309426194,0.9651894736905738,0.014568955915561193,0.9854310440844388,0.9804194838692972,0.019580516130702854,0.9760765573226766,0.023923442677323447
0.009984909757443544,0.9900150902425565,0.9802705417302567,0.019729458269743275,0.9927398934423991,0.0072601065576009295,0.013015766338359528,0.9869842336616405,0.9635377115641064,0.0364622884358936,0.013566215039396834,0.9864337849606031,0.023179681990857067,0.9768203180091428,0.008114348585900212,0.9918856514140998,0.9888367176530558,0.01116328234694407,0.98776619071558,0.012233809284420041
0.01902565367884343,0.9809743463211564,0.9726850593297947,0.027314940670205366,0.9872912441267665,0.012708755873233472,0.015861993837370424,0.9841380061626296,0.9566294796515541,0.043370520348445955,0.020150974793877285,0.9798490252061227,0.03288424088153697,0.967115759118463,0.01451510042918587,0.9854848995708141,0.9850846726664338,0.014915327333566023,0.9750341322704885,0.02496586772951137
0.005522748470779506,0.9944772515292204,0.9888869486526791,0.01111305134732101,0.9941249974169823,0.005875002583017686,0.010269098729559657,0.9897309012704404,0.9744882035315211,0.025511796468478884,0.008641885297884986,0.991358114702115,0.01712633571491241,0.9828736642850875,0.007218487194336993,0.992781512805663,0.9939599667040446,0.006040033295955351,0.9945485708990762,0.005451429100923819
0.003811123750778923,0.996188876249221,0.9915168700831021,0.00848312991689787,0.9967501227243298,0.0032498772756700033,0.005979399793437721,0.9940206002065624,0.9809508816472803,0.019049118352719704,0.005304860541821406,0.9946951394581787,0.012950658376554625,0.9870493416234454,0.004307619274215087,0.9956923807257848,0.9957168927553104,0.004283107244689756,0.9957251443592001,0.004274855640799855
0.004194596451975366,0.9958054035480246,0.9914425479679811,0.008557452032018896,0.9955550419271821,0.0044449580728179346,0.008390065961408667,0.9916099340385914,0.9790336000374551,0.020966399962545,0.006517548058859379,0.9934824519411406,0.015651181956155318,0.9843488180438447,0.006166564754906359,0.9938334352450937,0.9953001136482524,0.00469988635174759,0.9962989750417526,0.0037010249582473515
0.007560471437410332,0.9924395285625897,0.9872117739744638,0.012788226025536174,0.9935089923450559,0.006491007654944178,0.011367482852124255,0.9886325171478758,0.964412059190952,0.03558794080904792,0.0157822081439611,0.9842177918560389,0.02633264221895274,0.9736673577810473,0.0096133329209847,0.9903866670790153,0.9876358036544551,0.012364196345544963,0.9883755642879702,0.01162443571202988
0.02032011463788757,0.9796798853621125,0.9731317396662303,0.02686826033376972,0.9887469920955576,0.011253007904442417,0.02277049406260682,0.9772295059373932,0.9424113170609891,0.0575886829390108,0.023913305002349877,0.97608669499765,0.0405468352105312,0.9594531647894688,0.019101688768969956,0.98089831123103,0.9783904100126619,0.021609589987338054,0.9754954830659879,0.024504516934012132
0.00991526220260151,0.9900847377973985,0.9747361319464646,0.025263868053535435,0.9930284614881104,0.006971538511889653,0.016538787699695134,0.9834612123003049,0.9527053124804014,0.04729468751959862,0.014604397074086154,0.9853956029259138,0.027987893032112163,0.9720121069678879,0.010020627521806654,0.9899793724781935,0.9873177686595658,0.012682231340434193,0.9879211365333869,0.012078863466613169
0.006685457397967855,0.9933145426020321,0.986943650867359,0.013056349132641072,0.9938302866556425,0.006169713344357425,0.011447513247297996,0.9885524867527019,0.9720110362099584,0.027988963790041586,0.00829894374534941,0.9917010562546505,0.01944827185453784,0.9805517281454622,0.008657595976094655,0.9913424040239054,0.9937291169260009,0.006270883073999248,0.9953731776953575,0.004626822304642404
0.007434020923711083,0.9925659790762889,0.9878176739832769,0.012182326016723193,0.9931029209596123,0.006897079040387683,0.017092712423148443,0.9829072875768514,0.9658371176779036,0.034162882322096425,0.010592120334220084,0.9894078796657798,0.02342023591341334,0.9765797640865868,0.01168204871783228,0.9883179512821678,0.9907721162394806,0.009227883760519444,0.9934830122311067,0.006516987768893305
0.008558629443193144,0.9914413705568069,0.9860305499838656,0.013969450016134402,0.9910900691091854,0.008909930890814464,0.01872174549596417,0.9812782545040357,0.9640074317408225,0.03599256825917752,0.010187764495977433,0.9898122355040225,0.025846573752020686,0.9741534262479793,0.014724418418893942,0.985275581581106,0.9902072533487308,0.009792746651269257,0.9944453859364384,0.005554614063561689
0.004594660748183185,0.9954053392518168,0.9912045652262959,0.008795434773704253,0.9958426350425702,0.004157364957429707,0.010495776808116109,0.9895042231918839,0.9725721561829578,0.027427843817042195,0.007856885165199378,0.9921431148348007,0.015585277775380544,0.9844147222246196,0.006024607282605213,0.9939753927173948,0.994118518771528,0.005881481228471896,0.9947074639564538,0.005292536043546107
0.012288777416402745,0.9877112225835973,0.9848824242615931,0.015117575738406996,0.985992708749845,0.014007291250154886,0.021288551306798457,0.9787114486932016,0.9486991792706903,0.051300820729309665,0.025253671020626936,0.9747463289793731,0.04025600290653128,0.9597439970934686,0.022705621552667168,0.9772943784473329,0.9826835023720764,0.017316497627923616,0.9861988405156678,0.013801159484332222
0.04826139760391255,0.9517386023960874,0.9201242529662352,0.07987574703376477,0.9393546560495072,0.06064534395049274,0.08380267435191632,0.9161973256480835,0.804618164039603,0.19538183596039713,0.10640596430205196,0.893594035697948,0.1578969211384332,0.8421030788615668,0.10509814442482789,0.894901855575172,0.922023237289162,0.07797676271083805,0.9378643932844942,0.06213560671550593
0.04217442586967871,0.9578255741303212,0.92868214752547,0.07131785247452999,0.9629519968473899,0.037048003152610184,0.0574558077458883,0.9425441922541118,0.8607384267225774,0.1392615732774226,0.06607233203999267,0.9339276679600074,0.11009897186175213,0.8899010281382478,0.0710312622888677,0.9289687377111324,0.942596903658639,0.05740309634136091,0.9457506534216995,0.05424934657830046
0.022169281130158393,0.9778307188698415,0.9451063884342386,0.054893611565761544,0.9774264931266347,0.02257350687336541,0.042152608959244234,0.9578473910407558,0.9008126053172771,0.09918739468272281,0.04013432341703106,0.9598656765829691,0.07598767545454115,0.9240123245454589,0.039388819109713064,0.960611180890287,0.9651921810092675,0.034807818990732445,0.9714426024102658,0.028557397589734072
0.21787724802973663,0.7821227519702635,0.7449155339602287,0.25508446603977125,0.9009122578611702,0.09908774213882991,0.18370284495156372,0.8162971550484364,0.7735940836885381,0.22640591631146187,0.13888730122047085,0.8611126987795291,0.2350252683077653,0.7649747316922346,0.15619182853129276,0.8438081714687072,0.7845279350876814,0.21547206491231857,0.7544077015983793,0.24559229840162067
0.033926293921587046,0.9660737060784129,0.9393787181541138,0.06062128184588625,0.9805255808239189,0.019474419176081094,0.04723966126578779,0.9527603387342122,0.9376615704263074,0.06233842957369266,0.024050009157677923,0.9759499908423221,0.05550998012001526,0.9444900198799846,0.027927440867968688,0.9720725591320314,0.9639244498469726,0.03607555015302743,0.9664150913620183,0.03358490863798168
0.07901898324656476,0.9209810167534352,0.9015933871015896,0.09840661289841045,0.957407251746161,0.04259274825383891,0.07132977663464554,0.9286702233653543,0.9147213013501239,0.08527869864987621,0.049253922411581226,0.9507460775884187,0.09445798246640928,0.9055420175335908,0.06485999406916283,0.935140005930837,0.9406707215806217,0.059329278419378455,0.9115922752781057,0.08840772472189419
0.22104135774370098,0.7789586422562991,0.7747848975284246,0.22521510247157533,0.8538543376986926,0.14614566230130746,0.26385294649672564,0.7361470535032744,0.8050588070842152,0.1949411929157849,0.15582733605587729,0.8441726639441226,0.24103474868330868,0.7589652513166912,0.2619088037762248,0.7380911962237753,0.7926692252305527,0.2073307747694473,0.7833116520954865,0.21668834790451355
0.017123852347139753,0.9828761476528604,0.9692293148009281,0.030770685199071772,0.9850494170047246,0.014950582995275359,0.04700060949613484,0.9529993905038651,0.942369039328186,0.05763096067181388,0.019691086074423058,0.9803089139255768,0.036195236095932316,0.9638047639040677,0.022838821397682642,0.9771611786023174,0.9781487432158157,0.021851256784184248,0.9887680510366067,0.011231948963393332
0.007979212229802772,0.9920207877701973,0.9881716382580455,0.011828361741954445,0.9939646672851558,0.0060353327148442906,0.014525004267239502,0.9854749957327604,0.9731331884931161,0.026866811506883984,0.007841206594890423,0.9921587934051097,0.018529296944021095,0.9814707030559789,0.008885651736256902,0.9911143482637431,0.9927124069263282,0.007287593073671785,0.9929175816533319,0.0070824183466681335
0.024259544655727477,0.9757404553442726,0.9860177765576409,0.013982223442359228,0.9779957881056476,0.02200421189435241,0.04141561140139203,0.958584388598608,0.946443913373981,0.053556086626018864,0.030500338841887995,0.9694996611581119,0.04418176220918284,0.9558182377908172,0.04357207610748114,0.9564279238925188,0.9733994496261044,0.026600550373895634,0.9787801176235177,0.021219882376482303
0.04183729438128223,0.9581627056187177,0.9344339992644387,0.0655660007355613,0.9573602608988799,0.04263973910112003,0.063800225174921,0.936199774825079,0.8591081874901102,0.1408918125098898,0.07101458345638442,0.9289854165436155,0.09346810619699672,0.9065318938030033,0.07498689213836808,0.9250131078616319,0.9443910769729787,0.05560892302702126,0.9311543109867053,0.06884568901329477
0.2086899891412386,0.7913100108587614,0.7918265483441145,0.2081734516558856,0.9072405872878319,0.09275941271216825,0.18376932649477612,0.8162306735052238,0.7678501271277266,0.23214987287227343,0.17384272425068073,0.8261572757493192,0.17640930968597587,0.8235906903140242,0.12532656523934765,0.8746734347606523,0.8348310863094447,0.16516891369055542,0.7405177954719623,0.2594822045280378
0.04489810123156855,0.9551018987684314,0.9244776939214552,0.07552230607854478,0.9784997625670898,0.021500237432910164,0.04915844541205869,0.9508415545879413,0.9117550267321215,0.08824497326787846,0.03770696947874458,0.9622930305212555,0.04959982606926225,0.9504001739307378,0.024791995057311594,0.9752080049426883,0.9637296078086263,0.036270392191373686,0.940889958564602,0.059110041435398095
0.07975793118188325,0.9202420688181168,0.9186509871978861,0.08134901280211382,0.9570395639674715,0.042960436032528526,0.05661974759145098,0.943380252408549,0.9223105141006931,0.07768948589930702,0.042770433343679595,0.9572295666563203,0.06631162526843729,0.9336883747315626,0.0539421821115267,0.9460578178884733,0.9601488682906925,0.039851131709307444,0.9366899609638397,0.06331003903616021
0.18237270141322268,0.8176272985867774,0.8148013322332036,0.18519866776679644,0.8739357155387372,0.12606428446126283,0.22817911478945804,0.7718208852105418,0.8235607535459881,0.17643924645401193,0.11833803092679628,0.8816619690732036,0.18181012407555264,0.8181898759244475,0.21664852225181996,0.78335147774818,0.8469557156041578,0.15304428439584217,0.8451644193683852,0.15483558063161476
0.20449805660401213,0.7955019433959879,0.7958429479566584,0.20415705204334164,0.9094987207406421,0.09050127925935789,0.21001578495559256,0.7899842150444075,0.817138769528246,0.1828612304717541,0.13055571795675242,0.8694442820432476,0.16045660905583592,0.8395433909441641,0.12273995157339464,0.8772600484266053,0.8292532208601687,0.17074677913983127,0.7957605824781037,0.20423941752189628
0.030156688061088434,0.9698433119389115,0.9470230508402635,0.05297694915973643,0.9849655195341358,0.01503448046586426,0.03974132702744774,0.9602586729725523,0.9475648183014372,0.052435181698562705,0.02058354667741188,0.9794164533225882,0.03389592354551978,0.9661040764544803,0.016592808359923397,0.9834071916400765,0.9772340450980852,0.022765954901914836,0.9659793308569891,0.03402066914301095
0.0472923454795371,0.9527076545204629,0.9546319491706897,0.045368050829310204,0.9740545765642228,0.02594542343577721,0.042559961200897486,0.9574400387991026,0.9419264643247114,0.058073535675288716,0.0384553414943986,0.9615446585056014,0.05444635789870376,0.9455536421012962,0.037247697607749104,0.9627523023922508,0.9677400836134387,0.03225991638656138,0.9584318155939417,0.04156818440605826
0.02878370417899188,0.9712162958210081,0.9596482895079909,0.04035171049200907,0.9709309414378584,0.029069058562141672,0.05130880659730974,0.9486911934026904,0.9289693817016408,0.0710306182983592,0.033852217692731605,0.9661477823072685,0.05629312929597218,0.9437068707040278,0.04775528684394444,0.9522447131560554,0.9731041644021806,0.026895835597819433,0.9766610771481715,0.023338922851828477
0.016307073621397248,0.9836929263786027,0.9741791412862257,0.025820858713774233,0.9868208935837272,0.013179106416272781,0.02762490357610429,0.9723750964238956,0.9535214739055567,0.0464785260944433,0.019059361055377037,0.980940638944623,0.03353252252045202,0.9664674774795479,0.021205683407996122,0.9787943165920039,0.9841690537559266,0.015830946244073472,0.9842113407840365,0.01578865921596358
0.007098926915586518,0.9929010730844134,0.9856499046672559,0.01435009533274402,0.992987275476457,0.007012724523542925,0.014455840709404002,0.985544159290596,0.9707773466588268,0.02922265334117326,0.009999911735610151,0.9900000882643898,0.019732150914029575,0.9802678490859705,0.009840690587649996,0.99015930941235,0.9932926591509735,0.006707340849026568,0.9934249363706432,0.006575063629356712
0.059938967492796175,0.940061032507204,0.9470430198466441,0.05295698015335586,0.9401027171572724,0.05989728284272758,0.07438280472145847,0.9256171952785416,0.8755293444116491,0.12447065558835096,0.09361783342160832,0.9063821665783915,0.11454343592816883,0.885456564071831,0.09357913421388976,0.9064208657861101,0.9099212409930192,0.09007875900698085,0.9288156173020543,0.07118438269794576
0.07390089324250666,0.9260991067574934,0.9259647367782018,0.07403526322179817,0.9306291197537749,0.06937088024622498,0.07649299504360985,0.9235070049563902,0.8462598848020026,0.1537401151979973,0.10367698585373579,0.8963230141462643,0.13634483677009424,0.8636551632299057,0.0991107337257502,0.9008892662742497,0.9037983537958725,0.09620164620412745,0.9057861137992099,0.09421388620078999
0.02176383851569354,0.9782361614843065,0.9620290508389786,0.03797094916102128,0.9749005455606103,0.025099454439389702,0.031013064501904147,0.9689869354980958,0.921075893614373,0.07892410638562708,0.03444190948798858,0.9655580905120114,0.058833947069173914,0.9411660529308262,0.030875848374531105,0.9691241516254689,0.9696485554790478,0.030351444520952262,0.9717632422650846,0.028236757734915376
0.025496640884761782,0.9745033591152382,0.9648925205697295,0.03510747943027043,0.9665514054571456,0.033448594542854405,0.03100518501215728,0.9689948149878427,0.9266374048002396,0.07336259519976034,0.039549711792097174,0.9604502882079028,0.07264587156387046,0.9273541284361295,0.047407917906653614,0.9525920820933464,0.9715752371776236,0.028424762822376333,0.9732642907007115,0.0267357092992884
0.0715237885765087,0.9284762114234912,0.9128646831923711,0.08713531680762882,0.8831481126565993,0.11685188734340062,0.14340759369709202,0.856592406302908,0.784211004956854,0.21578899504314597,0.13286041480337038,0.8671395851966296,0.20254872997098813,0.7974512700290118,0.20646235776291064,0.7935376422370893,0.8823246547701035,0.11767534522989653,0.9305327115322014,0.06946728846779858
0.024061224422378853,0.9759387755776211,0.9678704139420393,0.0321295860579606,0.9813809110538787,0.018619088946121277,0.04188552190658773,0.9581144780934122,0.9116347031753091,0.0883652968246909,0.034423857525547975,0.9655761424744521,0.06294324570982755,0.9370567542901725,0.035929585582241595,0.9640704144177584,0.9587936897441838,0.04120631025581621,0.9744600689064182,0.025539931093581776
0.006597425869701347,0.9934025741302988,0.9849571181546497,0.015042881845350364,0.9939672981109747,0.006032701889025254,0.010365842480800745,0.9896341575191993,0.9669116346698247,0.03308836533017543,0.009716366418841103,0.9902836335811589,0.022138076104403975,0.977861923895596,0.008013089676098279,0.9919869103239017,0.9917429471666975,0.008257052833302522,0.9901294944586826,0.009870505541317338
0.05911910062552567,0.9408808993744744,0.9253040840286569,0.07469591597134304,0.9403814265173919,0.05961857348260815,0.07084074904674224,0.9291592509532577,0.8565826990228346,0.14341730097716543,0.09336804013647378,0.9066319598635262,0.14749495353704542,0.8525050464629547,0.10694936679877505,0.893050633201225,0.9266657590290535,0.07333424097094647,0.9359430831243629,0.06405691687563705
0.1519283504747574,0.8480716495252426,0.8077806660029195,0.1922193339970804,0.7815813448565886,0.2184186551434115,0.31369236780421744,0.6863076321957826,0.6155385904225957,0.3844614095774044,0.22581358315281763,0.7741864168471824,0.30492421935219843,0.6950757806478016,0.3724566999664635,0.6275433000335364,0.7834719091490363,0.21652809085096372,0.8454314413353792,0.15456855866462094
0.22513877642420146,0.7748612235757986,0.7419156171928184,0.25808438280718154,0.7088507575715323,0.2911492424284678,0.4272395210194575,0.5727604789805425,0.5426493666385825,0.45735063336141735,0.29002828159030136,0.7099717184096986,0.3855597642249108,0.6144402357750892,0.4885146707029023,0.5114853292970978,0.6770940102791855,0.32290598972081447,0.7703967315675615,0.22960326843243853
0.25133263442172593,0.748667365578274,0.7150643984066297,0.2849356015933703,0.6729728110358613,0.32702718896413885,0.4542677298683579,0.545732270131642,0.5374573271266451,0.46254267287335493,0.28985455354443906,0.7101454464555609,0.4082035010752677,0.5917964989247323,0.528442240972699,0.47155775902730107,0.6482318402931896,0.35176815970681047,0.756934279087877,0.24306572091212295
0.5054482598499911,0.49455174015000886,0.5291713831301388,0.47082861686986116,0.4444205069502507,0.5555794930497493,0.6514015894049899,0.3485984105950102,0.3426958341337622,0.6573041658662379,0.6034179719023038,0.39658202809769616,0.6535590306281921,0.346440969371808,0.718773708779509,0.281226291220491,0.3100279994961407,0.6899720005038593,0.4316296065494107,0.5683703934505894
0.37277763786842866,0.6272223621315713,0.6643750420094774,0.3356249579905226,0.7205148557727992,0.27948514422720083,0.40215519446016995,0.59784480553983,0.5321598084559118,0.46784019154408824,0.3686772146487696,0.6313227853512303,0.4658700857903466,0.5341299142096534,0.45532236954244254,0.5446776304575576,0.5655158856528439,0.43448411434715617,0.5708955505363161,0.42910444946368376
0.07219348311942296,0.9278065168805771,0.8932241727073366,0.10677582729266348,0.9418396153833307,0.05816038461666923,0.12265134788548267,0.8773486521145173,0.8142863422431762,0.1857136577568239,0.0651429734576305,0.9348570265423696,0.12071115192810059,0.8792888480718994,0.0943236746177435,0.9056763253822565,0.902818816647955,0.09718118335204505,0.9291899357943528,0.07081006420564703
0.0625377303889575,0.9374622696110424,0.9405257190391534,0.05947428096084655,0.9390413434647408,0.060958656535259184,0.08174123025363654,0.9182587697463634,0.8821705753598228,0.11782942464017719,0.05507906838158268,0.9449209316184174,0.09884434797287604,0.901155652027124,0.10284157799173592,0.8971584220082641,0.9481742849487432,0.051825715051256785,0.9406634835204227,0.059336516479577314
0.1729206260774881,0.8270793739225119,0.8528543646901946,0.1471456353098055,0.8311832136282258,0.16881678637177414,0.33593046384199676,0.6640695361580033,0.6942536306428445,0.3057463693571555,0.1683443628429744,0.8316556371570256,0.24781834642977674,0.7521816535702233,0.34358613857971787,0.656413861420282,0.7658504122527403,0.23414958774725964,0.8408321621174758,0.15916783788252425
0.34370694042675626,0.6562930595732437,0.6840263505087727,0.3159736494912274,0.7019435036476329,0.298056496352367,0.48303046924848664,0.5169695307515134,0.5725776033033112,0.42742239669668874,0.28850256587232553,0.7114974341276745,0.3658194299855014,0.6341805700144987,0.519908052280427,0.48009194771957303,0.663868731259917,0.336131268740083,0.6043808667304307,0.39561913326956927
0.27623692954854684,0.7237630704514532,0.6633325653264212,0.33666743467357885,0.7165762516994901,0.28342374830050976,0.5259139686375769,0.47408603136242317,0.5244336041786476,0.4755663958213524,0.2984787750015878,0.7015212249984122,0.3273336084584597,0.6726663915415402,0.45391164584271515,0.5460883541572848,0.6785717627130655,0.3214282372869345,0.6559174483624007,0.3440825516375992
0.2715971141022285,0.7284028858977716,0.7909613824030947,0.20903861759690526,0.6640379957565301,0.33596200424346995,0.4156296505692089,0.5843703494307911,0.5546324583005124,0.4453675416994875,0.34051964200667295,0.6594803579933272,0.3403034259171645,0.6596965740828354,0.5018272102398753,0.49817278976012463,0.6648553100195517,0.3351446899804483,0.6772783171925506,0.32272168280744934
0.31960331644992873,0.6803966835500713,0.7197461385681921,0.28025386143180786,0.5451826790521803,0.4548173209478196,0.49014002415835084,0.5098599758416492,0.47306907041793655,0.5269309295820634,0.36999200777164315,0.6300079922283568,0.45303247806510405,0.546967521934896,0.6299627209521484,0.37003727904785166,0.5792868594507447,0.4207131405492554,0.7078231474715684,0.2921768525284316
0.25956409121995266,0.7404359087800474,0.8166949041922643,0.18330509580773566,0.7871750026080394,0.2128249973919607,0.38451735985209934,0.6154826401479008,0.5903234539270538,0.4096765460729462,0.22417380159391173,0.7758261984060882,0.3052830378031829,0.6947169621968172,0.37503321539499285,0.6249667846050072,0.6409593970527444,0.3590406029472555,0.7327782317537197,0.2672217682462803
0.029743052056549632,0.9702569479434505,0.9668937746106651,0.03310622538933507,0.9692223625863201,0.03077763741367984,0.0644832723458907,0.9355167276541092,0.8963505595178106,0.10364944048218934,0.028340904078698884,0.9716590959213011,0.05682543747621651,0.9431745625237835,0.0462740663946674,0.9537259336053325,0.9618003533342178,0.03819964666578222,0.9667252993415046,0.033274700658495346
0.08368066069125354,0.9163193393087465,0.9289798656808783,0.07102013431912162,0.8920806437885176,0.10791935621148228,0.12243395956998261,0.8775660404300173,0.7907649256226572,0.20923507437734282,0.11548449843627404,0.884515501563726,0.1535656584370199,0.8464343415629801,0.1680314093904235,0.8319685906095765,0.903302084058914,0.096697915941086,0.9028942524043727,0.09710574759562718
0.08064175315717374,0.9193582468428262,0.933132146683332,0.06686785331666795,0.8947134766677656,0.10528652333223436,0.1694651816802303,0.8305348183197698,0.7419218404433308,0.25807815955666924,0.12431454465047985,0.8756854553495201,0.15546657780274709,0.8445334221972529,0.19130311406960723,0.8086968859303928,0.8752366085515093,0.1247633914484907,0.8970737601567706,0.1029262398432293
0.12580461226395392,0.874195387736046,0.8846438004328341,0.11535619956716586,0.8956815994741621,0.10431840052583778,0.16376015350855955,0.8362398464914403,0.73742054561543,0.2625794543845699,0.14525376467700946,0.8547462353229905,0.1569519887866117,0.8430480112133882,0.18831037106954815,0.8116896289304519,0.8718436401218614,0.12815635987813853,0.7976253358635219,0.20237466413647812
0.36590859294011224,0.6340914070598879,0.5512202109376513,0.4487797890623487,0.6928661860533811,0.30713381394661887,0.47842970459221396,0.5215702954077861,0.47093054582719934,0.5290694541728006,0.3399584356195383,0.6600415643804616,0.42874740291476826,0.5712525970852317,0.48401965658895424,0.5159803434110457,0.6325504448402575,0.3674495551597425,0.5214149125174234,0.4785850874825766
0.6237159773783166,0.37628402262168326,0.36753777643696184,0.6324622235630382,0.3920356067327903,0.6079643932672097,0.738196469826317,0.261803530173683,0.28316673153322064,0.7168332684667794,0.6585962112098344,0.34140378879016564,0.6865098241782679,0.31349017582173205,0.7721052653151108,0.2278947346848891,0.3317879341287349,0.668212065871265,0.2966873903462904,0.7033126096537097
0.9030990848227686,0.09690091517723147,0.09303910712329151,0.9069608928767084,0.10979975384554902,0.890200246154451,0.9446374864093044,0.055362513590695564,0.10603897097627209,0.893961029023728,0.8626178996927342,0.13738210030726583,0.9078109443492578,0.09218905565074217,0.9516045590013249,0.048395440998675154,0.08122988617539466,0.9187701138246054,0.08041207929209919,0.9195879207079009
0.9566748185149632,0.043325181485036945,0.04043465760900093,0.9595653423909991,0.03942768233011846,0.9605723176698815,0.9698923574320436,0.030107642567956425,0.07212489040231003,0.9278751095976899,0.9291328714244602,0.07086712857553973,0.9499435900894395,0.050056409910560484,0.9768018113967305,0.02319818860326945,0.03010276086601134,0.9698972391339887,0.03706156481617177,0.9629384351838283
0.9569323369238756,0.04306766307612454,0.04225335643604021,0.9577466435639598,0.04115351942645752,0.9588464805735425,0.9700045655944012,0.029995434405598726,0.07619892602567051,0.9238010739743294,0.942571226834214,0.057428773165785874,0.9471880307398302,0.052811969260169844,0.9745961252830634,0.025403874716936562,0.028942354734977145,0.9710576452650228,0.026968423876476813,0.9730315761235231
0.9702499068689204,0.02975009313107961,0.034973616820723155,0.9650263831792768,0.027369041838656065,0.9726309581613439,0.9718083818671668,0.028191618132833097,0.06479826152516963,0.9352017384748303,0.9635520614515135,0.03644793854848644,0.9643673155870887,0.035632684412911245,0.98136469028732,0.018635309712679942,0.01939285521139657,0.9806071447886034,0.020160140828583657,0.9798398591714164
0.9728494075748285,0.027150592425171472,0.024441787173093046,0.9755582128269068,0.0211561491045425,0.9788438508954574,0.9779024504957339,0.02209754950426623,0.05053344477987266,0.9494665552201274,0.9703074786323476,0.02969252136765249,0.9716806051246822,0.028319394875317778,0.9832444548382454,0.016755545161754454,0.017235260071616132,0.9827647399283838,0.01828024887201796,0.9817197511279819
0.9831730185208686,0.016826981479131396,0.018833689170508684,0.9811663108294912,0.014587465368987446,0.9854125346310125,0.9819552149151344,0.018044785084865587,0.043552742673858336,0.9564472573261417,0.977174138513929,0.022825861486070884,0.978690169426902,0.021309830573097946,0.9889444324242779,0.011055567575722035,0.012924957199465075,0.987075042800535,0.010455481896530174,0.9895445181034699
0.9889059065683772,0.011094093431622837,0.01458349827842085,0.9854165017215792,0.008099330432896241,0.9919006695671038,0.9881343486345558,0.011865651365444195,0.03322735478596411,0.9667726452140358,0.9842044224966517,0.01579557750334823,0.9802250045427643,0.01977499545723567,0.9925638171891542,0.007436182810845731,0.008298630234514005,0.9917013697654861,0.007833748822541405,0.9921662511774586
0.9875488705248789,0.012451129475121087,0.018037992265896603,0.9819620077341034,0.015407417039174849,0.9845925829608251,0.9847191929535267,0.015280807046473395,0.04015040607779132,0.9598495939222087,0.9767690174824402,0.02323098251755972,0.9716947407522726,0.028305259247727463,0.984592698716274,0.015407301283726018,0.01335604438587531,0.9866439556141248,0.00886666328531056,0.9911333367146894
0.992476121056773,0.007523878943226949,0.013525833270656705,0.9864741667293433,0.007581362101740581,0.9924186378982593,0.9867174444493017,0.0132825555506984,0.03125507806101758,0.9687449219389824,0.9827752838920788,0.017224716107921097,0.9735621413530325,0.02643785864696739,0.9896588330816813,0.010341166918318618,0.011391958473903337,0.9886080415260967,0.004734545735047502,0.9952654542649526
0.9957993513391619,0.004200648660838229,0.011756860902098492,0.9882431390979016,0.0043699819452661685,0.9956300180547338,0.9894384262569919,0.01056157374300825,0.024103190158280153,0.9758968098417198,0.9900177039195794,0.009982296080420502,0.9803662893670633,0.01963371063293675,0.9934824682847178,0.006517531715282353,0.007870300085695434,0.9921296999143047,0.004056209544242571,0.9959437904557574
0.9952149687482522,0.004785031251747839,0.012333248288101773,0.9876667517118983,0.006079575509629988,0.9939204244903701,0.9912947707488267,0.008705229251173213,0.02587665072332479,0.9741233492766751,0.988602870418931,0.011397129581068956,0.976188219377161,0.02381178062283888,0.9917854020257606,0.008214597974239549,0.008104578019492622,0.9918954219805074,0.004518114783496258,0.9954818852165036
0.9961081865570393,0.0038918134429606482,0.009157453535709107,0.9908425464642908,0.004387799450659506,0.9956122005493406,0.9925843563059736,0.007415643694026326,0.021271239844171386,0.9787287601558287,0.9901409986138191,0.00985900138618095,0.9802043445564439,0.01979565544355617,0.9941432094994611,0.0058567905005390076,0.007109695724020566,0.9928903042759795,0.0029529308345363414,0.9970470691654637
0.9611793541735737,0.038820645826426206,0.07293658500276864,0.9270634149972314,0.03571616304611615,0.9642838369538839,0.9611053751716792,0.03889462482832083,0.07487649502936856,0.9251235049706314,0.9163737619808567,0.08362623801914333,0.8626822693425508,0.1373177306574493,0.9547486307424264,0.04525136925757369,0.05554307620645534,0.9444569237935446,0.046979776763483895,0.9530202232365161
0.9721149536651331,0.027885046334866947,0.07625238596431431,0.9237476140356856,0.029281807493476524,0.9707181925065236,0.9597499439663877,0.04025005603361238,0.06549107928884247,0.9345089207111574,0.941057622845626,0.05894237715437395,0.9045099109121084,0.0954900890878916,0.9720919958178396,0.027908004182160377,0.036326271284257375,0.9636737287157425,0.019854074455857563,0.9801459255441424
0.9795522218411352,0.020447778158864834,0.06690268718889807,0.933097312811102,0.01872657850955107,0.981273421490449,0.9659698709648638,0.0340301290351363,0.056245023562841716,0.9437549764371583,0.9562647512091011,0.04373524879089877,0.936020586575195,0.063979413424805,0.9866253652475657,0.013374634752434325,0.024670784612462675,0.9753292153875373,0.021362757756378074,0.9786372422436219
0.9846577415543646,0.01534225844563545,0.03964137867848231,0.9603586213215177,0.026656984202737082,0.9733430157972628,0.9813932935929175,0.018606706407082566,0.044083273386333624,0.9559167266136663,0.968270334543482,0.031729665456518084,0.9378488607106419,0.06215113928935802,0.9752829165831738,0.024717083416826293,0.027823501701733307,0.9721764982982666,0.013558255714752509,0.9864417442852476
0.9874870006951489,0.012512999304851068,0.03324875464919383,0.9667512453508063,0.02030471190906397,0.979695288090936,0.9790805205003431,0.020919479499656935,0.03877165891951046,0.9612283410804895,0.9719345219039288,0.02806547809607127,0.9526943152889886,0.04730568471101132,0.9816426374403395,0.018357362559660473,0.026833275628326506,0.9731667243716734,0.008738289382897106,0.9912617106171029
0.9835829529135748,0.016417047086425163,0.03578241291566609,0.9642175870843339,0.03350978022908841,0.9664902197709117,0.9733775516242854,0.026622448375714522,0.05176044329032176,0.9482395567096783,0.9637708436083514,0.03622915639164853,0.9458526944495516,0.05414730555044835,0.9670134481022709,0.03298655189772916,0.03173164971156375,0.9682683502884363,0.013347445232044982,0.986652554767955
0.9742526904227069,0.025747309577293074,0.04620061728207808,0.9537993827179219,0.03752035233227903,0.9624796476677209,0.962024534318914,0.03797546568108606,0.07010053337900442,0.9298994666209957,0.917097227183458,0.08290277281654199,0.8976198678470568,0.10238013215294309,0.9513285317488408,0.04867146825115925,0.05258800287833705,0.9474119971216629,0.02542545981130055,0.9745745401886995
0.8769971014954477,0.12300289850455226,0.2175661287889559,0.7824338712110442,0.14306451708991766,0.8569354829100824,0.8617918894496085,0.1382081105503915,0.20309285143367464,0.7969071485663253,0.732135652355624,0.2678643476443761,0.7209515282216871,0.27904847177831305,0.8889517905730844,0.11104820942691564,0.19296169576758374,0.8070383042324162,0.12624666854250266,0.8737533314574973
0.9003460783033701,0.09965392169662989,0.19264585692528638,0.8073541430747135,0.1812712476376455,0.8187287523623545,0.8855487192313071,0.11445128076869289,0.21343469063620454,0.7865653093637955,0.7671196356277497,0.2328803643722505,0.7405023771195007,0.25949762288049927,0.8475402631338873,0.15245973686611267,0.1289262959240861,0.8710737040759139,0.09765634058764305,0.902343659412357
0.08026222177474422,0.9197377782252557,0.9260734067208893,0.07392659327911061,0.9447942679005956,0.05520573209940437,0.13021976759137094,0.8697802324086291,0.8750557310142059,0.12494426898579421,0.04454570253661613,0.955454297463384,0.06842310282162792,0.931576897178372,0.07047576529589752,0.9295242347041024,0.9275186560345773,0.07248134396542279,0.9310725608382738,0.06892743916172629
0.03727891568101659,0.9627210843189834,0.9713861525993415,0.028613847400658535,0.9646465904089663,0.035353409591033697,0.05391619410219791,0.9460838058978022,0.9283610592254187,0.07163894077458134,0.03158806911627065,0.9684119308837293,0.04379093748484913,0.9562090625151509,0.04701920288912383,0.9529807971108761,0.97581745859543,0.024182541404570063,0.9678717528712647,0.03212824712873515
0.08304508614196565,0.9169549138580344,0.9539243384924257,0.04607566150757416,0.9092546628237324,0.09074533717626755,0.16113947239195783,0.8388605276080422,0.8205835396668831,0.17941646033311687,0.09676192253695598,0.9032380774630441,0.10856044988611996,0.89143955011388,0.1615330238271016,0.8384669761728983,0.8949831744241802,0.10501682557581986,0.9278089760184176,0.07219102398158249
0.044191994137651874,0.955808005862348,0.9613817924773767,0.03861820752262342,0.9511601064180679,0.04883989358193209,0.08227519812929401,0.917724801870706,0.8515991447003463,0.14840085529965366,0.06707162735978003,0.93292837264022,0.06741709438128736,0.9325829056187126,0.07537517474516228,0.9246248252548378,0.9511234653296048,0.04887653467039527,0.9325341931924418,0.0674658068075582
0.022617794131013717,0.9773822058689863,0.9616887933259479,0.03831120667405212,0.9687614746715786,0.031238525328421463,0.057803602991110516,0.9421963970088895,0.8774901428308569,0.12250985716914303,0.038382020382044246,0.9616179796179557,0.049811861867842346,0.9501881381321576,0.04107704843598648,0.9589229515640135,0.9711831505562559,0.028816849443744064,0.9699911646947351,0.03000883530526495
0.07894629494855256,0.9210537050514473,0.9296349085632971,0.07036509143670293,0.8950368901723481,0.10496310982765192,0.12110638023308656,0.8788936197669134,0.7857830239389006,0.2142169760610994,0.13356008408363246,0.8664399159163675,0.1395719048880656,0.8604280951119345,0.1501395386923121,0.8498604613076879,0.9046330543017915,0.09536694569820856,0.9028851583258586,0.09711484167414149
0.08412014927478656,0.9158798507252134,0.9293739537182878,0.07062604628171215,0.9377446048158947,0.062255395184105215,0.11883147969926952,0.8811685203007306,0.8036649731222337,0.1963350268777663,0.08882044082983592,0.9111795591701641,0.10812782644725884,0.8918721735527412,0.10352419395486316,0.8964758060451369,0.8909912042785124,0.10900879572148754,0.9064290694500986,0.09357093054990138
0.011885057426095148,0.9881149425739049,0.9788455900606505,0.021154409939349417,0.9896538109223091,0.010346189077690951,0.021825634230529415,0.9781743657694706,0.9493341520011737,0.05066584799882633,0.010548161195950721,0.9894518388040492,0.026146754952947777,0.9738532450470523,0.013903948004904671,0.9860960519950953,0.9853050850938704,0.014694914906129581,0.986151343189124,0.013848656810876053
0.022530680511586028,0.977469319488414,0.9714260442419229,0.028573955758076967,0.9721966974087612,0.02780330259123868,0.03659382323274928,0.9634061767672508,0.9264555613913775,0.07354443860862249,0.031097982865037573,0.9689020171349624,0.055289648490242566,0.9447103515097575,0.04284609639607316,0.9571539036039268,0.9788798365960636,0.021120163403936413,0.9759702723180418,0.024029727681958185
0.03662101348899559,0.9633789865110045,0.9609314734404687,0.03906852655953119,0.9571253041972997,0.04287469580270036,0.0901572659771163,0.9098427340228837,0.8622565521924189,0.13774344780758102,0.06228534432165749,0.9377146556783424,0.09399803067070012,0.9060019693292999,0.08814371795185867,0.9118562820481413,0.9383641876310366,0.06163581236896335,0.9575296811330314,0.042470318866968615
0.07907681216273067,0.9209231878372693,0.9047701467588793,0.09522985324112053,0.923084443243336,0.07691555675666402,0.1291474074346767,0.8708525925653233,0.8049181899960375,0.19508181000396238,0.09840862139780618,0.9015913786021938,0.1497242268669582,0.8502757731330418,0.1545810470931203,0.8454189529068797,0.9087206424310842,0.09127935756891585,0.8980424506774912,0.10195754932250872
0.4137817663769905,0.5862182336230095,0.498220746956072,0.501779253043928,0.6387473481491762,0.3612526518508238,0.5355877973762815,0.46441220262371846,0.478541871093085,0.521458128906915,0.4253081663560695,0.5746918336439305,0.5262593133183956,0.47374068668160446,0.5612417946470689,0.43875820535293114,0.5532213165125831,0.4467786834874169,0.5136902355161533,0.48630976448384666
0.6215628644385156,0.37843713556148434,0.347045605861077,0.652954394138923,0.5114887607995369,0.48851123920046313,0.6761851529062299,0.32381484709377,0.382318359596986,0.6176816404030141,0.6169570054608982,0.3830429945391019,0.6542115868641096,0.34578841313589026,0.6449984034683635,0.3550015965316366,0.3416586403740202,0.6583413596259798,0.3087164424274331,0.6912835575725669
0.2941485729924503,0.7058514270075497,0.5759598960561833,0.4240401039438167,0.7796679607920648,0.22033203920793523,0.40403058278856707,0.5959694172114329,0.6235952912324627,0.3764047087675374,0.22421290516689596,0.775787094833104,0.35020659317728164,0.6497934068227184,0.3381179084322072,0.6618820915677929,0.6727442172056779,0.3272557827943221,0.6835540717832009,0.31644592821679907
0.676926142313878,0.323073857686122,0.3539360752196312,0.6460639247803687,0.3965038243978614,0.6034961756021385,0.6686594811372022,0.33134051886279786,0.4438434499675739,0.5561565500324261,0.48484342428039895,0.515156575719601,0.6277381576397452,0.3722618423602548,0.7358120130474097,0.2641879869525902,0.3650850537050638,0.6349149462949362,0.35201575153278,0.64798424846722
0.8983878032524796,0.10161219674752048,0.13190016298467813,0.8680998370153219,0.14075587005359802,0.8592441299464019,0.9163516759298876,0.08364832407011229,0.2008605875609483,0.7991394124390517,0.8119621770005199,0.18803782299948021,0.8354790106211839,0.16452098937881612,0.9094294572572349,0.09057054274276505,0.08739628659791823,0.9126037134020818,0.09708053405420707,0.902919465945793
0.8904186584291748,0.10958134157082533,0.14639619794237813,0.8536038020576219,0.18037869356006164,0.8196213064399382,0.885197748320966,0.11480225167903399,0.24164279040984185,0.7583572095901582,0.7927141580515255,0.2072858419484745,0.8039198679273337,0.19608013207266628,0.8799424565173086,0.12005754348269143,0.13591034641043592,0.8640896535895641,0.08221002576935955,0.9177899742306405
0.16611945579321147,0.8338805442067885,0.7869238543099821,0.21307614569001787,0.878845054523225,0.12115494547677484,0.2936655204036609,0.7063344795963391,0.7767515567151244,0.22324844328487556,0.11602522181010304,0.883974778189897,0.15840526592912885,0.841594734070871,0.1738809588025006,0.8261190411974993,0.8241541088993397,0.17584589110066037,0.8508163090743833,0.14918369092561679
0.2442480833552946,0.7557519166447053,0.8331418088777837,0.16685819112221628,0.8631039523320272,0.1368960476679728,0.23439983368464112,0.7656001663153589,0.7849145270778166,0.2150854729221833,0.1421639364115502,0.8578360635884499,0.17190484634873493,0.8280951536512651,0.20752814168013714,0.7924718583198629,0.78864422925487,0.21135577074513004,0.6388602460888609,0.361139753911139
0.6540829703301778,0.34591702966982224,0.5481871165566294,0.45181288344337056,0.5276848340536998,0.4723151659463002,0.557158738239441,0.44284126176055905,0.5297324990430979,0.47026750095690206,0.4349235606219144,0.5650764393780857,0.4566969548159767,0.5433030451840233,0.5976816675521336,0.4023183324478665,0.48021683684480204,0.5197831631551979,0.31343080331546247,0.6865691966845375
0.3318742983900235,0.6681257016099765,0.62388495142125,0.37611504857875006,0.7385180462967089,0.261481953703291,0.4668859706725177,0.5331140293274822,0.604114369994526,0.39588563000547394,0.22185776250258327,0.7781422374974168,0.25586521354426645,0.7441347864557335,0.3530906268117327,0.6469093731882672,0.7092919792494046,0.29070802075059554,0.5959580325313971,0.4040419674686029
0.6070366927408949,0.39296330725910517,0.47860124227003126,0.5213987577299687,0.5839111264994304,0.41608887350056956,0.5928668433147369,0.407133156685263,0.47375317597968375,0.5262468240203163,0.4375497241887012,0.5624502758112988,0.4108042527457645,0.5891957472542355,0.4983703751000393,0.5016296248999608,0.5093494810946709,0.4906505189053291,0.24942116823323782,0.7505788317667622
0.43856181758525636,0.5614381824147436,0.6683796956226422,0.3316203043773578,0.6459774885478237,0.35402251145217634,0.478314480470349,0.5216855195296509,0.575088872124961,0.4249111278750391,0.30752114381694307,0.6924788561830569,0.26260491692492016,0.7373950830750798,0.4063012863326138,0.5936987136673862,0.6548554325097697,0.34514456749023037,0.44045618678522336,0.5595438132147768
0.8746907337078421,0.12530926629215797,0.22550864153171207,0.7744913584682879,0.23803392268179158,0.7619660773182084,0.7992015423170945,0.2007984576829054,0.26428451585501656,0.7357154841449833,0.6918494338682322,0.30815056613176783,0.6917513059194186,0.30824869408058136,0.787466592842563,0.21253340715743702,0.22689362999660195,0.7731063700033981,0.1037270023491799,0.8962729976508201
0.36999917582668823,0.6300008241733118,0.6870041330009248,0.31299586699907517,0.6919842290847176,0.3080157709152824,0.4432648428328978,0.5567351571671022,0.641068313402398,0.35893168659760194,0.21864952417307082,0.7813504758269292,0.26026049195778334,0.7397395080422168,0.3873897170196959,0.6126102829803042,0.6806045698422092,0.3193954301577908,0.572042351975989,0.427957648024011
0.11296141148950807,0.8870385885104919,0.9235244773195621,0.07647552268043795,0.8722011475964025,0.12779885240359737,0.1623869392352373,0.8376130607647626,0.8364553091213991,0.1635446908786008,0.10259557265698344,0.8974044273430166,0.11685957819420195,0.8831404218057981,0.19027833543378644,0.8097216645662135,0.9109742796644096,0.08902572033559036,0.8807170728616174,0.1192829271383826
0.29957656769819685,0.7004234323018032,0.8251601180775773,0.17483988192242278,0.7695090338626617,0.23049096613733838,0.4121969025746435,0.5878030974253565,0.6251286438548066,0.37487135614519335,0.20741215231358923,0.7925878476864107,0.2582851684516374,0.7417148315483626,0.3918333033007512,0.6081666966992488,0.6568222526593184,0.34317774734068157,0.7039470250394178,0.2960529749605823
0.28646851768199183,0.7135314823180081,0.8374553955150773,0.16254460448492272,0.7497800511232738,0.25021994887672616,0.3145718054233919,0.6854281945766082,0.6675293052577608,0.3324706947422392,0.25605983859468495,0.7439401614053152,0.250750460738242,0.749249539261758,0.40846095831764045,0.5915390416823595,0.7549177132158065,0.24508228678419353,0.5925150907249881,0.4074849092750119
0.7234789351104642,0.2765210648895357,0.32618077126057643,0.6738192287394235,0.4419197711821839,0.5580802288178162,0.7166084565817105,0.2833915434182894,0.30979268020648026,0.6902073197935198,0.6435736180338693,0.35642638196613075,0.6322641196895896,0.3677358803104103,0.6648780381842367,0.3351219618157632,0.3423551114050633,0.6576448885949367,0.2129693628485073,0.7870306371514926
0.4898670714788926,0.5101329285211074,0.5015112984507321,0.4984887015492679,0.6428113753236037,0.3571886246763963,0.5303845623276027,0.4696154376723974,0.4593383292820455,0.5406616707179546,0.423760797854702,0.576239202145298,0.4232641222544523,0.5767358777455477,0.47346156599411765,0.5265384340058823,0.5673073774763517,0.43269262252364826,0.3503178466563465,0.6496821533436534
0.8058115032906907,0.1941884967093093,0.22322635931124327,0.7767736406887567,0.32701419251479585,0.6729858074852041,0.7862087782183188,0.2137912217816812,0.26443724836791493,0.7355627516320852,0.6593073107771457,0.34069268922285423,0.7220999042020254,0.27790009579797464,0.7861942851079163,0.21380571489208366,0.29919652640927846,0.7008034735907216,0.1452702887272518,0.8547297112727482
0.9131820954409013,0.08681790455909863,0.11157859536294003,0.88842140463706,0.11550269265408548,0.8844973073459145,0.9205723072534928,0.07942769274650711,0.1695287000900752,0.8304712999099247,0.7701491124340808,0.22985088756591926,0.8161784522047364,0.1838215477952636,0.9099245106228613,0.09007548937713875,0.10816739029788408,0.891832609702116,0.10242044490530174,0.8975795550946982
0.8906152992981909,0.10938470070180904,0.1425458220195612,0.8574541779804388,0.1788119496299519,0.8211880503700482,0.8908131352275974,0.10918686477240257,0.2155947376281211,0.7844052623718788,0.7843819590139532,0.21561804098604678,0.7939367102251035,0.2060632897748965,0.8644671595269696,0.1355328404730304,0.1275884293570243,0.8724115706429756,0.07037588708886582,0.9296241129111341
0.3251779786579749,0.6748220213420251,0.7036176277896159,0.29638237221038405,0.7484373333623587,0.2515626666376414,0.4252176707398825,0.5747823292601175,0.6845051567159118,0.3154948432840882,0.16971945507623304,0.830280544923767,0.25309245962880805,0.7469075403711919,0.34960370245068784,0.6503962975493122,0.6925295675770211,0.30747043242297883,0.6814943084252337,0.3185056915747664
0.5044995691716673,0.49550043082833267,0.6178422739763353,0.38215772602366466,0.6594147879486285,0.3405852120513715,0.4980715234478285,0.5019284765521714,0.5627567257135091,0.43724327428649096,0.33735364394410206,0.6626463560558981,0.3673032298745643,0.6326967701254357,0.4561720883694551,0.5438279116305449,0.5353754633936381,0.464624536606362,0.34517546550334355,0.6548245344966565
0.5178764323693908,0.4821235676306092,0.6273804399915868,0.37261956000841323,0.5419083615107415,0.4580916384892584,0.5624329323382827,0.4375670676617173,0.5136415869222903,0.4863584130777097,0.35688499398081375,0.6431150060191863,0.4322261502614254,0.5677738497385746,0.6518537798737741,0.34814622012622587,0.5323210493301757,0.4676789506698243,0.3856532300731602,0.6143467699268399
0.8060934254507115,0.1939065745492885,0.24098581521472917,0.7590141847852708,0.31273167077934133,0.6872683292206586,0.8333157440190857,0.1666842559809144,0.22990188094383363,0.7700981190561663,0.7383494916579532,0.26165050834204695,0.7276315102054418,0.2723684897945583,0.7894756644715142,0.21052433552848576,0.23519873858460982,0.7648012614153902,0.11427405029032607,0.8857259497096739
0.27318757636105717,0.7268124236389428,0.7085034561248358,0.29149654387516416,0.7680648603309084,0.23193513966909163,0.4085469601992388,0.5914530398007611,0.6296517278500706,0.37034827214992927,0.16750626220381784,0.8324937377961821,0.21834422490487676,0.7816557750951232,0.3343398994173747,0.6656601005826253,0.7468830503317706,0.2531169496682294,0.6412746494474242,0.3587253505525759
0.6107849498897872,0.3892150501102129,0.5208335283299376,0.4791664716700625,0.4827381840823392,0.5172618159176608,0.6244454394606626,0.3755545605393375,0.3952261915386542,0.6047738084613459,0.5065510720871721,0.4934489279128279,0.4938748403895148,0.5061251596104852,0.6587731756700641,0.34122682432993595,0.46043376227559496,0.539566237724405,0.24030560960589165,0.7596943903941082
0.7402277241231103,0.25977227587688956,0.40112029861001425,0.5988797013899857,0.4925935079975691,0.5074064920024309,0.6446076596901156,0.35539234030988437,0.4425177493523673,0.5574822506476327,0.5269705148902033,0.4730294851097967,0.5041136718115429,0.4958863281884571,0.5483965685541655,0.4516034314458344,0.36620183619082064,0.6337981638091793,0.26889014207272294,0.7311098579272771
0.7917505346672233,0.20824946533277658,0.2772452223270057,0.7227547776729943,0.40584486228695055,0.5941551377130495,0.6694002114002509,0.3305997885997492,0.415944581551437,0.584055418448563,0.6165032147239428,0.38349678527605735,0.6042454220454618,0.3957545779545382,0.6314575375124891,0.36854246248751077,0.3553794171704545,0.6446205828295456,0.17070066108042992,0.8292993389195701
0.5112827898549198,0.48871721014508007,0.46649098973979497,0.533509010260205,0.6784903634285797,0.3215096365714203,0.4909111062704768,0.5090888937295232,0.5938272562135519,0.40617274378644797,0.32487340566216927,0.6751265943378307,0.3294629128049804,0.6705370871950196,0.3230885103541806,0.6769114896458194,0.6133815052458627,0.38661849475413734,0.5232094325000968,0.4767905674999031
0.4349279368160295,0.5650720631839706,0.5838238489779697,0.4161761510220303,0.7767879046835363,0.22321209531646366,0.3788755049793162,0.6211244950206838,0.6742281177387591,0.32577188226124093,0.27050174903521884,0.729498250964781,0.2778318504598286,0.7221681495401714,0.23821183583613623,0.7617881641638637,0.6731364535523366,0.3268635464476634,0.4845197924325012,0.5154802075674988
0.35128630801898864,0.6487136919810113,0.6572769322111365,0.3427230677888636,0.8128982678466042,0.1871017321533958,0.29790947151894065,0.7020905284810592,0.763397603402901,0.23660239659709906,0.16299553801164507,0.8370044619883549,0.20555754257369177,0.7944424574263081,0.19443758220870427,0.8055624177912958,0.7720126110095912,0.2279873889904089,0.6365638272408286,0.36343617275917145
0.31680948037292883,0.6831905196270712,0.6922932147197138,0.3077067852802861,0.8190405948083068,0.18095940519169318,0.28435773305423434,0.7156422669457657,0.790153733196527,0.20984626680347293,0.16160759994870194,0.8383924000512981,0.19075699418058545,0.8092430058194144,0.20435619231855015,0.7956438076814499,0.8158659774270122,0.18413402257298792,0.7094804629384535,0.2905195370615466
0.516570277113859,0.48342972288614083,0.551322202017358,0.44867779798264196,0.685289619207829,0.314710380792171,0.5178497797646816,0.48215022023531834,0.6521911897412388,0.34780881025876126,0.32926282078356484,0.670737179216435,0.3207682387586576,0.6792317612413423,0.3692035007629844,0.6307964992370155,0.5766410695460711,0.4233589304539289,0.46517321963479563,0.5348267803652044
0.025951781886822275,0.9740482181131777,0.9641086852055599,0.03589131479443999,0.9847926809599539,0.015207319040046248,0.03975288461452963,0.9602471153854704,0.9542704073043702,0.04572959269562975,0.01838941758229731,0.9816105824177028,0.02788094676672231,0.9721190532332777,0.017022093441467753,0.9829779065585323,0.979596703290684,0.020403296709315868,0.9770933452426496,0.02290665475735039
0.037624092812457044,0.9623759071875431,0.9600908870266269,0.03990911297337322,0.9800256848401357,0.019974315159864333,0.03681844232656306,0.9631815576734369,0.9486673787279424,0.051332621272057705,0.023013428570582393,0.9769865714294176,0.03366091211309542,0.9663390878869046,0.022384144675264683,0.9776158553247353,0.9779787129195574,0.022021287080442514,0.958620178890329,0.04137982110967109
0.022656658500125024,0.9773433414998749,0.9805197960500505,0.019480203949949534,0.9828087430022574,0.01719125699774266,0.030029073208837746,0.9699709267911623,0.9594013462815197,0.0405986537184802,0.021709124258246112,0.9782908757417539,0.030823450333478157,0.9691765496665218,0.023201092937680627,0.9767989070623193,0.9796322115090512,0.020367788490948908,0.9800318890693246,0.019968110930675294
0.030400848814494695,0.9695991511855052,0.9632656338766689,0.03673436612333115,0.9651326683487033,0.03486733165129683,0.04119662733637481,0.9588033726636253,0.9189223576577737,0.08107764234222621,0.04666869163751856,0.9533313083624816,0.057686512727263925,0.942313487272736,0.04206423326995872,0.9579357667300413,0.9698585120873543,0.03014148791264571,0.9639008437052037,0.03609915629479637
0.036020574382081165,0.9639794256179188,0.957600662410002,0.042399337589998067,0.956618841747367,0.04338115825263299,0.0523631743956557,0.9476368256043444,0.9015261006917873,0.09847389930821267,0.05774401671903114,0.9422559832809687,0.07457259094346598,0.9254274090565341,0.059023664695567996,0.940976335304432,0.9600320944309715,0.039967905569028454,0.9613473935709037,0.03865260642909632
0.045005533786715644,0.9549944662132843,0.9524652501137915,0.04753474988620848,0.9659430293952675,0.034056970604732444,0.050137508646428436,0.9498624913535715,0.8930945947672759,0.1069054052327242,0.07233009435180471,0.9276699056481954,0.0768566255782978,0.9231433744217022,0.04509363761478134,0.9549063623852186,0.9447717352737846,0.055228264726215504,0.9406492311773971,0.05935076882260283
0.12658724182189235,0.8734127581781076,0.8749427520403533,0.12505724795964662,0.9139038148269756,0.08609618517302439,0.08252819740969274,0.9174718025903074,0.8405404464931671,0.1594595535068329,0.12073823599299331,0.8792617640070066,0.15279344375391046,0.8472065562460896,0.10982413806314863,0.8901758619368513,0.90145490260496,0.09854509739503993,0.8530270466384372,0.14697295336156288
0.20191887833435732,0.7980811216656426,0.7403512840697845,0.25964871593021566,0.8507101128193892,0.1492898871806108,0.17258725931518448,0.8274127406848155,0.7248850846080078,0.2751149153919921,0.23904652680517152,0.7609534731948284,0.3065182593239911,0.6934817406760089,0.22218947913524595,0.7778105208647541,0.7936660707674056,0.2063339292325944,0.7612260122870762,0.23877398771292388
0.22765113794320588,0.772348862056794,0.6853085955079748,0.31469140449202515,0.867077165816823,0.13292283418317696,0.2092270480148344,0.7907729519851656,0.7417435582013433,0.25825644179865664,0.19287683248668042,0.8071231675133196,0.28003842045078514,0.7199615795492149,0.2110225131529386,0.7889774868470615,0.785302373915822,0.21469762608417794,0.7079734919766543,0.29202650802334573
0.01445005991712953,0.9855499400828704,0.9695687345488749,0.03043126545112518,0.9904148599945417,0.009585140005458194,0.024438482754064836,0.9755615172459351,0.9627218094230735,0.03727819057692643,0.011781010249648791,0.9882189897503513,0.028628499335488305,0.9713715006645116,0.013062049974713635,0.9869379500252864,0.9842959173066809,0.015704082693319205,0.99019022075373,0.009809779246270085
0.035533747972730415,0.9644662520272695,0.9629841890053121,0.03701581099468773,0.9772562454494043,0.022743754550595692,0.0434115410851634,0.9565884589148366,0.9452088598712014,0.054791140128798585,0.022399259790000556,0.9776007402099993,0.053764772842535544,0.9462352271574644,0.039041612205836275,0.9609583877941636,0.9707886425501322,0.029211357449867723,0.9752124112164366,0.024787588783563345
0.05059139033474378,0.9494086096652562,0.954336761532376,0.04566323846762408,0.9526714508931505,0.04732854910684954,0.08873050866089317,0.9112694913391068,0.9052811669135308,0.0947188330864692,0.04772314904482703,0.952276850955173,0.09681181605611434,0.9031881839438856,0.0996198583107941,0.900380141689206,0.9391983406840869,0.06080165931591313,0.9705408951336973,0.02945910486630256
0.010220227095654058,0.9897797729043458,0.9839736018979749,0.016026398102025073,0.9928028247562303,0.0071971752437695906,0.02164972665951689,0.9783502733404831,0.9563585763567665,0.04364142364323359,0.015642001050999266,0.9843579989490009,0.02734698996031448,0.9726530100396854,0.012446095580346815,0.9875539044196531,0.9846016795246754,0.015398320475324578,0.9882180572689768,0.011781942731023108
0.008584995387903476,0.9914150046120965,0.9842371146369747,0.015762885363025392,0.9921730630546667,0.007826936945333297,0.01511427657850316,0.9848857234214969,0.9612573359973536,0.03874266400264642,0.014490269293169818,0.9855097307068302,0.0251292005310817,0.9748707994689182,0.011364174927870382,0.9886358250721295,0.9909395195009852,0.009060480499014768,0.9885920399293645,0.011407960070635515
0.034505025067207595,0.9654949749327925,0.9491172106334068,0.05088278936659326,0.9634474924784927,0.03655250752150721,0.05878748454175239,0.9412125154582476,0.8685134605329762,0.1314865394670238,0.068077843032023,0.9319221569679771,0.08634517733201852,0.9136548226679814,0.06004480696870606,0.9399551930312939,0.9525782244668403,0.04742177553315977,0.9600832321840341,0.03991676781596591
0.013277492404499694,0.9867225075955004,0.9769249967795975,0.023075003220402592,0.9793826190801141,0.020617380919886012,0.029869712680142452,0.9701302873198575,0.9300048916354695,0.06999510836453052,0.022681158022948074,0.977318841977052,0.043349564375390844,0.9566504356246092,0.029883599019421787,0.9701164009805782,0.9829582430393433,0.01704175696065664,0.989071554437139,0.010928445562861105
0.010809586127364625,0.9891904138726353,0.9851948687705411,0.014805131229458904,0.9925957844060209,0.0074042155939791484,0.019102808843187644,0.9808971911568123,0.9539158235469886,0.046084176453011355,0.013025327278603433,0.9869746727213967,0.026612832157097435,0.9733871678429027,0.012548775305045001,0.987451224694955,0.9835233513793006,0.016476648620699398,0.9863558323570077,0.01364416764299226
0.06308412703481416,0.9369158729651859,0.9437955803094014,0.056204419690598625,0.9625109865509253,0.037489013449074696,0.049005787196062696,0.9509942128039374,0.9261881698861367,0.07381183011386319,0.04448904656602399,0.955510953433976,0.07418719366756564,0.9258128063324343,0.06337054196628819,0.9366294580337119,0.9587676809145755,0.04123231908542452,0.9313509227546589,0.0686490772453411
0.4866419398399314,0.5133580601600687,0.46941296893495826,0.5305870310650417,0.6785669019189629,0.3214330980810371,0.4757090222773723,0.5242909777226278,0.5249464596523677,0.47505354034763225,0.47046252783449194,0.5295374721655081,0.5087705225902024,0.49122947740979767,0.45064575857011707,0.549354241429883,0.5316177951869132,0.46838220481308684,0.4291020163862695,0.5708979836137305
0.020408777780847657,0.9795912222191523,0.946941302888373,0.05305869711162707,0.9863105454585473,0.013689454541452725,0.03575065351889821,0.9642493464811017,0.9340056328716146,0.06599436712838543,0.024938684634458516,0.9750613153655414,0.04043086242860118,0.9595691375713987,0.020456193779973125,0.9795438062200269,0.9752184429985695,0.02478155700143043,0.9751969499931777,0.02480305000682231
0.10689364884630731,0.8931063511536927,0.8596818590127003,0.14031814098729958,0.9556913183144584,0.044308681685541654,0.10362441873191167,0.8963755812680884,0.864994667531892,0.135005332468108,0.07290303531928534,0.9270969646807147,0.10540738752074497,0.8945926124792549,0.059670094091311764,0.9403299059086884,0.9107953800131403,0.08920461998685972,0.8528017956219103,0.14719820437808961
0.04557669381886823,0.9544233061811317,0.9362695003769304,0.06373049962306972,0.9768921999966109,0.02310780000338918,0.052652749701006474,0.9473472502989936,0.9366496672967897,0.06335033270321032,0.0226105830175394,0.9773894169824605,0.051902896095651234,0.9480971039043489,0.030221165575450137,0.9697788344245499,0.9619432925589275,0.03805670744107252,0.9662768519928426,0.033723148007157276
0.0370422105144309,0.9629577894855691,0.9544041538855699,0.045595846114430134,0.9782964999368866,0.021703500063113487,0.04434067581145548,0.9556593241885445,0.9463107129597688,0.053689287040231105,0.02687481857438957,0.9731251814256104,0.048701507646333006,0.951298492353667,0.031566132972251436,0.9684338670277486,0.9727073123160718,0.027292687683928226,0.966458306446988,0.033541693553011905
0.05271246219726822,0.9472875378027317,0.9480668710767686,0.05193312892323148,0.958582315866908,0.04141768413309208,0.08852465143881652,0.9114753485611834,0.9196318017119938,0.08036819828800618,0.044146482580395274,0.9558535174196048,0.07357848383716825,0.9264215161628319,0.07983116182431392,0.9201688381756861,0.9553008282186105,0.04469917178138952,0.9632545891330828,0.036745410866917204
0.061537953411341204,0.9384620465886588,0.9275070466323058,0.07249295336769424,0.9726086030265342,0.027391396973465855,0.08214305652341722,0.9178569434765829,0.8988784225588111,0.10112157744118891,0.0578114156968194,0.9421885843031806,0.0664329602048031,0.933567039795197,0.03898713831865409,0.9610128616813458,0.9396021235808953,0.06039787641910472,0.928631681221405,0.07136831877859497
0.1871282095580638,0.8128717904419361,0.8122876884008415,0.18771231159915847,0.9152563409407405,0.08474365905925943,0.13690369262168373,0.8630963073783162,0.8419524787189865,0.1580475212810134,0.12016235844884204,0.8798376415511578,0.13889589545217826,0.8611041045478218,0.10516346152811695,0.894836538471883,0.8977617496456072,0.10223825035439289,0.7815030752841631,0.21849692471583693
0.02150825755352134,0.9784917424464785,0.9652533684605632,0.03474663153943686,0.9866794172498334,0.013320582750166544,0.033770349853056734,0.9662296501469432,0.9459303771335406,0.05406962286645935,0.021901260428214386,0.9780987395717856,0.03140912479494264,0.9685908752050574,0.014714472378133392,0.9852855276218666,0.9784399859732715,0.021560014026728434,0.9860482355580468,0.01395176444195322
0.00887470191531101,0.991125298084689,0.9878599329953035,0.012140067004696558,0.9947931633538362,0.0052068366461638415,0.010012488530303261,0.9899875114696968,0.97798245006291,0.022017549937089965,0.007211474171621429,0.9927885258283786,0.014109521059904094,0.9858904789400958,0.006086141058722818,0.9939138589412773,0.9939524186589038,0.006047581341096067,0.9915463121678186,0.008453687832181254
0.009595734393412908,0.9904042656065872,0.9881378059324785,0.01186219406752151,0.9925558484114698,0.0074441515885300645,0.014983329764279064,0.9850166702357209,0.9744135029224366,0.02558649707756354,0.008900036509972271,0.9910999634900277,0.018730037695188096,0.9812699623048119,0.011169471417926149,0.9888305285820739,0.9918389560577897,0.008161043942210379,0.9938391972823059,0.006160802717694082
0.007709214357268227,0.9922907856427319,0.9875247683691373,0.012475231630862779,0.9936500096312916,0.006349990368708512,0.01395500612070096,0.9860449938792991,0.9716766520352295,0.028323347964770634,0.009918424686246407,0.9900815753137536,0.01671681530977304,0.9832831846902269,0.008781387069713181,0.9912186129302869,0.9932061705972933,0.006793829402706609,0.9930153449544383,0.006984655045561655
0.006415765944245584,0.9935842340557545,0.9898148061624971,0.010185193837503007,0.9931044874420798,0.006895512557920225,0.013516806935122213,0.9864831930648778,0.969319714558719,0.030680285441280958,0.012126366652563008,0.987873633347437,0.018705392205668817,0.9812946077943312,0.009708610584795663,0.9902913894152044,0.9924936019686763,0.007506398031323756,0.9939590381353801,0.006040961864619944
0.009999629084439729,0.9900003709155603,0.9856536168242139,0.014346383175785985,0.992453123415897,0.007546876584103009,0.015050612527316784,0.9849493874726833,0.9554519257410243,0.044548074258975605,0.019874599164283715,0.9801254008357163,0.027396157526974715,0.9726038424730253,0.010323127112422227,0.9896768728875779,0.9857979826792856,0.014202017320714338,0.988138777345164,0.011861222654836023
0.011621210568271317,0.9883787894317286,0.9825940067284702,0.01740599327152967,0.9913463563404303,0.008653643659569622,0.011019566750720172,0.9889804332492798,0.9621819544822339,0.03781804551776611,0.01603174842622353,0.9839682515737764,0.029874464310497492,0.9701255356895025,0.011975272167781272,0.9880247278322187,0.9893724485444164,0.010627551455583563,0.9878057129452988,0.012194287054701049
0.025919057315846174,0.9740809426841539,0.9465024799152724,0.05349752008472769,0.9794972897892545,0.020502710210745543,0.028408252375196435,0.9715917476248036,0.9182423139577437,0.08175768604225635,0.046744499330658155,0.9532555006693418,0.07963463881363707,0.9203653611863629,0.032707467472661865,0.9672925325273383,0.9695618098864722,0.030438190113527712,0.9709348425997617,0.029065157400238267
0.00786328100760299,0.992136718992397,0.9762512831290103,0.023748716870989776,0.9921062118583946,0.007893788141605297,0.0131469539298701,0.9868530460701298,0.9621341965026844,0.03786580349731556,0.014340814920944871,0.985659185079055,0.03276257490387676,0.9672374250961232,0.012519326910095325,0.9874806730899047,0.9900272535598404,0.009972746440159514,0.9924522940904301,0.007547705909569828
0.00430090360703282,0.9956990963929672,0.9894533812393597,0.010546618760640239,0.9954212860378995,0.004578713962100624,0.009844750258220554,0.9901552497417795,0.9771966176579261,0.02280338234207377,0.007017658036271152,0.9929823419637289,0.017219575445762702,0.9827804245542374,0.0066608949136485514,0.9933391050863516,0.9945089502504687,0.0054910497495313584,0.9970598568914546,0.0029401431085453256
0.010972455854760548,0.9890275441452395,0.9832079292631285,0.016792070736871383,0.9939970128791984,0.006002987120801558,0.014326561414839616,0.9856734385851603,0.9715528607957549,0.02844713920424514,0.009595659000481814,0.9904043409995182,0.027340721818047777,0.9726592781819521,0.010378906723247627,0.9896210932767523,0.9864911125877983,0.013508887412201638,0.9913115821071661,0.008688417892833986
0.005759028930573824,0.9942409710694262,0.9901247830433066,0.009875216956693378,0.9955721381066772,0.00442786189332276,0.008841987870609674,0.9911580121293903,0.9803967994149108,0.01960320058508925,0.007130465853151113,0.9928695341468489,0.01872189658341503,0.9812781034165851,0.006725797332879865,0.9932742026671202,0.9931442204771086,0.006855779522891342,0.9950276578074886,0.00497234219251138
0.007340296267566359,0.9926597037324335,0.9849503911684093,0.015049608831590688,0.9911875069840839,0.008812493015916219,0.014008760733863129,0.9859912392661367,0.9628545332590501,0.03714546674094992,0.015953403702152452,0.9840465962978476,0.03232349410154198,0.967676505898458,0.013846073985281718,0.9861539260147182,0.9903079638793155,0.009692036120684443,0.9928530845688616,0.00714691543113839
0.018318111040381252,0.9816818889596187,0.966160987204323,0.033839012795677074,0.9742132548846022,0.025786745115397847,0.044804502652000505,0.9551954973479995,0.9073160797091001,0.09268392029089986,0.04261086089236705,0.9573891391076329,0.07633673190794842,0.9236632680920516,0.045956438095733625,0.9540435619042664,0.9678598161820371,0.03214018381796295,0.9823351302446239,0.01766486975537615
0.012432687046577384,0.9875673129534227,0.9768877468122432,0.02311225318775673,0.9836067719015827,0.016393228098417128,0.02873847373833619,0.9712615262616638,0.9238007084676613,0.07619929153233881,0.03049780415382156,0.9695021958461785,0.05157617090120676,0.9484238290987933,0.02732265789371694,0.972677342106283,0.9801398922378273,0.019860107762172816,0.986137729267527,0.013862270732473045
0.02065453060909259,0.9793454693909074,0.9606522664369888,0.039347733563011314,0.9752963395449366,0.024703660455063343,0.036233100640550554,0.9637668993594495,0.9096613334778137,0.0903386665221862,0.03730315264289217,0.9626968473571078,0.07680675426695158,0.9231932457330484,0.045273336953499395,0.9547266630465007,0.9705558869336697,0.02944411306633033,0.9795555925076346,0.020444407492365577
0.10774000240004881,0.8922599975999512,0.8494803497716323,0.15051965022836772,0.8927648406567955,0.1072351593432045,0.1495005728364162,0.8504994271635837,0.7466216159499424,0.2533783840500577,0.19299522164845967,0.8070047783515404,0.2781379703317768,0.7218620296682231,0.1998539929971616,0.8001460070028383,0.8259371332765751,0.17406286672342494,0.8733189304342049,0.126681069565795
0.1102488851459359,0.8897511148540641,0.8258078037193006,0.17419219628069937,0.916655482512844,0.08334451748715586,0.11990000527571038,0.8800999947242897,0.7832733531059994,0.2167266468940007,0.14637861879188757,0.8536213812081125,0.2402049178016684,0.7597950821983317,0.1577392701128426,0.8422607298871575,0.8587981249484704,0.14120187505152948,0.8643399840202478,0.13566001597975214
0.45826445640873265,0.5417355435912673,0.447098215275229,0.552901784724771,0.6687082920456061,0.331291707954394,0.42357830955038456,0.5764216904496154,0.5607044594638898,0.4392955405361102,0.38908162890133086,0.6109183710986692,0.5551161814930065,0.4448838185069935,0.4850242064333712,0.5149757935666287,0.5411892883371144,0.4588107116628856,0.4882156471079163,0.5117843528920838
0.07209863326538192,0.9279013667346182,0.8799211988266711,0.12007880117332885,0.9460386839155988,0.05396131608440128,0.1174680903953721,0.8825319096046279,0.8745320959921191,0.12546790400788094,0.05760698391659983,0.9423930160834001,0.12526296287819094,0.8747370371218092,0.09011081505404075,0.9098891849459593,0.9080762739313454,0.09192372606865463,0.955380879870149,0.044619120129850975
0.12177700885330829,0.8782229911466918,0.8592377159074893,0.14076228409251065,0.9267430948118068,0.07325690518819314,0.1497755683133285,0.8502244316866714,0.8509513181507535,0.14904868184924644,0.08332574785004888,0.9166742521499511,0.16361277510560385,0.8363872248943961,0.1256460533083027,0.8743539466916974,0.8607643376810524,0.13923566231894766,0.8710546854059681,0.12894531459403194
0.3083033809319573,0.6916966190680428,0.7226386540400144,0.2773613459599857,0.7985124391158601,0.20148756088413994,0.306374812747404,0.693625187252596,0.7524227813393004,0.2475772186606996,0.2120526759136258,0.7879473240863742,0.3259623281890631,0.6740376718109369,0.33225959285037393,0.6677404071496261,0.6977853820885094,0.3022146179114906,0.7168743205956379,0.28312567940436206
0.04879624407040626,0.9512037559295937,0.9019046117362056,0.09809538826379442,0.963274083294071,0.036725916705929056,0.10067832653266551,0.8993216734673345,0.8951390506566407,0.10486094934335924,0.05037587489436169,0.9496241251056384,0.08952370911147754,0.9104762908885226,0.05963736254101539,0.9403626374589846,0.938156318133421,0.0618436818665789,0.9566140920173538,0.04338590798264607
0.012089264335165524,0.9879107356648344,0.9844251926179957,0.015574807382004301,0.9885460921435112,0.011453907856488749,0.02383250159137549,0.9761674984086244,0.968286375248382,0.031713624751617944,0.01382468265688122,0.9861753173431189,0.0235351518899676,0.9764648481100323,0.016025973098444456,0.9839740269015557,0.9908797449850147,0.009120255014985226,0.9911211218887557,0.008878878111244338
0.031620322263110796,0.9683796777368892,0.9656514190103163,0.03434858098968371,0.9585640845953546,0.04143591540464545,0.07474066345807644,0.9252593365419236,0.8951392488055422,0.10486075119445785,0.04791691529830584,0.9520830847016941,0.0766173571612649,0.9233826428387352,0.07811191232563128,0.9218880876743688,0.9594154456012126,0.04058455439878733,0.9729139777807793,0.027086022219220757
0.03241082269439467,0.9675891773056053,0.9727826331456256,0.02721736685437451,0.9667093963433769,0.03329060365662317,0.062330036320999156,0.9376699636790009,0.9070798319928635,0.09292016800713664,0.032913945577300666,0.9670860544226992,0.060931397667088,0.939068602332912,0.0672575144973554,0.9327424855026446,0.9621278359747166,0.03787216402528342,0.9741345061712391,0.025865493828761046
0.04287839986217806,0.957121600137822,0.9565733510751334,0.04342664892486657,0.9710751432520585,0.02892485674794144,0.05823357507424521,0.9417664249257548,0.8953712056007135,0.10462879439928643,0.05679854103303258,0.9432014589669675,0.05619791857514255,0.9438020814248574,0.048132691785347764,0.9518673082146524,0.9544555850040604,0.04554441499593953,0.9203958907997662,0.07960410920023363
0.3353168109994364,0.6646831890005636,0.7044379492179886,0.2955620507820113,0.7572977398244911,0.2427022601755088,0.2960150887083491,0.7039849112916509,0.5908652322269428,0.40913476777305724,0.35069695551734437,0.6493030444826556,0.3522540123072253,0.6477459876927747,0.3406512555908162,0.6593487444091838,0.6819900381674305,0.3180099618325695,0.5753184537619234,0.42468154623807663
0.16564675625026484,0.8343532437497351,0.8086279125760886,0.19137208742391143,0.850901204638481,0.14909879536151904,0.18212134472831526,0.8178786552716847,0.7078589432733103,0.2921410567266897,0.18318827087148146,0.8168117291285186,0.19472404016320163,0.8052759598367983,0.2038857628246686,0.7961142371753313,0.8488118867056736,0.1511881132943264,0.7945670039905194,0.20543299600948065
0.30615216199877837,0.6938478380012215,0.702187225689248,0.297812774310752,0.7261607393459848,0.2738392606540152,0.33467271578111246,0.6653272842188875,0.645370845305359,0.354629154694641,0.23442602791126427,0.7655739720887358,0.31106634115467274,0.6889336588453272,0.4260791092370838,0.5739208907629162,0.7304770578118399,0.2695229421881601,0.6348358612793618,0.36516413872063824
0.6645353947116454,0.33546460528835464,0.3938563306880406,0.6061436693119594,0.516660475277195,0.48333952472280495,0.6447861727311271,0.35521382726887296,0.4712952023147127,0.5287047976852872,0.4827878585356819,0.517212141464318,0.580803184276379,0.419196815723621,0.6176956155210792,0.38230438447892084,0.3548518881834646,0.6451481118165353,0.32879674523598396,0.6712032547640161
0.3909407608190742,0.6090592391809259,0.5369343156251439,0.463065684374856,0.7059491822332252,0.2940508177667748,0.4673469041074203,0.5326530958925797,0.6264155864767306,0.3735844135232694,0.2647411151513538,0.7352588848486462,0.3820519400764654,0.6179480599235346,0.40886490172210727,0.5911350982778928,0.6081718700389712,0.3918281299610288,0.52157459138276,0.47842540861724
0.6667248965934484,0.33327510340655164,0.3294220276634793,0.6705779723365206,0.4562624797648457,0.5437375202351543,0.6732175446137902,0.32678245538620976,0.41321573307170945,0.5867842669282906,0.5747747102305057,0.4252252897694943,0.6543137476887035,0.34568625231129657,0.6721714136592141,0.3278285863407859,0.32319060640552827,0.6768093935944717,0.22996855545530162,0.7700314445446984
0.8451829715409105,0.15481702845908957,0.19064040716271574,0.8093595928372843,0.2572853439787865,0.7427146560212136,0.8327464008886052,0.1672535991113947,0.2842981677584275,0.7157018322415725,0.744772832222754,0.255227167777246,0.7709939459690975,0.22900605403090257,0.8316736206858156,0.16832637931418437,0.1992465069952947,0.8007534930047054,0.10842050334156232,0.8915794966584376
0.8162836065811443,0.18371639341885573,0.1540781363012619,0.845921863698738,0.25720730122658625,0.7427926987734138,0.8565998568621773,0.1434001431378226,0.2648347395213796,0.7351652604786204,0.6948280426643837,0.3051719573356162,0.7507015645211984,0.24929843547880162,0.8054783733041667,0.19452162669583328,0.20587522293646174,0.7941247770635382,0.15243556364062144,0.8475644363593786
0.8025615386976757,0.19743846130232443,0.2092591078562536,0.7907408921437465,0.2454204907005114,0.7545795092994887,0.8321091099813828,0.16789089001861734,0.30500989384610666,0.6949901061538933,0.6700458366356523,0.3299541633643477,0.7402735377317876,0.25972646226821244,0.8512892025094806,0.14871079749051944,0.22231612497813383,0.7776838750218662,0.1725914678911623,0.8274085321088377
0.9270493549007347,0.07295064509926523,0.09331000911313715,0.9066899908868629,0.09966030857367121,0.9003396914263287,0.9463045396145604,0.05369546038543965,0.14857358379196348,0.8514264162080366,0.8845274348615049,0.11547256513849502,0.8804425449055605,0.11955745509443944,0.9359132613675221,0.06408673863247798,0.0603964051644238,0.9396035948355761,0.053713898497889496,0.9462861015021106
0.9481742105918561,0.05182578940814389,0.091166344471711,0.9088336555282889,0.10831235833566058,0.8916876416643394,0.9183342347448955,0.0816657652551046,0.16714107604133743,0.8328589239586626,0.8678896608375214,0.1321103391624787,0.855030404109699,0.14496959589030092,0.9046083709105618,0.09539162908943825,0.08781009809648775,0.9121899019035123,0.04444633548489048,0.9555536645151095
0.9053182066577328,0.09468179334226721,0.1253807735163879,0.8746192264836121,0.15379206326169867,0.8462079367383014,0.8865870618086975,0.11341293819130248,0.20414631284864068,0.7958536871513594,0.7912021215225599,0.20879787847744014,0.745732370682889,0.254267629317111,0.8277117309986117,0.17228826900138822,0.15789832438467136,0.8421016756153287,0.07258972059997734,0.9274102794000226
0.5386439372948424,0.4613560627051575,0.6109294977784676,0.3890705022215324,0.5632587006461228,0.43674129935387723,0.48645060021576225,0.5135493997842379,0.5908224915894911,0.40917750841050887,0.3438254726420544,0.6561745273579457,0.3264658544424511,0.673534145557549,0.47153466546928746,0.5284653345307124,0.6096886091659042,0.39031139083409583,0.47716830843487484,0.5228316915651251
0.6402458791243484,0.3597541208756516,0.5246079194152589,0.47539208058474125,0.5539706647893763,0.44602933521062377,0.6191995370642862,0.3808004629357138,0.4916824589458829,0.5083175410541171,0.41497774684524097,0.585022253154759,0.4002850608166984,0.5997149391833017,0.5143431328097267,0.4856568671902734,0.44522238620793525,0.5547776137920648,0.32459229969232367,0.6754077003076763
0.6005038771202206,0.39949612287977937,0.5540904951360665,0.44590950486393355,0.5668039753982198,0.43319602460178014,0.5273728563238517,0.47262714367614833,0.5721813390380889,0.4278186609619111,0.3342936321675599,0.6657063678324401,0.35676470619911227,0.6432352938008877,0.507548589583146,0.492451410416854,0.5730260510988829,0.426973948901117,0.34996302792426226,0.6500369720757379
0.8416824786837167,0.15831752131628335,0.24090796213757987,0.7590920378624202,0.2525077778246006,0.7474922221753995,0.8236122114806285,0.1763877885193714,0.2802784848092415,0.7197215151907584,0.7161457728722004,0.28385422712779956,0.6589744665717914,0.34102553342820857,0.8073408535150667,0.19265914648493332,0.28366320326523947,0.7163367967347606,0.12511341847069707,0.874886581529303
0.9296318489299553,0.07036815107004463,0.13339776038111253,0.8666022396188875,0.1036492219128174,0.8963507780871827,0.926317682212998,0.07368231778700199,0.15004033476153675,0.8499596652384631,0.889067611775709,0.11093238822429097,0.8407604758877484,0.15923952411225167,0.9238095320810384,0.07619046791896161,0.09429781493674452,0.9057021850632555,0.05759740124625013,0.9424025987537499
0.6517230311608042,0.34827696883919584,0.438540482376954,0.561459517623046,0.35188353141087797,0.6481164685891221,0.734168232206555,0.2658317677934451,0.33362262706466883,0.6663773729353312,0.5722532153798231,0.4277467846201769,0.5181671943700705,0.4818328056299295,0.7160606855560485,0.2839393144439514,0.3904835254685798,0.6095164745314202,0.32625132730067813,0.6737486726993219
0.8370705646819991,0.16292943531800091,0.28560984493729225,0.7143901550627078,0.3046241620177789,0.6953758379822211,0.7734435739580423,0.22655642604195775,0.30642561206591185,0.6935743879340882,0.6357027534095031,0.364297246590497,0.6342739468940475,0.36572605310595246,0.7295046313971156,0.2704953686028844,0.24122035752306858,0.7587796424769314,0.1464683161930783,0.8535316838069217
0.5717240407822762,0.4282759592177238,0.5579009142453306,0.44209908575466944,0.5258764036635141,0.47412359633648593,0.5319096046538832,0.4680903953461169,0.5193510817744355,0.48064891822556455,0.3817003201482599,0.6182996798517401,0.42964469325806853,0.5703553067419315,0.5394945786713655,0.46050542132863437,0.4748123061176928,0.5251876938823072,0.35676492178843267,0.6432350782115674
0.7367870093919303,0.2632129906080697,0.3483278966527299,0.65167210334727,0.4322348900836779,0.5677651099163221,0.6666271390974919,0.333372860902508,0.3520251127649878,0.6479748872350123,0.5802446790834662,0.4197553209165337,0.5993531118174771,0.4006468881825229,0.6405017700779756,0.35949822992202446,0.35013987285486725,0.6498601271451327,0.16435852735719392,0.8356414726428061
0.8533155410611433,0.1466844589388568,0.24102033180401453,0.7589796681959854,0.2624829605149081,0.737517039485092,0.7978615770758936,0.20213842292410641,0.29216754428886604,0.7078324557111341,0.7057555964277907,0.29424440357220927,0.7061488981582323,0.29385110184176777,0.8140972799709882,0.18590272002901173,0.25743074129083465,0.7425692587091653,0.10618676022197637,0.8938132397780235
0.9373859587194141,0.06261404128058598,0.08401784139070181,0.9159821586092982,0.11162716179953251,0.8883728382004675,0.9315224075011347,0.06847759249886533,0.13934578485503424,0.8606542151449658,0.8783455420969714,0.12165445790302877,0.8646315707035934,0.1353684292964066,0.9120711654354157,0.08792883456458432,0.1048568859620453,0.8951431140379548,0.04969931641768837,0.9503006835823117
0.9392917563654425,0.060708243634557506,0.08453108793577523,0.9154689120642248,0.12545594498980253,0.8745440550101975,0.9183631896366962,0.08163681036330377,0.17187307371266075,0.8281269262873392,0.8495111319005013,0.15048886809949874,0.846736977621889,0.15326302237811107,0.8908030509358863,0.10919694906411372,0.09965073887335026,0.9003492611266498,0.05010673632378532,0.9498932636762147
0.9281894135751261,0.07181058642487388,0.08263518835241696,0.917364811647583,0.1153748955567025,0.8846251044432974,0.9288264174057709,0.07117358259422905,0.16456898286778204,0.8354310171322179,0.8499005660881748,0.15009943391182531,0.835891735120414,0.16410826487958596,0.8988870822725017,0.10111291772749834,0.10005693196211934,0.8999430680378807,0.04431527266737532,0.9556847273326247
0.9649475708096777,0.03505242919032237,0.05070716864093453,0.9492928313590655,0.06588481407811105,0.9341151859218889,0.940637938813418,0.059362061186582035,0.13081034974501835,0.8691896502549816,0.9016074502980602,0.09839254970193978,0.9050730263953931,0.09492697360460697,0.9350688575153385,0.06493114248466143,0.0567232267461374,0.9432767732538627,0.027936984420758246,0.9720630155792418
0.978382287718312,0.021617712281687938,0.03538085886364972,0.9646191411363504,0.03335373359175463,0.9666462664082454,0.9659331427371871,0.034066857262812826,0.09442186596279425,0.9055781340372057,0.9441235593928383,0.055876440607161654,0.9280683278295799,0.07193167217042001,0.9639869921184206,0.036013007881579254,0.03420351857830865,0.9657964814216913,0.01605121563038418,0.9839487843696159
0.5560726517650726,0.44392734823492747,0.502389630590699,0.4976103694093011,0.5507115475639459,0.44928845243605414,0.6086370334321354,0.3913629665678647,0.5490320404724677,0.4509679595275324,0.3479215573307282,0.6520784426692718,0.3541089470640609,0.6458910529359392,0.47710050199892845,0.5228994980010715,0.5294968396316307,0.4705031603683693,0.5102030346422322,0.4897969653577679
0.5424004436504974,0.45759955634950256,0.6324439683001243,0.3675560316998756,0.6071250963003465,0.39287490369965344,0.4994866430999685,0.5005133569000316,0.6250526141813834,0.37494738581861664,0.28151334032696274,0.7184866596730373,0.32945383114273613,0.6705461688572638,0.4928663727949854,0.5071336272050145,0.582152263526846,0.417847736473154,0.4535111214954133,0.5464888785045867
0.47450565265357214,0.5254943473464279,0.7292215489769309,0.270778451023069,0.5824764274374247,0.4175235725625754,0.49428560760355655,0.5057143923964434,0.6245905040894479,0.37540949591055206,0.307846918611415,0.692153081388585,0.34185010037073743,0.6581498996292625,0.5664233167859745,0.4335766832140256,0.5653716121470738,0.4346283878529262,0.5763784223237552,0.4236215776762447
0.32386608733326244,0.6761339126667375,0.7603416062326596,0.23965839376734044,0.7776122392738647,0.22238776072613528,0.3830878005155814,0.6169121994844187,0.6418363574687307,0.35816364253126926,0.24890132951399313,0.7510986704860069,0.22314072130152837,0.7768592786984716,0.3036962192577145,0.6963037807422856,0.7128403532120297,0.28715964678797035,0.5717530315740605,0.42824696842593946
0.07561043068571235,0.9243895693142877,0.9327789561683504,0.06722104383164962,0.9298119451649003,0.07018805483509973,0.11422137017709474,0.8857786298229052,0.850162564728789,0.14983743527121104,0.07054564463335623,0.9294543553666439,0.07259243121144685,0.9274075687885532,0.07827718525694015,0.9217228147430598,0.9262020217823828,0.07379797821761735,0.8993676835890044,0.10063231641099564
0.17677636064105268,0.8232236393589473,0.8721692415887979,0.12783075841120214,0.865765624417866,0.13423437558213402,0.1721728700330595,0.8278271299669405,0.7305160478280109,0.26948395217198906,0.17246569525044822,0.8275343047495517,0.16109790010692634,0.8389020998930737,0.164677050702033,0.835322949297967,0.8306254904773653,0.16937450952263472,0.7286944982073374,0.2713055017926626
0.5999008377528279,0.4000991622471721,0.6268568669144784,0.3731431330855217,0.48652731454345055,0.5134726854565493,0.48658738496452136,0.5134126150354787,0.5012202088479032,0.49877979115209675,0.45357061999280135,0.5464293800071988,0.42311314508573145,0.5768868549142685,0.5943034870527769,0.4056965129472231,0.5352886859394794,0.46471131406052063,0.40041856675802057,0.5995814332419794
0.8088928978673073,0.19110710213269264,0.2395492501592901,0.7604507498407098,0.23708259572390145,0.7629174042760986,0.818045391515133,0.18195460848486697,0.2175175322398355,0.7824824677601645,0.781923100508274,0.218076899491726,0.7750062070072286,0.22499379299277145,0.8424226981546962,0.15757730184530386,0.2240912666602744,0.7759087333397255,0.15540332705978122,0.8445966729402188
0.8893145122828592,0.11068548771714083,0.1438101406994734,0.8561898593005265,0.18412222998046254,0.8158777700195375,0.8943701068155606,0.10562989318443938,0.1748693637693527,0.8251306362306474,0.8110897417652886,0.1889102582347114,0.8338867801514024,0.16611321984859773,0.8848582884327129,0.1151417115672871,0.15048270255085186,0.8495172974491481,0.09075262903832085,0.9092473709616791
0.8836478215691125,0.11635217843088753,0.14920781535778865,0.8507921846422113,0.20943429775786382,0.7905657022421362,0.8789801907445322,0.12101980925546792,0.205446543084476,0.794553456915524,0.8219278592778964,0.17807214072210373,0.8184891424977446,0.18151085750225535,0.8593109804989617,0.14068901950103832,0.15617774232142156,0.8438222576785784,0.07958537657421384,0.9204146234257862
0.9767916537703052,0.023208346229694803,0.03295072596092911,0.9670492740390709,0.04333124533518663,0.9566687546648134,0.9587584919962512,0.04124150800374875,0.09174121106951787,0.9082587889304821,0.9365131132989776,0.06348688670102248,0.9515004355552849,0.048499564444715135,0.9633475330930902,0.03665246690690975,0.03388673988841706,0.9661132601115829,0.02361233975656899,0.976387660243431
0.8033432020998377,0.19665679790016233,0.18715424622567448,0.8128457537743256,0.24982640473565754,0.7501735952643424,0.8379425155725049,0.16205748442749507,0.28890240491157554,0.7110975950884244,0.6872256890639854,0.31277431093601465,0.7112300664179554,0.2887699335820446,0.7752224292537845,0.22477757074621554,0.1977887399720672,0.8022112600279329,0.21105794992426716,0.7889420500757328
0.28882148655885725,0.7111785134411427,0.7715424887246956,0.22845751127530456,0.762149904417665,0.237850095582335,0.339395170139416,0.660604829860584,0.7558296815545615,0.24417031844543846,0.16590039407243148,0.8340996059275685,0.2513671402927526,0.7486328597072474,0.3688628988054554,0.6311371011945447,0.7626498363422827,0.23735016365771733,0.7764933984479209,0.22350660155207913
0.4389700687690879,0.561029931230912,0.6589129190541504,0.3410870809458496,0.7470764993369755,0.25292350066302455,0.461134482015012,0.5388655179849879,0.6426733333207316,0.35732666667926843,0.2729390282131531,0.7270609717868469,0.33566434400941103,0.664335655990589,0.3610257784949732,0.6389742215050269,0.5530115115606867,0.4469884884393132,0.5979954143619792,0.40200458563802083
0.5569187423849002,0.44308125761509976,0.5607783287955296,0.4392216712044705,0.6519165381800811,0.34808346181991895,0.4536157404713828,0.5463842595286171,0.6289060341456707,0.3710939658543293,0.3609657252973109,0.639034274702689,0.3736148252377561,0.626385174762244,0.4337074673745841,0.5662925326254159,0.6100503925971621,0.38994960740283785,0.4008221455064609,0.5991778544935391
0.0888206299318688,0.9111793700681312,0.8716356222795711,0.1283643777204288,0.9470920348495826,0.05290796515041742,0.14325524079970928,0.8567447592002907,0.8548555535416504,0.14514444645834948,0.07181776017474531,0.9281822398252547,0.0816815885253018,0.9183184114746982,0.06394134617231008,0.9360586538276899,0.9189404725394091,0.08105952746059093,0.9252059809508296,0.07479401904917034
0.04455042490863827,0.9554495750913617,0.9565833709639686,0.04341662903603134,0.9744261423037308,0.025573857696269194,0.048782190945795376,0.9512178090542046,0.9342790420425917,0.06572095795740818,0.032487125934307075,0.967512874065693,0.03648584645870046,0.9635141535412995,0.028956518782036696,0.9710434812179634,0.9732109067931951,0.02678909320680499,0.9355921225032445,0.06440787749675551
0.02243410065612063,0.9775658993438794,0.974083790335967,0.025916209664032974,0.9800350108586884,0.019964989141311697,0.04244974283894672,0.9575502571610532,0.9438343433213939,0.05616565667860602,0.018849037779300196,0.9811509622206998,0.032067369585801815,0.9679326304141982,0.027130856859819478,0.9728691431401805,0.9809332731443442,0.01906672685565575,0.9844031242111396,0.01559687578886042
0.03828102040498508,0.9617189795950151,0.963915764921259,0.03608423507874097,0.9803462557348005,0.019653744265199488,0.04962243984055807,0.9503775601594421,0.9335428789658974,0.06645712103410253,0.02369603648466719,0.9763039635153329,0.03395064289454192,0.966049357105458,0.025817649628214794,0.9741823503717852,0.9701470923218063,0.029852907678193794,0.9584026500382045,0.0415973499617954
0.03307018118035145,0.9669298188196486,0.9746515487818634,0.02534845121813663,0.9789179208238621,0.021082079176138035,0.036660392752005375,0.9633396072479946,0.9504136230994347,0.049586376900565325,0.030543246134188184,0.9694567538658118,0.03303212768399544,0.9669678723160047,0.02824713781065299,0.971752862189347,0.9796475534993119,0.020352446500688005,0.9582242321636308,0.04177576783636907
0.18722393498095088,0.8127760650190491,0.8034286609950578,0.19657133900494228,0.8364504790683985,0.16354952093160152,0.2144981151303578,0.7855018848696421,0.6925551556173314,0.30744484438266867,0.2629165820217665,0.7370834179782335,0.24391880026994173,0.7560811997300583,0.2363496057220327,0.7636503942779674,0.8023408431097068,0.1976591568902932,0.7546929283534439,0.24530707164655613
0.22465444514347752,0.7753455548565225,0.7522956277026708,0.24770437229732928,0.82604947287941,0.1739505271205901,0.22893675397051716,0.7710632460294828,0.6827348778022819,0.317265122197718,0.23077949649282214,0.7692205035071779,0.24718684985425338,0.7528131501457466,0.24466279160032106,0.7553372083996789,0.7962793821501524,0.20372061784984766,0.702551555717004,0.29744844428299605
0.09206546148502316,0.9079345385149769,0.8550733336498348,0.14492666635016505,0.9163864011814588,0.08361359881854122,0.11805049014699182,0.8819495098530081,0.8130749928233217,0.18692500717667832,0.11750199247467974,0.8824980075253203,0.1361365721122663,0.8638634278877338,0.1256202468371927,0.8743797531628074,0.9104705804787169,0.08952941952128307,0.8398464871064552,0.16015351289354476
0.7649037760572418,0.23509622394275825,0.2598414904361635,0.7401585095638366,0.30992486509078215,0.6900751349092179,0.6969602363464845,0.3030397636535154,0.3744043829483215,0.6255956170516785,0.5920283842664888,0.4079716157335111,0.771426416099794,0.22857358390020593,0.7995654284098979,0.20043457159010217,0.2495877343522489,0.7504122656477511,0.2636019766207552,0.7363980233792448
0.8532938169566274,0.1467061830433726,0.13889464819982367,0.8611053518001763,0.14346334183297724,0.8565366581670226,0.8794971557842692,0.12050284421573083,0.21728384842400775,0.7827161515759923,0.8438229588938163,0.15617704110618374,0.8850437328264642,0.1149562671735358,0.9144015709641656,0.08559842903583448,0.09187666084034671,0.9081233391596533,0.11306649658110665,0.8869335034188933
0.8822008769388696,0.11779912306113036,0.11435919279991229,0.8856408072000876,0.11729910159477165,0.8827008984052284,0.8902119711831988,0.10978802881680114,0.19342844699868333,0.8065715530013167,0.8688719581447543,0.1311280418552458,0.9049490028123397,0.09505099718766045,0.9280513220173183,0.0719486779826817,0.08257185461005118,0.9174281453899488,0.08567557748086818,0.9143244225191319
0.8936082138041704,0.10639178619582958,0.12438285073846268,0.8756171492615372,0.17222194194623483,0.8277780580537651,0.8708076589435005,0.12919234105649952,0.22413687001641788,0.7758631299835821,0.8331058034629366,0.1668941965370634,0.8530215874433402,0.1469784125566598,0.8638254314278485,0.13617456857215152,0.11105026577261541,0.8889497342273847,0.08675442270786021,0.9132455772921397
0.8771042564000665,0.12289574359993342,0.12011508287698539,0.8798849171230146,0.17062383738564044,0.8293761626143595,0.8608401841851397,0.13915981581486014,0.22560304931640027,0.7743969506835998,0.8081463223171025,0.1918536776828975,0.8521277797232641,0.14787222027673577,0.8662041432079289,0.13379585679207098,0.12281480837763938,0.8771851916223606,0.08232002657080553,0.9176799734291945
0.938704951567093,0.06129504843290697,0.06639925473663871,0.9336007452633613,0.08132119206479739,0.9186788079352025,0.9249767967181703,0.07502320328182974,0.14012839642627553,0.8598716035737244,0.8938000993820858,0.10619990061791425,0.9210769605428851,0.0789230394571149,0.9424847636380861,0.057515236361913996,0.06497689250090881,0.9350231074990912,0.047876674963038914,0.952123325036961
0.9683577346275157,0.03164226537248433,0.04048416827617274,0.9595158317238274,0.048573673819586896,0.951426326180413,0.9643521924516016,0.03564780754839826,0.10027393740827677,0.8997260625917232,0.9353408393411359,0.06465916065886414,0.9324617089253322,0.06753829107466781,0.9596640870695776,0.040335912930422366,0.036663745446217304,0.9633362545537828,0.02487240840609677,0.9751275915939033
0.9689283923909204,0.031071607609079517,0.038096097796053996,0.961903902203946,0.04553796641909034,0.9544620335809095,0.9613397625214586,0.03866023747854141,0.10482222878072928,0.8951777712192707,0.9319842404913883,0.06801575950861166,0.9308888627765853,0.06911113722341457,0.9596730011837312,0.040326998816268854,0.03973139888614611,0.9602686011138538,0.021870193225943257,0.9781298067740568
0.9368099896428088,0.06319001035719124,0.10689399259847848,0.8931060074015215,0.08616490351873235,0.9138350964812676,0.9289997331154576,0.07100026688454239,0.15973063244194974,0.8402693675580502,0.8353301166209679,0.16466988337903216,0.7771901509073241,0.2228098490926759,0.8986866587511202,0.10131334124887975,0.10547174954985372,0.8945282504501462,0.07369328088661616,0.9263067191133837
0.9561857221861192,0.04381427781388087,0.1046985678775912,0.8953014321224088,0.07102517336532327,0.9289748266346767,0.9335498968718324,0.06645010312816761,0.1386449926133963,0.8613550073866038,0.879901469582546,0.12009853041745401,0.8330275586173184,0.16697244138268158,0.9278365285654768,0.07216347143452308,0.06954056884846294,0.9304594311515371,0.03337799696677939,0.9666220030332207
0.9752017644429896,0.024798235557010478,0.07633653189301946,0.9236634681069805,0.03921751435175735,0.9607824856482426,0.9491930053875879,0.050806994612412074,0.1069202282097266,0.8930797717902733,0.9214911801594468,0.07850881984055325,0.8982755845490564,0.10172441545094364,0.9658304138010809,0.03416958619891914,0.04684033753562606,0.953159662464374,0.025906139918263474,0.9740938600817366
0.9833066660497094,0.016693333950290615,0.03592101296435312,0.9640789870356468,0.02506666817389587,0.9749333318261042,0.9782517939058827,0.021748206094117283,0.060956985303832166,0.9390430146961678,0.9601208248906844,0.039879175109315615,0.9354719043719882,0.06452809562801183,0.9769487348916286,0.02305126510837131,0.030147126343524563,0.9698528736564755,0.014945158741514558,0.9850548412584855
0.9867261310576984,0.013273868942301741,0.03272689705729084,0.9672731029427092,0.01748414031320816,0.9825158596867918,0.981654880087825,0.018345119912175026,0.048857092214002446,0.9511429077859975,0.9729416962493185,0.02705830375068162,0.9524012518910855,0.047598748108914506,0.9842931744718182,0.015706825528181676,0.020650369645610737,0.9793496303543894,0.011817466702141798,0.9881825332978582
0.986125958782655,0.013874041217345062,0.03762025915510865,0.9623797408448914,0.019892389390187174,0.9801076106098128,0.9778171716272159,0.0221828283727841,0.051097605547452934,0.9489023944525471,0.9732633538507776,0.026736646149222346,0.9491127085238151,0.05088729147618497,0.9795716397910138,0.02042836020898617,0.022910016264827485,0.9770899837351724,0.012812831160651983,0.9871871688393481
0.9934570498276399,0.006542950172360016,0.019133810830174253,0.9808661891698258,0.008430613246168851,0.9915693867538311,0.9822975483340636,0.017702451665936397,0.039842082353762374,0.9601579176462376,0.9807389852552966,0.019261014744703504,0.9729117785239586,0.02708822147604128,0.9887000832553983,0.011299916744601683,0.01176871043207976,0.9882312895679202,0.007819711020233787,0.9921802889797663
0.9929289928410302,0.007071007158969779,0.015568387318272923,0.9844316126817271,0.00954067335193586,0.9904593266480641,0.9852844553710554,0.014715544628944616,0.03761006294240644,0.9623899370575937,0.9848593888519753,0.015140611148024674,0.9757318562714379,0.024268143728562064,0.9874766057681751,0.012523394231824914,0.010788108652482899,0.9892118913475171,0.006156297124890941,0.9938437028751091
0.988966458151791,0.01103354184820905,0.02455225059288728,0.9754477494071128,0.01944102624360621,0.9805589737563937,0.9758474148805986,0.024152585119401535,0.05752776112158465,0.9424722388784152,0.9718538298075459,0.02814617019245424,0.9591338194147969,0.04086618058520315,0.9772619483441748,0.022738051655825074,0.020596300507464582,0.9794036994925354,0.00974684962064742,0.9902531503793526
0.98968522410607,0.010314775893930105,0.017821949327967334,0.9821780506720327,0.015024683364675051,0.9849753166353249,0.9815920497843866,0.018407950215613318,0.04709020731498778,0.9529097926850121,0.972335050463607,0.02766494953639297,0.9596371252785447,0.040362874721455215,0.978513427274441,0.021486572725558945,0.01886827458290093,0.981131725417099,0.009061851983948873,0.9909381480160511
0.9100089527176345,0.0899910472823655,0.1532391174913876,0.8467608825086125,0.1187171440819814,0.8812828559180186,0.8856659978388318,0.1143340021611683,0.20084896537402303,0.7991510346259769,0.771372772739308,0.22862722726069187,0.7468719178894538,0.25312808211054605,0.8743889733079171,0.12561102669208293,0.14727866224414998,0.8527213377558499,0.10722314683264729,0.8927768531673528
0.9207435361931858,0.07925646380681421,0.17348378016622945,0.8265162198337707,0.104759827485381,0.8952401725146191,0.9033661604393919,0.0966338395606081,0.1884633181733598,0.8115366818266402,0.796284101018193,0.20371589898180711,0.7906583975896868,0.2093416024103132,0.9262112641914458,0.07378873580855422,0.10523609235103833,0.8947639076489617,0.07626171274891365,0.9237382872510863
0.9571688788346238,0.04283112116537634,0.11455460547733573,0.8854453945226644,0.06353542569593842,0.9364645743040616,0.949693920900982,0.0503060790990179,0.11721672369796364,0.8827832763020365,0.8855818712052956,0.11441812879470427,0.8636274917751604,0.13637250822483965,0.9592096649642359,0.04079033503576413,0.05363503700467685,0.9463649629953231,0.04673854962863021,0.9532614503713699
0.9544620192445007,0.045537980755499294,0.09077632917911377,0.9092236708208863,0.090112666690437,0.909887333309563,0.9552989732590211,0.044701026740978894,0.1071327225854598,0.8928672774145403,0.9042128058180244,0.0957871941819755,0.862419720842942,0.137580279157058,0.9385710216880029,0.06142897831199705,0.07662727980693232,0.9233727201930677,0.032049254472253756,0.9679507455277462
0.8995911875705602,0.10040881242943972,0.1740224971617158,0.8259775028382842,0.12143296364505782,0.8785670363549423,0.9001867574160664,0.09981324258393369,0.14097652764606336,0.8590234723539367,0.8448468966705925,0.1551531033294074,0.7491771185235873,0.25082288147641263,0.8669784857518681,0.133021514248132,0.137748575412562,0.8622514245874381,0.08521339517689874,0.9147866048231011
0.9105644765374467,0.08943552346255333,0.19936201728707878,0.8006379827129212,0.13254820741976253,0.8674517925802374,0.8651841228321057,0.1348158771678943,0.15160717692311867,0.8483928230768812,0.8389264746766705,0.16107352532332944,0.7818696693694521,0.21813033063054788,0.8853440126567114,0.11465598734328873,0.15654293606105657,0.8434570639389434,0.06257920888089703,0.937420791119103
0.9844823171353055,0.015517682864694514,0.05449523827129996,0.9455047617287001,0.025577946324572914,0.9744220536754271,0.965797317084912,0.03420268291508794,0.06623699476333106,0.933763005236669,0.9478667055894906,0.052133294410509505,0.9374706766385749,0.0625293233614252,0.9805440879147785,0.01945591208522144,0.03220127834188291,0.9677987216581171,0.019824989141362107,0.9801750108586379
0.9852732950967337,0.014726704903266259,0.028504250384371876,0.9714957496156281,0.027762979318255335,0.9722370206817447,0.9796838112007467,0.02031618879925334,0.05651115226148627,0.9434888477385136,0.9634097284413446,0.03659027155865529,0.949707198909997,0.05029280109000298,0.9736503557262415,0.02634964427375855,0.026012947425142218,0.9739870525748577,0.013386455749624136,0.9866135442503757
0.9509498000599514,0.04905019994004866,0.06888246462881771,0.9311175353711822,0.06793652269060242,0.9320634773093976,0.9506171428387525,0.04938285716124746,0.1037021683904441,0.896297831609556,0.8907346605364527,0.10926533946354744,0.8608135474147198,0.13918645258528017,0.9303804600188759,0.06961953998112423,0.07976953814964176,0.9202304618503583,0.034728128955647364,0.9652718710443526
0.9538339510572466,0.0461660489427534,0.08367745577962853,0.9163225442203714,0.08881724162779202,0.911182758372208,0.929019842405572,0.07098015759442805,0.12199719601747937,0.8780028039825207,0.8985725548023691,0.10142744519763093,0.8740731759316911,0.125926824068309,0.9155926083594556,0.08440739164054455,0.07799750746884354,0.9220024925311564,0.02776455536824552,0.9722354446317546
0.9646034079775205,0.035396592022479544,0.06548176817771036,0.9345182318222897,0.05397451436866743,0.9460254856313325,0.9399283027613835,0.060071697238616543,0.1130617490800372,0.8869382509199627,0.8895541397139907,0.11044586028600924,0.8923196140056207,0.10768038599437946,0.9463740109033499,0.053625989096650166,0.0629982971816514,0.9370017028183485,0.029585096844348305,0.9704149031556517
0.9818518686464144,0.01814813135358575,0.030061325788149754,0.9699386742118503,0.028160038949376392,0.9718399610506236,0.9737984176634383,0.02620158233656179,0.06557125786181424,0.9344287421381857,0.9538125668571544,0.04618743314284557,0.9482841631772038,0.05171583682279627,0.9761519343640374,0.023848065635962586,0.031038140191431383,0.9689618598085686,0.011964127580032955,0.988035872419967
0.9873236195038829,0.012676380496117133,0.020384746496556142,0.9796152535034439,0.01764704046083795,0.9823529595391619,0.9863525429219848,0.013647457078015228,0.04724668563385839,0.9527533143661416,0.9705612579968785,0.029438742003121406,0.9626394762770037,0.03736052372299619,0.9863653371919828,0.01363466280801714,0.016271514473952205,0.9837284855260476,0.009250861292655416,0.9907491387073446
0.9905243633734213,0.009475636626578788,0.013950739722174085,0.9860492602778259,0.01220816012716023,0.9877918398728399,0.9895719324417417,0.010428067558258348,0.036475306863505794,0.9635246931364942,0.9815001418772762,0.018499858122723926,0.97517681237995,0.024823187620049852,0.989586558663732,0.01041344133626791,0.011349798089810108,0.9886502019101898,0.006123637215117044,0.993876362784883
0.9915208089054726,0.008479191094527395,0.01588097996945465,0.9841190200305454,0.00959748655479113,0.9904025134452089,0.9876405132008909,0.012359486799108992,0.03620092150379685,0.9637990784962033,0.9771206003434137,0.02287939965658626,0.9649720658071739,0.035027934192826175,0.9874134612024367,0.01258653879756326,0.01389930882236427,0.9861006911776358,0.00893868487205205,0.9910613151279479
0.9925222323533806,0.007477767646619592,0.016927738605609994,0.98307226139439,0.009333788293718477,0.9906662117062814,0.9859236978259165,0.014076302174083543,0.03682174460799428,0.9631782553920057,0.9832016210071652,0.016798378992834852,0.970973181949293,0.02902681805070683,0.9876833374449985,0.012316662555001466,0.011141172152376188,0.9888588278476238,0.005336136797791638,0.9946638632022083
0.9934227693914106,0.006577230608589303,0.017585231086031664,0.9824147689139684,0.009002918961136907,0.990997081038863,0.9837338875144693,0.016266112485530646,0.03994810761223681,0.9600518923877632,0.9817771847302982,0.018222815269701837,0.9736888243680317,0.02631117563196829,0.9894240677105021,0.010575932289498031,0.01150123552684139,0.9884987644731587,0.0063659935218178965,0.9936340064781821
0.9950266954731736,0.004973304526826549,0.009026931773426223,0.9909730682265737,0.005881487504200448,0.9941185124957995,0.9917850253861208,0.008214974613879123,0.026136358200833744,0.9738636417991662,0.9890668227306738,0.010933177269326279,0.9821732061201182,0.017826793879881866,0.9925666954985851,0.007433304501414916,0.007387366948895225,0.9926126330511047,0.004040954411358135,0.9959590455886418
0.9949919345871064,0.005008065412893638,0.010848141294865768,0.9891518587051342,0.006586745867104668,0.9934132541328954,0.9904181544327354,0.009581845567264671,0.02857010678092263,0.9714298932190774,0.9881744008970917,0.01182559910290823,0.9789021780100129,0.021097821989987046,0.9914240657339386,0.008575934266061463,0.008458816627178962,0.991541183372821,0.004024266489107596,0.9959757335108923
0.9942922797790645,0.0057077202209355575,0.012124282932404135,0.9878757170675959,0.006773536978655987,0.993226463021344,0.9896843904389376,0.010315609561062406,0.030429340869331176,0.9695706591306688,0.9862309609819279,0.013769039018072051,0.9747460830767805,0.02525391692321959,0.9906141390267849,0.009385860973215133,0.009758340028185262,0.9902416599718148,0.004726630169859759,0.9952733698301404
0.9947570892008464,0.005242910799153548,0.012613302452986978,0.9873866975470131,0.005837062841749339,0.9941629371582507,0.9882388275197302,0.011761172480269708,0.03199126224122266,0.9680087377587773,0.9851026538760659,0.014897346123934091,0.9765642549432072,0.023435745056792842,0.9917367751216315,0.008263224878368461,0.008834564505711818,0.9911654354942881,0.00550649530025998,0.9944935046997401
0.9891302155932753,0.010869784406724751,0.023762870200616563,0.9762371297993834,0.017106050527918856,0.9828939494720811,0.9815663071422304,0.01843369285776955,0.0507257267501919,0.9492742732498081,0.9733126676793162,0.026687332320683755,0.9543406215943979,0.04565937840560196,0.9782743978574643,0.021725602142535824,0.01667158279347884,0.9833284172065211,0.009772712015981674,0.9902272879840183
0.988885980014096,0.011114019985904,0.0262621509047244,0.9737378490952756,0.01918609888279201,0.980813901117208,0.9747020628475837,0.025297937152416308,0.06073876005265893,0.939261239947341,0.9677050702075347,0.03229492979246521,0.9505658807227604,0.04943411927723962,0.9771002783778818,0.02289972162211819,0.023115546659324245,0.9768844533406756,0.009290276325627563,0.9907097236743724
0.9869031837359973,0.013096816264002725,0.024257520604250384,0.9757424793957495,0.01901602601156918,0.9809839739884308,0.9790435344910394,0.02095646550896064,0.054281568469165924,0.9457184315308341,0.9643097283440212,0.035690271655978864,0.9383279052957402,0.06167209470425989,0.9713259201384362,0.028674079861563888,0.02558755934439335,0.9744124406556067,0.01336281723578467,0.9866371827642154
0.9847838115167241,0.01521618848327602,0.03857454599722584,0.961425454002774,0.022542427758653488,0.9774575722413464,0.9719414267513119,0.028058573248687994,0.07011070430004188,0.929889295699958,0.9536783024359106,0.046321697564089444,0.9250884422931558,0.07491155770684424,0.9758418105250389,0.024158189474960987,0.03332548293173293,0.9666745170682671,0.013716232792992333,0.9862837672070077
0.9889735554663993,0.011026444533600674,0.027520977581534954,0.972479022418465,0.014010348539964117,0.9859896514600358,0.9836490756025819,0.016350924397418115,0.051854846006794374,0.9481451539932058,0.9688675449694496,0.031132455030550305,0.9513955608470048,0.0486044391529952,0.986533242615492,0.013466757384507911,0.01647910104289692,0.9835208989571032,0.011876688751831684,0.9881233112481683
0.9897876112719961,0.010212388728003972,0.02470623551763793,0.975293764482362,0.0139795191592104,0.9860204808407896,0.9852574893515005,0.01474251064849939,0.04831833713640569,0.9516816628635943,0.9704779062439498,0.029522093756050173,0.952979849316467,0.047020150683533025,0.9863473994080343,0.01365260059196564,0.016180212652961226,0.9838197873470388,0.010566580843002462,0.9894334191569976
0.9933466806253973,0.0066533193746026635,0.01706985741205966,0.9829301425879404,0.008338500266582272,0.9916614997334177,0.9892841563918118,0.010715843608188365,0.03485436980607277,0.9651456301939273,0.9843495536285971,0.01565044637140285,0.9703974376363655,0.02960256236363453,0.9912238362317882,0.008776163768211859,0.009917074096983131,0.9900829259030168,0.00579303018162439,0.9942069698183758
0.9837954224846119,0.01620457751538801,0.042467347843750794,0.9575326521562493,0.0302825702128693,0.9697174297871306,0.96796526320732,0.03203473679267994,0.06800817454694612,0.9319918254530539,0.964014142017629,0.03598585798237091,0.9341430281372906,0.06585697186270939,0.9618850530033931,0.03811494699660695,0.027513965308506628,0.9724860346914933,0.01653839376430916,0.9834616062356907
0.968030055184055,0.03196994481594493,0.06604577067325729,0.9339542293267427,0.05018203410841356,0.9498179658915864,0.935476926212722,0.06452307378727797,0.10370325147804166,0.8962967485219583,0.9129505802153376,0.08704941978466244,0.8813348901165765,0.11866510988342364,0.931054175201035,0.068945824798965,0.06464892346318711,0.9353510765368128,0.028146856072868424,0.9718531439271316
0.9462954675088208,0.05370453249117928,0.12518149803721282,0.8748185019627872,0.07745120982142807,0.9225487901785719,0.8940885191618695,0.1059114808381306,0.15534443873086087,0.8446555612691391,0.8538156562133977,0.1461843437866024,0.8204303007770553,0.17956969922294477,0.9132608194157933,0.08673918058420664,0.1127263533692857,0.8872736466307143,0.06214946432422657,0.9378505356757735
0.8271986582199824,0.1728013417800175,0.321091250577755,0.678908749422245,0.18466871111219982,0.8153312888878003,0.8307099021353045,0.1692900978646956,0.28157414401664105,0.718425855983359,0.6776861662781,0.3223138337219001,0.6541599893411424,0.3458400106588576,0.866589698616808,0.13341030138319201,0.2191025619772701,0.78089743802273,0.2107723245876838,0.7892276754123161
0.8301495758185,0.16985042418150004,0.34592508589584364,0.6540749141041564,0.222059327392591,0.777940672607409,0.8506539633818827,0.14934603661811738,0.2565711425787753,0.7434288574212248,0.6902977030075095,0.30970229699249047,0.6492203709367761,0.3507796290632239,0.8528252059869988,0.14717479401300118,0.18984131405845714,0.8101586859415429,0.17205143425046063,0.8279485657495392
0.32551309580161314,0.674486904198387,0.7837998112225117,0.2162001887774883,0.6754626403367251,0.3245373596632749,0.43591104747536946,0.5640889525246305,0.6181007165160562,0.38189928348394386,0.2295128388386661,0.7704871611613339,0.23632335633790894,0.7636766436620911,0.43488470638651117,0.5651152936134889,0.7144335325843416,0.28556646741565833,0.6478759333899813,0.3521240666100186
0.5446575572426295,0.4553424427573705,0.6380798218371704,0.3619201781628296,0.4023343320823529,0.5976656679176471,0.5784261324827212,0.4215738675172789,0.4057822573436357,0.5942177426563642,0.5708544622608092,0.42914553773919084,0.5136318278997996,0.48636817210020045,0.6948755263249781,0.30512447367502193,0.4135584401237967,0.5864415598762033,0.39564009486802254,0.6043599051319775
0.6231829975071964,0.37681700249280364,0.5633094470666338,0.43669055293336617,0.34842209332644897,0.651577906673551,0.6682522737573755,0.33174772624262455,0.2960451215928195,0.7039548784071805,0.6743478205686626,0.32565217943133734,0.6062297700866345,0.3937702299133656,0.7469938942612953,0.25300610573870463,0.31805549551262013,0.6819445044873799,0.32755299644026303,0.672447003559737
0.7859723711300046,0.21402762886999535,0.34935842475089485,0.6506415752491052,0.21694011123763557,0.7830598887623644,0.7744994497451542,0.22550055025484592,0.18917879366540552,0.8108212063345944,0.7879685768554657,0.2120314231445343,0.7725925353587415,0.22740746464125852,0.8716728654212401,0.12832713457875977,0.23257861926394657,0.7674213807360534,0.17509603946329066,0.8249039605367093
0.9410470608447942,0.058952939155205795,0.08493492545633771,0.9150650745436623,0.061135816825979614,0.9388641831740203,0.9444564887320834,0.055543511267916575,0.06745290649616353,0.9325470935038364,0.9317975337331631,0.06820246626683685,0.9393369861445111,0.060663013855488924,0.9615603526043076,0.038439647395692465,0.0583763813293292,0.9416236186706708,0.05897037352218539,0.9410296264778146
0.9316233341757484,0.06837666582425166,0.0912219490726018,0.9087780509273982,0.10347333874668548,0.8965266612533146,0.9467330235770666,0.05326697642293347,0.08127492323084451,0.9187250767691554,0.9179888725235391,0.08201112747646089,0.919441932994516,0.08055806700548392,0.9385564232321989,0.061443576767800975,0.07440554673387824,0.9255944532661218,0.045094853297581734,0.9549051467024182
0.9654683160758115,0.03453168392418842,0.0367947668397959,0.9632052331602042,0.04826929134833566,0.9517307086516642,0.9670764461518293,0.03292355384817076,0.053609567801844574,0.9463904321981554,0.921742482231924,0.07825751776807592,0.956671082025683,0.04332891797431708,0.9679211062769352,0.03207889372306492,0.04746580826252757,0.9525341917374724,0.02451127455840464,0.9754887254415953
0.9765076082057906,0.02349239179420929,0.028729723646595394,0.9712702763534047,0.03501554815359818,0.9649844518464018,0.9685752030697515,0.031424796930248466,0.06725974062005757,0.9327402593799424,0.9485296628324459,0.0514703371675541,0.9586951329270648,0.04130486707293521,0.9699496135055476,0.03005038649445241,0.027840826213829894,0.97215917378617,0.016507096794074826,0.9834929032059253
0.9509546201746197,0.04904537982538024,0.04743008005632811,0.9525699199436719,0.04982559702594935,0.9501744029740508,0.959633700836903,0.04036629916309684,0.0918395873926378,0.9081604126073622,0.9173503543129998,0.08264964568700031,0.9235010384175157,0.0764989615824843,0.9597542679750544,0.04024573202494561,0.04400337187154342,0.9559966281284566,0.029323762487770393,0.9706762375122296
0.970843804683642,0.029156195316358078,0.032472543402254965,0.9675274565977451,0.029046493058342386,0.9709535069416576,0.9746899645162436,0.025310035483756373,0.058107945104166635,0.9418920548958334,0.9535338624569989,0.046466137543001065,0.9523415244201604,0.047658475579839654,0.9802862840749554,0.019713715925044544,0.026663895566127076,0.973336104433873,0.01650841233402448,0.9834915876659754
0.9548551011048602,0.04514489889513987,0.0475186280444901,0.9524813719555099,0.03565019603221376,0.9643498039677861,0.97247419987927,0.027525800120729964,0.06909917363629185,0.9309008263637082,0.9300236389878106,0.06997636101218944,0.9333124258969694,0.06668757410303065,0.9782451869955873,0.021754813004412774,0.02993308464394939,0.9700669153560506,0.03458993272547388,0.9654100672745262
0.9703406278953634,0.029659372104636726,0.03385954764455979,0.9661404523554401,0.02235648759144696,0.977643512408553,0.9810569227117693,0.01894307728823083,0.045569691632874956,0.9544303083671251,0.9635336563508214,0.03646634364917852,0.9608925171088691,0.03910748289113093,0.9891685948920735,0.01083140510792642,0.017486269991463955,0.9825137300085361,0.016260943273915456,0.9837390567260845
0.9910511593360875,0.008948840663912546,0.015455950090802603,0.9845440499091974,0.008415278830206586,0.9915847211697933,0.9912689085602563,0.008731091439743755,0.025833949998732657,0.9741660500012673,0.9852403778454337,0.014759622154566228,0.978496169166767,0.021503830833232974,0.9944344048784102,0.005565595121589869,0.0073704425728732745,0.9926295574271267,0.006761186502134641,0.9932388134978655
0.9885728201243438,0.01142717987565635,0.014666776472821821,0.9853332235271781,0.006202603827400241,0.9937973961725997,0.9881660127304555,0.011833987269544606,0.023741807380036697,0.9762581926199634,0.9901075152054207,0.009892484794579203,0.9849850852127401,0.015014914787259762,0.9939910362805522,0.006008963719447751,0.007070072993499051,0.9929299270065011,0.006860569274429462,0.9931394307255704
0.5951149973946366,0.40488500260536336,0.5327005275812365,0.46729947241876346,0.3331589443511801,0.6668410556488199,0.6828095909015643,0.31719040909843566,0.33850484741853365,0.6614951525814664,0.5351537845213954,0.46484621547860455,0.5095218466080875,0.4904781533919125,0.7112009706971061,0.28879902930289403,0.38317241551638703,0.616827584483613,0.45961033982514005,0.5403896601748599
0.6535007638030177,0.3464992361969823,0.5773701653831208,0.4226298346168793,0.42301292421559195,0.5769870757844081,0.6465644210113737,0.3534355789886264,0.35708573393971604,0.642914266060284,0.5277817488293333,0.4722182511706666,0.48049552544438306,0.5195044745556169,0.6441773172846509,0.35582268271534917,0.3587420267863493,0.6412579732136507,0.2818961914739122,0.7181038085260879
0.38290334128961173,0.6170966587103882,0.7720667054057248,0.22793329459427522,0.6174350915444853,0.3825649084555148,0.40680085814140227,0.5931991418585978,0.5683186231600574,0.4316813768399425,0.2648675866859566,0.7351324133140434,0.29734373415623644,0.7026562658437636,0.4641877444354236,0.5358122555645765,0.645624466065173,0.354375533934827,0.6055843091344104,0.39441569086558964
0.48191547695331294,0.5180845230466871,0.6488678468350998,0.3511321531649003,0.5526168060025545,0.4473831939974456,0.5557449444442678,0.4442550555557322,0.38232856387980546,0.6176714361201945,0.4412367664240959,0.5587632335759041,0.394194054452434,0.6058059455475661,0.573606357313099,0.426393642686901,0.5483003815261587,0.4516996184738412,0.35936277585966775,0.6406372241403322
0.644305236054699,0.3556947639453009,0.5578811859504351,0.442118814049565,0.4720256335267361,0.5279743664732639,0.6629801759306702,0.33701982406932984,0.3422587052805919,0.6577412947194081,0.5766368132471644,0.4233631867528355,0.48853745764218637,0.5114625423578136,0.6735994994259319,0.3264005005740681,0.4385733697303863,0.5614266302696137,0.2645236587663102,0.7354763412336899
0.679922721289024,0.3200772787109761,0.3661409593688303,0.6338590406311697,0.36387562351481484,0.636124376485185,0.7693120403163759,0.2306879596836241,0.2242896220824114,0.7757103779175887,0.6524423256038354,0.3475576743961646,0.6005504059195419,0.39944959408045805,0.7374526246097207,0.26254737539027934,0.36008706556947906,0.639912934430521,0.23329017308595276,0.7667098269140473
0.6806974533247252,0.31930254667527486,0.4249109971350427,0.5750890028649572,0.328772121244541,0.671227878755459,0.7374468907679048,0.2625531092320952,0.27093490880572374,0.7290650911942763,0.5169300752176826,0.4830699247823174,0.5556269781232663,0.4443730218767338,0.7809804854370254,0.2190195145629746,0.3905648427910824,0.6094351572089176,0.3485462936747262,0.6514537063252738
0.754296703378808,0.245703296621192,0.30841173150846574,0.6915882684915342,0.2546885157923558,0.7453114842076441,0.8844329281729547,0.11556707182704526,0.16727607061373237,0.8327239293862677,0.7349295021685637,0.26507049783143627,0.7297291908290869,0.270270809170913,0.8802693492443369,0.11973065075566311,0.183744750944345,0.8162552490556549,0.15175096502806448,0.8482490349719355
0.7066967389473405,0.29330326105265947,0.36430564879584065,0.6356943512041594,0.25931845234384127,0.7406815476561587,0.7976097289196593,0.20239027108034072,0.2364773417301927,0.7635226582698073,0.5786783304361398,0.4213216695638603,0.6866493108705191,0.313350689129481,0.8647103491471867,0.1352896508528133,0.2510650593543622,0.7489349406456378,0.2659598263768828,0.7340401736231171
0.790956534033743,0.20904346596625695,0.22405747752322602,0.775942522476774,0.2333618220008508,0.7666381779991492,0.8869516489999368,0.1130483510000631,0.15503175534779498,0.844968244652205,0.76226473654503,0.23773526345497004,0.7870338502384638,0.21296614976153616,0.8826405133161641,0.11735948668383589,0.1698320169650498,0.8301679830349502,0.11192876482900438,0.8880712351709956
0.9131272761572131,0.08687272384278687,0.1356723353422526,0.8643276646577475,0.10955238636332498,0.8904476136366751,0.9227583034946,0.07724169650539994,0.1081001157445703,0.8918998842554297,0.8965350402955994,0.10346495970440074,0.9046112720933353,0.09538872790666476,0.9508206888773866,0.04917931112261357,0.08283490871166535,0.9171650912883347,0.05389987406691027,0.9461001259330898
0.8304203869855846,0.16957961301441532,0.15458022471975114,0.8454197752802488,0.15021715937224997,0.8497828406277501,0.9089352284626919,0.09106477153730802,0.10904254584324986,0.8909574541567502,0.8430021134014043,0.15699788659859573,0.850331541780716,0.14966845821928407,0.9018893442251827,0.09811065577481716,0.13531133702985573,0.8646886629701444,0.1349150412187255,0.8650849587812746
0.8944011087211864,0.10559889127881367,0.11964400161644334,0.8803559983835566,0.10065032037163522,0.8993496796283648,0.9203162922445621,0.07968370775543794,0.09798533355511141,0.9020146664448886,0.852522600630798,0.14747739936920204,0.9101175452514477,0.08988245474855233,0.9590004320114207,0.04099956798857934,0.0942292423880378,0.9057707576119621,0.07298461451027038,0.9270153854897296
0.7910422161255469,0.2089577838744531,0.27477841843715095,0.7252215815628491,0.342601192192174,0.657398807807826,0.8212525759666558,0.17874742403334423,0.27663724492356145,0.7233627550764385,0.7020428410479669,0.29795715895203306,0.6930259095566981,0.306974090443302,0.7565305429142954,0.24346945708570464,0.21218888722276175,0.7878111127772383,0.17019760870812523,0.8298023912918748
0.7775475210487709,0.22245247895122924,0.25465890741444774,0.7453410925855523,0.32982205542980864,0.6701779445701914,0.7677566527613625,0.23224334723863754,0.30134791658333643,0.6986520834166636,0.5526666279794352,0.4473333720205649,0.5978400198168887,0.4021599801831112,0.7046600973009866,0.29533990269901345,0.3127483466861165,0.6872516533138836,0.16513509673938426,0.8348649032606158
0.9037839809604954,0.09621601903950469,0.14309284554474955,0.8569071544552506,0.15187966423503452,0.8481203357649655,0.8782885677510419,0.12171143224895804,0.1804168307855669,0.8195831692144331,0.8016019758283535,0.19839802417164662,0.8082461096237505,0.19175389037624954,0.8910832893517495,0.10891671064825047,0.15648795800595833,0.8435120419940417,0.06571314117326475,0.9342868588267352
0.9717261857125683,0.028273814287431663,0.052228294070104556,0.9477717059298955,0.04498113691929954,0.9550188630807004,0.975593373015293,0.024406626984706824,0.0762181475949756,0.9237818524050244,0.9373515486789235,0.06264845132107653,0.9182083199744097,0.08179168002559033,0.9730818206411901,0.02691817935880987,0.03995703874329736,0.9600429612567025,0.020756661234859735,0.9792433387651402
0.879713197510054,0.12028680248994605,0.15569107859382275,0.8443089214061773,0.14092020286164225,0.8590797971383578,0.9250670848938459,0.07493291510615417,0.15936362972480686,0.8406363702751931,0.7666961967101898,0.2333038032898102,0.7470674552484041,0.2529325447515959,0.8971154279886159,0.10288457201138404,0.15054437819715927,0.8494556218028406,0.11691076777738023,0.8830892322226198
0.8891585040431199,0.11084149595687999,0.17392034044662344,0.8260796595533766,0.1345176437826509,0.865482356217349,0.920331198234835,0.079668801765165,0.15597390901201832,0.8440260909879816,0.7738713726845764,0.2261286273154236,0.782408919688025,0.21759108031197513,0.9349810096905503,0.06501899030944973,0.13570143295146994,0.86429856704853,0.08445258680841881,0.9155474131915811
0.9428007959293746,0.05719920407062535,0.10547256188684592,0.894527438113154,0.04030432192624154,0.9596956780737586,0.953479442990043,0.04652055700995698,0.08452814598895567,0.9154718540110444,0.9344920277334748,0.06550797226652509,0.9255952809881702,0.07440471901182984,0.9786421779450409,0.02135782205495899,0.029761294996542925,0.9702387050034571,0.048933438797245724,0.9510665612027543
0.9569311889060674,0.0430688110939326,0.09323074299787289,0.9067692570021271,0.061105072361775335,0.9388949276382247,0.9535565577211016,0.04644344227889828,0.07493211298032774,0.9250678870196722,0.9382052160597737,0.061794783940226264,0.9098914711758849,0.09010852882411513,0.9511532992078897,0.04884670079211022,0.05096823352822646,0.9490317664717736,0.03805166753389408,0.9619483324661059
0.9680652091933001,0.03193479080669986,0.07341817996935825,0.9265818200306418,0.05325059906929769,0.9467494009307023,0.9460365424683581,0.053963457531641765,0.07448248462123029,0.9255175153787697,0.9369111433388975,0.06308885666110245,0.9358203284333907,0.0641796715666092,0.9656123829076273,0.03438761709237274,0.056864145263960594,0.9431358547360394,0.02258279876379207,0.9774172012362079
0.9815312875733915,0.01846871242660867,0.03785376481897521,0.9621462351810248,0.03610100702599018,0.9638989929740098,0.9663721169896891,0.033627883010310874,0.060662462815776065,0.939337537184224,0.9623269635784983,0.037673036421501584,0.9538515826034949,0.04614841739650504,0.965441696405177,0.03455830359482302,0.03067226584021867,0.9693277341597814,0.01694350430942266,0.9830564956905774
0.9840099636928525,0.01599003630714744,0.02796928403202582,0.9720307159679742,0.03180027401319887,0.968199725986801,0.9733869554216521,0.026613044578348004,0.0595561839210895,0.9404438160789105,0.9509748916020104,0.049025108397989674,0.948315363436211,0.051684636563788966,0.9681027969250923,0.03189720307490767,0.035070758466453904,0.9649292415335461,0.013944923887226856,0.9860550761127731
0.9422943176300452,0.05770568236995475,0.07768692407734232,0.9223130759226578,0.07869794827328537,0.9213020517267145,0.9435017000940383,0.05649829990596175,0.11286775603840028,0.8871322439615996,0.8602578231836846,0.13974217681631532,0.8479283233024211,0.15207167669757904,0.9270094678953743,0.07299053210462574,0.09566918253441496,0.9043308174655851,0.05433839614238108,0.9456616038576189
0.9695638958744537,0.03043610412554633,0.06156120056122382,0.9384387994387762,0.039601097633555335,0.9603989023664447,0.955889782797475,0.04411021720252501,0.10012358124919526,0.8998764187508047,0.9054914258528574,0.09450857414714273,0.9149407360621908,0.08505926393780917,0.9706267139790117,0.029373286020988383,0.04089341907667787,0.9591065809233221,0.03198199610474975,0.9680180038952502
0.9789986203849345,0.021001379615065676,0.044858335257305565,0.9551416647426945,0.02815822945578222,0.9718417705442177,0.9746884055265196,0.025311594473480508,0.07391131524246738,0.9260886847575326,0.9506571866619127,0.049342813338087335,0.9380236696203602,0.06197633037963981,0.9779011973406182,0.02209880265938194,0.022287849465530855,0.9777121505344691,0.019568893766070204,0.9804311062339297
0.9865045256616503,0.013495474338349824,0.02078171211660203,0.979218287883398,0.016065439105434946,0.9839345608945651,0.9889755149222288,0.01102448507777113,0.03615152479711295,0.9638484752028871,0.9717614223846014,0.02823857761539854,0.9623045332026197,0.03769546679738042,0.9903465679909114,0.009653432009088752,0.016105308740695948,0.9838946912593041,0.007627159529009805,0.9923728404709902
0.9736866515370682,0.026313348462931905,0.04901410318489755,0.9509858968151025,0.05160378858420063,0.9483962114157993,0.9667187338547201,0.033281266145279945,0.07349781630182525,0.9265021836981747,0.9502044714970984,0.0497955285029015,0.9231867705996402,0.07681322940035976,0.9503890443603622,0.049610955639637695,0.038682318669056186,0.9613176813309438,0.01983353601571006,0.98016646398429
0.8980174676567168,0.10198253234328333,0.14020782314513752,0.8597921768548625,0.14619694230000407,0.853803057699996,0.8834330749286562,0.11656692507134375,0.15399151937127545,0.8460084806287246,0.8013250998746657,0.19867490012533434,0.7733698615350464,0.22663013846495367,0.8513689796538619,0.14863102034613812,0.157476542260065,0.842523457739935,0.06686494529292625,0.9331350547070737
0.9378100402437721,0.06218995975622784,0.10381737389046211,0.8961826261095378,0.1313090277178797,0.8686909722821202,0.8905327419890713,0.10946725801092883,0.16198750345042676,0.8380124965495732,0.8363739216026945,0.16362607839730547,0.8360696707743088,0.16393032922569117,0.8747609529604425,0.12523904703955738,0.11335218872978678,0.8866478112702131,0.04549824863232829,0.9545017513676716
0.8652744266023664,0.13472557339763352,0.19048813542500717,0.8095118645749929,0.19967342713155306,0.8003265728684469,0.8482684463978639,0.15173155360213617,0.2568869920661651,0.7431130079338348,0.6718997155337129,0.3281002844662872,0.6702707560032264,0.32972924399677356,0.8081918844594967,0.1918081155405032,0.2114042460283048,0.7885957539716951,0.11007188187397608,0.889928118126024
0.8822454112644698,0.11775458873553031,0.22176852588947354,0.7782314741105264,0.17211834702584247,0.8278816529741576,0.8456072735463372,0.15439272645366284,0.2586327290641273,0.7413672709358726,0.7289220157511164,0.27107798424888363,0.7006829644621632,0.2993170355378369,0.870733002870514,0.12926699712948603,0.22332663242046508,0.776673367579535,0.10879057316201705,0.8912094268379831
0.9483713371294261,0.051628662870573765,0.10943955881838238,0.8905604411816176,0.06541077462895221,0.9345892253710477,0.9480869255526492,0.05191307444735082,0.13275499357848308,0.8672450064215169,0.8816400123921556,0.11835998760784443,0.8594009923050605,0.14059900769493958,0.9566352123600821,0.04336478763991786,0.06306276503605829,0.9369372349639417,0.05949250921335666,0.9405074907866434
0.9626610474997174,0.0373389525002826,0.09311632375019144,0.9068836762498085,0.058003513096928715,0.9419964869030714,0.9646638542490089,0.035336145750991234,0.09267257479016772,0.9073274252098322,0.9310553725075472,0.06894462749245292,0.8835466790529034,0.11645332094709665,0.9586558188386853,0.04134418116131469,0.04693829930865461,0.9530617006913454,0.03214534502151259,0.9678546549784874
0.7422962994443699,0.2577037005556302,0.35599630320976416,0.6440036967902357,0.26165172485521854,0.7383482751447815,0.7973555557679413,0.20264444423205866,0.2623772896570827,0.7376227103429174,0.6293876224849719,0.370612377515028,0.5964780605479261,0.4035219394520739,0.7972409880477763,0.20275901195222368,0.2998484391167594,0.7001515608832405,0.2162103563314992,0.7837896436685008
0.8450064744267962,0.15499352557320376,0.2986963943736867,0.7013036056263132,0.124631667090367,0.875368332909633,0.8230980673647629,0.17690193263523707,0.18090159871313022,0.8190984012868698,0.8365890200008127,0.16341097999918744,0.8182181880838567,0.18178181191614334,0.9154899195071198,0.08451008049288031,0.13485948831390396,0.8651405116860961,0.13843951486122824,0.8615604851387717
0.8883443323203595,0.11165566767964057,0.19962703903601703,0.800372960963983,0.07535832637156974,0.9246416736284303,0.8996193967238614,0.10038060327613868,0.12079281471632118,0.8792071852836788,0.8987162861951126,0.10128371380488743,0.8837856982914896,0.1162143017085104,0.9554653945633151,0.04453460543668483,0.07599805258651511,0.9240019474134848,0.10509334783768648,0.8949066521623136
0.932569272008957,0.06743072799104295,0.12812353381585678,0.8718764661841433,0.05126652342227702,0.948733476577723,0.932286077466509,0.06771392253349102,0.08580594139256537,0.9141940586074347,0.9356552078404666,0.06434479215953334,0.9229893462036559,0.07701065379634411,0.9704601411071813,0.029539858892818748,0.05347275262709628,0.9465272473729036,0.058847335135706856,0.9411526648642932
0.6420322439823949,0.3579677560176052,0.43654069931017386,0.5634593006898262,0.252063695477312,0.747936304522688,0.7459380813057833,0.25406191869421674,0.2522752293362741,0.7477247706637259,0.6854859664871829,0.3145140335128172,0.6620370446043176,0.33796295539568244,0.8139426744027302,0.18605732559726976,0.2813736877310944,0.7186263122689057,0.3311601580613363,0.6688398419386637
0.6672086509816199,0.33279134901838014,0.48163159780618425,0.5183684021938157,0.3233383126550969,0.6766616873449032,0.69421671125874,0.30578328874126,0.2559362711917699,0.7440637288082301,0.6938627575294312,0.30613724247056884,0.6803265109243462,0.31967348907565385,0.7697715134509675,0.2302284865490325,0.26284913093495443,0.7371508690650455,0.23749125869423932,0.7625087413057606
0.8268911734396929,0.1731088265603072,0.3530827277088123,0.6469172722911877,0.2557675791271101,0.7442324208728898,0.7451918885351625,0.2548081114648375,0.23377321632658227,0.7662267836734178,0.7349771056959049,0.2650228943040951,0.7574905151308224,0.24250948486917748,0.8385407427990682,0.16145925720093177,0.22678299815239517,0.7732170018476049,0.15705043188853426,0.8429495681114657
0.28572475168764444,0.7142752483123556,0.694031982584475,0.30596801741552515,0.6978822057403553,0.30211779425964463,0.4572274797714958,0.5427725202285043,0.4917769543282439,0.5082230456717561,0.2613709298317542,0.7386290701682459,0.3100891980977456,0.6899108019022544,0.39420153829692073,0.6057984617030793,0.6603111201889724,0.33968887981102747,0.704918231199187,0.295081768800813
0.29262332970107846,0.7073766702989216,0.7819163805350859,0.21808361946491406,0.7511441412197581,0.24885585878024197,0.36430231741734076,0.6356976825826592,0.5790932041241902,0.42090679587580987,0.21406581243464176,0.7859341875653583,0.26456631389896434,0.7354336861010358,0.3854685951271119,0.6145314048728882,0.7218682872323969,0.27813171276760296,0.5681980749626053,0.4318019250373947
0.18582421029568413,0.8141757897043159,0.8488656268448642,0.15113437315513575,0.7687075118401754,0.23129248815982464,0.3706641914679605,0.6293358085320395,0.6270158914746512,0.37298410852534875,0.17023519379880458,0.8297648062011955,0.21934494179655994,0.78065505820344,0.3632132386274299,0.6367867613725701,0.7788185670099452,0.22118143299005477,0.8117430727756403,0.1882569272243597
0.3364294587806851,0.6635705412193148,0.7345778840254924,0.26542211597450754,0.7094788167395645,0.2905211832604356,0.503921817439169,0.4960781825608311,0.49311226839926753,0.5068877316007324,0.2504081828254637,0.7495918171745363,0.3019770347903718,0.6980229652096281,0.46087170855714277,0.5391282914428573,0.6350572889273484,0.36494271107265164,0.5783340762996667,0.4216659237003333
0.06023951732414937,0.9397604826758506,0.9438053968570861,0.05619460314291387,0.9321408232822436,0.06785917671775632,0.14759918902379834,0.8524008109762016,0.8280195694757526,0.17198043052424739,0.054941479088435115,0.9450585209115648,0.0858275436853314,0.9141724563146687,0.10559905915833011,0.8944009408416699,0.9279731466432275,0.07202685335677256,0.9415190586978809,0.05848094130211911
0.10213956857170113,0.8978604314282989,0.9211848199438509,0.07881518005614911,0.8729327081271704,0.1270672918728296,0.18273761590263507,0.817262384097365,0.7310074979296514,0.2689925020703487,0.1359159664349606,0.8640840335650394,0.1588712230676332,0.8411287769323668,0.2015891145046991,0.7984108854953008,0.8679998245649667,0.13200017543503326,0.8613164165031199,0.13868358349688012
0.19288445899466833,0.8071155410053317,0.8709211201612496,0.1290788798387503,0.7775388916392458,0.22246110836075422,0.31887028757638647,0.6811297124236136,0.6004124675615415,0.3995875324384584,0.210805778408786,0.789194221591214,0.2677233275829143,0.7322766724170856,0.39632117872559364,0.6036788212744064,0.7534225826882256,0.24657741731177435,0.783705477163154,0.21629452283684603
0.4351228454543518,0.5648771545456481,0.6000099355821706,0.3999900644178294,0.5285131318620648,0.47148686813793517,0.5739263764502892,0.42607362354971073,0.36018673074043495,0.6398132692595652,0.5339551424754592,0.4660448575245409,0.5508551303014345,0.44914486969856543,0.6754947700761739,0.32450522992382613,0.5114218086801378,0.48857819131986224,0.44897889799834934,0.5510211020016507
0.8204685165032133,0.17953148349678674,0.18582344217786248,0.8141765578221375,0.2102600556852736,0.7897399443147264,0.8775170902923154,0.12248290970768458,0.14420447040998843,0.8557955295900116,0.8104642223629324,0.18953577763706764,0.8480565464964969,0.15194345350350305,0.8922956100750217,0.10770438992497829,0.16533621527527392,0.834663784724726,0.14622279257652282,0.8537772074234772
0.6312759284100024,0.36872407158999765,0.3306680666624678,0.6693319333375322,0.3475269806161161,0.6524730193838839,0.8000131728025471,0.19998682719745295,0.21672878017432184,0.7832712198256783,0.6910632739981014,0.30893672600189853,0.714752251722554,0.285247748277446,0.8008416606248999,0.1991583393751,0.2900885867540023,0.7099114132459977,0.2669159949774455,0.7330840050225546
0.9025807845707664,0.09741921542923364,0.10333863886356978,0.8966613611364301,0.09433128344045198,0.905668716559548,0.919192007025771,0.08080799297422908,0.10350516108956213,0.8964948389104379,0.8581600933219854,0.1418399066780147,0.9284296856075264,0.0715703143924737,0.9575471497675737,0.04245285023242623,0.08105703577010485,0.9189429642298952,0.08518906825186469,0.9148109317481353
0.972232766688067,0.027767233311932964,0.031909593801425475,0.9680904061985744,0.023682511529910456,0.9763174884700896,0.9754731488082282,0.024526851191771913,0.05610841695564294,0.9438915830443572,0.9614665863858306,0.03853341361416944,0.9691173071431973,0.030882692856802757,0.984865389815601,0.015134610184399044,0.0166233734971839,0.9833766265028161,0.023277977858716523,0.9767220221412835
0.971554290423598,0.028445709576402124,0.029599219406507265,0.9704007805934928,0.024766599046006615,0.9752334009539935,0.9772365781795844,0.022763421820415655,0.05564976018534069,0.9443502398146594,0.966906222727291,0.03309377727270911,0.9686629215188898,0.031337078481110274,0.9848807709393785,0.015119229060621308,0.018369091522831112,0.9816309084771688,0.017756642170081924,0.9822433578299181
0.9679081097408324,0.0320918902591676,0.027719607646525143,0.9722803923534749,0.02383364693009618,0.9761663530699038,0.9792770938377654,0.020722906162234548,0.04917025644483176,0.9508297435551684,0.9676275186617178,0.032372481338282244,0.9675388668688233,0.0324611331311766,0.9844031987758354,0.015596801224164743,0.018737161882107327,0.9812628381178926,0.0200753085205945,0.9799246914794056
0.9811025512313944,0.018897448768605416,0.019132189324733588,0.9808678106752663,0.01198138354036175,0.9880186164596383,0.984444739727456,0.015555260272544046,0.03415267100349447,0.9658473289965055,0.9820227435045499,0.01797725649545005,0.9802280731969749,0.019771926803025103,0.991528412099904,0.008471587900095846,0.010741675771570489,0.9892583242284295,0.011776599416996596,0.9882234005830034
0.9846781122280932,0.015321887771906894,0.01681037413579242,0.9831896258642077,0.012677910131922411,0.9873220898680777,0.9863212715165716,0.013678728483428467,0.03388565928656478,0.9661143407134352,0.9815998878514864,0.0184001121485136,0.9801814715957774,0.01981852840422252,0.9899410975705387,0.010058902429461265,0.010047127413448856,0.9899528725865511,0.010298570841198474,0.9897014291588017
0.9929882909303429,0.007011709069657146,0.009840798621194746,0.9901592013788052,0.005831026646912343,0.9941689733530876,0.9898277659714443,0.010172234028555723,0.02591086595079238,0.9740891340492076,0.9882463471981291,0.01175365280187094,0.9859792695628817,0.014020730437118307,0.9941575886877614,0.005842411312238519,0.006585855447399651,0.9934141445526004,0.0046373006819686,0.9953626993180313
0.9929225059029412,0.007077494097058946,0.009197117928649908,0.99080288207135,0.007300464161343624,0.9926995358386564,0.9912436871577851,0.008756312842214925,0.025914483410614888,0.9740855165893851,0.9887390560401688,0.011260943959831094,0.9852255634978853,0.014774436502114798,0.9925330272917299,0.0074669727082702555,0.006937556100345602,0.9930624438996545,0.004560313809384279,0.9954396861906157
0.9964583789828807,0.003541621017119313,0.007267745747909734,0.9927322542520902,0.004112217574686049,0.9958877824253138,0.9933246982704409,0.006675301729559146,0.02024269675168433,0.9797573032483157,0.992171796820125,0.007828203179874938,0.9860045686930841,0.013995431306915843,0.9947663139694269,0.005233686030573099,0.0054700871317635005,0.9945299128682366,0.002749155599031734,0.9972508444009682
0.9962521856782317,0.0037478143217683315,0.007920885881220485,0.9920791141187796,0.004861442267373919,0.9951385577326262,0.9927830432678195,0.007216956732180367,0.022394592150993736,0.9776054078490063,0.9907878271128094,0.009212172887190577,0.9835405923836099,0.016459407616390143,0.9934420733382904,0.006557926661709551,0.006246318491361081,0.9937536815086389,0.0032872593372733493,0.9967127406627265
0.9947387848119834,0.005261215188016673,0.010027588170969244,0.9899724118290307,0.0055783769666261545,0.9944216230333739,0.9909901621637589,0.009009837836241149,0.02703870495189954,0.9729612950481005,0.986181128523262,0.013818871476738012,0.9747632016396925,0.025236798360307382,0.9908085229385462,0.009191477061453793,0.008521604156860431,0.9914783958431396,0.005021821631409734,0.9949781783685903
0.9850462774629911,0.014953722537008983,0.03360627635000536,0.9663937236499947,0.014629063423862979,0.985370936576137,0.9773261127516736,0.022673887248326377,0.053122580319277676,0.9468774196807223,0.9591246551658632,0.04087534483413672,0.9340067906062206,0.06599320939377949,0.9812404015960535,0.01875959840394654,0.023155116673175217,0.9768448833268248,0.015998648036554236,0.9840013519634457
0.9892139090069395,0.010786090993060464,0.027945571133347818,0.9720544288666522,0.012078822146233929,0.9879211778537662,0.9829342885860938,0.0170657114139062,0.04339018897097599,0.956609811029024,0.9701189584393217,0.029881041560678327,0.9536076620339943,0.04639233796600571,0.9863495874517536,0.013650412548246319,0.013293809200310572,0.9867061907996896,0.010388186066613169,0.9896118139333868
0.9482591998635367,0.051740800136463275,0.1162961181268388,0.8837038818731612,0.04665590827612731,0.9533440917238727,0.9449097881252136,0.05509021187478634,0.10118955338042715,0.8988104466195728,0.8896937430093539,0.11030625699064615,0.8442505573919383,0.15574944260806167,0.9572727653194012,0.04272723468059881,0.059790805949948726,0.9402091940500512,0.04784478689355158,0.9521552131064485
0.9268978432468258,0.07310215675317433,0.1621341863996385,0.8378658136003614,0.12864593664026294,0.8713540633597372,0.9094460852270001,0.09055391477299995,0.14183647678042088,0.8581635232195791,0.8551140983981113,0.14488590160188874,0.77304864289042,0.2269513571095801,0.8766932319392698,0.12330676806073021,0.11432555687610439,0.8856744431238956,0.050355659984631804,0.9496443400153681
0.9451551041882492,0.054844895811750755,0.14798256125674072,0.8520174387432593,0.08686912132978236,0.9131308786702176,0.9015285573608847,0.09847144263911523,0.1308858443287554,0.8691141556712446,0.8781176820256285,0.1218823179743716,0.8211528925767596,0.17884710742324045,0.9192617378460893,0.08073826215391057,0.10754495518717398,0.8924550448128261,0.040540623228010886,0.9594593767719891
0.9860316976410952,0.013968302358904805,0.03821551155019131,0.9617844884498088,0.025404478994110555,0.9745955210058895,0.9709321807355342,0.029067819264465677,0.05084447004645625,0.9491555299535438,0.9657669627512553,0.03423303724874463,0.9494627601284457,0.05053723987155435,0.9754368421319589,0.024563157868041155,0.032351649083363854,0.9676483509166361,0.014089934772960512,0.9859100652270396
0.9599575204467066,0.040042479553293465,0.07897793652497632,0.9210220634750237,0.08943316596230555,0.9105668340376945,0.9404545584087983,0.05954544159120169,0.12302081804090609,0.8769791819590939,0.8993738125421686,0.10062618745783136,0.8568784241173635,0.14312157588263658,0.9116101789352155,0.08838982106478452,0.07611309313789522,0.9238869068621047,0.03854893181194297,0.9614510681880571
0.9304755476658401,0.06952445233415994,0.10092453912476744,0.8990754608752325,0.1302849153027012,0.8697150846972989,0.9057221336375038,0.09427786636249626,0.17242718031280715,0.827572819687193,0.8260419568359592,0.17395804316404076,0.7848553685831856,0.21514463141681434,0.86175936709227,0.13824063290772998,0.1371163152953851,0.8628836847046149,0.048946166612820245,0.9510538333871797
0.8737565872316396,0.1262434127683604,0.2031013701503786,0.7968986298496213,0.20409384518216764,0.7959061548178323,0.8222186979554404,0.17778130204455952,0.2904952662170221,0.7095047337829778,0.6558475534700724,0.3441524465299276,0.6538845509173424,0.3461154490826576,0.795848996728564,0.20415100327143595,0.23767665153448883,0.7623233484655111,0.1534374706759416,0.8465625293240584
0.8637518242728925,0.1362481757271076,0.25396974647455395,0.7460302535254459,0.17931865085026708,0.820681349149733,0.8609882401419061,0.13901175985809378,0.2844220702835977,0.7155779297164023,0.7052708896846288,0.29472911031537125,0.6962895108371179,0.30371048916288207,0.8836671487126582,0.11633285128734182,0.18249107898006822,0.8175089210199317,0.13916733282333613,0.860832667176664
0.858989772810906,0.14101022718909384,0.2556894758360829,0.7443105241639171,0.1576458901649192,0.8423541098350809,0.8798553950518919,0.12014460494810819,0.2411416706511024,0.7588583293488976,0.7452596232030629,0.2547403767969371,0.7531183239447994,0.24688167605520056,0.9153630842802678,0.08463691571973216,0.14320305458291455,0.8567969454170854,0.16739891869968884,0.8326010813003112
0.7406604799068682,0.2593395200931318,0.3925852966479917,0.6074147033520083,0.3829679806745754,0.6170320193254246,0.8169151252635222,0.1830848747364778,0.32361989386354856,0.6763801061364514,0.6139049640226445,0.3860950359773554,0.5540324961218913,0.44596750387810874,0.7380560397767396,0.26194396022326033,0.2951295008533611,0.7048704991466388,0.2325102645499229,0.767489735450077
0.3280405066953713,0.6719594933046287,0.7676955356896692,0.23230446431033078,0.6938546754155567,0.3061453245844434,0.4383236421929081,0.5616763578070919,0.5746132754745432,0.42538672452545684,0.2779150400336598,0.7220849599663401,0.26330570794708125,0.7366942920529187,0.40722501196000893,0.592774988039991,0.6340204102769897,0.3659795897230102,0.5692500183804545,0.4307499816195454
0.6072544027766045,0.3927455972233954,0.5309283015956163,0.46907169840438373,0.5055598980182693,0.49444010198173066,0.5332182885321672,0.4667817114678328,0.3894097649480636,0.6105902350519363,0.5389946014251624,0.4610053985748376,0.5481092335869032,0.4518907664130968,0.5833769037340937,0.41662309626590627,0.4138306189237614,0.5861693810762386,0.2857680355547054,0.7142319644452946
0.7976494898144296,0.2023505101855704,0.371920170718493,0.628079829281507,0.36660230248745124,0.6333976975125487,0.6795112641206091,0.3204887358793908,0.3504518851990545,0.6495481148009455,0.6304424766240541,0.369557523375946,0.6117817463888175,0.38821825361118256,0.7129947550955367,0.28700524490446333,0.3445514552695686,0.6554485447304315,0.17588816035200835,0.8241118396479917
0.6269660919145515,0.37303390808544845,0.3749016022111788,0.6250983977888211,0.49105876614173255,0.5089412338582674,0.6587106980137576,0.34128930198624235,0.3865434846151576,0.6134565153848425,0.4736429556867244,0.5263570443132757,0.47977240703685586,0.5202275929631442,0.5553354821629322,0.4446645178370679,0.4583677826051033,0.5416322173948966,0.33150989470937675,0.6684901052906232
0.8187522714254344,0.18124772857456556,0.27051112109607495,0.7294888789039251,0.3110239454344982,0.6889760545655018,0.749240266283636,0.250759733716364,0.33125069542998903,0.668749304570011,0.6135132854077141,0.3864867145922859,0.6311694861520706,0.3688305138479295,0.7458985912982389,0.2541014087017612,0.31628918717394344,0.6837108128260565,0.13266392811281066,0.8673360718871893
0.3974460852122434,0.6025539147877566,0.6666993140690255,0.3333006859309745,0.6416232982007052,0.3583767017992947,0.5451528460327991,0.4548471539672009,0.5882064195128219,0.4117935804871781,0.26772433037671284,0.732275669623287,0.29694889072285574,0.7030511092771443,0.4873602504977958,0.5126397495022041,0.6272456285633351,0.37275437143666484,0.5585058948171286,0.44149410518287124
0.625097576653202,0.37490242334679796,0.4789817366607911,0.5210182633392089,0.5668943407313575,0.4331056592686425,0.6118872318983816,0.3881127681016184,0.485172560905387,0.5148274390946129,0.38114881792692373,0.6188511820730762,0.4359695958301599,0.5640304041698401,0.5415289975126731,0.4584710024873268,0.45760925610343817,0.5423907438965619,0.2982796991737193,0.7017203008262807
0.5086085181082638,0.4913914818917362,0.5974254676499007,0.4025745323500994,0.6096876755809537,0.39031232441904623,0.5347982004668959,0.4652017995331041,0.5833478741007466,0.41665212589925343,0.317653967450606,0.682346032549394,0.3669020025971202,0.6330979974028798,0.5314138973325504,0.4685861026674496,0.5729675539938498,0.42703244600615026,0.37857038603097315,0.6214296139690269
0.889216691649495,0.11078330835050507,0.1426935148469887,0.8573064851530113,0.18174215710578284,0.8182578428942171,0.9024430355081487,0.09755696449185118,0.14336822734900787,0.8566317726509922,0.8470216045933254,0.15297839540667466,0.8465551410926231,0.1534448589073769,0.8836446331787788,0.11635536682122115,0.12483776076516669,0.8751622392348334,0.05943570052873319,0.9405642994712667
0.11633420945390315,0.8836657905460968,0.8679205806414984,0.13207941935850162,0.8919942942769999,0.10800570572300006,0.23283802027189474,0.7671619797281053,0.7732609054227223,0.22673909457727767,0.07288203354237016,0.9271179664576299,0.1210894512283495,0.8789105487716505,0.16602934957251456,0.8339706504274854,0.8720403575403048,0.12795964245969527,0.8746916376003425,0.12530836239965742
0.10030197972029428,0.8996980202797057,0.9323935283841446,0.06760647161585537,0.8820230605800281,0.11797693941997196,0.15041403214153184,0.8495859678584683,0.835926649585614,0.16407335041438598,0.09067412556880515,0.909325874431195,0.11217525672070654,0.8878247432792935,0.18437062375160912,0.8156293762483909,0.9264155779695187,0.07358442203048123,0.8938020373345542,0.10619796266544576
0.5299633785799636,0.4700366214200364,0.6501111092780013,0.3498888907219987,0.46365609489779225,0.5363439051022076,0.6231153487280102,0.3768846512719898,0.4463362834200202,0.5536637165799798,0.42495389060995464,0.5750461093900453,0.49870937524409,0.50129062475591,0.7252738278627151,0.2747261721372849,0.4143365979243047,0.5856634020756953,0.5573477793960997,0.44265222060390025
0.32529522945319156,0.6747047705468084,0.7722230322329023,0.22777696776709763,0.5974778588344529,0.402522141165547,0.4683101572005121,0.5316898427994879,0.529497417177737,0.4705025828222629,0.37632027486219444,0.6236797251378055,0.38387552547064924,0.6161244745293508,0.5959019175726691,0.4040980824273308,0.6169784161367738,0.38302158386322616,0.6125092625258345,0.3874907374741655
0.37521061699646174,0.6247893830035383,0.674251086102631,0.32574891389736915,0.5889108083210831,0.4110891916789168,0.5376133824499464,0.4623866175500536,0.4084897487971068,0.5915102512028932,0.4682081600191794,0.5317918399808205,0.45825436972069294,0.541745630279307,0.588675517269091,0.4113244827309091,0.5403404844021563,0.4596595155978436,0.5089464895057614,0.4910535104942386
0.6005659888004946,0.3994340111995054,0.5166578969924441,0.48334210300755587,0.36122790252603854,0.6387720974739615,0.6287207906200039,0.3712792093799962,0.30675928266532965,0.6932407173346704,0.673653348682274,0.3263466513177261,0.6579179016124616,0.34208209838753845,0.753704902608431,0.246295097391569,0.3440102638601273,0.6559897361398728,0.31280626743018053,0.6871937325698195
0.8618154796151273,0.13818452038487267,0.1977660357093896,0.8022339642906104,0.15636828108784548,0.8436317189121546,0.8489485366366338,0.15105146336336614,0.1369672592685639,0.8630327407314362,0.8520884156160315,0.14791158438396845,0.8776866543461989,0.1223133456538011,0.900335168809648,0.09966483119035206,0.1291375948343496,0.8708624051656504,0.12183501953374391,0.8781649804662561
0.4929957294696849,0.5070042705303152,0.4991579594789308,0.5008420405210693,0.42023021742022537,0.5797697825797746,0.6561027975465238,0.34389720245347616,0.30684898365011415,0.6931510163498859,0.47966471593025906,0.520335284069741,0.5774660145172811,0.4225339854827188,0.704073729226999,0.29592627077300104,0.40490120553116415,0.5950987944688358,0.4743218397814176,0.5256781602185824
0.5920657186886022,0.4079342813113977,0.48243310166341236,0.5175668983365876,0.3347932754564617,0.6652067245435384,0.6808991923831977,0.3191008076168023,0.2934510604896453,0.7065489395103547,0.5830762114338669,0.41692378856613305,0.677157767603167,0.322842232396833,0.8211693696752225,0.17883063032477742,0.3402714557590975,0.6597285442409025,0.32854421873328205,0.671455781266718
0.8187279148751007,0.18127208512489937,0.25199085174126595,0.7480091482587341,0.1916966707360492,0.8083033292639508,0.8733302143802318,0.12666978561976813,0.16921096738554686,0.8307890326144532,0.7784505280696351,0.22154947193036484,0.8238071255537737,0.1761928744462263,0.9049038645509514,0.09509613544904864,0.12237047366035134,0.8776295263396486,0.16694036514243668,0.8330596348575633
0.9181435001242685,0.08185649987573154,0.10948304231015044,0.8905169576898496,0.10655201728066797,0.8934479827193321,0.9313271815237918,0.06867281847620818,0.1049077914512979,0.8950922085487021,0.8948165315321055,0.10518346846789456,0.9114568123502889,0.08854318764971118,0.9527346490989493,0.04726535090105062,0.08522293706820223,0.9147770629317978,0.05043666515749467,0.9495633348425053
0.955035564285191,0.04496443571480899,0.04078032292030296,0.959219677079697,0.051289505926710194,0.9487104940732898,0.9731457078444601,0.026854292155539822,0.057378952712039556,0.9426210472879605,0.9468337964884422,0.05316620351155791,0.9525748807628125,0.0474251192371874,0.9710296657077514,0.02897033429224855,0.03850735623002565,0.9614926437699742,0.031332023490286305,0.9686679765097137
0.9586930003306345,0.041306999669365504,0.041478878283032455,0.9585211217169676,0.05046890333871568,0.9495310966612843,0.973104508669485,0.026895491330515085,0.061058178347634925,0.9389418216523652,0.9493241654049682,0.05067583459503173,0.9533477631299497,0.04665223687005026,0.9728945828729986,0.027105417127001402,0.03643028151790079,0.9635697184820993,0.024954130598066938,0.975045869401933
0.6517319941118591,0.3482680058881408,0.32915243177324993,0.6708475682267501,0.3224110307579945,0.6775889692420055,0.8100707522277676,0.1899292477722323,0.26716279225180944,0.7328372077481906,0.5528196925529466,0.44718030744705334,0.6191825677296208,0.3808174322703792,0.7738557705726586,0.22614422942734141,0.291471558915448,0.7085284410845519,0.3854895005852846,0.6145104994147154
0.8555978545755089,0.1444021454244911,0.2073080998543981,0.792691900145602,0.21358009846942572,0.7864199015305743,0.8518920838747422,0.1481079161252578,0.220403937752928,0.779596062247072,0.7118736100192741,0.2881263899807259,0.7551023115502676,0.24489768844973234,0.843897610256118,0.15610238974388205,0.1515600744395042,0.8484399255604957,0.11203181526144708,0.8879681847385529
0.669605200346586,0.330394799653414,0.45940752203908103,0.5405924779609189,0.3708570775371721,0.6291429224628279,0.7083890737457422,0.29161092625425783,0.3841524598810919,0.6158475401189081,0.4664197451020014,0.5335802548979985,0.5255531580962658,0.4744468419037343,0.7198732697821276,0.2801267302178724,0.33992972544700856,0.6600702745529914,0.3126973404118432,0.6873026595881567
0.7382355148536831,0.2617644851463169,0.39073203546644675,0.6092679645335533,0.29995159447947267,0.7000484055205273,0.7918224038728225,0.20817759612717754,0.23957611569331766,0.7604238843066824,0.6324467678233661,0.3675532321766338,0.6191288849624929,0.3808711150375071,0.8300597022390435,0.16994029776095654,0.3104206300553497,0.6895793699446502,0.15962345501828187,0.8403765449817181
0.9160176614409321,0.08398233855906796,0.18366209555955182,0.8163379044404482,0.1038315818876956,0.8961684181123043,0.9377553900261729,0.06224460997382702,0.10584952081506487,0.8941504791849351,0.8747065997197553,0.12529340028024477,0.8414526265653658,0.15854737343463424,0.9581838027585301,0.04181619724146995,0.09394865487558014,0.9060513451244199,0.0643128659089501,0.93568713409105
0.8538520765831417,0.14614792341685828,0.20045514983789534,0.7995448501621047,0.12848068652909872,0.8715193134709013,0.914680807979043,0.08531919202095682,0.11276441909946565,0.8872355809005343,0.8613023627844304,0.13869763721556957,0.8249279926119859,0.1750720073880141,0.9302264178100899,0.06977358218991012,0.13053878619676829,0.8694612138032318,0.10186959229056858,0.8981304077094314
0.7526309466852109,0.247369053314789,0.35085806636704325,0.6491419336329567,0.19499397609320676,0.8050060239067933,0.8184501063691522,0.18154989363084786,0.19849498407770086,0.8015050159222991,0.70503980822247,0.29496019177752986,0.7080215122159362,0.29197848778406377,0.8865663706708502,0.11343362932914978,0.24104894807823046,0.7589510519217695,0.2473756124330579,0.7526243875669422
0.7061497347722748,0.2938502652277251,0.4044176352779852,0.5955823647220148,0.19183491526105081,0.8081650847389491,0.795596352601601,0.20440364739839897,0.22244720823591027,0.7775527917640896,0.7636313273595017,0.23636867264049835,0.7593008292921355,0.2406991707078646,0.8983433701894814,0.1016566298105186,0.19452436855624444,0.8054756314437556,0.26307406011042966,0.7369259398895703
0.7892710748651797,0.21072892513482033,0.38340882240656854,0.6165911775934314,0.26383455018055424,0.7361654498194456,0.8033921863647684,0.19660781363523158,0.21429665101091233,0.7857033489890877,0.7386271933788734,0.26137280662112666,0.7042057697455322,0.2957942302544677,0.8089166710818891,0.19108332891811086,0.18722971074083902,0.812770289259161,0.22519600120039726,0.7748039987996027
0.825600765630416,0.17439923436958407,0.30955994146824967,0.6904400585317503,0.24594658241488238,0.7540534175851177,0.7699009163546118,0.23009908364538834,0.2152070052125382,0.7847929947874617,0.7334135717491831,0.266586428250817,0.7455037644066596,0.25449623559334045,0.8433912471376998,0.1566087528623001,0.25122749357297486,0.7487725064270252,0.12004621821478158,0.8799537817852184
0.9457872856750613,0.05421271432493872,0.08254215486131188,0.9174578451386881,0.10330960602277615,0.8966903939772238,0.926220942580579,0.073779057419421,0.10072011660932514,0.8992798833906748,0.9116409146821858,0.08835908531781424,0.9143970316240915,0.08560296837590861,0.9231802822212097,0.07681971777879029,0.07349586734101204,0.9265041326589879,0.04403783989528103,0.9559621601047189
0.9267694768422913,0.07323052315770862,0.1018825374670153,0.8981174625329847,0.15197251254524927,0.8480274874547507,0.9094555516635192,0.0905444483364808,0.1542919301221493,0.8457080698778506,0.8551279326845524,0.14487206731544763,0.8532695490477373,0.1467304509522627,0.8946242301049749,0.10537576989502503,0.12495557418091137,0.8750444258190886,0.05713534197015914,0.942864658029841
0.9633711557735904,0.036628844226409565,0.04408242428541539,0.9559175757145846,0.07118548528242953,0.9288145147175705,0.9545471750815637,0.04545282491843624,0.10822433534704981,0.8917756646529502,0.912726508539817,0.08727349146018305,0.9155743559967684,0.08442564400323155,0.9426839365794962,0.057316063420503695,0.05744225182794296,0.9425577481720571,0.03149954505121758,0.9685004549487825
0.19611340706883065,0.8038865929311694,0.7867024946140061,0.213297505385994,0.8699946390047109,0.13000536099528912,0.2713097600071598,0.7286902399928402,0.7893695523846003,0.2106304476153997,0.10632714049775409,0.893672859502246,0.15501619388716034,0.8449838061128395,0.16246195865821614,0.8375380413417838,0.8216919031428188,0.1783080968571811,0.8879320084551883,0.11206799154481174
0.14114217238803115,0.8588578276119689,0.9055989408965973,0.0944010591034027,0.9235376089548508,0.07646239104514918,0.14449955854096147,0.8555004414590385,0.8813556216542406,0.11864437834575926,0.06402166440409914,0.9359783355959008,0.1011450251658628,0.8988549748341372,0.11590432223124197,0.884095677768758,0.9006477229712297,0.09935227702877014,0.8815297386851542,0.11847026131484586
0.34791698055327397,0.652083019446726,0.8219270394032425,0.1780729605967575,0.7867454186331592,0.2132545813668408,0.3399210030294402,0.6600789969705597,0.7623828398760252,0.2376171601239749,0.17361138079599917,0.8263886192040009,0.24502118086498326,0.7549788191350167,0.3723974367150406,0.6276025632849593,0.7066313372723353,0.2933686627276647,0.7606192410368782,0.2393807589631219
0.0326334377561253,0.9673665622438746,0.9576824268116424,0.042317573188357605,0.9694349382072877,0.030565061792712338,0.08158823365400314,0.9184117663459969,0.9089171908653922,0.09108280913460781,0.036287832989929124,0.963712167010071,0.04260359401875825,0.9573964059812418,0.043534818729425794,0.9564651812705741,0.969430919202409,0.0305690807975911,0.9649950326268484,0.035004967373151744
0.023240865670767268,0.9767591343292328,0.9729577709272309,0.02704222907276904,0.9746293294241467,0.025370670575853373,0.04802046569016823,0.9519795343098318,0.911897017063022,0.08810298293697798,0.03870818448533181,0.9612918155146682,0.03645217123579092,0.963547828764209,0.03388157647070484,0.9661184235292952,0.9753257177086939,0.024674282291306072,0.9563275657322933,0.043672434267706714
0.07488859906137293,0.9251114009386272,0.9355412550913437,0.06445874490865633,0.9102743169170949,0.08972568308290507,0.11760953118264962,0.8823904688173504,0.8023625586424796,0.19763744135752037,0.13125406593066044,0.8687459340693394,0.12089157959407357,0.8791084204059264,0.13876782331524942,0.8612321766847506,0.9113096373650613,0.08869036263493874,0.8842753464729363,0.11572465352706382
0.6017231349027242,0.3982768650972757,0.48215312476119326,0.5178468752388067,0.42416725309243675,0.5758327469075633,0.5716606102497394,0.4283393897502607,0.37649668394156877,0.6235033160584312,0.5643559959516735,0.4356440040483266,0.6283896278832196,0.3716103721167804,0.6998922862151798,0.3001077137848201,0.3947537961325817,0.6052462038674183,0.3936896716651878,0.6063103283348122
0.7944674139923452,0.2055325860076547,0.2385106281707126,0.7614893718292873,0.24112825881983604,0.758871741180164,0.7850287539694224,0.21497124603057755,0.2425928321823465,0.7574071678176536,0.7798037855566649,0.22019621444333506,0.8256199455707623,0.17438005442923768,0.8509555792297009,0.149044420770299,0.1982702518240499,0.8017297481759501,0.16297619304861238,0.8370238069513877
0.6639097019991693,0.3360902980008307,0.35109682072849174,0.6489031792715083,0.33799888693806,0.66200111306194,0.702036756952934,0.29796324304706595,0.317846949996116,0.682153050003884,0.6810273329441447,0.31897266705585525,0.7056318940287197,0.29436810597128027,0.7516105349759138,0.24838946502408626,0.2990690651221256,0.7009309348778744,0.26896537885305627,0.7310346211469438
0.8818021400434478,0.11819785995655231,0.1539675839821697,0.8460324160178303,0.12848331791709464,0.8715166820829053,0.8483540552077908,0.15164594479220914,0.19002029350515173,0.8099797064948482,0.8218111398389889,0.17818886016101104,0.896994387119876,0.10300561288012394,0.9186032041004066,0.08139679589959337,0.10836927518467761,0.8916307248153224,0.10513335668351753,0.8948666433164826
0.893545895231019,0.10645410476898098,0.14011157014402856,0.8598884298559715,0.15600220511883076,0.8439977948811693,0.876886816663198,0.12311318333680203,0.20388480427207242,0.7961151957279277,0.8362335493135115,0.16376645068648854,0.8691570604930404,0.13084293950695966,0.8902914070661795,0.10970859293382047,0.09685183206358808,0.903148167936412,0.09129420124445731,0.9087057987555427
0.9033964467037182,0.09660355329628169,0.09604018156013715,0.9039598184398628,0.12914298613622324,0.8708570138637768,0.8967828598876838,0.10321714011231628,0.17639437441775432,0.8236056255822457,0.8509400416019837,0.1490599583980164,0.8928349075388503,0.1071650924611496,0.9128202013232777,0.08717979867672232,0.09582651974333821,0.9041734802566617,0.061622610396809344,0.9383773896031907
0.8380405759898685,0.1619594240101314,0.13546561692112385,0.8645343830788761,0.1713380762652621,0.8286619237347379,0.8837189046589904,0.11628109534100961,0.19184539732418168,0.8081546026758183,0.7969058615765071,0.20309413842349291,0.8410291154075186,0.15897088459248132,0.8841923700140206,0.11580762998597925,0.13391285807576825,0.8660871419242316,0.1288947357215108,0.8711052642784892
0.8006948833753119,0.19930511662468808,0.19610184180350865,0.8038981581964914,0.18208137036915503,0.8179186296308449,0.8754084157509222,0.1245915842490778,0.21000983171496987,0.7899901682850302,0.7739007734082639,0.22609922659173615,0.824619293349495,0.17538070665050504,0.9130254133778558,0.08697458662214418,0.147707617762639,0.852292382237361,0.1486270867550337,0.8513729132449664
0.9551359727219187,0.04486402727808125,0.07455033318013637,0.9254496668198636,0.07538415638786072,0.9246158436121393,0.958104486864653,0.041895513135346965,0.1010651854236843,0.8989348145763157,0.906205078157768,0.09379492184223209,0.8866404729939313,0.11335952700606855,0.9403593229536746,0.059640677046325384,0.05198970391210555,0.9480102960878944,0.04205113182713169,0.9579488681728683
0.8888234748347962,0.11117652516520378,0.13463614840647625,0.8653638515935237,0.15076934697199862,0.8492306530280014,0.9016266933515744,0.09837330664842549,0.17378070283142408,0.826219297168576,0.755226308997201,0.24477369100279892,0.7563959072673994,0.24360409273260075,0.8728432559347956,0.12715674406520444,0.15347763674376189,0.8465223632562381,0.07178128266196651,0.9282187173380335
0.9300246249831343,0.06997537501686558,0.10412463583383004,0.8958753641661699,0.13243918281795103,0.867560817182049,0.9106786644761176,0.08932133552388234,0.15202074532688967,0.8479792546731103,0.8583961053535505,0.1416038946464495,0.8388446330891676,0.1611553669108324,0.8848110488422674,0.11518895115773262,0.10063871644436102,0.8993612835556389,0.04132386262343767,0.9586761373765622
0.9684200820906973,0.03157991790930265,0.06531624323033995,0.9346837567696601,0.062005260514574306,0.9379947394854258,0.9489257533587927,0.05107424664120727,0.10694050983760402,0.8930594901623959,0.9130542693798736,0.0869457306201265,0.8835769657181467,0.11642303428185333,0.9450065358487622,0.05499346415123779,0.06897436931475866,0.9310256306852414,0.0219507765522921,0.978049223447708
0.6688139683120531,0.3311860316879469,0.4001598475009421,0.599840152499058,0.4209820358862704,0.5790179641137296,0.7139209540162067,0.2860790459837934,0.40083906780596984,0.5991609321940301,0.4643929903192357,0.5356070096807642,0.421806410369149,0.5781935896308509,0.5819896365045105,0.4180103634954894,0.44170580443379537,0.5582941955662046,0.3770511106266382,0.6229488893733618
0.6687496382530006,0.33125036174699934,0.5198023082039572,0.4801976917960428,0.4468234251172577,0.5531765748827423,0.6380252463891005,0.36197475361089937,0.4891359449491852,0.5108640550508147,0.39705585416031336,0.6029441458396867,0.41293138260776635,0.5870686173922337,0.6480828651646247,0.35191713483537534,0.4806311298786434,0.5193688701213566,0.3229637486523138,0.6770362513476863
0.7401180919313075,0.25988190806869244,0.47550940891390064,0.5244905910860993,0.28006829152948853,0.7199317084705116,0.7761186819920122,0.22388131800798786,0.3588823476255218,0.6411176523744783,0.5994666858567365,0.40053331414326354,0.5827443578571718,0.41725564214282823,0.8380045304518826,0.16199546954811742,0.27044234229549446,0.7295576577045055,0.28307001060337283,0.7169299893966272
0.6906887269076399,0.30931127309236,0.4568242620015036,0.5431757379984963,0.4193673015476504,0.5806326984523495,0.7660319159694848,0.23396808403051506,0.33622262934095193,0.6637773706590481,0.5614726984139194,0.4385273015860806,0.5086806738745473,0.49131932612545276,0.7065207715139645,0.29347922848603547,0.3587288016873205,0.6412711983126794,0.26576445545778005,0.7342355445422201
0.629221971312872,0.37077802868712795,0.5345393613638405,0.46546063863615944,0.4243723941377997,0.5756276058622002,0.6655732291419338,0.3344267708580661,0.3673612875948197,0.6326387124051803,0.5575793176285923,0.44242068237140775,0.48234513378800453,0.5176548662119954,0.6904001658161639,0.3095998341838362,0.4296240374525049,0.5703759625474951,0.2507722707984764,0.7492277292015237
0.8756909385531021,0.12430906144689789,0.22700309177761155,0.7729969082223885,0.14341097402130903,0.856589025978691,0.8360579445066171,0.16394205549338298,0.1664128737105093,0.8335871262894906,0.863024794746165,0.136975205253835,0.8356897900214185,0.16431020997858137,0.8919005976549351,0.10809940234506497,0.14142363307360883,0.8585763669263912,0.10153734959459124,0.8984626504054088
0.9568447927228015,0.04315520727719844,0.10077674914792126,0.8992232508520787,0.07945498378345003,0.9205450162165499,0.9344573003884699,0.06554269961153009,0.09573157439046212,0.9042684256095378,0.9117065942419051,0.0882934057580948,0.906431058616387,0.09356894138361299,0.9401127887246145,0.05988721127538551,0.06997827454147593,0.930021725458524,0.04804833773253068,0.9519516622674693
0.7988687175268985,0.2011312824731015,0.21775714610437388,0.7822428538956261,0.21271952878699268,0.7872804712130074,0.8447475203264665,0.15525247967353348,0.1799375927182929,0.820062407281707,0.7175698664611674,0.28243013353883256,0.7441753682502439,0.255824631749756,0.8340540013432133,0.1659459986567868,0.2165021318237863,0.7834978681762136,0.14935466650757445,0.8506453334924255
0.9409933772537342,0.0590066227462658,0.09895042065442256,0.9010495793455775,0.08122581596385188,0.9187741840361481,0.9119634288081748,0.08803657119182522,0.11787656476806543,0.8821234352319345,0.8646322145124664,0.13536778548753364,0.9045521492385256,0.09544785076147448,0.9450124727958935,0.054987527204106455,0.08421600813395501,0.9157839918660451,0.0442564872589295,0.9557435127410704
0.9713065233257903,0.028693476674209805,0.05165725173682028,0.9483427482631797,0.03252878680399272,0.9674712131960074,0.9680155521999261,0.031984447800074,0.0729750648528133,0.9270249351471866,0.9529807585650711,0.04701924143492897,0.9538603605542288,0.04613963944577106,0.9823930272532162,0.01760697274678379,0.025965794282235694,0.9740342057177643,0.021037047621670045,0.97896295237833
0.9759530577336565,0.024046942266343522,0.025818013141478795,0.9741819868585212,0.02141927349663407,0.9785807265033659,0.9844052259087744,0.015594774091225498,0.04254743299639801,0.957452567003602,0.9678924200617588,0.032107579938241135,0.9703469928868188,0.02965300711318125,0.9882380246021477,0.011761975397852155,0.017955967569259088,0.9820440324307408,0.016777400535574662,0.9832225994644254
0.9620632954728897,0.037936704527110295,0.053204574146180225,0.9467954258538198,0.06406542134178649,0.9359345786582135,0.9655332561818963,0.03446674381810367,0.08096160049252407,0.919038399507476,0.9337372302194998,0.06626276978050018,0.9236102568595895,0.07638974314041039,0.9511860343785875,0.048813965621412506,0.04625981410424832,0.9537401858957518,0.025404877605080846,0.9745951223949192
0.9748583651944569,0.02514163480554313,0.03901590619973481,0.9609840938002652,0.04086237980883017,0.9591376201911699,0.966368055014343,0.03363194498565707,0.06722433317299807,0.932775666827002,0.9518904217998329,0.04810957820016703,0.9508064146027392,0.04919358539726096,0.9704596659368706,0.029540334063129364,0.034915504639623327,0.9650844953603768,0.015438543910999395,0.9845614560890006
0.9889104211968587,0.011089578803141336,0.013715070589074785,0.9862849294109252,0.015516375018187005,0.984483624981813,0.9847733224421327,0.015226677557867335,0.03848002852464694,0.961519971475353,0.9751699171095055,0.024830082890494366,0.9776092716016425,0.022390728398357564,0.985179896613575,0.01482010338642498,0.014203610646227015,0.9857963893537731,0.009860376979157679,0.9901396230208424
0.9913394071459422,0.008660592854057767,0.01182886068071017,0.9881711393192898,0.01029762317298668,0.9897023768270132,0.9900870928033797,0.009912907196620283,0.033610110983835303,0.9663898890161646,0.9799060566781348,0.02009394332186517,0.9723246244004026,0.027675375599597443,0.9892468181908525,0.010753181809147533,0.012082206371570925,0.987917793628429,0.006425233137803973,0.993574766862196
0.9728459417714937,0.027154058228506323,0.04211789966924674,0.9578821003307533,0.027432315154124032,0.9725676848458759,0.9759942054834153,0.024005794516584685,0.06605707329793364,0.9339429267020665,0.9358385909052851,0.06416140909471482,0.9148134106836555,0.08518658931634453,0.9746854440605484,0.025314555939451613,0.03376822031621559,0.9662317796837844,0.025961089038073405,0.9740389109619266
0.9852465009080132,0.014753499091986734,0.03459262521641148,0.9654073747835885,0.018332128941455833,0.9816678710585443,0.9780079765052961,0.021992023494703767,0.056946167691748796,0.9430538323082511,0.9542822352046522,0.04571776479534793,0.9428566932507871,0.057143306749212884,0.9827059605039927,0.017294039496007326,0.019484148019680698,0.9805158519803192,0.01414611320807181,0.9858538867919282
0.9581815414788541,0.04181845852114588,0.08504077550804541,0.9149592244919547,0.0341877463695049,0.9658122536304952,0.9596876006105263,0.040312399389473674,0.08207401584821374,0.9179259841517862,0.9187164659550002,0.08128353404499973,0.8941878247948852,0.10581217520511473,0.9729511595848758,0.027048840415124165,0.03651958423245724,0.9634804157675426,0.036919096362297364,0.9630809036377026
0.9669928120376141,0.03300718796238587,0.07906288629813758,0.9209371137018624,0.02762437653128588,0.9723756234687141,0.9618171871207698,0.038182812879230206,0.05886967096867766,0.9411303290313223,0.9555977287285337,0.0444022712714664,0.9326258717547896,0.06737412824521044,0.9824551729560594,0.017544827043940663,0.032243241479603064,0.967756758520397,0.024122176057508014,0.975877823942492
0.916244568207094,0.08375543179290611,0.16333631486622147,0.8366636851337785,0.05356150858905989,0.94643849141094,0.9193602292741455,0.08063977072585449,0.10468387030145378,0.8953161296985462,0.9170779319568173,0.08292206804318272,0.8872028549012196,0.11279714509878032,0.9623877723304143,0.03761222766958557,0.062144041459856574,0.9378559585401434,0.07331877180028298,0.926681228199717
0.9231114704161199,0.07688852958388014,0.16195487329344688,0.8380451267065532,0.07842411262664502,0.921575887373355,0.9215137844196305,0.07848621558036953,0.08604320867860661,0.9139567913213935,0.9269461625581927,0.0730538374418072,0.8820802085042699,0.11791979149573012,0.9385380996450823,0.06146190035491758,0.07139485548700247,0.9286051445129975,0.06039699269858678,0.9396030073014133
0.9650964200326088,0.03490357996739123,0.11103801714793565,0.8889619828520643,0.0686599911763018,0.9313400088236982,0.9236444359830119,0.07635556401698804,0.09439264871997187,0.905607351280028,0.9187861552207752,0.08121384477922486,0.8959097626950918,0.10409023730490821,0.9449264396012549,0.05507356039874502,0.07308229886732441,0.9269177011326755,0.036214408857175806,0.9637855911428242
0.9834324169496232,0.016567583050376755,0.03314285713838532,0.9668571428616146,0.028306007884237025,0.9716939921157631,0.971116498603984,0.028883501396016018,0.04712989497672132,0.9528701050232786,0.9660388298319289,0.03396117016807104,0.9599456166229754,0.04005438337702456,0.9712868817113016,0.028713118288698384,0.029101804855973943,0.9708981951440261,0.01606810524156379,0.9839318947584362
0.9898867051003052,0.01011329489969494,0.023215715651966774,0.9767842843480333,0.020601126181841786,0.9793988738181582,0.9802769994208516,0.019723000579148338,0.04177078145196261,0.9582292185480373,0.9664539643934802,0.03354603560651974,0.9640648136998858,0.035935186300114046,0.9811375287721278,0.018862471227872248,0.026263649912152687,0.9737363500878473,0.011344901530396703,0.9886550984696033
0.7160067023759445,0.2839932976240554,0.354947062577319,0.645052937422681,0.29265523577244973,0.7073447642275502,0.8125377959246722,0.18746220407532785,0.2924005463397906,0.7075994536602094,0.5713836236403769,0.42861637635962313,0.5490990552291242,0.45090094477087583,0.7636268285376765,0.23637317146232348,0.3195426131023738,0.6804573868976262,0.3143949916344602,0.6856050083655397
0.873837493488342,0.12616250651165808,0.23705110872856774,0.7629488912714322,0.15642432883744523,0.8435756711625547,0.8699983632570828,0.13000163674291723,0.19950468693862886,0.8004953130613711,0.7022806358185448,0.2977193641814552,0.7538739238024672,0.24612607619753285,0.905986114939482,0.09401388506051808,0.141346497775006,0.858653502224994,0.12378939810699774,0.8762106018930023
0.3746282921531709,0.6253717078468292,0.7422973451996154,0.2577026548003846,0.6070492528427063,0.39295074715729367,0.5271644993993195,0.47283550060068047,0.562409059437245,0.4375909405627551,0.266950425871073,0.7330495741289269,0.3357030837923548,0.6642969162076452,0.5567716213494424,0.44322837865055764,0.5835466385644023,0.4164533614355978,0.6887853550519076,0.3112146449480925
0.20266438816944116,0.7973356118305589,0.8509677996354752,0.14903220036452475,0.8958439730753424,0.1041560269246577,0.2582584129397976,0.7417415870602023,0.728105388947942,0.271894611052058,0.1520708504290665,0.8479291495709335,0.16002025031511272,0.8399797496848873,0.15809798989413018,0.8419020101058698,0.7787014908520911,0.22129850914790883,0.7332383944970742,0.26676160550292594
0.08324073951720991,0.9167592604827902,0.9312526143741281,0.06874738562587185,0.9500633317742626,0.04993666822573743,0.0931546146643733,0.9068453853356268,0.869590737852815,0.130409262147185,0.05531993227753497,0.9446800677224649,0.07291844291735682,0.9270815570826433,0.07006015291918086,0.9299398470808191,0.9352197325248632,0.06478026747513674,0.875413494675011,0.12458650532498905
0.036020418079456266,0.9639795819205438,0.9567433188859482,0.043256681114051704,0.9662529384889396,0.03374706151106036,0.06231326207254771,0.9376867379274524,0.8922322842308131,0.10776771576918688,0.041187306629510125,0.9588126933704898,0.052279760402005736,0.9477202395979943,0.04602715099574911,0.9539728490042508,0.9652396836301224,0.03476031636987766,0.965188072003263,0.034811927996736956
0.033620864996577286,0.9663791350034227,0.9668598112198807,0.0331401887801193,0.9777650122161803,0.022234987783819778,0.05840209887068042,0.9415979011293196,0.9081629943861904,0.09183700561380956,0.024791648874131624,0.9752083511258683,0.03599877838990705,0.9640012216100928,0.0330896317169229,0.9669103682830771,0.9658276543801322,0.03417234561986782,0.9494626269794171,0.0505373730205828
0.020426099594534758,0.9795739004054652,0.9795527871896713,0.020447212810328828,0.9806284017647252,0.01937159823527486,0.04068052886170946,0.9593194711382905,0.94206612006913,0.057933879930869896,0.01791291676480755,0.9820870832351924,0.02623047170544909,0.9737695282945509,0.024145835110338985,0.975854164889661,0.9853964392968544,0.014603560703145594,0.9734985620548946,0.0265014379451054
0.024755147540463786,0.9752448524595362,0.9656135397426816,0.034386460257318396,0.9679492567545325,0.032050743245467465,0.05820773701292189,0.9417922629870781,0.9165392327249984,0.08346076727500155,0.027127504241823506,0.9728724957581766,0.04116973569656394,0.9588302643034361,0.04614919876636684,0.9538508012336332,0.9798300989736476,0.020169901026352268,0.9794281207764296,0.020571879223570372
0.03872483906084922,0.9612751609391508,0.9742565397342746,0.025743460265725413,0.9711402710363799,0.028859728963620174,0.08117072605618174,0.9188292739438182,0.8892996139992679,0.11070038600073215,0.04698437794371268,0.9530156220562873,0.0536616080266696,0.9463383919733304,0.057124397550383794,0.9428756024496161,0.9362953804336566,0.06370461956634345,0.936101939302334,0.06389806069766606
0.01795637833052451,0.9820436216694756,0.9771928406668394,0.022807159333160607,0.9747075946093029,0.02529240539069714,0.03767427152920683,0.9623257284707932,0.9146221891794643,0.08537781082053583,0.027940741643424857,0.9720592583565751,0.04391227360439313,0.9560877263956069,0.03357912165640535,0.9664208783435947,0.9773557852865411,0.02264421471345887,0.9703926209061988,0.029607379093801157
0.09365763183611418,0.9063423681638858,0.8886529622782521,0.11134703772174798,0.8878848118823913,0.11211518811760879,0.14653149344118513,0.8534685065588149,0.7359455009665989,0.26405449903340095,0.11305612090116196,0.8869438790988381,0.1725708722164158,0.8274291277835841,0.20203376259947048,0.7979662374005294,0.8788608459340214,0.12113915406597854,0.8541585049750596,0.14584149502494034
0.2085735352817682,0.7914264647182319,0.7980207953371946,0.20197920466280553,0.772073567146029,0.2279264328539709,0.32517964889721224,0.6748203511027877,0.6057615464715566,0.39423845352844344,0.29485587332512364,0.7051441266748764,0.3580894746117089,0.641910525388291,0.417737979004588,0.5822620209954121,0.7125804019200722,0.28741959807992773,0.6998175413865728,0.3001824586134272
0.4181024689926279,0.5818975310073722,0.5379552472567269,0.46204475274327306,0.6681623246529139,0.33183767534708614,0.49647972868940105,0.503520271310599,0.46388135361020244,0.5361186463897976,0.4404089590894441,0.5595910409105559,0.523448099163165,0.47655190083683496,0.520951294568086,0.47904870543191397,0.5396419504710406,0.46035804952895953,0.48148312378755814,0.5185168762124419
0.33678486110273326,0.6632151388972668,0.5606748272125627,0.4393251727874374,0.7271134308494168,0.2728865691505831,0.44183323113247325,0.5581667688675268,0.5632985616406749,0.4367014383593252,0.23822266398498576,0.7617773360150143,0.3836233747117416,0.6163766252882583,0.41145076651383,0.58854923348617,0.6259300797849418,0.37406992021505825,0.6306986236557961,0.369301376344204
0.5102755865073466,0.48972441349265333,0.47109789311608774,0.5289021068839123,0.64197182120473,0.35802817879527,0.5233779670796297,0.4766220329203703,0.5165586251520644,0.4834413748479355,0.4121116633187185,0.5878883366812815,0.5054390715551309,0.49456092844486904,0.49203437006323486,0.5079656299367652,0.4840316514776364,0.5159683485223636,0.347374887403811,0.652625112596189
0.8429184351990683,0.15708156480093177,0.19011338643428086,0.8098866135657191,0.25094563060602204,0.749054369393978,0.8059968933476362,0.19400310665236375,0.3072110257345242,0.6927889742654757,0.673120631120981,0.326879368879019,0.7629338476219738,0.23706615237802608,0.82833147629803,0.17166852370196992,0.20639680267642904,0.7936031973235709,0.1254327975811294,0.8745672024188705
0.8881197765563528,0.11188022344364723,0.09864520484872955,0.9013547951512705,0.13710111994410357,0.8628988800558964,0.922768549527948,0.07723145047205215,0.17071519792565926,0.8292848020743409,0.8206595114138538,0.17934048858614615,0.844032774776603,0.15596722522339707,0.9084349449973145,0.09156505500268543,0.11280167668627979,0.8871983233137202,0.08610022734042987,0.9138997726595701
0.36111864624168355,0.6388813537583163,0.6415604426724916,0.35843955732750843,0.6610751114967848,0.3389248885032151,0.5466999222292086,0.45330007777079134,0.6105915499727805,0.3894084500272195,0.2603746052415007,0.7396253947584993,0.34267764316559624,0.6573223568344038,0.4988849869422808,0.5011150130577192,0.6174283971446141,0.382571602855386,0.6870643989645195,0.3129356010354804
0.5661707115293195,0.4338292884706804,0.5909665937305207,0.4090334062694793,0.5214687433557266,0.4785312566442735,0.6898900278593829,0.31010997214061703,0.4499401549683322,0.5500598450316678,0.4165032839567877,0.5834967160432123,0.4555850273425879,0.5444149726574121,0.6745535794245107,0.32544642057548934,0.39391513429238567,0.6060848657076144,0.3424660224588416,0.6575339775411584
0.7277051399363887,0.27229486006361125,0.4381353055295364,0.5618646944704635,0.4351447374972647,0.5648552625027352,0.7041801579333831,0.2958198420666169,0.40610595707323777,0.5938940429267622,0.5161698265966794,0.48383017340332063,0.5756301173351643,0.4243698826648357,0.7220073602170478,0.27799263978295224,0.3377411480822523,0.6622588519177477,0.25259308656337665,0.7474069134366234
0.8980849403792686,0.10191505962073136,0.14457932816838456,0.8554206718316154,0.1983980992027632,0.8016019007972368,0.8781129066357914,0.12188709336420855,0.20040761373508034,0.7995923862649197,0.8305046497701333,0.16949535022986664,0.8202625571819911,0.1797374428180089,0.8646784265898113,0.13532157341018866,0.15069213496094333,0.8493078650390568,0.07036817377302455,0.9296318262269754
0.6351524265186199,0.36484757348138014,0.3944646869657209,0.6055353130342792,0.4741241319261032,0.5258758680738967,0.6807512184813354,0.3192487815186646,0.3752354963745937,0.6247645036254063,0.5210509560443016,0.47894904395569843,0.4642529602021606,0.5357470397978393,0.5481043693808157,0.45189563061918425,0.43813894968030015,0.5618610503196999,0.34720054299958136,0.6527994570004186
0.5177539930636925,0.4822460069363074,0.6025050423221585,0.3974949576778416,0.6057850433771481,0.39421495662285194,0.4881494741143088,0.5118505258856912,0.5461014126962245,0.45389858730377547,0.34038570871416024,0.6596142912858397,0.32626738837875274,0.6737326116212473,0.4886884559735302,0.5113115440264698,0.6486590272069964,0.3513409727930037,0.37306959330104483,0.6269304066989552
0.6946870965407308,0.3053129034592691,0.45882552988805086,0.5411744701119492,0.34984980080718286,0.6501501991928171,0.7083276546628485,0.2916723453371515,0.4151056947477943,0.5848943052522058,0.4585906023876421,0.5414093976123578,0.5140631868465144,0.4859368131534856,0.7405697078369009,0.2594302921630991,0.357536113375321,0.6424638866246789,0.38952053225589073,0.6104794677441092
0.5750060517702374,0.42499394822976255,0.5593523374969435,0.44064766250305654,0.59699061093278,0.40300938906722,0.6060316580340338,0.3939683419659662,0.5152256422823883,0.48477435771761174,0.36829642687131814,0.6317035731286819,0.3786093936384294,0.6213906063615706,0.5170431752428135,0.48295682475718654,0.4947734154869359,0.5052265845130642,0.3444055815361446,0.6555944184638554
0.636252320256214,0.3637476797437859,0.5466663706505737,0.4533336293494262,0.5035664693004049,0.4964335306995951,0.6031518623084939,0.3968481376915062,0.4994870745422159,0.500512925457784,0.4613150892352448,0.5386849107647552,0.44169445813729924,0.5583055418627008,0.6357957375725118,0.36420426242748827,0.4956640148152434,0.5043359851847566,0.27043594173221797,0.729564058267782
0.9228621230458866,0.07713787695411345,0.12018237108999551,0.8798176289100044,0.10260385417569699,0.8973961458243029,0.9182071353423038,0.08179286465769621,0.11381164659695436,0.8861883534030456,0.9082793144668558,0.09172068553314419,0.9050073247871553,0.09499267521284474,0.9322762120110686,0.06772378798893142,0.0840933945509157,0.9159066054490842,0.062400249612154485,0.9375997503878454
0.9030519877745173,0.09694801222548273,0.1551759728997898,0.8448240271002101,0.1903216849955974,0.8096783150044026,0.8796486227460195,0.1203513772539805,0.18024488929150104,0.819755110708499,0.8226372564749856,0.17736274352501438,0.8025011256767822,0.19749887432321775,0.8472428717059018,0.1527571282940981,0.14879177077091088,0.8512082292290891,0.0816411302535914,0.9183588697464086
0.9188498732601793,0.08115012673982079,0.11420404571660431,0.8857959542833956,0.16051951945333065,0.8394804805466695,0.894552212484906,0.105447787515094,0.17576141940307533,0.8242385805969247,0.8268050508973158,0.17319494910268424,0.8322513885245346,0.1677486114754654,0.8828194671221445,0.11718053287785551,0.1457549261513932,0.8542450738486068,0.05424092518247547,0.9457590748175245
0.9782047202616045,0.02179527973839549,0.02906354962554693,0.970936450374453,0.03768740497545589,0.9623125950245441,0.9656577790647386,0.03434222093526134,0.08197619276927672,0.9180238072307233,0.934424013574251,0.06557598642574906,0.9453679023690473,0.0546320976309527,0.9629529686155112,0.037047031384488796,0.03588875689197309,0.9641112431080269,0.022445443398105256,0.9775545566018946
0.9765048188871523,0.023495181112847565,0.03056267091044658,0.9694373290895535,0.03184876505270033,0.9681512349472997,0.9720514856621487,0.027948514337851307,0.08222715195880834,0.9177728480411916,0.9519117116172356,0.04808828838276427,0.9482853913884137,0.05171460861158641,0.9733469575358833,0.02665304246411677,0.027996774641821588,0.9720032253581784,0.016060592901635005,0.9839394070983649
0.9727093902492785,0.02729060975072155,0.04084956274590894,0.9591504372540911,0.03418824882280771,0.9658117511771922,0.9692120318862005,0.030787968113799347,0.0899004691373911,0.910099530862609,0.9344630248021008,0.0655369751978992,0.9220005458103937,0.07799945418960634,0.9665646773991894,0.033435322600810696,0.03539444343737936,0.9646055565626206,0.02442977409932576,0.9755702259006743
0.9755881424068602,0.024411857593139654,0.04488142228144906,0.955118577718551,0.03369644625862335,0.9663035537413766,0.9643830131656567,0.03561698683434334,0.09447023303885446,0.9055297669611455,0.9322557699773258,0.06774423002267403,0.9288369893670984,0.0711630106329016,0.9715236877995632,0.028476312200436758,0.03460933004217531,0.9653906699578246,0.021566217253851716,0.9784337827461482
0.987627943647831,0.012372056352168927,0.024096332260993863,0.9759036677390062,0.014503950946458961,0.985496049053541,0.982801158909623,0.01719884109037691,0.0534469831127342,0.9465530168872658,0.9739385933503288,0.026061406649671163,0.9661463876419476,0.033853612358052516,0.9867847705778913,0.013215229422108647,0.01220939534410802,0.987790604655892,0.010349660887211166,0.989650339112789
0.9880359432753961,0.011964056724603994,0.015890550675120886,0.9841094493248792,0.008873878253361092,0.9911261217466388,0.9874749317300874,0.012525068269912698,0.03381084265960435,0.9661891573403957,0.9835881004436934,0.01641189955630666,0.9775988586614028,0.022401141338597233,0.9912171498834456,0.008782850116554351,0.009449949803219468,0.9905500501967806,0.0077490854161906325,0.9922509145838093
0.9841223659142951,0.01587763408570494,0.03309820782581898,0.966901792174181,0.026088033667360132,0.9739119663326399,0.9741409837653835,0.025859016234616602,0.055393941673850366,0.9446060583261496,0.9673180000907898,0.0326819999092102,0.9516753742714754,0.048324625728524674,0.9713178292848509,0.028682170715149183,0.024839801969336873,0.9751601980306631,0.011965139069060085,0.98803486093094
0.9536720205416684,0.04632797945833149,0.08213090945941674,0.9178690905405832,0.05305905680645248,0.9469409431935476,0.9324271577499046,0.0675728422500953,0.0992580896531541,0.9007419103468458,0.908491428051623,0.09150857194837708,0.8847596451337202,0.11524035486627979,0.9387118948847996,0.0612881051152005,0.06830054457577549,0.9316994554242245,0.032581189695818295,0.9674188103041818
0.9770895523215505,0.022910447678449394,0.0566454612840549,0.9433545387159451,0.042416665858911656,0.9575833341410884,0.9488912656602069,0.051108734339793085,0.08569127374959865,0.9143087262504014,0.9363984248006622,0.06360157519933779,0.9090404398979032,0.09095956010209688,0.9478385296371469,0.052161470362853214,0.047683191180039046,0.9523168088199608,0.01882309429636668,0.9811769057036334
0.9833511290647085,0.016648870935291615,0.04292291693490585,0.9570770830650942,0.031233728379934912,0.968766271620065,0.9633377284755874,0.03666227152441262,0.07977005634008591,0.9202299436599141,0.9483367389804388,0.05166326101956116,0.9268630255456551,0.07313697445434493,0.9680643342585286,0.03193566574147133,0.03888125489274894,0.9611187451072511,0.014390488043462471,0.9856095119565377
0.9898270641260671,0.010172935873932885,0.01963613525916858,0.9803638647408314,0.017427588694605377,0.9825724113053946,0.9824677018247379,0.017532298175262123,0.0491748860363703,0.9508251139636297,0.9734477018354157,0.02655229816458435,0.9596757492008159,0.04032425079918417,0.9806554464581324,0.01934455354186763,0.019940200614499203,0.9800597993855008,0.008785654379621467,0.9912143456203785
0.9838456651816742,0.016154334818325795,0.03001832979475349,0.9699816702052466,0.024518604327305203,0.9754813956726949,0.9762485598635942,0.023751440136405864,0.06767865628178955,0.9323213437182105,0.9529852105669382,0.04701478943306185,0.92884005346026,0.07115994653974007,0.9700620604872662,0.029937939512733845,0.03140374824303034,0.9685962517569697,0.01611303357820397,0.9838869664217961
0.9837337983712009,0.016266201628799087,0.031929888966029434,0.9680701110339707,0.02760225217879251,0.9723977478212076,0.9758333844122555,0.024166615587744536,0.06782724228866434,0.9321727577113358,0.9574537637232394,0.04254623627676051,0.9315469642586831,0.06845303574131684,0.9693681650020002,0.030631834997999773,0.028411412627876838,0.9715885873721233,0.011255481173065254,0.9887445188269347
0.806704031019914,0.19329596898008614,0.2834534115234794,0.7165465884765206,0.2530769662615701,0.7469230337384298,0.797223760310689,0.20277623968931105,0.32435168714994206,0.675648312850058,0.5762241224266005,0.4237758775733995,0.5851028049454562,0.4148971950545438,0.748291832126956,0.2517081678730439,0.25475183094770204,0.7452481690522981,0.23321250831892143,0.7667874916810785
0.8109891027781879,0.189010897221812,0.3374352650200498,0.6625647349799502,0.3013442908218076,0.6986557091781925,0.7622392856948531,0.23776071430514698,0.3430266748200896,0.6569733251799104,0.6000925131273784,0.3999074868726215,0.577284651121591,0.422715348878409,0.740158041366807,0.259841958633193,0.2778046241672265,0.7221953758327735,0.1407390702311586,0.8592609297688414
0.7264377046012312,0.2735622953987688,0.4821298152277365,0.5178701847722634,0.31867425095780083,0.6813257490421992,0.7281596252052859,0.2718403747947141,0.3838826930436929,0.6161173069563072,0.5228116623717503,0.4771883376282498,0.5239702165332415,0.47602978346675856,0.7734999628683035,0.22650003713169653,0.3274615007293798,0.6725384992706201,0.26020546764152674,0.7397945323584734
0.8351913727836948,0.16480862721630518,0.30025136284781634,0.6997486371521837,0.23227881847585588,0.767721181524144,0.8426716126388961,0.15732838736110383,0.21454230105991998,0.78545769894008,0.7512185244342301,0.2487814755657699,0.6706460138604351,0.32935398613956485,0.8323537855582231,0.1676462144417768,0.2247591034903102,0.7752408965096899,0.10582881702212049,0.8941711829778796
0.8422388553538456,0.15776114464615437,0.2992642964438522,0.7007357035561479,0.1921121326274978,0.8078878673725023,0.8355994369837518,0.16440056301624822,0.2187617104214609,0.781238289578539,0.7511040633041975,0.2488959366958025,0.6928117395818323,0.30718826041816777,0.8702683176234852,0.12973168237651475,0.22758175347055135,0.7724182465294486,0.12472246295926664,0.8752775370407334
0.9239752912759409,0.07602470872405921,0.15373479101589987,0.8462652089841001,0.12339292897241765,0.8766070710275823,0.9068362516607429,0.09316374833925713,0.1285710872470482,0.8714289127529519,0.8942445812659056,0.10575541873409434,0.8453575116986461,0.15464248830135374,0.9010133182974355,0.09898668170256454,0.10511269563263449,0.8948873043673655,0.05712291096891772,0.9428770890310822
0.9748527712133941,0.025147228786605816,0.06923184051002863,0.9307681594899714,0.05575393901263071,0.9442460609873693,0.9390263631936462,0.060973636806353745,0.1018026033905821,0.8981973966094178,0.9229912568428188,0.07700874315718123,0.9120127705498006,0.08798722945019949,0.9485153629142556,0.051484637085744356,0.059104409604197515,0.9408955903958024,0.028495178928304683,0.9715048210716952
0.7563609891133193,0.24363901088668075,0.2800210327251461,0.7199789672748539,0.29250349586331686,0.7074965041366832,0.7918809704685825,0.2081190295314176,0.2691160006260975,0.7308839993739026,0.6519076729476477,0.34809232705235227,0.6139866197579221,0.38601338024207793,0.7150591107638267,0.28494088923617333,0.2854077279397397,0.7145922720602604,0.2375346475713426,0.7624653524286574
0.850365183085943,0.14963481691405703,0.28143972077517143,0.7185602792248285,0.216226314758147,0.7837736852418531,0.771442039447221,0.22855796055277913,0.2869341909691031,0.7130658090308968,0.6548197465784674,0.3451802534215326,0.6906069671331498,0.3093930328668502,0.832639822498705,0.1673601775012949,0.2477443899737473,0.7522556100262527,0.13452939705482497,0.8654706029451751
0.9014457809374202,0.0985542190625798,0.19385131523312793,0.8061486847668721,0.1832180869033401,0.8167819130966599,0.8877440647044021,0.11225593529559785,0.21549978603411968,0.7845002139658803,0.7882219386590474,0.21177806134095245,0.7643288652391955,0.23567113476080445,0.8657892969058415,0.13421070309415858,0.13119530719173528,0.8688046928082648,0.08898504248460071,0.9110149575153994
0.1316359477162988,0.8683640522837013,0.8568054354910528,0.14319456450894716,0.9066701971707178,0.0933298028292822,0.21803260202762687,0.7819673979723731,0.8110876198397952,0.1889123801602049,0.06868350548531854,0.9313164945146813,0.10369135887532782,0.8963086411246722,0.1251783513786946,0.8748216486213054,0.882241635359509,0.1177583646404911,0.8659470123871299,0.13405298761287007
0.2085250853825049,0.7914749146174952,0.83729975075097,0.16270024924902995,0.889828526157475,0.11017147384252512,0.22521495495043548,0.7747850450495645,0.7725065592518555,0.22749344074814445,0.12034475352000977,0.8796552464799902,0.14129174431270486,0.8587082556872951,0.15868216615976025,0.8413178338402398,0.8290259969080234,0.1709740030919766,0.673631858135177,0.326368141864823
0.4026466714600085,0.5973533285399915,0.7642682415719079,0.23573175842809202,0.7061487658999409,0.29385123410005903,0.4000777209786714,0.5999222790213286,0.6562945470973272,0.3437054529026729,0.2856112489644745,0.7143887510355255,0.27505375651020947,0.7249462434897905,0.44972155518294893,0.550278444817051,0.7029229677805224,0.2970770322194775,0.4953570393777973,0.5046429606222027
0.6896893978272403,0.31031060217275963,0.3061639366284138,0.6938360633715862,0.3622905682648388,0.6377094317351611,0.8123109594064208,0.18768904059357916,0.25282394745257397,0.747176052547426,0.6096619512853224,0.39033804871467764,0.6374864232244735,0.3625135767755266,0.7777430611473087,0.22225693885269127,0.35070519237681075,0.6492948076231894,0.26419518197460656,0.7358048180253935
0.822118545220514,0.17788145477948614,0.2333732113419758,0.7666267886580242,0.31308712549347434,0.6869128745065256,0.8500200011212891,0.14997999887871097,0.24716706735743796,0.752832932642562,0.6930048911340901,0.30699510886590986,0.6651393799583362,0.3348606200416638,0.7741162435877815,0.22588375641221847,0.24864247382759053,0.7513575261724095,0.1201012626812519,0.8798987373187481
0.7994143388493442,0.2005856611506559,0.2631166051693453,0.7368833948306547,0.3090913326978196,0.6909086673021804,0.829298931197001,0.1707010688029989,0.2580625752203765,0.7419374247796235,0.6814998677491609,0.31850013225083906,0.6492245832180257,0.3507754167819743,0.7862912822088884,0.2137087177911116,0.2790523725647909,0.720947627435209,0.11208071447491014,0.8879192855250898
0.9847481250765954,0.015251874923404718,0.030789989385516508,0.9692100106144835,0.031142288251785274,0.9688577117482148,0.9663491884237613,0.0336508115762387,0.07130557538136664,0.9286944246186334,0.9420583804725084,0.05794161952749165,0.9518565473072138,0.048143452692786234,0.9705203946871293,0.029479605312870746,0.03356627641395026,0.9664337235860496,0.0164226088908705,0.9835773911091296
0.9841863399396042,0.015813660060395692,0.02332887955520761,0.9766711204447924,0.020590156978742592,0.9794098430212573,0.9808246867602785,0.019175313239721433,0.05938725768420661,0.9406127423157935,0.9684664381739052,0.03153356182609481,0.9638956389825781,0.036104361017421836,0.9832866374085658,0.01671336259143413,0.01862189954934067,0.9813781004506593,0.011120298402127204,0.9888797015978729
0.9858161398710822,0.0141838601289179,0.02138760242477436,0.9786123975752257,0.018584782067585487,0.9814152179324146,0.9818214060186271,0.018178593981372927,0.055399244373729103,0.9446007556262709,0.9715964469883643,0.028403553011635642,0.9666249535332934,0.03337504646670669,0.9838471155803076,0.0161528844196924,0.017597060058395925,0.9824029399416041,0.010844688245485587,0.9891553117545145
0.9882279069591169,0.011772093040883145,0.017506229716245145,0.9824937702837548,0.014285657566053154,0.985714342433947,0.9837672233624096,0.016232776637590436,0.05046079069052254,0.9495392093094774,0.9735252961188007,0.026474703881199355,0.9716968346399816,0.028303165360018475,0.9867872244985533,0.013212775501446637,0.013714641745106435,0.9862853582548936,0.010124355198308024,0.9898756448016919
0.9881308559409655,0.011869144059034529,0.015631123214708234,0.9843688767852918,0.010057054508768913,0.9899429454912311,0.9863045117034505,0.013695488296549466,0.04154055785523721,0.9584594421447629,0.9813746216785788,0.018625378321421242,0.9762199061521745,0.023780093847825548,0.9893219593550825,0.010678040644917387,0.009473527920373336,0.9905264720796265,0.00908588175975782,0.9909141182402421
0.9889840162617348,0.011015983738265065,0.020687628146924878,0.9793123718530751,0.009214330185346111,0.9907856698146539,0.982164675428622,0.017835324571378004,0.043753696365128304,0.9562463036348716,0.978714448581992,0.02128555141800801,0.9742655758070542,0.02573442419294578,0.9903506447840021,0.009649355215997869,0.010594769850547602,0.9894052301494524,0.010569608587550463,0.9894303914124495
0.9890471273880604,0.01095287261193961,0.022192276946487455,0.9778077230535126,0.008885162653848717,0.9911148373461512,0.9829118230468951,0.0170881769531049,0.042251228271186034,0.9577487717288139,0.9814222629624103,0.01857773703758975,0.9764385907898473,0.023561409210152706,0.9912972516112044,0.008702748388795542,0.008875339907655063,0.991124660092345,0.010313441505211868,0.9896865584947883
0.9913078408473787,0.008692159152621465,0.01636959566718714,0.9836304043328129,0.006229070954014914,0.9937709290459852,0.9878917018596137,0.012108298140386366,0.030120658497919044,0.969879341502081,0.9885553683417798,0.011444631658220156,0.9831952083576839,0.016804791642316026,0.9942093780041867,0.0057906219958132575,0.00630668752447926,0.9936933124755206,0.007205756918860672,0.9927942430811394
0.9949641254684982,0.005035874531501718,0.013414568059984325,0.9865854319400157,0.003915531820960176,0.9960844681790398,0.9900981635387999,0.009901836461200159,0.022975654567209697,0.9770243454327903,0.9923125311127804,0.007687468887219605,0.98377857035694,0.01622142964305995,0.9950355716538666,0.00496442834613348,0.005908452619412124,0.9940915473805878,0.004716599814132789,0.9952834001858673
0.9958157110281178,0.004184288971882015,0.01119624841549686,0.9888037515845032,0.0036419592771439087,0.996358040722856,0.9912705440827405,0.008729455917259512,0.019763972065813793,0.9802360279341861,0.993733667733122,0.0062663322668779515,0.9859718846555193,0.014028115344480764,0.9946010371493675,0.005398962850632525,0.0051770076139049095,0.9948229923860951,0.0042336220592244,0.9957663779407755
0.996351339822896,0.003648660177104035,0.009635582968004704,0.9903644170319953,0.003322661207096935,0.996677338792903,0.9914946203455385,0.008505379654461583,0.01903065499406337,0.9809693450059366,0.9933617014985414,0.006638298501458433,0.9871997679490468,0.012800232050953078,0.9952741715539023,0.00472582844609756,0.005298384002087187,0.9947016159979127,0.0035232946256913717,0.9964767053743087
0.9963278943379743,0.0036721056620258427,0.009634569820212829,0.9903654301797873,0.004776449072859345,0.9952235509271408,0.9913124758344655,0.008687524165534602,0.02186018409862464,0.9781398159013754,0.9912449166332106,0.008755083366789375,0.9838781994564976,0.016121800543502488,0.992800176196962,0.007199823803037921,0.006403002326830487,0.9935969976731696,0.003822899813829213,0.9961771001861708
0.9938347656311236,0.006165234368876399,0.01160303081157215,0.9883969691884279,0.004866709796392369,0.9951332902036075,0.9897198744710679,0.010280125528932062,0.0229783089867106,0.9770216910132894,0.9864090375557377,0.013590962444262271,0.9722741033724108,0.027725896627589244,0.9903881155906739,0.00961188440932627,0.009907243656428219,0.9900927563435717,0.005464554211439708,0.9945354457885603
0.9932074645715702,0.006792535428429824,0.015285052915669475,0.9847149470843305,0.008726335715216558,0.9912736642847834,0.9861715096485494,0.013828490351450642,0.03068402583089083,0.9693159741691092,0.9822738201559543,0.0177261798440457,0.9701630057894187,0.02983699421058115,0.9878444413036719,0.012155558696328079,0.012170997738637356,0.9878290022613627,0.004819582326241668,0.9951804176737582
0.9947306412935151,0.005269358706484855,0.01229287942065495,0.9877071205793452,0.005888404080624784,0.9941115959193754,0.9896562789451572,0.010343721054842854,0.027576590427991578,0.9724234095720085,0.9852069877064241,0.014793012293575783,0.9753012143682279,0.02469878563177211,0.9926854540886664,0.007314545911333701,0.008736244784019518,0.9912637552159805,0.0041794114751574005,0.9958205885248425
0.9959745306592753,0.004025469340724592,0.00780429050138155,0.9921957094986185,0.004680424115446044,0.995319575884554,0.993719095824829,0.006280904175171109,0.02096455403945918,0.9790354459605408,0.9907034078495922,0.00929659215040765,0.9826613169123768,0.01733868308762322,0.9944018463411981,0.0055981536588020015,0.006271685687082649,0.9937283143129174,0.0029439692742175873,0.9970560307257824
0.9957783958013088,0.00422160419869117,0.008202851481465852,0.9917971485185342,0.004830080027333688,0.9951699199726662,0.9938167865948444,0.006183213405155657,0.022002498670513286,0.9779975013294868,0.9902329776957308,0.009767022304269115,0.9823202936423575,0.01767970635764251,0.9946156134354333,0.005384386564566897,0.006096187369534389,0.9939038126304656,0.0033222485025854133,0.9966777514974144
0.9948902396741461,0.0051097603258538965,0.009070843634679806,0.9909291563653202,0.004287309109565479,0.9957126908904346,0.9937938419431905,0.006206158056809363,0.02078165843083324,0.9792183415691669,0.9903028531904928,0.009697146809507262,0.9767559750456046,0.023244024954395447,0.9933084059387923,0.006691594061207565,0.006770123524654379,0.9932298764753456,0.004293489304142199,0.9957065106958578
0.9942051518960165,0.005794848103983504,0.01287167038488573,0.9871283296151142,0.007556091143013196,0.9924439088569869,0.9886275796682509,0.011372420331749022,0.030114706052120726,0.9698852939478794,0.983656788017698,0.01634321198230213,0.9738281060696647,0.026171893930335366,0.9895005931713706,0.010499406828629395,0.009595188070736796,0.9904048119292633,0.00486604515207286,0.9951339548479271
0.9913206434351733,0.00867935656482655,0.018232847876308203,0.9817671521236919,0.007897232556078005,0.992102767443922,0.98469631725414,0.015303682745859953,0.03556201465552232,0.9644379853444777,0.9787807523804484,0.021219247619551667,0.9634473645821683,0.03655263541783184,0.9877983674499337,0.012201632550066385,0.012503919885789258,0.9874960801142109,0.006770169554762227,0.9932298304452378
0.9925486547185906,0.007451345281409536,0.017732565172520712,0.9822674348274794,0.010620741222562935,0.9893792587774369,0.9848519804871364,0.015148019512863518,0.035822532756178416,0.9641774672438216,0.9802805657844441,0.019719434215556005,0.9651939108927015,0.03480608910729849,0.9857130320477945,0.014286967952205527,0.014560596939357063,0.9854394030606428,0.0053129448573957135,0.9946870551426044
0.992552041219567,0.00744795878043293,0.02051014508809124,0.9794898549119089,0.01217935349530378,0.9878206465046963,0.9837558065092966,0.01624419349070329,0.0422046108006115,0.9577953891993886,0.9787096474918042,0.02129035250819577,0.9626673115872152,0.037332688412784816,0.9860301942625256,0.013969805737474443,0.015735365057844158,0.9842646349421559,0.006386743551647778,0.9936132564483522
0.9882169426524811,0.01178305734751893,0.024004831270916856,0.9759951687290832,0.015030738620961794,0.9849692613790381,0.9823833285101546,0.01761667148984537,0.0440072519188661,0.9559927480811339,0.9716449320031587,0.028355067996841423,0.9433834324283658,0.05661656757163439,0.9768676225112884,0.023132377488711577,0.022872214153131804,0.9771277858468682,0.011284675346258525,0.9887153246537416
0.9875219275535526,0.012478072446447358,0.02942240700782053,0.9705775929921794,0.02098938821939571,0.9790106117806042,0.975187198242445,0.02481280175755502,0.05696455409319271,0.9430354459068074,0.9609819391523388,0.03901806084766117,0.9405922593585072,0.0594077406414929,0.9744284710285063,0.025571528971493666,0.026893446304496905,0.9731065536955031,0.00970507256562995,0.9902949274343701
0.9902903195010601,0.009709680498939957,0.023644977669320062,0.97635502233068,0.013575464223232631,0.9864245357767673,0.9822570542304964,0.017742945769503533,0.0477997420467272,0.9522002579532728,0.9724500408667217,0.027549959133278245,0.9535584792407654,0.04644152075923448,0.9844323249413656,0.015567675058634517,0.018502306901298615,0.9814976930987015,0.007414711392784808,0.9925852886072152
0.9713166602103588,0.02868333978964124,0.05357508291303278,0.9464249170869672,0.059721648708015225,0.9402783512919848,0.953506029536675,0.04649397046332518,0.10421007611992861,0.8957899238800713,0.9243556756794845,0.07564432432051539,0.892971371781769,0.1070286282182311,0.9340189886348733,0.06598101136512656,0.05174625752451078,0.9482537424754893,0.024535194789647812,0.9754648052103522
0.9699767782227198,0.03002322177728028,0.0539689028743942,0.9460310971256058,0.05653845218954288,0.9434615478104572,0.946003660858564,0.05399633914143598,0.11683752661488304,0.8831624733851169,0.9154037748845321,0.08459622511546798,0.8840475382367874,0.1159524617632126,0.9346302625212721,0.06536973747872775,0.061828470805280485,0.9381715291947196,0.022192869690840444,0.9778071303091594
0.8480880487583812,0.1519119512416189,0.22383942996569123,0.7761605700343088,0.23599214240380462,0.7640078575961954,0.8185591615891369,0.1814408384108632,0.2942890053137084,0.7057109946862916,0.6769357892423529,0.3230642107576472,0.6062305076923418,0.39376949230765823,0.7356978382469268,0.2643021617530732,0.2545863072663469,0.7454136927336531,0.16548514204559847,0.8345148579544016
0.8330744148386087,0.16692558516139128,0.2650272902299056,0.7349727097700944,0.31829807324534487,0.6817019267546551,0.7697496045307864,0.2302503954692135,0.3527304886112116,0.6472695113887884,0.6192932344865725,0.3807067655134274,0.5901239694947864,0.4098760305052136,0.6868981099344968,0.31310189006550315,0.2668274220608614,0.7331725779391386,0.13860304472863746,0.8613969552713625
0.8673555095956226,0.13264449040437742,0.23543563487287963,0.7645643651271204,0.27054517100988135,0.7294548289901187,0.7787790664735763,0.22122093352642364,0.3560098587629804,0.6439901412370197,0.6922826648493084,0.3077173351506915,0.6525247069329985,0.34747529306700153,0.7478409441468599,0.2521590558531401,0.24510313715566942,0.7548968628443306,0.12125844800422018,0.8787415519957799
0.4244221586153661,0.575577841384634,0.5642137372172327,0.43578626278276733,0.7254344537653712,0.27456554623462875,0.4588621856048961,0.5411378143951039,0.6464543668491494,0.3535456331508505,0.2519321779109639,0.7480678220890361,0.24309220523385866,0.7569077947661413,0.26506918397918755,0.7349308160208124,0.6866560498777076,0.3133439501222924,0.5962646018816521,0.40373539811834797
0.21197843235011912,0.7880215676498808,0.855221517787162,0.14477848221283787,0.8641891202688127,0.13581087973118736,0.1883239373335126,0.8116760626664874,0.8448324612042899,0.15516753879571005,0.12012541914522898,0.8798745808547711,0.11859602070745495,0.8814039792925451,0.15691893835937917,0.8430810616406208,0.889450611096729,0.1105493889032711,0.8079347756119112,0.19206522438808887
0.3070913781610874,0.6929086218389127,0.7906569515234015,0.20934304847659843,0.7512992771878357,0.24870072281216435,0.3759002971190806,0.6240997028809194,0.7141209984864741,0.2858790015135258,0.22205394043865048,0.7779460595613495,0.2236469097062274,0.7763530902937726,0.3536869897980043,0.6463130102019957,0.7404645497648152,0.2595354502351848,0.7387021009004539,0.2612978990995462
0.08079296418197254,0.9192070358180274,0.9283586267700378,0.07164137322996213,0.9270788284990317,0.0729211715009683,0.12242113872972159,0.8775788612702785,0.8735552641529984,0.12644473584700158,0.06176687433041528,0.9382331256695847,0.07998508381186847,0.9200149161881315,0.09921539377254271,0.9007846062274573,0.9343437471124539,0.06565625288754595,0.9427062783870866,0.05729372161291335
0.01906419436576231,0.9809358056342378,0.9807322500557201,0.019267749944280068,0.9857968077439021,0.014203192256097957,0.033233819541960835,0.9667661804580392,0.9450664216094398,0.05493357839056022,0.022561291247766867,0.9774387087522332,0.02574038271629984,0.9742596172837001,0.018255293953448565,0.9817447060465515,0.9805824386998889,0.019417561300111106,0.9732003937062792,0.026799606293720756
0.032434731689179416,0.9675652683108207,0.9693570474648051,0.030642952535194907,0.9638939506946493,0.036106049305350656,0.04813140884076297,0.951868591159237,0.9091715527047288,0.09082844729527129,0.04507029037814297,0.954929709621857,0.059751997697184527,0.9402480023028154,0.04444863453542936,0.9555513654645706,0.9571425783417076,0.042857421658292365,0.9669543011452468,0.03304569885475316
0.06297267609359276,0.9370273239064072,0.9387447943354038,0.061255205664596274,0.9185835481389965,0.08141645186100352,0.07701891230867132,0.9229810876913287,0.8390665361754147,0.1609334638245854,0.09721418150624749,0.9027858184937525,0.11962819949846272,0.8803718005015374,0.09754419508796985,0.9024558049120303,0.9228862669056046,0.07711373309439545,0.9270170278302668,0.07298297216973319
0.04169009671070227,0.9583099032892978,0.9578240346821844,0.04217596531781556,0.9445846017270806,0.0554153982729194,0.06074926977446299,0.9392507302255371,0.8685113249356832,0.13148867506431686,0.07295616355061635,0.9270438364493837,0.09646572815476348,0.9035342718452365,0.07807813142841624,0.9219218685715839,0.9436059213463882,0.05639407865361187,0.9517383871572471,0.04826161284275296
0.05857686697320193,0.941423133026798,0.925772999110995,0.07422700088900505,0.9205350858105369,0.07946491418946303,0.0820357461681762,0.9179642538318237,0.8182665480117963,0.18173345198820356,0.11932598227974481,0.8806740177202551,0.14817233299154906,0.8518276670084509,0.11880299113517394,0.8811970088648261,0.922987544192002,0.07701245580799798,0.9206176728558793,0.07938232714412079
0.10174610884299252,0.8982538911570074,0.8561153346828541,0.14388466531714594,0.8879358369636245,0.11206416303637555,0.14404640207477032,0.8559535979252297,0.7267682699190651,0.27323173008093493,0.16535750939119018,0.8346424906088098,0.23254700261861613,0.7674529973813838,0.19677310554836602,0.803226894451634,0.8538334599666525,0.1461665400333475,0.8728625838885592,0.12713741611144078
0.025760266013788172,0.9742397339862119,0.949450228228742,0.05054977177125791,0.9644763305805084,0.035523669419491664,0.05667144742602895,0.943328552573971,0.8704119611719953,0.12958803882800465,0.054903985633760956,0.945096014366239,0.09391754231721393,0.9060824576827861,0.05878401600627735,0.9412159839937226,0.953879771001348,0.046120228998651966,0.9675867685827285,0.03241323141727148
0.06608485229153455,0.9339151477084655,0.9120519082081721,0.08794809179182798,0.9644679987934212,0.0355320012065788,0.06650539852783079,0.9334946014721693,0.8695363635493107,0.1304636364506892,0.055897305913312455,0.9441026940866877,0.11297195146629352,0.8870280485337064,0.06695084487434995,0.93304915512565,0.9128572858457704,0.08714271415422961,0.9123228981619783,0.08767710183802166
0.1641862531571332,0.8358137468428667,0.8061552089971539,0.1938447910028462,0.8853504632818365,0.11464953671816337,0.17342516256123874,0.8265748374387613,0.8001018940735816,0.19989810592641843,0.12302007360823862,0.8769799263917615,0.23883130847495848,0.7611686915250415,0.2015655691723184,0.7984344308276817,0.8247553883751328,0.17524461162486726,0.8161416068061661,0.18385839319383396
0.6070766151336379,0.39292338486636214,0.3392137939859151,0.6607862060140849,0.42768075617888746,0.5723192438211125,0.693893771334121,0.306106228665879,0.3739010451859131,0.6260989548140868,0.5896156899691024,0.41038431003089765,0.6682350862515091,0.33176491374849093,0.7191847250123103,0.28081527498768966,0.34430248451748224,0.6556975154825176,0.3547972490039728,0.6452027509960273
0.7379176371957041,0.26208236280429587,0.21695740863109134,0.7830425913689086,0.2805353868908076,0.7194646131091924,0.8357040048722206,0.1642959951277793,0.27688473308773154,0.7231152669122684,0.7121024417881344,0.28789755821186547,0.7663954186573123,0.23360458134268772,0.83932565821301,0.16067434178699014,0.2049356941952787,0.7950643058047212,0.2253907002585141,0.7746092997414858
0.21509971314019172,0.7849002868598083,0.7202361443550084,0.2797638556449917,0.7886190380428639,0.21138096195713613,0.4234488298477832,0.5765511701522167,0.667166729030415,0.3328332709695851,0.2078236282062199,0.7921763717937801,0.2800287096108982,0.7199712903891018,0.33677660910476126,0.6632233908952387,0.7186159163448335,0.28138408365516654,0.8128826168634513,0.18711738313654858
0.3821574443337575,0.6178425556662426,0.6263706582250355,0.3736293417749645,0.7079315584501521,0.2920684415498479,0.4619779461112385,0.5380220538887615,0.627997368234128,0.37200263176587206,0.24183082118122531,0.7581691788187747,0.39478081759611305,0.6052191824038868,0.4686349110762186,0.5313650889237815,0.5849161752021012,0.41508382479789874,0.6093168928223094,0.39068310717769067
0.845155154304687,0.1548448456953131,0.24840338353196087,0.7515966164680392,0.1845771169993478,0.8154228830006522,0.8421970267433742,0.15780297325662587,0.2624989851623111,0.7375010148376889,0.7681372463469875,0.2318627536530124,0.8115807277705749,0.18841927222942506,0.9028903301083636,0.09710966989163647,0.12706169681788057,0.8729383031821195,0.1453561991588511,0.8546438008411488
0.8923695313995356,0.10763046860046438,0.0992420368834441,0.9007579631165559,0.1283114338684095,0.8716885661315906,0.9318425524604247,0.0681574475395754,0.13522427829270972,0.8647757217072902,0.8831065674963218,0.11689343250367829,0.9039091255432665,0.09609087445673349,0.932787053906609,0.06721294609339117,0.08369229628228708,0.916307703717713,0.07130003698892648,0.9286999630110736
0.9416696729649507,0.058330327035049215,0.08525057955620388,0.9147494204437961,0.11912904779049342,0.8808709522095066,0.9337641963875293,0.06623580361247064,0.1298989670668711,0.8701010329331289,0.8943075888298969,0.10569241117010307,0.8777252254386348,0.12227477456136521,0.9090127238236076,0.09098727617639243,0.08623070020960687,0.9137692997903931,0.043221324535751685,0.9567786754642484
0.4090955766013337,0.5909044233986662,0.5929310767678507,0.4070689232321492,0.692904646198335,0.3070953538016649,0.48519259196805403,0.514807408031946,0.5601153690348716,0.4398846309651285,0.27824080781403354,0.7217591921859664,0.2736133273495174,0.7263866726504827,0.33372829754327044,0.6662717024567296,0.6483608313737321,0.3516391686262679,0.5454764782614268,0.4545235217385733
0.5655495433960193,0.4344504566039808,0.6236958696143378,0.37630413038566224,0.5323322407361863,0.4676677592638136,0.45141599564220536,0.5485840043577946,0.5974652129808319,0.4025347870191681,0.3189983258907452,0.6810016741092548,0.38361830012610226,0.6163816998738978,0.5625777736230677,0.4374222263769324,0.6057032256926902,0.39429677430730975,0.5097546012543772,0.4902453987456228
0.5227531433582577,0.47724685664174227,0.6041001933796384,0.3958998066203616,0.6995730770749009,0.30042692292509915,0.49618149458304356,0.5038185054169565,0.6008606055397109,0.3991393944602891,0.3462925955816272,0.6537074044183727,0.34431937191785,0.65568062808215,0.36337239693978307,0.6366276030602168,0.5301473964432104,0.4698526035567896,0.5036355190841137,0.49636448091588625
0.16018090595729476,0.8398190940427054,0.8342163424110816,0.16578365758891847,0.9211879201776276,0.07881207982237227,0.150162940306324,0.8498370596936761,0.8476679371297289,0.15233206287027123,0.08081410331120494,0.9191858966887951,0.10372887652890181,0.8962711234710982,0.08848173770711526,0.9115182622928848,0.8984428549426091,0.10155714505739093,0.7881887011933766,0.2118112988066235
0.24812173342825639,0.7518782665717436,0.7805066040446708,0.2194933959553293,0.849224976813227,0.1507750231867731,0.21787052977961974,0.7821294702203803,0.7895918530380192,0.21040814696198085,0.15660478513974596,0.8433952148602539,0.14943684941775714,0.8505631505822427,0.176513160338454,0.8234868396615459,0.869819485276799,0.130180514723201,0.718261622096517,0.281738377903483
0.4388005959862517,0.5611994040137483,0.6396778521958314,0.36032214780416855,0.6880330397690548,0.3119669602309451,0.5449894177347891,0.45501058226521096,0.5790116818547814,0.4209883181452186,0.34959936395243685,0.6504006360475632,0.2912451289017466,0.7087548710982534,0.42449853799316445,0.5755014620068355,0.6279841846475914,0.37201581535240863,0.4792744116438779,0.5207255883561221
0.5234068972590009,0.4765931027409991,0.5562682476997379,0.443731752300262,0.7022176716970857,0.2977823283029142,0.4772422073221245,0.5227577926778756,0.6029711862824693,0.3970288137175308,0.3334880926319345,0.6665119073680655,0.3236169971729886,0.6763830028270115,0.36155432643339735,0.6384456735666026,0.6168511500954171,0.38314884990458287,0.437532335137782,0.5624676648622179
0.022149089427100928,0.9778509105728992,0.964665175418658,0.03533482458134203,0.985755212160351,0.014244787839648986,0.03791790154894192,0.9620820984510581,0.9481650284552736,0.05183497154472631,0.016291223504256585,0.9837087764957435,0.02749836455357783,0.9725016354464222,0.015449939444170866,0.9845500605558293,0.9805371520543913,0.01946284794560885,0.9850154983586803,0.01498450164131982
0.01690898360517124,0.9830910163948287,0.9840744478863875,0.015925552113612372,0.990278945731235,0.009721054268764975,0.01859932097174803,0.981400679028252,0.9675733215846363,0.03242667841536369,0.013252537577133726,0.9867474624228664,0.02266395532381589,0.9773360446761842,0.012453820120117262,0.9875461798798828,0.9871191134622946,0.012880886537705484,0.9845966644986531,0.015403335501346939
0.01683047672197853,0.9831695232780214,0.9849766174259788,0.01502338257402122,0.9845202153676054,0.015479784632394659,0.02483891187090511,0.975161088129095,0.9590134831823192,0.04098651681768081,0.01698640489266664,0.9830135951073334,0.03014531290649836,0.9698546870935018,0.02367971375478802,0.9763202862452119,0.9856459917429804,0.014354008257019628,0.9887194630538548,0.011280536946145238
0.011102679360503364,0.9888973206394968,0.9825461010254894,0.017453898974510645,0.988114444201177,0.011885555798822986,0.02274928207384186,0.9772507179261581,0.9497429271796821,0.050257072820317876,0.01910914426295764,0.9808908557370424,0.02709178621569662,0.9729082137843034,0.0164669263312592,0.9835330736687409,0.988114324586922,0.011885675413078018,0.9880027989619435,0.011997201038056491
0.008931470122908222,0.9910685298770917,0.9858970566191174,0.01410294338088244,0.9909760782322342,0.009023921767765779,0.016846304575566087,0.983153695424434,0.9566949725862768,0.0433050274137233,0.01803238980649061,0.9819676101935094,0.02306706003276586,0.9769329399672341,0.012266108568207553,0.9877338914317924,0.9905584919206017,0.009441508079398284,0.9887331688727661,0.011266831127234025
0.035875888430462875,0.9641241115695373,0.9525508618015446,0.047449138198455434,0.9622696142928158,0.03773038570718418,0.051627977596573185,0.9483720224034268,0.8771831291241526,0.12281687087584735,0.07665084804994445,0.9233491519500555,0.08754512059566233,0.9124548794043377,0.05660549899588788,0.9433945010041123,0.9533112974616313,0.04668870253836877,0.954062172745184,0.04593782725481601
0.060888039697089696,0.9391119603029102,0.9133453002688685,0.08665469973113153,0.9232620915221569,0.07673790847784324,0.08124038905681197,0.918759610943188,0.8209153221696243,0.1790846778303757,0.09497194434596319,0.9050280556540369,0.15295764549693303,0.847042354503067,0.11595251855526051,0.8840474814447394,0.9137546046027988,0.08624539539720112,0.9442507477048735,0.05574925229512666
0.04173017589346225,0.9582698241065377,0.9286493402033924,0.07135065979660758,0.9406075204488842,0.059392479551115915,0.06560570830093003,0.9343942916990698,0.8534198965435842,0.1465801034564159,0.08558273268366552,0.9144172673163344,0.1483523200741598,0.8516476799258402,0.09906494643060944,0.9009350535693905,0.9304275129105389,0.06957248708946101,0.9442609096437967,0.05573909035620322
0.1534651657272044,0.8465348342727955,0.8109076871061215,0.18909231289387857,0.80663646320943,0.19336353679056997,0.1824571495797833,0.8175428504202167,0.7421806998054297,0.25781930019457044,0.20077821629972595,0.7992217837002741,0.35362310858628015,0.6463768914137199,0.3201761762320255,0.6798238237679746,0.7671889428612634,0.23281105713873665,0.8444577002816359,0.15554229971836397
0.24671184138672544,0.7532881586132745,0.6830855908652043,0.31691440913479585,0.7536763199630907,0.24632368003690933,0.3399119731182524,0.6600880268817477,0.6192692530234,0.3807307469766001,0.3149545134656098,0.6850454865343902,0.46450389460879726,0.5354961053912027,0.40804333777948826,0.5919566622205118,0.6099665476574823,0.39003345234251763,0.7226822231568105,0.2773177768431895
0.3201318229287152,0.6798681770712848,0.6114157139084568,0.38858428609154305,0.6967671831992076,0.3032328168007924,0.3654695068026637,0.6345304931973362,0.6037479765105859,0.3962520234894141,0.3720195497867178,0.6279804502132822,0.5257609597609024,0.47423904023909763,0.4777093106536523,0.5222906893463477,0.5792474796185558,0.4207525203814442,0.619547911996414,0.3804520880035861
0.26236075334087555,0.7376392466591245,0.6251170983303355,0.3748829016696646,0.731621659108124,0.2683783408918759,0.3512727753907525,0.6487272246092475,0.6168906044303738,0.3831093955696261,0.32332197326036566,0.6766780267396344,0.4781429631461686,0.5218570368538313,0.41700093764463186,0.5829990623553681,0.6160906140894503,0.3839093859105496,0.7199666926455967,0.2800333073544034
0.19586644507756565,0.8041335549224343,0.7306688004065328,0.2693311995934672,0.7794791816066116,0.22052081839338847,0.277431733225369,0.722568266774631,0.7093563805505637,0.2906436194494363,0.22210491233780838,0.7778950876621917,0.38552339026469745,0.6144766097353026,0.37389249876738734,0.6261075012326127,0.7245616325740429,0.275438367425957,0.8044105194047344,0.19558948059526557
0.3987185356093557,0.6012814643906442,0.5472169242381588,0.4527830757618412,0.6173584547355282,0.3826415452644718,0.5444803866020608,0.4555196133979393,0.5234318615302688,0.4765681384697313,0.40888346116781327,0.5911165388321868,0.5394404248082213,0.46055957519177865,0.5616014320204048,0.4383985679795953,0.4548675138228563,0.5451324861771437,0.588311215186511,0.41168878481348903
0.28543758806117775,0.7145624119388223,0.6973536955287345,0.30264630447126556,0.7123734310411269,0.28762656895887306,0.46090703360040525,0.5390929663995948,0.593822099105405,0.40617790089459505,0.2162867222292895,0.7837132777707104,0.3293422056321501,0.6706577943678498,0.42864887248121586,0.5713511275187841,0.6492394634003689,0.35076053659963125,0.7227493182939144,0.2772506817060856
0.38762787905975904,0.612372120940241,0.6725724107862645,0.32742758921373544,0.6135268104827798,0.3864731895172201,0.5236164594137116,0.47638354058628835,0.5001538793870415,0.4998461206129586,0.351498291454659,0.6485017085453411,0.42930202116766314,0.5706979788323369,0.5769446271078129,0.42305537289218703,0.552370765389799,0.44762923461020093,0.5196539651804398,0.4803460348195601
0.8537995870728811,0.14620041292711886,0.268255770116703,0.731744229883297,0.14401994017788183,0.8559800598221181,0.9052115491195996,0.09478845088040053,0.11560548072371285,0.8843945192762871,0.8477487428851014,0.15225125711489867,0.8222134938104098,0.17778650618959022,0.943299965131394,0.056700034868606086,0.11330083194585469,0.8866991680541453,0.10473130247812396,0.8952686975218761
0.9460023721689307,0.05399762783106939,0.09379313088668967,0.9062068691133103,0.09579380497910246,0.9042061950208975,0.953800639566306,0.046199360433694034,0.07418611087439023,0.9258138891256098,0.9150895638887386,0.08491043611126134,0.903923985519155,0.09607601448084499,0.9469524755754689,0.05304752442453105,0.0789598837186349,0.9210401162813652,0.03990075503166892,0.960099244968331
0.9503428260326885,0.04965717396731143,0.052055656121007626,0.9479443438789924,0.07268213139451626,0.9273178686054837,0.9704129311838573,0.029587068816142804,0.055145170613103756,0.9448548293868962,0.9099833155488277,0.09001668445117231,0.9148030405601503,0.08519695943984973,0.9524759377397668,0.04752406226023328,0.07187002973712643,0.9281299702628736,0.032650905772599784,0.9673490942274002
0.183711206442756,0.8162887935572442,0.8420267586770429,0.15797324132295715,0.8100197509424528,0.18998024905754726,0.3374778453226562,0.6625221546773438,0.6777184463278463,0.3222815536721538,0.1558187974433294,0.8441812025566706,0.1731006165840017,0.8268993834159982,0.27287862717093425,0.7271213728290659,0.8056572061340164,0.19434279386598363,0.82678852383047,0.17321147616952998
0.47262707215160893,0.5273729278483911,0.7133047215294911,0.28669527847050896,0.5459119266059299,0.4540880733940701,0.5293511168426549,0.4706488831573451,0.5008568965202347,0.4991431034797653,0.29341147221419855,0.7065885277858014,0.3756044298881485,0.6243955701118515,0.6299109297348042,0.37008907026519583,0.5525137545882058,0.4474862454117941,0.5340205222022075,0.4659794777977925
0.4175855235812767,0.5824144764187232,0.7340265777057826,0.26597342229421733,0.5370221536519169,0.46297784634808314,0.5243104399125292,0.47568956008747065,0.5237220763614553,0.47627792363854476,0.32876646904200585,0.6712335309579942,0.414437696781807,0.585562303218193,0.6598432327701018,0.3401567672298981,0.5456662743161594,0.4543337256838405,0.6371172273387948,0.3628827726612051
0.22134831693479423,0.7786516830652058,0.8462711421394752,0.15372885786052481,0.8361746865067177,0.16382531349328236,0.36113278391200815,0.6388672160879919,0.6302486512311263,0.36975134876887367,0.20257045944743832,0.7974295405525618,0.19356900017579443,0.8064309998242056,0.2775733219718876,0.7224266780281124,0.7390359244449265,0.26096407555507345,0.6775726026487681,0.32242739735123194
0.14108823481888078,0.8589117651811192,0.8975819007099218,0.1024180992900782,0.8573070255393832,0.1426929744606168,0.21916461643762983,0.7808353835623701,0.7046020332360499,0.2953979667639502,0.14879261313804754,0.8512073868619524,0.15269249889922296,0.847307501100777,0.22205845148678552,0.7779415485132145,0.8432844597925947,0.15671554020740522,0.7657517179501945,0.23424828204980555
0.2514973246652729,0.748502675334727,0.7777972971409838,0.22220270285901614,0.6808472194652239,0.3191527805347762,0.34375124919161054,0.6562487508083894,0.5272965602068221,0.4727034397931779,0.3350434129751226,0.6649565870248775,0.35245113643857007,0.64754886356143,0.44351646853080523,0.5564835314691947,0.7096123235921391,0.2903876764078609,0.7054787063549222,0.29452129364507784
0.45621113525025414,0.5437888647497459,0.6152232744322188,0.3847767255677812,0.4836430494168156,0.5163569505831844,0.6114657451898002,0.3885342548101997,0.3441019191982364,0.6558980808017637,0.47467331259015105,0.525326687409849,0.5327156913290617,0.4672843086709383,0.7038806950114703,0.2961193049885297,0.4550588258536631,0.5449411741463369,0.48361888545320864,0.5163811145467915
0.5654728789500316,0.4345271210499684,0.5091346773391301,0.49086532266086996,0.36540772256917964,0.6345922774308204,0.6997697520052009,0.30023024799479925,0.29080153763419586,0.7091984623658042,0.6020687781207029,0.397931221879297,0.6607570962973698,0.33924290370263027,0.8276480239802427,0.17235197601975716,0.3683699133916796,0.6316300866083204,0.34485726745260925,0.6551427325473907
0.5524261486762222,0.44757385132377786,0.4336238523480222,0.5663761476519777,0.33854738869416606,0.661452611305834,0.7502162580098696,0.24978374199013043,0.2614462661220775,0.7385537338779224,0.5941649625228498,0.4058350374771502,0.6661740081445711,0.333825991855429,0.8137736471116787,0.1862263528883214,0.3309650713649743,0.6690349286350257,0.4270171544274557,0.5729828455725443
0.7378572196821034,0.26214278031789656,0.3133850990742374,0.6866149009257625,0.1786875084411361,0.821312491558864,0.8313942088225138,0.1686057911774862,0.1726291849947206,0.8273708150052794,0.8123371318261317,0.1876628681738683,0.8282072745033081,0.17179272549669194,0.909125794620957,0.09087420537904312,0.14641776395945674,0.8535822360405432,0.18713306848039588,0.8128669315196042
0.6117339433276037,0.38826605667239633,0.4315306327944531,0.5684693672055469,0.24726451703836033,0.7527354829616397,0.7361012919521798,0.26389870804782023,0.24521906706256916,0.7547809329374309,0.7027155406858715,0.2972844593141286,0.7405228044203263,0.2594771955796737,0.8561365431366823,0.1438634568633177,0.24946235364616048,0.7505376463538396,0.3307910979186143,0.6692089020813856
0.717847165057775,0.28215283494222493,0.3149020557778591,0.685097944222141,0.20208456911342526,0.7979154308865747,0.8128367290034149,0.18716327099658506,0.1727918916026106,0.8272081083973893,0.7797366098205978,0.2202633901794022,0.8219830477258575,0.17801695227414246,0.8931754930352601,0.10682450696473982,0.16783705335683768,0.8321629466431624,0.2160247858691263,0.7839752141308737
0.8002129957704852,0.19978700422951481,0.23860541278203498,0.761394587217965,0.140468005778664,0.8595319942213359,0.8608286026790913,0.1391713973209086,0.14234523754968365,0.8576547624503164,0.8513080002874576,0.14869199971254238,0.8672006388228696,0.1327993611771305,0.9324541981530952,0.06754580184690476,0.12446536901774978,0.8755346309822503,0.15042252933805106,0.849577470661949
0.887389022815533,0.11261097718446705,0.11264509178982278,0.8873549082101773,0.07777492019381821,0.9222250798061817,0.9265143322672542,0.07348566773274572,0.08748606891566788,0.9125139310843321,0.9212951626467842,0.07870483735321583,0.9295036252028243,0.07049637479717569,0.9591697713081944,0.040830228691805776,0.06312120805920558,0.9368787919407945,0.08510646616214183,0.9148935338378582
0.9667904847771823,0.03320951522281763,0.03579412256882283,0.9642058774311771,0.028766770060829217,0.9712332299391708,0.9771317187139683,0.022868281286031644,0.03626566860520543,0.9637343313947946,0.9692565669968036,0.030743433003196447,0.9712964066336477,0.0287035933663522,0.9835505613565128,0.01644943864348725,0.0225170149306197,0.9774829850693804,0.02535449674224002,0.9746455032577601
0.9680178283957326,0.031982171604267425,0.027091517582458882,0.9729084824175412,0.022940660110497068,0.977059339889503,0.9811199929139885,0.018880007086011476,0.03223129420815808,0.9677687057918419,0.971045550220096,0.02895444977990399,0.9724074541249396,0.027592545875060423,0.9870403154240723,0.01295968457592759,0.02087026247077914,0.979129737529221,0.01820993754577447,0.9817900624542254
0.9924314127938735,0.007568587206126405,0.009124806437436081,0.9908751935625639,0.006433731151396198,0.9935662688486039,0.9898087990909508,0.010191200909049217,0.021787804353158278,0.9782121956468418,0.987453595583163,0.01254640441683688,0.9880337722406264,0.011966227759373714,0.9935150289346851,0.006484971065314963,0.006665493722870741,0.9933345062771293,0.005737116667200576,0.9942628833327994
0.9883760261596329,0.011623973840367181,0.012645295221217216,0.9873547047787828,0.007127921518662332,0.9928720784813376,0.990022906846008,0.009977093153992068,0.02493951934369417,0.9750604806563059,0.9861372926022789,0.013862707397721021,0.9805165511129317,0.019483448887068246,0.9936196729758826,0.006380327024117456,0.007682466476352177,0.9923175335236477,0.0070618470918140195,0.9929381529081859
0.9908456109275429,0.009154389072457199,0.010963358707233186,0.9890366412927668,0.005814850137880695,0.9941851498621193,0.9911883971369637,0.008811602863036193,0.022740738551182724,0.9772592614488171,0.9887496004865995,0.011250399513400537,0.9839309641587214,0.01606903584127867,0.9950975542435517,0.004902445756448233,0.006470443252879249,0.9935295567471207,0.005875402615278479,0.9941245973847215
0.9941873702827334,0.005812629717266705,0.008268670104368317,0.9917313298956317,0.004659604523225401,0.9953403954767746,0.9937559302379056,0.006244069762094317,0.019677602801200164,0.9803223971987999,0.991474298732776,0.008525701267224036,0.9849152616559077,0.015084738344092262,0.9949015516493745,0.005098448350625401,0.004904654222121874,0.9950953457778781,0.0041862264710186775,0.9958137735289814
0.9928793373185377,0.007120662681462285,0.008019789632078955,0.9919802103679212,0.004082838358247412,0.9959171616417525,0.9926645185462767,0.007335481453723306,0.019045152010569943,0.98095484798943,0.9909196204848607,0.009080379515139389,0.98394538493586,0.01605461506414002,0.9948193629477929,0.005180637052207083,0.005671623717308601,0.9943283762826914,0.0038671794476411517,0.9961328205523589
0.9949302869905843,0.005069713009415799,0.006920217321696136,0.9930797826783039,0.0038084535372063157,0.9961915464627937,0.9929235287025155,0.007076471297484547,0.018258151442460013,0.9817418485575401,0.9919515727057602,0.008048427294239836,0.9876669722668358,0.012333027733164203,0.9955733492481875,0.004426650751812565,0.005113819007565791,0.9948861809924341,0.002960589332565715,0.9970394106674342
0.9914760149155821,0.008523985084418012,0.012040545860940376,0.9879594541390596,0.003804291016882329,0.9961957089831177,0.9911602965337745,0.008839703466225562,0.020533789456773092,0.9794662105432269,0.9887126683480527,0.011287331651947263,0.9761083130941941,0.0238916869058059,0.9941761159283393,0.005823884071660747,0.006979728304551642,0.9930202716954484,0.006032852898084629,0.9939671471019154
0.9943861049922783,0.005613895007721621,0.011354084646814097,0.988645915353186,0.0048588975624443646,0.9951411024375557,0.990638449066852,0.009361550933148163,0.02028364873458963,0.9797163512654105,0.9896510362978667,0.010348963702133422,0.9797001421767163,0.020299857823283834,0.9934428332853701,0.006557166714629962,0.007656072736330814,0.9923439272636692,0.003386112836178944,0.9966138871638209
0.995428815820046,0.004571184179954074,0.012825489277715823,0.9871745107222842,0.0038036364791195596,0.9961963635208805,0.990420251063174,0.009579748936825947,0.0214052796238471,0.9785947203761529,0.9894573192566679,0.010542680743332113,0.9782488823481752,0.021751117651824775,0.9949753327014655,0.005024667298534432,0.007094372700666368,0.9929056272993337,0.0038163545428908613,0.9961836454571091
0.9967886973347253,0.0032113026652747473,0.007979208060310345,0.9920207919396896,0.0032753051745538406,0.9967246948254462,0.9937932036061428,0.006206796393857269,0.01647992822011339,0.9835200717798867,0.9939957619379733,0.0060042380620265925,0.9858628663848937,0.014137133615106186,0.995273024953938,0.004726975046062144,0.005035815520992879,0.9949641844790071,0.0025354203232513138,0.9974645796767487
0.9965878836341563,0.0034121163658436923,0.008330271931561618,0.9916697280684384,0.003127594102514085,0.9968724058974859,0.9934183500019138,0.006581649998086215,0.017308319987560473,0.9826916800124395,0.9927754050597996,0.007224594940200517,0.9842986608300908,0.015701339169909276,0.9955372439686536,0.004462756031346401,0.005646059794128323,0.9943539402058718,0.0028859827884270507,0.9971140172115729
0.9948144905040596,0.005185509495940382,0.012470756323878188,0.9875292436761217,0.0035399783049757383,0.9964600216950243,0.9913585238666275,0.008641476133372464,0.01950167986870914,0.9804983201312908,0.9913172325771099,0.008682767422890036,0.9776344993931845,0.022365500606815587,0.9943370137553905,0.005662986244609484,0.00761700491338958,0.9923829950866103,0.00495091255724642,0.9950490874427537
0.9948349165789909,0.005165083421009038,0.013508745374117967,0.9864912546258822,0.006130759595496961,0.993869240404503,0.9899029846742866,0.01009701532571353,0.024081457995386406,0.9759185420046137,0.9871212508744899,0.01287874912551017,0.9751728968094148,0.02482710319058529,0.9909004198623463,0.009099580137653744,0.008353955064868466,0.9916460449351314,0.00493466238591526,0.9950653376140848
0.9941587914542029,0.005841208545797066,0.016374215179241883,0.983625784820758,0.00886027165107369,0.9911397283489262,0.9862534880716515,0.013746511928348542,0.03247473598853231,0.9675252640114677,0.9841153065078004,0.015884693492199533,0.9733500701292032,0.026649929870796778,0.9900222856417669,0.009977714358233119,0.011464027984008553,0.9885359720159914,0.005018990460290729,0.9949810095397092
0.9957217934388146,0.004278206561185425,0.008024943680300293,0.9919750563196997,0.00589618791814785,0.9941038120818523,0.9926395444366973,0.007360455563302618,0.022610123025922794,0.9773898769740773,0.9893310133067761,0.010668986693223966,0.9825247807052534,0.01747521929474669,0.992370668889761,0.0076293311102388585,0.007444846045918821,0.9925551539540812,0.0036630852628496656,0.9963369147371504
0.9951998330035787,0.004800166996421222,0.009271130913378108,0.9907288690866218,0.006058826984129945,0.99394117301587,0.9922710019829662,0.007728998017033831,0.024437231434831203,0.9755627685651689,0.9880627045394959,0.011937295460504134,0.9776580654252045,0.022341934574795542,0.9918839349907516,0.008116065009248481,0.008781505013710346,0.9912184949862897,0.003914231242280966,0.996085768757719
0.9939656600421282,0.006034339957871872,0.012694341894638294,0.9873056581053617,0.006921295726591388,0.9930787042734087,0.9910534187645583,0.008946581235441651,0.028763650347990704,0.9712363496520093,0.9835834391770749,0.016416560822925134,0.9709278335144149,0.029072166485585107,0.9919918373878259,0.00800816261217417,0.010371092582122581,0.9896289074178773,0.005312816795215438,0.9946871832047846
0.9946013309590797,0.0053986690409202585,0.011752794308849535,0.9882472056911504,0.006472383934752783,0.9935276160652473,0.9905877109361741,0.009412289063825763,0.029476659772697655,0.9705233402273022,0.9843156519627199,0.015684348037280072,0.9760367299427265,0.023963270057273577,0.9917931936982612,0.008206806301738805,0.00755714009212776,0.9924428599078723,0.005254231519431373,0.9947457684805687
0.9934275483846121,0.006572451615387921,0.014611509062633409,0.9853884909373667,0.009140687488192755,0.9908593125118073,0.9882871065362403,0.011712893463759574,0.03618175127638744,0.9638182487236124,0.9831590331647863,0.016840966835213775,0.9710439643013924,0.028956035698607607,0.9893208523241064,0.010679147675893633,0.010494783302190128,0.9895052166978098,0.005209494941462037,0.994790505058538
0.9707969038100113,0.02920309618998865,0.04636509584667545,0.9536349041533245,0.030515593253166568,0.9694844067468333,0.9687549116191126,0.031245088380887284,0.06838452519155477,0.9316154748084452,0.9397895164475254,0.06021048355247461,0.8976798344235929,0.10232016557640722,0.9559387515266153,0.04406124847338463,0.041124627099862684,0.9588753729001372,0.027414069704156316,0.9725859302958436
0.9769831468153453,0.023016853184654674,0.06550254923624471,0.9344974507637552,0.029038144828574173,0.970961855171426,0.9536364393136575,0.046363560686342516,0.07619040885078289,0.9238095911492171,0.9394407363652102,0.06055926363478992,0.9105846202377978,0.08941537976220214,0.9696123482647986,0.030387651735201495,0.043753084515286436,0.9562469154847136,0.019002665067412657,0.9809973349325875
0.9710647757748917,0.028935224225108257,0.07490660057546739,0.9250933994245326,0.025670837077945458,0.9743291629220546,0.9639468813107727,0.0360531186892273,0.07270360819500318,0.9272963918049968,0.9396549795118015,0.0603450204881984,0.9152577410582335,0.08474225894176653,0.9800072493216159,0.01999275067838416,0.031467067737971276,0.9685329322620286,0.03028396851829111,0.9697160314817088
0.947028881447464,0.052971118552536056,0.12315210920924577,0.8768478907907543,0.04698691593906577,0.9530130840609343,0.9462910381947943,0.053708961805205735,0.0967302815573267,0.9032697184426733,0.9111891561981439,0.08881084380185617,0.8776714598681976,0.12232854013180249,0.9705492054102757,0.029450794589724338,0.05958105173230954,0.9404189482676903,0.05612485875433018,0.9438751412456698
0.9538647066703518,0.04613529332964819,0.11803674334524868,0.8819632566547513,0.050958075693278454,0.9490419243067215,0.9604378862433445,0.03956211375665543,0.0735695899204761,0.926430410079524,0.9401437669510989,0.059856233048901065,0.8855048736153911,0.11449512638460888,0.96428137075137,0.03571862924863009,0.0465390959651542,0.9534609040348458,0.0429925137574744,0.9570074862425255
0.9653619899819517,0.0346380100180483,0.09774839793209084,0.9022516020679092,0.03355888956596226,0.9664411104340377,0.9429753174466362,0.05702468255336374,0.06932694144486069,0.9306730585551394,0.9581705226699151,0.041829477330084866,0.9348719277326266,0.06512807226737348,0.973390204457607,0.026609795542392945,0.03941850168788336,0.9605814983121167,0.030348326209006293,0.9696516737909936
0.9874075872388156,0.012592412761184318,0.03367156728703721,0.9663284327129629,0.013582907572160895,0.986417092427839,0.9754296894171108,0.024570310582889197,0.03921996627456536,0.9607800337254346,0.9799895235380482,0.020010476461951678,0.9702408331155756,0.02975916688442439,0.98595737973183,0.014042620268170053,0.016636169428059677,0.9833638305719403,0.014056497447640008,0.9859435025523601
0.9912575259414678,0.008742474058532377,0.02263836929742446,0.9773616307025756,0.01323920902503469,0.9867607909749653,0.9847055533412827,0.015294446658717339,0.03106368173770933,0.9689363182622907,0.9844906084015924,0.015509391598407498,0.9765201656571256,0.023479834342874366,0.9877218126384174,0.012278187361582503,0.014252911132779005,0.9857470888672211,0.008908529582143684,0.9910914704178564
0.9780078328237993,0.021992167176200707,0.03235741156665844,0.9676425884333416,0.018039087916019565,0.9819609120839803,0.9783745375177186,0.02162546248228126,0.032470191459356576,0.9675298085406435,0.9655497704491001,0.03445022955089991,0.9481547726070056,0.0518452273929944,0.9779050355208182,0.02209496447918193,0.029654581479530318,0.9703454185204697,0.020985851654152867,0.9790141483458471
0.9893454363202389,0.010654563679761102,0.01837490183259849,0.9816250981674016,0.011094644206315805,0.9889053557936842,0.980979953798554,0.019020046201445925,0.030921659995155674,0.9690783400048443,0.9747957071080884,0.025204292891911607,0.9752574515839053,0.024742548416094627,0.9882193819609056,0.011780618039094358,0.01418229744018774,0.9858177025598123,0.007662339855371715,0.9923376601446283
0.9306042405831925,0.06939575941680758,0.09316383478683532,0.9068361652131648,0.04604864972047871,0.9539513502795213,0.9493551886459416,0.050644811354058426,0.07878958222478633,0.9212104177752137,0.8982731507290077,0.10172684927099229,0.8909159463461083,0.10908405365389183,0.9659910741466947,0.03400892585330541,0.05058600588800035,0.9494139941119997,0.05378578039319883,0.9462142196068012
0.9320244353837142,0.06797556461628594,0.11116253799359145,0.8888374620064085,0.05130154329908476,0.9486984567009152,0.9458661650595817,0.05413383494041832,0.06987094407023625,0.9301290559297637,0.9086917557458792,0.09130824425412076,0.9072991804818937,0.09270081951810633,0.9796558947383142,0.020344105261685792,0.05717526190781708,0.9428247380921829,0.04599253555276959,0.9540074644472305
0.959958281302007,0.0400417186979931,0.06923915164860509,0.9307608483513948,0.03377955796870111,0.966220442031299,0.9762653648656763,0.023734635134323653,0.042389976336587525,0.9576100236634124,0.9586720142920973,0.04132798570790261,0.9407878158549043,0.05921218414509556,0.9858092194385648,0.014190780561435187,0.02415064538008816,0.9758493546199118,0.02982849271912831,0.9701715072808718
0.9626938992188171,0.03730610078118277,0.050922070134737284,0.9490779298652626,0.02625111776400932,0.9737488822359905,0.9741653104941781,0.025834689505821913,0.03555945098822348,0.9644405490117766,0.970807636380412,0.029192363619587894,0.9621454777266532,0.037854522273346757,0.9880380306836368,0.011961969316363272,0.024940168673418448,0.9750598313265816,0.02158744445383994,0.9784125555461601
0.9335443825998551,0.066455617400145,0.08696222024752416,0.9130377797524758,0.03875421116143816,0.9612457888385618,0.9574367588096699,0.042563241190329996,0.04914793083595838,0.9508520691640417,0.9441021124241077,0.055897887575892355,0.9218935178022176,0.07810648219778242,0.9738155523312173,0.02618444766878255,0.05059953412500382,0.9494004658749962,0.057830092930754494,0.9421699070692454
0.9162738841333234,0.08372611586667658,0.12810955367106236,0.8718904463289376,0.0481768741216494,0.9518231258783507,0.9398352053786355,0.06016479462136437,0.06764321535111592,0.932356784648884,0.9368427438632299,0.0631572561367702,0.9194377770906121,0.0805622229093879,0.976217103835313,0.02378289616468698,0.05388767093514102,0.946112329064859,0.05888902030546792,0.9411109796945321
0.9632069787300347,0.03679302126996533,0.06764032903577079,0.9323596709642292,0.0207465605965406,0.9792534394034593,0.9659798526896038,0.03402014731039607,0.04740795141199668,0.9525920485880033,0.9644089641019872,0.03559103589801276,0.9556284951272005,0.04437150487279943,0.9881447932783325,0.011855206721667462,0.022648615568348615,0.9773513844316515,0.03543077228472612,0.9645692277152739
0.9696711326890188,0.03032886731098116,0.0488969374453764,0.9511030625546236,0.01625069383098782,0.9837493061690121,0.9748262787689184,0.025173721231081577,0.03917908887386344,0.9608209111261367,0.9740305292515705,0.025969470748429434,0.9643036724093809,0.035696327590619255,0.9906104494755512,0.009389550524448858,0.01817380689657532,0.9818261931034247,0.02539294862498152,0.9746070513750186
0.9746812166042106,0.025318783395789374,0.040171028758462686,0.9598289712415373,0.01572659040502038,0.9842734095949796,0.9796584697041149,0.02034153029588519,0.029406214360185142,0.9705937856398148,0.9846040880897803,0.015395911910219785,0.9712268278922261,0.028773172107773932,0.9888374419780296,0.011162558021970432,0.014847533845662435,0.9851524661543375,0.018961215005805693,0.9810387849941943
0.9465941897084474,0.05340581029155258,0.07627484800434618,0.9237251519956537,0.028375282538188547,0.9716247174618116,0.9531848489613497,0.04681515103865022,0.04856009541631999,0.95143990458368,0.9617078424134139,0.038292157586586176,0.948685738037519,0.05131426196248108,0.9789184447440076,0.021081555255992455,0.03456868769220746,0.9654313123077926,0.03776046236231518,0.9622395376376849
0.953556269661016,0.046443730338984086,0.073154660768956,0.9268453392310441,0.02497017747616185,0.9750298225238382,0.9526828748317483,0.04731712516825174,0.050837348131205155,0.9491626518687948,0.9603886270809646,0.039611372919035444,0.9541979095102828,0.045802090489717305,0.9831745367043214,0.016825463295678578,0.03203025677816534,0.9679697432218348,0.04154003807603796,0.958459961923962
0.9620715306434691,0.03792846935653091,0.04996584145643938,0.9500341585435607,0.0193455421619466,0.9806544578380534,0.9746034532126322,0.025396546787367878,0.03705950476060713,0.9629404952393928,0.9730340348347313,0.02696596516526877,0.9625598156062649,0.03744018439373504,0.9885411300733852,0.011458869926614821,0.019411838457778698,0.9805881615422214,0.028989467775374412,0.9710105322246256
0.9759727218089249,0.0240272781910751,0.033044409013505895,0.966955590986494,0.013223936388629889,0.98677606361137,0.98111912617208,0.018880873827920083,0.028083850972769317,0.9719161490272308,0.9818994921341759,0.01810050786582402,0.9744080814350249,0.025591918564975117,0.9927005101713782,0.007299489828621779,0.01401734146680554,0.9859826585331944,0.016795300769610395,0.9832046992303896
0.9835108777966988,0.016489122203301267,0.01958178503994051,0.9804182149600595,0.010226537305096378,0.9897734626949036,0.9875846520493279,0.01241534795067219,0.02271854561904988,0.9772814543809502,0.9860744051197637,0.013925594880236133,0.980885940870762,0.019114059129238074,0.9935265913009852,0.006473408699014718,0.010292199820047768,0.9897078001799523,0.01137491510587761,0.9886250848941224
0.9757336570641251,0.024266342935874992,0.028907433663983847,0.9710925663360163,0.01141564640071375,0.9885843535992863,0.9825172907339574,0.01748270926604253,0.02609556070030227,0.9739044392996977,0.9829704255132347,0.01702957448676535,0.9699623832144502,0.030037616785549778,0.9898878038469554,0.01011219615304471,0.014265908507518408,0.9857340914924816,0.017937533903294087,0.982062466096706
0.9855034527116374,0.014496547288362556,0.02041657223700584,0.9795834277629942,0.011875367998083034,0.988124632001917,0.985672985694742,0.014327014305257865,0.021008277569195356,0.9789917224308046,0.9849516840468943,0.015048315953105882,0.9761079471347051,0.023892052865295048,0.9893049430635977,0.01069505693640232,0.013120960821334217,0.9868790391786658,0.008892614772613999,0.991107385227386
0.9559475475676938,0.044052452432306065,0.05476169794200518,0.9452383020579949,0.025864205100043842,0.9741357948999562,0.963940130130759,0.03605986986924093,0.04447997830311677,0.9555200216968833,0.9438139396305547,0.056186060369445345,0.9332159368094799,0.06678406319052009,0.977574292521242,0.02242570747875816,0.034437841577051834,0.9655621584229481,0.0312225274871986,0.9687774725128013
0.9678817938427342,0.0321182061572658,0.0451107060390874,0.9548892939609126,0.020251613031027387,0.9797483869689726,0.9720543577583769,0.02794564224162298,0.03701744528559228,0.9629825547144079,0.9639217139683671,0.03607828603163303,0.9538849953430298,0.04611500465697023,0.9878051652107851,0.012194834789214782,0.026024886909193662,0.9739751130908064,0.020825352819108224,0.9791746471808918
0.9748290450400242,0.025170954959975695,0.03767732193309388,0.9623226780669061,0.013610430033808674,0.9863895699661913,0.9829409683401965,0.01705903165980352,0.032649793783318046,0.967350206216682,0.9746471602014265,0.025352839798573598,0.9627455823942095,0.037254417605790395,0.9929054766329786,0.0070945233670214455,0.014165285524125378,0.9858347144758746,0.019262763649394887,0.9807372363506052
0.981673477525924,0.018326522474075794,0.02667936696683083,0.9733206330331692,0.010883862656427636,0.9891161373435724,0.9883170457540723,0.011682954245927819,0.022810015381628898,0.9771899846183713,0.9856898679486208,0.014310132051379284,0.9720183174050343,0.027981682594965647,0.9936585395409694,0.006341460459030685,0.011016312630861645,0.9889836873691383,0.012322232646776917,0.9876777673532232
0.9889417674249592,0.011058232575040775,0.01858365248031453,0.9814163475196855,0.007418761832387283,0.9925812381676127,0.9896226944198296,0.010377305580170384,0.019638166567963366,0.9803618334320366,0.987808795920701,0.012191204079298922,0.9806242998553624,0.019375700144637558,0.9961263110062962,0.0038736889937038385,0.008889880351091426,0.9911101196489085,0.008299019786773118,0.991700980213227
0.992630429749742,0.007369570250258043,0.012406828610722469,0.9875931713892776,0.005029684300624892,0.9949703156993751,0.9914366022385517,0.008563397761448316,0.017122544866094862,0.9828774551339052,0.9934407912354994,0.006559208764500542,0.9874725212718204,0.01252747872817958,0.9949482491264836,0.005051750873516436,0.005305239709907837,0.9946947602900922,0.005998331423960229,0.9940016685760398
0.9953779390262283,0.0046220609737717844,0.007787375758517957,0.9922126242414822,0.003737122137159089,0.996262877862841,0.9930025098745463,0.006997490125453721,0.014789074776131662,0.9852109252238684,0.9937039590649849,0.006296040935015077,0.9910417787464145,0.00895822125358555,0.9962977487849533,0.0037022512150467093,0.004627926780363995,0.9953720732196359,0.0040342231646508355,0.9959657768353493
0.9959950203467532,0.004004979653246815,0.005640858350299739,0.9943591416497003,0.002896496664971094,0.997103503335029,0.9946673532828119,0.005332646717188106,0.014030285648907,0.9859697143510929,0.9944858149520077,0.005514185047992282,0.991041788126609,0.008958211873391039,0.9965306569517564,0.003469343048243689,0.003832981678656906,0.996167018321343,0.0031269704740920887,0.996873029525908
0.9398747915506559,0.060125208449344,0.08814463662639402,0.9118553633736061,0.040163528228761784,0.9598364717712383,0.9532271848685764,0.04677281513142369,0.0699431384332768,0.9300568615667233,0.9106302920260269,0.08936970797397326,0.8769223696762583,0.12307763032374167,0.9563934651048955,0.043606534895104535,0.055171948788939454,0.9448280512110606,0.07318220674127932,0.9268177932587207
0.9409792221864947,0.05902077781350536,0.11948942935518723,0.8805105706448128,0.045725657196728366,0.9542743428032716,0.939143062689721,0.060856937310278934,0.07741487436574065,0.9225851256342594,0.902439168012722,0.09756083198727802,0.8918954568383405,0.10810454316165949,0.9711075977733402,0.02889240222665983,0.05144299116551762,0.9485570088344824,0.04667650397739382,0.9533234960226061
0.890193592971709,0.109806407028291,0.2092554442542148,0.7907445557457852,0.07508074759943786,0.9249192524005622,0.9082182415368778,0.09178175846312213,0.12435224146761613,0.8756477585323839,0.8494921628351225,0.1505078371648775,0.8485534872053141,0.15144651279468585,0.9583375005430645,0.041662499456935516,0.07573872004153792,0.9242612799584622,0.11827892661018487,0.8817210733898151
0.875086557536238,0.124913442463762,0.20095245976881612,0.7990475402311839,0.10962785453431949,0.8903721454656804,0.9345799056785778,0.06542009432142226,0.08203617255572561,0.9179638274442743,0.8872730504253649,0.11272694957463512,0.8370636117313871,0.16293638826861281,0.9452493763664509,0.05475062363354908,0.09202010094343403,0.9079798990565661,0.0807756301064921,0.919224369893508
0.9313144727974485,0.06868552720255158,0.1547043326907612,0.8452956673092388,0.07142712221386101,0.9285728777861391,0.9303977679705988,0.06960223202940118,0.0751415149653213,0.9248584850346787,0.9263157491201316,0.07368425087986828,0.899075254417268,0.10092474558273198,0.9670020862007982,0.032997913799201785,0.07581429333855491,0.9241857066614452,0.050377903447436,0.9496220965525639
0.9717893220354059,0.028210677964594068,0.047767750636868486,0.9522322493631314,0.029207670237122934,0.9707923297628771,0.9718015083237432,0.028198491676256845,0.04053185133415299,0.9594681486658471,0.9713364211847013,0.02866357881529856,0.9634230270248338,0.036576972975166225,0.9807003394580227,0.019299660541977272,0.02604880615320019,0.9739511938467998,0.02451732442002317,0.9754826755799769
0.9908829783240207,0.009117021675979166,0.016935108381349973,0.98306489161865,0.010168632628372464,0.9898313673716276,0.9886568235926056,0.011343176407394483,0.02199071796999269,0.9780092820300073,0.9839608300175869,0.016039169982413136,0.9814716776429346,0.018528322357065363,0.9915512795672657,0.008448720432734367,0.011722036543953067,0.9882779634560468,0.01022083476999237,0.9897791652300075
0.9899951992977822,0.010004800702217792,0.011744281247903002,0.9882557187520971,0.007988576815840323,0.9920114231841597,0.992509196550622,0.0074908034493780225,0.018232870112689217,0.9817671298873107,0.9871090765690287,0.012890923430971283,0.9827094069423685,0.017290593057631497,0.9949006645799355,0.005099335420064486,0.009839929859161527,0.9901600701408385,0.00738035682693683,0.9926196431730631
0.9946732278570897,0.005326772142910333,0.008367268208116294,0.9916327317918837,0.004707582754900428,0.9952924172450996,0.9916014998537441,0.008398500146255867,0.02129567534224439,0.9787043246577557,0.9886861376759912,0.011313862324008696,0.986961500487875,0.013038499512125018,0.9942968361432544,0.005703163856745607,0.005222048064828421,0.9947779519351715,0.004902288839504768,0.9950977111604952
0.9937105633726291,0.006289436627370817,0.009708257452757925,0.9902917425472422,0.005181317158750315,0.9948186828412497,0.9910062596865673,0.008993740313432683,0.024543627754978047,0.9754563722450219,0.9897289479174752,0.010271052082524781,0.9857466777897151,0.014253322210284828,0.9949119765059218,0.005088023494078209,0.005720159680633465,0.9942798403193666,0.004286533164324295,0.9957134668356759
0.993923631001644,0.006076368998356033,0.007243213641917465,0.9927567863580826,0.00433451374106309,0.9956654862589368,0.9933966454357739,0.006603354564226253,0.02034908774820132,0.9796509122517988,0.9918779157032646,0.008122084296735327,0.9871346307307441,0.012865369269255897,0.9950234077939354,0.0049765922060647306,0.005037857826377935,0.994962142173622,0.00412619751366962,0.9958738024863305
0.9940784836259724,0.005921516374027468,0.007568398624735366,0.9924316013752648,0.004349029861225575,0.9956509701387745,0.992976366186331,0.00702363381366894,0.020524663283372397,0.9794753367166276,0.9921194142305149,0.0078805857694852,0.9882943686169949,0.011705631383005049,0.9955683073094329,0.004431692690567231,0.004760906049535275,0.9952390939504647,0.0035223626607717162,0.9964776373392282
0.9937836648676996,0.006216335132300372,0.007859296529635346,0.9921407034703646,0.004268623515182029,0.9957313764848179,0.9930956708623458,0.006904329137654117,0.020548089082666143,0.9794519109173339,0.991705333917347,0.008294666082653071,0.9880478309620735,0.011952169037926483,0.9959454749992926,0.004054525000707455,0.004657863667475163,0.9953421363325248,0.0039770445079219795,0.996022955492078
0.9749290108630025,0.025070989136997558,0.028997734027037425,0.9710022659729625,0.014072410530263618,0.9859275894697365,0.9813034178695966,0.01869658213040322,0.03787373532591959,0.9621262646740804,0.9666493296679534,0.033350670332046674,0.9549209839665387,0.04507901603346131,0.9855663001494648,0.014433699850535272,0.017442941147273384,0.9825570588527267,0.024212949367559015,0.9757870506324409
0.9754561851577591,0.024543814842240833,0.05305186352691489,0.9469481364730851,0.014761037900319896,0.9852389620996802,0.9709473043718667,0.029052695628133222,0.046569162680764546,0.9534308373192355,0.9631988586465993,0.03680114135340068,0.9512210935394959,0.04877890646050413,0.990234755401948,0.009765244598051882,0.01868957635995728,0.9813104236400427,0.02333264936803632,0.9766673506319637
0.9839636631898465,0.016036336810153557,0.03931131388224017,0.9606886861177599,0.009877162807183546,0.9901228371928165,0.9818031338694624,0.018196866130537583,0.0333058701761192,0.9666941298238808,0.981791896604791,0.01820810339520897,0.9657152628973187,0.03428473710268126,0.9913234019735966,0.008676598026403387,0.009449056836939888,0.9905509431630601,0.01730015393558215,0.9826998460644177
0.9899641957304872,0.010035804269512933,0.032188105711368396,0.9678118942886316,0.008330290709946845,0.9916697092900532,0.9833891282527735,0.016610871747226467,0.02873037438439882,0.9712696256156012,0.985701257115435,0.014298742884564978,0.9689414398619487,0.03105856013805127,0.9933795800133626,0.006620419986637345,0.012356613154125817,0.9876433868458742,0.00947346586719701,0.9905265341328029
0.9923057701142827,0.007694229885717273,0.01915258983034272,0.9808474101696573,0.006748741496838625,0.9932512585031613,0.9888362834910133,0.011163716508986721,0.022056864553494288,0.9779431354465057,0.9907468921387099,0.009253107861290046,0.9802916662156911,0.01970833378430885,0.9934315240682089,0.006568475931791129,0.00857343321429919,0.991426566785701,0.007213684717543359,0.9927863152824568
0.9932601011180949,0.006739898881905011,0.017355787095686557,0.9826442129043136,0.0066300652418147515,0.9933699347581852,0.9890044071515834,0.010995592848416613,0.02116403816199176,0.9788359618380083,0.9909538944525088,0.00904610554749131,0.9820864722558752,0.017913527744124715,0.9933557005367443,0.0066442994632557335,0.008393662451872423,0.9916063375481277,0.006567561333272592,0.9934324386667275
0.9943213077347463,0.005678692265253705,0.012242307800964658,0.9877576921990354,0.004014866891190198,0.9959851331088097,0.9912172415001915,0.008782758499808502,0.01716337854877555,0.9828366214512244,0.9914321698738484,0.008567830126151702,0.9827348642905774,0.01726513570942265,0.9943708380654197,0.005629161934580184,0.007235265995822621,0.9927647340041774,0.006265128273071747,0.9937348717269282
0.995183486174234,0.00481651382576598,0.009574400229799959,0.9904255997702001,0.0027738300728492693,0.9972261699271507,0.991118831260166,0.0088811687398341,0.017598613246926978,0.982401386753073,0.9921099011929652,0.007890098807034751,0.9881349243082447,0.011865075691755293,0.9966677120611801,0.0033322879388200262,0.004768712604983435,0.9952312873950165,0.004799838936813932,0.9952001610631861
0.9949011277322898,0.0050988722677100815,0.008675883449715633,0.9913241165502843,0.002762995555472034,0.9972370044445279,0.9934144828460396,0.006585517153960307,0.017211112437193133,0.9827888875628068,0.9937688215188781,0.006231178481121766,0.9883449424156675,0.011655057584332431,0.9968406524331818,0.0031593475668181587,0.003452920113049353,0.9965470798869507,0.00428121132378223,0.9957187886762178
0.9955536038163415,0.00444639618365852,0.007074615328903129,0.9929253846710968,0.00259970194699805,0.997400298053002,0.9942535022339616,0.005746497766038345,0.015264076182188864,0.984735923817811,0.9947166996582534,0.005283300341746504,0.9895056812203035,0.010494318779696605,0.9971236448566844,0.002876355143315586,0.0034302696719512977,0.9965697303280486,0.0031543890881208358,0.9968456109118791
0.9959593236144061,0.004040676385593861,0.006158496387012359,0.9938415036129876,0.002886951095938444,0.9971130489040615,0.9947592024542395,0.005240797545760465,0.014528447718130959,0.9854715522818691,0.9949779111252268,0.005022088874773161,0.990227690403989,0.009772309596011,0.9967492274703842,0.003250772529615681,0.0036194552248833387,0.9963805447751167,0.002738936851852107,0.9972610631481479
0.9954443744449174,0.004555625555082744,0.006211068545629047,0.993788931454371,0.0025060941744337786,0.9974939058255662,0.9940412438564883,0.0059587561435117025,0.014348016367321982,0.9856519836326781,0.9949851483537138,0.00501485164628627,0.9901045513286313,0.009895448671368599,0.9963686643218187,0.00363133567818122,0.003733912170432675,0.9962660878295673,0.0031951671543741043,0.9968048328456259
0.9937299878314052,0.0062700121685946774,0.008560289037945598,0.9914397109620543,0.002728697811872235,0.9972713021881277,0.9922285000225406,0.007771499977459495,0.015783300864143472,0.9842166991358566,0.9929617407115473,0.007038259288452622,0.9866483910727679,0.013351608927231967,0.9963783631941489,0.0036216368058512387,0.005076128631580445,0.9949238713684196,0.00482714796592216,0.9951728520340778
0.994421275961292,0.005578724038707835,0.007991424969263732,0.9920085750307363,0.003088233855864728,0.9969117661441352,0.9933647327498998,0.0066352672501002454,0.016274219167708454,0.9837257808322916,0.9930145958880903,0.006985404111909647,0.9874429278716427,0.012557072128357322,0.9964158917443947,0.0035841082556052166,0.004007651527944783,0.9959923484720552,0.0037852572856767294,0.9962147427143233
0.9961510517765398,0.003848948223460187,0.007480615711806919,0.9925193842881931,0.002429637308482284,0.9975703626915178,0.9937069345390546,0.0062930654609452885,0.015732721710220967,0.9842672782897791,0.9939420164852337,0.00605798351476626,0.9882039776856983,0.011796022314301647,0.9971419501625199,0.00285804983748005,0.003758804330836976,0.996241195669163,0.0029125827640518937,0.9970874172359481
0.9958084530756266,0.0041915469243732776,0.007687750417856517,0.9923122495821436,0.002196452394003173,0.9978035476059969,0.9944643560459676,0.005535643954032406,0.01422083796929787,0.9857791620307021,0.9945657843661861,0.00543421563381395,0.9851816042877648,0.01481839571223517,0.9964900978546912,0.0035099021453088002,0.004327633248104342,0.9956723667518956,0.0035346628805816836,0.9964653371194184
0.9964150451767912,0.003584954823208812,0.007908414731226833,0.9920915852687731,0.0023681151725949466,0.9976318848274051,0.9938555463258528,0.0061444536741471455,0.01434101853434123,0.9856589814656587,0.9951971949763064,0.004802805023693653,0.9867874668989988,0.013212533101001222,0.9962033191724384,0.003796680827561651,0.004154229987705034,0.995845770012295,0.0025521771878149794,0.997447822812185
0.9965732017971558,0.0034267982028441165,0.008283953322670316,0.9917160466773296,0.0023081118642923433,0.9976918881357077,0.9931889394264387,0.006811060573561319,0.01509683260593987,0.98490316739406,0.9944939510102853,0.005506048989714738,0.9871065431670463,0.01289345683295378,0.9967532705309397,0.003246729469060297,0.00448955112094499,0.9955104488790549,0.0027138352638183673,0.9972861647361817
0.997089193400976,0.0029108065990240276,0.006095529607239223,0.9939044703927609,0.002084628749845288,0.9979153712501547,0.9946635755285498,0.00533642447145037,0.01373956577845539,0.9862604342215445,0.9950540036779529,0.00494599632204718,0.989888500120863,0.010111499879136898,0.9971059152495676,0.0028940847504323798,0.00358324935779616,0.9964167506422038,0.0026027417693275075,0.9973972582306724
0.9966759768682065,0.0033240231317935897,0.006038978328651678,0.9939610216713484,0.002152665528183497,0.9978473344718164,0.9952463725630538,0.004753627436946061,0.013679228333645613,0.9863207716663545,0.9953917053201068,0.004608294679893261,0.9898831818777635,0.010116818122236491,0.997286050016745,0.002713949983254903,0.0031927173758421225,0.9968072826241577,0.002562798034071871,0.9974372019659281
0.997108162730602,0.0028918372693980984,0.006019376585168977,0.9939806234148311,0.0024615247472947275,0.9975384752527053,0.9952213608703279,0.004778639129672132,0.014043127751767156,0.9859568722482328,0.9952693998009028,0.0047306001990971335,0.9886077031001821,0.011392296899817916,0.9963970345435592,0.0036029654564408713,0.003657992344824016,0.9963420076551761,0.0023947209426708025,0.9976052790573291
0.9880136765518294,0.011986323448170551,0.021909857914828607,0.9780901420851715,0.0073998393767568706,0.9926001606232432,0.984647888034887,0.015352111965113097,0.029044331251715946,0.9709556687482841,0.9779826576548303,0.022017342345169767,0.9567250729861537,0.043274927013846186,0.9868023873352967,0.013197612664703418,0.014491540508990802,0.9855084594910093,0.012505244990108667,0.9874947550098914
0.9800367775692275,0.01996322243077247,0.04560577398159476,0.9543942260184053,0.029019838379820886,0.9709801616201791,0.9665158451165287,0.03348415488347141,0.057918691831774095,0.9420813081682258,0.9549112574907875,0.045088742509212444,0.9300670432853467,0.0699329567146532,0.9654477215388554,0.034552278461144594,0.029707106809696595,0.9702928931903033,0.014556300325894465,0.9854436996741055
0.7076149484736225,0.29238505152637756,0.42279601808213246,0.5772039819178676,0.3162855378192308,0.6837144621807693,0.7299941308608232,0.2700058691391768,0.327916746115721,0.6720832538842789,0.5139279411544436,0.48607205884555643,0.5101062817220555,0.48989371827794453,0.7048737063425458,0.2951262936574543,0.3348553922350163,0.6651446077649837,0.27914139605837424,0.7208586039416258
0.8024276692953698,0.19757233070463023,0.35896292021008824,0.6410370797899118,0.25399209551317936,0.7460079044868207,0.7862314399790966,0.21376856002090341,0.2387002299807047,0.7612997700192953,0.6509952674011443,0.3490047325988557,0.6064428127709904,0.3935571872290095,0.8047441611941818,0.19525583880581818,0.2790468746249304,0.7209531253750696,0.13574828996825417,0.8642517100317458
0.9276519098466935,0.07234809015330634,0.19068354421772604,0.809316455782274,0.08174348420637724,0.9182565157936228,0.9280887536417055,0.07191124635829456,0.11617433563417669,0.8838256643658233,0.864153114536357,0.1358468854636429,0.820110529028653,0.17988947097134705,0.9615717243813571,0.038428275618642954,0.09373707771424342,0.9062629222857567,0.0653777661877942,0.9346222338122058
0.9418866969804547,0.05811330301954536,0.1065179680748273,0.8934820319251726,0.05406488258600483,0.9459351174139952,0.9601577477995477,0.0398422522004522,0.07194889438705655,0.9280511056129434,0.9332436742813442,0.06675632571865567,0.8883940366752127,0.11160596332478738,0.967619161420148,0.03238083857985192,0.05907028599579417,0.9409297140042058,0.04871841181086419,0.9512815881891358
0.9558689246929417,0.04413107530705827,0.08688794798635006,0.9131120520136499,0.04234006287248811,0.957659937127512,0.9649439904005227,0.035056009599477356,0.06303428160383101,0.9369657183961689,0.9356783431145916,0.06432165688540828,0.9130809606889628,0.08691903931103719,0.9778248459638188,0.022175154036181335,0.047356563632736555,0.9526434363672636,0.040729580690352006,0.959270419309648
0.9705465073467662,0.029453492653233843,0.05908354671296456,0.9409164532870354,0.02621425292490197,0.9737857470750979,0.9761830632210702,0.023816936778929768,0.04038462544256046,0.9596153745574394,0.9753109344595334,0.024689065540466567,0.9555917282473636,0.044408271752636355,0.9842171221420762,0.015782877857923688,0.022467670873041558,0.9775323291269584,0.023011818873809833,0.9769881811261901
0.9939697220160197,0.006030277983980272,0.017784405969070938,0.9822155940309291,0.008607041500677976,0.9913929584993221,0.984769397558267,0.015230602441733134,0.02601535412875923,0.9739846458712408,0.9857563910197238,0.014243608980276254,0.9847125188668978,0.015287481133102212,0.9908151052873951,0.009184894712604846,0.009796015345627058,0.9902039846543729,0.008498408263982696,0.9915015917360174
0.9814760337469628,0.018523966253037174,0.021656771676412376,0.9783432283235877,0.011229729021866721,0.9887702709781332,0.9804422193031589,0.01955778069684114,0.028959118698734843,0.9710408813012652,0.9810083609722857,0.01899163902771432,0.9741972703212836,0.025802729678716545,0.985657948111877,0.014342051888123097,0.01569972686297871,0.9843002731370213,0.01412843127176466,0.9858715687282353
0.9855439260289343,0.01445607397106566,0.021539847043926957,0.978460152956073,0.01691393731270017,0.9830860626872998,0.9796458338445261,0.020354166155473925,0.032075847958704,0.9679241520412959,0.9774245058233151,0.02257549417668494,0.9766428574913045,0.023357142508695385,0.984752263363808,0.015247736636191994,0.017981378553121312,0.9820186214468788,0.007823159860470726,0.9921768401395293
0.9875275626733173,0.012472437326682604,0.015792937390802234,0.9842070626091977,0.010596387127993634,0.9894036128720063,0.9852885099366155,0.014711490063384524,0.02949055165604083,0.9705094483439592,0.9770412945102531,0.022958705489746965,0.9778071994881253,0.022192800511874677,0.992035778722073,0.007964221277926932,0.012834510917307822,0.9871654890826923,0.006970621979497612,0.9930293780205023
0.9915996756124756,0.008400324387524315,0.009869377777846574,0.9901306222221534,0.008279995220652028,0.991720004779348,0.9908298890441486,0.009170110955851388,0.025589131486768234,0.9744108685132318,0.9853019807446834,0.01469801925531666,0.9846270344226032,0.015372965577396853,0.9936231842353224,0.006376815764677682,0.00861493345325948,0.9913850665467404,0.004910169145276818,0.9950898308547231
0.990569675667544,0.009430324332456143,0.011636352885680944,0.9883636471143191,0.008333339370145543,0.9916666606298545,0.9914976599720395,0.008502340027960418,0.027467823862678903,0.9725321761373212,0.9858707585443071,0.014129241455692975,0.9825052581355919,0.017494741864408265,0.9941920857189666,0.005807914281033489,0.007513297390105231,0.9924867026098948,0.005938912679823752,0.9940610873201763
0.9914748456793563,0.008525154320643626,0.009499910956545295,0.9905000890434548,0.0053090000260913985,0.9946909999739086,0.992911324340507,0.007088675659492889,0.02149396726366081,0.9785060327363393,0.9904964198777704,0.009503580122229575,0.9831721709876141,0.016827829012385876,0.9942851388047214,0.005714861195278608,0.006182754980686256,0.9938172450193137,0.005784245335769472,0.9942157546642305
0.9920516387830459,0.007948361216954074,0.010768761164169187,0.9892312388358308,0.004643925723915126,0.9953560742760847,0.9908691390822785,0.009130860917721535,0.02109538016874576,0.9789046198312543,0.9886146797042268,0.011385320295773235,0.9857126952188806,0.014287304781119439,0.9962926641502583,0.0037073358497418385,0.0056566785937305995,0.9943433214062695,0.005944018021626306,0.9940559819783736
0.9956553647460658,0.004344635253934247,0.00812729520363533,0.9918727047963646,0.002333644991030105,0.9976663550089698,0.9940302543024239,0.0059697456975761915,0.015785542150422376,0.9842144578495776,0.9947926300471343,0.005207369952865802,0.9883084290207776,0.011691570979222288,0.9970096339878112,0.0029903660121887153,0.003138919491540092,0.99686108050846,0.0035012174338939065,0.9964987825661061
0.9954524942182151,0.004547505781784815,0.008115235700967916,0.991884764299032,0.0023640375797922258,0.9976359624202077,0.9934875917810126,0.006512408218987398,0.015676108759931,0.9843238912400689,0.9944759583788091,0.005524041621190806,0.9886990281889398,0.01130097181106026,0.9971558759033413,0.0028441240966586285,0.003740011596330892,0.996259988403669,0.003467429287770882,0.996532570712229
0.9964872866362029,0.003512713363797047,0.0067573552451599805,0.9932426447548399,0.0024383609810492723,0.9975616390189508,0.994410021154005,0.005589978845995098,0.014263400504512568,0.9857365994954875,0.9956838906765095,0.0043161093234904005,0.9894649789738912,0.010535021026108734,0.996423349088211,0.0035766509117889675,0.0036388102257547536,0.9963611897742453,0.0026731721889964753,0.9973268278110035
0.995313968085957,0.004686031914043078,0.0091954217453031,0.9908045782546969,0.0024082983276824395,0.9975917016723176,0.991821518918104,0.008178481081896012,0.016325198812591143,0.9836748011874089,0.9942081694362603,0.005791830563739651,0.9862622884191472,0.013737711580852905,0.9956967232741565,0.00430327672584346,0.005051769438235999,0.9949482305617641,0.0035584005877847638,0.9964415994122151
0.9966544422752472,0.0033455577247527984,0.008226213423350637,0.9917737865766493,0.002817484716575316,0.9971825152834246,0.9922438334074589,0.007756166592541033,0.016481917587473468,0.9835180824125265,0.9938821933885897,0.006117806611410311,0.9875543958913265,0.012445604108673495,0.9953645319152015,0.004635468084798407,0.004942629382393187,0.9950573706176068,0.0028669611938651972,0.9971330388061349
0.995878784055568,0.004121215944432026,0.008272477761555158,0.9917275222384448,0.0023819849661883526,0.9976180150338116,0.9925336831460803,0.007466316853919847,0.016933996559278543,0.9830660034407216,0.9930007031147826,0.006999296885217404,0.985391163018497,0.0146088369815029,0.9959817205312523,0.004018279468747649,0.004985174239163867,0.9950148257608361,0.003214459858940025,0.99678554014106
0.9967558709912065,0.0032441290087934123,0.006153658351323788,0.9938463416486762,0.002323271830974577,0.9976767281690253,0.9943616148856257,0.005638385114374304,0.014177785639039733,0.9858222143609603,0.9948217911240836,0.005178208875916364,0.988520496526013,0.011479503473986912,0.9965519269912326,0.0034480730087673842,0.004077284912097663,0.9959227150879024,0.002135380410155306,0.9978646195898446
0.9970607020106185,0.00293929798938149,0.006894104813201693,0.9931058951867983,0.0024801561654069454,0.9975198438345931,0.9942567113289982,0.00574328867100174,0.015805209705637487,0.9841947902943624,0.9940628894946706,0.005937110505329429,0.9877291664038204,0.012270833596179675,0.9967840664628909,0.0032159335371092918,0.004072327985605393,0.9959276720143945,0.002483055146092301,0.9975169448539076
0.996550586076646,0.00344941392335392,0.007224391389835713,0.9927756086101643,0.00390772299289209,0.996092277007108,0.9944265374827653,0.005573462517234657,0.01707333419634164,0.9829266658036584,0.9934733144371981,0.006526685562801826,0.9854588595311733,0.01454114046882669,0.9945367129592141,0.005463287040785822,0.004913254869062503,0.9950867451309374,0.002871967411505798,0.9971280325884941
0.9957253698917108,0.004274630108289148,0.007612216625205453,0.9923877833747945,0.0037463766160889403,0.996253623383911,0.9927420897874228,0.007257910212577212,0.01879220771441846,0.9812077922855816,0.9901156569870267,0.009884343012973144,0.9803692127025727,0.019630787297427253,0.9932229290891997,0.006777070910800335,0.007079597094702049,0.9929204029052978,0.0033379722549409466,0.9966620277450591
0.9962249325481869,0.003775067451813204,0.008217203752738458,0.9917827962472616,0.003559252512501603,0.9964407474874983,0.9924225169668419,0.007577483033158041,0.019173259159983403,0.9808267408400165,0.9915099802456563,0.008490019754343823,0.9834276011947036,0.01657239880529635,0.9949991792465207,0.005000820753479359,0.006136272081952366,0.9938637279180476,0.002749684427845381,0.9972503155721547
0.9955329644991895,0.004467035500810426,0.009824609253360084,0.9901753907466398,0.0054746837201649565,0.994525316279835,0.9924395322477088,0.007560467752291158,0.023835508137898035,0.976164491862102,0.9888439470432854,0.011156052956714605,0.9792909023877275,0.02070909761227246,0.9928491816397155,0.007150818360284473,0.0066823117210700386,0.9933176882789301,0.004004189128356657,0.9959958108716432
0.9954571053026531,0.004542894697347042,0.008891385235728173,0.9911086147642718,0.005298084708301661,0.9947019152916984,0.9921976629213206,0.007802337078679313,0.024216816823495267,0.9757831831765047,0.9886804537891158,0.011319546210884171,0.9795164561525421,0.020483543847457784,0.9930302339157294,0.00696976608427046,0.007476420383943981,0.9925235796160561,0.0032523346886278934,0.996747665311372
0.992391936184046,0.007608063815953974,0.01484049155975971,0.9851595084402401,0.007628384749374701,0.9923716152506253,0.9891316334786149,0.01086836652138514,0.030350048848506683,0.9696499511514932,0.9808801033914625,0.019119896608537485,0.9609337622691217,0.03906623773087812,0.9879717878525731,0.012028212147426892,0.013275565542139883,0.9867244344578602,0.007180820350412918,0.9928191796495871
0.9940531835295754,0.0059468164704246556,0.01570313597631318,0.9842968640236869,0.005741205542416084,0.9942587944575839,0.9892312648614989,0.010768735138500993,0.02813852077934333,0.9718614792206567,0.9854349622387718,0.014565037761228148,0.9710382927409533,0.0289617072590468,0.993024026845087,0.006975973154913018,0.00902722239038396,0.990972777609616,0.0045345309024152425,0.9954654690975847
0.9923362437500147,0.007663756249985252,0.02037087163304405,0.979629128366956,0.006293781842861092,0.993706218157139,0.9875241942332241,0.012475805766775783,0.03170921147201325,0.9682907885279868,0.981964694659551,0.01803530534044894,0.970012992746648,0.02998700725335202,0.9932138268759986,0.0067861731240015325,0.008763088770176626,0.9912369112298234,0.008215763706561534,0.9917842362934385
0.9932821739264606,0.00671782607353953,0.016704882501376434,0.9832951174986235,0.0058516566587089895,0.994148343341291,0.9908265873639706,0.0091734126360294,0.02559369962430386,0.9744063003756961,0.9865583370236772,0.013441662976322849,0.9745102292328943,0.0254897707671057,0.9946723002229602,0.005327699777039943,0.007762295709727158,0.9922377042902728,0.005951469783791317,0.9940485302162086
0.994118200602065,0.005881799397934895,0.019199283961319258,0.9808007160386807,0.007644014054151468,0.9923559859458485,0.9890551080584788,0.010944891941521226,0.026824308230541938,0.9731756917694581,0.9891152875687195,0.010884712431280662,0.9714333096824864,0.028566690317513542,0.989939507296403,0.01006049270359703,0.009424009168849857,0.9905759908311501,0.005770099041396889,0.9942299009586031
0.9947455295178995,0.0052544704821004965,0.01624816746541486,0.9837518325345851,0.006634846648800153,0.9933651533511998,0.9862025899990617,0.013797410000938407,0.025889898703857956,0.974110101296142,0.988820613283928,0.011179386716071962,0.9797270992221978,0.020272900777802312,0.9912961269450358,0.008703873054964228,0.009915057593693337,0.9900849424063066,0.004960070335533874,0.9950399296644661
0.9951668667661756,0.0048331332338243166,0.013606827978429352,0.9863931720215706,0.005059305200627688,0.9949406947993723,0.98817896357016,0.011821036429840106,0.023904560128655074,0.976095439871345,0.9889760720367744,0.01102392796322551,0.979213177632747,0.020786822367252947,0.9915412316718749,0.008458768328125052,0.009001739440613223,0.9909982605593869,0.006051923357372644,0.9939480766426273
0.9956325897781633,0.004367410221836747,0.011383563319672928,0.988616436680327,0.00474307921543497,0.995256920784565,0.9912011863027003,0.008798813697299608,0.022643609787447772,0.9773563902125522,0.9901109956856808,0.009889004314319084,0.981707517648133,0.018292482351867045,0.9943604938672881,0.0056395061327119324,0.00746230029622132,0.9925376997037786,0.0038018559720407624,0.9961981440279593
0.9941928697725269,0.005807130227473196,0.014601200659317443,0.9853987993406825,0.008997079721976975,0.9910029202780231,0.9888721994404864,0.011127800559513621,0.03125504788850623,0.9687449521114937,0.984195035230718,0.015804964769281952,0.9726187823055414,0.027381217694458636,0.9886569569597379,0.011343043040262098,0.010554540282299747,0.9894454597177004,0.005774760442371706,0.9942252395576284
0.9937373895667806,0.0062626104332193155,0.01052938083454622,0.9894706191654538,0.0069917470546395155,0.9930082529453605,0.9898022399474927,0.010197760052507348,0.027682547743985476,0.9723174522560145,0.9833539562097812,0.01664604379021882,0.9739321025924964,0.026067897407503524,0.9900578096787498,0.009942190321250302,0.010725427486648656,0.9892745725133513,0.004362542784684965,0.9956374572153152
0.7976524266568458,0.20234757334315423,0.31092440458135756,0.6890755954186424,0.20774487202897476,0.7922551279710253,0.8230329827457271,0.17696701725427297,0.25262614075139467,0.7473738592486053,0.6603615510135775,0.33963844898642254,0.6122920863294331,0.38770791367056695,0.8019965981244169,0.19800340187558307,0.23942955216533493,0.760570447834665,0.23925513690823266,0.7607448630917673
0.7975705194956972,0.20242948050430284,0.4013925016183573,0.5986074983816427,0.23264022524099767,0.7673597747590023,0.8023985560767783,0.1976014439232216,0.25538942188542346,0.7446105781145766,0.6422267262589539,0.35777327374104606,0.6244390228919542,0.3755609771080458,0.8440182801040064,0.15598171989599366,0.22785404721063354,0.7721459527893666,0.16390986082771428,0.8360901391722857
0.8360664714127718,0.16393352858722826,0.35679194902329797,0.643208050976702,0.1515612193755244,0.8484387806244756,0.8434380742132862,0.1565619257867139,0.20738985988988423,0.7926101401101158,0.7314134242062085,0.2685865757937915,0.7273038784782722,0.2726961215217279,0.9222451883617941,0.07775481163820594,0.16547328023739205,0.834526719762608,0.17556169310259806,0.8244383068974019
0.8368338690230411,0.16316613097695892,0.2428595729071517,0.7571404270928482,0.1335955278913998,0.8664044721086003,0.9070849350665576,0.09291506493344225,0.1334690419604675,0.8665309580395325,0.8355327337798486,0.16446726622015134,0.7982487566433251,0.2017512433566749,0.9388738673802435,0.06112613261975645,0.1404409346527346,0.8595590653472653,0.13071341219199853,0.8692865878080015
0.8955900307455739,0.10440996925442622,0.20097725329517682,0.7990227467048233,0.09849893933451308,0.9015010606654869,0.9264326747617369,0.07356732523826308,0.09522233442701365,0.9047776655729863,0.9141314578940025,0.08586854210599738,0.8546462137916523,0.1453537862083476,0.9410701568144807,0.058929843185519366,0.08371212601056924,0.9162878739894307,0.08339550561502139,0.9166044943849787
0.9223615616264093,0.07763843837359068,0.15771799866049752,0.8422820013395024,0.0790423565858952,0.9209576434141048,0.9130127202187613,0.08698727978123864,0.09145405576937282,0.9085459442306272,0.9226713905994212,0.07732860940057883,0.8970260177844267,0.10297398221557331,0.9521829917812222,0.04781700821877774,0.08510244151117721,0.9148975584888228,0.06359775772406094,0.9364022422759389
0.988110681756677,0.011889318243322846,0.027067154919849214,0.9729328450801509,0.012131160365263106,0.9878688396347369,0.9786573366266005,0.021342663373399514,0.03328696092275829,0.9667130390772418,0.9795767723271799,0.020423227672820208,0.9783186819294443,0.021681318070555736,0.9882519054171017,0.01174809458289831,0.013719724307414218,0.9862802756925858,0.01605646553800281,0.9839435344619971
0.9900910407152451,0.009908959284755011,0.0171661664143419,0.9828338335856582,0.014072753854790735,0.9859272461452092,0.9871877186468694,0.012812281353130561,0.029161177221810546,0.9708388227781896,0.9847085756335842,0.01529142436641596,0.9817115868892429,0.018288413110757046,0.9875905225760487,0.01240947742395116,0.012596462062219297,0.9874035379377808,0.008318841762022544,0.9916811582379774
0.9923948064096564,0.007605193590343538,0.01275922424645177,0.9872407757535483,0.011747149649222058,0.988252850350778,0.9873407036769581,0.012659296323041951,0.03135065605098894,0.968649343949011,0.9817413200485208,0.018258679951479354,0.9828909340614085,0.017109065938591603,0.9903463724653243,0.009653627534675602,0.011684883933587365,0.9883151160664126,0.0062574489549243216,0.9937425510450758
0.9924493876724777,0.0075506123275222515,0.00923357175585841,0.9907664282441415,0.007884119655970103,0.9921158803440299,0.9900293036904186,0.009970696309581424,0.028765382562142474,0.9712346174378577,0.9852330139056327,0.014766986094367399,0.9835356457922668,0.016464354207733133,0.9910299469242162,0.008970053075783831,0.008032245052017706,0.9919677549479824,0.006482675261077446,0.9935173247389226
0.9847218282731934,0.015278171726806596,0.016875545390180033,0.98312445460982,0.012610806518735007,0.9873891934812651,0.9857662939533932,0.014233706046606922,0.03958085459898986,0.9604191454010101,0.9737287493996465,0.026271250600353534,0.9669379640269012,0.0330620359730987,0.9871326774187783,0.012867322581221792,0.014266782611059162,0.9857332173889409,0.011146900548110792,0.9888530994518893
0.9630598922567629,0.036940107743237215,0.05160969601255978,0.9483903039874403,0.028654085297689636,0.9713459147023104,0.9694140818718375,0.030585918128162585,0.06859176392506866,0.9314082360749314,0.9354846603254398,0.06451533967456029,0.9356125268342224,0.06438747316577766,0.9822436462486666,0.017756353751333404,0.02812743833019677,0.9718725616698033,0.032680188330546804,0.9673198116694531
0.9721569316322902,0.02784306836770991,0.04068707167671536,0.9593129283232847,0.023735536189943198,0.9762644638100567,0.979013997481439,0.02098600251856097,0.051303242780617646,0.9486967572193824,0.9552308738454688,0.04476912615453122,0.9509451886102155,0.049054811389784445,0.9847638229099231,0.015236177090076755,0.016815969515083354,0.9831840304849168,0.023173305698828757,0.9768266943011712
0.9718499649624738,0.02815003503752622,0.03936222503429443,0.9606377749657055,0.022141296304489314,0.9778587036955106,0.9788754389960158,0.02112456100398415,0.04427587848364061,0.9557241215163593,0.9643448296382119,0.035655170361788016,0.9606129982948198,0.03938700170518015,0.9905591996610845,0.009440800338915567,0.017915554576200646,0.9820844454237995,0.016585495645975452,0.9834145043540244
0.9678486598496033,0.032151340150396585,0.05036661671094661,0.9496333832890533,0.017190497995646547,0.9828095020043535,0.9759231044524384,0.024076895547561712,0.036635747999278045,0.963364252000722,0.9733648447460521,0.026635155253947797,0.9466757954672023,0.05332420453279773,0.984611067637787,0.015388932362212965,0.023346991448421534,0.9766530085515784,0.027653744484432856,0.9723462555155672
0.9665859272652219,0.03341407273477811,0.06771796329260346,0.9322820367073965,0.01998748503873221,0.9800125149612677,0.9640099737212083,0.03599002627879167,0.04446231008641834,0.9555376899135816,0.9716443319682773,0.028355668031722694,0.9535232570178626,0.04647674298213752,0.9860357253042934,0.013964274695706661,0.024972431768810206,0.9750275682311899,0.02404152548269696,0.975958474517303
0.9852012917179771,0.014798708282022916,0.04652897245073548,0.9534710275492645,0.01388934021081284,0.9861106597891872,0.9765304991939765,0.023469500806023502,0.03403626112349151,0.9659637388765085,0.9814944752472793,0.018505524752720687,0.9617706892459666,0.03822931075403343,0.988109445423307,0.011890554576692983,0.017382707097889055,0.9826172929021109,0.015093608345189875,0.9849063916548102
0.9921336975787688,0.007866302421231293,0.020373112433040776,0.9796268875669591,0.0067410680575636945,0.9932589319424364,0.9852794024819829,0.014720597518017018,0.02417554168433826,0.9758244583156617,0.9868294244839116,0.013170575516088431,0.9780191312643166,0.021980868735683307,0.9926322835001538,0.007367716499846293,0.011429487656769877,0.98857051234323,0.0075391258292754944,0.9924608741707245
0.9733749837828405,0.02662501621715942,0.04863273403814237,0.9513672659618576,0.015357126645873433,0.9846428733541266,0.9713845232375381,0.02861547676246196,0.036736055688800236,0.9632639443111998,0.9746581133427182,0.025341886657281827,0.9537394249625077,0.04626057503749216,0.9850171010831328,0.014982898916867217,0.024731780677834693,0.9752682193221652,0.024236858121260394,0.9757631418787397
0.8373414466265325,0.16265855337346746,0.26688429831180427,0.7331157016881957,0.09896805868616886,0.9010319413138312,0.877200943936036,0.12279905606396412,0.1386033107171846,0.8613966892828154,0.8435838941596757,0.15641610584032417,0.8061931789493383,0.19380682105066177,0.9379456124771436,0.062054387522856455,0.12864632991350355,0.8713536700864964,0.15477488575550633,0.8452251142444936
0.8736267917241538,0.12637320827584628,0.22656401623209976,0.7734359837679001,0.07941595312593729,0.9205840468740627,0.895681412675681,0.10431858732431894,0.12480204761334034,0.8751979523866596,0.8658206658591073,0.13417933414089261,0.858817055291848,0.14118294470815193,0.9553089095885893,0.04469109041141075,0.0836438281872591,0.916356171812741,0.13168056449228088,0.8683194355077191
0.766441551844285,0.23355844815571497,0.3377323592617038,0.6622676407382962,0.1416062024160852,0.8583937975839149,0.8450014958440983,0.1549985041559017,0.17185043720321447,0.8281495627967854,0.7992006416291685,0.20079935837083157,0.7920702750472441,0.2079297249527558,0.9259706034255158,0.07402939657448404,0.15242663186035033,0.8475733681396497,0.22380531172054843,0.7761946882794515
0.7460505260121805,0.25394947398781953,0.3640932140753625,0.6359067859246376,0.2020444513819432,0.7979555486180567,0.8429269309674039,0.1570730690325961,0.15115024776520106,0.848849752234799,0.8188454518003156,0.1811545481996844,0.7636448828544097,0.23635511714559032,0.8746524226235635,0.12534757737643656,0.16296291380082725,0.8370370861991727,0.20634576696250964,0.7936542330374904
0.8247108829457406,0.17528911705425945,0.28873067223841337,0.7112693277615867,0.16269990759139763,0.8373000924086023,0.8283767662626317,0.17162323373736837,0.14264144990389202,0.857358550096108,0.842986651572543,0.157013348427457,0.8310434398240725,0.1689565601759275,0.9085600746503292,0.09143992534967095,0.15902651951616706,0.840973480483833,0.14397423433036888,0.8560257656696312
0.9103326144493219,0.08966738555067823,0.11497631100595357,0.8850236889940464,0.07443827010915731,0.9255617298908427,0.9273748143678996,0.07262518563210045,0.07188340132327536,0.9281165986767246,0.9221496195370429,0.07785038046295716,0.9162561962916729,0.08374380370832724,0.9496226206501842,0.050377379349815864,0.0704222006754826,0.9295777993245173,0.08436384079295521,0.9156361592070448
0.961461568709258,0.03853843129074188,0.051222062829227,0.9487779371707731,0.03716104631504285,0.9628389536849572,0.9700701223965315,0.029929877603468494,0.03808231442874043,0.9619176855712597,0.9540502910561757,0.0459497089438243,0.9595236848785502,0.040476315121449835,0.981750632628765,0.018249367371234886,0.037009861180499634,0.9629901388195002,0.029432725339564165,0.9705672746604359
0.8743216513523968,0.1256783486476031,0.12555804093252218,0.8744419590674779,0.08203269363233226,0.9179673063676678,0.9440657111015209,0.05593428889847912,0.07793692831720551,0.9220630716827944,0.8741159169339465,0.12588408306605334,0.8709255373591069,0.12907446264089315,0.9562971274461054,0.043702872553894594,0.0843148333845926,0.9156851666154076,0.10171221708598367,0.8982877829140162
0.9363404387218093,0.06365956127819072,0.07991974442606786,0.9200802555739322,0.0725378809017145,0.9274621190982855,0.949902206663188,0.050097793336811906,0.07958284026665431,0.9204171597333456,0.8978026224187209,0.10219737758127914,0.9066179317231567,0.0933820682768433,0.9513309710206164,0.04866902897938357,0.05322415774945297,0.9467758422505471,0.04515340476507386,0.954846595234926
0.9530950533164175,0.04690494668358241,0.061821246465092815,0.9381787535349073,0.04298286208905809,0.957017137910942,0.9577999454194753,0.042200054580524636,0.06915860014337205,0.9308413998566281,0.9302716926492645,0.06972830735073562,0.929257810006009,0.07074218999399093,0.9729239866095708,0.027076013390429112,0.04065014588463784,0.9593498541153621,0.027152595879577975,0.9728474041204221
0.9805828964096731,0.019417103590326838,0.021356332085234304,0.9786436679147658,0.01706984453936336,0.9829301554606368,0.9839420715291739,0.016057928470826138,0.03220237976219669,0.9677976202378032,0.9777564324375778,0.022243567562422174,0.9764914244513441,0.023508575548655923,0.9897633013583625,0.010236698641637433,0.015942007772307237,0.9840579922276926,0.011788983194183115,0.988211016805817
0.9779657106012306,0.022034289398769422,0.0217390892986963,0.9782609107013036,0.016740721077665728,0.9832592789223343,0.987789029511972,0.012210970488027955,0.032900108910154324,0.9670998910898457,0.9758413239092047,0.024158676090795167,0.9735656740510071,0.026434325948992903,0.9914240864682331,0.008575913531766906,0.013788071096831186,0.9862119289031689,0.014460946531182807,0.9855390534688172
0.824703200197549,0.17529679980245108,0.18196154972776446,0.8180384502722355,0.11720304331982395,0.8827969566801761,0.9249912727928541,0.07500872720714592,0.11560594964113247,0.8843940503588675,0.8317127597431877,0.1682872402568122,0.8150332507674044,0.18496674923259562,0.9327528068972218,0.06724719310277816,0.1144030405457319,0.8855969594542682,0.15599595632127414,0.8440040436787258
0.9205654852115875,0.07943451478841257,0.11304555212690424,0.8869544478730956,0.06083352640479953,0.9391664735952004,0.9423486920896039,0.057651307910396014,0.07794578111967294,0.922054218880327,0.8851857841096386,0.11481421589036145,0.9074856082910262,0.09251439170897378,0.9724347421293228,0.02756525787067724,0.05317936781877297,0.946820632181227,0.06224218306496426,0.9377578169350358
0.973618621655506,0.026381378344494062,0.05791897409521386,0.942081025904786,0.026181031075859344,0.9738189689241405,0.9702336212185816,0.029766378781418426,0.04598100680228654,0.9540189931977135,0.9665726378342071,0.03342736216579283,0.9522174552465738,0.047782544753426186,0.9814973580186201,0.018502641981379797,0.01953434349893581,0.9804656565010641,0.022008010842585777,0.9779919891574141
0.9828809946753752,0.017119005324624816,0.02508792930937874,0.9749120706906212,0.01561903444623015,0.9843809655537697,0.9826275919782738,0.01737240802172623,0.02391150155496239,0.9760884984450375,0.980428732561698,0.019571267438301995,0.9760240325815785,0.02397596741842142,0.989501372619511,0.010498627380489142,0.020231202703698905,0.9797687972963011,0.00915418662124088,0.9908458133787591
0.9806480030933226,0.019351996906677466,0.041254703365208194,0.9587452966347918,0.015618360686200098,0.9843816393138,0.9748434843919814,0.02515651560801855,0.032685109153141656,0.9673148908468584,0.9764305650852496,0.023569434914750394,0.9600745637499634,0.03992543625003663,0.9865865287899611,0.013413471210038996,0.025017887948307907,0.9749821120516922,0.0177313409031841,0.9822686590968159
0.976740422893454,0.0232595771065461,0.050995860443110774,0.9490041395568893,0.03507844944950031,0.9649215505504998,0.9782498849938676,0.02175011500613232,0.04052224903739388,0.9594777509626061,0.9657678642765457,0.03423213572345434,0.9363643510081598,0.06363564899184011,0.9721906201695852,0.027809379830414697,0.033148510602710034,0.96685148939729,0.017312817501327456,0.9826871824986726
0.9922766997099707,0.0077233002900292174,0.020928460586774045,0.979071539413226,0.014411728503058548,0.9855882714969414,0.9818205462891472,0.01817945371085286,0.03453689400093058,0.9654631059990695,0.9724744740061028,0.027525525993897126,0.9713303196497797,0.028669680350220376,0.9881251074607016,0.01187489253929848,0.017941619854106198,0.9820583801458939,0.007661911485902618,0.9923380885140973
0.9940833328376294,0.005916667162370613,0.00853213977698584,0.9914678602230141,0.007930684446294621,0.9920693155537053,0.9922657720380598,0.007734227961940386,0.024711491781106452,0.9752885082188935,0.9866982209307346,0.013301779069265463,0.9831563552104755,0.016843644789524416,0.9920311128527929,0.007968887147207145,0.008610628608818576,0.9913893713911813,0.0046882397287640425,0.9953117602712359
0.8157339193964512,0.1842660806035488,0.2205217195145768,0.7794782804854231,0.17360985222907763,0.8263901477709223,0.8927703216678868,0.10722967833211314,0.17870851692143194,0.821291483078568,0.740500513695247,0.2594994863047529,0.6856897801636167,0.3143102198363834,0.8466971277220398,0.15330287227796016,0.18200201380600636,0.8179979861939937,0.19321451041505633,0.8067854895849437
0.8574505639973005,0.14254943600269954,0.27491419764058495,0.7250858023594151,0.16949770394642485,0.8305022960535751,0.8579051518398704,0.1420948481601297,0.18972150624514023,0.8102784937548598,0.715152824483196,0.28484717551680405,0.7118616095306316,0.28813839046936834,0.8948064521878768,0.10519354781212331,0.18261776816582362,0.8173822318341765,0.10420603548064271,0.8957939645193573
0.9453962283273274,0.0546037716726727,0.1322040687666862,0.8677959312333138,0.05241717805765114,0.947582821942349,0.9378716834614998,0.06212831653850007,0.10506915009882876,0.8949308499011712,0.8808080805349391,0.11919191946506089,0.8881808308430372,0.11181916915696276,0.9731132865025833,0.026886713497416666,0.049867601386951635,0.9501323986130484,0.06660728926809792,0.9333927107319021
0.8930001823511239,0.10699981764887621,0.1530585460703849,0.8469414539296151,0.07994662763518731,0.9200533723648127,0.9470612525586973,0.052938747441302635,0.09473831442828469,0.9052616855717154,0.8940743803619483,0.10592561963805164,0.864982853982708,0.13501714601729198,0.9646672563539869,0.03533274364601317,0.07472239854507277,0.9252776014549271,0.08553942981770066,0.9144605701822994
0.8645599035816404,0.13544009641835963,0.19899139553409803,0.8010086044659019,0.0909839549880932,0.9090160450119068,0.9173044873455409,0.08269551265445914,0.10705994478959577,0.8929400552104042,0.8945118813942631,0.10548811860573691,0.8721787374848389,0.1278212625151611,0.9573307581141408,0.042669241885859244,0.0863470359686847,0.9136529640313152,0.10292551189296803,0.8970744881070319
0.8830972681223104,0.11690273187768953,0.19187144520687677,0.8081285547931232,0.08480526412338983,0.9151947358766103,0.9113044990375572,0.08869550096244276,0.09532409368166218,0.9046759063183377,0.9211181660211848,0.07888183397881526,0.8928094698022453,0.10719053019775474,0.9509036524411753,0.04909634755882483,0.07605957009546419,0.9239404299045358,0.09121469803972443,0.9087853019602755
0.9742318371052814,0.025768162894718543,0.056241398326286926,0.9437586016737132,0.019072548115175867,0.9809274518848242,0.9613379135755962,0.03866208642440382,0.04642818123798673,0.9535718187620134,0.9700721414432012,0.02992785855679893,0.9653380831874616,0.034661916812538315,0.9850783154682898,0.014921684531710097,0.023269372214317362,0.9767306277856826,0.02670551380498441,0.9732944861950157
0.9806867015123019,0.0193132984876982,0.03840224059725044,0.9615977594027495,0.026191305895364832,0.9738086941046352,0.9729252013533108,0.027074798646689154,0.04053413856190718,0.9594658614380929,0.9753438038064249,0.02465619619357512,0.9683134252329273,0.03168657476707257,0.9760287813269294,0.02397121867307061,0.021573918197462953,0.9784260818025371,0.01884775356289725,0.9811522464371027
0.986967534241705,0.013032465758294982,0.023161732100730734,0.9768382678992694,0.0217551444160426,0.9782448555839574,0.9784669553000882,0.021533044699911776,0.03461486529322271,0.9653851347067773,0.9726988245274302,0.027301175472569827,0.9776323273640329,0.022367672635966968,0.9837222918925789,0.01627770810742115,0.022067865387214204,0.9779321346127857,0.009997585842367384,0.9900024141576327
0.8841885858582814,0.11581141414171853,0.133110361479626,0.8668896385203742,0.11144348277612293,0.8885565172238771,0.911399828262846,0.08860017173715391,0.111351091635657,0.888648908364343,0.822213916053308,0.1777860839466921,0.8143686585836627,0.1856313414163372,0.8947782365328328,0.10522176346716708,0.12548681340685555,0.8745131865931445,0.12972453210417814,0.8702754678958219
0.9233268844513716,0.07667311554862843,0.12376403191838879,0.8762359680816112,0.08935458632909132,0.9106454136709087,0.9225185604042782,0.07748143959572176,0.10985212100292045,0.8901478789970796,0.8365656209700322,0.16343437902996774,0.8633161892919334,0.13668381070806665,0.949172923766832,0.050827076233168074,0.09049730887200175,0.9095026911279983,0.05075401338324256,0.9492459866167574
0.8461245719977205,0.15387542800227946,0.2556929834355866,0.7443070165644134,0.2873850157968493,0.7126149842031507,0.8320682805717237,0.16793171942827637,0.27731678413686084,0.7226832158631391,0.7069377434417081,0.2930622565582918,0.6888893174357307,0.3111106825642693,0.7804908971867129,0.219509102813287,0.18886350791513298,0.811136492084867,0.1427014645268534,0.8572985354731466
0.03132061544822808,0.9686793845517718,0.9559107184039748,0.04408928159602531,0.9782683784106008,0.021731621589399175,0.05921293959341161,0.9407870604065884,0.9248175298743486,0.07518247012565134,0.022980293724217785,0.9770197062757822,0.03892740440816679,0.9610725955918332,0.025791448479202318,0.9742085515207977,0.9686780460082105,0.03132195399178949,0.9779654742417629,0.022034525758237087
0.02882376868312322,0.9711762313168767,0.9742786102344111,0.02572138976558886,0.982688333478292,0.017311666521707996,0.036083068739477114,0.9639169312605228,0.9434380542441835,0.05656194575581643,0.021054362726118377,0.9789456372738816,0.03423856483457125,0.9657614351654287,0.023008894592642718,0.9769911054073572,0.9769396305647932,0.023060369435206802,0.9709174061836368,0.029082593816363193
0.030155958546151718,0.9698440414538484,0.9801532385299181,0.019846761470081888,0.9716957006778784,0.028304299322121605,0.050696223708339996,0.94930377629166,0.9344540735333144,0.0655459264666855,0.028781706107640328,0.9712182938923598,0.0412001255507171,0.9587998744492829,0.04582128208948327,0.9541787179105167,0.9763760074421843,0.023623992557815658,0.9773547388158644,0.022645261184135686
0.050151594239941796,0.9498484057600582,0.9363150256223777,0.06368497437762229,0.9456210745351505,0.054378925464849535,0.10692858156974792,0.8930714184302521,0.8372627158631689,0.1627372841368311,0.07314592845778217,0.9268540715422179,0.07986710814261418,0.9201328918573858,0.08520676415942068,0.9147932358405793,0.9476463756179418,0.05235362438205814,0.9396079779799604,0.06039202202003948
0.044727452625880106,0.9552725473741198,0.9440463595524481,0.055953640447551974,0.9608111141836496,0.039188885816350424,0.08307757468291192,0.916922425317088,0.8659052262116494,0.13409477378835055,0.06559561661385573,0.9344043833861443,0.0644590052708799,0.9355409947291202,0.06073048311853879,0.9392695168814612,0.9574376998670808,0.04256230013291916,0.9364978447475044,0.06350215525249561
0.17738155560888547,0.8226184443911145,0.8264570560922039,0.173542943907796,0.8517359859922055,0.14826401400779454,0.22446705581080628,0.7755329441891937,0.6846746201470294,0.31532537985297066,0.24973496497057093,0.750265035029429,0.21838978140175402,0.781610218598246,0.23037520795382266,0.7696247920461773,0.8178127544028371,0.18218724559716284,0.7581201675651091,0.24187983243489092
0.271487506487729,0.7285124935122709,0.728954638968566,0.2710453610314339,0.7447004994984446,0.25529950050155537,0.29773440139358553,0.7022655986064145,0.6239536052440297,0.3760463947559703,0.21871574519061754,0.7812842548093825,0.3005123197165696,0.6994876802834303,0.3477295891079305,0.6522704108920695,0.7030623376072327,0.29693766239276737,0.7859913946285527,0.21400860537144728
0.14210444961908758,0.8578955503809125,0.8482279839875735,0.15177201601242657,0.8182114737220281,0.18178852627797193,0.19187408426391525,0.8081259157360847,0.7601254391157859,0.23987456088421422,0.16523050430542272,0.8347694956945773,0.2682019219332406,0.7317980780667594,0.3146005322996201,0.6853994677003798,0.828974199604158,0.17102580039584214,0.8239228540313915,0.17607714596860857
0.47780809238029615,0.5221919076197039,0.5575039207642386,0.44249607923576145,0.48172421734861925,0.5182757826513807,0.56191346681234,0.43808653318765994,0.48139485385383074,0.5186051461461693,0.46218358081810956,0.5378164191818904,0.6267191515270721,0.37328084847292786,0.7217691040513355,0.27823089594866457,0.39294487759588353,0.6070551224041165,0.5399151508168193,0.4600848491831808
0.44604354074647995,0.55395645925352,0.5295439353672844,0.47045606463271566,0.48252804747423295,0.5174719525257669,0.590773554012716,0.40922644598728397,0.45174893099105357,0.5482510690089464,0.5046787154555996,0.49532128454440044,0.6361074901717966,0.36389250982820354,0.7288888086740507,0.2711111913259493,0.41425745088700083,0.5857425491129992,0.5069653697401467,0.49303463025985317
0.5050853733712707,0.4949146266287293,0.4507818212206315,0.5492181787793686,0.42301520306876766,0.5769847969312324,0.660097956527088,0.3399020434729119,0.36702923508919383,0.6329707649108063,0.6215083748727557,0.37849162512724444,0.7076122195777385,0.2923877804222615,0.7571002270079991,0.24289977299200083,0.3184798012057143,0.6815201987942857,0.41658783525378257,0.5834121647462174
0.5747036203497147,0.4252963796502854,0.40219460725422734,0.5978053927457726,0.33629283233046336,0.6637071676695366,0.6664276993779178,0.33357230062208226,0.32229099994953675,0.6777090000504632,0.6888055357834123,0.3111944642165878,0.7689331483814043,0.23106685161859578,0.7996050379516056,0.2003949620483944,0.2647284064412632,0.7352715935587367,0.34711358888517035,0.6528864111148296
0.7092184930516024,0.29078150694839755,0.27234455138752045,0.7276554486124794,0.23039084178695485,0.7696091582130451,0.7568410000773624,0.24315899992263765,0.24788667825800656,0.7521133217419935,0.7673550433030758,0.2326449566969242,0.8479780201650724,0.15202197983492746,0.8673705625465337,0.13262943745346642,0.1744122974776291,0.8255877025223709,0.23999050559499974,0.7600094944050002
0.8230367895326928,0.17696321046730717,0.1622833675715958,0.8377166324284041,0.12573058866580752,0.8742694113341926,0.8714127390718018,0.1285872609281981,0.16159380240716736,0.8384061975928326,0.8589356357115967,0.14106436428840335,0.9006114184857552,0.09938858151424483,0.9323785811529309,0.06762141884706914,0.09513478744870868,0.9048652125512913,0.1430294600861563,0.8569705399138436
0.9861028470497282,0.013897152950271873,0.01572551695287362,0.9842744830471264,0.00867593356565498,0.991324066434345,0.9879159215485829,0.012084078451417216,0.023738725869871444,0.9762612741301285,0.988298513639074,0.01170148636092599,0.9853097246304058,0.014690275369594167,0.9933822305616419,0.006617769438358183,0.007907183094248788,0.9920928169057512,0.009971120667378831,0.9900288793326212
0.9897922003284099,0.010207799671590165,0.011045049677561827,0.9889549503224382,0.005872782356712539,0.9941272176432874,0.9899100552911938,0.01008994470880618,0.02103535144477084,0.9789646485552291,0.9900789562031833,0.009921043796816664,0.9878687048924205,0.012131295107579496,0.9949389891471906,0.0050610108528094016,0.006258143065601619,0.9937418569343983,0.006712703810620582,0.9932872961893795
0.9945375900784732,0.005462409921526726,0.0070752598127253674,0.9929247401872745,0.003465250753967273,0.9965347492460327,0.9932961676454136,0.006703832354586327,0.0164525591537153,0.9835474408462848,0.993906742406189,0.006093257593811045,0.990617319290856,0.009382680709144126,0.9963258590275936,0.0036741409724064364,0.004066537494308933,0.995933462505691,0.003598605718257221,0.9964013942817428
0.9951924635484999,0.004807536451500147,0.006709352728960249,0.9932906472710398,0.0032253252229493042,0.9967746747770506,0.993522145683685,0.0064778543163151025,0.017442453886707156,0.9825575461132928,0.9934271125092566,0.006572887490743312,0.9903578671802913,0.009642132819708717,0.9965092609148625,0.0034907390851376054,0.0038856051305953903,0.9961143948694047,0.0035002271451315017,0.9964997728548685
0.9942987185150036,0.005701281484996346,0.007136119723066124,0.992863880276934,0.0032975752441896248,0.9967024247558104,0.993759724635246,0.006240275364753976,0.017279944285389107,0.9827200557146107,0.9932884300272645,0.00671156997273538,0.9886544523915626,0.01134554760843735,0.9962642603280684,0.0037357396719315695,0.0040534428285446435,0.9959465571714553,0.003987363338323813,0.9960126366616762
0.9914617452799032,0.008538254720096738,0.010545800883926593,0.9894541991160735,0.004252028328026505,0.9957479716719736,0.9919260414262556,0.008073958573744348,0.019756532713282746,0.9802434672867173,0.9901505960964609,0.009849403903539196,0.9833886541045452,0.01661134589545472,0.9954644852614477,0.004535514738552286,0.0054808808417019725,0.9945191191582982,0.006347322350370257,0.9936526776496297
0.9949402657320544,0.0050597342679456255,0.007952516253662091,0.9920474837463379,0.002818011481273702,0.9971819885187262,0.9937358528092591,0.006264147190740905,0.01581170127518773,0.9841882987248123,0.9937915963954851,0.006208403604514996,0.9869429471705973,0.013057052829402746,0.9963633824591823,0.003636617540817759,0.003775963838461626,0.9962240361615384,0.003352779055067484,0.9966472209449325
0.9960057224404297,0.003994277559570379,0.00753892494754233,0.9924610750524577,0.002187044906387182,0.9978129550936127,0.9936479846079068,0.006352015392093202,0.014943934991584551,0.9850560650084155,0.9941593397702295,0.005840660229770522,0.9876830246922432,0.012316975307756717,0.9970350227490798,0.002964977250920093,0.0037702806848420537,0.996229719315158,0.0029348202995933366,0.9970651797004066
0.9955357378071029,0.0044642621928970404,0.008020454310282619,0.9919795456897174,0.0021099347504455034,0.9978900652495546,0.993888285329339,0.006111714670661059,0.014153731169384592,0.9858462688306154,0.9947438755278665,0.005256124472133567,0.9863917344750341,0.01360826552496594,0.9968315037569742,0.0031684962430258415,0.004168084087755732,0.9958319159122442,0.0035508664956326883,0.9964491335043673
0.9941477097646545,0.0058522902353454155,0.012657656134605708,0.9873423438653942,0.002922728142240396,0.9970772718577595,0.9917101425259951,0.008289857474004953,0.017550328118345733,0.9824496718816543,0.9931023626288066,0.006897637371193547,0.9839476162181029,0.0160523837818972,0.9966785770865801,0.0033214229134198433,0.005002060619848348,0.9949979393801517,0.0050269396870030415,0.9949730603129969
0.9949939340093056,0.005006065990694371,0.011464375633731492,0.9885356243662685,0.002770468940882572,0.9972295310591174,0.9929172816443391,0.007082718355660834,0.015743973208912097,0.9842560267910879,0.9945456776730909,0.005454322326909213,0.9848087863127473,0.015191213687252663,0.9963464069482532,0.0036535930517467793,0.004376445104023152,0.9956235548959768,0.0044833846062585486,0.9955166153937415
0.9963603558448809,0.0036396441551190257,0.009696596877114157,0.9903034031228859,0.002468110203640775,0.9975318897963592,0.9928593601872506,0.007140639812749375,0.015436498440450239,0.9845635015595497,0.994352317931985,0.00564768206801504,0.98688568778038,0.013114312219619865,0.9968596757640235,0.003140324235976542,0.004415732740167689,0.9955842672598323,0.003393910296810057,0.9966060897031899
0.9965726156165746,0.003427384383425358,0.007333730121757998,0.992666269878242,0.0023452102866348356,0.9976547897133651,0.9942362926314446,0.005763707368555371,0.013875458196480773,0.9861245418035193,0.995508715661061,0.0044912843389389645,0.9898671310784117,0.010132868921588238,0.9968729609982914,0.0031270390017086236,0.0035507132654724145,0.9964492867345276,0.0029840852481775207,0.9970159147518224
0.9963746376450827,0.0036253623549172267,0.007563603111021183,0.9924363968889788,0.002283954106464292,0.9977160458935357,0.9940987574412583,0.005901242558741652,0.01394013444196403,0.986059865558036,0.995314400520949,0.004685599479051137,0.9888534021598412,0.0111465978401588,0.9967413187240839,0.0032586812759160424,0.0038761476294156706,0.9961238523705843,0.0031938012659716505,0.9968061987340284
0.996198048945274,0.003801951054726164,0.007659234710309276,0.9923407652896907,0.002121194497028885,0.9978788055029711,0.9939505384915756,0.006049461508424537,0.014032723333475444,0.9859672766665245,0.9948589400254756,0.005141059974524345,0.9882413652180504,0.01175863478194955,0.9970311450520898,0.0029688549479102246,0.003935821922858966,0.9960641780771411,0.003351523302915559,0.9966484766970845
0.9960284940004298,0.003971505999570222,0.008999176821301223,0.9910008231786989,0.0040216988659000745,0.9959783011340998,0.9928396470153141,0.0071603529846859405,0.0180040945214018,0.9819959054785983,0.992269299519145,0.007730700480854962,0.9837678761841534,0.016232123815846534,0.9937148530782383,0.006285146921761733,0.005268067657808423,0.9947319323421917,0.003878951112709448,0.9961210488872906
0.9888349268820831,0.011165073117916917,0.017627851515156383,0.9823721484848436,0.007043763500763249,0.9929562364992367,0.98514222242458,0.014857777575420023,0.02618710567669473,0.9738128943233052,0.9804005415973966,0.01959945840260323,0.9642451425530306,0.035754857446969435,0.9882195418424405,0.011780458157559596,0.013391209613905592,0.9866087903860945,0.00783531498374808,0.9921646850162518
0.9933408513358521,0.006659148664147883,0.013731278690723556,0.9862687213092765,0.0056653537668393894,0.9943346462331606,0.9877010825586797,0.012298917441320298,0.021708482237549443,0.9782915177624506,0.9870158899678602,0.012984110032139751,0.9771307219203647,0.02286927807963539,0.9926958444738062,0.00730415552619395,0.009781297673533848,0.9902187023264662,0.004238709062100216,0.9957612909378998
0.9947005427696269,0.005299457230373029,0.01060304912894784,0.9893969508710521,0.0035420078891007477,0.9964579921108994,0.9930508855506407,0.00694911444935931,0.017905999432911858,0.9820940005670881,0.9908246052115649,0.009175394788435097,0.9814482571162408,0.018551742883759107,0.9966932014419602,0.0033067985580399564,0.005412731029618911,0.994587268970381,0.0036160684960419845,0.9963839315039581
0.991211651193015,0.008788348806984893,0.01605651421662559,0.9839434857833744,0.005193511010378246,0.9948064889896217,0.9916033716650584,0.00839662833494151,0.01999182837161868,0.9800081716283813,0.9874930035146691,0.012506996485330909,0.9714515089198709,0.028548491080129072,0.9947642893629772,0.005235710637022835,0.008983691832304694,0.9910163081676954,0.007567368332978612,0.9924326316670214
0.9933465746217494,0.00665342537825063,0.013556585057745756,0.9864434149422542,0.005226023053248972,0.9947739769467511,0.9928483828544608,0.00715161714553913,0.018058090870250666,0.9819419091297494,0.9892031983500621,0.010796801649937866,0.9757824972828257,0.024217502717174374,0.9950829843258829,0.004917015674117075,0.007211869825004605,0.9927881301749955,0.004551319838249309,0.9954486801617508
0.9948925723793779,0.0051074276206222215,0.013013990839134244,0.9869860091608657,0.0036098396083273743,0.9963901603916726,0.991101579372835,0.00889842062716503,0.018028596250370454,0.9819714037496295,0.993249514566787,0.006750485433213049,0.9845873930332246,0.015412606966775313,0.9963932316264833,0.0036067683735167507,0.005254737952911233,0.9947452620470888,0.0038983607612627772,0.9961016392387372
0.9964950108192729,0.003504989180727094,0.007274941378684026,0.992725058621316,0.0028979125768895477,0.9971020874231104,0.994026741190815,0.005973258809184951,0.015056727540962671,0.9849432724590372,0.9943661599200898,0.005633840079910217,0.9899633651672116,0.010036634832788304,0.996561344987298,0.0034386550127020374,0.004108483353185097,0.995891516646815,0.003321780170311462,0.9966782198296885
0.9964430057080639,0.0035569942919361744,0.007010716222060453,0.9929892837779396,0.00260243845072,0.9973975615492799,0.9943929270462042,0.00560707295379582,0.0149374980550637,0.9850625019449364,0.9949856920121771,0.005014307987822954,0.9893337104889351,0.010666289511064757,0.9966483896624765,0.003351610337523491,0.003910245256835704,0.9960897547431642,0.0029698053459477074,0.9970301946540523
0.9962136354193355,0.003786364580664568,0.007489367057236941,0.9925106329427631,0.0024931049044706016,0.9975068950955295,0.9941090521500037,0.005890947849996201,0.015195604376076994,0.984804395623923,0.9945926338153083,0.005407366184691694,0.9881866783677378,0.01181332163226229,0.9967438910290072,0.003256108970992789,0.004204882490297337,0.9957951175097026,0.0032494180470125263,0.9967505819529874
0.9961636528169696,0.0038363471830304466,0.008544656708269488,0.9914553432917306,0.004167569765417207,0.9958324302345829,0.9924253123970471,0.00757468760295302,0.019564281350217157,0.9804357186497829,0.9915510968160128,0.008448903183987269,0.984884295654949,0.01511570434505098,0.9935706971335273,0.006429302866472681,0.005322769624176864,0.9946772303758231,0.0038838799302718216,0.9961161200697283
0.9953068479175641,0.004693152082436015,0.008070862371031506,0.9919291376289686,0.0037062848094290115,0.9962937151905709,0.9914242986772063,0.00857570132279379,0.02029906761035831,0.9797009323896416,0.9907391838270357,0.009260816172964167,0.984079509803632,0.01592049019636807,0.9940949294731457,0.0059050705268542565,0.0061317795455406755,0.9938682204544594,0.003129774067250831,0.9968702259327491
0.9940863096547148,0.00591369034528521,0.010707533522249648,0.9892924664777504,0.0037189991770587537,0.9962810008229412,0.9898714279763824,0.010128572023617737,0.020805437010689383,0.9791945629893106,0.9887446984604733,0.011255301539526738,0.9786322619951192,0.021367738004880846,0.9934430687663189,0.006556931233681189,0.008098342538841957,0.991901657461158,0.005301638309181486,0.9946983616908186
0.9949320882072005,0.005067911792799567,0.01026479333191515,0.9897352066680849,0.0036557071019316114,0.9963442928980683,0.9926119491497528,0.007388050850247148,0.019907338331451106,0.9800926616685489,0.9906807207988136,0.009319279201186427,0.9819716544077621,0.018028345592237774,0.9958521382452633,0.004147861754736719,0.005356638208293414,0.9946433617917065,0.0034398830599717298,0.9965601169400282
0.9920845767949037,0.007915423205096224,0.014278362847373974,0.9857216371526261,0.004232831277360291,0.9957671687226396,0.9912743203460337,0.00872567965396639,0.020499153527892573,0.9795008464721073,0.9879683543059502,0.012031645694049754,0.9776752392711444,0.0223247607288557,0.9961464961326686,0.00385350386733134,0.006236872663599925,0.9937631273364,0.005855480107778147,0.9941445198922219
0.9949580995161761,0.005041900483823959,0.010491977672988585,0.9895080223270114,0.0035490882718954633,0.9964509117281046,0.9936309940837746,0.0063690059162253496,0.016762481454331304,0.9832375185456688,0.9918114727091573,0.008188527290842755,0.9824103504417391,0.017589649558260985,0.9966276707230614,0.0033723292769386897,0.005374767360743895,0.9946252326392561,0.0037079149233286745,0.9962920850766712
0.9921187511880075,0.007881248811992427,0.015149140609155422,0.9848508593908447,0.0036797048073067256,0.9963202951926934,0.9902319924404397,0.009768007559560279,0.019538555181622376,0.9804614448183776,0.9922460084382456,0.007753991561754475,0.9824693300426309,0.017530669957369103,0.9958868305187989,0.004113169481201036,0.0055096703665143765,0.9944903296334856,0.0059110447305979145,0.9940889552694021
0.9805136391648713,0.019486360835128794,0.037808261290951266,0.9621917387090486,0.00926890759128931,0.9907310924087108,0.9781106935820816,0.021889306417918468,0.032240033567954206,0.9677599664320458,0.9830478246766047,0.01695217532339528,0.9670577544189165,0.03294224558108355,0.9911457364179915,0.008854263582008548,0.014290546709313514,0.9857094532906865,0.01742219861528175,0.9825778013847184
0.9874983363550758,0.012501663644924225,0.03576616133778299,0.964233838662217,0.012521349942876011,0.987478650057124,0.9804702503670129,0.019529749632987183,0.031159293958307924,0.968840706041692,0.9820870571058954,0.01791294289410461,0.959801480867694,0.04019851913230598,0.9844274367027092,0.015572563297290787,0.015172077643582743,0.9848279223564171,0.01287570848667416,0.9871242915133259
0.9905687896453809,0.009431210354619112,0.03230742369283425,0.9676925763071658,0.015244680447589181,0.9847553195524109,0.9756982142209493,0.02430178577905076,0.03712235412613707,0.9628776458738629,0.9776073104621428,0.02239268953785731,0.9664038463843678,0.03359615361563219,0.9862652310614606,0.013734768938539367,0.0194191370881887,0.9805808629118113,0.009275759183939023,0.990724240816061
0.9951798221269679,0.004820177873032048,0.009553367118944335,0.9904466328810556,0.006271175246870353,0.9937288247531297,0.991809396066632,0.008190603933368061,0.018964540557506685,0.9810354594424934,0.9892980460516633,0.010701953948336743,0.9824201734982932,0.017579826501706773,0.9909765012571977,0.009023498742802196,0.008982795707038152,0.9910172042929618,0.005468538560719502,0.9945314614392804
0.9701607014796558,0.02983929852034421,0.04879494944526768,0.9512050505547324,0.02628551849103968,0.9737144815089603,0.9747697598899209,0.02523024011007908,0.03859050001394615,0.9614094999860539,0.949136801802103,0.05086319819789702,0.9130267505090538,0.08697324949094626,0.9746446648614578,0.025355335138542243,0.04460343497215878,0.9553965650278412,0.026585984615325017,0.9734140153846751
0.9801416202665698,0.019858379733430218,0.039721397071301345,0.9602786029286987,0.021548447053193472,0.9784515529468065,0.9821408591067385,0.017859140893261443,0.03704049219578259,0.9629595078042175,0.9566638243453757,0.043336175654624325,0.9405468477450984,0.05945315225490167,0.9876325506680317,0.012367449331968199,0.02466468826573443,0.9753353117342656,0.012805779800134543,0.9871942201998655
0.9909685002254212,0.009031499774578861,0.022967605891206316,0.9770323941087937,0.009920827900325852,0.990079172099674,0.9858379198918683,0.01416208010813173,0.03399276386069109,0.966007236139309,0.9738341070212717,0.026165892978728376,0.9687226965863852,0.03127730341361478,0.9929989327154031,0.007001067284596926,0.010712860338214404,0.9892871396617856,0.009828561859317604,0.9901714381406824
0.9853597142366455,0.014640285763354528,0.01835429219543192,0.9816457078045681,0.009728234848923229,0.9902717651510767,0.9917928642158019,0.00820713578419802,0.024201822450210176,0.9757981775497899,0.9829737947538764,0.01702620524612364,0.9677133917183103,0.03228660828168973,0.9930296936173132,0.006970306382686787,0.010523325140580119,0.98947667485942,0.009571784899956977,0.9904282151000431
0.9809817416553299,0.019018258344670174,0.03001429833945984,0.9699857016605401,0.010357909240862545,0.9896420907591374,0.9835391856202174,0.01646081437978269,0.028186929695036337,0.9718130703049638,0.9837925529661329,0.016207447033867055,0.9737973736014867,0.026202626398513302,0.9940760507315928,0.005923949268407238,0.01164553035907757,0.9883544696409223,0.013496799230177272,0.9865032007698227
0.9478662349083086,0.052133765091691465,0.0836889799259987,0.9163110200740012,0.02651642669102848,0.9734835733089715,0.9613531956643053,0.0386468043356946,0.05572065184541149,0.9442793481545884,0.9588001673858789,0.041199832614120975,0.9376578979562846,0.062342102043715444,0.9825352348193716,0.017464765180628353,0.030875651963918407,0.9691243480360816,0.04620431114461901,0.9537956888553809
0.9664009808016804,0.03359901919831977,0.06048757684468679,0.9395124231553131,0.018186362019361278,0.9818136379806387,0.967527894866995,0.03247210513300499,0.04326077431913825,0.9567392256808618,0.9688176073955972,0.031182392604402837,0.9593887690298467,0.040611230970153324,0.9879358630974489,0.012064136902551058,0.019957271233399316,0.9800427287666006,0.029737735996947665,0.9702622640030524
0.9777305755101792,0.022269424489820853,0.04400546434476063,0.9559945356552395,0.013553875096369376,0.9864461249036305,0.9760296880850139,0.023970311914986216,0.03192952816862358,0.9680704718313764,0.983325014012653,0.01667498598734703,0.9723854838204514,0.02761451617954868,0.991582286662583,0.008417713337417034,0.01411236522825761,0.9858876347717423,0.0175459385929347,0.9824540614070654
0.9859556642892269,0.014044335710773138,0.026358756997866273,0.9736412430021336,0.011422374347278167,0.9885776256527219,0.9818566444884554,0.018143355511544505,0.026119907726347848,0.9738800922736522,0.9876882450979905,0.012311754902009473,0.9831922604178742,0.016807739582125725,0.9916152067451723,0.008384793254827662,0.011457512853852745,0.9885424871461473,0.011547072577221743,0.9884529274227783
0.9910310186449195,0.008968981355080537,0.015759748513265368,0.9842402514867347,0.008067327009984275,0.9919326729900156,0.9874862324563132,0.012513767543686742,0.02199067272087746,0.9780093272791225,0.9892649019050139,0.010735098094985962,0.9872741391896616,0.012725860810338467,0.9931665889457945,0.006833411054205545,0.008666850131322361,0.9913331498686776,0.008150076244664649,0.9918499237553353
0.9936244938950728,0.006375506104927146,0.011326283630749827,0.9886737163692502,0.005229284532659944,0.99477071546734,0.9914293990099818,0.00857060099001809,0.018133399251301217,0.9818666007486987,0.9916428166135444,0.00835718338645557,0.9867846778458543,0.013215322154145611,0.9946844254586231,0.005315574541376828,0.007278037570415878,0.9927219624295842,0.006128759896953561,0.9938712401030464
0.9953477321982575,0.004652267801742558,0.006829659439834821,0.9931703405601652,0.003112919861209774,0.9968870801387903,0.9933871066513317,0.006612893348668252,0.016146425244750944,0.9838535747552489,0.9926541822069307,0.007345817793069202,0.990489392416976,0.009510607583023939,0.9967828233113057,0.0032171766886943025,0.004125134471647852,0.9958748655283521,0.00385450983902386,0.9961454901609761
0.99463291034688,0.005367089653119982,0.007583393363199267,0.9924166066368009,0.003545213822933415,0.9964547861770665,0.993564521250079,0.006435478749920994,0.017544055846288507,0.9824559441537114,0.9926715278990326,0.007328472100967511,0.988200837381242,0.011799162618758125,0.9961217471328202,0.0038782528671796553,0.0040456880927768534,0.9959543119072232,0.0040235534015382905,0.9959764465984616
0.9942131830262699,0.005786816973730185,0.00740841763627055,0.9925915823637295,0.003607352991302844,0.9963926470086971,0.9936496959615146,0.0063503040384853306,0.017815398962238525,0.9821846010377616,0.9927075464447669,0.007292453555233053,0.9877958922040919,0.012204107795908194,0.9961600261381833,0.0038399738618167833,0.004340385305698817,0.9956596146943012,0.0036395103155231526,0.996360489684477
0.9946505192675451,0.005349480732454939,0.007156195799394665,0.9928438042006055,0.0025968132589807616,0.9974031867410194,0.9938606603443016,0.006139339655698306,0.015596443099701884,0.9844035569002981,0.9938383801468028,0.006161619853197252,0.9869508900212055,0.013049109978794445,0.9962788130851471,0.003721186914853008,0.004112462057794419,0.9958875379422055,0.0038620650603473643,0.9961379349396526
0.9946124909140055,0.005387509085994477,0.00803405852561572,0.9919659414743843,0.002653218320854173,0.9973467816791458,0.9933636046002416,0.006636395399758385,0.016044974189642274,0.9839550258103577,0.9938260292790018,0.006173970720998244,0.9881847290502431,0.011815270949756809,0.997083488262835,0.0029165117371649594,0.003816346057845179,0.9961836539421548,0.0035439891224760796,0.9964560108775239
0.994551932811445,0.005448067188554914,0.00879010766377053,0.9912098923362294,0.002860509391949298,0.9971394906080507,0.9932572596244325,0.006742740375567553,0.01683034011320352,0.9831696598867964,0.9933313064256399,0.006668693574360162,0.9883377466253406,0.011662253374659422,0.9971130582183353,0.0028869417816646537,0.0036371726342101555,0.9963628273657898,0.0042955217225902,0.9957044782774099
0.9952502531857292,0.00474974681427081,0.007400176751153062,0.992599823248847,0.0026109404077793957,0.9973890595922205,0.9943991349958614,0.005600865004138625,0.01518264974012426,0.9848173502598758,0.9945573636661131,0.005442636333886848,0.9892901331498704,0.010709866850129595,0.9972507467088026,0.002749253291197369,0.0034249649811936064,0.9965750350188064,0.0035004605274703156,0.9964995394725298
0.9962160247320705,0.0037839752679294895,0.007530015870586016,0.992469984129414,0.0034010349399988303,0.9965989650600012,0.9941888002227229,0.00581119977727717,0.015562064903817953,0.984437935096182,0.9947717819836427,0.005228218016357278,0.987237961309959,0.012762038690041031,0.9950713839081129,0.004928616091887092,0.004324362779474651,0.9956756372205254,0.0031427999609043365,0.9968572000390955
0.9926577024302151,0.0073422975697848706,0.014524002889028838,0.9854759971109711,0.004407623145153493,0.9955923768548465,0.9879298672180363,0.0120701327819636,0.020830266422605277,0.9791697335773948,0.9885945476623653,0.011405452337634821,0.9735941402570718,0.026405859742928105,0.9910991160179611,0.008900883982038957,0.009860451097740853,0.9901395489022592,0.0060315441998097675,0.9939684558001902
0.9883233501293307,0.011676649870669409,0.03370754617019636,0.9662924538298036,0.008232672134889232,0.9917673278651108,0.9767878359497429,0.02321216405025708,0.03414675046858781,0.9658532495314122,0.9772657919516651,0.022734208048334814,0.9595700016692748,0.04042999833072514,0.9898040340277744,0.010195965972225642,0.016668126084869388,0.9833318739151305,0.013398348195022893,0.9866016518049772
0.9882609980836786,0.011739001916321403,0.028491625652252398,0.9715083743477475,0.0072010987455293,0.9927989012544707,0.9862639771106119,0.013736022889388234,0.029262346938154247,0.9707376530618459,0.9824598976275862,0.01754010237241366,0.9684561717045117,0.03154382829548824,0.9941725081588321,0.005827491841167917,0.009010153539478703,0.9909898464605214,0.011726727403068174,0.9882732725969318
0.9817743590418431,0.01822564095815686,0.05045897052747947,0.9495410294725206,0.02693312281303431,0.9730668771869657,0.9786792392161071,0.02132076078389281,0.04457739056219747,0.9554226094378026,0.9662623534839149,0.03373764651608511,0.9273566007234935,0.0726433992765065,0.9734999475267259,0.026500052473274277,0.0257920348737707,0.9742079651262293,0.018124423813801215,0.9818755761861987
0.9856412958641222,0.014358704135877786,0.034924225333450534,0.9650757746665494,0.023823041144699027,0.9761769588553009,0.9766159783221929,0.023384021677806982,0.041704419099610236,0.9582955809003898,0.9629817825116969,0.037018217488303105,0.9430279045864617,0.05697209541353839,0.9794047203587083,0.020595279641291743,0.03190470068136221,0.9680952993186379,0.009503309126187121,0.9904966908738129
0.9938214478341213,0.006178552165878761,0.015115182378611192,0.9848848176213888,0.009416341599836694,0.9905836584001633,0.987484476566508,0.01251552343349194,0.026688075702129884,0.9733119242978702,0.9862768375262674,0.013723162473732505,0.9789146940406962,0.021085305959303777,0.9895388147506253,0.010461185249374718,0.01060852109038723,0.9893914789096127,0.006072012472582357,0.9939279875274176
0.9936861331990001,0.006313866801000005,0.012783347242893494,0.9872166527571066,0.009675425311355523,0.9903245746886444,0.9917587309170711,0.008241269082928934,0.026128064973183717,0.9738719350268163,0.9835768369870301,0.016423163012969894,0.9742591536011863,0.02574084639881366,0.9906741343546612,0.009325865645338697,0.011851283962528988,0.988148716037471,0.005821166637854752,0.9941788333621452
0.9947235171540268,0.005276482845973277,0.009684689411703298,0.9903153105882966,0.006723613198139731,0.9932763868018603,0.9926597630707742,0.007340236929225796,0.024945973326324034,0.975054026673676,0.9842782281737184,0.01572177182628156,0.9774998746046477,0.022500125395352386,0.993019878913559,0.006980121086440903,0.008888985965199478,0.9911110140348004,0.004898699696167173,0.9951013003038327
0.9941330003668317,0.005866999633168321,0.010232674747641309,0.9897673252523587,0.005697151440969571,0.9943028485590305,0.9918271789924185,0.008172821007581663,0.02739475888374665,0.9726052411162533,0.9849328374594243,0.015067162540575591,0.979932092217983,0.020067907782017003,0.9940931481979444,0.005906851802055594,0.006605826465426812,0.993394173534573,0.005544494917201927,0.9944555050827981
0.995177516112846,0.004822483887154076,0.00864619060168521,0.9913538093983149,0.004217821079556413,0.9957821789204436,0.9931563675294933,0.006843632470506574,0.023374513170426842,0.9766254868295731,0.9911360497976754,0.008863950202324498,0.9841808505622895,0.015819149437710404,0.9946902455101493,0.005309754489850596,0.004530450747937361,0.9954695492520627,0.0037485313893134736,0.9962514686106866
0.9952705512909535,0.004729448709046386,0.008116741898381762,0.9918832581016184,0.0036299567807101976,0.9963700432192898,0.9925462417937811,0.007453758206218849,0.022133369957963684,0.9778666300420363,0.9915165169097352,0.008483483090264858,0.9855210052328217,0.014478994767178283,0.9952075132250404,0.004792486774959622,0.0049739390097365,0.9950260609902635,0.0033438282044390448,0.996656171795561
0.9958986635509904,0.004101336449009719,0.007806706217872638,0.9921932937821273,0.0034380353990849885,0.9965619646009151,0.9924472778518038,0.007552722148196274,0.02090175331439004,0.9790982466856099,0.9931120549012566,0.006887945098743321,0.9878814356516084,0.012118564348391743,0.9952407526779824,0.004759247322017525,0.004584110146023642,0.9954158898539763,0.0030281622002464445,0.9969718377997535
0.9959404248246031,0.00405957517539688,0.008688807365196732,0.9913111926348033,0.003937010745366888,0.9960629892546331,0.9919861592938716,0.008013840706128322,0.022322661024131465,0.9776773389758686,0.9925136820419902,0.0074863179580098044,0.9867699332387051,0.013230066761294802,0.9948229658909967,0.005177034109003131,0.005154578023933959,0.9948454219760661,0.0033415075802827165,0.9966584924197173
0.9952230627833516,0.004776937216648493,0.008009335075164901,0.9919906649248351,0.0033432540545078977,0.9966567459454921,0.9923526112661997,0.007647388733800422,0.02030872580324585,0.9796912741967543,0.9920210010422572,0.007978998957742825,0.984701642556891,0.015298357443109032,0.9942869851528822,0.005713014847117841,0.0056207573157667085,0.9943792426842333,0.004034803444642051,0.9959651965553579
0.9957590856292253,0.004240914370774655,0.009495860255964644,0.9905041397440354,0.003538891001260291,0.9964611089987396,0.9909501195946557,0.0090498804053442,0.022413948610557774,0.9775860513894422,0.9911381856242825,0.00886181437571758,0.9849669754740525,0.015033024525947436,0.9950787361905779,0.004921263809422003,0.00571359800845088,0.994286401991549,0.0035398021833060044,0.996460197816694
0.9958360585595585,0.004163941440441592,0.010253269079883868,0.9897467309201161,0.0032581570205215222,0.9967418429794785,0.9920152211055954,0.00798477889440466,0.021803698278221983,0.978196301721778,0.992176348632512,0.007823651367488015,0.984606236790214,0.015393763209786051,0.9956921763876418,0.004307823612358219,0.004842377827565001,0.9951576221724349,0.0038140235699470806,0.9961859764300528
0.9943718585477525,0.005628141452247486,0.014413273003028557,0.9855867269969714,0.004176303294034607,0.9958236967059654,0.9900987830914186,0.009901216908581282,0.024832761453198814,0.9751672385468011,0.9896615611667863,0.010338438833213824,0.9775772010126027,0.022422798987397387,0.993990722764795,0.00600927723520503,0.007047099258373626,0.9929529007416265,0.005911477046673084,0.9940885229533271
0.9947972599350653,0.005202740064934754,0.013686782532641583,0.9863132174673584,0.003256961189415958,0.996743038810584,0.9910829341441414,0.008917065855858665,0.02059423121132561,0.9794057687886742,0.9918739857807907,0.00812601421920925,0.9816275645508764,0.018372435449123543,0.995985696904404,0.004014303095596176,0.0054719877937492375,0.9945280122062508,0.004817967291561286,0.9951820327084386
0.9955668609848037,0.004433139015196271,0.013190052462513691,0.9868099475374863,0.0034787214827263833,0.9965212785172736,0.9915636456227329,0.00843635437726713,0.018657292498269716,0.9813427075017304,0.9938136183607689,0.00618638163923122,0.9820257472665358,0.017974252733464206,0.9944030987585981,0.005596901241401918,0.005178051586063602,0.9948219484139365,0.004555448298062027,0.995444551701938
0.9903689617022942,0.00963103829770576,0.02117059632811145,0.9788294036718885,0.005257430672115663,0.9947425693278843,0.9848382873010327,0.015161712698967343,0.023640236858131228,0.9763597631418689,0.9867819653764935,0.013218034623506352,0.9701852315169776,0.0298147684830223,0.9915007701517786,0.008499229848221409,0.011414120589049772,0.9885858794109502,0.008010573849262567,0.9919894261507375
0.9931715627096801,0.006828437290319859,0.01736177164214116,0.9826382283578589,0.004234237027202827,0.9957657629727973,0.9867568865452335,0.013243113454766428,0.02002429707822121,0.9799757029217788,0.9909638743669686,0.009036125633031385,0.9804293864768274,0.019570613523172575,0.9945436262387762,0.00545637376122384,0.008368375241206889,0.9916316247587932,0.005542080824660004,0.9944579191753399
0.995631111195784,0.004368888804216094,0.012682217124248399,0.9873177828757516,0.0035259252858669795,0.996474074714133,0.9923505162437635,0.007649483756236564,0.01652726229305271,0.9834727377069472,0.9938579331757998,0.006142066824200139,0.9827916864000963,0.017208313599903668,0.995819615014199,0.004180384985800987,0.005641484738594997,0.9943585152614051,0.004023169104108119,0.9959768308958918
0.9924413257012686,0.007558674298731371,0.01491070408442128,0.9850892959155788,0.0042024103026467394,0.9957975896973532,0.989940632432825,0.01005936756717491,0.018532369348321472,0.9814676306516785,0.9895908639896761,0.010409136010323934,0.975657023782156,0.024342976217843936,0.9938682424917135,0.006131757508286595,0.009216383925302765,0.9907836160746972,0.006327151955489101,0.993672848044511
0.9955020980590795,0.004497901940920483,0.009366804700362625,0.9906331952996373,0.003488163030766578,0.9965118369692334,0.9924860254920832,0.007513974507916751,0.015071949918987743,0.9849280500810123,0.9926388005884669,0.00736119941153319,0.9839412372238251,0.01605876277617487,0.9955959332525685,0.00440406674743156,0.006567949203052945,0.9934320507969472,0.002814410373256963,0.997185589626743
0.9959193837298213,0.004080616270178674,0.009563589853777355,0.9904364101462227,0.002989109829679518,0.9970108901703204,0.9929489340840844,0.007051065915915483,0.015815494212503098,0.9841845057874969,0.9941826677039856,0.005817332296014415,0.9866421107573409,0.013357889242659073,0.9969483366401857,0.0030516633598141993,0.004738332209764805,0.9952616677902353,0.002925553763505423,0.9970744462364945
0.9967954465542294,0.003204553445770696,0.005836346736253086,0.9941636532637469,0.0026751861287028812,0.997324813871297,0.9949987472071383,0.005001252792861761,0.013906177428846795,0.9860938225711533,0.9945633932677808,0.005436606732219365,0.9905250300689392,0.009474969931060817,0.9968350322456303,0.003164967754369746,0.003727519968251444,0.9962724800317486,0.002783085849078144,0.997216914150922
0.9961021696375465,0.0038978303624535205,0.0056109373501304375,0.9943890626498695,0.0024820330351410626,0.997517966964859,0.9953725150957539,0.004627484904246202,0.013694685035469705,0.9863053149645302,0.994541240567786,0.005458759432213891,0.9889782444944236,0.011021755505576386,0.9969419703661171,0.003058029633882886,0.00371140210237092,0.9962885978976291,0.0027851110421791094,0.9972148889578208
0.996324381150442,0.003675618849558058,0.006007789120879933,0.99399221087912,0.0023594013672574537,0.9976405986327426,0.995031734833737,0.004968265166263058,0.014028683049825914,0.9859713169501741,0.9950788471028169,0.00492115289718312,0.9896481408096143,0.01035185919038566,0.9971941964527806,0.0028058035472192325,0.0034561282568352936,0.9965438717431647,0.0024877167010582263,0.9975122832989417
0.9945543943971932,0.005445605602806921,0.008766738399622722,0.9912332616003773,0.0026454093013594257,0.9973545906986406,0.9928125205535195,0.007187479446480558,0.01707866384126579,0.9829213361587341,0.9919252657337614,0.00807473426623857,0.9851491300173103,0.014850869982689757,0.9959909152841206,0.004009084715879325,0.0043792017091501285,0.9956207982908498,0.005264459911363591,0.9947355400886364
0.9952011392818514,0.0047988607181486224,0.007886906894741044,0.9921130931052589,0.0025181621386288896,0.9974818378613711,0.9932631330628602,0.00673686693713986,0.015967466390228485,0.9840325336097715,0.9939162362357098,0.006083763764290294,0.9873865348237814,0.012613465176218705,0.9965468811794033,0.003453118820596714,0.003805087764506041,0.9961949122354938,0.00309650072936224,0.9969034992706378
0.9965106346627337,0.003489365337266372,0.007812524715979327,0.9921874752840206,0.0025280604782210807,0.9974719395217788,0.9933755827623674,0.006624417237632608,0.01610595379690317,0.9838940462030968,0.9943828363415969,0.005617163658403184,0.9880874376907174,0.011912562309282653,0.9966317340582957,0.003368265941704152,0.0038269196053264728,0.9961730803946736,0.0027995863729224687,0.9972004136270775
0.9969669318465016,0.0030330681534984747,0.005923122898673637,0.9940768771013263,0.00238400744358717,0.9976159925564128,0.9946729034182297,0.005327096581770363,0.014376561736776474,0.9856234382632236,0.9952399864798465,0.004760013520153667,0.9902292840065463,0.009770715993453683,0.996718408190706,0.0032815918092940185,0.003628325829484665,0.9963716741705153,0.0023480638876222496,0.9976519361123778
0.9960801250861329,0.003919874913867136,0.006601192609276562,0.9933988073907235,0.002079123679740199,0.9979208763202598,0.9943661780760136,0.005633821923986451,0.013815962355662159,0.9861840376443377,0.9948622591781564,0.005137740821843677,0.9869594986886112,0.013040501311388668,0.9962612919201483,0.003738708079851683,0.004389044091300607,0.9956109559086993,0.003358832901839331,0.9966411670981606
0.989892828675595,0.010107171324404854,0.02174731324562579,0.9782526867543743,0.0050898051223898155,0.9949101948776102,0.9871432873073709,0.01285671269262911,0.023700810503478543,0.9762991894965214,0.9861067183980433,0.013893281601956606,0.9687309610762294,0.03126903892377056,0.9938751376786306,0.006124862321369431,0.01029057426615834,0.9897094257338416,0.009488360295505203,0.9905116397044947
0.9934608651698684,0.006539134830131706,0.016943866663961523,0.9830561333360385,0.004166622438052889,0.995833377561947,0.989279051694443,0.01072094830555703,0.021637369884630712,0.9783626301153692,0.9886199711881282,0.011380028811871779,0.9777099512272338,0.02229004877276632,0.9945684456577083,0.005431554342291744,0.006123660481423165,0.9938763395185769,0.00655455984311853,0.9934454401568815
0.9927722522743878,0.007227747725612126,0.016828956717851548,0.9831710432821484,0.0039859569805151965,0.9960140430194849,0.9893426958865349,0.010657304113465207,0.0203155727691215,0.9796844272308785,0.989754252462803,0.010245747537197068,0.9793008376911931,0.020699162308806928,0.9964081431208112,0.0035918568791888142,0.006420469129223514,0.9935795308707764,0.005676547859070656,0.9943234521409294
0.9921516171029519,0.007848382897048246,0.016543834917627214,0.9834561650823728,0.004408472098495796,0.9955915279015042,0.9901840034709459,0.009815996529054108,0.019517442825802415,0.9804825571741976,0.9919103280958692,0.008089671904130936,0.9810120699691367,0.01898793003086343,0.9955952611428028,0.0044047388571971284,0.006872708006874838,0.9931272919931252,0.006594302192182458,0.9934056978078176
0.9913198483852255,0.00868015161477462,0.018244414548772056,0.981755585451228,0.004851370681253195,0.9951486293187467,0.9891899341667741,0.010810065833225744,0.020071138629681576,0.9799288613703183,0.9922156548412923,0.00778434515870776,0.9820251855327715,0.017974814467228453,0.9951855546263264,0.00481444537367359,0.0067772134174254725,0.9932227865825746,0.00708430866156398,0.9929156913384359
0.9944769500595654,0.005523049940434711,0.014717227395957488,0.9852827726040426,0.004874685546643075,0.9951253144533571,0.990983482320025,0.009016517679975028,0.016944191339024566,0.9830558086609754,0.9934666540244671,0.006533345975532982,0.9829684649758562,0.017031535024143694,0.9943346616836156,0.005665338316384278,0.006912264450783544,0.9930877355492164,0.005370343998361521,0.9946296560016383
0.9969388661858192,0.0030611338141809667,0.007546379962949009,0.9924536200370511,0.0032143562785886056,0.9967856437214113,0.9927413329176185,0.0072586670823814575,0.01523342965699742,0.9847665703430025,0.9933542397772505,0.0066457602227496205,0.9897904473732446,0.010209552626755453,0.9960195414794589,0.003980458520541079,0.004877668886752554,0.9951223311132475,0.0031634387486505263,0.9968365612513495
0.9957291065916283,0.004270893408371638,0.006346770045950895,0.9936532299540491,0.0026283427406632075,0.9973716572593369,0.9940077780899795,0.005992221910020363,0.013972302121517675,0.9860276978784824,0.9944392225356591,0.005560777464340966,0.9880258302511077,0.011974169748892248,0.9953408341308639,0.004659165869136142,0.00460604394828457,0.9953939560517155,0.0038593215712329405,0.996140678428767
0.996343164455932,0.003656835544067938,0.005802331965618346,0.9941976680343817,0.0028452293872467792,0.9971547706127533,0.9944657431692956,0.005534256830704423,0.01451589702872945,0.9854841029712706,0.9937284799021268,0.006271520097873305,0.9886387310607112,0.011361268939288814,0.9965801943076513,0.003419805692348721,0.004557878390633251,0.9954421216093666,0.002237455032493573,0.9977625449675065
0.9962925805330186,0.003707419466981414,0.00748407768640161,0.9925159223135984,0.004056270350760953,0.995943729649239,0.9936750738626302,0.00632492613736981,0.01913931174452597,0.9808606882554739,0.9915213102723489,0.00847868972765115,0.9850890183588897,0.014910981641110311,0.9949115076742793,0.005088492325720647,0.0052073905667197615,0.9947926094332802,0.003104869070390403,0.9968951309296097
0.9951298288831789,0.004870171116821185,0.0068635080073768204,0.9931364919926232,0.0038777106523583834,0.9961222893476417,0.9935861306595934,0.006413869340406455,0.019265198256506973,0.9807348017434929,0.990167327990046,0.009832672009954059,0.9824227251973022,0.017577274802697742,0.9942371678672485,0.005762832132751588,0.006122553729181762,0.9938774462708183,0.0033159619626316776,0.9966840380373683
0.9924309604415416,0.007569039558458393,0.012196531873197615,0.9878034681268025,0.004587281439436314,0.9954127185605638,0.990526359431824,0.009473640568176076,0.02203626085326973,0.9779637391467302,0.9869210973566723,0.013078902643327613,0.9748942368557615,0.025105763144238454,0.9940307498671582,0.005969250132841792,0.008166626106361752,0.9918333738936383,0.0056309549967214585,0.9943690450032785
0.9930217768021219,0.006978223197877966,0.012206915818156744,0.9877930841818433,0.006051266506199929,0.9939487334938001,0.9922094544024835,0.007790545597516466,0.021576059883210957,0.978423940116789,0.9890362839019906,0.010963716098009309,0.9765393115822371,0.02346068841776299,0.9928796866436869,0.007120313356313225,0.006906502755536302,0.9930934972444636,0.004392545014899135,0.9956074549851007
0.9939003588215858,0.006099641178414127,0.011709109640083216,0.9882908903599167,0.00490156257425273,0.9950984374257473,0.9899087968689825,0.01009120313101754,0.02222423675196896,0.9777757632480311,0.9862751261914031,0.013724873808596733,0.9782508506448705,0.021749149355129397,0.9944698647123182,0.0055301352876816826,0.008219913601781804,0.9917800863982181,0.003911702064713322,0.9960882979352867
0.9943913832244506,0.005608616775549339,0.011702435778130467,0.9882975642218695,0.003925519198066069,0.9960744808019341,0.9920673731903367,0.007932626809663302,0.018787076379301167,0.9812129236206988,0.9897013457486902,0.01029865425130973,0.9761082224993272,0.023891777500672822,0.9948829769653048,0.005117023034695246,0.008329259689518373,0.9916707403104816,0.004673565787378261,0.9953264342126218
0.995256376938384,0.004743623061616105,0.011176389678429212,0.9888236103215708,0.003526097930671767,0.9964739020693283,0.992963467578595,0.007036532421404993,0.017612710969673727,0.9823872890303262,0.9935485461948732,0.006451453805126772,0.982353005177517,0.017646994822482883,0.9954498181385124,0.004550181861487593,0.005300262869829111,0.9946997371301709,0.003285296387975186,0.9967147036120249
0.995380389485425,0.004619610514575067,0.013327422012647094,0.9866725779873529,0.003937325676314246,0.9960626743236858,0.990711662653512,0.009288337346488124,0.020118734128699602,0.9798812658713005,0.9915285106605916,0.008471489339408516,0.9822904864510545,0.017709513548945437,0.9958227185362448,0.004177281463755162,0.006733495778157209,0.9932665042218427,0.004055443424603862,0.995944556575396
0.9966590313325338,0.0033409686674661624,0.008214032725841773,0.9917859672741581,0.0031728524919155477,0.9968271475080844,0.9935144920732368,0.006485507926763237,0.017426873075451547,0.9825731269245486,0.9930504788069611,0.006949521193039055,0.9869625353886893,0.013037464611310692,0.9959795061224285,0.004020493877571424,0.004890593996987653,0.9951094060030122,0.0032759496225829433,0.996724050377417
0.9952510244004238,0.00474897559957624,0.009849760186043693,0.9901502398139562,0.0028384321988840396,0.9971615678011159,0.9924979122604421,0.007502087739557901,0.01823487805818405,0.981765121941816,0.993734540270938,0.006265459729062036,0.9847371531265235,0.015262846873476512,0.9954915430680604,0.00450845693193959,0.005020349779578119,0.994979650220422,0.004104011725488641,0.9958959882745112
0.9927385070053714,0.007261492994628512,0.016423235120323756,0.9835767648796763,0.003890510997849158,0.9961094890021508,0.9886232581796582,0.011376741820341686,0.021740651089438207,0.9782593489105618,0.9908032084599103,0.009196791540089667,0.9805922458942652,0.019407754105734764,0.9954995318802626,0.004500468119737343,0.007147491185036703,0.9928525088149635,0.006652405168003553,0.9933475948319965
0.9893217097079664,0.010678290292033649,0.02709623657690602,0.972903763423094,0.014653716893421721,0.9853462831065783,0.9829343453332524,0.01706565466674757,0.03545809480982808,0.964541905190172,0.9781009778825824,0.021899022117417562,0.9598055662597373,0.040194433740262644,0.9814856648717769,0.01851433512822319,0.014687838604265955,0.9853121613957341,0.01163855352976056,0.9883614464702394
0.9874854039847651,0.012514596015234742,0.033733188691524266,0.9662668113084757,0.023857901256108507,0.9761420987438916,0.970927627675338,0.029072372324661946,0.05646087543491965,0.9435391245650804,0.9650045471901875,0.03499545280981252,0.9524168046140012,0.04758319538599884,0.9776013281190837,0.022398671880916335,0.026759739875456975,0.973240260124543,0.011067269428974858,0.9889327305710253
0.9921041652950624,0.007895834704937574,0.013543594431618516,0.9864564055683815,0.012363259301130955,0.9876367406988691,0.9878281597667921,0.012171840233207998,0.031966107821115704,0.9680338921788844,0.9803106362974099,0.0196893637025901,0.969465019444024,0.030534980555976025,0.983294790967382,0.016705209032617952,0.014732468852441605,0.9852675311475584,0.007901114357458513,0.9920988856425416
0.9902128767981385,0.009787123201861543,0.017880791481163567,0.9821192085188364,0.01655630440792717,0.9834436955920727,0.9856560545385689,0.01434394546143123,0.04065275988219279,0.9593472401178073,0.9731466003698122,0.02685339963018785,0.9611484631074697,0.0388515368925303,0.9839753078868075,0.016024692113192456,0.019462360083835215,0.9805376399161648,0.006875876917076158,0.9931241230829239
0.9899057355194675,0.010094264480532444,0.018609750634805796,0.9813902493651941,0.0164545971550567,0.9835454028449433,0.9859053979025665,0.01409460209743352,0.046965777025064624,0.9530342229749353,0.9714705356227792,0.028529464377220853,0.9590642411323564,0.040935758867643675,0.983971749154346,0.016028250845654048,0.017199403813182204,0.9828005961868179,0.008463196403047999,0.9915368035969521
0.9914024125789628,0.00859758742103729,0.014904226836265726,0.9850957731637342,0.011602645916567646,0.9883973540834323,0.9868283855727349,0.013171614427265036,0.043701430506980346,0.9562985694930196,0.9740986623532688,0.02590133764673123,0.9631916066344783,0.036808393365521615,0.9856374398014667,0.014362560198533377,0.0137200032776104,0.9862799967223898,0.007888824359501705,0.9921111756404982
0.9775814385822579,0.02241856141774212,0.03988556454139549,0.9601144354586044,0.025453296808543198,0.9745467031914568,0.9744423276920885,0.02555767230791148,0.0740597186881232,0.9259402813118768,0.9423449352330631,0.05765506476693703,0.9116016969513756,0.08839830304862452,0.9706335236442737,0.029366476355726354,0.03125329194002034,0.9687467080599796,0.021650065234948113,0.9783499347650518
0.9859190031003564,0.014080996899643644,0.032732385828476644,0.9672676141715234,0.016050174484294605,0.9839498255157054,0.978897276312233,0.02110272368776715,0.055613181777079336,0.9443868182229206,0.9631250893202095,0.03687491067979051,0.9475348565362343,0.05246514346376563,0.9840688580541249,0.015931141945875093,0.017118785338567984,0.9828812146614321,0.011133951467440771,0.9888660485325591
0.9897449707532954,0.01025502924670466,0.03101351488551363,0.9689864851144864,0.014531519632511751,0.9854684803674882,0.9797752302663351,0.020224769733664938,0.051611358292049596,0.9483886417079505,0.9704070404129315,0.029592959587068497,0.9543563423917725,0.04564365760822744,0.9851952512886437,0.014804748711356347,0.016405400203088817,0.9835945997969111,0.010592362164172028,0.989407637835828
0.9917484761158,0.008251523884199976,0.01945498813687319,0.9805450118631269,0.011965176591726578,0.9880348234082735,0.9864693005611824,0.013530699438817602,0.03862823691405912,0.9613717630859409,0.9798907681565471,0.02010923184345308,0.9671244707823163,0.032875529217683656,0.9883039148451661,0.011696085154833778,0.014794786471215635,0.9852052135287843,0.0065383300280816145,0.9934616699719183
0.9719237393165576,0.02807626068344243,0.059415070856184804,0.9405849291438153,0.026583149713597112,0.973416850286403,0.9647852774177058,0.035214722582294154,0.06443508490968022,0.9355649150903198,0.9557744728559447,0.04422552714405528,0.9165955320657501,0.08340446793424991,0.9663056966851084,0.03369430331489173,0.03792028887890371,0.9620797111210964,0.029164363656109027,0.970835636343891
0.9726791409266359,0.0273208590733642,0.07357951489066199,0.9264204851093382,0.032278299297908694,0.9677217007020913,0.9543234477751683,0.04567655222483166,0.07101759060449336,0.9289824093955066,0.9511687676803783,0.04883123231962188,0.922559390094882,0.07744060990511796,0.9691712623862552,0.03082873761374473,0.04102577971857268,0.9589742202814273,0.020878450986725344,0.9791215490132746
0.9888082519906195,0.011191748009380371,0.03981825672802437,0.9601817432719757,0.013928008289745846,0.9860719917102542,0.9711791837485417,0.02882081625145816,0.0540484263874106,0.9459515736125894,0.9702079181835933,0.029792081816406597,0.9583876564864419,0.04161234351355803,0.9859083917585714,0.014091608241428742,0.01887061638876332,0.9811293836112366,0.013907085125272082,0.9860929148747278
0.9894795635134583,0.01052043648654161,0.0248699849492627,0.9751300150507373,0.011059926369140952,0.9889400736308589,0.9829874860701084,0.017012513929891674,0.04035729338208422,0.9596427066179158,0.980380036190547,0.01961996380945306,0.9661497430971987,0.03385025690280125,0.9876418063169909,0.012358193683009075,0.015010070654607367,0.9849899293453925,0.010411322832176207,0.9895886771678237
0.9910059278039464,0.008994072196053547,0.022424491174582433,0.9775755088254175,0.007896162698706171,0.9921038373012939,0.9851129305010669,0.01488706949893308,0.03245294534158787,0.9675470546584121,0.9861425888892033,0.013857411110796823,0.9755762708907838,0.024423729109216277,0.9924209959250992,0.007579004074900691,0.01079120865770455,0.9892087913422954,0.008233390614957349,0.9917666093850427
0.9938138222828894,0.006186177717110564,0.015322421914523212,0.9846775780854768,0.005374983930731588,0.9946250160692683,0.990870362283501,0.009129637716499068,0.021656742101718217,0.9783432578982818,0.9923445849580076,0.007655415041992461,0.9819303050761279,0.0180696949238722,0.9941043180558717,0.0058956819441282286,0.006796260073093958,0.993203739926906,0.005720481196682103,0.9942795188033179
0.9347595257370942,0.06524047426290577,0.11333694456860162,0.8866630554313983,0.04368909888636544,0.9563109011136347,0.9348561954227232,0.06514380457727677,0.08438794609166266,0.9156120539083373,0.9032701353300915,0.09672986466990849,0.8754841417562206,0.12451585824377952,0.9532446275873171,0.046755372412682863,0.06171171871187466,0.9382882812881255,0.07265956547734381,0.9273404345226561
0.9196259964425731,0.08037400355742699,0.16229099319806686,0.8377090068019332,0.05488919827997393,0.945110801720026,0.912483294066602,0.08751670593339796,0.09239459949326978,0.9076054005067302,0.9008430527286966,0.09915694727130346,0.888463415798439,0.11153658420156101,0.9662880806022566,0.03371191939774334,0.06854516118484663,0.9314548388151535,0.06491099415461193,0.935089005845388
0.943063206938602,0.05693679306139796,0.11509487670912517,0.8849051232908748,0.032880763324731374,0.9671192366752686,0.9508632786336234,0.04913672136637662,0.06431657304368518,0.9356834269563147,0.9471038546458321,0.05289614535416779,0.9303411423268944,0.06965885767310571,0.9830078086368699,0.016992191363130134,0.033026686112560835,0.9669733138874391,0.052690870342916245,0.9473091296570837
0.9541260505012371,0.04587394949876291,0.07482755759025837,0.9251724424097415,0.031487339230797544,0.9685126607692025,0.9694427700598892,0.0305572299401108,0.04120827498995367,0.9587917250100464,0.9669494490494317,0.03305055095056823,0.9479209681459513,0.052079031854048705,0.9841789117396721,0.01582108826032787,0.03039313940447127,0.9696068605955287,0.03449009619573813,0.9655099038042618
0.9805678822895891,0.019432117710410812,0.04048083325708117,0.9595191667429188,0.020384049522299254,0.9796159504777007,0.980289831442765,0.01971016855723485,0.02864712338381837,0.9713528766161817,0.9796415116104575,0.020358488389542368,0.9680654325366568,0.03193456746334312,0.9884070302004375,0.011592969799562577,0.02138660650738385,0.9786133934926162,0.015458872619170087,0.98454112738083
0.9857216123203778,0.014278387679622166,0.029378036814964596,0.9706219631850355,0.01987394534679325,0.9801260546532067,0.9813568466721567,0.01864315332784322,0.03089564544881535,0.9691043545511846,0.9805978453955165,0.019402154604483468,0.9734397464905034,0.0265602535094965,0.9846467201147382,0.015353279885261773,0.01796007575156498,0.9820399242484349,0.01281974793251475,0.9871802520674853
0.994514616199941,0.005485383800058944,0.009221147381123874,0.9907788526188762,0.0076893476325990235,0.9923106523674009,0.9912859413216302,0.008714058678369798,0.019169555913952703,0.9808304440860472,0.9867263907309621,0.013273609269037926,0.9870492294018869,0.012950770598113143,0.9921794880267261,0.00782051197327401,0.008692837476259102,0.9913071625237408,0.005784806934847245,0.9942151930651526
0.9749956074717328,0.025004392528267246,0.02462376143743248,0.9753762385625676,0.018230608652332992,0.981769391347667,0.9823989315777575,0.0176010684222425,0.03150176257265943,0.9684982374273406,0.961014321033981,0.038985678966019094,0.9489501827536496,0.051049817246350535,0.9806480306862688,0.019351969313731242,0.02568413533875568,0.9743158646612444,0.02255346473398869,0.9774465352660112
0.9837208739697981,0.016279126030201752,0.02596374875771758,0.9740362512422823,0.012724178847430871,0.9872758211525692,0.981926231645699,0.018073768354301016,0.03620321957072279,0.9637967804292773,0.9660828017392096,0.03391719826079049,0.9630052677052275,0.03699473229477243,0.9912138111181449,0.008786188881855077,0.014921148154784151,0.9850788518452158,0.012213143586718373,0.9877868564132816
0.9202431322432921,0.07975686775670798,0.12359924611978255,0.8764007538802174,0.05535652872588235,0.9446434712741175,0.9452808310722539,0.054719168927746115,0.09958240240050717,0.9004175975994928,0.8787655570603896,0.12123444293961039,0.8760889859423749,0.12391101405762507,0.9657545497883895,0.034245450211610594,0.05165254689321741,0.9483474531067826,0.08722885528829259,0.9127711447117075
0.8273894988147192,0.17261050118528076,0.26551401004742525,0.7344859899525749,0.12235333852741219,0.8776466614725877,0.8982448934592986,0.10175510654070143,0.1443197972749348,0.8556802027250652,0.8076485362448765,0.19235146375512346,0.7995893671153023,0.20041063288469776,0.9478450008023864,0.05215499919761348,0.12104518171136237,0.8789548182886375,0.1496655994680074,0.8503344005319925
0.8384596142742567,0.1615403857257432,0.29957721842079893,0.7004227815792011,0.17033075745668366,0.8296692425433164,0.8972131715722128,0.10278682842778714,0.13018144087656985,0.8698185591234301,0.8452643514904633,0.15473564850953672,0.7838475078216508,0.21615249217834914,0.9015078267274981,0.0984921732725018,0.11355218488706949,0.8864478151129305,0.1370233111465288,0.8629766888534711
0.86094976596545,0.13905023403455,0.231142385493595,0.768857614506405,0.13663333174631218,0.8633666682536879,0.8594895627542651,0.14051043724573484,0.11787392474831011,0.8821260752516898,0.8610058100105791,0.1389941899894209,0.8567755344852795,0.1432244655147204,0.9219970496653592,0.07800295033464089,0.13660735775927996,0.8633926422407201,0.0916945079229016,0.9083054920770983
0.8850727559108408,0.11492724408915916,0.1502376075105987,0.8497623924894014,0.09103802549034122,0.9089619745096589,0.906158227070804,0.09384177292919592,0.08356288809505075,0.9164371119049494,0.8953018029407467,0.10469819705925325,0.8940121697602652,0.1059878302397348,0.9413227929118204,0.058677207088179646,0.10165603831470073,0.8983439616852993,0.10174739737497043,0.8982526026250296
0.9222922072672537,0.0777077927327463,0.12275270833794125,0.8772472916620587,0.0604776567775995,0.9395223432224005,0.9452181183024013,0.05478188169759867,0.06739933948327814,0.9326006605167219,0.9273788063997647,0.07262119360023532,0.9120631107103014,0.08793688928969863,0.9730999935394946,0.0269000064605055,0.06699723412217437,0.9330027658778257,0.055820342193783325,0.9441796578062167
0.9841561142354285,0.015843885764571415,0.03438692321435584,0.9656130767856441,0.017134786805350674,0.9828652131946494,0.984913826198642,0.015086173801357971,0.02906266296768321,0.9709373370323168,0.9750287870363998,0.02497121296360009,0.9682871559961416,0.03171284400385854,0.9906413298403576,0.00935867015964232,0.016095709804242273,0.9839042901957576,0.016917145679196163,0.9830828543208039
0.9410381516721521,0.05896184832784801,0.07320452438540755,0.9267954756145924,0.038134306052408806,0.9618656939475911,0.9611697214301962,0.03883027856980387,0.053538233733931226,0.9464617662660688,0.9208565896730148,0.07914341032698521,0.9149206163130589,0.08507938368694104,0.9736879816852771,0.026312018314722872,0.04752691528529518,0.9524730847147049,0.0489122008863581,0.9510877991136419
0.9394950651471016,0.06050493485289839,0.09426978567791816,0.9057302143220819,0.03672463458887293,0.963275365411127,0.9464480750596409,0.05355192494035917,0.06166642093846054,0.9383335790615395,0.9460399865854274,0.05396001341457253,0.9412956293585856,0.05870437064141445,0.9810946052459945,0.01890539475400545,0.03839731439534299,0.9616026856046571,0.04057304856206733,0.9594269514379328
0.922657735035571,0.07734226496442899,0.11461102591291171,0.8853889740870883,0.041294851230369044,0.9587051487696309,0.9435526134158726,0.056447386584127485,0.07450998024198498,0.9254900197580151,0.9402330377207461,0.059766962279253835,0.9332010796958266,0.06679892030417355,0.9793257009619996,0.0206742990380005,0.04026542983131238,0.9597345701686877,0.06266350905078419,0.9373364909492159
0.9371735870102733,0.06282641298972673,0.08091390566466712,0.919086094335333,0.03536224120785104,0.964637758792149,0.9609624986536903,0.03903750134630966,0.05155021727119975,0.9484497827288003,0.9568746482842966,0.04312535171570336,0.9476066289214763,0.05239337107852375,0.981888680768282,0.018111319231717996,0.03287613059253031,0.9671238694074697,0.046972860213665014,0.9530271397863349
0.9052405621551761,0.09475943784482393,0.11039079731447066,0.8896092026855293,0.05027878384646834,0.9497212161535317,0.9437613024290733,0.056238697570926616,0.06682957901205848,0.9331704209879416,0.9338369514877048,0.06616304851229515,0.9260645384129267,0.07393546158707334,0.9743590697480903,0.025640930251909808,0.05224117272634736,0.9477588272736527,0.06632479083123889,0.9336752091687611
0.919337068428261,0.08066293157173891,0.10785691483173188,0.892143085168268,0.041872060706172214,0.9581279392938277,0.9391452031147014,0.06085479688529865,0.06882682007093195,0.931173179929068,0.9471303179441051,0.05286968205589488,0.9363983404454159,0.06360165955458405,0.9742673686094175,0.025732631390582426,0.04451738860378634,0.9554826113962136,0.06366982789062753,0.9363301721093725
0.9403952049706071,0.059604795029392754,0.07913680172548142,0.9208631982745186,0.029948971224083912,0.9700510287759162,0.9550328271506058,0.04496717284939424,0.055805204059297474,0.9441947959407025,0.9589439795509499,0.0410560204490501,0.9515064033392742,0.04849359666072588,0.9813753299428049,0.018624670057195217,0.031097109305099065,0.9689028906949009,0.048770218994774656,0.9512297810052253
0.9707863423975963,0.029213657602403773,0.044183626757831884,0.9558163732421681,0.017347921368630566,0.9826520786313695,0.9751287900148757,0.024871209985124394,0.032012865716879,0.9679871342831211,0.980268857652299,0.01973114234770099,0.9703402046097315,0.029659795390268483,0.9883621729882839,0.011637827011716223,0.017205966899152582,0.9827940331008475,0.022759840598793074,0.9772401594012069
0.9791082571184253,0.020891742881574728,0.028174749986226107,0.9718252500137738,0.01065659330800899,0.9893434066919911,0.979675810790304,0.020324189209696024,0.02561912276067213,0.9743808772393278,0.9836308844333459,0.016369115566654,0.9777236324943733,0.022276367505626678,0.9917405097465505,0.008259490253449407,0.013909336123575632,0.9860906638764244,0.014771043002942397,0.9852289569970576
0.9641552895210016,0.03584471047899848,0.04815575998006166,0.9518442400199383,0.01747848115068254,0.9825215188493175,0.9706425610401529,0.02935743895984716,0.035942563482608776,0.9640574365173913,0.9733123125223604,0.026687687477639613,0.961389472142824,0.03861052785717605,0.987030848780249,0.01296915121975085,0.02239490455756647,0.9776050954424336,0.028309818409761288,0.9716901815902388
0.9728057515946198,0.02719424840538011,0.03540522557061084,0.9645947744293891,0.016394727530016074,0.983605272469984,0.9814241423687393,0.018575857631260732,0.027221300917041516,0.9727786990829586,0.9790836952023918,0.020916304797608216,0.9666082375384858,0.03339176246151413,0.9890356802070159,0.010964319792984102,0.01653859440720268,0.9834614055927974,0.01822561978271854,0.9817743802172814
0.9849207996580717,0.015079200341928277,0.02146945138440616,0.9785305486155939,0.009333442119638281,0.9906665578803618,0.9850068768630958,0.014993123136904209,0.022979352695868458,0.9770206473041315,0.9840150512424992,0.015984948757500853,0.9785341045590161,0.021465895440983943,0.9940591952082024,0.0059408047917975096,0.01132474410627688,0.9886752558937231,0.010133201076315356,0.9898667989236846
0.9893628467895024,0.010637153210497694,0.01206402634228243,0.9879359736577177,0.006334067810220996,0.993665932189779,0.991373577811358,0.008626422188641916,0.01838532106508248,0.9816146789349176,0.9897356586978325,0.010264341302167404,0.9846253763123618,0.015374623687638185,0.9951827863949924,0.004817213605007585,0.0072791498715862775,0.9927208501284137,0.007236227110383654,0.9927637728896164
0.9845586563774794,0.015441343622520644,0.01845033973663443,0.9815496602633657,0.00807535664798572,0.9919246433520144,0.9890435989874595,0.010956401012540475,0.022588184579493572,0.9774118154205065,0.9871182581382746,0.012881741861725445,0.978063939806937,0.02193606019306313,0.9940109645027025,0.0059890354972975115,0.009053556682440627,0.9909464433175594,0.010376038121328403,0.9896239618786716
0.9364267370532948,0.06357326294670515,0.08319247274532107,0.916807527254679,0.03167869568026343,0.9683213043197365,0.963247452044693,0.03675254795530701,0.052106930613244666,0.9478930693867554,0.9424613936221781,0.057538606377821905,0.9151111872455165,0.0848888127544834,0.9775438751636919,0.022456124836308024,0.04028655740940528,0.9597134425905947,0.05792052533532094,0.942079474664679
0.9599095272670192,0.04009047273298083,0.06701838168138309,0.932981618318617,0.02244431346129561,0.9775556865387043,0.966632640795677,0.03336735920432298,0.04451709203746115,0.9554829079625388,0.9545565369762765,0.045443463023723374,0.9440946225136978,0.05590537748630226,0.986128486668219,0.013871513331781158,0.02447765038593789,0.975522349614062,0.03328478523725177,0.9667152147627482
0.9741736930959408,0.025826306904059262,0.050660065516548204,0.9493399344834519,0.014614227168055835,0.9853857728319441,0.9758755922723362,0.02412440772766373,0.034329465323063045,0.9656705346769369,0.9761909108221322,0.023809089177867924,0.9614386335163119,0.03856136648368811,0.9911642956455102,0.008835704354489854,0.015205684918639077,0.9847943150813611,0.021141411114919535,0.9788585888850805
0.982822934301418,0.017177065698582107,0.02652959452625349,0.9734704054737465,0.011794024934590926,0.9882059750654092,0.9859418343207734,0.01405816567922666,0.022386444715940357,0.9776135552840596,0.9870837909607759,0.012916209039224079,0.9775257320652846,0.02247426793471553,0.9929036949121651,0.007096305087834789,0.012214551364664997,0.987785448635335,0.011847115693208763,0.9881528843067913
0.9627145891543673,0.037285410845632874,0.05010984790139105,0.9498901520986089,0.02017414071851878,0.9798258592814811,0.9729989651514349,0.0270010348485651,0.032968182285829005,0.9670318177141711,0.9731854816175103,0.026814518382489695,0.9536787479658776,0.04632125203412237,0.9836606682481053,0.016339331751894632,0.02651674177008049,0.9734832582299195,0.02826903244502057,0.9717309675549793
0.9383296671073127,0.0616703328926873,0.10599150593988985,0.8940084940601101,0.035128995131700605,0.9648710048682995,0.9472963896719412,0.052703610328058884,0.057216416037679296,0.9427835839623208,0.947401030635621,0.05259896936437899,0.922207840155281,0.07779215984471888,0.978311365855012,0.02168863414498809,0.05014556201566997,0.94985443798433,0.05105562440171295,0.948944375598287
0.9779028443745986,0.022097155625401408,0.0417288843591462,0.9582711156408539,0.012440820244753893,0.987559179755246,0.9791184535570531,0.020881546442946836,0.03126367188972012,0.9687363281102799,0.9774613587318621,0.022538641268137732,0.9660653637417512,0.033934636258248725,0.9909906525547025,0.00900934744529738,0.0138004100449164,0.9861995899550836,0.021809275046500064,0.9781907249535
0.9784575849920844,0.02154241500791551,0.03378374783075441,0.9662162521692454,0.011468519693229975,0.98853148030677,0.9811701375259108,0.018829862474089267,0.02831124379315688,0.9716887562068431,0.9813032420590112,0.018696757940988885,0.9732228052765781,0.026777194723421837,0.9940326183630457,0.005967381636954443,0.013162583586844374,0.9868374164131556,0.01590701048074382,0.9840929895192562
0.9796363308782218,0.02036366912177829,0.026320060197851398,0.9736799398021487,0.010843399654126808,0.9891566003458733,0.9852516814781431,0.014748318521856898,0.02577547536228457,0.9742245246377155,0.9850117485524018,0.014988251447598163,0.977038621464264,0.022961378535735908,0.9933542235037406,0.006645776496259472,0.01166485387241213,0.9883351461275879,0.014522902209334753,0.9854770977906654
0.9864585716103534,0.013541428389646585,0.0206398140283078,0.9793601859716922,0.008363627164176974,0.9916363728358231,0.9877067519064439,0.012293248093556225,0.020427887390851027,0.9795721126091489,0.9908486596068001,0.009151340393199793,0.9822198249302574,0.017780175069742506,0.993164389606006,0.006835610393994176,0.00861678737783941,0.9913832126221606,0.010016507721982662,0.9899834922780172
0.9911557896055767,0.008844210394423332,0.01582451822297988,0.9841754817770201,0.010539652577146126,0.9894603474228539,0.9885690754170711,0.011430924582928912,0.019780453676278443,0.9802195463237215,0.9878042865063098,0.012195713493690159,0.983203590200857,0.01679640979914308,0.9913518966411281,0.008648103358871829,0.010626675587876494,0.9893733244121236,0.007393709948506051,0.9926062900514939
0.9878111814592051,0.012188818540794986,0.012641122353486186,0.9873588776465139,0.008182833445912769,0.9918171665540872,0.9871719374539049,0.01282806254609507,0.020559066721754237,0.9794409332782459,0.9828888543529525,0.01711114564704748,0.9786324010109397,0.021367598989060137,0.9892837192713931,0.01071628072860695,0.011641638545510511,0.9883583614544894,0.009621711018356918,0.9903782889816432
0.9498522455823003,0.050147754417699586,0.06559051025946769,0.9344094897405323,0.032410804756161954,0.9675891952438381,0.9598458506230492,0.040154149376950776,0.05165436900060521,0.9483456309993947,0.9350681406502248,0.06493185934977505,0.9223426880001544,0.07765731199984559,0.976547189499905,0.023452810500094876,0.044156038463044674,0.9558439615369553,0.041749974119543516,0.9582500258804566
0.9691815552728786,0.03081844472712147,0.04248521285065079,0.9575147871493491,0.025233572341108568,0.9747664276588914,0.9804945678096678,0.019505432190332236,0.03874237848582075,0.9612576215141793,0.9588172396244329,0.041182760375567146,0.9452270681044113,0.05477293189558871,0.9845428477570746,0.015457152242925465,0.021062466374174776,0.9789375336258251,0.019666051639074453,0.9803339483609255
0.9821560517560931,0.017843948243906897,0.03142318172630343,0.9685768182736966,0.013695309592104389,0.9863046904078957,0.9824027096010767,0.017597290398923368,0.031997279786603425,0.9680027202133965,0.9678984881465905,0.03210151185340948,0.957211224649527,0.04278877535047289,0.9920893633581108,0.007910636641889242,0.0168830707629663,0.9831169292370336,0.011830593185687936,0.9881694068143122
0.9315151367333199,0.0684848632666801,0.09437131752885794,0.905628682471142,0.044700404371889386,0.9552995956281106,0.9645632411411915,0.03543675885880843,0.055331934545742534,0.9446680654542574,0.9254688573257757,0.07453114267422435,0.8830921350632328,0.11690786493676715,0.972376617605598,0.027623382394402023,0.056973478127638866,0.9430265218723611,0.05546483303692897,0.944535166963071
0.9472197590265727,0.05278024097342729,0.09077646447543433,0.9092235355245656,0.032856422281105406,0.9671435777188947,0.9624689792833271,0.037531020716672914,0.04755916917601281,0.9524408308239872,0.9577521999632211,0.04224780003677872,0.9328502643163359,0.06714973568366413,0.9822054771673653,0.017794522832634753,0.03209537950816562,0.9679046204918343,0.032898805306584115,0.9671011946934159
0.9500624512453482,0.04993754875465179,0.0922786782775903,0.9077213217224097,0.030567685563616526,0.9694323144363836,0.9571324768962014,0.04286752310379863,0.05176632830376335,0.9482336716962367,0.9571363529492042,0.042863647050795865,0.9426480196183283,0.05735198038167176,0.986252918999149,0.013747081000850904,0.034900154803200016,0.9650998451968,0.038895182625128574,0.9611048173748714
0.9855046466256379,0.014495353374362124,0.02366416154881122,0.9763358384511889,0.010934157060317517,0.9890658429396825,0.9873034257379261,0.01269657426207391,0.022567989116028697,0.9774320108839714,0.9860975132369233,0.013902486763076585,0.9795250386878557,0.02047496131214431,0.9930042255136815,0.006995774486318592,0.011307947667559002,0.988692052332441,0.012652529657392947,0.9873474703426071
0.9920151646696839,0.0079848353303161,0.015438280621665497,0.9845617193783346,0.0074478690721131655,0.9925521309278867,0.9897933897873947,0.010206610212605324,0.018825354342938968,0.981174645657061,0.992073120524417,0.007926879475583001,0.9866445824699602,0.013355417530039777,0.9943889683456363,0.005611031654363613,0.007868595833627342,0.9921314041663728,0.006122046977993496,0.9938779530220064
0.9911212742528684,0.008878725747131482,0.013504654564237672,0.9864953454357622,0.006626099683182314,0.9933739003168176,0.9899640512860535,0.01003594871394667,0.018013391764694527,0.9819866082353056,0.9909281132476744,0.009071886752325509,0.9854988540906875,0.014501145909312625,0.9934496202205074,0.006550379779492493,0.008826525224360003,0.9911734747756401,0.007237991278544405,0.9927620087214557
0.9952072008498567,0.004792799150143256,0.008681566777092009,0.991318433222908,0.0034212682256726146,0.9965787317743274,0.9910969663248338,0.008903033675166249,0.017423848518248287,0.9825761514817518,0.9917830465343287,0.008216953465671152,0.9902732450825954,0.009726754917404563,0.9963126562153332,0.0036873437846667366,0.0052174847715622235,0.9947825152284379,0.004816762591713398,0.9951832374082866
0.989959017417363,0.010040982582636982,0.013183660276435295,0.9868163397235648,0.004761835447249825,0.9952381645527503,0.990815411925603,0.009184588074397032,0.021753447749223546,0.9782465522507765,0.9892410877150734,0.010758912284926635,0.9822881798865891,0.01771182011341093,0.9953836965246617,0.004616303475338318,0.005992356484304703,0.9940076435156954,0.008252436859308925,0.991747563140691
0.9831991881434521,0.016800811856547936,0.02519530132024286,0.974804698679757,0.008410011112954748,0.9915899888870453,0.9842002602722627,0.015799739727737315,0.02991460297578407,0.9700853970242159,0.9805000696912899,0.019499930308710087,0.9750551766210717,0.024944823378928366,0.9945404440235224,0.005459555976477656,0.009509807543513183,0.9904901924564868,0.014428836737364547,0.9855711632626354
0.9775382961709114,0.022461703829088606,0.03253071272215722,0.9674692872778428,0.011163544288189796,0.9888364557118102,0.9834641873567557,0.016535812643244358,0.03183765840882525,0.9681623415911748,0.9793053340871664,0.020694665912833605,0.9708325901554409,0.02916740984455919,0.9932692524353007,0.006730747564699243,0.010697091270272619,0.9893029087297274,0.01812768627151258,0.9818723137284874
0.9819802516647342,0.018019748335265793,0.02756848105067253,0.9724315189493274,0.009948454127945944,0.9900515458720541,0.9853679079074208,0.014632092092579334,0.024245419052683445,0.9757545809473165,0.9881228771548382,0.011877122845161774,0.9762645999229598,0.023735400077040267,0.9923937111678852,0.007606288832114848,0.00932936928590034,0.9906706307140997,0.0133050857172473,0.9866949142827527
0.9917503420256889,0.008249657974310981,0.01661841531016116,0.9833815846898388,0.006134983756238602,0.9938650162437613,0.9878312512845231,0.012168748715476853,0.01875958011795843,0.9812404198820417,0.9917650550054399,0.008234944994560268,0.9863360119616437,0.013663988038356332,0.9953318818704525,0.004668118129547517,0.0077737459698002135,0.9922262540301997,0.006481033908016913,0.993518966091983
0.9934507693239342,0.006549230676065852,0.011001160486666713,0.9889988395133332,0.005590915803455972,0.9944090841965441,0.9911768451524686,0.008823154847531274,0.01746083961693519,0.9825391603830648,0.9921884013200856,0.0078115986799144835,0.988936968851335,0.011063031148665074,0.994680002220027,0.005319997779973019,0.00580564761099868,0.9941943523890013,0.005878770459262367,0.9941212295407376
0.9950924190198523,0.004907580980147523,0.006912940201327945,0.9930870597986721,0.004166771959830092,0.9958332280401699,0.9942471423333658,0.005752857666634127,0.014545941769681252,0.9854540582303188,0.9930695382517497,0.006930461748250377,0.9897692844395416,0.010230715560458374,0.9958651922527894,0.004134807747210681,0.0051358843334153685,0.9948641156665846,0.004007262217897402,0.9959927377821025
0.9969051303879735,0.003094869612026525,0.005515302775296157,0.9944846972247038,0.002554774426868337,0.9974452255731315,0.9950389691448149,0.004961030855185027,0.014086510770587791,0.9859134892294122,0.9940055139775517,0.005994486022448343,0.9897363737994233,0.010263626200576739,0.9968741118346628,0.0031258881653373066,0.0038980474154949006,0.9961019525845051,0.0026910910888642762,0.9973089089111358
0.9938474996052544,0.0061525003947455244,0.009645563826344884,0.9903544361736553,0.003339961784880536,0.9966600382151195,0.9924089793981158,0.007591020601884277,0.019177885352507706,0.9808221146474922,0.9894869643273524,0.010513035672647645,0.9810548544476356,0.01894514555236432,0.9948315496498616,0.005168450350138512,0.005438681941039834,0.9945613180589602,0.006360448007536354,0.9936395519924637
0.9942291918270704,0.005770808172929751,0.010403372860823306,0.9895966271391767,0.004482786875072016,0.995517213124928,0.9916232275939432,0.00837677240605675,0.02084320542752027,0.9791567945724798,0.989936169331814,0.010063830668185907,0.9809881957613651,0.019011804238634834,0.993900930607815,0.006099069392185042,0.005836172466423924,0.9941638275335761,0.003835049224911085,0.996164950775089
0.9936421735024484,0.006357826497551611,0.01123570821395402,0.9887642917860461,0.0037646695670323586,0.9962353304329676,0.9903870897092257,0.009612910290774402,0.020702098397995295,0.9792979016020047,0.9891540549605735,0.010845945039426442,0.9808867201462745,0.0191132798537255,0.9951634265016541,0.004836573498345736,0.006182493734510639,0.9938175062654893,0.00409761726901696,0.995902382730983
0.9958433462882549,0.004156653711745031,0.0065070576509310765,0.993492942349069,0.002649500260871534,0.9973504997391285,0.9943040120893244,0.00569598791067558,0.014254537077436845,0.9857454629225632,0.9946200739524321,0.005379926047567921,0.9888001694004893,0.011199830599510652,0.9969292634769333,0.003070736523066623,0.004145107694532021,0.9958548923054679,0.0024386884886987838,0.9975613115113011
0.9958045758552571,0.00419542414474291,0.007303189828882961,0.992696810171117,0.002815301451843556,0.9971846985481564,0.9945933914824565,0.0054066085175434025,0.015131079496824925,0.984868920503175,0.9944678812428357,0.005532118757164287,0.9888915119615002,0.011108488038499847,0.9972914599101639,0.002708540089836113,0.0037809650297948956,0.9962190349702051,0.0030056531311544975,0.9969943468688456
0.9937144076566962,0.006285592343303812,0.00938419011572321,0.9906158098842769,0.003057458147983868,0.9969425418520163,0.9936452292148481,0.006354770785151895,0.015655735602881988,0.984344264397118,0.9937463087393871,0.006253691260612817,0.9845951163476643,0.015404883652335685,0.9961874805353382,0.00381251946466175,0.0050824207568554765,0.9949175792431445,0.005024169746879606,0.9949758302531204
0.9964291862660534,0.0035708137339466976,0.007302982085250894,0.9926970179147491,0.002501546226297918,0.9974984537737019,0.9935462905298905,0.006453709470109476,0.015326509106624246,0.9846734908933756,0.9937704872231423,0.006229512776857771,0.9876669414489595,0.012333058551040563,0.9962020714017392,0.003797928598260748,0.0042394376480001566,0.9957605623519998,0.0029084716564915713,0.9970915283435083
0.9964476931601844,0.003552306839815628,0.00809174830162854,0.9919082516983715,0.0022714217662639573,0.997728578233736,0.9928579111372483,0.007142088862751686,0.016323193637823124,0.983676806362177,0.9945711523400881,0.0054288476599118505,0.9881312305364085,0.011868769463591443,0.9966795653631387,0.0033204346368613776,0.003975162203728792,0.9960248377962713,0.0027466211486325606,0.9972533788513676
0.9959433794480437,0.004056620551956341,0.00999427323162461,0.9900057267683755,0.00552050260690428,0.9944794973930956,0.9918672584394297,0.008132741560570422,0.020976185100709983,0.97902381489929,0.9910016960304958,0.008998303969504231,0.9816598461592525,0.01834015384074751,0.9919085136589663,0.008091486341033632,0.007104883613701033,0.992895116386299,0.003817891386571455,0.9961821086134286
0.9889907305563019,0.011009269443698028,0.019701157494754366,0.9802988425052456,0.009614866825678641,0.9903851331743213,0.9837131607530429,0.016286839246957004,0.030792500412768323,0.9692074995872316,0.9767765926195178,0.02322340738048218,0.9554459053886438,0.04455409461135617,0.9832824949263738,0.016717505073626352,0.018419360912082947,0.981580639087917,0.008355666062600508,0.9916443339373995
0.992942733527112,0.007057266472887837,0.01852744680098178,0.9814725531990182,0.00784636039578467,0.9921536396042153,0.9841505909487276,0.015849409051272415,0.028202084043371205,0.9717979159566287,0.9819275927049843,0.018072407295015774,0.969350522239867,0.03064947776013297,0.9904254343484613,0.00957456565153858,0.014348204144083167,0.9856517958559168,0.005308087404837227,0.9946919125951627
0.994251430976395,0.0057485690236049386,0.013041997674139497,0.9869580023258606,0.00455150063246865,0.9954484993675313,0.9916364430488103,0.008363556951189677,0.023027774115137498,0.9769722258848624,0.9863114689409561,0.013688531059043888,0.9777513887625776,0.02224861123742237,0.9955312290058068,0.004468770994193153,0.006308813640446579,0.9936911863595534,0.0054181478152194274,0.9945818521847805
0.9938286277683015,0.006171372231698388,0.011932395657836976,0.9880676043421629,0.004729252514839429,0.9952707474851606,0.9933495300390888,0.006650469960911247,0.020500094606877874,0.979499905393122,0.9893988654404366,0.010601134559563387,0.9801006824431028,0.019899317556897257,0.9962839639877201,0.003716036012279758,0.005951332803978456,0.9940486671960215,0.004853542395825363,0.9951464576041746
0.9946833045994701,0.005316695400529871,0.010597210832691837,0.9894027891673082,0.004546267102690199,0.9954537328973099,0.9945281134185523,0.005471886581447649,0.018243306397260017,0.9817566936027401,0.9912984555456139,0.008701544454386152,0.9811697190350447,0.01883028096495531,0.9959407399713206,0.004059260028679332,0.005362640402999362,0.9946373595970006,0.004392599292140142,0.9956074007078599
0.9962482031479246,0.003751796852075523,0.009616127780995187,0.9903838722190047,0.0028258988856482655,0.9971741011143518,0.9927483525536474,0.0072516474463527264,0.017002023052334524,0.9829979769476654,0.9947295869791805,0.005270413020819557,0.9879255606275812,0.012074439372418835,0.996283478631441,0.0037165213685590474,0.004053717639556702,0.9959462823604432,0.003282491052222192,0.9967175089477777
0.9938688781799575,0.006131121820042407,0.01195186707382425,0.9880481329261758,0.0031316715525541152,0.9968683284474459,0.9905314648288107,0.009468535171189322,0.018371668169765785,0.9816283318302342,0.9926317194674139,0.007368280532586092,0.9837955067778801,0.01620449322212,0.9947451043939544,0.005254895606045712,0.005983703684838908,0.9940162963151611,0.006370630137152997,0.9936293698628471
0.9926187958791888,0.007381204120811367,0.016266934334049486,0.9837330656659505,0.003792171620327775,0.9962078283796723,0.987894683128206,0.01210531687179388,0.0215458980601588,0.9784541019398412,0.9914131240298192,0.008586875970180966,0.9832236785710436,0.01677632142895623,0.9958891410895764,0.00411085891042352,0.006568109179519729,0.9934318908204803,0.006372270071014222,0.9936277299289857
0.9948268461908653,0.00517315380913476,0.011911037684230432,0.9880889623157697,0.003207446708174235,0.9967925532918258,0.9920539643031798,0.007946035696820179,0.017675858036455945,0.982324141963544,0.9939154085426942,0.006084591457305798,0.9850835346778511,0.014916465322148955,0.9956689272937957,0.004331072706204361,0.004520057313735884,0.995479942686264,0.005093652833901934,0.994906347166098
0.9966662949618973,0.0033337050381027295,0.008676075476260736,0.9913239245237393,0.0037012198094306986,0.9962987801905693,0.9925812685900982,0.007418731409901686,0.01704606208803353,0.9829539379119665,0.9934051570176127,0.00659484298238744,0.9874648920265162,0.01253510797348382,0.9956122376473334,0.004387762352666554,0.00539388294300888,0.9946061170569912,0.002954640567274779,0.9970453594327252
0.9965771720499753,0.0034228279500247588,0.0063523899953495085,0.9936476100046505,0.0029481383756302534,0.9970518616243697,0.9939612525237922,0.006038747476207719,0.015315195723474347,0.9846848042765256,0.994184708859761,0.005815291140238938,0.9884875830591208,0.011512416940879256,0.9953948477433758,0.004605152256624193,0.004909066095538398,0.9950909339044616,0.0027409583974441743,0.9972590416025559
0.9739779747642606,0.02602202523573947,0.04449642182318796,0.955503578176812,0.01585579877767724,0.9841442012223228,0.9742170740317347,0.025782925968265317,0.036442437089528934,0.963557562910471,0.9665973601082157,0.03340263989178429,0.9346522030525466,0.06534779694745352,0.9797198764448882,0.020280123555111777,0.029262776555400154,0.9707372234445999,0.025614945301312256,0.9743850546986877
0.9700779669516837,0.029922033048316223,0.0678428186726642,0.9321571813273359,0.02066574538219436,0.9793342546178057,0.9656776469254762,0.03432235307452378,0.04908924623777092,0.950910753762229,0.9510479910885488,0.048952008911451295,0.9370065519100781,0.0629934480899218,0.988046613364074,0.011953386635926109,0.028168598519078224,0.9718314014809218,0.026789932463373647,0.9732100675366264
0.9759442672842745,0.024055732715725465,0.05150006128486099,0.948499938715139,0.014722171238062177,0.9852778287619378,0.97724199776188,0.022758002238120058,0.04131016777959262,0.9586898322204075,0.9663847025594263,0.03361529744057372,0.9549632733613723,0.04503672663862777,0.99146280104664,0.008537198953360116,0.015059378127689966,0.9849406218723099,0.026027308084909075,0.9739726919150911
0.9762683430026574,0.023731656997342587,0.042847314506954635,0.9571526854930454,0.014861803015308093,0.985138196984692,0.983821535336152,0.01617846466384801,0.0317821192364815,0.9682178807635184,0.9777037895875952,0.022296210412404923,0.9588410744381255,0.04115892556187452,0.992058875747758,0.007941124252241973,0.01518120014544054,0.9848187998545596,0.01894342346282086,0.981056576537179
0.9745920475260361,0.025407952473963828,0.04603380056321519,0.9539661994367847,0.014755838808693097,0.9852441611913069,0.977597790550609,0.022402209449390902,0.03402304017343925,0.9659769598265607,0.9805092351025045,0.01949076489749552,0.9660040790027999,0.033995920997200044,0.9906538916844264,0.009346108315573535,0.016468767187660136,0.9835312328123399,0.01977810550167073,0.9802218944983292
0.9750488935365438,0.024951106463456097,0.05527917867014183,0.9447208213298581,0.028378930867400363,0.9716210691325996,0.9715705562899632,0.02842944371003667,0.03877978243278479,0.9612202175672151,0.9751299127580254,0.024870087241974533,0.9526676001477808,0.04733239985221907,0.9742604421426406,0.02573955785735945,0.02521257200998694,0.9747874279900131,0.024346517849033543,0.9756534821509665
0.9467723789506877,0.05322762104931244,0.08807926966202788,0.911920730337972,0.04300624350295101,0.9569937564970491,0.9376532577698526,0.062346742230147384,0.05820063896651284,0.9417993610334872,0.9238838382741583,0.07611616172584175,0.9072123501052437,0.0927876498947563,0.9548595861674187,0.045140413832581244,0.061348410886896326,0.9386515891131036,0.0452033933967841,0.9547966066032159
0.9787898675336285,0.021210132466371396,0.039874902664571395,0.9601250973354286,0.01948880673538581,0.9805111932646142,0.9662174596000795,0.03378254039992049,0.03406462609717017,0.9659353739028298,0.9667223589094812,0.03327764109051875,0.9660596319975782,0.03394036800242184,0.9844886788093504,0.015511321190649656,0.027226417285809396,0.9727735827141907,0.016112741757960205,0.9838872582420398
0.9837420152742697,0.01625798472573038,0.022426968836801998,0.9775730311631979,0.010658722199323102,0.9893412778006768,0.987805921077485,0.012194078922514867,0.02537573317843987,0.9746242668215602,0.9788134749327811,0.02118652506721881,0.9745257332512488,0.02547426674875127,0.9955371304714045,0.004462869528595537,0.010810394136664033,0.9891896058633359,0.011263439861193205,0.9887365601388067
0.9881297407076005,0.01187025929239952,0.014882330735831483,0.9851176692641684,0.00852380237916276,0.9914761976208373,0.9919368180573048,0.008063181942695112,0.02183816402528984,0.9781618359747102,0.9856383608285434,0.014361639171456594,0.9807991217060316,0.019200878293968413,0.9957653626010438,0.004234637398956124,0.008145714709455422,0.9918542852905446,0.0077859115909753715,0.9922140884090247
0.9916573820860034,0.008342617913996592,0.011315321837654504,0.9886846781623456,0.006844824169137163,0.9931551758308629,0.9937873883990396,0.006212611600960529,0.019744053103630282,0.9802559468963696,0.9885088004950716,0.01149119950492847,0.9828542141922263,0.017145785807773692,0.9959160628131085,0.004083937186891618,0.006412641467366695,0.9935873585326332,0.005794786578357057,0.994205213421643
0.9922081970634687,0.007791802936531227,0.010702811070921523,0.9892971889290785,0.004807545015104964,0.9951924549848951,0.9917687952447144,0.008231204755285682,0.018999118073484138,0.9810008819265159,0.9927665039395309,0.007233496060469123,0.9885981666346927,0.01140183336530723,0.9958354884749647,0.004164511525035204,0.004755668345831911,0.995244331654168,0.005159486054059423,0.9948405139459405
0.9933798057885531,0.006620194211446913,0.00871447728304976,0.9912855227169501,0.0039593796341759755,0.996040620365824,0.9920214149892477,0.007978585010752421,0.01780385406972409,0.9821961459302759,0.9927222859998205,0.007277714000179455,0.9903721147689376,0.00962788523106244,0.9961882874032326,0.0038117125967672832,0.004484100727075966,0.995515899272924,0.005183145776980413,0.9948168542230197
0.9917804217364526,0.008219578263547443,0.009694735514799742,0.9903052644852003,0.004184351409226658,0.9958156485907733,0.992014669111891,0.007985330888109125,0.01879192640376702,0.981208073596233,0.9925848449246663,0.007415155075333791,0.9881297428858423,0.011870257114157668,0.9959678612066324,0.004032138793367572,0.004825499850703597,0.9951745001492964,0.005597881024671549,0.9944021189753284
0.9950515222841244,0.004948477715875517,0.007111057569282108,0.9928889424307178,0.002695474616353767,0.9973045253836461,0.9934944902032177,0.006505509796782205,0.0159319594754014,0.9840680405245986,0.9943756150421817,0.005624384957818378,0.9903920457618474,0.009607954238152774,0.9968554208617587,0.003144579138241228,0.0035738435524544482,0.9964261564475456,0.0035273507285039445,0.9964726492714961
0.9963049152086743,0.003695084791325853,0.006435720546859904,0.9935642794531401,0.002666462763734774,0.9973335372362654,0.9940572263176705,0.0059427736823294865,0.015813713549343238,0.9841862864506568,0.9946082020494612,0.0053917979505388805,0.9898640638828191,0.010135936117180852,0.9963353386299665,0.0036646613700335425,0.0034894228824352263,0.9965105771175647,0.0029485190002402958,0.9970514809997598
0.9947762166793132,0.005223783320686906,0.007563545273030284,0.9924364547269698,0.0024936276629504528,0.9975063723370495,0.9926784034817843,0.0073215965182158544,0.016541951355081526,0.9834580486449185,0.9930911036549238,0.006908896345076321,0.9850035125290677,0.014996487470932377,0.9950885384009247,0.004911461599075197,0.0050655359703113915,0.9949344640296887,0.0038829733712830387,0.9961170266287168
0.995778483771753,0.004221516228247028,0.008456634325857214,0.9915433656741428,0.0025423817139485776,0.9974576182860515,0.9917409882923937,0.008259011707606444,0.017190710535878846,0.9828092894641213,0.9932816415422495,0.006718358457750479,0.9872080507278271,0.012791949272172837,0.9962482057243844,0.0037517942756154668,0.004780661127107013,0.9952193388728929,0.003071603108777454,0.9969283968912225
0.9964524718279627,0.0035475281720372086,0.007823151201813894,0.9921768487981861,0.0024415555894103922,0.9975584444105896,0.9938689035995774,0.006131096400422627,0.016479746430993543,0.9835202535690065,0.9943247917263854,0.005675208273614651,0.9878173787311754,0.012182621268824655,0.9968779680712668,0.0031220319287332296,0.0036609221942060562,0.9963390778057939,0.002937507307139492,0.9970624926928605
0.9948463960491176,0.005153603950882441,0.008054287198426104,0.9919457128015738,0.002420946438935859,0.9975790535610641,0.9941288527600661,0.005871147239933894,0.014487350151860172,0.9855126498481398,0.9935247540473993,0.006475245952600825,0.9842826272691836,0.01571737273081639,0.9965177608163192,0.0034822391836808173,0.004675439638548447,0.9953245603614516,0.003890991325038037,0.9961090086749619
0.9940422367976111,0.005957763202389086,0.013216914781349318,0.9867830852186507,0.003196462991839951,0.99680353700816,0.9915891554364256,0.008410844563574308,0.017802317812642104,0.9821976821873579,0.9917664030113733,0.00823359698862673,0.9810243526225435,0.018975647377456595,0.9965986081130154,0.003401391886984485,0.005910495702994869,0.994089504297005,0.005045609708880719,0.9949543902911193
0.9949768846406666,0.005023115359333267,0.01172015881242944,0.9882798411875705,0.002904209801621142,0.9970957901983788,0.9931148133677107,0.006885186632289221,0.015734392572769575,0.9842656074272305,0.9947153183651,0.005284681634899965,0.9836251834184278,0.01637481658157229,0.9958857384500566,0.004114261549943445,0.0043076342020519545,0.9956923657979481,0.004419941908848374,0.9955800580911516
0.9959551253046666,0.004044874695333524,0.010268528141620837,0.9897314718583793,0.0025675968827374306,0.9974324031172627,0.9920266862987648,0.007973313701235175,0.015774936300540297,0.9842250636994596,0.9938880480233685,0.006111951976631492,0.9862062088628131,0.01379379113718702,0.9966182179309028,0.0033817820690971103,0.004960600057929735,0.9950393999420702,0.0035124210406516443,0.9964875789593483
0.9949648155171111,0.00503518448288887,0.010013302204629173,0.9899866977953707,0.0025834156586726016,0.9974165843413274,0.9926777116269885,0.007322288373011594,0.015133606042317376,0.9848663939576826,0.9943138254376825,0.005686174562317517,0.9852294766526272,0.01477052334737279,0.9961784513085875,0.0038215486914123507,0.005167716231541856,0.9948322837684581,0.004450336748749788,0.9955496632512502
0.995250965250681,0.004749034749319027,0.009915138092700676,0.9900848619072993,0.0026463910366015778,0.9973536089633984,0.9929273312925905,0.0070726687074094425,0.014782525758232608,0.9852174742417675,0.9949567621991698,0.005043237800830087,0.9868381059546263,0.013161894045373643,0.9966108308844258,0.003389169115574211,0.0045200159806777634,0.9954799840193221,0.0034910107076127133,0.9965089892923874
0.9958345894450338,0.004165410554966203,0.009347995941116596,0.9906520040588834,0.002482783114597002,0.997517216885403,0.9929842255300678,0.00701577446993211,0.015119531512575928,0.9848804684874239,0.99436397805969,0.00563602194031013,0.9877308853445539,0.012269114655446157,0.9971111998438054,0.0028888001561946835,0.00429415114816862,0.9957058488518314,0.0035866323735271937,0.9964133676264729
0.9967091497770292,0.00329085022297093,0.00608586078761154,0.9939141392123884,0.0021528659839004016,0.9978471340160995,0.9948914697904233,0.005108530209576732,0.013239299195779018,0.986760700804221,0.9953557847157611,0.004644215284238765,0.9904169963195649,0.009583003680435059,0.9971511913339528,0.002848808666047169,0.003317706060504847,0.9966822939394953,0.0027672683127701694,0.9972327316872298
0.9969684723110772,0.0030315276889228988,0.005879283217839985,0.9941207167821601,0.002400370385915825,0.9975996296140842,0.99494127543773,0.0050587245622699655,0.013741238735768529,0.9862587612642316,0.9955679491388693,0.0044320508611306805,0.990095000059363,0.009904999940636993,0.9966483727765045,0.0033516272234955223,0.0034378063689373822,0.9965621936310626,0.0023551472306546574,0.9976448527693454
0.9969948321584586,0.0030051678415414585,0.005268028807209745,0.9947319711927901,0.0022572800872336825,0.9977427199127663,0.9948962282571853,0.005103771742814681,0.013606525336475645,0.9863934746635243,0.995179003014149,0.004820996985851046,0.9903954348324239,0.009604565167576086,0.9966481245366438,0.003351875463356168,0.0035968217543296114,0.9964031782456704,0.0022606085580294103,0.9977393914419705
0.9965483385581563,0.003451661441843654,0.005719111868750284,0.9942808881312498,0.0020551489434533074,0.9979448510565467,0.9944342119587652,0.005565788041234788,0.014006446737756187,0.9859935532622438,0.9943086468012996,0.005691353198700402,0.9886253973457741,0.011374602654225744,0.9965584878278105,0.003441512172189511,0.0038101740540704403,0.9961898259459295,0.002988488233674392,0.9970115117663256
0.9962861996393884,0.0037138003606117407,0.006824816162683827,0.9931751838373162,0.0022323827462866807,0.9977676172537133,0.9944344865079147,0.005565513492085377,0.01532059976133678,0.9846794002386633,0.9940726320262452,0.005927367973754658,0.9879409533957486,0.012059046604251366,0.9971724503505562,0.0028275496494437635,0.0035839371182060935,0.9964160628817939,0.002870731574073033,0.9971292684259269
0.9964975035324352,0.0035024964675649008,0.00696937512704252,0.9930306248729575,0.002727100187946804,0.9972728998120531,0.9946689745552483,0.005331025444751738,0.015999868357290108,0.9840001316427098,0.9939627244063427,0.006037275593657335,0.9866545057525643,0.013345494247435807,0.9960791099831967,0.003920890016803253,0.0037107057703127462,0.9962892942296873,0.0030048273951836704,0.9969951726048164
0.9962772964744623,0.003722703525537651,0.006261573033699747,0.9937384269663003,0.0024563587024201603,0.9975436412975798,0.9944514132227044,0.0055485867772955095,0.015374140290886499,0.9846258597091136,0.9936846153978457,0.006315384602154232,0.9865816278394091,0.013418372160590835,0.9964185990244186,0.003581400975581439,0.004246833651592974,0.995753166348407,0.002381831219130835,0.9976181687808691
0.9943394203487755,0.005660579651224536,0.010770906861111196,0.9892290931388888,0.002651216095500533,0.9973487839044995,0.9916565643714158,0.008343435628584197,0.01748733790795438,0.9825126620920456,0.9920763006483112,0.007923699351688893,0.9798295230092607,0.0201704769907392,0.9949661648341952,0.005033835165804882,0.006128455692975241,0.9938715443070248,0.004993350772567832,0.9950066492274322
0.993445977573059,0.006554022426941149,0.016209431820228812,0.9837905681797712,0.0035993669221659826,0.996400633077834,0.9897615805697828,0.010238419430217322,0.020878675849127323,0.9791213241508726,0.9905755029494491,0.009424497050550951,0.97931056499098,0.020689435009019957,0.9960046303169799,0.00399536968302012,0.0062495303262740075,0.993750469673726,0.005620324130671403,0.9943796758693286
0.9929448422714995,0.007055157728500558,0.01731743238679665,0.9826825676132033,0.004005798727872841,0.9959942012721272,0.9900687725545676,0.009931227445432523,0.021377218330066623,0.9786227816699334,0.9902946967425201,0.009705303257479833,0.9804462652141213,0.019553734785878674,0.9961505799219375,0.003849420078062458,0.00565201291192881,0.994347987088071,0.0069962285064808696,0.9930037714935191
0.9933473636422527,0.006652636357747248,0.014450528581426888,0.9855494714185732,0.003956660298385126,0.996043339701615,0.9918577544299643,0.008142245570035728,0.0185998055095725,0.9814001944904275,0.9921187385808765,0.007881261419123547,0.982590543498994,0.017409456501005914,0.9963934900979249,0.003606509902075035,0.005534607624281365,0.9944653923757187,0.005852370166875268,0.9941476298331248
0.9947861342948326,0.005213865705167393,0.012771578861794619,0.9872284211382054,0.0033694152972826128,0.9966305847027175,0.9918072970875432,0.00819270291245691,0.01690795762518311,0.983092042374817,0.9945610914648296,0.005438908535170276,0.9854656382530618,0.014534361746938295,0.9957584681821531,0.004241531817846873,0.004939813558187135,0.9950601864418128,0.004637959903359366,0.9953620400966406
0.9810915647700871,0.018908435229912816,0.03730553769989099,0.962694462300109,0.009586991990475793,0.9904130080095241,0.9773350916871864,0.022664908312813647,0.031531867492949235,0.9684681325070508,0.9822234530173943,0.017776546982605678,0.9616137081435769,0.03838629185642308,0.9876259670368346,0.012374032963165353,0.016199873394132137,0.9838001266058679,0.01733206829019624,0.9826679317098038
0.9853136889820054,0.014686311017994606,0.035572289390541335,0.9644277106094586,0.008277690047852667,0.9917223099521474,0.9765501274681074,0.023449872531892606,0.030764153699994835,0.9692358463000053,0.9828961642558313,0.01710383574416872,0.9700739712642947,0.029926028735705216,0.9915393340872144,0.008460665912785681,0.01375024529010431,0.9862497547098957,0.013357193454562294,0.9866428065454377
0.9896253980153417,0.010374601984658328,0.023334476212992752,0.9766655237870072,0.005419950587700592,0.9945800494122994,0.9862326705826784,0.01376732941732147,0.022982739915159853,0.9770172600848402,0.9896250300389946,0.010374969961005436,0.9797209188864208,0.02027908111357916,0.9953095032294317,0.004690496770568235,0.007387045401361856,0.9926129545986381,0.009494096183036236,0.9905059038169637
0.9844503371681433,0.015549662831856697,0.02428053048655958,0.9757194695134404,0.007214820742501575,0.9927851792574984,0.9860390181381672,0.013960981861832884,0.02293249949744652,0.9770675005025535,0.9873637821800278,0.012636217819972132,0.9763114690771656,0.02368853092283426,0.9943298372594965,0.0056701627405034895,0.010145506275133168,0.9898544937248669,0.011741772878150135,0.9882582271218497
0.981537563739316,0.018462436260683987,0.0294561948084152,0.9705438051915848,0.008995990231686086,0.9910040097683138,0.9835536549668453,0.016446345033154786,0.025531012042016042,0.9744689879579839,0.9854802379720603,0.014519762027939675,0.9746168170874178,0.025383182912582153,0.9939399201158771,0.006060079884123002,0.011906509254798331,0.9880934907452017,0.013802116219364469,0.9861978837806356
0.983441272510325,0.01655872748967506,0.027621369712929205,0.9723786302870707,0.008303233357736734,0.9916967666422631,0.9849129870198,0.015087012980199889,0.02397426401783831,0.9760257359821617,0.988653311760807,0.01134668823919311,0.9772446299693233,0.022755370030676705,0.9934363751382412,0.006563624861758852,0.009800612887996777,0.9901993871120033,0.012775983017706863,0.9872240169822932
0.9910619580803399,0.008938041919660054,0.015919730745934682,0.9840802692540653,0.005090897027293579,0.9949091029727063,0.9886078811587431,0.011392118841256812,0.01816029444274259,0.9818397055572575,0.991789134648192,0.008210865351808108,0.9859128565079031,0.014087143492096922,0.9954019683556354,0.004598031644364622,0.006702331293420371,0.9932976687065795,0.007647799184659129,0.9923522008153408
0.9930086299501136,0.006991370049886364,0.010314548806586067,0.989685451193414,0.0044038352881292315,0.9955961647118706,0.9919868129480265,0.008013187051973538,0.015536300247488035,0.984463699752512,0.9931216655799042,0.006878334420095879,0.9885664769496046,0.011433523050395305,0.9959853282749583,0.004014671725041622,0.005310510501408761,0.9946894894985913,0.0052978467977432666,0.9947021532022567
0.9910157907097442,0.008984209290255729,0.010928753667091545,0.9890712463329084,0.004582813898274569,0.9954171861017254,0.991737998472961,0.00826200152703908,0.015965790494050985,0.9840342095059491,0.9922489631007484,0.007751036899251493,0.9855098920928277,0.014490107907172266,0.9951880364771057,0.004811963522894145,0.006186554906364991,0.9938134450936349,0.006462882687826798,0.9935371173121732
0.9929433984231512,0.007056601576848791,0.01028543939447389,0.9897145606055261,0.0035863609218302786,0.9964136390781697,0.9919231196856718,0.008076880314328218,0.015822386266374677,0.9841776137336252,0.9923598716553022,0.007640128344697971,0.9865628530583554,0.013437146941644513,0.996639060892153,0.0033609391078469717,0.005510307088319763,0.9944896929116802,0.005292961885112471,0.9947070381148875
0.9900216362688621,0.009978363731137953,0.014448951730794767,0.9855510482692051,0.004523368849729095,0.9954766311502709,0.9907639536784023,0.009236046321597595,0.01962026603840664,0.9803797339615935,0.9892105361060508,0.010789463893949136,0.9812252258156603,0.018774774184339666,0.9956974405418907,0.004302559458109391,0.006032491881230515,0.9939675081187694,0.008686260634656025,0.9913137393653441
0.9918172126386834,0.008182787361316508,0.012056411262171092,0.987943588737829,0.00391373008491468,0.9960862699150853,0.9920685029979581,0.007931497002041895,0.01707476032734068,0.9829252396726593,0.9918564961340625,0.008143503865937526,0.9839441627607112,0.016055837239288932,0.9962646504281373,0.003735349571862828,0.004932952100695054,0.995067047899305,0.005641202776579988,0.9943587972234199
0.9940062658544568,0.005993734145543202,0.010191558734830498,0.9898084412651694,0.003781234472983666,0.9962187655270163,0.9927970873445071,0.007202912655492848,0.015589360221155191,0.9844106397788448,0.9936070438221395,0.006392956177860456,0.9858090197245557,0.014190980275444314,0.9962400192767069,0.0037599807232932035,0.004813260717675099,0.995186739282325,0.004030681289825842,0.9959693187101742
0.991368294929332,0.008631705070668096,0.010776283991028519,0.9892237160089714,0.004029034561713539,0.9959709654382864,0.9913248576800744,0.008675142319925585,0.015684162303884298,0.9843158376961157,0.9926600727699222,0.007339927230077756,0.9848268944440537,0.015173105555946273,0.9950502911195411,0.0049497088804589294,0.006223504950475811,0.9937764950495241,0.005543235415234533,0.9944567645847656
0.9954351684163043,0.004564831583695749,0.007866754881863438,0.9921332451181365,0.003382668166118871,0.9966173318338811,0.9929670183421437,0.007032981657856322,0.013715813251410693,0.9862841867485893,0.9941717551369418,0.005828244863058295,0.9880549142364927,0.011945085763507291,0.9955608218193822,0.004439178180617853,0.005318542761162237,0.9946814572388377,0.002974631848586035,0.997025368151414
0.9934417918394339,0.006558208160566138,0.009609947789787437,0.9903900522102125,0.003024060358924139,0.9969759396410758,0.9923744390820881,0.007625560917911831,0.014857364738969396,0.9851426352610306,0.991851312656823,0.008148687343176964,0.9814543017788224,0.01854569822117753,0.9957583201080044,0.004241679891995543,0.006785920990762771,0.9932140790092372,0.003993979474712454,0.9960060205252876
0.9949680502250312,0.005031949774968819,0.009491832139535522,0.9905081678604645,0.0028915284849485396,0.9971084715150514,0.9920717973270754,0.007928202672924507,0.015939845444471325,0.9840601545555286,0.9918307331531444,0.008169266846855613,0.9854052587671953,0.014594741232804695,0.996873024426119,0.0031269755738808757,0.005484129740127559,0.9945158702598724,0.004122962295521159,0.9958770377044788
0.9951876974735332,0.004812302526466741,0.008736729896037855,0.9912632701039621,0.0027524385658791103,0.9972475614341209,0.9943391140045434,0.005660885995456489,0.01570468287422302,0.9842953171257769,0.9934865170746701,0.00651348292532994,0.9862967239860106,0.01370327601398944,0.9971465190784391,0.002853480921560884,0.0036584449443982842,0.9963415550556017,0.003918308421979152,0.9960816915780208
0.9957868600717975,0.004213139928202408,0.00815347860768341,0.9918465213923165,0.0024507639553405735,0.9975492360446594,0.9943259516464168,0.005674048353583079,0.014668465408707164,0.9853315345912927,0.9949526578126648,0.0050473421873352305,0.9881692491648485,0.011830750835151593,0.9972999929455626,0.0027000070544374584,0.0035839827256123674,0.9964160172743877,0.003189601117200249,0.9968103988827999
0.996653822244123,0.0033461777558769132,0.006550323599145215,0.9934496764008548,0.002331331081919305,0.9976686689180808,0.9949926554245917,0.005007344575408357,0.013508831017133793,0.9864911689828662,0.9953537890330284,0.004646210966971682,0.9894655475398746,0.010534452460125295,0.9970487740311008,0.002951225968899336,0.003537520089034336,0.9964624799109656,0.0028035562869039065,0.9971964437130961
0.996209784121145,0.003790215878854856,0.006792221618916211,0.9932077783810839,0.0021481636350653877,0.9978518363649345,0.9941002260974847,0.005899773902515426,0.013801727665747436,0.9861982723342525,0.9956063312814203,0.00439366871857981,0.9903093674646379,0.009690632535362013,0.9969448876876953,0.003055112312304685,0.0033858652639906553,0.9966141347360095,0.002870017047562371,0.9971299829524377
0.9944433391686419,0.005556660831358133,0.009345900624065982,0.9906540993759341,0.002410605165806743,0.9975893948341933,0.9922836757863177,0.007716324213682277,0.01528143360489116,0.9847185663951088,0.993882578703013,0.0061174212969869616,0.986274757091634,0.013725242908365963,0.9962151165043662,0.003784883495633836,0.004797957472963615,0.9952020425270363,0.004964860451137848,0.9950351395488621
0.9956554410292386,0.004344558970761379,0.007842395830631605,0.9921576041693685,0.0022739441577565335,0.9977260558422435,0.9933176716037023,0.006682328396297559,0.014626097391327452,0.9853739026086725,0.9945878206518965,0.005412179348103485,0.988178360342212,0.01182163965778807,0.9966774935815423,0.0033225064184576854,0.0038165704775796503,0.9961834295224202,0.0031663318708147993,0.9968336681291853
0.9961880614942732,0.003811938505726778,0.007983690607522347,0.9920163093924776,0.002304530049778212,0.9976954699502217,0.993175112227296,0.006824887772703961,0.015517318319792644,0.9844826816802072,0.9944249125023935,0.00557508749760658,0.988775127673588,0.011224872326412063,0.9971563019869623,0.0028436980130377744,0.003741117350080426,0.9962588826499196,0.0030473635871273532,0.9969526364128727
0.9966036416486627,0.003396358351337379,0.006246962202570925,0.9937530377974291,0.0020969234316038855,0.9979030765683963,0.9949447297757179,0.005055270224282087,0.01352053982804449,0.9864794601719554,0.9954243041519575,0.004575695848042602,0.9895366180000619,0.010463381999938008,0.9971203393343175,0.0028796606656823877,0.00346905791207022,0.9965309420879297,0.0027554838050891347,0.9972445161949107
0.9968449550237816,0.00315504497621836,0.006131570167965491,0.9938684298320346,0.002128898505879408,0.9978711014941207,0.9949776432851464,0.005022356714853704,0.013455571076759836,0.9865444289232402,0.9957300132381414,0.0042699867618584885,0.98987855727395,0.010121442726050063,0.9970057749676011,0.0029942250323989265,0.0033375306207474044,0.9966624693792525,0.002388124615911018,0.997611875384089
0.9967550615766537,0.003244938423346314,0.006075627519885477,0.9939243724801146,0.002048660745262295,0.9979513392547378,0.9949048741346719,0.005095125865328063,0.01321366293136646,0.9867863370686335,0.995480232464945,0.0045197675350549665,0.9897922236413955,0.010207776358604394,0.9972383497138673,0.0027616502861327096,0.003451298820568433,0.9965487011794315,0.002421647767884651,0.9975783522321154
0.9968771942556286,0.003122805744371501,0.006728876224087482,0.9932711237759125,0.0032899253444203832,0.9967100746555796,0.9939841196550686,0.00601588034493135,0.016407891409932773,0.9835921085900672,0.9934268531561319,0.006573146843868099,0.9871036281859812,0.012896371814018781,0.9948897702325332,0.005110229767466807,0.004499069094048011,0.995500930905952,0.0028984201129112095,0.9971015798870888
0.9965401340199268,0.0034598659800733154,0.006445161337127365,0.9935548386628725,0.0031216967191405355,0.9968783032808595,0.9936836997380257,0.006316300261974307,0.017116862197922078,0.9828831378020779,0.9929505767137543,0.007049423286245737,0.9867182036878054,0.013281796312194588,0.9953674509424206,0.004632549057579329,0.004783684478284078,0.995216315521716,0.0024568722766226984,0.9975431277233773
0.9969179319723313,0.003082068027668781,0.006022763740631842,0.9939772362593683,0.002653110374251125,0.9973468896257489,0.9942180404125076,0.005781959587492369,0.016189585746415033,0.983810414253585,0.9935651772501147,0.006434822749885333,0.9869700974434616,0.013029902556538376,0.995715566399523,0.004284433600477088,0.004490224087763887,0.9955097759122362,0.002601782215196985,0.997398217784803
0.9965846667901241,0.0034153332098757583,0.0070069931060019654,0.992993006893998,0.0027654899708300994,0.9972345100291697,0.994361682862646,0.005638317137354048,0.0175979580672636,0.9824020419327364,0.9925634484239781,0.007436551576021725,0.9850177203243717,0.014982279675628303,0.9961793514214773,0.0038206485785228254,0.0044970634072399665,0.9955029365927601,0.002935968725709028,0.997064031274291
0.9965701014395498,0.0034298985604500876,0.007234491508260223,0.9927655084917397,0.002957027648608057,0.9970429723513919,0.9945603393112589,0.005439660688741055,0.01786076936095448,0.9821392306390456,0.9929161214014448,0.007083878598555238,0.9850557492830234,0.014944250716976613,0.9959826272913541,0.004017372708645848,0.004195088233758527,0.9958049117662415,0.0028027528762538554,0.9971972471237461
0.9966424851701774,0.0033575148298225746,0.007606279012331182,0.9923937209876688,0.003384627127560243,0.9966153728724396,0.9939248801832667,0.006075119816733245,0.01931833771597651,0.9806816622840235,0.9922369645749388,0.007763035425061117,0.9844201731508471,0.015579826849152802,0.9955161465996425,0.0044838534003573795,0.004864971395954612,0.9951350286040455,0.002817796864310885,0.9971822031356892
0.9891191738803058,0.010880826119694218,0.02038290486161725,0.9796170951383827,0.0072320229544403265,0.9927679770455596,0.9870064670917099,0.012993532908290016,0.029956922093328845,0.9700430779066711,0.9813721762277632,0.018627823772236787,0.956454313201066,0.04354568679893404,0.9868738570062209,0.013126142993779016,0.012808451232792322,0.9871915487672077,0.010835163140407899,0.9891648368595922
0.9913397400410254,0.00866025995897461,0.023790046977859476,0.9762099530221405,0.007096514601535662,0.9929034853984644,0.9822542390368493,0.017745760963150805,0.030142202480699085,0.9698577975193009,0.9824643938236398,0.017535606176360262,0.9672730513471414,0.03272694865285868,0.990622745491117,0.009377254508883022,0.012348290531741008,0.987651709468259,0.006526463807785053,0.9934735361922149
0.993839076875352,0.006160923124647966,0.02140462900012098,0.978595370999879,0.005152927693597961,0.9948470723064019,0.9867948893621222,0.013205110637877885,0.027785328548665555,0.9722146714513346,0.9869501359144128,0.013049864085587148,0.9741326160201816,0.025867383979818314,0.9945029736568538,0.005497026343146277,0.008082379890041243,0.9919176201099588,0.006639764779456897,0.9933602352205431
0.9937261066810791,0.006273893318920925,0.015389178172602212,0.9846108218273978,0.0049763338199723325,0.9950236661800276,0.9912556216344168,0.008744378365583184,0.022190596615743553,0.9778094033842565,0.9898564765820274,0.010143523417972547,0.9779989727451969,0.022001027254803063,0.9948066141203237,0.005193385879676343,0.007464635549777772,0.9925353644502223,0.006101484587510847,0.9938985154124891
0.990011006132734,0.009988993867265967,0.023771795290690022,0.97622820470931,0.0066439318356219974,0.9933560681643779,0.9875161874589627,0.012483812541037292,0.02641296803455508,0.9735870319654449,0.9872259121209074,0.012774087879092476,0.971874121656624,0.02812587834337596,0.993713545671018,0.006286454328982065,0.009939676904542496,0.9900603230954576,0.009258655205923162,0.9907413447940769
0.9911034403366648,0.00889655966333537,0.023876640719161426,0.9761233592808386,0.006349692457705797,0.9936503075422943,0.986730615919231,0.013269384080768998,0.02491932905735722,0.9750806709426427,0.990372250504287,0.009627749495713048,0.9757347375601854,0.024265262439814767,0.9928192126330452,0.0071807873669547115,0.008763032550664648,0.9912369674493353,0.00792798735148952,0.9920720126485104
0.9954334933852441,0.004566506614755905,0.014775820100152636,0.9852241798998475,0.00391347373534048,0.9960865262646595,0.9884439479622598,0.011556052037740223,0.021215716382739017,0.978784283617261,0.9915832908862953,0.008416709113704663,0.9845085588863745,0.01549144111362543,0.9948471684938769,0.005152831506123185,0.006235615323645557,0.9937643846763544,0.005403480872150062,0.99459651912785
0.9941052835286686,0.005894716471331548,0.01131207695240261,0.9886879230475973,0.0032845324999203254,0.9967154675000798,0.9905678225361809,0.009432177463819079,0.018411997317693874,0.9815880026823061,0.9934166421311066,0.006583357868893509,0.9857829979647748,0.014217002035225157,0.9948691901947712,0.005130809805228795,0.005837079206405247,0.9941629207935947,0.005244215805574954,0.9947557841944249
0.9943432537106797,0.005656746289320416,0.011126899730294102,0.988873100269706,0.0030099129653314593,0.9969900870346686,0.9909779242521868,0.009022075747813269,0.01667250086708684,0.9833274991329132,0.993903438549701,0.006096561450298937,0.9875459127868987,0.012454087213101246,0.9966198974851669,0.00338010251483302,0.005262377231335576,0.9947376227686645,0.004435494218188992,0.9955645057818109
0.9958099990260676,0.004190000973932343,0.008495054237731834,0.9915049457622681,0.0034887031465985602,0.9965112968534013,0.9941164514843019,0.005883548515697926,0.014731246429119688,0.9852687535708803,0.9946416597657072,0.005358340234292801,0.9862579567470985,0.013742043252901561,0.9954507628540205,0.0045492371459795984,0.00473398181110718,0.9952660181888928,0.00368811840510182,0.9963118815948981
0.9958407570152797,0.004159242984720159,0.006119184017100413,0.9938808159828997,0.0024786612690946013,0.9975213387309054,0.9932071518354331,0.006792848164566782,0.014599998304103273,0.9854000016958967,0.9930340612874398,0.006965938712560153,0.9879714613935732,0.01202853860642695,0.9960873155811989,0.003912684418801049,0.005038943709539021,0.994961056290461,0.0027148840295738367,0.9972851159704261
0.9945607769062461,0.005439223093753942,0.007961313365325698,0.9920386866346743,0.0026187798034129992,0.997381220196587,0.9925638597501913,0.007436140249808711,0.015412445957678567,0.9845875540423216,0.9929877039675424,0.007012296032457606,0.9856496937546173,0.014350306245382635,0.9962675391227602,0.003732460877239775,0.0054870564601170214,0.994512943539883,0.0039460219414769624,0.996053978058523
0.9928148888375585,0.007185111162441502,0.010950333712217946,0.989049666287782,0.003606992081402423,0.9963930079185975,0.9927680467385833,0.007231953261416599,0.01745688398312608,0.9825431160168738,0.992259577248626,0.007740422751373877,0.9852277978179795,0.014772202182020437,0.997096755911118,0.0029032440888820564,0.004614345802047951,0.995385654197952,0.004818257364172496,0.9951817426358276
0.99246784737157,0.007532152628430034,0.011828002785263405,0.9881719972147367,0.00396873089571496,0.9960312691042851,0.9925204271971318,0.007479572802868207,0.0178715286980207,0.9821284713019793,0.991377471945967,0.008622528054032958,0.9851126174272756,0.014887382572724447,0.9969018170057972,0.0030981829942027567,0.004730012241009054,0.995269987758991,0.005959689784010544,0.9940403102159894
0.9947336993417496,0.005266300658250506,0.009172925065614073,0.9908270749343859,0.002980010506359933,0.99701998949364,0.9941532855246888,0.005846714475311203,0.015120555551357936,0.9848794444486421,0.9936208104557467,0.006379189544253307,0.9866237880905525,0.013376211909447516,0.9971955795072417,0.0028044204927583356,0.004085631725836756,0.9959143682741634,0.004152624921780268,0.9958473750782199
0.9954329312244369,0.0045670687755630665,0.008324618669065382,0.9916753813309346,0.0025264299460843282,0.9974735700539156,0.993829406118343,0.006170593881656948,0.014184861887766928,0.9858151381122331,0.9955324770126551,0.004467522987344882,0.989209012777215,0.01079098722278507,0.9967913296041581,0.0032086703958420157,0.003481586757791958,0.9965184132422081,0.003537229692308069,0.9964627703076919
0.9885245305896956,0.011475469410304306,0.01833590522837834,0.9816640947716218,0.004728858935884194,0.9952711410641157,0.987073783271592,0.012926216728407975,0.020424891114288198,0.9795751088857119,0.9901511673008379,0.009848832699162223,0.9779305733288113,0.022069426671188754,0.9933683516450512,0.006631648354948768,0.008546079350352585,0.9914539206496473,0.009631930329747691,0.9903680696702524
0.9921432402210529,0.007856759778947129,0.015818110521705724,0.9841818894782942,0.0038643567667327834,0.9961356432332672,0.9875475683776297,0.01245243162237033,0.018837916195705264,0.9811620838042947,0.9915281039492371,0.008471896050762923,0.983545614593762,0.016454385406238017,0.9953079101888938,0.004692089811106289,0.006807674677711698,0.9931923253222882,0.006031624537513988,0.993968375462486
0.9937553375341255,0.006244662465874607,0.014046052757865796,0.9859539472421343,0.003216747349776737,0.9967832526502232,0.9902089268053305,0.009791073194669597,0.018342966175730183,0.9816570338242698,0.9926253054809298,0.007374694519070278,0.9850335010043723,0.0149664989956278,0.9967138056609235,0.0032861943390765026,0.005129719333040937,0.9948702806669592,0.005461310370373563,0.9945386896296264
0.9931030773861521,0.00689692261384795,0.011881829673071399,0.9881181703269287,0.0034493127651255588,0.9965506872348745,0.9921451499332063,0.007854850066793737,0.016642758415963705,0.9833572415840363,0.9933614609971423,0.006638539002857698,0.9858156314317659,0.01418436856823397,0.9965677467659866,0.0034322532340135157,0.005150657220257537,0.9948493427797425,0.005581698972860397,0.9944183010271397
0.9948714709080797,0.005128529091920394,0.009098569075429237,0.9909014309245708,0.003209635001888706,0.9967903649981114,0.9939293566970663,0.006070643302933797,0.013608370264437075,0.9863916297355629,0.9952281283350323,0.004771871664967631,0.9868569371041858,0.01314306289581435,0.9961494393306387,0.003850560669361315,0.004579623150256874,0.995420376849743,0.0038509811997917897,0.9961490188002081
0.9958179801433614,0.004182019856638626,0.008731870013345227,0.9912681299866547,0.002910921592924159,0.9970890784070758,0.9927864694999147,0.007213530500085369,0.014274656496944881,0.9857253435030551,0.9948086580252923,0.0051913419747077905,0.9887894396544895,0.011210560345510573,0.9966552446025883,0.0033447553974117984,0.0047315712074407395,0.9952684287925592,0.0030870152692203828,0.9969129847307796
0.9955311533530738,0.004468846646926199,0.00781461852830914,0.9921853814716908,0.0023079123670501334,0.9976920876329499,0.9929068675016505,0.007093132498349443,0.014147470098973007,0.985852529901027,0.994054701692124,0.005945298307876063,0.9876498901311042,0.012350109868895932,0.9958933723481648,0.0041066276518351,0.004668361280480189,0.9953316387195198,0.0045686570272257315,0.9954313429727741
0.9925277877796637,0.007472212220336347,0.013473897468932638,0.9865261025310673,0.008663148329541234,0.9913368516704588,0.9903754408954171,0.00962455910458298,0.02239443972388234,0.9776055602761176,0.9872516083308809,0.012748391669119136,0.9750712431533075,0.024928756846692584,0.9894368479291892,0.010563152070810794,0.009744692204499642,0.9902553077955003,0.005157427089112844,0.9948425729108872
0.9933980497783925,0.006601950221607545,0.013630356789373417,0.9863696432106267,0.008783606467541321,0.9912163935324586,0.9879554687491691,0.01204453125083097,0.02790389728910998,0.97209610271089,0.9833060063990908,0.01669399360090928,0.9752864814300801,0.024713518569919792,0.9908081325823594,0.009191867417640534,0.011380994435866416,0.9886190055641336,0.004709839796848382,0.9952901602031516
0.9957470453173028,0.0042529546826970905,0.007077516931480867,0.9929224830685193,0.004925789412103212,0.9950742105878968,0.9933696291917433,0.0066303708082565745,0.020297931230409936,0.97970206876959,0.9896913660499823,0.010308633950017588,0.9830812332431113,0.016918766756888637,0.9933500486353054,0.006649951364694612,0.006719536019777373,0.9932804639802226,0.003611948985564788,0.9963880510144353
0.9951338960768246,0.004866103923175328,0.00848593622153286,0.9915140637784671,0.005079838035227112,0.9949201619647728,0.9935067472250407,0.006493252774959263,0.022509367888540934,0.9774906321114591,0.9891631998816441,0.010836800118355817,0.980362888374355,0.019637111625644944,0.9942697146014572,0.005730285398542797,0.006778220551581827,0.9932217794484182,0.003530801833596464,0.9964691981664034
0.9889453481883035,0.011054651811696653,0.018475613103763017,0.981524386896237,0.009179001141736929,0.9908209988582631,0.9898695208311041,0.010130479168895772,0.03203669928159484,0.9679633007184051,0.976420287307639,0.023579712692361053,0.9562153478401793,0.04378465215982079,0.9894769833229463,0.01052301667705365,0.013018752735469841,0.9869812472645301,0.010219228139966726,0.9897807718600332
0.9888709751590877,0.011129024840912258,0.02368027533829614,0.9763197246617038,0.01487845291496463,0.9851215470850353,0.9839087584225605,0.01609124157743951,0.04291597060639897,0.957084029393601,0.9685127677573306,0.031487232242669375,0.9532717206376834,0.04672827936231663,0.9834699783284581,0.01653002167154203,0.015925071335485597,0.9840749286645143,0.009123476896341567,0.9908765231036584
0.9913114941992992,0.008688505800700883,0.022551092124036345,0.9774489078759637,0.012643439440702892,0.9873565605592971,0.9832067962573958,0.016793203742604172,0.043452696814878136,0.9565473031851218,0.9770678604036283,0.022932139596371758,0.9632635217485724,0.036736478251427486,0.987389350380847,0.012610649619152925,0.014266749918279746,0.9857332500817202,0.0069980495748861015,0.9930019504251139
0.9908953921561149,0.00910460784388503,0.016480478530037094,0.983519521469963,0.009877221764286877,0.9901227782357132,0.9880892088813439,0.011910791118656209,0.030714606159288914,0.9692853938407111,0.9813922874839018,0.01860771251609824,0.9601317222085669,0.039868277791433177,0.9838247501628259,0.016175249837174204,0.015595143998558816,0.9844048560014413,0.008510438446387438,0.9914895615536125
0.7944886474103303,0.20551135258966974,0.3524689363217012,0.6475310636782988,0.20132731072075546,0.7986726892792446,0.8085212578299412,0.19147874217005886,0.2520679433876312,0.7479320566123687,0.6642939783371323,0.3357060216628676,0.5991744283349257,0.4008255716650742,0.8246482845656062,0.17535171543439368,0.27093108061737314,0.7290689193826269,0.22056322089697616,0.7794367791030238
0.8043923563894012,0.1956076436105988,0.39184186284078426,0.6081581371592157,0.1836618955148915,0.8163381044851085,0.8219765637797772,0.17802343622022276,0.24168146709665034,0.7583185329033497,0.703542419633546,0.2964575803664539,0.664309919401428,0.3356900805985719,0.8852799899748194,0.11472001002518065,0.20491779535897417,0.7950822046410257,0.192027540988505,0.8079724590114951
0.8742022677889103,0.1257977322110898,0.3011404090299132,0.6988595909700869,0.11765074006826745,0.8823492599317325,0.8685470976051213,0.13145290239487878,0.19035148639121502,0.809648513608785,0.7952532622341646,0.20474673776583546,0.7678145465109375,0.23218545348906253,0.9316241354508471,0.06837586454915283,0.12864525278873443,0.8713547472112655,0.1557317813480356,0.8442682186519643
0.8077174043723501,0.19228259562764988,0.35781780841992206,0.6421821915800778,0.2694827877476762,0.7305172122523238,0.8497563475239072,0.15024365247609295,0.20390035940455545,0.7960996405954447,0.7713116703645443,0.22868832963545563,0.6576748899672381,0.3423251100327619,0.8096330968299095,0.19036690317009053,0.21098588146664793,0.789014118533352,0.15775001530221439,0.8422499846977856
0.8679233512770558,0.13207664872294428,0.27330359731006465,0.7266964026899353,0.24425031612405151,0.7557496838759485,0.7926594780028974,0.20734052199710265,0.22291739168248045,0.7770826083175195,0.795810120937193,0.20418987906280703,0.7441372397217614,0.25586276027823873,0.8160281589623148,0.18397184103768519,0.21169547326079785,0.7883045267392021,0.1089263774376909,0.891073622562309
0.8057648800761904,0.19423511992380957,0.26663033171969763,0.7333696682803024,0.27203649864649293,0.7279635013535072,0.7800520966891668,0.21994790331083336,0.22411947250779357,0.7758805274922064,0.7245368715199911,0.2754631284800088,0.6714793913098219,0.3285206086901781,0.7406194828266277,0.2593805171733723,0.2621432351420479,0.737856764857952,0.19142104581692623,0.8085789541830737
0.11896433230724492,0.8810356676927551,0.8987051047208238,0.10129489527917622,0.8921629582142332,0.10783704178576675,0.17243962035522142,0.8275603796447786,0.8178005197162496,0.18219948028375046,0.07236017078758587,0.9276398292124142,0.0941446694353345,0.9058553305646655,0.14210361724009388,0.8578963827599061,0.9116193272043136,0.08838067279568647,0.9066683950205909,0.09333160497940915
0.208859839049861,0.791140160950139,0.8801103690150444,0.11988963098495563,0.8447462178031948,0.15525378219680513,0.29934011536793326,0.7006598846320667,0.7487139222852806,0.2512860777147195,0.10432652112027634,0.8956734788797236,0.1616810671079575,0.8383189328920425,0.28602867065409887,0.7139713293459011,0.8060224042162135,0.19397759578378643,0.7870003693163478,0.21299963068365219
0.10534990590072138,0.8946500940992785,0.9275245908750543,0.07247540912494561,0.8994212983355766,0.10057870166442337,0.1800700048084836,0.8199299951915165,0.8343518485444908,0.16564815145550912,0.06544992374790555,0.9345500762520945,0.11742853430597525,0.8825714656940247,0.18491914221515096,0.8150808577848491,0.9038615270876603,0.09613847291233975,0.9235411052533528,0.07645889474664722
0.05906964423389729,0.9409303557661027,0.9496272866017172,0.050372713398282816,0.9267453886579828,0.07325461134201704,0.14482388092998164,0.8551761190700183,0.8212261659181568,0.1787738340818433,0.07749183971203244,0.9225081602879676,0.09216207546700392,0.907837924532996,0.13128343644571702,0.868716563554283,0.9307324900320879,0.06926750996791203,0.9193139220113795,0.08068607798862056
0.1657766159727688,0.8342233840272312,0.8939189035685445,0.10608109643145547,0.8025287850981775,0.1974712149018224,0.2703754368819816,0.7296245631180184,0.6538503305939887,0.3461496694060114,0.24640654562783182,0.7535934543721682,0.24197862554900185,0.7580213744509982,0.33804297533793337,0.6619570246620666,0.7649524811581934,0.23504751884180664,0.7734441624298457,0.22655583757015424
0.2675557514411682,0.7324442485588317,0.7294161716394301,0.27058382836056993,0.6418362626419792,0.3581637373580208,0.3858418784522415,0.6141581215477585,0.47740178721689025,0.5225982127831098,0.4029099864272149,0.5970900135727852,0.4347056018660212,0.5652943981339787,0.5014278598257486,0.4985721401742514,0.6411505118015037,0.3588494881984963,0.6472040419972038,0.3527959580027963
0.3064574723163922,0.6935425276836078,0.688119037222342,0.3118809627776579,0.5686081989902292,0.43139180100977076,0.44618496228182225,0.5538150377181779,0.44652189601121406,0.5534781039887858,0.39656242465697045,0.6034375753430296,0.4824361834126775,0.5175638165873225,0.5847158208273228,0.4152841791726773,0.5878630453505699,0.4121369546494301,0.6784219911937138,0.3215780088062861
0.33940627121836986,0.6605937287816301,0.6597176592242864,0.3402823407757137,0.5256432912857093,0.4743567087142906,0.5175600286075779,0.4824399713924221,0.41038530087680486,0.5896146991231952,0.4841783144305555,0.5158216855694445,0.5548953025275525,0.4451046974724476,0.6564673769314354,0.3435326230685646,0.49847748441958667,0.5015225155804133,0.5819086616727136,0.41809133832728634
0.6823195086585618,0.3176804913414382,0.37788045328573183,0.6221195467142683,0.21923618868783304,0.7807638113121669,0.7553897086019193,0.24461029139808074,0.22814069464076986,0.7718593053592302,0.7345212198406592,0.26547878015934073,0.7982992445924919,0.201700755407508,0.8855304430467872,0.11446955695321287,0.20509748132509623,0.7949025186749038,0.2978750553779037,0.7021249446220963
0.7818743218142046,0.2181256781857954,0.23299300813030563,0.7670069918696943,0.17596725476679032,0.8240327452332096,0.8601711989466859,0.13982880105331416,0.1501108173771199,0.84988918262288,0.8411489289751855,0.15885107102481444,0.8687428330859273,0.13125716691407266,0.91071509196045,0.08928490803954992,0.12746219041642498,0.8725378095835751,0.16637193260794764,0.8336280673920523
0.8642646916868281,0.13573530831317193,0.16250707655444183,0.837492923445558,0.14247676097886044,0.8575232390211396,0.8787136425546908,0.12128635744530909,0.13163607771414101,0.868363922285859,0.8794743949678535,0.12052560503214653,0.9105009004580238,0.08949909954197618,0.9274509052703843,0.07254909472961565,0.10062128694727554,0.8993787130527245,0.09734120688285197,0.902658793117148
0.9202919275289335,0.07970807247106657,0.07508316855190005,0.9249168314480999,0.08251087215297477,0.9174891278470253,0.9374713825318468,0.06252861746815308,0.0853220528462249,0.9146779471537752,0.9202250009548033,0.07977499904519672,0.9453087639981115,0.054691236001888424,0.9553546957825052,0.04464530421749479,0.0581584526948296,0.9418415473051703,0.059217013508035946,0.940782986491964
0.7458089893413709,0.2541910106586291,0.21969674439738252,0.7803032556026174,0.20503456359289343,0.7949654364071065,0.861729133386752,0.1382708666132479,0.17231293648146928,0.8276870635185307,0.7358169572821108,0.2641830427178891,0.7798588056013538,0.22014119439864627,0.8677456918077542,0.13225430819224576,0.18040841646360295,0.8195915835363972,0.24986884170998425,0.7501311582900158
0.768791069271557,0.2312089307284431,0.2529821893673405,0.7470178106326595,0.1858591515573175,0.8141408484426824,0.8504668338477606,0.14953316615223955,0.20012135667430642,0.7998786433256936,0.7375159941500676,0.26248400584993226,0.7958735368531603,0.20412646314683974,0.9074900036044277,0.09250999639557238,0.16761609321682863,0.8323839067831714,0.19813289789381258,0.8018671021061873
0.9523863688053565,0.04761363119464355,0.06911855726557196,0.930881442734428,0.03885137763281569,0.9611486223671843,0.9662338886592641,0.03376611134073587,0.0665070680949855,0.9334929319050145,0.9351164641052422,0.06488353589475769,0.9347819759656271,0.065218024034373,0.9784073552502144,0.021592644749785533,0.027561106858581264,0.9724388931414186,0.04503537073400476,0.9549646292659951
0.9547504766449376,0.045249523355062445,0.05410615025318489,0.9458938497468151,0.038937150950516655,0.9610628490494834,0.9728356003691219,0.0271643996308781,0.05733665013471566,0.9426633498652842,0.949339529987616,0.05066047001238406,0.9440949681036802,0.05590503189631972,0.9826199520641054,0.017380047935894653,0.03173568817050478,0.9682643118294952,0.028176321650266983,0.9718236783497329
0.9603754462677772,0.039624553732222886,0.041709673764633325,0.9582903262353668,0.023694244569420195,0.9763057554305797,0.9809265025086562,0.019073497491343697,0.033748112644476864,0.966251887355523,0.9700453309005838,0.02995466909941621,0.9497161263580969,0.050283873641903024,0.9834394662242664,0.016560533775733664,0.024666741234555298,0.9753332587654447,0.02857793652186611,0.9714220634781339
0.9645509732553352,0.03544902674466476,0.052013487670774426,0.9479865123292257,0.021189972352008677,0.9788100276479914,0.9716431553574346,0.028356844642565358,0.03527530908217485,0.9647246909178252,0.9736089804123503,0.026391019587649778,0.9642535118887494,0.035746488111250536,0.9894997118892024,0.010500288110797586,0.02330337093725857,0.9766966290627414,0.021845361670588995,0.978154638329411
0.8888698914220781,0.11113010857792192,0.15231997893415672,0.8476800210658432,0.06043725488570292,0.9395627451142969,0.9270489877216197,0.07295101227838037,0.08847165061351348,0.9115283493864865,0.8923824525118456,0.1076175474881544,0.8851706330383149,0.1148293669616852,0.9631607051582703,0.03683929484172962,0.06839009015086525,0.9316099098491347,0.10651019221151606,0.893489807788484
0.9188378431278628,0.08116215687213721,0.12043255551197586,0.879567444488024,0.04792477862602202,0.952075221373978,0.9427275423385532,0.057272457661446806,0.0656705922235107,0.9343294077764892,0.9259968092416013,0.07400319075839865,0.9217446923786984,0.07825530762130167,0.9771480040770146,0.02285199592298524,0.04729669878779036,0.9527033012122097,0.0590641908928987,0.9409358091071013
0.9258962392325375,0.0741037607674625,0.1275091091519047,0.8724908908480953,0.04031105629293595,0.9596889437070639,0.9407399733381809,0.059260026661819155,0.07099155439789508,0.9290084456021049,0.9383304716490601,0.06166952835093995,0.9228089697314293,0.07719103026857067,0.97906286017314,0.020937139826859942,0.04407251325580104,0.9559274867441989,0.059155522409818494,0.9408444775901815
0.9367717809767248,0.06322821902327529,0.1005459966369819,0.8994540033630182,0.03434584227352677,0.9656541577264731,0.9467411100928461,0.053258889907153995,0.06352134865477499,0.936478651345225,0.9566715374146639,0.043328462585335986,0.9402938237171348,0.059706176282865245,0.9780044962462502,0.02199550375374988,0.038086722063673695,0.9619132779363263,0.05011451630243302,0.9498854836975671
0.9547375639185701,0.04526243608142985,0.08105410520488562,0.9189458947951142,0.028563129372370984,0.9714368706276291,0.9592225628446771,0.040777437155322935,0.049200282613631505,0.9507997173863685,0.9675736062333191,0.03242639376668085,0.9496239782680849,0.05037602173191504,0.9805662271128821,0.019433772887117947,0.03025002402049296,0.9697499759795071,0.038688140644389024,0.961311859355611
0.9588981646891035,0.04110183531089642,0.0660858283968896,0.9339141716031103,0.02565336309106448,0.9743466369089355,0.9610674808950808,0.038932519104919315,0.04400281836059902,0.955997181639401,0.9698936016020973,0.030106398397902818,0.9608973097839432,0.039102690216056835,0.9844669379224894,0.015533062077510606,0.028532879464356783,0.9714671205356432,0.0310216163814474,0.9689783836185526
0.980403462217903,0.019596537782097082,0.02793878651009736,0.9720612134899025,0.011515701354993038,0.988484298645007,0.9800485699149829,0.01995143008501704,0.02811573159780126,0.9718842684021987,0.9825365543384481,0.017463445661551835,0.9797449710379442,0.020255028962055843,0.9916894349085268,0.008310565091473255,0.012743831534277992,0.9872561684657221,0.017430763936482047,0.982569236063518
0.9757095637764684,0.024290436223531532,0.028354774748551116,0.9716452252514488,0.012327487295801612,0.9876725127041983,0.9825093926050793,0.017490607394920702,0.028732009130462064,0.9712679908695379,0.9825095383737104,0.017490461626289595,0.9758286299078354,0.02417137009216457,0.9919032525495899,0.008096747450410023,0.013123406902685788,0.9868765930973141,0.017513863514949487,0.9824861364850506
0.9638705818163331,0.0361294181836669,0.044624569951177105,0.9553754300488229,0.01634397697764376,0.9836560230223562,0.9751515631825223,0.024848436817477646,0.03582122313096974,0.9641787768690303,0.9718348976678602,0.028165102332139706,0.9598760876694185,0.04012391233058147,0.9882021351115281,0.011797864888471983,0.020116840665602674,0.9798831593343974,0.030310382731281615,0.9696896172687185
0.9786084188941605,0.02139158110583939,0.02934510413532178,0.9706548958646783,0.011114052381025523,0.9888859476189745,0.98165991376463,0.018340086235370073,0.02706205002677485,0.9729379499732252,0.9816101600766269,0.018389839923372994,0.9734982306640605,0.026501769335939424,0.9914926230697825,0.008507376930217574,0.011777015982398635,0.9882229840176013,0.015222528264410654,0.9847774717355894
0.9813475019774279,0.018652498022572052,0.029125425557010306,0.9708745744429896,0.010561965439243315,0.9894380345607567,0.981237452434301,0.01876254756569894,0.02871514894618452,0.9712848510538155,0.9829500536804763,0.0170499463195238,0.9757481459781249,0.02425185402187513,0.9930308176607104,0.006969182339289457,0.011677789532172921,0.9883222104678271,0.013583223914533918,0.9864167760854661
0.9783444875108899,0.02165551248911002,0.024615353899756495,0.9753846461002436,0.010984992218031073,0.989015007781969,0.9850253642038205,0.014974635796179555,0.025300545841703728,0.9746994541582963,0.9841687290381603,0.015831270961839665,0.9749307751659124,0.025069224834087658,0.9917594408487542,0.008240559151245745,0.012427110833530259,0.9875728891664698,0.01564296225593861,0.9843570377440614
0.9848939971002947,0.015106002899705403,0.01799163025459843,0.9820083697454016,0.00894588049839566,0.9910541195016044,0.9885343703176741,0.011465629682325907,0.02006893905175508,0.979931060948245,0.9883576828130318,0.01164231718696813,0.9808662455661266,0.019133754433873485,0.9935550928958324,0.006444907104167488,0.009497270785699514,0.9905027292143005,0.009030459649784937,0.9909695403502151
0.9887649192845361,0.011235080715463865,0.014601078152444078,0.985398921847556,0.007231252270709107,0.9927687477292909,0.9899653339987072,0.01003466600129277,0.019090352396011378,0.9809096476039886,0.9891997228984947,0.010800277101505386,0.9838552583857969,0.016144741614203182,0.9953790494872777,0.00462095051272231,0.008180564588441883,0.991819435411558,0.007054357615821801,0.9929456423841783
0.9904087165584806,0.009591283441519282,0.012388780334710607,0.9876112196652893,0.004458822217829938,0.99554117778217,0.9909378641102639,0.009062135889736105,0.017151024799522227,0.9828489752004778,0.9895110549125536,0.010488945087446406,0.9802463337298559,0.019753666270144042,0.9943395678404829,0.0056604321595169985,0.0073528327847460564,0.992647167215254,0.008755223777070898,0.9912447762229292
0.9852562934455873,0.014743706554412712,0.023215029071805546,0.9767849709281945,0.007026147100169015,0.9929738528998309,0.9857638672599294,0.014236132740070642,0.024482259028629355,0.9755177409713708,0.984783698634681,0.015216301365319025,0.9747220376760942,0.02527796232390568,0.9949474048083559,0.005052595191644099,0.009857320910846628,0.9901426790891534,0.01127669486504415,0.9887233051349559
0.9888770238357848,0.011122976164215155,0.018569018833662344,0.9814309811663376,0.005317839701137317,0.9946821602988627,0.9901847645683973,0.009815235431602691,0.02019493431428458,0.9798050656857155,0.9899678764934726,0.010032123506527456,0.9796126024505956,0.020387397549404405,0.9956346097582589,0.004365390241741015,0.006097607716711294,0.9939023922832887,0.009136356022033653,0.9908636439779662
0.9920133821578625,0.007986617842137491,0.014619161093282979,0.985380838906717,0.0041969668708841945,0.9958030331291157,0.991103265922792,0.008896734077208078,0.017448895419385508,0.9825511045806145,0.9917466902769903,0.008253309723009807,0.983649826715058,0.016350173284942062,0.9968206943785005,0.0031793056214995197,0.005771609375341837,0.9942283906246583,0.006246294191818456,0.9937537058081815
0.9921775538192574,0.007822446180742525,0.012352281080723651,0.9876477189192763,0.004260125071778284,0.9957398749282218,0.9921391605814315,0.007860839418568586,0.016428272877786212,0.9835717271222139,0.9933053172581816,0.0066946827418185055,0.9863205390613149,0.01367946093868509,0.9963581715739488,0.0036418284260511485,0.00531580038488371,0.9946841996151163,0.005687048413823074,0.994312951586177
0.9897828065225744,0.01021719347742556,0.015896734217386556,0.9841032657826134,0.004903906168251169,0.9950960938317488,0.9893860473318892,0.01061395266811089,0.018613940402937578,0.9813860595970625,0.9921185705009301,0.007881429499069859,0.9841165191736733,0.01588348082632678,0.9951780822640438,0.004821917735956296,0.006682401717783636,0.9933175982822163,0.007934483159938485,0.9920655168400616
0.9930470087290705,0.006952991270929548,0.01136613292461114,0.9886338670753889,0.003664748022965738,0.9963352519770342,0.9914839258428416,0.008516074157158398,0.015498997770153325,0.9845010022298466,0.9937329018710245,0.0062670981289755685,0.9877702554133839,0.012229744586615965,0.9962015366786033,0.0037984633213967115,0.005229608764309761,0.9947703912356903,0.0053126839360313986,0.9946873160639687
0.9943265643734778,0.005673435626522219,0.009218847532579117,0.9907811524674208,0.002845223432101649,0.9971547765678984,0.9920039973100829,0.007996002689917,0.015676546892389603,0.9843234531076104,0.993795105287239,0.006204894712761059,0.9893226973222224,0.010677302677777544,0.9967974734818272,0.0032025265181726747,0.00425568460047466,0.9957443153995252,0.004510239782425697,0.9954897602175742
0.9958275394136693,0.004172460586330731,0.006881927308758046,0.993118072691242,0.002259295946164632,0.9977407040538354,0.9941154504305424,0.005884549569457698,0.013661850327867212,0.9863381496721327,0.9954025039815804,0.00459749601841953,0.9906426901481349,0.009357309851865161,0.9971762403896703,0.00282375961032972,0.003382610100767535,0.9966173898992324,0.003152277145300474,0.9968477228546995
0.9950676411934591,0.004932358806540909,0.007486935369385809,0.9925130646306141,0.0023197267777622047,0.9976802732222377,0.9939120967712562,0.006087903228743734,0.014111519594252605,0.9858884804057473,0.9949641716278379,0.0050358283721620885,0.9891270773830682,0.010872922616931931,0.9970548950713123,0.0029451049286878046,0.003687365922534448,0.9963126340774654,0.0036116441632580098,0.996388355836742
0.9959720891796825,0.004027910820317522,0.006444301934307179,0.9935556980656929,0.0023625493359940354,0.9976374506640059,0.994527406498417,0.0054725935015830715,0.013205491238610333,0.9867945087613897,0.9954839436015739,0.004516056398426068,0.989716297866902,0.010283702133098021,0.996768267325711,0.003231732674289006,0.0035043201144583816,0.9964956798855416,0.002768761404805326,0.9972312385951946
0.996796741725819,0.0032032582741809376,0.006507902020251885,0.9934920979797481,0.002832792310885317,0.9971672076891147,0.9938970700361939,0.006102929963806016,0.01530333239118631,0.9846966676088138,0.994100688502331,0.005899311497668946,0.9891583728342813,0.010841627165718699,0.9961952671437562,0.003804732856243713,0.004003343774484886,0.9959966562255151,0.0026687944182034224,0.9973312055817964
0.9966703720531509,0.003329627946849086,0.005607532784275223,0.9943924672157247,0.002950896782251908,0.9970491032177481,0.99468916434643,0.005310835653570103,0.015246260169753677,0.9847537398302463,0.9941379066588198,0.005862093341180054,0.9897240911392142,0.010275908860785762,0.9961475311324268,0.0038524688675732367,0.0038315437681993633,0.9961684562318006,0.0025297298899874987,0.9974702701100124
0.9963542648712794,0.0036457351287206463,0.005518826101574417,0.9944811738984256,0.0027842600858330574,0.997215739914167,0.9949501563659218,0.005049843634078338,0.015230385184746136,0.9847696148152537,0.993694131933426,0.006305868066574021,0.9876167803429381,0.012383219657061788,0.9958988604891887,0.004101139510811316,0.00421226573331408,0.9957877342666859,0.0028197124060002285,0.9971802875939999
0.996305040815541,0.0036949591844588296,0.006584789959153505,0.9934152100408464,0.0027028910453374025,0.9972971089546626,0.9946110356991502,0.005388964300849907,0.016425627399270337,0.9835743726007298,0.9929845586636488,0.007015441336351186,0.9857791572011457,0.01422084279885433,0.9964550677593221,0.003544932240677759,0.004375284019583009,0.9956247159804169,0.0028055980674216506,0.9971944019325782
0.9961031269273768,0.003896873072623312,0.00821512625548432,0.9917848737445157,0.0027169596477030996,0.9972830403522969,0.9939544065934856,0.0060455934065143406,0.01802565522011203,0.981974344779888,0.9918511016569589,0.008148898343040995,0.9846016590004926,0.01539834099950754,0.9964015217866943,0.003598478213305755,0.004035736663744637,0.9959642633362554,0.0038340293991027292,0.9961659706008974
0.9961947942641091,0.0038052057358909396,0.008114557889005022,0.9918854421109949,0.002623600092221436,0.9973763999077786,0.9944727200387772,0.0055272799612229055,0.017082304947838054,0.982917695052162,0.993015521682384,0.006984478317615915,0.9851681090331704,0.014831890966829521,0.9966963431603201,0.003303656839679818,0.0037037040799775345,0.9962962959200224,0.003229745412709303,0.9967702545872907
0.9967660565110362,0.0032339434889637544,0.007390676231871595,0.9926093237681285,0.0022035774723544906,0.9977964225276456,0.9946246072726553,0.0053753927273447735,0.015403422617218061,0.9845965773827821,0.9948482206451872,0.005151779354812768,0.9874134057195882,0.012586594280411725,0.9969296007808957,0.0030703992191044465,0.0033771070811575515,0.9966228929188424,0.002667787592638535,0.9973322124073616
0.9848047340957385,0.015195265904261348,0.030030134035457356,0.9699698659645426,0.007581303776340626,0.9924186962236594,0.9823988729044559,0.017601127095544174,0.03053197074790186,0.9694680292520981,0.9819644587556243,0.018035541244375602,0.9582225677266035,0.04177743227339644,0.9881646475655531,0.011835352434446998,0.013638700726639676,0.9863612992733602,0.015468930689272777,0.9845310693107272
0.9883206844100535,0.011679315589946521,0.03298538690184454,0.9670146130981555,0.009372355303218817,0.9906276446967812,0.9782330081556736,0.02176699184432634,0.031614435051585656,0.9683855649484143,0.9822625211623576,0.0177374788376425,0.9631618780638775,0.036838121936122535,0.9874673335074836,0.012532666492516428,0.014440712395578943,0.9855592876044211,0.009307492346756274,0.9906925076532438
0.9913395483587422,0.008660451641257777,0.02879661070336816,0.9712033892966319,0.006783639807386946,0.993216360192613,0.980984070333461,0.01901592966653896,0.02925428075784821,0.9707457192421517,0.9848295217104791,0.015170478289520919,0.9708056493977417,0.029194350602258327,0.9928186939341451,0.00718130606585489,0.011668638611764781,0.9883313613882353,0.008258905545480403,0.9917410944545196
0.9947479274446337,0.005252072555366156,0.0131922908238133,0.9868077091761865,0.004385729080951423,0.9956142709190486,0.991225874918043,0.008774125081957022,0.01897732892402016,0.9810226710759797,0.9919986578655031,0.008001342134497009,0.9835859220356952,0.016414077964304764,0.9954088512262569,0.004591148773743206,0.006906943348546209,0.9930930566514539,0.005070885079247626,0.9949291149207523
0.9944420924706417,0.005557907529358264,0.012383856500825345,0.9876161434991747,0.0044175361576987825,0.9955824638423013,0.9924675649798993,0.007532435020100723,0.01875203166665829,0.9812479683333417,0.992237054305902,0.007762945694098039,0.9841374238159519,0.01586257618404793,0.9958407642878551,0.004159235712144922,0.005992136008024135,0.9940078639919759,0.004917121701622506,0.9950828782983775
0.9952017610039832,0.004798238996016867,0.011665453049298478,0.9883345469507017,0.004217914189393097,0.995782085810607,0.9928354171678726,0.0071645828321275406,0.017939565642270092,0.9820604343577298,0.993178691659811,0.006821308340189072,0.9845322733042748,0.015467726695725237,0.9955735446416962,0.004426455358303793,0.005795255599298639,0.9942047444007014,0.00434243432253939,0.9956575656774606
0.9971001329273381,0.002899867072661953,0.006789889151456889,0.9932101108485432,0.0024703445884064748,0.9975296554115937,0.993649839870956,0.006350160129044017,0.015865002075410608,0.9841349979245894,0.9939535108723625,0.006046489127637496,0.9899814141558327,0.010018585844167325,0.9964615521223442,0.003538447877655714,0.0037575201480929015,0.9962424798519071,0.0031461276216407513,0.9968538723783592
0.9967490375582531,0.0032509624417468752,0.005776461151083329,0.9942235388489168,0.0024506395100792676,0.9975493604899207,0.9945720436743628,0.005427956325637109,0.014898550872959009,0.985101449127041,0.9951964538760163,0.00480354612398367,0.9909562150151647,0.009043784984835152,0.9966568387410056,0.0033431612589943514,0.003227908168223196,0.9967720918317768,0.002574754522255561,0.9974252454777444
0.9968106080116615,0.0031893919883384217,0.005490404488936118,0.9945095955110639,0.0027137101211102866,0.9972862898788898,0.9947617414508555,0.005238258549144448,0.015235870688583847,0.9847641293114162,0.9945915113014681,0.005408488698532063,0.9905396459245466,0.009460354075453441,0.9964814495211223,0.0035185504788777,0.0035180863847698463,0.9964819136152302,0.0025195182158821786,0.9974804817841177
0.9963031484819869,0.0036968515180131134,0.005499180916187575,0.9945008190838124,0.002540683922689264,0.9974593160773109,0.9947130056496314,0.00528699435036858,0.015542691308130876,0.9844573086918691,0.9939653688552038,0.006034631144796311,0.988236001734676,0.01176399826532408,0.9959570815962244,0.0040429184037754995,0.003935268492906588,0.9960647315070935,0.002934925158882513,0.9970650748411175
0.9960607974040608,0.003939202595939102,0.006725038490428037,0.9932749615095718,0.0035082176815306146,0.9964917823184692,0.9934882727846901,0.006511727215309768,0.018926652440800797,0.9810733475591992,0.992316953452467,0.007683046547533031,0.9866975215037568,0.013302478496243195,0.9951262833877725,0.004873716612227597,0.004665921174366805,0.9953340788256332,0.002766808365583117,0.9972331916344169
0.9946561209913789,0.005343879008620951,0.008654502882809003,0.9913454971171911,0.003675899393546672,0.9963241006064535,0.9922109912386345,0.007789008761365353,0.021384206610658332,0.9786157933893417,0.9893941745311027,0.010605825468897413,0.9809598667446162,0.01904013325538382,0.9942192419967283,0.005780758003271628,0.005851828782995307,0.9941481712170047,0.004025001090318493,0.9959749989096814
0.9951805330481023,0.004819466951897824,0.008954332359585015,0.991045667640415,0.00478196210587465,0.9952180378941253,0.9919338502989508,0.008066149701049258,0.022371384196275098,0.9776286158037248,0.9896957307221754,0.010304269277824546,0.9813814541532656,0.018618545846734308,0.9934666673220319,0.0065333326779680725,0.0065923684623668015,0.9934076315376331,0.0030770426588010817,0.996922957341199
0.9958362424783047,0.004163757521695337,0.008623104099712536,0.9913768959002875,0.003970794521823825,0.9960292054781762,0.9924971233216618,0.00750287667833818,0.021800484014806314,0.9781995159851936,0.990802936278027,0.00919706372197305,0.9834742265757009,0.01652577342429911,0.9950871012525966,0.00491289874740345,0.005652597940341335,0.9943474020596588,0.0029907859109376054,0.9970092140890624
0.9969025313921132,0.0030974686078868528,0.007005959962835502,0.9929940400371645,0.002788274241349145,0.9972117257586508,0.9943534751590316,0.005646524840968347,0.01689594437787022,0.9831040556221298,0.9937105717973973,0.006289428202602693,0.9852670605359066,0.014732939464093351,0.9956927855353757,0.004307214464624243,0.004717540544804848,0.9952824594551952,0.0026435941956874367,0.9973564058043125
0.9954452384502869,0.004554761549713138,0.010668807375633218,0.9893311926243668,0.003399931018242645,0.9966000689817573,0.9925640913507691,0.007435908649230945,0.020321609271495653,0.9796783907285044,0.9903884967240841,0.009611503275915798,0.9778022991574165,0.02219770084258351,0.9946951865271779,0.0053048134728221705,0.006524314519127345,0.9934756854808727,0.004515511557847975,0.995484488442152
0.9951829625511814,0.004817037448818551,0.013051783184388127,0.9869482168156118,0.0033820824082362424,0.9966179175917638,0.9914899081712376,0.008510091828762474,0.02127583857438127,0.9787241614256187,0.9911132421050313,0.008886757894968726,0.979998791453241,0.020001208546759037,0.9957404223963271,0.0042595776036728865,0.005662632947247665,0.9943373670527524,0.0043160073080764395,0.9956839926919235
0.9958272547958306,0.004172745204169505,0.01230514535348207,0.987694854646518,0.003240526540079169,0.9967594734599209,0.9918923817847003,0.008107618215299813,0.020582908649665395,0.9794170913503345,0.9916199542950115,0.00838004570498853,0.9820076927232996,0.0179923072767004,0.9956232014637972,0.004376798536202669,0.004951417088629964,0.9950485829113701,0.004619334459802008,0.9953806655401979
0.9910915053562338,0.008908494643766232,0.020826559122179664,0.9791734408778203,0.005003209568806457,0.9949967904311935,0.9873688915434918,0.01263110845650816,0.025838214716161594,0.9741617852838385,0.9879843696039105,0.012015630396089563,0.9713341212564242,0.028665878743575797,0.9929395321071721,0.007060467892827882,0.008927089294937825,0.9910729107050621,0.008132220610079108,0.991867779389921
0.9922050241442577,0.00779497585574227,0.0214315637749673,0.9785684362250328,0.005103308091598214,0.9948966919084018,0.9856305676302187,0.014369432369781228,0.024673860289364004,0.975326139710636,0.9902764054471832,0.00972359455281675,0.9772194703891164,0.022780529610883588,0.9932368543553716,0.006763145644628457,0.008482588983275622,0.9915174110167244,0.00647866733916671,0.9935213326608333
0.9933023857520068,0.006697614247993102,0.020584264978752934,0.9794157350212471,0.004759715472265359,0.9952402845277346,0.986413567281973,0.013586432718027093,0.02387806553242008,0.97612193446758,0.991183443217521,0.008816556782478911,0.9802345512934046,0.019765448706595336,0.9946218518949904,0.005378148105009529,0.007633620465918104,0.992366379534082,0.006474906091024947,0.993525093908975
0.9952811505827914,0.004718849417208561,0.01136894626642987,0.9886310537335702,0.0035053522991277176,0.9964946477008724,0.9916076721724961,0.008392327827503822,0.017821347958705012,0.982178652041295,0.9934897645375693,0.006510235462430797,0.9871326785456939,0.012867321454306252,0.9959066483755329,0.00409335162446722,0.005234281496890731,0.9947657185031092,0.004641730938845619,0.9953582690611543
0.9959562321990403,0.004043767800959763,0.008151212446263802,0.9918487875537362,0.0028384657450185335,0.9971615342549816,0.99373861960397,0.006261380396029952,0.015118289659282459,0.9848817103407177,0.9946667621701314,0.005333237829868568,0.9894587704451301,0.010541229554869923,0.996744278665018,0.003255721334981955,0.004090555208396533,0.9959094447916035,0.0035883637541738738,0.9964116362458262
0.9962412698559056,0.0037587301440945046,0.007357138540741321,0.9926428614592586,0.002696061618641852,0.9973039383813581,0.9943075339271764,0.005692466072823635,0.014637013286097143,0.9853629867139028,0.9950936618999836,0.004906338100016427,0.9898071601235622,0.010192839876437742,0.9968373725413638,0.003162627458636092,0.0038144029683993925,0.9961855970316005,0.0031410785510560604,0.996858921448944
0.9963296157132641,0.003670384286735966,0.006381573400314045,0.9936184265996859,0.0020926829727827717,0.9979073170272172,0.9940235732151314,0.005976426784868581,0.014395138641316309,0.9856048613586837,0.9946534255199803,0.00534657448001977,0.990250197933849,0.00974980206615088,0.996867074716587,0.003132925283412984,0.0033949089381524657,0.9966050910618475,0.0033876095976101326,0.9966123904023899
0.9963370524597542,0.0036629475402458187,0.006350026922392008,0.9936499730776079,0.002097547216821995,0.997902452783178,0.9941556598975824,0.005844340102417517,0.01482706201291794,0.9851729379870819,0.995185188394909,0.004814811605091141,0.9904468492032487,0.00955315079675129,0.9970485081507238,0.0029514918492762484,0.0031735837005603083,0.9968264162994397,0.0027615383310964454,0.9972384616689035
0.9958828546158544,0.004117145384145562,0.0067269723252106894,0.9932730276747894,0.002120210460659487,0.9978797895393404,0.9942155352551065,0.0057844647448934815,0.014658914120549524,0.9853410858794505,0.9949415826541738,0.005058417345826362,0.9896997359089447,0.010300264091055432,0.9971514668189215,0.0028485331810786016,0.0032281601682828784,0.9967718398317171,0.0030605682705776914,0.9969394317294222
0.9898408756652609,0.010159124334738985,0.015444387536625014,0.9845556124633751,0.004151255962150353,0.9958487440378496,0.9898227752813196,0.010177224718680567,0.019827146676708554,0.9801728533232915,0.989067917974371,0.010932082025629014,0.9764212326620718,0.0235787673379283,0.9944080002685826,0.005591999731417318,0.0071916263593200785,0.99280837364068,0.009115499105296333,0.9908845008947038
0.9913444215698718,0.008655578430128283,0.015077013342392405,0.9849229866576076,0.004037172977135891,0.9959628270228641,0.9896696812762109,0.010330318723789202,0.018395588349847395,0.9816044116501526,0.9908123609849777,0.009187639015022266,0.9810029742358073,0.01899702576419261,0.9954898808605539,0.004510119139446039,0.005942196555536052,0.9940578034444639,0.00586809600856707,0.9941319039914329
0.9918525712462904,0.008147428753709655,0.017255888304850392,0.9827441116951496,0.0039266906646418095,0.9960733093353581,0.9884999285144238,0.011500071485576224,0.01981107671244934,0.9801889232875506,0.9908739672646772,0.00912603273532269,0.9817775474951339,0.018222452504866114,0.9961697484265669,0.003830251573433062,0.006067318718770387,0.9939326812812297,0.006544623152222308,0.9934553768477777
0.9876582180288723,0.012341781971127645,0.02137193941913414,0.9786280605808659,0.005717759358137668,0.9942822406418624,0.9878677066369652,0.012132293363034851,0.0210366877700737,0.9789633122299263,0.9892583859222186,0.010741614077781545,0.9760683789062989,0.02393162109370093,0.9946153599094235,0.0053846400905766196,0.0091826195839525,0.9908173804160474,0.010251267767948354,0.9897487322320517
0.9870973556150647,0.012902644384935153,0.02365444444215592,0.9763455555578442,0.006301575831991831,0.9936984241680081,0.986713120652153,0.013286879347846964,0.021803397812842632,0.9781966021871574,0.9897027732759327,0.010297226724067313,0.9779601933250983,0.02203980667490167,0.9947499624584724,0.005250037541527608,0.008691620365534659,0.9913083796344653,0.009430928988164276,0.9905690710118358
0.9924387127242515,0.007561287275748417,0.02108647623781017,0.9789135237621899,0.005967311641378088,0.994032688358622,0.9887209206350086,0.011279079364991446,0.019372255943399152,0.9806277440566009,0.991822964925716,0.008177035074283934,0.9767018775159193,0.023298122484080565,0.9932715927455952,0.0067284072544047955,0.008413122207490898,0.9915868777925091,0.007017826442511944,0.992982173557488
0.9960705631740633,0.003929436825936659,0.010215022106755818,0.9897849778932442,0.0033669569772112394,0.9966330430227889,0.9915734824343134,0.008426517565686652,0.015571461959504785,0.9844285380404951,0.9928574349481696,0.007142565051830364,0.986636316517455,0.013363683482544948,0.9956727911244264,0.004327208875573635,0.005858827817063558,0.9941411721829365,0.0037977511434470084,0.996202248856553
0.9960930121171337,0.003906987882866361,0.00698870374484778,0.9930112962551523,0.002602162964161161,0.9973978370358387,0.9938184202241652,0.006181579775834729,0.013302983644848814,0.9866970163551512,0.9949264249606734,0.005073575039326513,0.9895273713752691,0.010472628624730841,0.9963284589547848,0.0036715410452151454,0.004361320187054076,0.9956386798129458,0.003415801234894653,0.9965841987651053
0.9964034783026161,0.0035965216973838175,0.006485877503560057,0.99351412249644,0.003618604689311874,0.9963813953106881,0.9950279145276133,0.004972085472386782,0.01423429064527083,0.9857657093547292,0.9939446393133224,0.006055360686677459,0.987406629547179,0.012593370452821181,0.9956426008864716,0.004357399113528451,0.004915417199658045,0.995084582800342,0.002609862600727774,0.9973901373992722
0.9932330159281878,0.006766984071812195,0.0090535007927912,0.9909464992072087,0.0037519031162910653,0.996248096883709,0.9919520179713857,0.00804798202861443,0.01773832922851601,0.982261670771484,0.9878056689928345,0.012194331007165455,0.9778775108458502,0.022122489154149876,0.9937658997983032,0.0062341002016969025,0.007773783960052918,0.9922262160399471,0.005018856175949969,0.99498114382405
0.9927424708671223,0.007257529132877766,0.011940918485844693,0.9880590815141553,0.007421671807012952,0.9925783281929871,0.989605801140117,0.010394198859882976,0.024541389768181963,0.9754586102318179,0.9850087009868843,0.014991299013115637,0.9763303836671184,0.02366961633288151,0.9910168031929578,0.008983196807042274,0.00931305046585579,0.9906869495341443,0.004398739975406633,0.9956012600245935
0.8559139223248994,0.14408607767510065,0.205516741959886,0.794483258040114,0.12195522067087214,0.8780447793291278,0.8952706968628811,0.10472930313711896,0.15668909052862434,0.8433109094713757,0.7672021535881876,0.2327978464118125,0.7339805018889569,0.26601949811104303,0.8895370356198531,0.11046296438014691,0.1344113077975679,0.8655886922024322,0.13529124003235457,0.8647087599676454
0.8811096197616625,0.11889038023833756,0.21840664053886585,0.7815933594611342,0.12800262909321594,0.8719973709067841,0.8850828349453966,0.11491716505460346,0.13198376712202498,0.8680162328779749,0.800430929449013,0.19956907055098702,0.7774688535226206,0.2225311464773793,0.9144252753093922,0.08557472469060777,0.13590746173629817,0.8640925382637019,0.07417493804483187,0.9258250619551681
0.9376602503744131,0.06233974962558693,0.1421016759730658,0.8578983240269341,0.053828889462325696,0.9461711105376743,0.9417812878033835,0.05821871219661658,0.08322961909768949,0.9167703809023104,0.897780166469902,0.10221983353009809,0.8819700519921772,0.11802994800782289,0.9770941519462387,0.022905848053761363,0.058238386918435234,0.9417616130815648,0.05373330623981564,0.9462666937601842
0.9779941681200468,0.02200583187995325,0.04330201972172907,0.9566979802782709,0.026208397289819912,0.97379160271018,0.9842331851439099,0.015766814856090126,0.03339123968526774,0.9666087603147323,0.9745454804554947,0.025454519544505172,0.9513851516111063,0.048614848388893725,0.9836684892002441,0.016331510799755946,0.024119577382409538,0.9758804226175904,0.015230975244012965,0.984769024755987
0.97501709944105,0.0249829005589501,0.046556882982432914,0.9534431170175671,0.026765132314614207,0.9732348676853858,0.9790254365496467,0.020974563450353246,0.034711842360497146,0.9652881576395027,0.9618957366017707,0.03810426339822931,0.9465829942683289,0.053417005731671026,0.9853868982360459,0.01461310176395417,0.03347497125900839,0.9665250287409917,0.017471432413692378,0.9825285675863076
0.939821489748164,0.06017851025183588,0.10428766632290674,0.8957123336770932,0.04380452416396061,0.9561954758360394,0.9516265636118271,0.04837343638817303,0.05799746361275169,0.9420025363872483,0.9449471150550923,0.0550528849449076,0.9103115013457418,0.08968849865425824,0.9699460634280788,0.030053936571921305,0.05581623038509346,0.9441837696149065,0.04927606785487712,0.950723932145123
0.9800451292819776,0.01995487071802239,0.04657409329541053,0.9534259067045895,0.013515364731732994,0.986484635268267,0.9725497812082706,0.027450218791729368,0.04114544412173398,0.9588545558782661,0.9692179531653984,0.030782046834601604,0.9630059844740825,0.03699401552591747,0.9899420160450948,0.010057983954905236,0.01722773360626984,0.9827722663937303,0.022374611331016262,0.9776253886689837
0.9844280113315023,0.015571988668497669,0.030256039436128555,0.9697439605638716,0.009173346943344757,0.9908266530566552,0.9833915959442633,0.016608404055736804,0.030011344074737205,0.9699886559252628,0.9855907805356254,0.014409219464374673,0.9767027888799803,0.02329721112001963,0.9939456906121958,0.006054309387804145,0.009070153024267372,0.9909298469757327,0.013229595599386811,0.9867704044006133
0.9775367357828004,0.022463264217199595,0.03178016220469542,0.9682198377953046,0.011907810852680683,0.9880921891473193,0.9815162212221717,0.018483778777828277,0.030272858999819827,0.9697271410001803,0.9808930642717774,0.01910693572822276,0.9742340883960223,0.025765911603977815,0.9932508316951151,0.0067491683048848915,0.013427618508249584,0.9865723814917504,0.015964246238253894,0.9840357537617461
0.9745113372140712,0.025488662785928744,0.03757807423530125,0.9624219257646988,0.01320820842826679,0.9867917915717331,0.9761906300831446,0.02380936991685533,0.0347219116289809,0.965278088371019,0.9821150226162038,0.017884977383796116,0.9754303887724297,0.024569611227570322,0.991213557626917,0.00878644237308308,0.014042368965802009,0.9859576310341981,0.018599925160226058,0.9814000748397739
0.9758284066366822,0.024171593363317614,0.03642559760240222,0.9635744023975977,0.01288695765247404,0.987113042347526,0.9780237571474714,0.021976242852528718,0.0331960124767376,0.9668039875232625,0.983618419707188,0.016381580292811938,0.9758895131851467,0.0241104868148534,0.9912585138615767,0.008741486138423352,0.013363975979646111,0.9866360240203539,0.018447105401135037,0.981552894598865
0.9856670786345032,0.014332921365496758,0.02226654335821442,0.9777334566417855,0.013260064866068814,0.9867399351339311,0.984778375117431,0.015221624882569005,0.02392801219662267,0.9760719878033772,0.9857651579063492,0.014234842093650774,0.980962185775534,0.019037814224466095,0.9890726875278798,0.010927312472120266,0.01178925428255472,0.9882107457174453,0.012564497087741572,0.9874355029122585
0.9916416626215329,0.008358337378467116,0.01182651467329588,0.9881734853267041,0.008798485775352818,0.9912015142246472,0.9876912986661727,0.012308701333827405,0.022200668159954605,0.9777993318400455,0.9867952687421411,0.013204731257858952,0.9875924710570441,0.01240752894295595,0.9925900212766702,0.007409978723329695,0.00933467351111936,0.9906653264888806,0.005963318023870813,0.9940366819761292
0.9810824293840461,0.018917570615953897,0.01845428979597547,0.9815457102040245,0.012215592893193312,0.9877844071068067,0.9852111235955338,0.01478887640446627,0.0249663434795176,0.9750336565204824,0.9801003877674159,0.019899612232584084,0.9719069368883938,0.028093063111606306,0.9869549151700772,0.013045084829922827,0.015069026200546835,0.984930973799453,0.015241392300274707,0.9847586076997253
0.992807997895003,0.007192002104996962,0.01093454105049551,0.9890654589495044,0.0049483703012471025,0.9950516296987528,0.9915450976131067,0.00845490238689328,0.017570819979566908,0.9824291800204331,0.9878539114618672,0.012146088538132925,0.9810251919685642,0.018974808031435853,0.996172067114557,0.00382793288544299,0.007805232258623739,0.9921947677413763,0.004341026459837095,0.9956589735401628
0.9934495184440029,0.006550481555997086,0.010867345046964755,0.9891326549530353,0.004475147482958139,0.9955248525170418,0.9929966603456983,0.007003339654301695,0.019717579714417642,0.9802824202855823,0.989045277711439,0.010954722288560998,0.9830144628979028,0.0169855371020971,0.9964733770957392,0.0035266229042608915,0.004984521254140287,0.9950154787458597,0.005302693559247448,0.9946973064407526
0.9936675376263207,0.006332462373679322,0.009118122287981725,0.9908818777120182,0.00439199108265441,0.9956080089173455,0.9942281106707656,0.005771889329234323,0.018474460327858693,0.9815255396721413,0.990383085780625,0.00961691421937499,0.9842205220062619,0.015779477993738217,0.9965011315176435,0.0034988684823564625,0.0049344282071400675,0.9950655717928599,0.004571324931062757,0.9954286750689372
0.9896807825293497,0.010319217470650344,0.014043066014420522,0.9859569339855795,0.00493612167298817,0.9950638783270119,0.991951749907483,0.008048250092516949,0.019570491735568532,0.9804295082644315,0.990253873895016,0.009746126104983993,0.9792954926351868,0.02070450736481316,0.995371011781164,0.004628988218835883,0.006136220734242597,0.9938637792657573,0.007432509072356716,0.9925674909276432
0.99044754190129,0.009552458098710042,0.014249393318189715,0.9857506066818102,0.004294865726315521,0.9957051342736845,0.989849700532768,0.010150299467232103,0.018804190529642155,0.9811958094703578,0.9927282311263,0.007271768873699854,0.985810547268857,0.014189452731143092,0.9959661955070613,0.004033804492938707,0.005373087441648801,0.9946269125583512,0.006245747772562773,0.9937542522274372
0.9935733643962611,0.006426635603738801,0.012794067335202412,0.9872059326647975,0.00328212410926594,0.9967178758907341,0.9900976259020935,0.009902374097906466,0.018512376913653865,0.9814876230863462,0.993010776487539,0.006989223512460997,0.9875006446760831,0.012499355323916848,0.9965532183636923,0.0034467816363076974,0.004762885539774594,0.9952371144602254,0.005677012114007714,0.9943229878859922
0.995599570429581,0.004400429570418925,0.008017767570225258,0.9919822324297747,0.0026211245014151124,0.9973788754985848,0.9936938242931137,0.006306175706886396,0.014495830947013658,0.9855041690529863,0.9954994740189448,0.004500525981055109,0.9899229451584702,0.01007705484152981,0.9967233947676697,0.003276605232330356,0.003719897650083267,0.9962801023499167,0.003608938583365083,0.996391061416635
0.9937079689344156,0.0062920310655843375,0.009874695038562026,0.9901253049614379,0.0027429199750250745,0.9972570800249748,0.991789808333565,0.008210191666434878,0.01581435955889741,0.9841856404411027,0.9942645916947306,0.0057354083052693705,0.9870252563071256,0.012974743692874461,0.9960503340831259,0.0039496659168739515,0.005016339866161547,0.9949836601338384,0.004680858752924679,0.9953191412470753
0.9955521529367909,0.004447847063209077,0.00877797987642332,0.9912220201235767,0.0025327310591857165,0.9974672689408143,0.9923518282185376,0.007648171781462425,0.014975879502704539,0.9850241204972956,0.9950141380637268,0.004985861936273146,0.9889888124367424,0.01101118756325759,0.9964992326431014,0.0035007673568986744,0.0044543565014190005,0.9955456434985811,0.0032532413913543487,0.9967467586086456
0.9969599558441735,0.0030400441558265613,0.007291694588583648,0.9927083054114163,0.0023436869334566806,0.9976563130665435,0.9934977907830622,0.006502209216937714,0.015207053865902598,0.9847929461340973,0.9946998991633879,0.005300100836612114,0.9894370105015903,0.010562989498409782,0.9966744483981239,0.003325551601876023,0.0038094655449585294,0.9961905344550416,0.0028651556361955753,0.9971348443638045
0.9966621947095348,0.00333780529046533,0.005750370207338743,0.9942496297926613,0.0021154060207419223,0.9978845939792582,0.9945374607011133,0.005462539298886638,0.014213884518834543,0.9857861154811655,0.9951355815797273,0.00486441842027281,0.9898430773962948,0.010156922603705156,0.9966999727546613,0.003300027245338742,0.003678004233610964,0.9963219957663889,0.002552217282149815,0.9974477827178503
0.9968478785994022,0.003152121400597883,0.005377050759543868,0.994622949240456,0.0022455326653670815,0.997754467334633,0.9950360666539878,0.004963933346012125,0.01347876863133096,0.9865212313686691,0.9951425961858581,0.004857403814142017,0.9900441967255018,0.009955803274498085,0.9968958116480596,0.0031041883519403873,0.0035119075967309002,0.9964880924032692,0.00218356271240795,0.9978164372875922
0.9966300864213262,0.0033699135786737274,0.00592645218549125,0.9940735478145087,0.0023619946726901172,0.9976380053273098,0.9951559826174875,0.004844017382512493,0.013973035853357262,0.9860269641466428,0.9949792921931422,0.005020707806857897,0.9893009378031612,0.010699062196838655,0.9971034493410174,0.0028965506589828044,0.0034553890881807415,0.9965446109118193,0.002366029606364624,0.9976339703936353
0.9971091485327942,0.0028908514672058134,0.00523668122545377,0.9947633187745463,0.00220100804962524,0.9977989919503747,0.9952738963649961,0.004726103635003872,0.014086741814078303,0.9859132581859217,0.9948835374415126,0.00511646255848739,0.990312141467819,0.009687858532180984,0.9969929723390648,0.003007027660935064,0.0032092177086782588,0.9967907822913218,0.00239851085541701,0.997601489144583
0.9966564074286236,0.0033435925713763905,0.005696216278778005,0.9943037837212221,0.002136633378867722,0.9978633666211323,0.9951940659799108,0.0048059340200891625,0.014548472626473604,0.9854515273735263,0.9947407229617085,0.005259277038291606,0.9883506468827196,0.011649353117280338,0.996743839679553,0.003256160320447003,0.0034161684228265227,0.9965838315771736,0.0026550304456413485,0.9973449695543587
0.9967872884510955,0.003212711548904467,0.005971903056216894,0.994028096943783,0.002088063749393005,0.997911936250607,0.9948396043598109,0.005160395640189245,0.014762984030229064,0.9852370159697709,0.9949590824003138,0.005040917599686115,0.9891078738396084,0.010892126160391643,0.9970187598560237,0.0029812401439762953,0.0032811100078179185,0.9967188899921821,0.0023520350582026234,0.9976479649417974
0.9953798793318057,0.004620120668194279,0.008585549098321946,0.991414450901678,0.002431908652654059,0.9975680913473458,0.9932471935048529,0.006752806495147098,0.01712966270951728,0.9828703372904827,0.9925544960418892,0.007445503958110889,0.9844376843654524,0.015562315634547463,0.9960538215987317,0.003946178401268212,0.0042056609361659225,0.9957943390638342,0.004306774978744503,0.9956932250212556
0.9958206534097528,0.0041793465902472265,0.009759679235498317,0.9902403207645017,0.0036985865232805446,0.9963014134767195,0.992510662386789,0.007489337613210976,0.018600085316147374,0.9813999146838527,0.9922742334268135,0.0077257665731864525,0.9814955790415019,0.018504420958498094,0.99404509014423,0.0059549098557699996,0.005608000328814109,0.9943919996711859,0.0031674127380188883,0.996832587261981
0.9949011027268148,0.0050988972731853014,0.0119715103823593,0.9880284896176407,0.003505211019244108,0.9964947889807559,0.9899011963345421,0.010098803665457935,0.02057365832433392,0.9794263416756661,0.9900210561583704,0.009978943841629522,0.9784633045970987,0.021536695402901335,0.994097026075094,0.005902973924906117,0.0072345355975306745,0.9927654644024693,0.0037975814018078122,0.9962024185981923
0.9966360431061609,0.003363956893839136,0.008623275216033273,0.9913767247839668,0.0033058754363055015,0.9966941245636946,0.9924976562948594,0.007502343705140642,0.01714097083570591,0.9828590291642941,0.9932438393092848,0.00675616069071527,0.9847793011921728,0.01522069880782716,0.9948013266851595,0.005198673314840449,0.00578378303032085,0.9942162169696791,0.002591011169814954,0.9974089888301851
0.9969022170795098,0.003097782920490382,0.008531308580627723,0.9914686914193723,0.003418620928730423,0.9965813790712694,0.9934082971841454,0.006591702815854761,0.018013614412803067,0.9819863855871969,0.9927611743356357,0.007238825664364202,0.9846851858060045,0.015314814193995479,0.9957615499735406,0.0042384500264594635,0.005510139467775037,0.9944898605322249,0.002750189121453472,0.9972498108785466
0.996860491045976,0.0031395089540240976,0.007284770544158239,0.9927152294558418,0.0033110857018054146,0.9966889142981946,0.9944036802245483,0.005596319775451743,0.01704823018725018,0.9829517698127497,0.9933513644500621,0.006648635549937775,0.9857233586980627,0.014276641301937218,0.9955340475708656,0.004465952429134405,0.004953796138197653,0.9950462038618022,0.002818214533516857,0.9971817854664832
0.9968820243504818,0.0031179756495182116,0.007088327751501225,0.9929116722484987,0.002901025476607264,0.9970989745233928,0.9941451046642328,0.005854895335767313,0.017708028364848274,0.9822919716351517,0.9925188204330266,0.007481179566973335,0.9846599205312209,0.015340079468779228,0.9955034981342968,0.004496501865703268,0.0048949012178804915,0.9951050987821195,0.0030825595155346023,0.9969174404844653
0.99689057316891,0.003109426831089965,0.006591213902968076,0.9934087860970319,0.0026067869062080073,0.9973932130937919,0.9945257188660193,0.005474281133980755,0.01682146520531946,0.9831785347946805,0.9940613348676368,0.005938665132363244,0.9869856060009049,0.013014393999095106,0.9962300689916729,0.003769931008327012,0.004003356182267206,0.9959966438177327,0.002358408972734469,0.9976415910272656
0.9852482373427686,0.014751762657231377,0.030674858720796935,0.9693251412792031,0.0103319243887177,0.9896680756112823,0.9808077546042648,0.01919224539573507,0.04020507342255218,0.9597949265774478,0.9694487829094206,0.03055121709057933,0.9463496344416045,0.0536503655583955,0.9843321024012112,0.01566789759878875,0.016773913430457577,0.9832260865695424,0.01797433571247043,0.9820256642875296
0.987562918590861,0.012437081409139078,0.033288150683742544,0.9667118493162574,0.009486586947410575,0.9905134130525893,0.9791959308016935,0.020804069198306546,0.035939611999465826,0.9640603880005343,0.9746388178958934,0.025361182104106754,0.9568623331184459,0.04313766688155412,0.9897733047108594,0.01022669528914063,0.014527384707241119,0.9854726152927589,0.009885496812669347,0.9901145031873305
0.988708087107602,0.011291912892397876,0.03864545463300333,0.9613545453669966,0.015688346070040566,0.9843116539299593,0.979003485207588,0.020996514792412106,0.04107265435315014,0.9589273456468499,0.9748862813849182,0.025113718615081833,0.9503317503664145,0.04966824963358561,0.9827387565272179,0.017261243472782243,0.016696392192873003,0.9833036078071271,0.011840655700026174,0.9881593442999738
0.9689752927134715,0.031024707286528362,0.05668043109753129,0.9433195689024687,0.02927589172485679,0.9707241082751433,0.9660249214745137,0.03397507852548633,0.0463159834580538,0.9536840165419461,0.9491670002916379,0.05083299970836204,0.9104015659831214,0.08959843401687867,0.9673442294023428,0.03265577059765717,0.04711333503074275,0.9528866649692572,0.019928561255866787,0.9800714387441333
0.5722917867668096,0.42770821323319047,0.5859251460299532,0.4140748539700469,0.3862027015608639,0.6137972984391361,0.6402574445641548,0.35974255543584527,0.3696034089036212,0.6303965910963788,0.48416236128124973,0.5158376387187503,0.4349622991458665,0.5650377008541335,0.6744385941112933,0.3255614058887068,0.47650976046264065,0.5234902395373593,0.44209290900015735,0.5579070909998426
0.648144081875027,0.3518559181249729,0.56976390931141,0.43023609068859,0.3411637298159148,0.6588362701840852,0.7346124894621316,0.26538751053786847,0.287940812688473,0.7120591873115271,0.5887913138699927,0.41120868613000733,0.5210243978195737,0.47897560218042623,0.7704543036716378,0.22954569632836216,0.32833791481153696,0.671662085188463,0.2834499353020643,0.7165500646979358
0.8854951040253709,0.11450489597462907,0.3133789874627588,0.6866210125372412,0.12980420378257493,0.8701957962174249,0.8555838589597017,0.1444161410402983,0.17303332263081617,0.826966677369184,0.7978646386166942,0.2021353613833058,0.7566380462706633,0.24336195372933653,0.9255031563909454,0.07449684360905459,0.153250396382316,0.8467496036176839,0.12474552177845431,0.8752544782215457
0.7422592085576065,0.25774079144239354,0.3216821360705996,0.6783178639294005,0.2080045243466979,0.7919954756533022,0.8613051842567644,0.1386948157432357,0.16452459478069575,0.8354754052193042,0.7543078089786122,0.24569219102138784,0.6966430863525581,0.30335691364744194,0.8726223027863657,0.12737769721363443,0.23216612309374574,0.7678338769062543,0.2147027705709461,0.785297229429054
0.7496242526453277,0.25037574735467233,0.3783636711051664,0.6216363288948337,0.1841705536205649,0.8158294463794351,0.8074308852516302,0.1925691147483697,0.18693366623583438,0.8130663337641656,0.7980329008967748,0.20196709910322527,0.7520438034065993,0.24795619659340076,0.8913738296609498,0.1086261703390501,0.20335249721868365,0.7966475027813162,0.19867973213306953,0.8013202678669306
