0.236843651,-0.792738985,-0.79279166,-2.648569918,-1.032947007,-2.648283243,-0.932649109,-2.643911817,-0.932523498,-2.655911625,-1.106452095,-2.656058593,-1.046982469,-2.645320206,-1.047154605
0.253612806,-0.436617583,-0.79279166,#VALUE!,#VALUE!,#VALUE!,#VALUE!,#VALUE!,#VALUE!,#VALUE!,#VALUE!,#VALUE!,#VALUE!,#VALUE!,#VALUE!
0.267691582,-0.493752325,-0.436726736,#VALUE!,#VALUE!,#VALUE!,#VALUE!,#VALUE!,#VALUE!,#VALUE!,#VALUE!,#VALUE!,#VALUE!,#VALUE!,#VALUE!
0.265014264,-0.735881596,-0.493852417,#DIV/0!,#DIV/0!,#DIV/0!,#DIV/0!,#DIV/0!,#DIV/0!,#DIV/0!,#DIV/0!,#DIV/0!,#DIV/0!,#DIV/0!,#DIV/0!
0.294438645,-0.167862412,-0.735943288,#DIV/0!,#DIV/0!,#DIV/0!,#DIV/0!,#DIV/0!,#DIV/0!,#DIV/0!,#DIV/0!,#DIV/0!,#DIV/0!,#DIV/0!,#DIV/0!
0.290612039,-0.711474522,-0.168014188,#DIV/0!,#DIV/0!,#DIV/0!,#DIV/0!,#DIV/0!,#DIV/0!,#DIV/0!,#DIV/0!,#DIV/0!,#DIV/0!,#DIV/0!,#DIV/0!
0.271243927,-0.381424312,-0.711540085,#DIV/0!,#DIV/0!,#DIV/0!,#DIV/0!,#DIV/0!,#DIV/0!,#DIV/0!,#DIV/0!,#DIV/0!,#DIV/0!,#DIV/0!,#DIV/0!
0.259176404,-0.536464705,-0.381542219,#DIV/0!,#DIV/0!,#DIV/0!,#DIV/0!,#DIV/0!,#DIV/0!,#DIV/0!,#DIV/0!,#DIV/0!,#DIV/0!,#DIV/0!,#DIV/0!
0.259594327,-0.783863686,-0.536558023,-0.000145044,-0.008885232,0.00733718,0.55181887,-0.007548938,-0.349109551,#DIV/0!,#DIV/0!,#DIV/0!,#DIV/0!,#DIV/0!,#DIV/0!
0.298435033,0.032109186,-0.783917768,0.001446846,0.21403279,0.003344326,-0.513026162,-0.000435521,0.537826702,#DIV/0!,#DIV/0!,#DIV/0!,#DIV/0!,#DIV/0!,#DIV/0!
0.309079005,-0.566696195,0.031925696,0.002745076,0.382016291,-0.003315313,-0.008596656,0.008809698,1.210526652,#DIV/0!,#DIV/0!,#DIV/0!,#DIV/0!,#DIV/0!,#DIV/0!
0.311638783,-0.738377774,-0.566784718,0.002038117,0.424706135,-0.007548938,-0.349109551,0.011691194,-2.269299817,#DIV/0!,#DIV/0!,#DIV/0!,#DIV/0!,#DIV/0!,#DIV/0!
0.314786264,-0.725896884,-0.73843907,0.003682624,0.275739367,-0.000435521,0.537826702,0.007819172,-1.028468962,#DIV/0!,#DIV/0!,#DIV/0!,#DIV/0!,#DIV/0!,#DIV/0!
0.309496928,-0.680410973,-0.72596016,0.005348895,-0.170702293,0.008809698,1.210526652,0.001906218,-0.166686481,#DIV/0!,#DIV/0!,#DIV/0!,#DIV/0!,#DIV/0!,#DIV/0!
0.303985571,-0.67569597,-0.680481462,0.005390812,-0.824883486,0.011691194,-2.269299817,-0.000817628,0.363036681,#DIV/0!,#DIV/0!,#DIV/0!,#DIV/0!,#DIV/0!,#DIV/0!
0.290572859,-0.507897334,-0.675767207,0.002074024,-0.469319889,0.007819172,-1.028468962,-0.003594462,2.474061167,#DIV/0!,#DIV/0!,#DIV/0!,#DIV/0!,#DIV/0!,#DIV/0!
0.297821208,-0.638808005,-0.507995183,-0.001082489,0.160356666,0.001906218,-0.166686481,-0.004047999,0.493478251,0.001638404,-0.114103504,0.001801769,0.083785469,0.00147649,-0.426812777
0.309248787,-0.550055008,-0.638885092,-0.000770741,0.041843108,-0.000817628,0.363036681,-0.000723903,-0.058787954,0.001813081,-0.081553438,0.003666159,0.357054101,-2.15447E-05,0.00526288
0.305174039,-0.706204813,-0.55014617,-0.000678111,-0.214971836,-0.003594462,2.474061167,0.002248623,-0.094731805,0.001339022,-0.037480955,0.003001556,0.369516582,-0.00030497,-0.052273237
0.325717559,-0.356462532,-0.706271211,0.000373604,0.331220001,-0.004047999,0.493478251,0.00481703,0.217685757,0.001115828,0.094382212,0.00202401,0.300635199,0.000216396,0.283756435
0.317620304,-0.620780053,-0.356584397,0.001688093,0.622347079,-0.000723903,-0.058787954,0.004108456,0.483940449,0.001981243,0.041540155,0.003047334,0.111822136,0.000923155,0.433637384
0.272758897,0.159968973,-0.620859999,-0.000236432,0.892770148,0.002248623,-0.094731805,-0.002719185,3.047495308,0.001457527,-0.150403901,0.004051211,-0.265780341,-0.001119652,0.826397341
0.272615236,-0.789688101,0.159765205,-0.00243154,0.829542666,0.00481703,0.217685757,-0.00964108,1.43367261,0.000646145,-0.203804047,0.003692058,-0.646337189,-0.00238235,0.815983891
0.281313256,-0.608021809,-0.78974126,-0.003001311,0.387785647,0.004108456,0.483940449,-0.010070342,-2.275384294,-9.949E-05,-0.059932161,0.00147649,-0.426812777,-0.00166876,0.364753968
0.312187307,-0.137076216,-0.608103779,-0.001182832,0.077529237,-0.002719185,3.047495308,0.000352853,-0.180405982,-0.000339865,0.064816766,-2.15447E-05,0.00526288,-0.000658002,0.084574992
0.3082301,-0.708700991,-0.137232874,-0.000592999,-0.115051504,-0.00964108,1.43367261,0.008534466,0.455582562,-7.28279E-06,-0.000104883,-0.00030497,-0.052273237,0.000290939,0.022721664
0.299845522,-0.614678284,-0.708766993,-0.001999544,-0.26908978,-0.010070342,-2.275384294,0.006183537,-2.909949467,-0.000445068,-0.035068143,0.000216396,0.283756435,-0.001108233,-0.142742669
0.284317076,-0.462966129,-0.614759198,-0.000352372,-0.199919769,0.000352853,-0.180405982,-0.001061604,-0.224403123,-0.000973058,-0.007685743,0.000923155,0.433637384,-0.002873889,-0.26746051
0.265249346,-0.387803434,-0.463071103,0.000237865,0.008797605,0.008534466,0.455582562,-0.008022347,0.656343193,-0.001550305,0.150895648,-0.001119652,0.826397341,-0.001981808,-0.050141803
0.256616627,-0.609408575,-0.387920329,-0.001821021,0.395969956,0.006183537,-2.909949467,-0.009740945,0.323866991,-0.001763818,0.308054872,-0.00238235,0.815983891,-0.001142957,0.245135763
0.214132156,0.109490706,-0.609490324,-0.006967228,1.017991322,-0.001061604,-0.224403123,-0.012855263,0.827064521,-0.002856304,0.700184911,-0.00166876,0.364753968,-0.004050723,1.025357307
0.212578006,-0.759733964,0.109294943,-0.010999165,0.715558882,-0.008022347,0.656343193,-0.013993722,0.624133384,-0.004383069,0.753759995,-0.000658002,0.084574992,-0.008125405,0.957682906
0.231136392,-0.398620205,-0.759791874,-0.009345933,-0.217086084,-0.009740945,0.323866991,-0.008945763,-1.204149802,-0.004151949,0.320875951,0.000290939,0.022721664,-0.008615025,-0.03894657
0.233121526,-0.750581311,-0.398735385,-0.006856266,-0.416980457,-0.012855263,0.827064521,-0.000749006,-0.499134524,-0.00406111,0.002801984,-0.001108233,-0.142742669,-0.007034768,-0.325359003
0.225559734,-0.63215153,-0.750640672,-0.005225483,-0.368151748,-0.013993722,0.624133384,0.00371183,-0.255108384,-0.004510983,-0.077435061,-0.002873889,-0.26746051,-0.006167906,-0.363627005
0.198303328,-0.213903029,-0.632229673,-0.005657069,-0.284811035,-0.008945763,-1.204149802,-0.002311569,0.678226501,-0.0040752,0.069292227,-0.001981808,-0.050141803,-0.006202323,-0.24606315
0.193418855,-0.689008919,-0.214047504,-0.004575211,0.045094575,-0.000749006,-0.499134524,-0.008427716,1.182485531,-0.003768911,0.199471311,-0.001142957,0.245135763,-0.006442628,-0.168192798
0.20147693,-0.621612112,-0.689078045,-0.001846122,0.29355135,0.00371183,-0.255108384,-0.007399888,-3.63597383,-0.003909724,0.124844226,-0.004050723,1.025357307,-0.003765975,-0.110169707
0.189970991,-0.548390889,-0.621691926,-0.003043212,0.068701724,-0.002311569,0.678226501,-0.003774928,-0.623278469,-0.004976453,-0.033737063,-0.008125405,0.957682906,-0.00175655,0.171451603
0.177942649,-0.537296764,-0.548482316,-0.005616412,-0.125064824,-0.008427716,1.182485531,-0.00278552,0.445098203,-0.006231192,-0.125923478,-0.008615025,-0.03894657,-0.003787857,0.210304989
0.157164047,-0.351470176,-0.53738995,-0.007208473,-0.080773413,-0.007399888,-3.63597383,-0.007014888,2.63400059,-0.006749521,-0.113230385,-0.007034768,-0.325359003,-0.006457928,0.143857559
0.117644216,0.046531548,-0.351592833,-0.00871574,0.852921664,-0.003774928,-0.623278469,-0.013698399,3.19441111,-0.007672385,0.042403644,-0.006167906,-0.363627005,-0.009204578,0.550273465
0.125806772,-0.619393287,0.046345771,-0.008697984,1.12549649,-0.00278552,0.445098203,-0.014643763,0.362565969,-0.007616668,0.132325625,-0.006202323,-0.24606315,-0.009055439,0.632142683
0.086077981,0.050969198,-0.619473453,-0.010779164,0.506591182,-0.007014888,2.63400059,-0.014573769,-0.581371397,-0.007740334,0.194398464,-0.006442628,-0.168192798,-0.009061142,0.587135696
0.052030328,-0.069679408,0.050782717,-0.014992673,0.371939167,-0.013698399,3.19441111,-0.016307345,0.524345893,-0.008340857,0.423534313,-0.003765975,-0.110169707,-0.013009019,0.536936518
0.099360091,0.212388712,-0.069846755,-0.012865352,-0.100672333,-0.014643763,0.362565969,-0.01105091,0.164422817,-0.00692778,0.315985048,-0.00175655,0.171451603,-0.012206298,0.005820064
0.111636575,-0.532027055,0.212176631,-0.007425269,-0.4834097,-0.014573769,-0.581371397,-0.000107523,-0.259773658,-0.005881037,-0.004269927,-0.003787857,0.210304989,-0.008022606,-0.394016899
0.119968912,-0.615787696,-0.532121077,-0.002606249,-0.193381904,-0.016307345,0.524345893,0.011410602,-0.380374026,-0.00590357,-0.108052152,-0.006457928,0.143857559,-0.005332391,-0.338909801
0.076060892,0.139722195,-0.615868435,-0.002874355,-0.053397168,-0.01105091,0.164422817,0.005465529,-0.334011615,-0.006684,-0.107099628,-0.009204578,0.550273465,-0.004077709,-0.156739341
0.057646166,-0.40167109,0.139521639,-0.004751721,0.047594561,-0.000107523,-0.259773658,-0.009433616,0.687913272,-0.007406464,-0.024981053,-0.009055439,0.632142683,-0.005700099,0.006038964
0.087854153,-0.151221225,-0.401785785,0.000449231,-0.065516894,0.011410602,-0.380374026,-0.010423172,-0.780898376,-0.006303216,-0.04481375,-0.009061142,0.587135696,-0.003454681,-0.012268377
0.041830398,0.1846534,-0.15137564,-0.001323119,0.074968228,0.005465529,-0.334011615,-0.008053917,-0.370266716,-0.006815422,-0.106890643,-0.013009019,0.536936518,-0.000439328,0.0923661
0.060506326,-0.396124027,0.184445718,-0.006635054,0.15545221,-0.009433616,0.687913272,-0.003833295,0.247455582,-0.007456558,-0.150405796,-0.012206298,0.005820064,-0.002567443,0.11234926
0.053362457,-0.64102683,-0.396239603,-0.007173613,-0.596655271,-0.010423172,-0.780898376,-0.00388044,-0.916973427,-0.006570039,-0.231580649,-0.008022606,-0.394016899,-0.005083147,-0.079771328
0.03036364,-0.304320146,-0.641103565,-0.006866653,-0.265716347,-0.008053917,-0.370266716,-0.005661789,-0.31631359,-0.006528089,-0.186905075,-0.005332391,-0.338909801,-0.007743339,-0.332520558
0.017630053,-0.522319696,-0.30445028,-0.00525726,0.295938794,-0.003833295,0.247455582,-0.006692357,0.375277552,-0.005910005,-0.016435164,-0.004077709,-0.156739341,-0.007767348,-0.1227404
0.048477983,-0.137630922,-0.522415257,-0.004889529,-0.225465876,-0.00388044,-0.916973427,-0.005906838,-0.026424172,-0.004635995,-0.031740409,-0.005700099,0.006038964,-0.00355775,0.116547862
0.071764123,-0.298218377,-0.137787492,-0.000583173,-0.245301219,-0.005661789,-0.31631359,0.004522552,0.574226192,-0.002403635,-0.114582065,-0.003454681,-0.012268377,-0.001335644,-0.232240577
0.086691805,-0.475724372,-0.298349479,0.003474553,0.395250015,-0.006692357,0.375277552,0.013753919,0.207433489,0.000535088,-0.00836923,-0.000439328,0.0923661,0.001526134,0.045112199
0.078503129,-0.618838581,-0.475827323,0.003185563,0.505836541,-0.005906838,-0.026424172,0.012345056,-1.269473349,0.000363762,-0.032008226,-0.002567443,0.11234926,0.00333584,0.319204435
0.103238938,-0.267432181,-0.618918835,0.00607209,0.247617167,0.004522552,0.574226192,0.007622849,-0.245170623,-0.000771176,-0.068356797,-0.005083147,-0.079771328,0.003605065,0.417421722
0.150699302,0.215162243,-0.267568166,0.012737603,0.27231306,0.013753919,0.207433489,0.011734474,1.516914865,0.000588173,0.142324826,-0.007743339,-0.332520558,0.009019265,0.698783944
0.171686866,-0.347032526,0.214949722,0.01582611,0.387546056,0.012345056,-1.269473349,0.019247283,3.005221826,0.003329651,0.521501397,-0.007767348,-0.1227404,0.014525759,0.51729406
0.166802393,-0.689008919,-0.347155886,0.013417177,0.225203939,0.007622849,-0.245170623,0.019119228,-2.040077406,0.005397466,0.564331567,-0.00355775,0.116547862,0.014381316,0.04343292
0.153128479,-0.502350271,-0.689078045,0.009846442,-0.10216412,0.011734474,1.516914865,0.007987089,-0.693579691,0.004593764,0.280897744,-0.001335644,-0.232240577,0.0104767,-0.118519652
0.119407328,-0.076613236,-0.502449,0.006496637,-0.35245314,0.019247283,3.005221826,-0.005966104,0.382463922,0.003752648,0.051674917,0.001526134,0.045112199,0.005937229,-0.184870559
0.120739458,-0.764448967,-0.076779484,0.003514637,-0.36733227,0.019119228,-2.040077406,-0.011680793,0.862868042,0.003609866,-0.033889963,0.00333584,0.319204435,0.003876956,-0.302039957
0.127321743,-0.652953014,-0.764506129,-0.000352256,-0.09317298,0.007987089,-0.693579691,-0.008533979,-2.095297493,0.003509104,-0.031320015,0.003605065,0.417421722,0.003416044,-0.338137935
0.121287981,-0.664601845,-0.653027858,-0.004411172,-0.081528723,-0.005966104,0.382463922,-0.002858788,-0.633097209,0.004302944,-0.110985004,0.009019265,0.698783944,-0.000274006,-0.091449155
0.113373567,-0.624662996,-0.664674842,-0.00620148,-0.426652255,-0.011680793,0.862868042,-0.000659026,0.144411305,0.004863798,-0.258033682,0.014525759,0.51729406,-0.004501244,-0.062406384
0.10796669,-0.677914795,-0.624742327,-0.00589691,-0.567486802,-0.008533979,-2.095297493,-0.003220384,0.719198821,0.004036935,-0.283256252,0.014381316,0.04343292,-0.006003622,-0.394237447
0.140212051,-0.107954138,-0.67798568,-0.001461252,-0.139847937,-0.002858788,-0.633097209,-5.19299E-05,2.812997397,0.003319243,-0.189800985,0.0104767,-0.118519652,-0.003682686,-0.424074377
0.158404755,-0.406386093,-0.108115415,0.003519068,0.842949428,-0.000659026,0.144411305,0.007712928,2.693760094,0.003627384,-0.116427336,0.005937229,-0.184870559,0.001342628,0.134541596
0.17811243,-0.374213131,-0.406500041,0.005338308,2.416115449,-0.003220384,0.719198821,0.0139227,0.251688057,0.004427029,-0.09607401,0.003876956,-0.302039957,0.004976141,1.040622535
0.159567103,-0.398897559,-0.374332181,0.005368612,0.813194531,-5.19299E-05,2.812997397,0.010794251,-0.838802442,0.004022366,-0.120101593,0.003416044,-0.338137935,0.004630582,0.912999856
0.163720211,-0.704540694,-0.399012694,0.005329748,-0.167693484,0.007712928,2.693760094,0.002959317,-0.361069285,0.001785538,-0.034438558,-0.000274006,-0.091449155,0.003850834,0.064952708
0.193000932,-0.170913296,-0.704607356,0.0081167,-0.349617305,0.0139227,0.251688057,0.002403316,0.377988414,0.000881765,0.124530722,-0.004501244,-0.062406384,0.006275575,0.026936287
0.207471511,-0.485431731,-0.171064588,0.009109793,-0.158718711,0.010794251,-0.838802442,0.00745223,1.135574242,0.001589506,0.296711716,-0.006003622,-0.394237447,0.009194663,-0.13584739
0.197911525,-0.589716503,-0.485533143,0.006367289,0.048428915,0.002959317,-0.361069285,0.009736935,-1.116286774,0.002190617,0.302197158,-0.003682686,-0.424074377,0.008051591,-0.276630486
0.185530561,-0.52980823,-0.589801376,0.002784371,-0.049795439,0.002403316,0.377988414,0.003163642,-0.619489582,0.002841595,0.10294992,0.001342628,0.134541596,0.004326882,-0.192925765
0.193366614,-0.626327115,-0.529902604,0.002435999,-0.223974496,0.00745223,1.135574242,-0.002540011,-0.049160375,0.003551305,-0.007061066,0.004976141,1.040622535,0.002150858,-0.095298127
0.186614548,-0.649347424,-0.626406181,0.003342851,-0.574584222,0.009736935,-1.116286774,-0.002978519,-0.917916791,0.003372615,-0.027194122,0.004630582,0.912999856,0.002140613,-0.202872548
0.152932578,-0.077445296,-0.649422839,-0.001012192,0.200332415,0.003163642,-0.619489582,-0.005151455,1.39966199,0.002320947,-0.08819563,0.003850834,0.064952708,0.000821676,-0.035738646
0.161852619,-0.603306806,-0.077611411,-0.005040146,0.676586726,-0.002540011,-0.049160375,-0.007536574,2.108410875,0.00204117,-0.185892346,0.006275575,0.026936287,-0.002117567,0.335098871
0.167324796,-0.676528029,-0.603389524,-0.004476406,-0.314075519,-0.002978519,-0.917916791,-0.005980089,-3.390409741,0.002743035,-0.332634278,0.009194663,-0.13584739,-0.003595151,-0.000809672
0.138161617,-0.173409474,-0.676599134,-0.00459001,0.138374715,-0.005151455,1.39966199,-0.004024716,-0.090017306,0.001456553,-0.215258604,0.008051591,-0.276630486,-0.005040168,0.034927008
0.148466027,-0.573907376,-0.17356037,-0.005447438,0.040492399,-0.007536574,2.108410875,-0.003339617,0.431187801,-0.000304346,0.039804667,0.004326882,-0.192925765,-0.004892349,0.149653862
0.126420596,-0.324566923,-0.573994756,-0.006215829,-0.343567432,-0.005980089,-3.390409741,-0.006453907,-0.615388069,-0.001562144,0.215924443,0.002150858,-0.095298127,-0.005266677,-0.023130638
0.144182318,-0.415538746,-0.324693847,-0.00408917,-0.084599475,-0.004024716,-0.090017306,-0.004154127,-0.199984513,-0.001700273,0.216462074,0.002140613,-0.202872548,-0.005555283,-0.305027757
0.137051509,-0.641304183,-0.415651242,-0.001995289,-0.077594998,-0.003339617,0.431187801,-0.000643352,-0.141478851,-0.00106625,0.108555316,0.000821676,-0.035738646,-0.002967298,-0.268334737
0.147943624,-0.561426485,-0.641380875,-0.002636945,-0.447767406,-0.006453907,-0.615388069,0.001211613,-0.558178928,-0.001820971,0.03120016,-0.002117567,0.335098871,-0.001521062,-0.061590023
0.153376621,-0.677360088,-0.561515845,-0.000248781,-0.27021616,-0.004154127,-0.199984513,0.003679145,-0.053456146,-0.002518248,-0.151252431,-0.003595151,-0.000809672,-0.001425458,-0.381180436
0.145736468,-0.630487412,-0.677431062,0.000746668,0.08247296,-0.000643352,-0.141478851,0.002144407,-0.179041341,-0.002700852,-0.214582721,-0.005040168,0.034927008,-0.00032639,-0.262273849
0.146415593,-0.778316623,-0.630565818,0.001033724,-0.528909603,0.001211613,-0.558178928,0.000856179,-0.738333667,-0.002322797,-0.164469639,-0.004892349,0.149653862,0.000283117,-0.022006535
0.158261094,-0.541179708,-0.778371585,0.002038224,-0.230964248,0.003679145,-0.053456146,0.000401088,0.374256047,-0.00189108,-0.24392633,-0.005266677,-0.023130638,0.001527784,-0.240406875
0.147695482,-0.568360313,-0.541272278,0.001479106,-0.044111284,0.002144407,-0.179041341,0.000816935,0.577946641,-0.001888599,-0.396181151,-0.005555283,-0.305027757,0.001812409,-0.243462372
0.18684963,0.038765661,-0.568448573,0.002960921,1.587168653,0.000856179,-0.738333667,0.005061554,3.124725428,-0.000127745,0.003222563,-0.002967298,-0.268334737,0.002733296,0.898680328
0.173606699,-0.511502924,0.038581115,0.00353078,1.675046398,0.000401088,0.374256047,0.006655976,1.904607626,0.001167424,0.35608971,-0.001521062,-0.061590023,0.003862627,1.346707271
0.196657757,-0.303210733,-0.511600201,0.004245467,1.061974975,0.000816935,0.577946641,0.007671825,-1.336467962,0.001051294,0.454428081,-0.001425458,-0.381180436,0.003528408,0.940678851
0.174795167,-0.328449867,-0.303341044,0.004720773,0.060008346,0.005061554,3.124725428,0.004381905,-0.342438638,0.001686421,0.271675335,-0.00032639,-0.262273849,0.003692777,0.238847205
0.196187593,-0.338434579,-0.328576175,0.003942447,-0.145231549,0.006655976,1.904607626,0.001247485,0.046232781,0.002155874,0.174598316,0.000283117,-0.022006535,0.004018856,-0.145200715
0.183388706,-0.52093293,-0.338559303,0.004364091,-0.380797822,0.007671825,-1.336467962,0.001097178,-0.191403901,0.002673563,0.058397958,0.001527784,-0.240406875,0.003810039,-0.112338584
0.201045947,-0.417757571,-0.521028712,0.002952427,-0.359787369,0.004381905,-0.342438638,0.001531762,-0.259457727,0.002904316,0.000602895,0.001812409,-0.243462372,0.003986178,-0.399530271
0.218559526,-0.420808455,-0.417869715,0.003492564,0.276166005,0.001247485,0.046232781,0.005721926,0.546132737,0.003526137,0.149305178,0.002733296,0.898680328,0.00430962,-0.047563449
0.251849694,-0.085765889,-0.420920115,0.005900786,1.578245141,0.001097178,-0.191403901,0.010705946,1.550000401,0.004718074,0.408117416,0.003862627,1.346707271,0.005563728,0.863650657
0.253599746,-0.755573668,-0.085930685,0.007888818,1.211756148,0.001531762,-0.259457727,0.014219311,0.236722121,0.005186796,0.494894618,0.003528408,0.940678851,0.006822081,1.415440167
0.223861923,-0.161205937,-0.755632237,0.006252219,-0.003295165,0.005721926,0.546132737,0.006780315,-0.51861109,0.00452236,0.138592884,0.003692777,0.238847205,0.005341161,0.100932527
0.210083528,-0.500131446,-0.161358769,0.003182131,-0.28211258,0.010705946,1.550000401,-0.00423927,0.09671183,0.003585987,-0.121582323,0.004018856,-0.145200715,0.003159865,-0.225931417
0.22785831,-0.415261393,-0.500230527,0.003117303,-0.331841467,0.014219311,0.236722121,-0.007800757,-0.372843883,0.003361785,-0.114135006,0.003810039,-0.112338584,0.002920804,-0.230497198
0.211898881,-0.453813476,-0.415373933,0.00117214,-0.09994797,0.006780315,-0.51861109,-0.004354226,-0.746698173,0.003368654,-0.174222078,0.003986178,-0.399530271,0.002761741,-0.289219189
0.19853841,-0.509006746,-0.453919902,-0.003482904,0.056190973,-0.00423927,0.09671183,-0.002727951,0.240728125,0.001907655,-0.16376466,0.00430962,-0.047563449,-0.000457365,0.043798162
0.186457827,-0.536187352,-0.509104419,-0.006984513,-0.194962651,-0.007800757,-0.372843883,-0.006162359,0.315859017,0.000615767,-0.057919439,0.005563728,0.863650657,-0.004251491,0.198144019
0.203435943,-0.432179933,-0.536280714,-0.005079611,-0.271665776,-0.004354226,-0.746698173,-0.005811714,-0.607385705,0.000491756,-0.055004911,0.006822081,1.415440167,-0.005748758,-0.372048684
0.201947093,-0.76112073,-0.43228979,-0.001661979,-0.082821322,-0.002727951,0.240728125,-0.000589881,-0.226433545,0.000849772,-0.093478979,0.005341161,0.100932527,-0.003589402,-0.425902588
0.214968002,-0.516217927,-0.761178419,-0.001228295,-0.243759949,-0.006162359,0.315859017,0.003743328,-0.126656798,0.001149995,-0.109563314,0.003159865,-0.225931417,-0.000850856,-0.050582417
0.194868524,-0.365892538,-0.516314456,-0.001749929,-0.316016849,-0.005811714,-0.607385705,0.002341138,0.090751837,0.000757489,-0.066217319,0.002920804,-0.230497198,-0.001407701,-0.214466098
0.157895412,-0.00755231,-0.366012907,-0.003374668,0.688496501,-0.000589881,-0.226433545,-0.006174637,2.321008396,-0.000792258,0.180814888,0.002761741,-0.289219189,-0.004361988,0.381118075
0.173449978,-0.462411422,-0.00772951,-0.003141667,1.159685744,0.003743328,-0.126656798,-0.010007775,1.174269961,-0.002206832,0.32342318,-0.000457365,0.043798162,-0.00396483,0.7366569
0.168278183,-0.682907151,-0.462516485,-0.00282328,0.241861669,0.002341138,0.090751837,-0.007973579,-2.062523324,-0.003216584,0.027847925,-0.004251491,0.198144019,-0.002172596,0.320685335
0.156902845,-0.55116442,-0.682977244,-0.004712355,0.079673808,-0.006174637,2.321008396,-0.003245925,-0.348845435,-0.004510955,-0.134911646,-0.005748758,-0.372048684,-0.00325822,0.180640984
0.155649076,-0.766113086,-0.551255407,-0.006136661,-0.329466587,-0.010007775,1.174269961,-0.002222452,-0.051909448,-0.00413129,-0.054085896,-0.003589402,-0.425902588,-0.004679863,0.062263951
0.145566687,-0.578622379,-0.766169984,-0.006400243,-0.588428321,-0.007973579,-2.062523324,-0.004805972,-0.284097589,-0.003332097,0.103862833,-0.000850856,-0.050582417,-0.005838061,-0.315016044
0.116116186,-0.167307706,-0.578709011,-0.005381036,0.236575393,-0.003245925,-0.348845435,-0.007533651,1.604717737,-0.004435641,0.215042394,-0.001407701,-0.214466098,-0.007493264,-0.163197212
0.067506534,0.239569318,-0.16745957,-0.008758094,1.837645006,-0.002222452,-0.051909448,-0.015329002,4.772395605,-0.00645683,0.570114975,-0.004361988,0.381118075,-0.008574845,0.93873201
0.058351411,-0.59831445,0.239352926,-0.012835905,2.405856664,-0.004805972,-0.284097589,-0.020905571,1.690345584,-0.007185576,0.732305888,-0.00396483,0.7366569,-0.010454249,1.621129669
0.071542101,-0.512612337,-0.598397959,-0.011640951,0.239903643,-0.007533651,1.604717737,-0.015788255,-1.589968908,-0.006459522,0.436383826,-0.002172596,0.320685335,-0.010820518,0.354392342
0.04361963,-0.19975802,-0.512709438,-0.011841069,-0.144649839,-0.015329002,4.772395605,-0.008289097,-0.433248166,-0.006982089,0.221271016,-0.00325822,0.180640984,-0.010777551,-0.005466343
0.043084167,-0.781367507,-0.199904738,-0.012953593,-0.350016335,-0.020905571,1.690345584,-0.004791288,0.306597547,-0.008127928,0.135323915,-0.004679863,0.062263951,-0.0116587,-0.116247836
0.058664853,-0.461856716,-0.781421986,-0.00970786,-0.636547571,-0.015788255,-1.589968908,-0.003462927,-0.758012409,-0.008061954,-0.026996261,-0.005838061,-0.315016044,-0.010348522,-0.453425428
0.059970862,-0.765003674,-0.461961867,-0.003971668,-0.41384242,-0.008289097,-0.433248166,0.000428702,-0.492727531,-0.007479499,-0.118848916,-0.007493264,-0.163197212,-0.007465296,-0.622339751
0.027725502,-0.107954138,-0.765060747,-0.002346937,0.140904721,-0.004791288,0.306597547,0.000122718,0.57787513,-0.006836161,-0.030647729,-0.008574845,0.93873201,-0.005035754,-0.264709757
0.038264994,-0.56891502,-0.108115415,-0.00394397,0.123962144,-0.003462927,-0.758012409,-0.004428114,0.796667114,-0.006871269,-0.025015515,-0.010454249,1.621129669,-0.003157207,0.168478927
0.060976489,-0.310421914,-0.569003191,-0.000983024,-0.165334286,0.000428702,-0.492727531,-0.002396808,-0.133981775,-0.006301116,-0.162446705,-0.010820518,0.354392342,-0.001621285,-0.166941172
0.0888859,-0.200035373,-0.310551081,0.003907228,0.566679386,0.000122718,0.57787513,0.007697308,0.488349568,-0.004571189,-0.211592308,-0.010777551,-0.005466343,0.0018393,0.336701539
0.087632131,-0.766113086,-0.200182047,0.004635035,0.902086834,-0.004428114,0.796667114,0.013720016,-0.074730761,-0.00355944,-0.260500632,-0.0116587,-0.116247836,0.004765657,0.669057387
0.083792465,-0.711197169,-0.766169984,0.003268939,0.396866392,-0.002396808,-0.133981775,0.008959124,-1.335924271,-0.003405656,-0.345974558,-0.010348522,-0.453425428,0.003699148,0.352291913
0.086378363,-0.737823068,-0.711262776,0.005092767,-0.209526179,0.007697308,0.488349568,0.002501625,-0.544513268,-0.002405524,-0.310036243,-0.007465296,-0.622339751,0.002729492,0.146614033
0.085124594,-0.766113086,-0.737884452,0.006503721,-0.647312142,0.013720016,-0.074730761,-0.000614031,-0.086317955,-0.000319156,-0.097064354,-0.005035754,-0.264709757,0.004428263,-0.230141686
0.066540087,-0.398065499,-0.766169984,0.003226595,-0.458168778,0.008959124,-1.335924271,-0.002412605,3.448340018,0.000680689,0.035097322,-0.003157207,0.168478927,0.004520942,-0.591574247
0.058860754,-0.629655352,-0.398180767,-0.001500168,0.082295991,0.002501625,-0.544513268,-0.005467906,6.236483047,-0.000118594,-0.005595473,-0.001621285,-0.166941172,0.001378483,-0.283599062
0.058756274,-0.79052016,-0.629733891,-0.003601906,0.477948534,-0.000614031,-0.086317955,-0.006583283,-5.138838223,6.47826E-05,-0.039206262,0.0018393,0.336701539,-0.001694064,0.107074726
0.050972461,-0.627436527,-0.790573187,-0.003771533,0.310136744,-0.002412605,3.448340018,-0.005134166,-0.808282279,0.000607378,-0.063743491,0.004765657,0.669057387,-0.003503683,0.258769121
0.069139045,-0.406940799,-0.627515418,-0.003065806,-0.12307207,-0.005467906,6.236483047,-0.000649756,0.344349707,0.000484549,-0.030744229,0.003699148,0.352291913,-0.002692119,0.01529382
0.047289515,-0.32872722,-0.407054659,-0.003378922,-0.472169794,-0.006583283,-5.138838223,-0.000146469,1.606821746,-5.82191E-05,0.026766963,0.002729492,0.146614033,-0.002824029,-0.158629806
0.056405458,-0.599146509,-0.328853484,-0.002948974,-0.288750639,-0.005134166,-0.808282279,-0.000745041,0.411175348,0.000421914,-0.120685351,0.004428263,-0.230141686,-0.003570026,-0.385889492
0.067637134,-0.554215304,-0.599229887,-8.3588E-05,0.022623288,-0.000649756,0.344349707,0.00048479,-0.165168946,0.001530524,-0.267253141,0.004520942,-0.591574247,-0.0014554,-0.346527726
0.061982116,-0.672645085,-0.554305807,0.000740352,0.157328843,-0.000146469,1.606821746,0.001629009,-0.458104396,0.000801168,-0.113421183,0.001378483,-0.283599062,0.000222725,0.024932131
0.096421571,-0.061358815,-0.672716806,0.003004373,1.052857999,-0.000745041,0.411175348,0.006751823,0.754176804,0.000225094,0.051023032,-0.001694064,0.107074726,0.002156743,1.070091469
0.083439843,-0.517049987,-0.061527481,0.003685958,1.054727749,0.00048479,-0.165168946,0.006890103,1.155481501,8.80419E-05,0.03842451,-0.003503683,0.258769121,0.003708305,1.054457136
0.057789827,-0.248017463,-0.517146384,0.00152967,-0.078937692,0.001629009,-0.458104396,0.00143056,0.211920675,-0.000795107,-0.043793638,-0.002692119,0.01529382,0.001116451,0.08953638
0.067597954,-0.584446794,-0.248156527,0.001334218,-0.210325848,0.006751823,0.754176804,-0.004048045,-0.240943062,-0.001179014,-0.085290511,-0.002824029,-0.158629806,0.000472704,-0.115612198
0.061733974,-0.668207436,-0.584532503,0.000325035,-0.045108757,0.006890103,1.155481501,-0.006183386,-0.846546757,-0.001110369,-0.139305456,-0.003570026,-0.385889492,0.001350338,-0.188841985
0.034151065,-0.206969201,-0.66827986,-0.002071665,0.435646104,0.00143056,0.211920675,-0.005551753,0.250131942,-0.001469693,0.085933085,-0.0014554,-0.346527726,-0.001483989,0.300732361
0.049170168,-0.4737829,-0.207114775,-0.004607752,0.103703423,-0.004048045,-0.240943062,-0.005168643,0.685664054,-0.00110927,0.199341898,0.000222725,0.024932131,-0.002437438,0.468360833
0.042679304,-0.654894486,-0.473886159,-0.005403182,-0.595880391,-0.006183386,-0.846546757,-0.004617719,-2.092595765,-0.000679684,0.094150848,0.002156743,1.070091469,-0.003502877,-0.239680858
0.029318832,-0.509006746,-0.654969022,-0.0042575,-0.073721752,-0.005551753,0.250131942,-0.002951385,-0.206483939,-0.00099609,0.179530655,0.003708305,1.054457136,-0.005687077,-0.32676677
0.024303758,-0.686235388,-0.509104419,-0.004426172,0.078650637,-0.005168643,0.685664054,-0.003677838,0.142351095,-0.00175576,0.246813585,0.001116451,0.08953638,-0.004622194,-0.005341662
0.008723072,-0.461856716,-0.686304954,-0.005954659,-0.066157345,-0.004617719,-2.092595765,-0.007301743,0.082074884,-0.002203309,0.338250184,0.000472704,-0.115612198,-0.004886867,0.184068964
-0.025886165,-0.057753224,-0.461961867,-0.007002228,0.882359675,-0.002951385,-0.206483939,-0.011074361,1.599587067,-0.003194659,0.637009183,0.001350338,-0.188841985,-0.007773389,0.623574567
-0.038580572,-0.523151755,-0.057922463,-0.009178635,1.305422069,-0.003677838,0.142351095,-0.014712846,1.446901353,-0.004988807,0.733096939,-0.001483989,0.300732361,-0.008523808,0.994336415
-0.061631629,-0.303210733,-0.523247185,-0.011967734,0.680809547,-0.007301743,0.082074884,-0.016670888,-0.704656539,-0.006088591,0.617239746,-0.002437438,0.468360833,-0.009786702,0.804950664
-0.078479145,-0.434953464,-0.303341044,-0.013266547,0.270284782,-0.011074361,1.599587067,-0.015490228,-0.173371536,-0.007925388,0.384820772,-0.003502877,-0.239680858,-0.012427067,0.345552993
-0.068462056,-0.580009144,-0.435062881,-0.012613677,-0.140225953,-0.014712846,1.446901353,-0.010473974,-0.394033408,-0.008700959,0.143602089,-0.005687077,-0.32676677,-0.011775366,-6.89679E-05
-0.079928815,-0.549222948,-0.580095557,-0.011484902,-0.478680448,-0.016670888,-0.704656539,-0.006173687,-0.760741148,-0.007736466,0.084322465,-0.004622194,-0.005341662,-0.010930166,-0.250477063
-0.057857264,-0.324012217,-0.549314243,-0.007688677,-0.4293914,-0.015490228,-0.173371536,0.000299911,0.128048232,-0.00706301,0.010721308,-0.004886867,0.184068964,-0.00930301,-0.451829987
-0.073947294,-0.451039945,-0.324139229,-0.004317737,-0.402461699,-0.010473974,-0.394033408,0.00196035,0.610230008,-0.007037019,-0.081962215,-0.007773389,0.623574567,-0.006277165,-0.459722035
-0.081195643,-0.638808005,-0.451146811,-0.003542324,-0.29144929,-0.006173687,-0.760741148,-0.000876539,0.145175534,-0.006789817,-0.04413608,-0.008523808,0.994336415,-0.004993452,-0.334611065
-0.080634059,-0.780812801,-0.638885092,-0.001403484,0.011245544,0.000299911,0.128048232,-0.003112958,-0.668794949,-0.006653431,-0.079149059,-0.009786702,0.804950664,-0.003405704,-0.292528367
-0.11871728,0.016022705,-0.780867368,-0.003394519,1.234270052,0.00196035,0.610230008,-0.00875158,0.865697246,-0.007932442,-0.111471246,-0.012427067,0.345552993,-0.003283048,0.673288643
-0.124489839,-0.670148907,0.015841766,-0.006148884,1.929286822,-0.000876539,0.145175534,-0.011411754,1.657310818,-0.008613398,-0.080266735,-0.011775366,-6.89679E-05,-0.005347582,1.702929985
-0.133631902,-0.598591803,-0.670221024,-0.007804923,0.686163285,-0.003112958,-0.668794949,-0.012514895,-3.547808044,-0.008549148,-0.12855159,-0.010930166,-0.250477063,-0.006102003,1.199941393
-0.156447878,-0.308203089,-0.598675268,-0.010299238,0.180996714,-0.00875158,0.865697246,-0.011860818,-0.337647151,-0.008900135,-0.117860558,-0.00930301,-0.451829987,-0.008487863,0.384285224
-0.122165143,-0.064687052,-0.308332608,-0.008057773,-0.061748478,-0.011411754,1.657310818,-0.004654916,0.416764933,-0.007232413,-0.1046986,-0.006277165,-0.459722035,-0.008207782,-0.074631159
-0.12607011,-0.709810403,-0.064855191,-0.005666931,-0.615663982,-0.012514895,-3.547808044,0.001308925,0.306943508,-0.005105842,-0.139125097,-0.004993452,-0.334611065,-0.005220288,-0.308621421
-0.095587862,-0.145396809,-0.70987623,-0.001470945,-0.168869219,-0.011860818,-0.337647151,0.009104211,-0.052533626,-0.003389817,-0.113354041,-0.003405704,-0.292528367,-0.003373609,-0.294349168
-0.119866568,-0.27713954,-0.145552148,0.001835027,0.244941859,-0.004654916,0.416764933,0.008401288,-0.152315705,-0.002108673,-0.05712326,-0.003283048,0.673288643,-0.0009105,-0.163388597
-0.080398978,0.045422135,-0.277273985,0.003837019,0.488352408,0.001308925,0.306943508,0.006374467,0.17692637,-0.001496073,-0.036207023,-0.005347582,1.702929985,0.002434176,0.29824726
-0.143936312,0.556583931,0.045236534,0.004353493,0.154483676,0.009104211,-0.052533626,-0.000352922,0.962716735,-0.002132736,0.003585926,-0.006102003,1.199941393,0.001916836,0.444447792
-0.119644546,-0.276862187,0.556317263,0.000995101,-0.184308541,0.008401288,-0.152315705,-0.006342065,0.754404676,-0.003536787,-0.091222494,-0.008487863,0.384285224,0.001503484,-0.21834531
-0.14503336,-0.253564525,-0.276996676,-0.00108465,0.111693328,0.006374467,0.17692637,-0.008437433,-0.890423242,-0.003737059,-0.1724993,-0.008207782,-0.074631159,0.000788672,-0.096109209
-0.151263022,-0.660441548,-0.253702709,-0.00491951,0.160794927,-0.000352922,0.962716735,-0.009486327,-0.477329629,-0.003977096,-0.071213448,-0.005220288,-0.308621421,-0.002721654,0.223857466
-0.100903318,0.276734635,-0.660515205,-0.002419326,0.115697704,-0.006342065,0.754404676,0.001504684,0.408665817,-0.002549736,-0.120739765,-0.003373609,-0.294349168,-0.001724065,0.105457812
-0.064779111,-0.025580263,0.276512349,0.002281889,0.273626586,-0.008437433,-0.890423242,0.013161916,1.85952805,0.00095221,0.120953814,-0.0009105,-0.163388597,0.002816316,0.309402087
-0.024253654,0.067887738,-0.025754604,0.00896055,0.781633683,-0.009486327,-0.477329629,0.027583546,0.650302873,0.00436895,0.649698155,0.002434176,0.29824726,0.00630302,0.807528075
-0.041597452,-0.424414045,0.067698574,0.013078433,0.697845004,0.001504684,0.408665817,0.024733953,-0.841553226,0.005451644,0.661778733,0.001916836,0.444447792,0.008983233,0.613033813
-0.032155008,-0.592212681,-0.424525134,0.012615343,-0.006208437,0.013161916,1.85952805,0.012075351,-0.682890879,0.006124381,0.217132761,0.001503484,-0.21834531,0.010726399,0.15778326
-0.006766194,-0.253564525,-0.592297158,0.016872562,-0.404473899,0.027583546,0.650302873,0.006474332,-0.060474601,0.006766644,0.200970436,0.000788672,-0.096109209,0.012716213,0.00741177
-0.03242927,-0.24774011,-0.253702709,0.01389051,-0.555746889,0.024733953,-0.841553226,0.003417678,0.297783836,0.005886026,0.162313653,-0.002721654,0.223857466,0.01439874,-0.441615987
-0.032194188,-0.787746629,-0.247879218,0.006543155,-0.441618089,0.012075351,-0.682890879,0.001165608,-0.375956772,0.004406269,0.061078898,-0.001724065,0.105457812,0.010451983,-0.620137987
-0.042968762,-0.563922663,-0.787800096,0.00088969,-0.185652632,0.006474332,-0.060474601,-0.004617105,-0.476529988,0.003923767,0.018927351,0.002816316,0.309402087,0.005006179,-0.3709685
-0.051144378,-0.619115934,-0.564011627,-0.001804962,0.160824391,0.003417678,0.297783836,-0.006988207,-0.355843444,0.002961187,-0.00864208,0.00630302,0.807528075,-0.000279136,-0.11378682
-0.032311729,-0.39279579,-0.619196144,-0.000618439,0.163530195,0.001165608,-0.375956772,-0.002396444,0.223033807,0.003922975,-0.068729158,0.008983233,0.613033813,-0.000963649,0.084063305
-0.023901031,-0.614123578,-0.392911893,-0.001103353,-0.408255519,-0.004617105,-0.476529988,0.002422561,0.722332703,0.005762112,-0.114726991,0.010726399,0.15778326,0.00095893,0.002947456
-0.065419055,0.088966575,-0.61420458,-0.003200339,0.013147545,-0.006988207,-0.355843444,0.000614205,1.315718868,0.004868688,-0.193549631,0.012716213,0.00741177,-0.002759464,0.041217392
-0.041075049,-0.275752774,0.088774068,-0.002673369,0.324846309,-0.002396444,0.223033807,-0.002952247,0.731927653,0.005253447,-0.466640726,0.01439874,-0.441615987,-0.003682895,-0.017856422
-0.042981822,-0.75224543,-0.27588744,-0.000568483,-0.067437235,0.002422561,0.722332703,-0.003559438,-0.602935051,0.004640724,-0.476395371,0.010451983,-0.620137987,-0.001063007,-0.070771014
-0.044078869,-0.769441323,-0.752304527,0.000451732,-0.035347928,0.000614205,1.315718868,0.000289357,-0.881217933,0.002165623,-0.24625254,0.005006179,-0.3709685,-0.000652901,-0.041114055
-0.045228157,-0.768331911,-0.769497693,-0.000374984,-0.088501444,-0.002952247,0.731927653,0.002203591,-0.595099105,-7.53164E-06,-0.093301836,-0.000279136,-0.11378682,0.000263865,-0.030124104
-0.021497975,-0.288788371,-0.768388457,-0.0006738,-0.000632026,-0.003559438,-0.602935051,0.002227459,0.876129525,-2.39914E-05,0.021778766,-0.000963649,0.084063305,0.000919054,0.110912826
-0.021132293,-0.784973098,-0.288920969,0.002990986,-0.126104189,0.000289357,-0.881217933,0.005694868,8.344873713,0.00085282,0.088116924,0.00095893,0.002947456,0.000746194,0.184504248
-0.009861435,-0.553383245,-0.785027004,0.004840618,0.092141099,0.002203591,-0.595099105,0.007478285,-6.023381939,0.000217356,0.008321209,-0.002759464,0.041217392,0.003203289,-0.025588702
-0.010736461,-0.774156326,-0.55347388,0.004067971,0.30380924,0.002227459,0.876129525,0.00589938,-0.563289039,0.000509629,0.075412007,-0.003682895,-0.017856422,0.004714628,0.035764051
0.01437809,-0.259388941,-0.774211948,0.005797917,0.376306134,0.005694868,8.344873713,0.005900437,0.553231405,0.001870102,0.422904144,-0.001063007,-0.070771014,0.00481282,0.418522953
0.035352594,-0.347309879,-0.259526201,0.008869937,0.453060248,0.007478285,-6.023381939,0.010247492,2.540402004,0.003421714,0.767247563,-0.000652901,-0.041114055,0.007484176,0.726141965
0.023023869,-0.530917642,-0.347433196,0.00796456,0.17896757,0.00589938,-0.563289039,0.010011656,-0.592193747,0.00417528,0.511661711,0.000263865,-0.030124104,0.00806672,0.122603918
0.046688751,-0.290175137,-0.53101184,0.007125704,0.045305601,0.005900437,0.553231405,0.008338347,-0.788521056,0.004188534,0.324541285,0.000919054,0.110912826,0.007429237,-0.025933652
0.048739185,-0.749194546,-0.290307515,0.007977919,0.007996188,0.010247492,2.540402004,0.005734402,0.162538193,0.004137886,0.324256721,0.000746194,0.184504248,0.007485044,0.073507685
0.064750855,-0.452704063,-0.749254127,0.008437997,-0.226992459,0.010011656,-0.592193747,0.00688685,-0.184647911,0.005522991,0.176920809,0.003203289,-0.025588702,0.007804536,-0.023945565
0.086508964,-0.330668692,-0.452810665,0.009249962,-0.004693517,0.008338347,-0.788521056,0.010148951,0.394219929,0.00700417,0.168031529,0.004714628,0.035764051,0.00924912,-0.000272539
0.060911188,-0.249126875,-0.330794648,0.006098963,0.126180762,0.005734402,0.162538193,0.006459925,0.273941702,0.006277733,0.10040415,0.00481282,0.418522953,0.007708952,-0.178063502
0.044964819,-0.454090829,-0.249265763,0.002951588,-0.357354919,0.00688685,-0.184647911,-0.000941148,0.202282675,0.0052141,-0.100166536,0.007484176,0.726141965,0.002998341,-0.193916249
0.056849501,-0.540347648,-0.454197211,0.001985876,-0.2897662,0.010148951,0.394219929,-0.006081879,-0.291059002,0.005147293,-0.175148116,0.00806672,0.122603918,0.002307737,-0.257125278
0.061747034,-0.688731566,-0.540440351,0.001430994,-0.103567313,0.006459925,0.273941702,-0.003540053,-0.893032065,0.004977196,-0.159982198,0.007429237,-0.025933652,0.002590666,-0.302502981
0.03624068,-0.251068347,-0.688800736,-0.000956195,0.155449824,-0.000941148,0.202282675,-0.000971183,0.250443643,0.003767556,-0.175520792,0.007485044,0.073507685,0.00013559,0.075148071
0.054106882,-0.413319921,-0.251206927,-0.003754762,-0.244388424,-0.006081879,-0.291059002,-0.001416927,0.538233274,0.003242211,-0.2367219,0.007804536,-0.023945565,-0.001223649,0.159094633
0.03621456,-0.412765214,-0.413432769,-0.003516867,-0.466334555,-0.003540053,-0.893032065,-0.003493541,-0.372306143,0.002957161,-0.292516819,0.00924912,-0.000272539,-0.003219527,-0.36543893
0.009506677,-0.22555186,-0.412878151,-0.003711616,0.545979806,-0.000971183,0.250443643,-0.006464776,0.691098132,0.001120149,-0.177489247,0.007708952,-0.178063502,-0.005376559,0.122469198
0.008292089,-0.766945145,-0.225694487,-0.005194237,1.125724484,-0.001416927,0.538233274,-0.008976516,0.417062836,-0.000848575,0.133835253,0.002998341,-0.193916249,-0.004659038,0.691605054
0.045252141,-0.007829663,-0.767001911,-0.00402799,-0.053591072,-0.003493541,-0.372306143,-0.004564892,-0.140253232,-0.000128254,0.082883871,0.002307737,-0.257125278,-0.002560163,0.261988586
0.048804486,-0.717298937,-0.008006819,-0.000243946,-0.104923263,-0.006464776,0.691098132,0.006019501,0.296401216,0.000646207,-0.051335352,0.002590666,-0.302502981,-0.001305113,-0.200318003
0.082878259,-0.069124702,-0.717363576,0.002572828,0.409571048,-0.008976516,0.417062836,0.014264052,-0.014130768,0.000963069,0.096007507,0.00013559,0.075148071,0.001795515,0.251337096
0.085202955,-0.74337013,-0.069292137,0.004844979,0.721200529,-0.004564892,-0.140253232,0.01432962,-0.098015051,0.001449298,0.179047472,-0.001223649,0.159094633,0.004144772,0.611878723
0.076975098,-0.618006521,-0.743430635,0.007250401,0.096314841,0.006019501,0.296401216,0.008480915,-0.736909234,0.000289843,0.03308066,-0.003219527,-0.36543893,0.003834053,0.363365368
0.068812543,-0.619393287,-0.618086908,0.007954119,-0.588900134,0.014264052,-0.014130768,0.001739862,-0.58638241,-4.32986E-05,-0.025608054,-0.005376559,0.122469198,0.005325989,-0.132245713
0.038042972,-0.139295041,-0.619473453,0.003303078,-0.312908983,0.01432962,-0.098015051,-0.007515253,0.799403077,2.59651E-05,0.023262762,-0.004659038,0.691605054,0.004732173,-0.432695278
0.037324667,-0.777484564,-0.139451347,-0.001153118,0.153710697,0.008480915,-0.736909234,-0.010618974,2.305837782,-0.000701234,0.016433913,-0.002560163,0.261988586,0.001157116,-0.204117499
0.081898752,0.153867204,-0.777539658,-0.000765886,0.138498903,0.001739862,-0.58638241,-0.003255035,0.610006384,1.66184E-05,0.064474086,-0.001305113,-0.200318003,0.001330205,0.056186078
0.07582581,-0.663769786,0.153664404,-0.000636915,-0.085469472,-0.007515253,0.799403077,0.006269446,0.301860113,0.001583882,0.07583401,0.001795515,0.251337096,0.001374294,-0.03142102
0.081872632,-0.664324492,-0.663842914,-0.000275682,-0.033524489,-0.010618974,2.305837782,0.010196836,-1.225612995,0.001786688,0.063844943,0.004144772,0.611878723,-0.000548155,-0.057810935
0.043972253,0.012139761,-0.664397532,-0.001227382,0.093510679,-0.003255035,0.610006384,0.000818755,-0.149286144,0.000941864,0.028761718,0.003834053,0.363365368,-0.001914852,0.015834441
0.066722928,-0.309589855,0.011959438,0.00023645,-0.071342519,0.006269446,0.301860113,-0.005788217,0.644436261,0.001720905,-0.148057758,0.005325989,-0.132245713,-0.001850151,0.034715784
0.058416711,-0.616342403,-0.309719154,0.003064076,-0.345939803,0.010196836,-1.225612995,-0.003985376,-2.529346276,0.00284095,-0.326284846,0.004732173,-0.432695278,0.000964148,-0.131871239
0.050201915,-0.618283874,-0.616423053,-0.000653855,-0.215248069,0.000818755,-0.149286144,-0.002118423,-0.531199354,0.001457334,-0.212394385,0.001157116,-0.204117499,0.001756429,-0.252514089
0.015488198,-0.055534399,-0.618364217,-0.005664509,0.391221901,-0.005788217,0.644436261,-0.005540763,0.590985225,-0.000749477,0.157692431,0.001330205,0.056186078,-0.002828121,0.217129228
0.030272219,-0.478775256,-0.05570399,-0.006880596,0.272681264,-0.003985376,-2.529346276,-0.009801013,0.795634304,-0.002267167,0.25728674,0.001374294,-0.03142102,-0.005908616,0.393420889
0.02888785,-0.763339555,-0.478877724,-0.004106978,-0.188679397,-0.002118423,-0.531199354,-0.006101992,-1.770016847,-0.002873644,0.021408926,-0.000548155,-0.057810935,-0.005196574,-0.28075273
-0.005251224,-0.067737936,-0.763396892,-0.005381752,0.191581381,-0.005540763,0.590985225,-0.00522139,0.11855374,-0.003658326,0.174207978,-0.001914852,0.015834441,-0.005409056,0.135307539
-0.019943824,-0.480716728,-0.067905591,-0.009323071,0.309856421,-0.009801013,0.795634304,-0.008840773,0.969418385,-0.004521251,0.400423521,-0.001850151,0.034715784,-0.007208949,0.454414522
0.013450824,-0.083547064,-0.480818888,-0.007145382,-0.172801147,-0.006101992,-1.770016847,-0.008201897,-0.414479168,-0.003001715,0.264559086,0.000964148,-0.131871239,-0.007002768,-0.105210529
0.028613588,-0.470732016,-0.083712212,-0.001473111,-0.198274601,-0.00522139,0.11855374,0.002308124,-0.010449533,-0.000883867,0.040421087,0.001756429,-0.252514089,-0.003549936,-0.35510735
0.064803095,-0.024193497,-0.470835759,0.002986057,0.392410677,-0.008840773,0.969418385,0.014950434,0.385043919,-0.000686527,-0.042755044,-0.002828121,0.217129228,0.001485776,0.145197139
0.107183085,0.107271881,-0.024368058,0.0070858,1.332249809,-0.008201897,-0.414479168,0.022540294,0.865293413,0.000379645,0.07646461,-0.005908616,0.393420889,0.006780363,1.021646717
0.083505143,-0.289897783,0.10707647,0.010482673,0.837590353,0.002308124,-0.010449533,0.0186899,-0.207112888,0.000878393,0.126694935,-0.005196574,-0.28075273,0.007073389,1.034746504
0.060845888,-0.311531327,-0.290030205,0.010616201,-0.428863431,0.014950434,0.385043919,0.006337609,-0.612302903,0.000492973,0.018991118,-0.005409056,0.135307539,0.00647467,0.015477039
0.089538904,-0.183394186,-0.311660318,0.009775049,-0.423692318,0.022540294,0.865293413,-0.00265681,-0.155386453,0.001056383,0.063211839,-0.007208949,0.454414522,0.009378758,-0.323462526
0.072678329,-0.434676111,-0.183543499,0.00744554,-0.363755203,0.0186899,-0.207112888,-0.003478239,-0.412018975,0.000986819,0.06931433,-0.007002768,-0.105210529,0.008985597,-0.392902701
0.095429005,-0.309589855,-0.434785572,0.004605319,-0.314345231,0.006337609,-0.612302903,0.002903659,-0.143287955,0.001582579,0.087933279,-0.003549936,-0.35510735,0.006689564,-0.380997135
0.084419349,-0.558930307,-0.309719154,0.000482507,-0.176927203,-0.00265681,-0.155386453,0.003609023,-0.201113993,0.003035111,0.066009654,0.001485776,0.145197139,0.004560747,-0.295965831
0.086234702,-0.754186902,-0.559020063,-0.001226195,-0.224732758,-0.003478239,-0.412018975,0.001034807,-0.409532714,0.003319273,0.010796531,0.006780363,1.021646717,-7.00736E-05,-0.213340892
0.087854153,-0.758347199,-0.754245691,0.001816702,-0.297081395,0.002903659,-0.143287955,0.000730557,-0.818005466,0.003050772,0.00973971,0.007073389,1.034746504,-0.000870113,-0.19584271
0.109560021,-0.331778104,-0.758405328,0.002877055,-0.022173344,0.003609023,-0.201113993,0.002146755,0.625982721,0.00460448,-0.072960159,0.00647467,0.015477039,0.002778631,-0.018342934
0.167403157,0.435657972,-0.331903884,0.007018491,1.92946557,0.001034807,-0.409532714,0.012970768,6.675283914,0.007994253,-0.089479249,0.009378758,-0.323462526,0.006635507,1.719306994
0.197820105,-0.146783575,0.435410481,0.012036807,4.808970191,0.000730557,-0.818005466,0.023341866,18.51215908,0.009819243,0.132237538,0.008985597,-0.392902701,0.010639579,2.917225948
0.201607531,-0.712306581,-0.146938694,0.01339215,1.770110831,0.002146755,0.625982721,0.024594934,-1.71747102,0.00941155,0.269869009,0.006689564,-0.380997135,0.012092661,1.956122431
0.199857479,-0.755573668,-0.712372012,0.013996309,0.046372375,0.012970768,6.675283914,0.015009644,-1.044244346,0.008072957,0.225493345,0.004560747,-0.295965831,0.01153842,0.258847508
0.20010562,-0.787469276,-0.755632237,0.013612429,-0.35106706,0.023341866,18.51215908,0.004133355,-0.397093059,0.005945814,0.203038708,-7.00736E-05,-0.213340892,0.011861638,-0.120289277
0.170106595,-0.155658875,-0.787522787,0.010340734,-0.632980799,0.024594934,-1.71747102,-0.003438402,0.818819653,0.004661094,0.09426526,-0.000870113,-0.19584271,0.010089602,-0.375080091
0.178465052,-0.61523299,-0.155812586,0.004256317,-0.460921249,0.015009644,-1.044244346,-0.006201403,7.667988479,0.005283781,-0.049639043,0.002778631,-0.018342934,0.007730415,-0.610911084
0.17377648,-0.693169216,-0.615313816,-0.000766503,-0.038441012,0.004133355,-0.397093059,-0.005593545,-13.79117748,0.005210094,-0.067404167,0.006635507,1.719306994,0.003827555,-0.407352332
0.165783706,-0.622998877,-0.693237682,-0.003522269,0.093563034,-0.003438402,0.818819653,-0.003606103,-0.52582324,0.004567164,-0.098067384,0.010639579,2.917225948,-0.001299414,0.012232805
0.13566714,-0.153162697,-0.623078472,-0.005880451,0.458247382,-0.006201403,7.667988479,-0.005557584,1.027458997,0.003423663,-0.126514498,0.012092661,1.956122431,-0.00494367,0.525737568
0.145266305,-0.588884444,-0.153316804,-0.007008397,0.140923986,-0.005593545,-13.79117748,-0.008436511,2.141651736,0.00258981,-0.137341391,0.01153842,0.258847508,-0.006079774,0.403757105
0.159567103,-0.489037322,-0.588969449,-0.003857603,-0.288747012,-0.003606103,-0.52582324,-0.004110652,-1.258524717,0.003429508,-0.218720052,0.011861638,-0.120289277,-0.004806236,-0.409002886
0.18098565,-0.337879873,-0.489138162,-0.000474945,0.003070102,-0.005557584,1.027458997,0.00465211,0.129021546,0.004250302,-0.299451912,0.010089602,-0.375080091,-0.001503494,-0.192252679
0.177446365,-0.71757629,-0.338004685,0.000367846,0.07169752,-0.008436511,2.141651736,0.009251695,-0.035445407,0.004104871,-0.351470952,0.007730415,-0.610911084,0.000501228,0.063048296
0.162636224,-0.47822055,-0.717640886,3.10613E-05,0.030441063,-0.004110652,-1.258524717,0.004211134,-0.685379849,0.001606117,-0.183420083,0.003827555,-0.407352332,-0.000619346,-0.055190318
0.135954462,-0.226106566,-0.478323105,-0.000170035,-0.012273201,0.00465211,0.129021546,-0.004986111,0.530975864,-0.001691504,0.055719717,-0.001299414,0.012232805,-0.002085728,0.092732482
0.13718211,-0.766667792,-0.226249105,-0.000463419,0.086433559,0.009251695,-0.035445407,-0.01009656,0.464076929,-0.003200451,0.051360716,-0.00494367,0.525737568,-0.001441534,0.118896766
0.133394684,-0.712306581,-0.766724602,-0.002036476,0.240312539,0.004211134,-0.685379849,-0.008224526,-1.961544222,-0.003317352,-0.049500384,-0.006079774,0.403757105,-0.000527576,0.089653276
0.118440882,-0.475169666,-0.712372012,-0.005273941,0.138751099,-0.004986111,0.530975864,-0.005562107,-0.245078859,-0.003760177,-0.048427972,-0.004806236,-0.409002886,-0.002703862,0.317116474
0.166227749,0.222096071,-0.475272705,-0.004387096,-0.17640852,-0.01009656,0.464076929,0.001378486,1.494549746,-0.002175058,-0.023258813,-0.001503494,-0.192252679,-0.002850895,0.078048368
0.161930979,-0.70148981,0.221882451,-0.00071028,-0.153649437,-0.008224526,-1.961544222,0.006907205,8.55288488,-0.000519904,-0.057732233,0.000501228,0.063048296,-0.00154531,-0.288080251
0.1561976,-0.670980967,-0.701556956,0.001168185,0.015102738,-0.005562107,-0.245078859,0.007968878,-1.958953842,-0.000870646,-0.090415303,-0.000619346,-0.055190318,-0.001123007,-0.162574299
0.149223512,-0.644632421,-0.671052952,0.001931612,0.002399477,0.001378486,1.494549746,0.002485912,-0.82116557,-0.000871399,-0.06027798,-0.002085728,0.092732482,0.000349659,-0.056290053
0.095128622,0.356057627,-0.644708584,-0.00156911,0.517333892,0.006907205,8.55288488,-0.01000488,1.074074734,-0.001458058,0.250746211,-0.001441534,0.118896766,-0.001474685,0.457927079
0.108267072,-0.513721749,0.355822761,-0.002894816,0.62760884,0.007968878,-1.958953842,-0.013635418,4.342154448,-0.001980873,0.411870198,-0.000527576,0.089653276,-0.003442961,0.652470308
0.101867629,-0.656835958,-0.513818674,-0.00445102,0.104635815,0.002485912,-0.82116557,-0.011347235,-4.220321187,-0.002420312,0.252230048,-0.002703862,0.317116474,-0.002135673,0.291475557
0.102612054,-0.776929858,-0.656910186,-0.007402787,-0.123718948,-0.01000488,1.074074734,-0.004786309,-0.739356338,-0.003481366,0.066983304,-0.002850895,0.078048368,-0.00411567,0.024134766
0.078764331,-0.286292193,-0.77698504,-0.008190265,-0.22081955,-0.013635418,4.342154448,-0.002658505,0.247701602,-0.004534177,0.024271925,-0.00154531,-0.288080251,-0.007543282,-0.080613556
0.079952799,-0.767499852,-0.286425187,-0.008820289,-0.471606786,-0.011347235,-4.220321187,-0.006243607,1.512777088,-0.00465142,0.083041499,-0.001123007,-0.162574299,-0.008199287,-0.182378193
0.060937309,-0.388912846,-0.767556529,-0.006242716,-0.19105538,-0.004786309,-0.739356338,-0.007714636,-0.830533891,-0.00405264,0.187840897,0.000349659,-0.056290053,-0.008490391,-0.398729456
0.104884509,0.140554255,-0.389029565,-0.002277783,0.226976507,-0.002658505,0.247701602,-0.001893846,0.634376223,-0.002764821,0.130728879,-0.001474685,0.457927079,-0.004069913,-0.199562599
0.098876868,-0.665156551,0.140353566,-0.000387989,-0.088947807,-0.006243607,1.512777088,0.005499035,0.980511357,-0.001725084,-0.015781869,-0.003442961,0.652470308,1.90271E-05,-0.012456231
0.07137232,-0.20863332,-0.66522946,-0.0020882,-0.061570548,-0.007714636,-0.830533891,0.003602506,-0.39161859,-0.002110539,0.048064614,-0.002135673,0.291475557,-0.002084885,-0.054339264
0.091576278,-0.363673713,-0.20877863,-0.001124402,-0.025822517,-0.001893846,0.634376223,-0.000351432,-0.434710308,-0.003151379,-0.061519203,-0.00411567,0.024134766,-0.002169795,-0.064120834
0.0801487,-0.550055008,-0.363794434,0.000793841,0.013877534,0.005499035,0.980511357,-0.003909419,-0.32470764,-0.004053754,-0.243365388,-0.007543282,-0.080613556,-0.000504486,-0.088949708
0.048713065,-0.125150032,-0.55014617,-0.000735466,0.22575437,0.003602506,-0.39161859,-0.005044106,0.444835646,-0.004910565,-0.193768303,-0.008199287,-0.182378193,-0.001563053,0.2929209
0.013829567,-0.051928809,-0.125308582,-0.006309999,0.871648771,-0.000351432,-0.434710308,-0.012256891,1.617342559,-0.006313759,-0.020546812,-0.008490391,-0.398729456,-0.00410419,1.068234301
0.025283265,-0.549500301,-0.052098971,-0.010059333,0.626919213,-0.003909419,-0.32470764,-0.016225502,-0.435811782,-0.005346675,0.202274843,-0.004069913,-0.199562599,-0.0066371,0.800318396
0.019954748,-0.679578913,-0.549591552,-0.007643365,0.063113474,-0.005044106,0.444835646,-0.010260067,-1.236381087,-0.004131724,0.227871763,1.90271E-05,-0.012456231,-0.008317168,-0.033007022
0.019549886,-0.784141039,-0.679649535,-0.007589798,-0.181852268,-0.012256891,1.617342559,-0.002853829,-0.439535705,-0.004473376,0.122567542,-0.002084885,-0.054339264,-0.006876707,-0.038364543
-0.000445111,-0.368111363,-0.784195077,-0.009426314,-0.536116828,-0.016225502,-0.435811782,-0.002495455,0.333572647,-0.004868854,0.113938351,-0.002169795,-0.064120834,-0.007597492,-0.14233647
-0.025651083,-0.257447469,-0.36823138,-0.009601192,-0.195084462,-0.010260067,-1.236381087,-0.008929009,3.393685077,-0.005461916,0.244507906,-0.000504486,-0.088949708,-0.010492184,-0.275578461
-0.051170498,-0.250790994,-0.257585037,-0.008673713,0.567599913,-0.002853829,-0.439535705,-0.014550308,4.281679449,-0.006214251,0.378954835,-0.001563053,0.2929209,-0.010939252,0.05739284
-0.057596062,-0.656281252,-0.250929618,-0.009250076,0.942903968,-0.002495455,0.333572647,-0.016046032,-0.493339719,-0.006604685,0.370434523,-0.00410419,1.068234301,-0.009155875,0.445133945
-0.063969385,-0.657390664,-0.656355568,-0.010482566,0.170039327,-0.008929009,3.393685077,-0.012048987,-0.837217747,-0.007623911,0.179000827,-0.0066371,0.800318396,-0.008636527,0.330555371
-0.062989879,-0.771937501,-0.657464804,-0.010504134,-0.288588298,-0.014550308,4.281679449,-0.006384766,-0.530886207,-0.008804099,0.003400254,-0.008317168,-0.033007022,-0.009305638,-0.056617388
-0.07049943,-0.633260943,-0.771993475,-0.009679549,-0.522343878,-0.016046032,-0.493339719,-0.003171391,-0.137132247,-0.008111404,-0.010321189,-0.006876707,-0.038364543,-0.009384915,-0.310118513
-0.124306998,0.349955858,-0.63333891,-0.010759127,0.033749294,-0.012048987,-0.837217747,-0.009441634,4.689936244,-0.009597203,0.042694701,-0.007597492,-0.14233647,-0.011661137,-0.095208417
-0.14357063,-0.383643137,0.34972196,-0.012248657,0.828702085,-0.006384766,-0.530886207,-0.018193775,9.845457813,-0.011844293,0.068213151,-0.010492184,-0.275578461,-0.01324032,0.332462496
-0.14213402,-0.762230142,-0.383760692,-0.011394727,0.812273142,-0.003171391,-0.137132247,-0.019685106,-5.563894632,-0.011212598,0.061043362,-0.010939252,0.05739284,-0.011495443,0.386422693
-0.091878796,0.27451581,-0.762287656,-0.007287859,-0.049126673,-0.009441634,4.689936244,-0.005110205,-0.252165129,-0.008067914,-0.002781826,-0.009155875,0.445133945,-0.006939972,-0.005917064
-0.118847881,-0.220004798,0.274293876,-0.005461782,-0.286845166,-0.018193775,9.845457813,0.007528188,0.380726321,-0.00683861,-0.074149856,-0.008636527,0.330555371,-0.004972972,-0.184350055
-0.131999391,-0.513444396,-0.220148304,-0.007694356,-0.420047275,-0.019685106,-5.563894632,0.004635314,-0.83730735,-0.008147009,-0.097630848,-0.009305638,-0.056617388,-0.006945095,-0.229632978
-0.114211549,-0.414984039,-0.513541365,-0.003376419,-0.258730937,-0.005110205,-0.252165129,-0.001615135,-0.540884113,-0.007884612,-0.178508348,-0.009384915,-0.310118513,-0.006331282,-0.414031956
-0.146887892,-0.098801486,-0.415096624,0.000446853,0.043674789,0.007528188,0.380726321,-0.006648017,-0.162759749,-0.007763399,-0.211556719,-0.011661137,-0.095208417,-0.00373502,-0.217550424
-0.157962848,-0.557543542,-0.098964214,-0.001267348,0.219992656,0.004635314,-0.83730735,-0.007117664,0.661012752,-0.007755887,-0.132732296,-0.01324032,0.332462496,-0.002091236,0.168723951
-0.135094632,-0.307093677,-0.557633517,-0.003905767,-0.194244645,-0.001615135,-0.540884113,-0.006192608,-0.533587843,-0.006038883,-0.112976271,-0.011495443,0.386422693,-0.000416914,0.113419936
-0.12903475,-0.664047139,-0.307223372,-0.003533331,-0.429462131,-0.006648017,-0.162759749,-0.000402016,-0.457887418,-0.004356681,-0.151933869,-0.006939972,-0.005917064,-0.001709834,-0.365615349
-0.124346178,-0.693169216,-0.664120223,-0.000167812,-0.030519651,-0.007117664,0.661012752,0.006852674,-0.26584534,-0.003710133,-0.190428019,-0.004972972,-0.184350055,-0.002423627,-0.33418017
-0.135825997,-0.548945595,-0.693237682,-0.000927352,-0.169304302,-0.006192608,-0.533587843,0.004390546,-0.829337975,-0.003758343,-0.260001275,-0.006945095,-0.229632978,-0.000529632,-0.035524652
-0.098539442,-0.000895835,-0.549036934,0.001776965,0.232087014,-0.000402016,-0.457887418,0.003964361,0.898501272,-0.002851771,-0.309059658,-0.006331282,-0.414031956,0.000674219,0.280635284
-0.069141181,-0.168417118,-0.001074091,0.009112837,0.894236193,0.006852674,-0.26584534,0.011363833,5.130684471,0.000768159,0.050520937,-0.00373502,-0.217550424,0.005318848,1.008654649
-0.089423499,-0.362009594,-0.168568806,0.008947819,0.558583091,0.004390546,-0.829337975,0.013474428,-0.701342481,0.003101962,0.304342143,-0.002091236,0.168723951,0.008330687,0.506823845
-0.093472127,-0.706759519,-0.36213058,0.005387161,-0.107929983,0.003964361,0.898501272,0.006798051,-1.067378836,0.002919724,0.061048373,-0.000416914,0.113419936,0.006267894,-0.241235883
-0.106793418,-0.509838806,-0.70682583,0.003501814,-0.156401048,0.011363833,5.130684471,-0.004272611,-0.178345397,0.000956906,-0.029565107,-0.001709834,-0.365615349,0.003617667,-0.128633074
-0.166033983,0.465334755,-0.509936346,-0.000831835,0.32774956,0.013474428,-0.701342481,-0.014891788,1.700498267,-0.001758171,0.093560626,-0.002423627,-0.33418017,-0.001097315,0.303166912
-0.169821409,-0.712306581,0.465082559,-0.00665543,0.826403825,0.006798051,-1.067378836,-0.019921993,2.014176902,-0.002403405,0.23868781,-0.000529632,-0.035524652,-0.004260606,0.683041974
-0.201257044,-0.125150032,-0.712372012,-0.013322931,0.644643156,-0.004272611,-0.178345397,-0.022356883,-2.122666038,-0.003531825,0.36734978,0.000674219,0.280635284,-0.007686671,0.800515682
-0.214304073,-0.515663221,-0.125308582,-0.016867113,0.2086815,-0.014891788,1.700498267,-0.018870954,-0.323108973,-0.004374722,0.449550245,0.005318848,1.008654649,-0.013969791,0.395219579
-0.188706298,-0.249126875,-0.515759838,-0.014514408,-0.219472856,-0.019921993,2.014176902,-0.008969157,-0.184910733,-0.002783096,0.272283217,0.008330687,0.506823845,-0.01380266,-0.104032468
-0.179629536,-0.599978569,-0.249265763,-0.011179984,-0.644648,-0.022356883,-2.122666038,0.000370982,-0.252629252,-0.002139629,0.093121751,0.006267894,-0.241235883,-0.010531992,-0.342344355
-0.180569863,-0.772769561,-0.600061814,-0.005860643,-0.441651307,-0.018870954,-0.323108973,0.007537755,-0.341487967,-0.002735831,0.057378977,0.003617667,-0.128633074,-0.00915888,-0.559580698
-0.134245726,0.191032522,-0.772825403,0.001420358,0.229470352,-0.008969157,-0.184910733,0.012039086,0.663821183,-0.001751036,0.01822011,-0.001097315,0.303166912,-0.002418273,-0.198703103
-0.151367503,-0.429129048,0.190823828,0.005798108,0.646944611,0.000370982,-0.252629252,0.011258863,1.025061777,-0.000726053,-0.006306313,-0.004260606,0.683041974,0.002908084,0.303613798
-0.148729365,-0.736713656,-0.429239389,0.007841026,-0.333157685,0.007537755,-0.341487967,0.008142798,-3.457959315,-0.001878649,-0.043850759,-0.007686671,0.800515682,0.00412613,0.127013263
-0.156578479,-0.626049762,-0.736775216,0.00661886,-0.366140918,0.012039086,0.663821183,0.001278692,-0.733776367,-0.003934593,-0.179617189,-0.013969791,0.395219579,0.006397156,-0.293787614
-0.166451906,-0.583060029,-0.626128872,0.003058881,-0.214356272,0.011258863,1.025061777,-0.005013158,-0.01443186,-0.004703962,-0.243903863,-0.01380266,-0.104032468,0.004635664,-0.385912482
-0.141794458,-0.2690963,-0.583145957,0.003492243,-0.320640337,0.008142798,-3.457959315,-0.001087233,0.912912449,-0.00359037,-0.234251663,-0.010531992,-0.342344355,0.003472233,-0.170743469
-0.148350622,-0.65350772,-0.269232021,0.001654759,-0.405380708,0.001278692,-0.733776367,0.002028926,0.974092152,-0.002580846,-0.26794843,-0.00915888,-0.559580698,0.004034587,-0.330068758
-0.169338186,-0.347032526,-0.653582476,-0.002149549,-0.020424403,-0.005013158,-0.01443186,0.000716201,0.222760131,-0.001291029,-0.144358692,-0.002418273,-0.198703103,-0.000165263,-0.319526712
-0.201544366,-0.108786198,-0.347155886,-0.004731418,1.127931072,-0.001087233,0.912912449,-0.008390483,1.129904409,-0.001009421,0.060293373,0.002908084,0.303613798,-0.004893918,0.636782193
-0.226371596,-0.265490709,-0.108947343,-0.008203038,2.54113008,0.002028926,0.974092152,-0.018434895,1.112496317,-0.001639921,0.207877697,0.00412613,0.127013263,-0.007322464,1.982442336
-0.216028005,-0.573075316,-0.265627002,-0.007995955,1.337498316,0.000716201,0.222760131,-0.016693793,-0.995421446,-0.000774439,0.143744716,0.006397156,-0.293787614,-0.007869494,1.305156242
-0.234416611,-0.402225796,-0.573162828,-0.009558977,0.069188696,-0.008390483,1.129904409,-0.01073605,-0.723237733,-0.001369995,0.184430335,0.004635664,-0.385912482,-0.007335101,0.364768404
-0.196607652,0.01019829,-0.402340404,-0.009514947,-0.377886276,-0.018434895,1.112496317,-0.000423895,0.225058686,-0.00181188,0.173810107,0.003472233,-0.170743469,-0.007099928,-0.077131819
-0.226671978,-0.154272109,0.010018274,-0.007155538,-0.525448846,-0.016693793,-0.995421446,0.002624197,0.862327728,-0.001823295,0.110144671,0.004034587,-0.330068758,-0.007725384,-0.454993999
-0.242748948,-0.451317298,-0.15442604,-0.006719796,-0.22038999,-0.01073605,-0.723237733,-0.002616283,0.489737228,-0.004474684,0.113994887,-0.000165263,-0.319526712,-0.008839404,-0.372029262
-0.244851622,-0.748085133,-0.45142412,-0.004083613,0.134015121,-0.000423895,0.225058686,-0.007768355,-0.530366898,-0.005848917,0.074467406,-0.004893918,0.636782193,-0.006821382,-0.193892825
-0.211417794,-0.082715005,-0.74814489,-0.000952708,0.188520242,0.002624197,0.862327728,-0.004536377,-0.235113034,-0.00452831,-0.021784565,-0.007322464,1.982442336,-0.001664688,0.033979709
-0.223393896,-0.538406177,-0.082880285,0.001076863,0.012287102,-0.002616283,0.489737228,0.004764525,0.298648662,-0.003766888,-0.102969973,-0.007869494,1.305156242,0.00044743,0.036053256
-0.213207026,-0.576403554,-0.538499187,-0.000384634,-0.255008369,-0.007768355,-0.530366898,0.007067873,-1.23335628,-0.003312441,-0.086366084,-0.007335101,0.364768404,0.000818399,-0.018231386
-0.244329219,-0.131806507,-0.576490538,-0.002361999,-0.136563886,-0.004536377,-0.235113034,-0.000175195,-0.057252459,-0.004362221,-0.172282424,-0.007099928,-0.077131819,-0.001565928,-0.154626407
-0.241965343,-0.742538071,-0.131964001,-0.001162556,0.082090923,0.004764525,0.298648662,-0.007100784,0.641472625,-0.005742661,-0.321243734,-0.007725384,-0.454993999,-0.003723591,-0.126013127
-0.242853429,-0.773878973,-0.742598707,0.000191879,-0.034198521,0.007067873,-1.23335628,-0.006621554,-2.271369593,-0.004899765,-0.356957516,-0.008839404,-0.372029262,-0.000908729,0.037391496
-0.266531371,-0.289897783,-0.773934639,-0.003668191,0.175861498,-0.000175195,-0.057252459,-0.00715247,-0.21380049,-0.004072726,-0.127000328,-0.006821382,-0.193892825,-0.001289263,0.319191038
-0.251538388,-0.474337607,-0.290030205,-0.005749557,0.128882133,-0.007100784,0.641472625,-0.004394624,0.622411975,-0.002658334,0.109228989,-0.001664688,0.033979709,-0.003660864,0.158961665
-0.298711431,0.209060475,-0.474440778,-0.007847176,0.232286264,-0.006621554,-2.271369593,-0.009086606,8.516203393,-0.003187051,0.429091572,0.00044743,0.036053256,-0.006838246,0.424052459
-0.314919001,-0.448543767,0.208848921,-0.01081909,0.717295051,-0.00715247,-0.21380049,-0.014521678,1.503432968,-0.004831536,0.745793896,0.000818399,-0.018231386,-0.010500239,0.60504348
-0.34837895,-0.082160299,-0.448651028,-0.012292313,1.071246553,-0.004394624,0.622411975,-0.020257666,0.102313335,-0.006882189,0.773373315,-0.001565928,-0.154626407,-0.012233558,0.83419066
-0.354556372,-0.661550961,-0.082325666,-0.015237972,0.509459883,-0.009086606,8.516203393,-0.021465122,-0.48130129,-0.008306451,0.574101531,-0.003723591,-0.126013127,-0.01293831,0.590320535
-0.315467525,0.037378895,-0.661624441,-0.011278123,-0.112117173,-0.014521678,1.503432968,-0.007982312,-0.131056922,-0.005972675,0.262611503,-0.000908729,0.037391496,-0.011128498,-0.082885386
-0.28114561,-0.063854993,0.037194569,-0.005555869,-0.335776363,-0.020257666,0.102313335,0.009570203,0.608211879,-0.003260431,0.025068748,-0.001289263,0.319191038,-0.005274301,-0.215999803
-0.325628275,0.151925733,-0.064023264,-0.004030148,-0.257051949,-0.021465122,-0.48130129,0.013912008,0.107678185,-0.004518686,-0.039937979,-0.003660864,0.158961665,-0.0054003,-0.278149534
-0.322689755,-0.730334534,0.15172324,-0.002481874,-0.055221683,-0.007982312,-0.131056922,0.003140512,-0.564125932,-0.006424255,-0.066700917,-0.006838246,0.424052459,-0.005996895,-0.31256722
-0.264258915,0.448138862,-0.730397106,0.005474336,0.217641122,0.009570203,0.608211879,0.001384832,0.307783047,-0.004528803,-0.135867314,-0.010500239,0.60504348,0.001633056,0.196615592
-0.220599036,0.134452486,0.447889392,0.015666649,0.567944765,0.013912008,0.107678185,0.017397349,1.130274726,-0.000825831,-0.046007545,-0.012233558,0.83419066,0.01097116,0.810648902
-0.214904838,-0.671813026,0.134252765,0.016857297,0.5813733,0.003140512,-0.564125932,0.030399815,-0.306030745,0.00153983,0.121266096,-0.01293831,0.590320535,0.016466965,0.5667021
-0.172237526,0.113373649,-0.671884879,0.014966263,0.636374726,0.001384832,0.307783047,0.028473003,-0.716219349,0.002965862,0.284157249,-0.011128498,-0.082885386,0.017364131,0.374654876
-0.178414948,-0.661550961,0.113177271,0.018125875,0.212056214,0.017397349,1.130274726,0.018842668,-0.07697339,0.004816304,0.358599264,-0.005274301,-0.215999803,0.014980317,0.366154986
-0.186642804,-0.618006521,-0.661624441,0.019904849,-0.575082364,0.030399815,-0.306030745,0.009743304,-0.711247107,0.004638927,0.244785537,-0.0054003,-0.278149534,0.014597642,-0.074641121
-0.216419808,-0.160373878,-0.618086908,0.01282363,-0.566700901,0.028473003,-0.716219349,-0.002174235,-0.115913905,0.004452801,0.100479578,-0.005996895,-0.31256722,0.014684367,-0.548416892
-0.202262671,-0.492088206,-0.160526841,0.004567972,-0.277145039,0.018842668,-0.07697339,-0.009237666,0.332526487,0.00588201,0.023501393,0.001633056,0.196615592,0.010013142,-0.543870737
-0.24154742,0.041539192,-0.492188562,-0.000568029,0.134131041,0.009743304,-0.711247107,-0.01065275,-0.013657704,0.006609491,-0.076859289,0.01097116,0.810648902,0.002422629,-0.133121921
-0.22839591,-0.513444396,0.041354206,-0.005643959,0.258520207,-0.002174235,-0.115913905,-0.009101282,0.255176025,0.006998801,-0.200944304,0.016466965,0.5667021,-0.002019934,0.205786007
-0.176194733,0.315841425,-0.513541365,-0.003671996,-0.063262857,-0.009237666,0.332526487,0.001923893,0.984933719,0.007946407,-0.150283132,0.017364131,0.374654876,-0.001019664,0.046485071
-0.195380004,-0.385307256,0.315612937,-0.000444469,-0.028693808,-0.01065275,-0.013657704,0.00993644,0.322050341,0.006715608,-0.05674312,0.014980317,0.366154986,-0.00122418,-0.118705962
-0.139613423,0.391558826,-0.385424547,0.004660275,0.481348645,-0.009101282,0.255176025,0.018593863,-0.311762965,0.008080066,-0.109276421,0.014597642,-0.074641121,0.00176048,0.335319041
-0.18302516,0.129182777,0.39131833,0.00657453,0.535691252,0.001923893,0.984933719,0.011251226,0.083462637,0.009642564,-0.340069413,0.014684367,-0.548416892,0.00471049,0.416242041
-0.183913246,-0.773878973,0.128983892,0.005265277,-0.335723113,0.00993644,0.322050341,0.000632514,-0.113915927,0.006497461,-0.368392331,0.010013142,-0.543870737,0.0030337,-0.011844175
-0.145307622,0.02711683,-0.773934639,0.009588252,-0.389549171,0.018593863,-0.311762965,0.000778101,-0.25596931,0.004571246,-0.072215428,0.002422629,-0.133121921,0.006699771,-0.110667884
-0.142473582,-0.732553359,0.026934131,0.007948498,-0.099068812,0.011251226,0.083462637,0.00470286,-0.074209944,0.004321065,0.117047884,-0.002019934,0.205786007,0.01062985,-0.315415195
-0.120558752,-0.327340454,-0.732615579,0.0073571,0.098149882,0.000632514,-0.113915927,0.013997062,-0.335337425,0.003621854,0.22877191,-0.001019664,0.046485071,0.008251628,-0.050991803
-0.113689145,-0.646851246,-0.327466938,0.006790379,0.2143937,0.000778101,-0.25596931,0.012803516,-0.368343967,0.003389542,0.30644064,-0.00122418,-0.118705962,0.007960313,0.140853433
-0.101399601,-0.531749702,-0.646927057,0.00723256,0.15773413,0.00470286,-0.074209944,0.009746548,-0.165805103,0.004357701,0.296123339,0.00176048,0.335319041,0.006915971,0.179011441
-0.11577876,-0.487373203,-0.531843768,0.010020711,-0.497471615,0.013997062,-0.335337425,0.00609628,-0.536295107,0.005393204,0.137928475,0.00471049,0.416242041,0.006063373,0.010640473
-0.075605925,0.060399204,-0.487474307,0.009206893,-0.244464116,0.012803516,-0.368343967,0.005674804,0.708321662,0.006582406,0.111113723,0.0030337,-0.011844175,0.010046173,-0.314064209
-0.079066849,-0.719240409,0.060211227,0.008842885,0.073991457,0.009746548,-0.165805103,0.007955411,1.493112736,0.008352622,0.02541,0.006699771,-0.110667884,0.009966829,-0.127858585
-0.022608083,0.406258541,-0.71930474,0.010671266,0.732790726,0.00609628,-0.536295107,0.015199611,1.453161977,0.010607727,0.006307473,0.01062985,-0.315415195,0.010586161,0.38196994
-0.010997663,-0.546172064,0.406015714,0.013208451,1.025710883,0.005674804,0.708321662,0.020659299,0.695251522,0.01064713,0.212755973,0.008251628,-0.050991803,0.012970415,0.777152765
0.031108065,0.101447465,-0.546263843,0.015419008,0.98574345,0.007955411,1.493112736,0.022819076,-0.151861935,0.011189043,0.321188637,0.007960313,0.140853433,0.014326256,0.805122555
0.01431279,-0.436062876,0.101252979,0.01710544,0.097233547,0.015199611,1.453161977,0.018973513,-0.480900017,0.010803565,0.273613623,0.006915971,0.179011441,0.014574322,0.345799226
-0.005421005,-0.373658425,-0.436172118,0.012959115,-0.379342208,0.020659299,0.695251522,0.005436344,-0.274065179,0.009371322,0.061714211,0.006063373,0.010640473,0.012570541,-0.270841415
0.001957945,-0.636034474,-0.373777563,0.009701018,-0.489896229,0.022819076,-0.151861935,-0.002973641,-0.397147645,0.010208948,-0.109492127,0.010046173,-0.314064209,0.010365848,-0.3569923
-0.010971543,-0.518159399,-0.636112001,0.00589558,-0.468674545,0.018973513,-0.480900017,-0.006834725,-0.556616013,0.00895496,-0.116044198,0.009966829,-0.127858585,0.007983673,-0.444544638
-0.003906035,-0.642690949,-0.51825562,0.001186283,-0.092095528,0.005436344,-0.274065179,-0.002982365,-0.191250312,0.00759434,-0.119154008,0.010586161,0.38196994,0.004728815,-0.466078969
-0.038946254,-0.048600571,-0.64276742,-0.003967829,0.061498235,-0.002973641,-0.397147645,-0.004960347,1.207959762,0.006095623,-0.149724283,0.012970415,0.777152765,-0.000501642,0.105184793
-0.064766051,-0.244411872,-0.048771261,-0.009391297,0.629005771,-0.006834725,-0.556616013,-0.011963649,3.711255897,0.003600451,-0.151365643,0.014326256,0.805122555,-0.006692885,0.650531691
-0.048636841,-0.450207885,-0.244551508,-0.007697771,0.594234346,-0.002982365,-0.191250312,-0.012444697,-0.847646206,0.002794035,-0.150768287,0.014574322,0.345799226,-0.008576097,0.28155125
-0.052633228,-0.707868931,-0.450314883,-0.006183676,-0.105344445,-0.004960347,1.207959762,-0.007417049,-1.195125072,0.003177701,-0.224904331,0.012570541,-0.270841415,-0.005957464,-0.03189304
-0.033617738,-0.388912846,-0.707935066,-0.004907733,-0.23543332,-0.011963649,3.711255897,0.002232236,-0.098766242,0.002878448,-0.223308697,0.010365848,-0.3569923,-0.004500437,-0.146305503
-0.037052541,-0.719795115,-0.389029565,-0.003554881,-0.460926925,-0.012444697,-0.847646206,0.005494303,0.132941918,0.00229658,-0.168695393,0.007983673,-0.444544638,-0.00336323,-0.280464615
-0.07049943,-0.082437652,-0.719859359,-0.004136786,-0.25936999,-0.007417049,-1.195125072,-0.000809113,1.232016273,-0.000160398,-0.025332181,0.004728815,-0.466078969,-0.005068228,-0.300499913
-0.031475883,0.035992129,-0.082602975,0.000111221,0.147223331,0.002232236,-0.098766242,-0.002017213,1.094323051,-0.001863828,0.095929135,-0.000501642,0.105184793,-0.003239655,-0.173360191
-0.043569526,-0.535909999,0.035808024,0.002461291,0.006687836,0.005494303,0.132941918,-0.000560435,-0.039307855,-0.002591082,-0.167558268,-0.006692885,0.650531691,0.001573055,-0.032884817
-0.000575712,0.120307477,-0.536003405,0.003672976,0.524952749,-0.000809113,1.232016273,0.008140755,0.052341305,-0.002442059,-0.201948317,-0.008576097,0.28155125,0.003814353,0.433642012
-0.004376198,-0.712029228,0.120109999,0.00521615,0.763512947,-0.002017213,1.094323051,0.012453356,0.181236458,-0.000377665,-0.054437801,-0.005957464,-0.03189304,0.005302524,0.669299076
-0.059228573,0.372144108,-0.712094703,0.000453176,0.406380948,-0.000560435,-0.039307855,0.001469683,0.533099342,-0.001644056,-0.03437896,-0.004500437,-0.146305503,0.001245269,0.336480461
-0.083206897,-0.283518662,0.37190669,-0.002229953,0.26156344,0.008140755,0.052341305,-0.012514113,0.749106714,-0.003648754,0.043119303,-0.00336323,-0.280464615,-0.003935824,0.371646585
-0.045698321,0.003819168,-0.283652095,-0.001718302,0.13313992,0.012453356,0.181236458,-0.01572722,-0.580888098,-0.003118281,-0.013927809,-0.005068228,-0.300499913,-0.001167986,0.13905634
-0.043360565,-0.743092777,0.003640164,-0.000895417,0.000845796,0.001469683,0.533099342,-0.003236053,-0.54993216,-0.001265716,-0.103196836,-0.003239655,-0.173360191,0.000707498,-0.09829807
-0.048623781,-0.680965679,-0.743153326,-0.003059253,-0.196792674,-0.012514113,0.749106714,0.006482087,-0.404801235,0.000321896,-0.030376265,0.001573055,-0.032884817,-0.000930183,0.001494558
-0.051549241,-0.730611887,-0.68103608,-0.006094819,-0.538184676,-0.01572722,-0.580888098,0.003711289,-0.95873504,0.000363535,-0.028550011,0.003814353,0.433642012,-0.003072518,-0.195079
-0.062454415,-0.561149132,-0.730674415,-0.003225839,-0.3345999,-0.003236053,-0.54993216,-0.003215483,0.208032645,-0.000349941,0.023689504,0.005302524,0.669299076,-0.005984209,-0.535328056
-0.077473518,-0.4737829,-0.561238536,0.000160993,-0.071113166,0.006482087,-0.404801235,-0.006152696,3.362384398,-0.001474481,0.086825107,0.001245269,0.336480461,-0.004189391,-0.256945942
-0.13189491,0.362991455,-0.473886159,-0.005181722,1.222369112,0.003711289,-0.95873504,-0.014023794,7.048188785,-0.003810277,0.458739363,-0.003935824,0.371646585,-0.00368427,0.752983211
-0.146117347,-0.49070144,0.362755489,-0.01217087,1.958760354,-0.003215483,0.208032645,-0.021115145,3.184871003,-0.004684101,0.745711876,-0.001167986,0.13905634,-0.008233797,1.8877199
-0.166360486,-0.362841653,-0.490802016,-0.01419719,1.172751904,-0.006152696,3.362384398,-0.022297605,-1.476266398,-0.005791407,0.672450434,0.000707498,-0.09829807,-0.012349797,1.104623172
-0.164296991,-0.748917193,-0.362962507,-0.014923316,0.068982335,-0.014023794,7.048188785,-0.015837907,-0.686749273,-0.007050872,0.413007175,-0.000930183,0.001494558,-0.013228595,0.233012866
-0.164754095,-0.783031626,-0.748976817,-0.014017065,-0.327431544,-0.021115145,3.184871003,-0.006738256,-0.448141371,-0.007875346,0.130532464,-0.003072518,-0.195079,-0.012756699,-0.134785441
-0.192415364,-0.205305083,-0.783085841,-0.014269587,-0.498324481,-0.022297605,-1.476266398,-0.005970347,0.286615004,-0.009772407,0.009778764,-0.005984209,-0.535328056,-0.013646591,-0.25446364
-0.156356457,-0.026967028,-0.20545092,-0.009225081,-0.424972694,-0.015837907,-0.686749273,-0.002430413,1.596450043,-0.007938658,0.015931431,-0.004189391,-0.256945942,-0.01179701,-0.499090692
-0.127911583,-0.188663896,-0.027141149,-0.000416801,0.005874696,-0.006738256,-0.448141371,0.006023631,14.96883054,-0.003966552,-0.002377915,-0.00368427,0.752983211,-0.004258099,-0.388341503
-0.128486227,-0.780535448,-0.188812373,0.00376525,0.446383967,-0.005970347,0.286615004,0.013602156,-0.161965273,-0.003584364,-0.068876133,-0.008233797,1.8877199,0.001237944,0.10768284
-0.120963615,-0.63298359,-0.780590058,0.005461304,0.452187342,-0.002430413,1.596450043,0.013392126,-1.491423469,-0.004521625,-0.148900586,-0.012349797,1.104623172,0.003626243,0.32509825
-0.16703961,0.185762813,-0.633061601,0.002757138,0.164927024,0.006023631,14.96883054,-0.000501146,0.261670304,-0.005532994,-0.164267166,-0.013228595,0.233012866,0.002453501,0.174202353
-0.138451075,-0.185613011,0.185554954,0.003462397,-0.390010654,0.013602156,-0.161965273,-0.006530724,1.17302924,-0.005809045,-0.218508647,-0.012756699,-0.134785441,0.001353837,-0.006034922
-0.112618218,-0.244134519,-0.185761972,0.006526966,-0.326462859,0.013392126,-1.491423469,-0.000214423,0.598035691,-0.003886526,-0.286879206,-0.013646591,-0.25446364,0.006080907,-0.260002209
-0.087124924,-0.2513457,-0.244274199,0.005647504,0.306036594,-0.000501146,0.261670304,0.011746894,0.097233894,-0.001701787,-0.187662723,-0.01179701,-0.499090692,0.008542606,-0.056148355
-0.095979664,-0.604693572,-0.251484236,0.00487947,0.566520553,-0.006530724,1.17302924,0.016310496,-0.61389743,0.000749078,0.030875035,-0.004258099,-0.388341503,0.005790151,0.284431445
-0.111338329,-0.466571719,-0.604776069,0.002796769,0.144934365,-0.000214423,0.598035691,0.005824294,-0.492678067,0.002019179,0.124576089,0.001237944,0.10768284,0.002796341,0.128580837
-0.135590915,-0.277694246,-0.466676122,0.002719184,-0.323138148,0.011746894,0.097233894,-0.006215422,0.2738608,0.001872723,-0.005368716,0.003626243,0.32509825,0.000143048,0.031636535
-0.08513979,0.278676107,-0.277828604,0.005599239,-0.352934947,0.016310496,-0.61389743,-0.004928594,1.002874977,0.003137389,0.019294779,0.002453501,0.174202353,0.003810912,-0.195378719
-0.044966956,0.060399204,0.278453513,0.007985701,0.326889014,0.005824294,-0.492678067,0.010112102,2.076303924,0.005672384,0.235543829,0.001353837,-0.006034922,0.009925659,0.033784226
0.011178368,0.399602066,0.060211227,0.010933283,1.626874291,-0.006215422,0.2738608,0.028092644,1.159034935,0.009212288,0.486867824,0.006080907,-0.260002209,0.012306948,0.961383224
0.016715846,-0.675141264,0.399360294,0.013852199,1.739256575,-0.004928594,1.002874977,0.032722835,-0.447152459,0.010706103,0.543178229,0.008542606,-0.056148355,0.012834021,1.439793255
0.033693962,-0.432179933,-0.675212589,0.016845171,0.466780281,0.010112102,2.076303924,0.023552987,-0.807043788,0.009480381,0.45841292,0.005790151,0.284431445,0.013096339,0.679098819
0.011674652,-0.325121629,-0.43228979,0.018982714,-0.339104345,0.028092644,1.159034935,0.010134011,-0.46693999,0.008499087,0.262763159,0.002796341,0.128580837,0.014073873,0.0753274
-0.037013361,0.241233436,-0.325248465,0.012597156,-0.550121753,0.032722835,-0.447152459,-0.00672736,0.716449146,0.00628135,0.044951292,0.000143048,0.031636535,0.012270946,-0.412547599
-0.059215513,-0.321238686,0.241016781,0.002163914,-0.144924611,0.023552987,-0.807043788,-0.018349194,2.107358016,0.005350784,-0.117520857,0.003810912,-0.195378719,0.006845341,-0.399412711
-0.00462434,0.366597045,-0.321366137,-0.001901606,0.074778037,0.010134011,-0.46693999,-0.013664627,-0.756622199,0.006716145,-0.143761131,0.009925659,0.033784226,0.003618999,-0.159641076
-0.0368697,-0.107954138,0.366360508,-0.004377469,-0.031691603,-0.00672736,0.716449146,-0.002035105,-0.243643813,0.005811117,-0.089733477,0.012306948,0.961383224,-0.000418561,-0.050928867
-0.028472063,-0.614400931,-0.108115415,-0.007308943,-0.272910694,-0.018349194,2.107358016,0.003936962,-0.295786822,0.003715582,-0.071425117,0.012834021,1.439793255,-0.005057461,-0.014882375
0.00114822,-0.163702115,-0.614481889,-0.004594631,-0.353849941,-0.013664627,-0.756622199,0.004664128,-0.272203477,0.004290749,-0.050440298,0.013096339,0.679098819,-0.004207351,-0.268676039
0.007978647,-0.647683305,-0.163854551,0.002185849,0.015155943,-0.002035105,-0.243643813,0.006465604,0.096491814,0.00594924,-0.108650884,0.014073873,0.0753274,-0.001966707,-0.227367702
0.054211363,0.18909105,-0.647758985,0.01008689,0.382780397,0.003936962,-0.295786822,0.016225404,0.531745755,0.008482828,-0.231422488,0.012270946,-0.412547599,0.004761539,0.35271919
0.03775565,-0.443274057,0.188882664,0.009927231,0.436328679,0.004664128,-0.272203477,0.015165804,0.203167835,0.008558218,-0.24007153,0.006845341,-0.399412711,0.010255965,0.329663856
0.034307787,-0.719517762,-0.443382155,0.00721463,-0.083846604,0.006465604,0.096491814,0.007955953,-0.940851949,0.005515181,-0.115874184,0.003618999,-0.159641076,0.007407708,-0.096353097
0.046923833,-0.524815874,-0.71958205,0.009245598,-0.44834842,0.016225404,0.531745755,0.002382193,-0.585910035,0.003121576,0.025812042,-0.000418561,-0.050928867,0.006656334,-0.090583716
0.072025324,-0.259666294,-0.52491104,0.009202051,-0.239152237,0.015165804,0.203167835,0.003360202,0.36542749,0.002462959,0.182187538,-0.005057461,-0.014882375,0.009943185,-0.283753953
0.043358428,-0.183948893,-0.25980351,0.006654834,-0.254755461,0.007955953,-0.940851949,0.005377233,0.855819165,0.00175373,0.143634356,-0.004207351,-0.268676039,0.007683469,-0.28892125
-0.011702908,0.376581758,-0.184098117,-0.001903377,0.276027475,0.002382193,-0.585910035,-0.006159318,3.58123719,-0.000369777,0.027399096,-0.001966707,-0.227367702,0.00120751,0.026888816
-0.038854834,-0.216121854,0.376343637,-0.008845247,1.2878868,0.003360202,0.36542749,-0.020970197,1.367967242,-0.000679025,0.014907773,0.004761539,0.35271919,-0.006010771,0.737138228
-0.030483316,-0.614955637,-0.216265977,-0.008756315,1.391558497,0.005377233,0.855819165,-0.022826931,-1.833589482,0.000723847,-0.073452957,0.010255965,0.329663856,-0.00858014,0.878139704
-0.041009748,-0.569192373,-0.615036507,-0.009496261,0.228532086,-0.006159318,3.58123719,-0.012839562,-0.853734646,-0.00020614,-0.018910608,0.007407708,-0.096353097,-0.007644056,0.349233135
-0.083520339,0.110045412,-0.5692805,-0.015211747,-0.11075425,-0.020970197,1.367967242,-0.009336674,0.338405449,-0.002236691,0.196508577,0.006656334,-0.090583716,-0.011010907,0.273432936
-0.074182375,-0.594431506,0.109849562,-0.017130849,-0.440089407,-0.022826931,-1.833589482,-0.011258166,1.206833444,-0.002485946,0.258512119,0.009943185,-0.283753953,-0.014858704,-0.115626845
-0.14952603,0.807311149,-0.594515631,-0.016107959,0.05691191,-0.012839562,-0.853734646,-0.019465813,2.336088001,-0.005290981,0.46450527,0.007683469,-0.28892125,-0.018286284,-0.155393443
-0.159556179,-0.579731791,0.807004717,-0.016468907,0.643597503,-0.009336674,0.338405449,-0.023736734,0.866250302,-0.008583959,0.565673454,0.00120751,0.026888816,-0.0185052,0.203359685
-0.148977507,-0.56808296,-0.579818247,-0.015352543,0.186530819,-0.011258166,1.206833444,-0.019509237,-1.571748529,-0.010012932,0.304745414,-0.006010771,0.737138228,-0.014122611,0.191671973
-0.109052814,0.055129495,-0.568171264,-0.012079577,-0.384988991,-0.019465813,2.336088001,-0.004502567,-0.487714687,-0.009491758,0.047121664,-0.00858014,0.878139704,-0.010439985,-0.167497757
-0.080359798,-0.183394186,0.054942354,-0.004234691,-0.221283218,-0.023736734,0.866250302,0.015857194,0.610862584,-0.007123469,-0.05316377,-0.007644056,0.349233135,-0.00657808,-0.324307688
-0.06165775,-0.395569321,-0.183543499,0.001031704,0.079323634,-0.019509237,-1.571748529,0.022285612,-0.463837143,-0.006115897,-0.116084438,-0.011010907,0.273432936,-0.000981559,-0.081017682
-0.10563107,0.141108961,-0.395684984,0.003727724,0.010020679,-0.004502567,-0.487714687,0.01207892,-0.465309375,-0.007873136,-0.220744701,-0.014858704,-0.115626845,-0.000540445,0.012958917
-0.110711445,-0.684848623,0.140908184,0.006126167,-0.294621418,0.015857194,0.610862584,-0.003547338,0.090014697,-0.009153186,-0.292992066,-0.018286284,-0.155393443,0.000416197,-0.167262822
-0.051248858,0.470049758,-0.684918408,0.009674291,-0.294763663,0.022285612,-0.463837143,-0.002597085,0.456338582,-0.005358416,-0.210004862,-0.0185052,0.203359685,0.008302612,-0.102018047
-0.104586263,0.339971146,0.469796814,0.00672571,-0.121237275,0.01207892,-0.465309375,0.001490916,0.259730138,-0.002928001,-0.106865588,-0.014122611,0.191671973,0.008632643,-0.266517342
-0.078126522,-0.230821569,0.339738831,0.000439519,-0.020621575,-0.003547338,0.090014697,0.00439491,-0.233302601,-0.003166773,-0.132967301,-0.010439985,-0.167497757,0.00424867,-0.296294303
-0.037627185,0.067333032,-0.230963361,0.001711972,0.225976201,-0.002597085,0.456338582,0.006030319,0.030874795,-0.001237653,-0.080549053,-0.00657808,-0.324307688,0.004129874,0.139605308
-0.019839344,-0.414984039,0.067143955,0.007156529,0.457620459,0.001490916,0.259730138,0.012836113,0.097931421,0.00187874,0.139060546,-0.000981559,-0.081017682,0.004728799,0.547154685
0.030899103,0.284777876,-0.415096624,0.014816428,0.636787378,0.00439491,-0.233302601,0.025178312,0.068807627,0.004734084,0.447317831,-0.000540445,0.012958917,0.009957519,0.893312863
0.04066805,-0.585278853,0.284554314,0.01519173,0.676397767,0.006030319,0.030874795,0.024296991,0.077431565,0.008282213,0.463839775,0.000416197,-0.167262822,0.016036249,0.575431662
0.012262356,-0.189495955,-0.58536443,0.01350551,-0.052579261,0.012836113,0.097931421,0.01416366,-0.707261781,0.010136022,0.09668884,0.008302612,-0.102018047,0.01194136,0.135056371
0.020477152,-0.618283874,-0.1896443,0.013811563,-0.581562847,0.025178312,0.068807627,0.00274309,-0.502423825,0.009527306,-0.085305337,0.008632643,-0.266517342,0.010400085,-0.215760015
0.044181214,-0.289343077,-0.618364217,0.011497563,-0.37532063,0.024296991,0.077431565,-0.000865578,0.065949947,0.008960904,-0.013084271,0.00424867,-0.296294303,0.013529817,-0.448096623
0.007639084,-0.016704963,-0.289475587,0.006913309,-0.340471177,0.01416366,-0.707261781,-0.000138524,0.271679858,0.006667107,0.024494274,0.004129874,0.139605308,0.009133632,-0.375410952
0.011230609,-0.716466878,-0.016880711,0.000490981,-0.252114465,0.00274309,-0.502423825,-0.001732995,0.244026237,0.004425815,-0.004919162,0.004728799,0.547154685,0.004132541,-0.378654107
-0.001294017,-0.526757346,-0.716531649,-0.003854658,0.025963605,-0.000865578,0.065949947,-0.006834333,-0.729396934,0.004854794,-0.082091323,0.009957519,0.893312863,-6.04039E-05,-0.161644971
-0.024201414,-0.306261617,-0.526852203,-0.004896696,0.457858096,-0.000138524,0.271679858,-0.009661725,-0.117231207,0.005215365,-0.216499155,0.016036249,0.575431662,-0.005207344,0.270249944
-0.021484915,-0.735049537,-0.306391444,-0.004902717,0.596229655,-0.001732995,0.244026237,-0.008076547,0.301174434,0.003171155,-0.155002859,0.01194136,0.135056371,-0.005281919,0.457316535
0.018230817,0.050691845,-0.735111361,-0.00425665,-0.327802442,-0.006834333,-0.729396934,-0.001659718,0.897015232,0.004149554,-0.21200347,0.010400085,-0.215760015,-0.00193115,0.167443479
0.028718068,-0.570024432,0.050505408,-0.000306032,-0.157072667,-0.009661725,-0.117231207,0.00915197,0.777297906,0.00623116,-0.395524441,0.013529817,-0.448096623,-0.000953478,-0.197702428
0.068564401,0.053465376,-0.570112428,0.004939072,0.693824498,-0.008076547,0.301174434,0.018136363,0.223933972,0.005775415,-0.157693253,0.009133632,-0.375410952,0.002452137,0.348828236
0.073631715,-0.685125976,0.053278499,0.008344416,1.174871233,-0.001659718,0.897015232,0.018405557,-0.079261973,0.005394895,0.098475387,0.004132541,-0.378654107,0.006652783,0.843090923
0.038643736,-0.049709984,-0.685195717,0.00868059,0.002235693,0.00915197,0.777297906,0.008211563,-0.288785533,0.002726981,0.092413008,-6.04039E-05,-0.161644971,0.005525228,0.352412228
0.064829215,-0.236645985,-0.049880498,0.009364315,-0.540693023,0.018136363,0.223933972,0.000769436,-0.240984244,0.000857162,0.077331635,-0.005207344,0.270249944,0.006940115,-0.177446968
0.085790659,-0.347587232,-0.236786852,0.009615079,-0.313355539,0.018405557,-0.079261973,0.001039856,0.191618694,0.002617894,0.194584221,-0.005281919,0.457316535,0.01052838,-0.339794531
0.067075551,-0.395291968,-0.347710505,0.006592537,-0.220484575,0.008211563,-0.288785533,0.005004525,-0.353864795,0.003218501,0.174114165,-0.00193115,0.167443479,0.008355216,-0.357146933
0.047798859,-0.383365784,-0.395407675,0.001089111,-0.199593695,0.000769436,-0.240984244,0.001406359,-0.254131555,0.001344546,0.044202981,-0.000953478,-0.197702428,0.003617986,-0.282322938
0.05229153,-0.697329513,-0.383483383,-0.002595895,0.055220199,0.001039856,0.191618694,-0.006223429,-0.060230987,0.001289903,-0.010551401,0.002452137,0.348828236,0.000148711,-0.153568097
-0.005760567,0.440095621,-0.697397319,-0.004043705,0.90648948,0.005004525,-0.353864795,-0.013051005,1.155755187,0.000738262,0.020277225,0.006652783,0.843090923,-0.005053488,0.654339533
-0.012839136,-0.642413596,0.439847428,-0.007517848,1.342283992,0.001406359,-0.254131555,-0.016416194,1.350225521,-0.000761542,0.060794113,0.005525228,0.352412228,-0.006906486,1.353224361
0.055164749,0.651438697,-0.642490111,-0.006678081,0.174182492,-0.006223429,-0.060230987,-0.007133975,0.504557572,0.001807772,-0.075730115,0.006940115,-0.177446968,-0.003229614,0.485182669
0.051168362,-0.707868931,0.651156985,-0.002877392,-0.261835969,-0.013051005,1.155755187,0.00745263,0.075090681,0.00405392,-0.233920338,0.01052838,-0.339794531,-0.00234894,-0.198251509
0.055086389,-0.70953305,-0.707935066,-0.000535572,-0.042053399,-0.016416194,1.350225521,0.015678017,-0.982259339,0.002921184,-0.15589952,0.008355216,-0.357146933,-0.002479009,-0.175762846
0.057802887,-0.735049537,-0.709598921,0.00079676,0.047621857,-0.007133975,0.504557572,0.008857508,-0.931495413,0.001755265,-0.041937786,0.003617986,-0.282322938,-0.000105633,-0.018952995
0.069739809,-0.539238236,-0.735111361,0.005048162,-0.094358869,0.00745263,0.075090681,0.002643444,0.144393991,0.000803941,-0.013343991,0.000148711,-0.153568097,0.001463486,0.096510663
0.120243174,0.27978552,-0.539331114,0.012991714,-0.21458833,0.015678017,-0.982259339,0.010347816,13.04598179,0.00126834,0.191023795,-0.005053488,0.654339533,0.007652334,0.255572873
0.169597252,0.255378445,0.27956275,0.015411338,0.546917106,0.008857508,-0.931495413,0.021861935,12.63275257,0.004709224,0.620107273,-0.006906486,1.353224361,0.016444718,0.381764938
0.130469224,0.038210954,0.255159546,0.012006232,0.691186271,0.002643444,0.144393991,0.021266149,-0.910366503,0.00521372,0.553787832,-0.003229614,0.485182669,0.013728877,0.22841577
0.124122021,-0.65794537,0.038026497,0.009117655,-0.237595858,0.010347816,13.04598179,0.007900486,-0.763343316,0.002753948,0.17111282,-0.00234894,-0.198251509,0.007844498,-0.042998697
0.15473487,-0.142623278,-0.658019422,0.010130118,-0.257129952,0.021861935,12.63275257,-0.001324985,-0.198128091,0.00332565,0.154010117,-0.002479009,-0.175762846,0.009045252,-0.118449873
0.161957099,-0.639362711,-0.142779057,0.011489438,-0.435468277,0.021266149,-0.910366503,0.00199101,-0.174350407,0.005317963,0.175532821,-0.000105633,-0.018952995,0.010638341,-0.206942788
0.152135912,-0.584169441,-0.639439711,0.007507298,-0.398867344,0.007900486,-0.763343316,0.007122411,-0.449407083,0.005633353,0.109271403,0.001463486,0.096510663,0.009700839,-0.495801711
0.111153352,0.077595097,-0.584255194,-0.001596693,-0.030661582,-0.001324985,-0.198128091,-0.001866779,0.424659514,0.005692757,-0.08897765,0.007652334,0.255572873,0.003792363,-0.297775866
0.11383067,-0.735881596,0.077404393,-0.004490291,0.219619563,0.00199101,-0.174350407,-0.010955715,0.888099934,0.006378155,-0.295847831,0.016444718,0.381764938,-0.003337242,0.032492096
0.094645399,-0.385307256,-0.735943288,-0.002752658,0.454473977,0.007122411,-0.449407083,-0.012575242,-3.253717599,0.004339247,-0.2186744,0.013728877,0.22841577,-0.004692966,0.216560269
0.114679576,-0.367279303,-0.385424547,-0.004164955,0.186179119,-0.001866779,0.424659514,-0.006458753,-0.430386625,0.002681586,-0.119393404,0.007844498,-0.042998697,-0.002320462,0.269743608
0.082212194,-0.103239135,-0.367399453,-0.00718318,-0.20005625,-0.010955715,0.888099934,-0.003381719,0.261300176,0.002352147,-0.155858144,0.009045252,-0.118449873,-0.004213783,0.143238993
0.099621293,-0.42302728,-0.10340116,-0.007944278,-0.473174925,-0.012575242,-3.253717599,-0.00322956,0.473346911,0.001787359,-0.170713374,0.010638341,-0.206942788,-0.006945794,-0.170698371
0.070144672,-0.166752999,-0.423138588,-0.005631103,-0.234249865,-0.006458753,-0.430386625,-0.004793214,-0.137917426,0.001092827,-0.112954465,0.009700839,-0.495801711,-0.007437083,-0.445898291
0.04361963,-0.229434804,-0.166904951,-0.006728925,0.510082058,-0.003381719,0.261300176,-0.010110974,0.718252912,-0.001971316,0.189233989,0.003792363,-0.297775866,-0.00773383,0.115533732
0.030546481,-0.515108515,-0.229576815,-0.008151812,1.139451933,-0.00322956,0.473346911,-0.013087896,0.329739131,-0.005572162,0.31904359,-0.003337242,0.032492096,-0.007825937,0.610263203
-0.022581962,0.335533496,-0.51520522,-0.012251871,1.071144708,-0.004793214,-0.137917426,-0.019775414,0.475647819,-0.007546668,0.503824458,-0.004692966,0.216560269,-0.010448994,1.251605205
-0.026904852,-0.700935103,0.335301885,-0.015055337,0.718751569,-0.010110974,0.718252912,-0.020047151,0.421878311,-0.007871662,0.563974534,-0.002320462,0.269743608,-0.013534751,0.749089599
-0.018402734,-0.612182106,-0.701002338,-0.013934379,-0.090480437,-0.013087896,0.329739131,-0.014796819,-1.52708964,-0.008421955,0.27054138,-0.004213783,0.143238993,-0.012721398,0.09707918
-0.022843164,-0.698438925,-0.612263416,-0.013054832,-0.43314026,-0.019775414,0.475647819,-0.006165517,-0.791227599,-0.00933653,0.022888645,-0.006945794,-0.170698371,-0.011789724,-0.211722085
-0.066385502,0.131956308,-0.698506556,-0.012644079,-0.199296163,-0.020047151,0.421878311,-0.005023599,0.695829754,-0.010561939,0.019690032,-0.007437083,-0.445898291,-0.013791036,-0.250073753
-0.071491997,-0.684293916,0.131756983,-0.013305645,-0.175235775,-0.014796819,-1.52708964,-0.011774223,5.288555333,-0.010553356,0.092581632,-0.00773383,0.115533732,-0.013471686,-0.113716461
-0.064243647,-0.638808005,-0.68436379,-0.009070046,-0.196743024,-0.006165517,-0.791227599,-0.012018811,-5.359313415,-0.009535686,0.055103837,-0.007825937,0.610263203,-0.011311284,-0.332884513
-0.089031697,-0.266322768,-0.638885092,-0.006596712,0.13785101,-0.005023599,0.695829754,-0.008187662,-0.527657459,-0.009618523,0.02263661,-0.010448994,1.251605205,-0.008753371,-0.160378388
-0.095274419,-0.660164195,-0.266458929,-0.008892301,0.032850054,-0.011774223,5.288555333,-0.005975945,0.474619645,-0.01051724,-0.021945796,-0.013534751,0.749089599,-0.007365081,0.171575842
-0.088535413,-0.649624777,-0.660237895,-0.009144768,-0.607164336,-0.012018811,-5.359313415,-0.0062209,-2.414006755,-0.01022041,-0.089051059,-0.012721398,0.09707918,-0.007605662,-0.145434072
-0.134049825,0.173836629,-0.649700148,-0.008588387,-0.039291506,-0.008187662,-0.527657459,-0.008995205,0.639580565,-0.010910928,-0.102394368,-0.011789724,-0.211722085,-0.009994472,-0.210161579
-0.130184038,-0.710642463,0.173630662,-0.008178049,0.532305828,-0.005975945,0.474619645,-0.010405332,1.308728966,-0.011775708,-0.134893653,-0.013791036,-0.250073753,-0.00968185,0.078209836
-0.138059272,-0.625495056,-0.710708157,-0.008612794,-0.038479575,-0.0062209,-2.414006755,-0.011026778,-5.492101208,-0.010413248,-0.130871144,-0.013471686,-0.113716461,-0.007240348,0.17845105
-0.097912558,0.059844498,-0.625574254,-0.005398889,-0.186656621,-0.008995205,0.639580565,-0.001758591,-0.161329869,-0.008508328,-0.20012763,-0.011311284,-0.332884513,-0.005601585,-0.181793855
-0.106636697,-0.607467103,0.059656609,-0.001326669,-0.111096316,-0.010405332,1.308728966,0.007876866,0.68069238,-0.005862324,-0.193734466,-0.008753371,-0.160378388,-0.002875636,-0.291361611
-0.155834054,0.252050208,-0.607549161,-0.005180238,-0.043402032,-0.011026778,-5.492101208,0.000766845,2.528233058,-0.005904887,-0.023099131,-0.007365081,0.171575842,-0.004400198,0.064448822
-0.151041001,-0.690950391,0.251831837,-0.005554179,0.114516985,-0.001758591,-0.161329869,-0.009374002,0.282556155,-0.007277764,-0.042881212,-0.007605662,-0.145434072,-0.006940987,0.038364833
-0.098108459,0.331373199,-0.691019209,0.000994714,0.262187341,0.007876866,0.68069238,-0.005878222,0.038138498,-0.005798198,-0.25652018,-0.009994472,-0.210161579,-0.001499735,0.01149408
-0.112513737,-0.486818497,0.331142248,0.003816659,0.131678329,0.000766845,2.528233058,0.006849587,0.007699925,-0.003397747,-0.231411147,-0.00968185,0.078209836,0.003037134,0.140819377
-0.072053581,0.066500972,-0.486919689,0.003408725,0.227586695,-0.009374002,0.282556155,0.016271986,-0.424909644,-0.001311696,-0.059620975,-0.007240348,0.17845105,0.004757142,0.25949082
-0.083219957,-0.55560207,0.066312028,0.003260625,0.319308417,-0.005878222,0.038138498,0.012475225,-0.202006349,-0.000550057,-0.065023334,-0.005601585,-0.181793855,0.004578499,0.283515709
-0.05733486,-0.243025107,-0.555692353,0.00805369,0.043310472,0.006849587,0.007699925,0.009257997,-0.274950973,0.000358591,0.043399098,-0.002875636,-0.291361611,0.003627152,0.313676444
-0.044601273,-0.522319696,-0.243164962,0.01351505,-0.296203991,0.016271986,-0.424909644,0.010805281,-0.059338424,0.002322044,0.270029608,-0.004400198,0.064448822,0.009065057,0.137630294
-0.083206897,0.02711683,-0.522415257,0.007989722,-0.277901636,0.012475225,-0.202006349,0.003584535,0.320099971,0.001579555,0.178494131,-0.006940987,0.038364833,0.010103154,-0.463278692
-0.092283659,-0.599978569,0.026934131,0.002298338,-0.217943664,0.009257997,-0.274950973,-0.004526901,0.434428836,0.001327142,-0.024388664,-0.001499735,0.01149408,0.004144389,-0.35688649
-0.105696371,-0.507897334,-0.600061814,-0.000871402,-0.037257649,0.010805281,-0.059338424,-0.012401056,-0.424701263,0.001864391,-0.056519624,0.003037134,0.140819377,0.000706883,-0.066218464
-0.100341734,-0.679024207,-0.507995183,-0.0032949,0.273156942,0.003584535,0.320099971,-0.010100925,-0.943867161,0.0017502,-0.083796691,0.004757142,0.25949082,-0.001195996,-0.003422957
-0.16989977,0.684443718,-0.679094916,-0.008406342,1.00552481,-0.004526901,0.434428836,-0.012289549,1.081868593,-0.000963076,0.112361503,0.004578499,0.283515709,-0.006402028,0.876897601
-0.185519637,-0.461024657,0.684156772,-0.016466795,0.837319802,-0.012401056,-0.424701263,-0.02058358,3.411152973,-0.00423697,0.368499862,0.003627152,0.313676444,-0.011960263,1.303168806
-0.162364098,-0.300991908,-0.461129939,-0.014312481,0.007078606,-0.010100925,-0.943867161,-0.018586495,-3.983593986,-0.002396162,0.225788591,0.009065057,0.137630294,-0.013712066,0.085260525
-0.185741658,-0.296276905,-0.301122571,-0.011308711,-0.116046245,-0.012289549,1.081868593,-0.010307639,-0.824481274,-0.00115902,0.11286771,0.010103154,-0.463278692,-0.012341668,-0.188148818
-0.149356249,-0.0200332,-0.296408315,-0.009066846,-0.209336491,-0.02058358,3.411152973,0.002718882,0.146136483,-0.002421432,0.103722395,0.004144389,-0.35688649,-0.009006313,-0.142138109
-0.122387165,-0.220004798,-0.020208421,-0.004367589,-0.35681887,-0.018586495,-3.983593986,0.010272313,1.554553633,-0.00172229,0.022250857,0.000706883,-0.066218464,-0.00419016,-0.227835328
-0.073947294,0.235963727,-0.220148304,0.004943489,0.282385538,-0.010307639,-0.824481274,0.020519766,1.471941046,-0.000331902,-0.001922904,-0.001195996,-0.003422957,0.000554449,0.112344643
-0.066424682,-0.63298359,0.235747907,0.014426207,0.761395834,0.002718882,0.146136483,0.026199216,-0.077098797,0.00042092,0.019918893,-0.006402028,0.876897601,0.007444791,0.487518463
-0.121747221,0.38212882,-0.633061601,0.010729951,0.095831757,0.010272313,1.554553633,0.011183895,-0.258068704,-0.001345399,-0.037008619,-0.011960263,1.303168806,0.009596672,0.128452991
-0.107524783,-0.49070144,0.381889819,0.007932495,-0.392405084,0.020519766,1.471941046,-0.00434287,-0.043006987,-0.00359801,-0.16615198,-0.013712066,0.085260525,0.006795656,-0.199246026
-0.069519923,0.014358586,-0.490802016,0.010467292,-0.384398103,0.026199216,-0.077098797,-0.004783059,-0.098923782,-0.001390571,-0.079544174,-0.012341668,-0.188148818,0.00974289,-0.244760816
-0.062167093,-0.63658918,0.014177911,0.009250545,-0.150455772,0.011183895,-0.258068704,0.007366454,-0.146137614,0.001239383,0.077870757,-0.009006313,-0.142138109,0.011543467,-0.327740527
-0.084369245,-0.321238686,-0.636666619,0.003272197,-0.0691817,-0.00434287,-0.043006987,0.010837396,-0.54617588,0.001458151,0.080403646,-0.00419016,-0.227835328,0.007083395,-0.228430811
-0.086210718,-0.753632196,-0.321366137,-0.001974586,-0.084408078,-0.004783059,-0.098923782,0.000847149,-0.405991122,0.001004657,0.035670182,0.000554449,0.112344643,0.001447503,-0.147868889
-0.073490191,-0.522597049,-0.753691073,0.001853748,-0.33569695,0.007366454,-0.146137614,-0.003642539,-0.182201253,0.003129343,-0.014368679,0.007444791,0.487518463,-0.001081064,-0.047081266
-0.119840447,0.191587228,-0.522692566,0.002341733,-0.089692484,0.010837396,-0.54617588,-0.006066219,0.934262628,0.004585875,-0.145937378,0.009596672,0.128452991,-0.000287915,-0.061070812
-0.119213563,-0.779426036,0.191378446,-0.004045385,0.344883655,0.000847149,-0.405991122,-0.00889594,1.472655718,0.00307782,-0.18730125,0.006795656,-0.199246026,-0.000546319,0.081642171
-0.114159309,-0.685403329,-0.779480822,-0.006612999,0.007544189,-0.003642539,-0.182201253,-0.009585338,-3.030513108,0.003235944,-0.266243373,0.00974289,-0.244760816,-0.003147135,0.121517311
-0.119775147,-0.673477145,-0.685473026,-0.005688372,-0.169787632,-0.006066219,0.934262628,-0.00530739,-0.980791354,0.002847954,-0.306418151,0.011543467,-0.327740527,-0.005712101,-0.142573477
-0.184226688,0.575998649,-0.673548734,-0.00871204,0.630934439,-0.00889594,1.472655718,-0.008526215,1.347523099,-0.000907037,0.163474039,0.007083395,-0.228430811,-0.008802632,0.502629415
-0.206846762,-0.312363386,0.575728902,-0.015159385,0.988788457,-0.009585338,-3.030513108,-0.020813726,13.51157658,-0.005464643,0.688695991,0.001447503,-0.147868889,-0.012356856,1.085565208
-0.180831065,-0.240251575,-0.312492245,-0.012763114,0.268778226,-0.00530739,-0.980791354,-0.020291269,-8.015432227,-0.006933985,0.482689608,-0.001081064,-0.047081266,-0.012817623,0.222718804
-0.164427592,-0.44438347,-0.240391871,-0.007019828,-0.09451436,-0.008526215,1.347523099,-0.005492261,-0.611018819,-0.004412064,0.111495676,-0.000287915,-0.061070812,-0.008590128,-0.229369743
-0.10849123,0.395164416,-0.444491391,-0.002637121,-0.055126639,-0.020813726,13.51157658,0.015925686,0.526462987,-0.001230492,0.03954003,-0.000546319,0.081642171,-0.001927893,-0.001877868
-0.129073931,-0.355630472,0.394923348,-0.000243102,-0.008191272,-0.020291269,-8.015432227,0.0204011,0.487973648,-0.001711715,-0.054469923,-0.003147135,0.121517311,-0.000240131,-0.006812587
-0.145764725,-0.438281701,-0.35575247,0.001958617,-0.082485556,-0.005492261,-0.611018819,0.009544765,-0.900266119,-0.004053687,-0.131795566,-0.005712101,-0.142573477,-0.002348955,-0.139208563
-0.096423707,0.255101092,-0.438390591,0.009995406,-0.114730475,0.015925686,0.526462987,0.004110417,-0.084222658,-0.002708696,-0.100533817,-0.008802632,0.502629415,0.003547497,0.056439005
-0.110842046,-0.486541144,0.254882237,0.012119543,-0.271511969,0.0204011,0.487973648,0.004024906,0.236823717,-0.001040631,-0.060417987,-0.012356856,1.085565208,0.010557839,-0.079463372
-0.105500469,-0.67930156,-0.486642379,0.008637882,-0.40358885,0.009544765,-0.900266119,0.007751281,-0.953780614,-0.001610518,-0.119218227,-0.012817623,0.222718804,0.009856143,-0.435557787
-0.118116516,-0.524815874,-0.679372226,0.003279153,-0.244763791,0.004110417,-0.084222658,0.00245696,-0.758576504,-0.000861441,-0.07733059,-0.008590128,-0.229369743,0.006962328,-0.373728308
-0.141911998,-0.287401605,-0.52491104,-0.001487155,0.074550223,0.004024906,0.236823717,-0.006963596,0.441464063,-0.000597001,-0.006658358,-0.001927893,-0.001877868,0.000733762,-0.193493266
-0.146365489,-0.698161572,-0.287534423,-0.000886242,0.135396931,0.007751281,-0.953780614,-0.009443748,1.214840301,-0.001564184,-0.027110481,-0.000240131,-0.006812587,-0.002874401,0.175088309
-0.170030371,-0.290175137,-0.698229246,-0.004896815,0.276227351,0.00245696,-0.758576504,-0.012214959,-0.533127377,-0.002349137,-0.007310784,-0.002348955,-0.139208563,-0.002349317,0.474208249
-0.151654825,-0.402503149,-0.290307515,-0.007556736,0.16432026,-0.006963596,0.441464063,-0.008150856,-0.149663428,-0.000504085,-0.046023442,0.003547497,0.056439005,-0.004502629,0.163808095
-0.170448294,-0.393627849,-0.402617713,-0.006985147,-0.262794132,-0.009443748,1.214840301,-0.00449595,-0.288494507,0.001967886,-0.194235586,0.010557839,-0.079463372,-0.006510666,-0.092838595
-0.187282749,-0.435230817,-0.39374382,-0.008901074,-0.239258876,-0.012214959,-0.533127377,-0.005532259,0.35743534,0.000855679,-0.111281272,0.009856143,-0.435557787,-0.008027019,-0.040028234
-0.245204245,0.43732209,-0.43534019,-0.01147706,0.693347856,-0.008150856,-0.149663428,-0.014848964,2.293151813,-0.002490086,0.383587627,0.006962328,-0.373728308,-0.011895429,0.461786753
-0.2503891,-0.682629798,0.437074336,-0.0138567,1.243849205,-0.00449595,-0.288494507,-0.023325356,1.603723091,-0.006350036,0.688704236,0.000733762,-0.193493266,-0.013461432,0.804713743
-0.309564365,0.46394799,-0.682699935,-0.016354655,1.361699521,-0.005532259,0.35743534,-0.027251544,-0.19407523,-0.009195278,0.784169686,-0.002874401,0.175088309,-0.015597912,0.963775233
-0.260432309,0.250663442,0.463696013,-0.01679033,0.253610489,-0.014848964,2.293151813,-0.018767435,-0.085872257,-0.008438047,0.478753133,-0.002349317,0.474208249,-0.014667171,0.397292711
-0.302864539,0.108381293,0.250445291,-0.01642457,-0.362040245,-0.023325356,1.603723091,-0.009342156,-0.26008998,-0.009217314,0.171277881,-0.004502629,0.163808095,-0.014061993,-0.113133258
-0.269992294,-0.094641189,0.108185707,-0.014789953,-0.398985581,-0.027251544,-0.19407523,-0.001811046,-0.263132124,-0.010548827,0.044061258,-0.006510666,-0.092838595,-0.014734016,-0.27518644
-0.235435298,-0.058862637,-0.094804577,-0.00505247,-0.297293805,-0.018767435,-0.085872257,0.009081975,0.223403406,-0.008369,-0.098760398,-0.008027019,-0.040028234,-0.008724835,-0.426096051
-0.15966066,0.816463802,-0.059031699,0.007025723,0.620922886,-0.009342156,-0.26008998,0.023834243,1.282722363,-0.004994156,-0.133126021,-0.011895429,0.461786753,0.002228697,0.17505559
-0.195053502,-0.041112037,0.816155918,0.014431624,0.849389086,-0.001811046,-0.263132124,0.030738682,0.188542604,-0.002770467,-0.104605508,-0.013461432,0.804713743,0.008447241,0.649964415
-0.154462744,0.069274504,-0.041283915,0.015492679,0.188298097,0.009081975,0.223403406,0.021892496,-1.018632853,-0.001798662,-0.065057471,-0.015597912,0.963775233,0.01265454,0.249251117
-0.14943461,-0.685958035,0.069085119,0.018111967,-0.053728098,0.023834243,1.282722363,0.012553347,-0.228609399,0.000367546,0.014771793,-0.014667171,0.397292711,0.015919859,0.119792003
-0.183978546,-0.05913999,-0.686027645,0.016585986,-0.52814543,0.030738682,0.188542604,0.002902115,-0.090346117,-0.000345426,-0.010792297,-0.014061993,-0.113133258,0.013707815,-0.215185083
-0.178558609,-0.677637442,-0.059309008,0.00982573,-0.517325699,0.021892496,-1.018632853,-0.001754651,-0.291342833,-0.001191196,-0.049808514,-0.014734016,-0.27518644,0.0124263,-0.547852839
-0.23282328,0.359663217,-0.677708371,-0.001108195,-0.04681798,0.012553347,-0.228609399,-0.014464302,0.448788821,-0.001579608,-0.02239292,-0.008724835,-0.426096051,0.005520292,-0.267514343
-0.220638217,-0.533968527,0.35942778,-0.006680279,0.482804995,0.002902115,-0.090346117,-0.016130985,0.530132324,-0.000618127,-0.020559327,0.002228697,0.17505559,-0.003402197,0.031707697
-0.232313937,-0.544785298,-0.534062241,-0.006970641,0.209646003,-0.001754651,-0.291342833,-0.012188595,-1.237777595,0.001256954,-0.016563372,0.008447241,0.649964415,-0.005696051,0.220469961
-0.261411816,-0.17479624,-0.544877297,-0.012856097,-0.075563636,-0.014464302,0.448788821,-0.011226752,-0.250054784,0.001954849,-0.101829242,0.01265454,0.249251117,-0.008360313,0.266842164
-0.196607652,0.583487183,-0.174946916,-0.008453589,-0.14140943,-0.016130985,0.530132324,-0.000624555,0.897925874,0.003302846,-0.119673316,0.015919859,0.119792003,-0.008966678,-0.173960801
-0.176769377,-0.3714396,0.583216248,-0.000739308,-0.055375066,-0.012188595,-1.237777595,0.010984672,3.375901047,0.005598833,-0.165039608,0.013707815,-0.215185083,-0.002330111,-0.211177091
-0.216445928,0.049859785,-0.37155909,0.001248544,-0.004428026,-0.011226752,-0.250054784,0.013929588,-0.601005649,0.005288322,-0.249734107,0.0124263,-0.547852839,-0.001799927,-0.072623012
-0.202432452,-0.49513909,0.04967348,0.002378875,-0.004175133,-0.000624555,0.897925874,0.005406498,-0.743906055,0.002543074,-0.134508175,0.005520292,-0.267514343,-0.00044105,-0.139890678
-0.223420016,-0.347032526,-0.495238962,0.001863882,-0.011210757,0.010984672,3.375901047,-0.007193163,-0.206689406,-0.000900382,-0.070536132,-0.003402197,0.031707697,0.001623665,0.002233607
-0.238334638,-0.476001725,-0.347155886,0.002196457,-0.273550801,0.013929588,-0.601005649,-0.009337596,-0.105089954,-0.003128655,0.005107127,-0.005696051,0.220469961,-0.000518824,0.029734546
-0.278860095,0.067887738,-0.476104632,-0.004060341,0.191455005,0.005406498,-0.743906055,-0.013404964,0.89458937,-0.004896302,0.105163603,-0.008360313,0.266842164,-0.0013808,0.209064786
-0.292272807,-0.507897334,0.067698574,-0.013560846,0.493532334,-0.007193163,-0.206689406,-0.019935091,0.939807892,-0.007817977,0.085508301,-0.008966678,-0.173960801,-0.006656133,0.47607482
-0.315846268,-0.292116608,-0.507995183,-0.014713456,0.43055952,-0.009337596,-0.105089954,-0.020144337,-0.552478337,-0.008046712,0.188706729,-0.002330111,-0.211177091,-0.013818235,0.359355032
-0.33083925,-0.474337607,-0.292248679,-0.01568522,0.184689782,-0.013404964,0.89458937,-0.018011455,-0.301166953,-0.008353741,0.28173484,-0.001799927,-0.072623012,-0.014936021,0.225527042
-0.339119347,-0.616897109,-0.474440778,-0.016942193,-0.17677918,-0.019935091,0.939807892,-0.01387903,-0.246688274,-0.007634012,0.297942901,-0.00044105,-0.139890678,-0.014879064,0.03792145
-0.337800278,-0.76472632,-0.616977671,-0.015037271,-0.390701313,-0.020144337,-0.552478337,-0.009768653,-0.800713649,-0.006622983,0.247713555,0.001623665,0.002233607,-0.015001931,-0.261354268
-0.321827789,-0.453536123,-0.764783438,-0.010044401,-0.472132359,-0.018011455,-0.301166953,-0.001851312,-0.11170165,-0.006153354,0.121519842,-0.000518824,0.029734546,-0.011904837,-0.444318421
-0.344043001,-0.320961333,-0.453642593,-0.006735876,-0.380816154,-0.01387903,-0.246688274,0.000588668,0.594087809,-0.00514154,0.100441274,-0.0013808,0.209064786,-0.009019101,-0.433243819
-0.343298575,-0.776929858,-0.321088828,-0.005672849,-0.360023384,-0.009768653,-0.800713649,-0.001505581,0.672398165,-0.006873327,0.037734189,-0.006656133,0.47607482,-0.007098796,-0.328116276
-0.371534489,-0.193101545,-0.77698504,-0.00489487,0.299998481,-0.001851312,-0.11170165,-0.007964682,0.481468824,-0.010261778,-0.096441008,-0.013818235,0.359355032,-0.006552216,-0.105446142
-0.420483703,0.246780499,-0.193249319,-0.008799962,2.454307751,0.000588668,0.594087809,-0.01821281,2.307407455,-0.012015061,-0.003121175,-0.014936021,0.225527042,-0.008959252,1.225953866
-0.422664738,-0.746421015,0.246562963,-0.012008136,3.111148962,-0.001505581,0.672398165,-0.022512832,1.016094215,-0.012839073,0.032712539,-0.014879064,0.03792145,-0.010710239,2.321575593
-0.440596241,-0.411933155,-0.746481035,-0.014753528,0.473556453,-0.007964682,0.481468824,-0.021601782,-1.741092715,-0.013315141,-0.050593727,-0.015001931,-0.261354268,-0.011563364,0.915128033
-0.440073837,-0.781644861,-0.412046223,-0.015654834,-0.073449345,-0.01821281,2.307407455,-0.013047297,-0.478982797,-0.012831894,-0.064920432,-0.011904837,-0.444318421,-0.013793435,0.081332265
-0.473377065,-0.085488536,-0.781699295,-0.016581682,-0.218701296,-0.022512832,1.016094215,-0.010469015,0.2781718,-0.01222025,0.004602886,-0.009019101,-0.433243819,-0.015530428,-0.063642001
-0.496206101,-0.307925736,-0.085653376,-0.018846195,-0.232724469,-0.021601782,-1.741092715,-0.015997375,1.633075436,-0.012370769,0.132684779,-0.007098796,-0.328116276,-0.017819611,-0.071962661
-0.485562128,-0.566696195,-0.308055299,-0.014137986,-0.105615898,-0.013047297,-0.478982797,-0.015256328,-0.750142516,-0.011673882,0.114774242,-0.006552216,-0.105446142,-0.016979989,-0.316076823
-0.484909124,-0.778871329,-0.566784718,-0.009579472,-0.171394835,-0.010469015,0.2781718,-0.008671077,-1.147165175,-0.010177858,0.04899542,-0.008959252,1.225953866,-0.011445727,-0.26109614
-0.457718018,-0.215289795,-0.778926204,-0.006027867,-0.287178102,-0.015997375,1.633075436,0.00413416,0.158260749,-0.008626342,-0.020047701,-0.010710239,2.321575593,-0.006443617,-0.201739799
-0.404746296,0.332205259,-0.215434049,0.001389598,0.308266644,-0.015256328,-0.750142516,0.018425809,3.013544184,-0.005901716,-0.099306595,-0.011563364,0.915128033,5.19871E-05,0.116368316
-0.402708922,-0.749471899,0.331974176,0.00812899,0.875651123,-0.008671077,-1.147165175,0.025221817,2.411990348,-0.004725171,-0.177610656,-0.013793435,0.081332265,0.004797867,0.573960597
-0.377372348,-0.254673938,-0.749531436,0.014552333,0.642211447,0.00413416,0.158260749,0.025000201,-1.605736955,-0.003664534,-0.174456465,-0.015530428,-0.063642001,0.008760011,0.72234849
-0.395800134,-0.401393737,-0.254811946,0.015975259,-0.0162272,0.018425809,3.013544184,0.01356483,-0.443761194,-0.002759881,-0.161532684,-0.017819611,-0.071962661,0.01287038,0.193447553
-0.382139281,-0.502627625,-0.401508476,0.014665636,-0.424195905,0.025221817,2.411990348,0.004428611,-0.182293095,-0.002034467,-0.136269088,-0.016979989,-0.316076823,0.013323851,-0.201148567
-0.376928305,-0.682075091,-0.502726309,0.013856765,-0.616582737,0.025000201,-1.605736955,0.003115379,-0.219755389,0.001063428,0.034666083,-0.011445727,-0.26109614,0.013732821,-0.351263109
-0.383014307,-0.663492433,-0.682145317,0.007687193,-0.440561283,0.01356483,-0.443761194,0.001958794,-0.479066655,0.002689892,0.113637244,-0.006443617,-0.201739799,0.01179032,-0.634630144
-0.421254248,0.019350942,-0.663565605,0.000237112,0.150801332,0.004428611,-0.182293095,-0.003886415,1.493173523,0.001907771,0.044992876,5.19871E-05,0.116368316,0.003731006,-0.290915838
-0.39805953,-0.300159849,0.019169476,-0.002901759,0.444149099,0.003115379,-0.219755389,-0.00889229,1.638992043,0.001981426,0.008989136,0.004797867,0.573960597,-0.000755041,0.142571169
-0.415142127,-0.429961108,-0.300290643,-0.002955932,0.150981577,0.001958794,-0.479066655,-0.007846186,-3.648887506,0.003233285,-0.039521014,0.008760011,0.72234849,-0.00209881,0.055665371
-0.447387487,-0.107954138,-0.430071317,-0.006255082,0.595276847,-0.003886415,1.493173523,-0.008632835,0.240767754,0.003450588,-0.162009201,0.01287038,0.193447553,-0.005668412,0.606153362
-0.412007705,-0.04138939,-0.108115415,-0.007430162,0.197467737,-0.00889229,1.638992043,-0.005957719,0.392569628,0.003939037,-0.23499381,0.013323851,-0.201148567,-0.005165662,0.44675508
-0.425694679,-0.502072918,-0.041561224,-0.005767072,-0.529488261,-0.007846186,-3.648887506,-0.003659274,-0.599664332,0.00426567,-0.302677583,0.013732821,-0.351263109,-0.004998738,-0.311036872
-0.360459533,0.592639836,-0.502171691,0.001349987,0.281963939,-0.008632835,0.240767754,0.011451645,0.591452944,0.005019374,-0.238611414,0.01179032,-0.634630144,-0.001671728,0.114040355
-0.353616046,-0.647405952,0.59236745,0.007863527,0.956464126,-0.005957719,0.392569628,0.02183473,1.120593532,0.004748843,0.042352683,0.003731006,-0.290915838,0.005763323,0.564618655
-0.351513372,-0.748085133,-0.647481675,0.008101126,0.760573071,-0.003659274,-0.599664332,0.019951139,-1.666026395,0.00326851,0.223879305,-0.000755041,0.142571169,0.007319178,0.589429515
-0.378795898,-0.213348323,-0.74814489,0.009866312,-0.194287846,0.011451645,0.591452944,0.00829568,-0.715274238,0.001584903,0.106167198,-0.00209881,0.055665371,0.005305703,0.159756723
-0.40239548,-0.291561902,-0.213492885,0.005816297,-0.317212168,0.02183473,1.120593532,-0.009884213,0.522426234,-0.000254933,0.001791986,-0.005668412,0.606153362,0.005183784,-0.265642014
-0.361125597,0.083696866,-0.29169406,0.005491143,-0.292967396,0.019951139,-1.666026395,-0.008506469,1.181074225,0.000457636,0.043877326,-0.005165662,0.44675508,0.006092101,-0.263809699
-0.362431606,-0.765003674,0.083505194,0.004610228,-0.336273559,0.00829568,-0.715274238,0.000986272,-0.132007077,0.001127145,0.068172543,-0.004998738,-0.311036872,0.007236381,-0.318016651
-0.396061336,-0.078554708,-0.765060747,-0.003268995,0.038053034,-0.009884213,0.522426234,0.003339347,-0.0354194,4.6024E-05,0.025622655,-0.001671728,0.114040355,0.001748634,-0.253578729
-0.470830347,0.795107612,-0.078720648,-0.011848946,1.103867463,-0.008506469,1.181074225,-0.015229208,1.546713552,-0.001986829,0.195960653,0.005763323,0.564618655,-0.009629446,0.812146898
-0.450887591,-0.369220775,0.794803115,-0.014022546,1.281767768,0.000986272,-0.132007077,-0.02912407,0.806209976,-0.003247458,0.287073983,0.007319178,0.589429515,-0.013593766,1.244555836
-0.501299536,0.277844048,-0.369340617,-0.012566176,0.892479264,0.003339347,-0.0354194,-0.028441136,-1.519736429,-0.004409355,0.370255848,0.005305703,0.159756723,-0.013956927,0.674954391
-0.523932671,-0.312086033,0.277621586,-0.01940282,0.407472856,-0.015229208,1.546713552,-0.023630626,-0.023870745,-0.005169919,0.469168472,0.005183784,-0.265642014,-0.015465086,0.569897326
-0.520719889,-0.724510118,-0.312214936,-0.023933384,-0.222801193,-0.02912407,0.806209976,-0.018592111,-0.339459703,-0.005896501,0.401714968,0.006092101,-0.263809699,-0.017928458,0.183128637
-0.50929231,-0.550055008,-0.724573614,-0.020388449,-0.552541177,-0.028441136,-1.519736429,-0.011960292,-1.169735866,-0.006137803,0.242234109,0.007236381,-0.318016651,-0.019697284,-0.359091697
-0.55023569,0.076763038,-0.55014617,-0.014644138,-0.255345541,-0.023630626,-0.023870745,-0.005314004,0.237520925,-0.008746426,0.166025585,0.001748634,-0.253578729,-0.019501258,-0.435865587
-0.546382964,-0.710919816,0.076572466,-0.013457822,-0.19619656,-0.018592111,-0.339459703,-0.008140027,1.217904219,-0.012281949,0.093326355,-0.009629446,0.812146898,-0.015037337,-0.207800905
-0.539670078,-0.650179483,-0.710985466,-0.010390911,-0.581932329,-0.011960292,-1.169735866,-0.008789305,-2.050782986,-0.012262869,-0.022818508,-0.013593766,1.244555836,-0.010861365,-0.321779722
-0.495304955,0.149429554,-0.650254767,-0.000760946,0.074168854,-0.005314004,0.237520925,0.003866777,0.243622747,-0.009868229,-0.091883176,-0.013956927,0.674954391,-0.005528013,-0.39196102
-0.4901854,-0.684016563,0.149227458,0.004655479,0.542587884,-0.008140027,1.217904219,0.017572301,0.967142049,-0.006658891,-0.097936122,-0.015465086,0.569897326,0.002667146,0.172923434
-0.452964145,-0.002282601,-0.684086481,0.006855931,1.055027955,-0.008789305,-2.050782986,0.022705861,-0.868900076,-0.005890911,-0.168235938,-0.017928458,0.183128637,0.006852878,0.831637121
-0.464326423,-0.551441773,-0.002460637,0.011201264,0.518260173,0.003866777,0.243622747,0.018537033,-0.293180057,-0.00637785,-0.312369444,-0.019697284,-0.359091697,0.007607214,0.77364105
-0.4667556,-0.741151305,-0.551532716,0.013004815,-0.290320391,0.017572301,0.967142049,0.008494915,-0.578686404,-0.005698233,-0.329294211,-0.019501258,-0.435865587,0.008648701,0.046451732
-0.519113498,0.319169662,-0.741212162,0.007835931,-0.350410803,0.022705861,-0.868900076,-0.006580827,0.514006963,-0.003940127,-0.174368875,-0.015037337,-0.207800905,0.007423275,-0.242882281
-0.483681475,-0.040279978,0.318940646,0.002500178,-0.200810805,0.018537033,-0.293180057,-0.013109154,1.014731554,-0.002694087,-0.078966994,-0.010861365,-0.321779722,0.005563818,-0.36075176
-0.493607143,-0.581950616,-0.040451987,0.000633303,-0.016684574,0.008494915,-0.578686404,-0.007058833,-1.721766755,-0.000836055,-0.07846532,-0.005528013,-0.39196102,0.003833576,-0.248304141
-0.517572407,-0.283796015,-0.582036721,-0.005244658,0.009987674,-0.006580827,0.514006963,-0.003906069,-0.300287753,0.000468805,-0.004103103,0.002667146,0.172923434,-0.001704098,0.117569602
-0.548524819,-0.135412097,-0.283929405,-0.011461727,0.224830966,-0.013109154,1.014731554,-0.009798471,0.346381075,-0.000716191,0.056924192,0.006852878,0.831637121,-0.008125583,0.383924055
-0.517898909,-0.142345925,-0.135569019,-0.010427347,-0.049509557,-0.007058833,-1.721766755,-0.013854689,0.019339349,-0.001215729,0.070397086,0.007607214,0.77364105,-0.009855069,0.050334966
-0.493620203,-0.27713954,-0.142501748,-0.001986081,-0.231508773,-0.003906069,-0.300287753,-5.27671E-05,-0.001115301,0.001602608,-0.074478133,0.008648701,0.046451732,-0.005325109,-0.337386288
-0.508456465,-0.477665844,-0.277273985,5.59833E-05,-0.07916783,-0.009798471,0.346381075,0.010049901,-0.201144513,0.003158884,-0.156137783,0.007423275,-0.242882281,-0.001079807,-0.178260195
-0.549060282,0.069551857,-0.477768487,-0.006277855,-0.070847525,-0.013854689,0.019339349,0.001403564,0.066790718,0.000953743,-0.046588826,0.005563818,-0.36075176,-0.003658823,0.035586204
-0.565790257,-0.437449642,0.069362428,-0.008096109,0.319853515,-5.27671E-05,-0.001115301,-0.016221757,0.626781428,-0.002664566,0.195960748,0.003833576,-0.248304141,-0.009214256,0.19553536
-0.559051251,-0.649624777,-0.437558663,-0.004596484,0.365524133,0.010049901,-0.201144513,-0.019152092,-1.657287612,-0.00464274,0.266571454,-0.001704098,0.117569602,-0.007607943,0.2176957
-0.586425198,-0.211406851,-0.649700148,-0.006212487,0.341612186,0.001403564,0.066790718,-0.013789305,-0.530334559,-0.006743002,0.135966357,-0.008125583,0.383924055,-0.005336588,0.342739387
-0.601718562,-0.467958485,-0.211551721,-0.013933133,0.096932817,-0.016221757,0.626781428,-0.01162155,0.447681972,-0.00904805,0.109087257,-0.009855069,0.050334966,-0.008223024,0.439692624
-0.610272921,-0.611072693,-0.468062668,-0.016573008,-0.371503084,-0.019152092,-1.657287612,-0.013930467,-0.259125367,-0.009405625,0.094020509,-0.005325109,-0.337386288,-0.013581343,0.03056455
-0.671132937,0.499726542,-0.611154179,-0.017772447,0.228750049,-0.013789305,-0.530334559,-0.021858153,1.138116268,-0.009939805,0.357184864,-0.001079807,-0.178260195,-0.018972346,0.068707229
-0.6744502,-0.722291293,0.499468891,-0.018474212,0.677499919,-0.01162155,0.447681972,-0.025464185,1.112640077,-0.011582536,0.45081585,-0.003658823,0.035586204,-0.019677814,0.303873538
-0.697540438,-0.302378674,-0.722355141,-0.019951292,0.233913783,-0.013930467,-0.259125367,-0.026094384,-1.942199788,-0.013401653,0.286146912,-0.009214256,0.19553536,-0.017706333,0.307088658
-0.695947107,-0.758901905,-0.302509116,-0.020220132,-0.106551218,-0.021858153,1.138116268,-0.018535557,-0.613943664,-0.013048178,0.196488403,-0.007607943,0.2176957,-0.018708181,0.011930959
-0.693753012,-0.746143662,-0.758959946,-0.016579595,-0.281349914,-0.025464185,1.112640077,-0.007384688,-0.345473337,-0.011116954,0.139319939,-0.005336588,0.342739387,-0.017157254,-0.245365175
-0.633990043,0.47642888,-0.746203726,-0.009631194,-0.386842179,-0.026094384,-1.942199788,0.007516345,1.547395526,-0.009040621,0.001359625,-0.008223024,0.439692624,-0.00989878,-0.255899241
-0.617207828,-0.436340229,0.476174924,0.002536593,0.041509614,-0.018535557,-0.613943664,0.024273088,2.972424856,-0.00834343,-0.17678849,-0.013581343,0.03056455,-0.002807318,-0.18785234
-0.638730856,-0.335661048,-0.436449427,0.007586157,0.375936811,-0.007384688,-0.345473337,0.022893648,-12.53955294,-0.008882065,-0.236705057,-0.018972346,0.068707229,0.001837664,0.000577707
-0.632488133,-0.660164195,-0.335786212,0.008544945,-0.038839389,0.007516345,1.547395526,0.009570161,-0.829485461,-0.007507458,-0.201154051,-0.019677814,0.303873538,0.005378502,0.105937862
-0.630241798,-0.745034249,-0.660237895,0.011037141,-0.284967452,0.024273088,2.972424856,-0.00192682,-0.171758917,-0.005217725,-0.154409239,-0.017706333,0.307088658,0.007906416,-0.055060775
-0.657994487,-0.203363611,-0.74509449,0.008538733,-0.561259684,0.022893648,-12.53955294,-0.005347247,0.383968348,-0.005791786,-0.204641887,-0.018708181,0.011930959,0.007598465,-0.300532897
-0.697775519,0.05207861,-0.203509757,-0.002345778,0.057816422,0.009570161,-0.829485461,-0.013994933,2.668270637,-0.007476297,-0.176996519,-0.017157254,-0.245365175,0.002442138,-0.153547837
-0.675481947,-0.319297214,0.051891953,-0.010160176,0.509376801,-0.00192682,-0.171758917,-0.018334135,1.028371954,-0.006596224,-0.114796891,-0.00989878,-0.255899241,-0.003260132,0.102102392
-0.653345096,-0.322625451,-0.319424973,-0.006049183,-0.221563377,-0.005347247,0.383968348,-0.006754716,-0.76089895,-0.004177974,-0.171611725,-0.002807318,-0.18785234,-0.005545392,-0.078398292
-0.679034291,-0.247185403,-0.322752683,-0.005102864,-0.119688079,-0.013994933,2.668270637,0.003935191,-0.177312836,-0.001830072,-0.08444765,0.001837664,0.000577707,-0.005462064,-0.138317843
-0.680549262,-0.760566024,-0.247324599,-0.008120378,-0.354644886,-0.018334135,1.028371954,0.002318115,-0.347436484,-0.000503983,0.016132769,0.005378502,0.105937862,-0.006332858,-0.085064176
-0.720147452,0.048195667,-0.760623801,-0.009440447,-0.038200835,-0.006754716,-0.76089895,-0.012174348,0.422758813,-0.001034958,0.099906736,0.007906416,-0.055060775,-0.009913394,-0.08104866
-0.730922026,-0.563922663,0.048009625,-0.008031258,0.562686496,0.003935191,-0.177312836,-0.020041857,0.807289086,-0.002076629,0.224508192,0.007598465,-0.300532897,-0.011734113,0.19544307
-0.721793024,-0.598869156,-0.564011627,-0.00672471,0.518456158,0.002318115,-0.347436484,-0.015739533,-1.145188814,-0.002273065,0.213940892,0.002442138,-0.153547837,-0.00701035,0.297479455
-0.733625464,-0.541457061,-0.598952578,-0.010770431,-0.210841094,-0.012174348,0.422758813,-0.009353764,-0.871882271,-0.004609247,0.143761616,-0.003260132,0.102102392,-0.005980157,0.187892197
-0.769801912,-0.02447085,-0.541549587,-0.014593961,-0.077213676,-0.020041857,0.807289086,-0.009029788,0.724129781,-0.00911732,0.155621668,-0.005545392,-0.078398292,-0.012776246,0.080696522
-0.740168569,-0.163424762,-0.024645367,-0.012882042,-0.212902817,-0.015739533,-1.145188814,-0.00994517,2.253009506,-0.009191784,0.080989839,-0.005462064,-0.138317843,-0.013017971,-0.15765604
-0.728505909,-0.545062651,-0.163577242,-0.005863249,-0.47516211,-0.009353764,-0.871882271,-0.002307946,-0.600347057,-0.0071705,-0.085267108,-0.006332858,-0.085064176,-0.008030928,-0.474053191
-0.747834842,-0.382256372,-0.545154606,-0.002196909,-0.037861859,-0.009029788,0.724129781,0.004748082,-0.381585396,-0.007800398,-0.164763063,-0.009913394,-0.08104866,-0.005616828,-0.339998357
-0.783084023,-0.044162921,-0.382374146,-0.006833916,0.252296484,-0.00994517,2.253009506,-0.00368396,0.331147416,-0.008894957,-0.054069685,-0.011734113,0.19544307,-0.005956127,0.211214599
-0.781608233,-0.761398083,-0.044334315,-0.009555973,0.343533458,-0.002307946,-0.600347057,-0.016870395,0.479371309,-0.007684596,0.116911814,-0.00701035,0.297479455,-0.008382592,0.412900717
-0.821807187,0.06095391,-0.761455728,-0.00875689,0.776892888,0.004748082,-0.381585396,-0.022241271,-0.501233064,-0.008502465,0.221304589,-0.005980157,0.187892197,-0.011102032,0.583261366
-0.826652481,-0.689840979,0.060765845,-0.012194252,0.749604518,-0.00368396,0.331147416,-0.0207283,0.173011373,-0.011862645,0.120969922,-0.012776246,0.080696522,-0.010922378,0.712736504
-0.834566895,-0.624662996,-0.689909973,-0.017025901,-0.041003985,-0.016870395,0.479371309,-0.017183457,-0.820197563,-0.012242451,0.014340524,-0.013017971,-0.15765604,-0.011442093,0.397289055
-0.868653728,-0.068847349,-0.624742327,-0.020154675,-0.171324594,-0.022241271,-0.501233064,-0.018004095,-0.105647018,-0.012863409,0.084060737,-0.008030928,-0.474053191,-0.017862755,0.051091643
-0.859825107,-0.605248278,-0.069014828,-0.017685944,-0.073358557,-0.0207283,0.173011373,-0.014549193,0.454974129,-0.012350029,0.124783254,-0.005616828,-0.339998357,-0.019286039,-0.180837546
-0.871409407,-0.54672677,-0.605330688,-0.015052096,-0.3249497,-0.017183457,-0.820197563,-0.012854019,-2.525464704,-0.010618157,0.123234702,-0.005956127,0.211214599,-0.01543358,-0.210401898
-0.837191973,-0.066073818,-0.546818461,-0.009611667,-0.355127665,-0.018004095,-0.105647018,-0.000996418,-0.012883568,-0.009767637,0.001508916,-0.008382592,0.412900717,-0.011208696,-0.329131791
-0.828611494,-0.610517987,-0.066241737,-0.001596031,-0.105931234,-0.014549193,0.454974129,0.011678075,0.937816681,-0.008073817,-0.118923841,-0.011102032,0.583261366,-0.004901996,-0.373701859
-0.836447548,-0.626327115,-0.610599561,-0.000356282,-0.034247175,-0.012854019,-2.525464704,0.012415466,-2.090315812,-0.006236464,-0.073562832,-0.010922378,0.712736504,-0.001313372,-0.081134989
-0.819378011,-0.430238461,-0.626406181,0.004404073,0.044652339,-0.000996418,-0.012883568,0.009843397,-0.810083992,-0.005652903,-0.104736806,-0.011442093,0.397289055,0.000428654,0.060965673
-0.81919517,-0.788856042,-0.430348626,0.008355789,0.044833962,0.011678075,0.937816681,0.005049416,0.227653637,-0.006609092,-0.27384416,-0.017862755,0.051091643,0.005140395,0.104679263
-0.882432122,0.550204809,-0.788909332,0.002752162,0.209402946,0.012415466,-2.090315812,-0.006737312,5.871902785,-0.008786469,-0.271490479,-0.019286039,-0.180837546,0.002136745,0.252319212
-0.891743966,-0.594986213,0.549939153,-0.006067754,0.664808321,0.009843397,-0.810083992,-0.0217335,3.460227483,-0.009516749,-0.103756831,-0.01543358,-0.210401898,-0.003413005,0.479234486
-0.854614132,-0.004224073,-0.59507025,-0.007425957,0.401080012,0.005049416,0.227653637,-0.019759098,-1.729753428,-0.007132466,-0.156494639,-0.011208696,-0.329131791,-0.002989161,0.23455247
-0.835481101,-0.386416668,-0.0044018,-0.002310318,-0.043847659,-0.006737312,5.871902785,0.002132026,-0.298058646,-0.003421256,-0.205545144,-0.004901996,-0.373701859,-0.001926603,-0.026095144
-0.831301872,-0.703985988,-0.386533783,-0.001016256,-0.060707114,-0.0217335,3.460227483,0.020123881,-0.174508782,-0.000726337,-0.036437701,-0.001313372,-0.081134989,-0.000136948,-0.006854968
-0.826652481,-0.694001276,-0.704052738,-0.001801872,-0.116271811,-0.019759098,-1.729753428,0.016676234,-1.252219885,0.000129801,0.00624807,0.000428654,0.060965673,-0.000169344,-0.021511584
-0.85437905,-0.203918317,-0.694069609,0.00191462,-0.168306124,0.002132026,-0.298058646,0.001694741,0.084562016,0.000882609,-0.010380754,0.005140395,0.104679263,-0.003379372,-0.144998192
-0.786388225,0.651161344,-0.204064375,0.012415694,-0.091512394,0.020123881,-0.174508782,0.004810084,2.395141309,0.003489524,0.165568321,0.002136745,0.252319212,0.004842026,0.128935743
-0.811293816,-0.26382659,0.650879676,0.01384615,-0.029372356,0.016676234,-1.252219885,0.011086528,4.426510608,0.00531159,0.174249866,-0.003413005,0.479234486,0.014050008,-0.042479189
-0.818738066,-0.634647708,-0.263963147,0.005579103,-0.102161313,0.001694741,0.084562016,0.009413631,-1.16139325,0.003123058,0.000694886,-0.002989161,0.23455247,0.009286289,-0.434294998
-0.814193155,-0.6962201,-0.634725455,0.003113914,-0.041466049,0.004810084,2.395141309,0.001434504,-0.896402445,0.001302835,0.034446744,-0.001926603,-0.026095144,0.004528665,-0.102159364
-0.825006909,-0.563090604,-0.696288083,0.001718299,-0.022622166,0.011086528,4.426510608,-0.007579171,-0.334681602,0.001022441,0.0233392,-0.000136948,-0.006854968,0.002171343,-0.037594386
-0.892841013,0.647833106,-0.5631797,-0.003368013,0.607705861,0.009413631,-1.16139325,-0.015927309,2.294730689,-0.00245052,0.137078738,-0.000169344,-0.021511584,-0.004701579,0.649701939
-0.892266369,-0.780535448,0.647551967,-0.013183793,0.770803899,0.001434504,-0.896402445,-0.027740281,8.946335674,-0.005786309,0.215678897,-0.003379372,-0.144998192,-0.008156209,1.017229725
-0.972625099,0.913814746,-0.780590058,-0.024402811,1.191340709,-0.007579171,-0.334681602,-0.04124452,0.663046984,-0.006444027,0.558860395,0.004842026,0.128935743,-0.017555489,1.286203866
-0.982772788,-0.577235613,0.913491423,-0.02981868,0.886225039,-0.015927309,2.294730689,-0.044007597,0.248313222,-0.007173614,0.759767694,0.014050008,-0.042479189,-0.028165654,0.85520765
-0.973761326,-0.601365334,-0.577322465,-0.02994769,0.030778037,-0.027740281,8.946335674,-0.032223933,-1.042848521,-0.008343893,0.539993971,0.009286289,-0.434294998,-0.025784892,0.245437875
-0.938603566,-0.046104393,-0.60144836,-0.025663079,-0.477441844,-0.04124452,0.663046984,-0.009178505,-0.567725007,-0.008855714,0.204209667,0.004528665,-0.102159364,-0.022397153,-0.213750807
-0.941737987,-0.726174237,-0.046275479,-0.015504765,-0.417956384,-0.044007597,0.248313222,0.01476816,0.28026457,-0.008539617,0.055474934,0.002171343,-0.037594386,-0.019597313,-0.468875306
-0.926705825,-0.473505547,-0.726237469,-0.008074711,-0.286264137,-0.032223933,-1.042848521,0.017615197,-2.771358346,-0.008457184,0.004965084,-0.004701579,0.649701939,-0.012394926,-0.36738616
-0.935364664,-0.608853868,-0.47360885,0.000276375,-0.265022524,-0.009178505,-0.567725007,0.009989287,-0.510384222,-0.007304166,-0.007128626,-0.008156209,1.017229725,-0.00640005,-0.260755422
-0.919013432,-0.445492882,-0.608935706,0.009944678,-0.126224339,0.01476816,0.28026457,0.005115076,0.0128481,-0.008656877,-0.096140633,-0.017555489,1.286203866,0.000882834,-0.217923361
-0.896510898,-0.314859564,-0.445600628,0.013928629,-0.258070937,0.017615197,-2.771358346,0.010329936,1.508485994,-0.008864306,-0.186098649,-0.028165654,0.85520765,0.011779029,0.034124883
-0.9142465,-0.416093452,-0.314988027,0.009999756,-0.118011247,0.009989287,-0.510384222,0.010010038,0.487395104,-0.007378287,-0.174635146,-0.025784892,0.245437875,0.012320863,-0.347544986
-0.94070624,-0.230821569,-0.41620586,0.002483073,-0.046353457,0.005115076,0.0128481,-0.000111605,0.334073937,-0.009113581,-0.249671267,-0.022397153,-0.213750807,0.004830514,-0.304993527
-0.907664214,-0.091035598,-0.230963361,0.00194849,0.031521182,0.010329936,1.508485994,-0.006342074,0.288672008,-0.008616205,-0.35838549,-0.019597313,-0.468875306,0.002670585,-0.02009739
-0.916283873,-0.609685928,-0.091199558,0.003691754,-0.079995373,0.010010038,0.487395104,-0.002536573,-0.430220859,-0.00438777,-0.25406995,-0.012394926,-0.36738616,0.003698397,-0.06536598
-0.881491796,-0.053870281,-0.609767634,0.005480803,0.206275798,-0.000111605,0.334073937,0.011041224,0.028318891,-0.000526652,-0.009508043,-0.00640005,-0.260755422,0.005344993,0.18803639
-0.904725694,-0.299327789,-0.054040135,0.002832554,0.272603298,-0.006342074,0.288672008,0.012028004,0.033179726,0.00328195,-0.011935524,0.000882834,-0.217923361,0.00565036,0.196749554
-0.900690127,-0.707036872,-0.299458716,0.000515322,-0.033118859,-0.002536573,-0.430220859,0.003587827,-0.332847476,0.006262751,-0.211093664,0.011779029,0.034124883,0.000837249,-0.043630381
-0.884730698,-0.453813476,-0.707103139,0.006683807,-0.281840485,0.011041224,0.028318891,0.002364775,-0.394397776,0.007141907,-0.26411933,0.012320863,-0.347544986,0.002089209,0.087216443
-0.932230242,0.215994303,-0.453919902,0.003021649,-0.018427377,0.012028004,0.033179726,-0.005881133,0.663544291,0.003970706,-0.143971359,0.004830514,-0.304993527,0.00312905,-0.020447223
-0.974975915,0.115037768,0.21578165,-0.007999137,1.113248619,0.003587827,-0.332847476,-0.019414283,2.784712353,-0.001114296,0.188210859,0.002670585,-0.02009739,-0.004847448,0.683617337
-0.972977721,-0.750303958,0.114841126,-0.01435138,1.425779335,0.002364775,-0.394397776,-0.031018746,-0.004617272,-0.003285793,0.455315921,0.003698397,-0.06536598,-0.010191978,1.091472362
-0.951441634,-0.335383695,-0.750363363,-0.013237991,0.113640516,-0.005881133,0.663544291,-0.020616232,-1.327758788,-0.002575928,0.263343591,0.005344993,0.18803639,-0.01040156,0.226194441
-0.949848303,-0.758901905,-0.335508903,-0.009235449,-0.147483076,-0.019414283,2.784712353,0.001151456,-0.24820169,-0.001940816,0.077878883,0.00565036,0.196749554,-0.009503727,-0.14809499
-0.96840669,-0.398620205,-0.758959946,-0.012909539,-0.539363327,-0.031018746,-0.004617272,0.005881166,-0.114552678,-0.004258279,0.072667103,0.000837249,-0.043630381,-0.009363123,-0.113957183
-0.943252958,-0.258556881,-0.398735385,-0.009245305,-0.526503913,-0.020616232,-1.327758788,0.00253643,0.009500659,-0.004185279,0.036251899,0.002089209,0.087216443,-0.010536149,-0.50582719
-0.94355334,-0.786359864,-0.258694274,0.002001215,-0.118950545,0.001151456,-0.24820169,0.002864811,0.321320434,-0.001322931,0.000519909,0.00312905,-0.020447223,-0.005851472,-0.515705067
-0.937480398,-0.663769786,-0.78641355,0.006619137,-0.168092224,0.005881166,-0.114552678,0.007355579,-0.935244738,-0.001360623,-0.019037743,-0.004847448,0.683617337,0.002205171,-0.091609833
-0.914442401,-0.303488086,-0.663842914,0.007178559,0.354249492,0.00253643,0.009500659,0.011785987,0.070592922,-0.001166726,-0.019024171,-0.010191978,1.091472362,0.008131223,0.151190097
-0.918203707,-0.712861287,-0.303618353,0.006775981,0.697457484,0.002864811,0.321320434,0.010672466,0.619005585,-0.001454495,-0.100714387,-0.01040156,0.226194441,0.007778177,0.371589192
-0.916323054,-0.752800136,-0.71292663,0.008236136,-0.331916914,0.007355579,-0.935244738,0.009108861,-3.937313306,-0.002017556,-0.131974393,-0.009503727,-0.14809499,0.005640541,0.247182978
-0.869685475,0.197688997,-0.752859145,0.012315164,0.360443838,0.011785987,0.070592922,0.012837535,0.984945294,0.000810451,0.10491963,-0.009363123,-0.113957183,0.011117967,0.442426984
-0.890424897,-0.352302235,0.197479247,0.012379172,0.506459069,0.010672466,0.619005585,0.014057734,1.738443693,0.001058591,0.122994252,-0.010536149,-0.50582719,0.012705253,0.32619226
-0.912509508,-0.323734864,-0.35242476,0.007592272,-0.464677097,0.009108861,-3.937313306,0.00609773,-3.22742659,0.000586934,-0.003691055,-0.005851472,-0.515705067,0.007011759,-0.195657016
-0.890477137,-0.324844276,-0.323861919,0.004723451,-0.179434987,0.012837535,0.984945294,-0.003248928,-0.386782276,0.004355367,0.00024171,0.002205171,-0.091609833,0.006471391,-0.280816912
-0.830230945,0.486690945,-0.324971156,0.010749438,0.512146341,0.014057734,1.738443693,0.007500143,0.906309305,0.009498926,0.198457983,0.008131223,0.151190097,0.010832415,0.376121655
-0.867830942,0.00576064,0.486435362,0.013073408,0.453902346,0.00609773,-3.22742659,0.019947783,0.826284685,0.009454011,0.236232612,0.007778177,0.371589192,0.011082182,0.512001312
-0.86160128,-0.660441548,0.005581328,0.005407625,-0.156991989,-0.003248928,-0.386782276,0.014046324,-1.762037187,0.00715254,0.035765386,0.005640541,0.247182978,0.008620523,-0.286052744
-0.846007533,-0.461579363,-0.660515205,0.004976313,0.053344674,0.007500143,0.906309305,0.002473075,-0.450530611,0.0087151,-0.037617967,0.011117967,0.442426984,0.006386727,-0.037974266
-0.783893748,0.526352441,-0.461684558,0.016325751,0.291234149,0.019947783,0.826284685,0.012760734,0.688673247,0.01161705,0.166165802,0.012705253,0.32619226,0.010563959,0.524922713
-0.764238314,-0.375322544,0.526090567,0.024027315,0.442110396,0.014046324,-1.762037187,0.033759728,1.560163937,0.013913099,0.392371012,0.007011759,-0.195657016,0.020580929,0.661848962
-0.735257976,-0.177292418,-0.375441418,0.020768552,0.640882222,0.002473075,-0.450530611,0.038866612,-1.480460936,0.015595547,0.406676923,0.006471391,-0.280816912,0.02446677,0.344578759
-0.754782809,-0.378096075,-0.177442698,0.019297123,0.241161083,0.012760734,0.688673247,0.025716886,-0.678765488,0.01469639,0.253462763,0.010832415,0.376121655,0.018437577,0.221990289
-0.752588714,-0.746143662,-0.378214509,0.02036107,-0.393980347,0.033759728,1.560163937,0.007363037,-0.322633242,0.013114226,0.083746123,0.011082182,0.512001312,0.015063634,-0.056424605
-0.764682357,-0.535909999,-0.746203726,0.017301679,-0.629545411,0.038866612,-1.480460936,-0.003147883,-0.340706731,0.012687483,-0.022174486,0.008620523,-0.286052744,0.016556713,-0.371857765
-0.813514031,0.244284321,-0.536003405,0.004652163,-0.249281808,0.025716886,-0.678765488,-0.015532131,1.45885988,0.008257961,-0.058645894,0.006386727,-0.037974266,0.010040022,-0.432052867
-0.773680758,0.053188023,0.244067181,-0.003480542,0.269663659,0.007363037,-0.322633242,-0.014035249,1.827353876,0.006826329,-0.063919731,0.010563959,0.524922713,0.003283878,-0.235403743
-0.78706735,-0.50845204,0.05300119,-0.005418357,-0.212469611,-0.003147883,-0.340706731,-0.007684282,-1.860264941,0.00950409,-0.170278897,0.020580929,0.661848962,-0.000962923,0.011988084
-0.831785096,0.156918089,-0.508549801,-0.01142466,0.132793443,-0.015532131,1.45885988,-0.007261065,0.137639381,0.007210065,-0.230105943,0.02446677,0.344578759,-0.009087357,0.229614599
-0.834697496,-0.73088924,0.156714805,-0.014123825,0.261774909,-0.014035249,1.827353876,-0.014214137,0.247345084,0.002113622,-0.099045968,0.018437577,0.221990289,-0.013423219,0.296368294
-0.899135976,0.575721296,-0.730951724,-0.01931243,0.612911591,-0.007684282,-1.860264941,-0.031154501,0.37713665,-0.001387534,0.09463447,0.015063634,-0.056424605,-0.017258591,0.620632778
-0.89387276,-0.680965679,0.575451593,-0.019288819,0.734920502,-0.007261065,0.137639381,-0.031450694,0.29850765,-0.002460451,0.18811266,0.016556713,-0.371857765,-0.021169608,0.514910948
-0.882419062,-0.549500301,-0.68103608,-0.017105862,-0.003535868,-0.014214137,0.247345084,-0.020051273,-1.105869403,-0.002658535,0.158243048,0.010040022,-0.432052867,-0.015302555,0.138626345
-0.856847407,-0.249681581,-0.549591552,-0.016347741,-0.51036998,-0.031154501,0.37713665,-0.001012796,-0.441927696,-0.004238369,0.09175577,0.003283878,-0.235403743,-0.011881802,-0.17530961
-0.850865886,-0.665711258,-0.249820381,-0.008197719,-0.350602297,-0.031450694,0.29850765,0.016086603,0.22951134,-0.0061922,0.01104618,-0.000962923,0.011988084,-0.011599907,-0.475650083
-0.838824484,-0.537019411,-0.665784078,-0.002162692,-0.107547225,-0.020051273,-1.105869403,0.01648125,-1.143779058,-0.007390506,-0.102500426,-0.009087357,0.229614599,-0.005621786,-0.276265047
-0.86316849,-0.275752774,-0.537112641,0.002986581,-0.184969206,-0.001012796,-0.441927696,0.00703694,-0.241997228,-0.00825939,-0.144286424,-0.013423219,0.296368294,-0.002836872,-0.119284246
-0.87485727,-0.544507945,-0.27588744,0.005166551,-0.343998807,0.016086603,0.22951134,-0.005676663,0.549142389,-0.009018619,-0.140163039,-0.017258591,0.620632778,-0.000336631,-0.263640463
-0.865179744,-0.587220325,-0.544599988,0.003408054,-0.319575792,0.01648125,-1.143779058,-0.009352143,-0.645215341,-0.008745601,-0.201089185,-0.021169608,0.514910948,0.004255917,-0.311724784
-0.825294231,0.054297435,-0.587305594,0.004571177,0.123983542,0.00703694,-0.241997228,0.002142227,0.648030516,-0.004426759,-0.132004631,-0.015302555,0.138626345,0.006910688,-0.095144559
-0.814480477,-0.563090604,0.054110426,0.00635358,0.743801362,-0.005676663,0.549142389,0.018353973,1.112619458,-0.002083106,-0.135570233,-0.011881802,-0.17530961,0.007996179,0.401588395
-0.863991276,0.258706683,-0.5631797,0.00104747,0.509549742,-0.009352143,-0.645215341,0.011557717,-0.038388944,-0.004682607,-0.294884988,-0.011599907,-0.475650083,0.002344743,0.42638143
-0.815499164,0.23707314,0.258487256,0.002094866,0.180603852,0.002142227,0.648030516,0.002047394,0.060632632,-0.002413084,-0.118690609,-0.005621786,-0.276265047,0.000814156,0.242200019
-0.819364951,-0.710642463,0.236857144,0.009571378,-0.033043727,0.018353973,1.112619458,0.000905176,0.034425452,0.001260301,0.086612659,-0.002836872,-0.119284246,0.005340149,0.165663679
-0.826978983,-0.631042118,-0.710708157,0.008713226,-0.368585589,0.011557717,-0.038388944,0.005920863,-0.862605081,0.003498026,-0.041419207,-0.000336631,-0.263640463,0.007300978,-0.185053368
-0.857826914,-0.137630922,-0.631120437,0.000524791,-0.068373323,0.002047394,0.060632632,-0.000977825,-0.232664159,0.004323375,-0.197722623,0.004255917,-0.311724784,0.004390113,-0.243340683
-0.78560462,0.741023754,-0.137787492,-0.000336844,0.437260818,0.000905176,0.034425452,-0.001577469,1.127916141,0.005305343,-0.009744648,0.006910688,-0.095144559,0.003726252,0.18335432
-0.800871864,-0.468513191,0.740727835,0.008444322,0.131527243,0.005920863,-0.862605081,0.010948434,3.029716599,0.006083641,0.165020435,0.007996179,0.401588395,0.004205825,0.363785292
-0.775274089,-0.249126875,-0.468617286,0.009514488,0.050088279,-0.000977825,-0.232664159,0.020026526,-1.146991595,0.005231111,0.237041328,0.002344743,0.42638143,0.008069965,0.027498246
-0.750969263,-0.276584834,-0.249265763,0.009973738,0.469488847,-0.001577469,1.127916141,0.021464761,-0.361753642,0.006473726,0.400092428,0.000814156,0.242200019,0.01204818,0.267147343
-0.704188023,0.200739881,-0.276719367,0.017453915,0.859318401,0.010948434,3.029716599,0.023938595,0.61088345,0.009754914,0.598107449,0.005340149,0.165663679,0.014113327,0.794242723
-0.712024077,-0.626327115,0.200529647,0.024430894,0.051307132,0.020026526,-1.146991595,0.028722611,0.00786088,0.012680154,0.429165872,0.007300978,-0.185053368,0.017948415,0.636865903
-0.700061035,-0.53868353,-0.626406181,0.020912826,-0.247869808,0.021464761,-0.361753642,0.020375006,-1.204364013,0.012877436,0.173114681,0.004390113,-0.243340683,0.021163496,-0.235305684
-0.756885483,0.414024428,-0.538776496,0.011580469,-0.156237048,0.023938595,0.61088345,-0.000313926,0.135677539,0.009112856,0.056073893,0.003726252,0.18335432,0.014343287,-0.290652588
-0.707949329,0.246503146,0.413780369,0.009823584,-0.419577106,0.028722611,0.00786088,-0.008437356,0.986120647,0.006783512,0.048932313,0.004205825,0.363785292,0.009273937,-0.211644683
-0.725136406,-0.427742283,0.246285654,0.008159871,-0.256138825,0.020375006,-1.204364013,-0.003612266,-0.844363289,0.009454612,-0.028067113,0.008069965,0.027498246,0.010777253,-0.375575689
-0.726690557,-0.759733964,-0.427852844,0.00029059,-0.156943845,-0.000313926,0.135677539,0.000888657,-0.680415676,0.008748711,-0.099840455,0.01204818,0.267147343,0.005593958,-0.284887551
-0.789640187,0.544103041,-0.759791874,-0.008684924,0.492999431,-0.008437356,0.986120647,-0.008932394,0.38897531,0.00453646,-0.052727648,0.014113327,0.794242723,-0.004566575,0.285189868
-0.848201628,0.450912393,0.543838352,-0.019539776,1.531593201,-0.003612266,-0.844363289,-0.035671787,2.028797932,0.000323669,0.009330956,0.017948415,0.636865903,-0.016482881,1.448076194
-0.823152377,-0.260775706,0.450662484,-0.018593689,1.242705322,0.000888657,-0.680415676,-0.038044991,-0.713258751,0.000510378,-0.036233481,0.021163496,-0.235305684,-0.019247401,1.124024574
-0.800362521,-0.308757795,-0.260912747,-0.01385419,-0.058713455,-0.008932394,0.38897531,-0.018842237,-1.001072255,0.000754806,-0.072210749,0.014343287,-0.290652588,-0.012444517,0.057216925
-0.799866237,-0.782199567,-0.308887226,-0.0147843,-0.336966363,-0.035671787,2.028797932,0.006758326,-0.264595786,-0.000521607,0.014653689,0.009273937,-0.211644683,-0.010219411,-0.137658116
-0.865401766,0.599018958,-0.782253913,-0.018990813,-0.344715844,-0.038044991,-0.713258751,0.001112823,0.468512917,-0.00337585,0.162735105,0.010777253,-0.375575689,-0.017689253,-0.175968337
-0.880786551,-0.466017013,0.59874556,-0.020621021,-0.135874581,-0.018842237,-1.001072255,-0.022474841,1.23990334,-0.008335944,0.321057334,0.005593958,-0.284887551,-0.022501018,-0.195399251
-0.920450042,0.049582432,-0.466121504,-0.014757436,0.451199834,0.006758326,-0.264595786,-0.036503137,-0.698476723,-0.013115953,0.314933926,-0.004566575,0.285189868,-0.021932338,-0.015390162
-0.868092144,0.319169662,0.049396171,-0.010718445,0.446211851,0.001112823,0.468512917,-0.022559751,-0.41545077,-0.014159187,0.117444974,-0.016482881,1.448076194,-0.011727699,0.207850375
-0.845328408,-0.309312502,0.318940646,-0.008292218,-0.25857578,-0.022474841,1.23990334,0.006086231,0.235446332,-0.011516214,-0.100836551,-0.019247401,1.124024574,-0.003313408,-0.025859739
-0.790110351,0.379909995,-0.309441845,-0.00326929,-0.090238347,-0.036503137,-0.698476723,0.031500537,0.450264368,-0.006878333,-0.099550492,-0.012444517,0.057216925,-0.000948971,0.015551786
-0.81338343,-0.29849573,0.379671346,0.005759843,0.154354708,-0.022559751,-0.41545077,0.035176004,-0.395350315,-0.005375658,-0.13258837,-0.010219411,-0.137658116,-0.000260262,-0.003390177
-0.819430251,-0.664324492,-0.298626789,0.010615584,0.08951974,0.006086231,0.235446332,0.01522004,-0.639153485,-0.007787092,-0.232973766,-0.017689253,-0.175968337,0.002591581,-0.018610916
-0.866237611,0.201294587,-0.664397532,0.010811148,-0.36947542,0.031500537,0.450264368,-0.009256362,0.030073031,-0.00912893,-0.257805636,-0.022501018,-0.195399251,0.004828799,0.002943477
-0.906658588,0.065668913,0.201084266,0.001456553,-0.099731509,0.035176004,-0.395350315,-0.030906366,1.016247799,-0.010057473,-0.13697813,-0.021932338,-0.015390162,0.002263661,-0.120617593
-0.910602735,-0.708978344,0.065480101,-0.009612083,0.422864926,0.01522004,-0.639153485,-0.033493016,-0.282504269,-0.007059414,0.10157646,-0.011727699,0.207850375,-0.002285521,0.069880112
-0.944807108,-0.066351171,-0.709044303,-0.020260086,0.356966473,-0.009256362,0.030073031,-0.031254734,-0.783792664,-0.007281816,0.237184456,-0.003313408,-0.025859739,-0.011286696,0.432963299
-0.924838232,-0.368666069,-0.066519046,-0.02460085,-0.134447645,-0.030906366,1.016247799,-0.018125809,-0.168896798,-0.009782969,0.13655512,-0.000948971,0.015551786,-0.01859664,0.129303356
-0.904856295,-0.368388716,-0.368785999,-0.018308501,-0.530591814,-0.033493016,-0.282504269,-0.002369822,-0.040886585,-0.009143275,-0.080771264,-0.000260262,-0.003390177,-0.018021786,-0.363489762
-0.947197105,0.106439821,-0.36850869,-0.01569849,-0.495753941,-0.031254734,-0.783792664,0.000649479,0.190636512,-0.007478889,0.005951245,0.002591581,-0.018610916,-0.017606734,-0.411439813
-0.919091793,-0.195875077,0.106244543,-0.008905255,-0.187564235,-0.018125809,-0.168896798,0.000651771,0.091391059,-0.004832916,0.092923187,0.004828799,0.002943477,-0.014664,-0.465934866
-0.954915618,-0.031959384,-0.19602241,-0.005455335,0.011671446,-0.002369822,-0.040886585,-0.008595313,-0.116521448,-0.002940764,0.078690565,0.002263661,-0.120617593,-0.00827029,-0.195755444
-0.932883247,-0.324844276,-0.032132714,-0.003138172,0.048951791,0.000649479,0.190636512,-0.006936718,-0.164128705,-0.004024394,0.07410069,-0.002285521,0.069880112,-0.005830479,0.007577645
-0.961367302,-0.187831836,-0.324971156,-0.002386874,0.143196388,0.000651771,0.091391059,-0.005420157,-0.181873546,-0.007343216,0.045258227,-0.011286696,0.432963299,-0.003224575,0.053052918
-0.981701861,-0.360900182,-0.187980445,-0.011045597,0.182325071,-0.008595313,-0.116521448,-0.013518281,0.342273679,-0.012509885,-0.08421997,-0.01859664,0.129303356,-0.006120203,0.437813937
-1.033772437,0.313067894,-0.361021343,-0.015902913,1.01817238,-0.006936718,-0.164128705,-0.02492161,1.240143621,-0.016797572,-0.091537683,-0.018021786,-0.363489762,-0.015514385,0.972354588
-0.96844587,0.594581308,0.312839846,-0.013274833,0.560771024,-0.005420157,-0.181873546,-0.021250125,0.670172925,-0.015133235,-0.168493126,-0.017606734,-0.411439813,-0.01255757,0.533779898
-1.049300883,0.924354164,0.594308614,-0.014143694,0.18825143,-0.013518281,0.342273679,-0.014775881,0.226875925,-0.01371175,-0.127639729,-0.014664,-0.465934866,-0.012726209,0.194500982
-1.062439333,-0.513721749,0.92402917,-0.022224757,0.244457617,-0.02492161,1.240143621,-0.01943537,0.438317057,-0.014119574,0.203500939,-0.00827029,-0.195755444,-0.020194187,0.332265515
-1.123952353,0.513594198,-0.513818674,-0.029135862,0.351200641,-0.021250125,0.670172925,-0.037236444,-0.088465183,-0.015477709,0.482034776,-0.005830479,0.007577645,-0.025409799,0.441633907
-1.188286353,0.573502471,0.513334347,-0.037167941,0.714908467,-0.014775881,0.226875925,-0.060365852,0.280340927,-0.019303093,0.74152064,-0.003224575,0.053052918,-0.035968717,0.647280427
-1.168565619,-0.373935778,0.57323312,-0.034824094,0.584148952,-0.01943537,0.438317057,-0.050540739,-0.135414307,-0.0207231,0.562756892,-0.006120203,0.437813937,-0.035939372,0.394248898
-1.181377566,-0.520655577,-0.374054872,-0.036069807,-0.266310377,-0.037236444,-0.088465183,-0.034840598,-1.327954135,-0.022331176,0.204419057,-0.015514385,0.972354588,-0.029540751,0.086063592
-1.154604383,-0.224165095,-0.520751403,-0.033733702,-0.465980188,-0.060365852,0.280340927,-0.005212231,-0.310973107,-0.020991556,0.070120325,-0.01255757,0.533779898,-0.030081348,-0.286423955
-1.121092194,-0.081050886,-0.224307941,-0.017631701,-0.392773114,-0.050540739,-0.135414307,0.01824058,0.612832098,-0.017948794,-0.045584849,-0.012726209,0.194500982,-0.023646671,-0.487046154
-1.09269956,-0.189773308,-0.08121643,-0.003015629,-0.161712199,-0.034840598,-1.327954135,0.031001689,1.758547578,-0.015079251,-0.113380064,-0.020194187,0.332265515,-0.009483551,-0.255673514
-1.058194804,-0.059972049,-0.189921609,0.017965639,0.40458598,-0.005212231,-0.310973107,0.041823692,0.096541209,-0.011784354,-0.149294952,-0.025409799,0.441633907,0.003356803,0.085063001
-1.112603136,0.362714102,-0.060140936,0.020853247,0.229386341,0.01824058,0.612832098,0.023452054,-0.114512974,-0.012499978,-0.187733727,-0.035968717,0.647280427,0.013466766,0.192319489
-1.077210294,-0.041112037,0.36247818,0.017884962,-0.360584223,0.031001689,1.758547578,0.005256588,-0.125412196,-0.011222767,-0.174143701,-0.035939372,0.394248898,0.015949918,-0.161527731
-1.047890393,-0.170081237,-0.041283915,0.023216091,-0.304813091,0.041823692,0.096541209,0.005537518,0.15477305,-0.005014762,-0.107515765,-0.029540751,0.086063592,0.021335448,-0.132309761
-1.047002307,-0.773878973,-0.170232661,0.019782965,-0.177775506,0.023452054,-0.114512974,0.016266079,-0.378584485,-0.004268841,-0.159925264,-0.030081348,-0.286423955,0.02271399,-0.291474583
-1.099399386,0.320001722,-0.773934639,0.007290504,-0.048773054,0.005256588,-0.125412196,0.009272122,-0.087116133,-0.005952392,-0.203155927,-0.023646671,-0.487046154,0.012077442,-0.262375918
-1.095794801,-0.716189525,0.319772574,-0.004737821,0.040146438,0.005537518,0.15477305,-0.014938085,0.372687548,-0.003863633,-0.068965062,-0.009483551,-0.255673514,0.001715805,-0.100926271
-1.048569518,0.210169887,-0.71625434,0.002804824,-0.108359416,0.016266079,-0.378584485,-0.010397852,-0.095112651,0.001952825,0.02053979,0.003356803,0.085063001,0.000596538,0.055713571
-1.054629399,-0.664047139,0.209958158,0.009197047,-0.095389397,0.009272122,-0.087116133,0.009122824,-0.11903978,0.009735814,-0.029453436,0.013466766,0.192319489,0.006163145,-0.125673294
-1.008031001,0.196856938,-0.664120223,0.006656716,0.34385267,-0.014938085,0.372687548,0.028272213,-0.103439723,0.01372299,-0.071234493,0.015949918,-0.161527731,0.011596081,0.137216329
-0.997831071,-0.576126201,0.19664732,0.009427139,0.708959016,-0.010397852,-0.095112651,0.029555291,0.161657997,0.01599392,-0.049345387,0.021335448,-0.132309761,0.010864766,0.559738456
-0.977013289,-0.350638116,-0.576213229,0.01812227,0.384354085,0.009122824,-0.11903978,0.027130659,-0.370775453,0.016683107,-0.069138728,0.02271399,-0.291474583,0.010881068,0.69971702
-0.95674403,-0.362286947,-0.350760905,0.027500804,-0.110345568,0.028272213,-0.103439723,0.02675036,-0.384293715,0.015679938,0.092033138,0.012077442,-0.262375918,0.019153784,0.313505607
-0.972050455,-0.467681132,-0.362407889,0.02255932,-0.213026345,0.029555291,0.161657997,0.015826655,-0.173163406,0.012959733,0.146304842,0.001715805,-0.100926271,0.023888043,-0.257514589
-0.925334515,0.199353116,-0.467785359,0.021266001,-0.207451093,0.027130659,-0.370775453,0.015657546,0.206967182,0.01143553,0.23705455,0.000596538,0.055713571,0.022008498,-0.15972043
-0.919274634,-0.664047139,0.199143102,0.022211313,-0.104949514,0.02675036,-0.384293715,0.0178354,0.891487373,0.014605737,0.20862167,0.006163145,-0.125673294,0.022753861,-0.081527888
-0.939504712,-0.363119006,-0.664120223,0.014866385,-0.159377,0.015826655,-0.173163406,0.013935679,-1.271475983,0.014743048,0.046580905,0.011596081,0.137216329,0.01774669,-0.322999799
-0.951650595,-0.534800586,-0.363239816,0.008349751,-0.363044497,0.015657546,0.206967182,0.001227316,-0.525899569,0.010357784,0.015529269,0.010864766,0.559738456,0.009878607,-0.286059671
-1.009506791,0.435935325,-0.534894168,-0.00270974,0.308781507,0.0178354,0.891487373,-0.0227931,0.935704658,0.005870795,-0.017739474,0.010881068,0.69971702,0.001165147,0.05354249
-0.955555562,0.353006743,0.435687791,-0.003566154,0.515319443,0.013935679,-1.271475983,-0.020654088,1.539104862,0.007912713,-0.141793953,0.019153784,0.313505607,-0.002649485,0.298893892
-0.992737636,-0.00311466,0.35277236,-0.004993262,0.005497322,0.001227316,-0.525899569,-0.011160743,-0.598828874,0.010728432,-0.287655776,0.023888043,-0.257514589,-0.001643839,0.133604313
-0.926118121,0.622039267,-0.003292564,-0.007320258,-0.008759996,-0.0227931,0.935704658,0.008411021,0.028061848,0.009782942,-0.224149345,0.022008498,-0.15972043,-0.001815066,0.092664632
-0.898796414,-0.212516264,0.621762218,0.00333344,0.2248243,-0.020654088,1.539104862,0.027955432,0.640463297,0.011997579,-0.129789654,0.022753861,-0.081527888,0.001664748,0.138877543
-0.926731945,-0.199480667,-0.212660958,0.006503053,0.315458367,-0.011160743,-0.598828874,0.024690385,-0.631266382,0.01017817,-0.140210147,0.01774669,-0.322999799,0.002815565,0.162068671
-0.883111247,0.133620427,-0.199627429,0.015004079,-0.047367639,0.008411021,0.028061848,0.021562904,-0.785567675,0.008369524,0.00731184,0.009878607,-0.286059671,0.006885652,0.264857036
-0.825699094,0.426505319,0.133420838,0.025307394,0.309299206,0.027955432,0.640463297,0.022710668,0.718499835,0.011283918,0.379309672,0.001165147,0.05354249,0.021332197,0.384146109
-0.840221913,-0.484322319,0.42625928,0.027818557,0.076798938,0.024690385,-0.631266382,0.030822194,0.486137634,0.011321323,0.508366856,-0.002649485,0.298893892,0.025260685,0.257373569
-0.784938555,0.381296761,-0.484423906,0.028578218,-0.077094757,0.021562904,-0.785567675,0.035370804,-0.996255685,0.012772541,0.455795447,-0.001643839,0.133604313,0.027129594,0.008275169
-0.802830878,-0.412765214,0.381057892,0.022787625,0.180557118,0.022710668,0.718499835,0.022861935,-0.032408297,0.012941781,0.359966891,-0.001815066,0.092664632,0.027374909,-0.082176654
-0.845485129,0.113096296,-0.412878151,0.016782641,-0.417265895,0.030822194,0.486137634,0.003271733,0.081911127,0.00816519,0.152026675,0.001664748,0.138877543,0.01446361,-0.101786723
-0.822042269,-0.29489014,0.112899962,0.013299989,-0.570409216,0.035370804,-0.996255685,-0.007732444,-0.238895361,0.00789405,0.0529549,0.002815565,0.162068671,0.012723901,-0.385106562
-0.865832748,0.137226017,-0.29502177,0.0019391,-0.091543206,0.022861935,-0.032408297,-0.018194464,-0.325864174,0.008348315,-0.003441197,0.006885652,0.264857036,0.009725602,-0.401668549
-0.886728891,-0.348973997,0.137025856,-0.007965009,0.455075357,0.003271733,0.081911127,-0.018965071,0.374514962,0.008540729,-0.168916126,0.021332197,0.384146109,-0.003473911,0.07551578
-0.900716247,-0.495693797,-0.34909705,-0.014835793,0.350659318,-0.007732444,-0.238895361,-0.02196451,-0.20400914,0.007237538,-0.192096913,0.025260685,0.257373569,-0.009569629,0.508283869
-0.985632948,1.010610984,-0.495793581,-0.027396177,0.621874136,-0.018194464,-0.325864174,-0.036777554,0.93603262,0.002515296,-0.072935946,0.027129594,0.008275169,-0.020539813,0.931151037
-0.936579252,0.248999324,1.01027231,-0.025239038,0.493231661,-0.018965071,0.374514962,-0.0316786,0.759530476,-0.000135615,-0.004797079,0.027374909,-0.082176654,-0.026427326,0.354211823
-0.937519579,-0.772769561,0.248781436,-0.019240454,-0.369377924,-0.02196451,-0.20400914,-0.016421967,-1.450818797,-0.001982874,0.057105712,0.01446361,-0.101786723,-0.017926822,-0.156984815
-0.923937086,-0.504291743,-0.772825403,-0.016447771,-0.389878049,-0.036777554,0.93603262,0.00482704,-0.654737694,-0.001448042,0.039137921,0.012723901,-0.385106562,-0.01564703,-0.268919973
-0.970457124,0.195192819,-0.504390164,-0.013556394,-0.214263796,-0.0316786,0.759530476,0.005446985,-0.096929353,-0.003409152,0.093902438,0.009725602,-0.401668549,-0.016844615,-0.331971983
-0.998340415,-0.20059008,0.194983465,-0.017527163,-0.097918308,-0.016421967,-1.450818797,-0.018677362,1.069510311,-0.010499246,0.180311969,-0.003473911,0.07551578,-0.017770551,-0.07678896
-1.068264133,0.692209605,-0.200736665,-0.017519519,0.675238247,0.00482704,-0.654737694,-0.039974755,3.489150888,-0.016179259,0.301533753,-0.009569629,0.508283869,-0.02313542,0.368451288
-1.013529298,0.36964793,0.691921428,-0.015637398,0.738675373,0.005446985,-0.096929353,-0.036758942,-0.033869149,-0.01850371,0.132381976,-0.020539813,0.931151037,-0.016339174,0.471279305
-0.971632532,0.097009815,0.369410908,-0.010988202,-0.185548815,-0.018677362,1.069510311,-0.003248664,-0.051322274,-0.016216608,-0.173656721,-0.026427326,0.354211823,-0.005312167,-0.027930537
-0.908604541,0.545767159,0.096816032,-0.001873386,-0.001378718,-0.039974755,3.489150888,0.03808929,0.318284759,-0.009553028,-0.153407012,-0.017926822,-0.156984815,-0.00052542,0.04707658
-0.887799819,-0.350915469,0.545502207,0.009850309,0.354197509,-0.036758942,-0.033869149,0.058845073,-0.130651023,-0.005359013,-0.155752927,-0.01564703,-0.268919973,0.005581665,0.246919864
-0.899475539,-0.544785298,-0.351038214,0.018310082,0.397918961,-0.003248664,-0.051322274,0.040579229,-0.874731974,-0.004162522,-0.151510944,-0.016844615,-0.331971983,0.009218817,0.27853843
-0.994983972,1.235544362,-0.544877297,0.017337399,-0.254008964,0.03808929,0.318284759,-0.002824038,0.286850202,-0.00595791,-0.07672396,-0.017770551,-0.07678896,0.006381767,0.109766452
-1.023768408,-0.181452715,1.235170016,0.006296692,-0.233964926,0.058845073,-0.130651023,-0.043074549,1.251578613,-0.009738858,-0.03072737,-0.02313542,0.368451288,0.004095305,-0.169650765
-0.958272061,0.598186898,-0.181602335,0.000308721,0.02465675,0.040579229,-0.874731974,-0.037210869,-2.490795175,-0.004034658,-0.002383355,-0.016339174,0.471279305,0.008485554,-0.231451019
-1.038173687,0.904107387,0.597913632,-0.011410999,0.121900479,-0.002824038,0.286850202,-0.019811953,-0.382237737,-0.003144282,0.050235048,-0.005312167,-0.027930537,-0.0009596,0.065433056
-0.968171608,0.693873724,0.903785604,-0.020635695,-0.097526928,-0.043074549,1.251578613,0.002475602,0.164880365,-0.005630861,0.039681457,-0.00052542,0.04707658,-0.010683992,0.102033072
-0.920502282,0.219599893,0.693585283,-0.00995368,-0.348599285,-0.037210869,-2.490795175,0.01885071,0.50571304,-0.001157521,-0.011254669,0.005581665,0.246919864,-0.007780726,-0.20513154
-0.871135145,0.255655798,0.219386668,0.010223454,0.196664847,-0.019811953,-0.382237737,0.041714547,0.116588421,0.004389106,0.12178472,0.009218817,0.27853843,-0.000369912,0.011961328
-0.818502985,0.324994078,0.255436855,0.03298697,0.668960093,0.002475602,0.164880365,0.063783394,-0.187794293,0.01193952,0.316101609,0.006381767,0.109766452,0.017457425,0.485627095
-0.847222121,-0.18283948,0.324764138,0.031771101,0.445020579,0.01885071,0.50571304,0.044561912,-0.374537631,0.017142911,0.139962057,0.004095305,-0.169650765,0.030173477,0.365135723
-0.837609895,-0.588607091,-0.182988881,0.030914304,-0.329329304,0.041714547,0.116588421,0.020658036,-0.749979734,0.016903569,-0.032749797,0.008485554,-0.231451019,0.025341222,0.012451381
-0.849520697,-0.539792942,-0.58869214,0.031036357,-0.605062887,0.063783394,-0.187794293,0.000471357,-0.3927604,0.012594438,0.033123123,-0.0009596,0.065433056,0.025982517,-0.306651677
-0.848306109,-0.766945145,-0.539885733,0.018357325,-0.481637473,0.044561912,-0.374537631,-0.005952352,-0.306023836,0.007637098,0.05237386,-0.010683992,0.102033072,0.025536888,-0.615543945
-0.885422882,-0.004501426,-0.767001911,0.00546471,-0.238029718,0.020658036,-0.749979734,-0.009010548,1.010269624,0.002604888,0.033676242,-0.007780726,-0.20513154,0.012698372,-0.388601366
-0.839568909,0.18104781,-0.00467911,-0.003299316,0.007032794,0.000471357,-0.3927604,-0.007017026,2.815901511,0.002575532,0.035707092,-0.000369912,0.011961328,0.005378724,-0.232259993
-0.80758475,-0.113501201,0.180840699,0.001721548,0.190487034,-0.005952352,-0.306023836,0.009393422,2.751938717,0.010201086,0.031780344,0.017457425,0.485627095,0.003395914,0.035041519
-0.751752868,0.392945592,-0.113661598,0.011648586,1.301793204,-0.009010548,1.010269624,0.032616501,0.953061745,0.01894848,-0.015816344,0.030173477,0.365135723,0.008480099,0.998955359
-0.840809617,1.098531922,0.392704875,0.008795157,1.156086969,-0.007017026,2.815901511,0.024722301,0.241493939,0.016024356,-0.061602283,0.025341222,0.012451381,0.007336304,0.947276556
-0.869998917,-0.172854768,1.098179305,-0.001202911,0.081903901,0.009393422,2.751938717,-0.011793628,0.438413932,0.011662101,-0.313154739,0.025982517,-0.306651677,-0.001880988,0.095590912
-0.809948626,0.482530648,-0.173005752,0.004944153,-0.101931513,0.032616501,0.953061745,-0.021805912,-0.336938583,0.013179912,-0.414976979,0.025536888,-0.615543945,0.001409647,0.059983454
-0.732358636,0.855015885,0.482275725,0.016780834,0.094223095,0.024722301,0.241493939,0.009088032,0.164629702,0.013920228,-0.107115212,0.012698372,-0.388601366,0.015095991,0.132070356
-0.737595732,-0.681520385,0.854701888,0.016309476,0.367247245,-0.011793628,0.438413932,0.044052695,0.216485574,0.01284142,0.15471219,0.005378724,-0.232259993,0.020145417,0.202660589
-0.776606218,0.035714776,-0.681590699,0.004125641,0.087050865,-0.021805912,-0.336938583,0.030641341,-1.492868748,0.006959364,0.148152449,0.003395914,0.035041519,0.010470138,0.0824273
-0.783580306,-0.644632421,0.035530714,0.002930617,-0.139715854,0.009088032,0.164629702,-0.003240367,-0.269271731,0.004155587,0.029609072,0.008480099,0.998955359,-6.60563E-05,-0.049982081
-0.736106881,0.215439596,-0.644708584,0.017191068,-0.407254691,0.044052695,0.216485574,-0.008802162,0.03360108,0.006468573,0.067904457,0.007336304,0.947276556,0.005626038,-0.062884247
-0.761417334,-0.255228644,0.215227031,0.016445459,-0.512249968,0.030641341,-1.492868748,0.002934458,-0.042537345,0.007414542,0.058200619,-0.001880988,0.095590912,0.016426454,-0.40839289
-0.730347382,-0.132915919,-0.255366564,0.004533023,-0.181701396,-0.003240367,-0.269271731,0.012148349,-0.367412671,0.008038037,0.008298031,0.001409647,0.059983454,0.014528834,-0.541481983
-0.688450616,0.097009815,-0.133073237,0.004533633,0.405836682,-0.008802162,0.03360108,0.017908226,0.501793584,0.01223633,-0.003855021,0.015095991,0.132070356,0.009459185,0.063958775
-0.628204424,0.486690945,0.096816032,0.017432232,1.476155669,0.002934458,-0.042537345,0.032018662,1.465726945,0.015811392,0.170661288,0.020145417,0.202660589,0.011643882,1.117175644
-0.614713351,-0.506233215,0.486435362,0.027991939,1.104577428,0.012148349,-0.367412671,0.043641278,0.159998383,0.015581432,0.370054341,0.010470138,0.0824273,0.020481612,1.453240558
-0.678120085,0.5538104,-0.506331328,0.019928409,0.028844036,0.017908226,0.501793584,0.021907808,-0.490041805,0.010195104,0.230385384,-6.60563E-05,-0.049982081,0.020118128,0.01510618
-0.688411435,-0.574184729,0.553544171,0.011359222,-0.316118451,0.032018662,1.465726945,-0.008478113,0.012665929,0.008577448,-0.037053479,0.005626038,-0.062884247,0.01143076,-0.237549521
-0.659339676,-0.175350946,-0.574272065,0.012308115,-0.415399,0.043641278,0.159998383,-0.01747629,-0.475289555,0.013677238,-0.210945649,0.016426454,-0.40839289,0.01104485,-0.248263364
-0.687993512,-0.184226246,-0.175501534,0.006077616,-0.198878127,0.021907808,-0.490041805,-0.009069787,-0.695972718,0.012495713,-0.227310329,0.014528834,-0.541481983,0.010568748,-0.378881715
-0.644229153,0.136671311,-0.184375427,-0.001315756,-0.06271116,-0.008478113,0.012665929,0.005767428,0.187605788,0.007847564,-0.061969334,0.009459185,0.063958775,0.006313099,-0.192846945
-0.63797337,-0.659886842,0.136471238,-0.003300489,-0.299693813,-0.01747629,-0.475289555,0.011102214,0.718274802,0.006958582,0.057775392,0.011643882,1.117175644,0.002493726,-0.07255178
-0.612636797,-0.254673938,-0.659960586,0.003547232,0.025084396,-0.009069787,-0.695972718,0.016409788,-0.330010565,0.009725453,-0.002659382,0.020481612,1.453240558,-0.000555085,-0.028031438
-0.559900157,0.327212903,-0.254811946,0.016319705,0.752816536,0.005767428,0.187605788,0.026890316,0.565779867,0.01425632,-0.012902212,0.020118128,0.01510618,0.008653019,0.582490998
-0.58228515,-0.317355742,0.326982611,0.017327035,0.739967622,0.011102214,0.718274802,0.023493705,0.357366604,0.013832447,0.020407704,0.01143076,-0.237549521,0.016148744,0.572073785
-0.602606649,-0.361177535,-0.317483809,0.013616941,-0.388209188,0.016409788,-0.330010565,0.0108893,-1.103972463,0.01138708,-0.135739624,0.01104485,-0.248263364,0.011721081,-0.085943189
-0.533166154,0.68194754,-0.361298652,0.016292251,-0.188618443,0.026890316,0.565779867,0.006007743,0.23181509,0.012861588,-0.110634028,0.010568748,-0.378881715,0.01509767,-0.08874413
-0.512021869,-0.343704288,0.68166099,0.019531599,0.155722046,0.023493705,0.357366604,0.015707681,0.983363649,0.013423508,0.138706422,0.006313099,-0.192846945,0.020329802,0.051513886
-0.521856116,-0.583892088,-0.343828177,0.017735404,-0.062582932,0.0108893,-1.103972463,0.024415428,-1.175985095,0.010102311,0.2411442,0.002493726,-0.07255178,0.017517691,-0.01414226
-0.485575188,-0.022252025,-0.583977884,0.01338907,0.127810333,0.006007743,0.23181509,0.02066054,-0.801812896,0.008353989,0.280909476,-0.000555085,-0.028031438,0.016969357,-0.092007957
-0.473403185,-0.53424588,-0.022426894,0.014706761,0.249146463,0.015707681,0.983363649,0.013722894,0.308624291,0.011769993,0.22168765,0.008653019,0.582490998,0.014766186,0.170698855
-0.426204022,0.209615181,-0.53433955,0.022735268,-0.142042325,0.024415428,-1.175985095,0.021102043,1.190540215,0.016399834,0.147670548,0.016148744,0.572073785,0.016639105,0.347181256
-0.457783318,-0.122099147,0.20940354,0.019947459,-0.232420834,0.02066054,-0.801812896,0.01925647,-0.061887911,0.016215278,0.077799826,0.011721081,-0.085943189,0.020461539,-0.230116253
-0.469890021,-0.535632645,-0.122258181,0.009230365,-0.168959728,0.013722894,0.308624291,0.004854143,-0.349345064,0.014568924,-0.101498661,0.01509767,-0.08874413,0.014068043,-0.475063498
-0.421032227,0.244839027,-0.535726096,0.011075215,-0.227409321,0.021102043,1.190540215,0.001327004,0.044599306,0.015182,-0.109153481,0.020329802,0.051513886,0.010319862,-0.061024619
-0.369053072,0.311126422,0.244621799,0.016740686,0.226906452,0.01925647,-0.061887911,0.014286935,1.159148587,0.016813656,0.01904946,0.017517691,-0.01414226,0.016152423,0.215133944
-0.383353869,-0.489037322,0.310898682,0.015859329,0.422242006,0.004854143,-0.349345064,0.02665205,0.062414014,0.016895688,0.018474345,0.016969357,-0.092007957,0.016826034,0.201324515
-0.389727193,-0.657390664,-0.489138162,0.009639312,0.075421584,0.001327004,0.044599306,0.017905549,-1.565776201,0.013445075,-0.002613343,0.014766186,0.170698855,0.012191967,-0.071544299
-0.398229311,-0.612182106,-0.657464804,0.007251672,-0.09195893,0.014286935,1.159148587,0.00031916,-0.384487935,0.01181585,-0.054106228,0.016639105,0.347181256,0.007249892,-0.06911608
-0.485091965,1.051936598,-0.612263416,0.003326581,0.002141831,0.02665205,0.062414014,-0.019375964,1.571187397,0.009983001,-0.250865546,0.020461539,-0.230116253,4.29648E-05,0.15797679
-0.552599567,0.640899278,1.051591371,-0.010978244,0.886806821,0.017905549,-1.565776201,-0.038983028,6.604490693,0.003228633,-0.147819502,0.014068043,-0.475063498,-0.007058682,0.738647715
-0.487769283,0.584041889,0.640619238,-0.018638017,0.763934494,0.00031916,-0.384487935,-0.037346499,-1.949589254,0.000157682,0.01265494,0.010319862,-0.061024619,-0.009571199,0.660844962
-0.427954074,0.477538292,0.583770867,-0.012175566,-0.243881277,-0.019375964,1.571187397,-0.004867426,-0.285120692,0.003851175,-0.096406806,0.016152423,0.215133944,-0.008060496,-0.066311802
-0.587900988,2.604004643,0.47728416,-0.018278575,0.03629481,-0.038983028,6.604490693,0.003362534,0.550347206,-0.000274741,0.1497554,0.016826034,0.201324515,-0.01699207,0.084538035
-0.581814986,-0.663492433,2.603413268,-0.029002087,0.011990134,-0.037346499,-1.949589254,-0.020196253,0.740333172,-0.00686778,0.380154333,0.012191967,-0.071544299,-0.025693044,0.150145176
-0.536692378,0.165516035,-0.663565605,-0.01792772,-0.167989117,-0.004867426,-0.285120692,-0.031382702,-0.847639107,-0.007112027,0.211154474,0.007249892,-0.06911608,-0.021494291,-0.272478408
-0.495174354,0.088966575,0.165311388,0.000450822,-0.030873817,0.003362534,0.550347206,-0.002491566,-0.585365197,-0.004820602,0.03668851,4.29648E-05,0.15797679,-0.009789475,-0.221876616
-0.452454802,0.114483062,0.088774068,0.007281232,0.082074882,-0.020196253,0.740333172,0.035072052,0.156066318,-0.000652831,0.006090683,-0.007058682,0.738647715,0.006011409,0.042129395
-0.438480506,-0.49597115,0.114286508,0.00195409,0.040943271,-0.031382702,-0.847639107,0.036566198,-0.493175412,-4.28795E-07,-0.007640802,-0.009571199,0.660844962,0.010067309,0.165022417
-0.479358586,0.075376272,-0.49607089,0.007691969,-0.2065495,-0.002491566,-0.585365197,0.018052945,-0.492540806,-0.00419963,-0.090096275,-0.008060496,-0.066311802,-0.000142634,-0.028036587
-0.470268764,-0.599701216,0.07518592,0.017224092,-0.43917364,0.035072052,0.156066318,-0.000310007,-0.191661873,-0.006479481,-0.155160649,-0.01699207,0.084538035,0.00443484,-0.273824417
-0.405216459,0.588756892,-0.599784505,0.019034545,-0.338950318,0.036566198,-0.493175412,0.002361004,0.665655757,-0.003366317,-0.098570097,-0.025693044,0.150145176,0.019637907,-0.265080704
-0.405686622,-0.782754273,0.588485122,0.017160935,-0.057428653,0.018052945,-0.492540806,0.016302021,0.76812231,-0.000757065,-0.036668037,-0.021494291,-0.272478408,0.02060118,-0.250993874
-0.383549771,-0.322625451,-0.782808531,0.012195772,0.188218204,-0.000310007,-0.191661873,0.024517623,-1.294792842,0.003113021,0.08313967,-0.009789475,-0.221876616,0.016122663,-0.11591825
-0.346472177,-0.005333485,-0.322752683,0.012265682,0.606897886,0.002361004,0.665655757,0.022123261,-0.185548808,0.010185195,0.182623099,0.006011409,0.042129395,0.014292172,0.292635601
-0.296647936,0.265363158,-0.005511037,0.020798685,0.642133325,0.016302021,0.76812231,0.025235075,0.827279563,0.0131539,0.292195082,0.010067309,0.165022417,0.016137345,0.806503347
-0.289334286,-0.63742124,0.265142675,0.027388313,0.031453026,0.024517623,-1.294792842,0.030176467,0.092777378,0.010881966,0.346943396,-0.000142634,-0.028036587,0.021454064,0.476419396
-0.278572773,-0.564200017,-0.637498547,0.023006145,-0.111124117,0.022123261,-0.185548808,0.023860554,-1.153560856,0.014683093,0.134242874,0.00443484,-0.273824417,0.02450973,-0.188180145
-0.270579998,-0.622998877,-0.564288936,0.01931437,-0.133515626,0.025235075,0.827279563,0.013611941,-0.497218913,0.020214534,-0.070626483,0.019637907,-0.265080704,0.020764256,-0.164590609
-0.352871621,0.954863007,-0.623078472,0.012071968,-0.345430504,0.030176467,0.092777378,-0.00535467,1.167071519,0.016053702,-0.152366518,0.02060118,-0.250993874,0.011784885,-0.187500585
-0.349724139,-0.725896884,0.954533175,0.001978847,-0.158631294,0.023860554,-1.153560856,-0.019063093,4.093378178,0.010571579,-0.171487547,0.016122663,-0.11591825,0.005382145,-0.321937602
-0.390145116,0.065668913,-0.72596016,-0.006913227,0.30772099,0.013611941,-0.497218913,-0.026893731,-2.432911255,0.006604349,-0.114320519,0.014292172,0.292635601,-0.000606644,0.038373993
-0.335514762,0.367429105,0.065480101,-0.009958861,0.293298294,-0.00535467,1.167071519,-0.014543116,-0.402934923,0.005223315,-0.077382059,0.016137345,0.806503347,-0.005068379,0.200643137
-0.367511981,-0.113223848,0.367192435,-0.009636117,-0.229988528,-0.019063093,4.093378178,-6.19514E-05,0.106478694,0.006757801,-0.1659058,0.021454064,0.476419396,-0.007172257,-0.027483794
-0.310961794,0.408200013,-0.113384289,-0.009284489,-0.394686192,-0.026893731,-2.432911255,0.008979582,0.000569565,0.008513556,-0.286211028,0.02450973,-0.188180145,-0.00679349,-0.126204753
-0.331648976,-0.353411647,0.407956877,-0.00138009,-0.270040365,-0.014543116,-0.402934923,0.012115843,0.041062035,0.007288124,-0.213051072,0.020764256,-0.164590609,-0.005756035,-0.420800034
-0.30589448,-0.245798638,-0.353533996,0.004716124,0.141124802,-6.19514E-05,0.106478694,0.009578061,-0.536011469,0.005406601,-0.143255783,0.011784885,-0.187500585,-0.000872109,-0.202957294
-0.312946928,-0.642968302,-0.245938054,0.008799968,-0.191155144,0.008979582,0.000569565,0.008622399,-0.539673716,0.00528787,-0.163159803,0.005382145,-0.321937602,0.00519376,0.150419927
-0.286761449,-0.236645985,-0.643044729,0.009143858,-0.181501259,0.012115843,0.041062035,0.006199903,-0.003307797,0.004034811,-0.058342773,-0.000606644,0.038373993,0.008724671,-0.160682417
-0.210725609,0.822010864,-0.236786852,0.014874491,0.607808485,0.009578061,-0.536011469,0.020061171,2.916238209,0.004495249,0.286061833,-0.005068379,0.200643137,0.014161787,0.548990941
-0.233280383,-0.313750152,0.821702101,0.016873691,0.879841258,0.008622399,-0.539673716,0.025049915,1.916192589,0.004372844,0.420849551,-0.007172257,-0.027483794,0.016039784,0.607467527
-0.257572149,-0.276862187,-0.313878791,0.010883237,-0.067746317,0.006199903,-0.003307797,0.015496886,-2.18973907,0.00236891,0.162609881,-0.00679349,-0.126204753,0.011544482,-0.140974059
-0.260941652,-0.721181881,-0.276996676,0.008441218,-0.264501118,0.020061171,2.916238209,-0.002953386,-0.451245696,0.000939461,0.041248607,-0.005756035,-0.420800034,0.0075776,-0.159653404
-0.276195837,-0.468790544,-0.721245904,0.005762446,-0.270894994,0.025049915,1.916192589,-0.012936359,-0.345817202,0.002642049,-0.009893716,-0.000872109,-0.202957294,0.006081138,-0.23555447
-0.225392089,0.286164641,-0.468894595,0.006884311,-0.285724698,0.015496886,-2.18973907,-0.00148517,0.468524127,0.006148834,0.014611739,0.00519376,0.150419927,0.007078627,-0.217865789
-0.202615293,-0.309035149,0.28594086,0.004859495,-0.025587753,-0.002953386,-0.451245696,0.012608551,1.838448056,0.00953705,-0.016860241,0.008724671,-0.160682417,0.010321581,-0.169096751
-0.249579375,0.204622825,-0.309164536,-0.000571258,0.070576376,-0.012936359,-0.345817202,0.011904653,-0.260303923,0.008343278,-0.094635979,0.014161787,0.548990941,0.002717841,-0.08688223
-0.186890946,0.538555978,0.204411975,0.003777635,0.307263091,-0.00148517,0.468524127,0.009085194,-0.193858596,0.008101762,-0.095292162,0.016039784,0.607467527,0.000449826,0.195499686
-0.19186684,-0.687067448,0.538292169,0.00970262,0.313862033,0.012608551,1.838448056,0.006815828,0.301574422,0.009057991,-0.038132378,0.011544482,-0.140974059,0.006657824,0.38251807
-0.203307478,-0.549777654,-0.687136881,0.009867018,-0.41814872,0.011904653,-0.260303923,0.007862289,-1.030334718,0.007458632,-0.070213754,0.0075776,-0.159653404,0.007342645,0.000928842
-0.221800565,-0.400006971,-0.549868861,0.005289677,-0.351356608,0.009085194,-0.193858596,0.001558422,-0.605260037,0.006368898,-0.182053509,0.006081138,-0.23555447,0.006650968,-0.408625596
-0.211496154,-0.573907376,-0.400121931,-0.000364094,-0.018823567,0.006815828,0.301574422,-0.007469414,0.024363145,0.005542912,-0.221249914,0.007078627,-0.217865789,0.004038561,-0.335938867
-0.165668301,0.180493104,-0.573994756,0.005138953,-0.136636267,0.007862289,-1.030334718,0.00245102,1.755363182,0.006622825,-0.157741395,0.010321581,-0.169096751,0.002996503,0.152262514
-0.123392792,0.105053056,0.180286081,0.010093838,0.583543016,0.001558422,-0.605260037,0.018603447,2.30371616,0.006187196,0.243521554,0.002717841,-0.08688223,0.009583794,0.55036043
-0.12315771,-0.787746629,0.104857997,0.009058394,1.063682226,-0.007469414,0.024363145,0.025604937,-0.583267972,0.005843934,0.498106916,0.000449826,0.195499686,0.011148335,0.658651379
-0.185898379,0.539665391,-0.787800096,0.005866799,0.309421673,0.00245102,1.755363182,0.009290452,-0.264648932,0.005361272,0.13537136,0.006657824,0.38251807,0.004082651,0.274134051
-0.174444681,-0.549500301,0.539401406,0.004393106,-0.249737921,0.018603447,2.30371616,-0.00959456,0.202786004,0.004652555,-0.119586814,0.007342645,0.000928842,0.002025209,-0.062092644
-0.205932556,-0.124040619,-0.549591552,0.003572956,-0.199767034,0.025604937,-0.583267972,-0.017801427,-0.826039407,0.004596177,-0.200082589,0.006650968,-0.408625596,0.002591201,-0.117426139
-0.215035438,-0.599423862,-0.124199345,-0.002954004,0.112002792,0.009290452,-0.264648932,-0.014926517,-0.334999071,0.002358802,-0.16087717,0.004038561,-0.335938867,0.000713941,-0.05744594
-0.288929424,0.776524953,-0.599507196,-0.014446452,0.597341759,-0.00959456,0.202786004,-0.01928723,0.885356798,-0.002216777,0.192880574,0.002996503,0.152262514,-0.007330601,0.559416603
-0.38198256,1.183401976,0.776223404,-0.028516139,1.175285965,-0.017801427,-0.826039407,-0.039455015,3.91259134,-0.006370081,0.845726549,0.009583794,0.55036043,-0.022055379,1.365805296
-0.355353038,-0.227215979,1.183035899,-0.028875211,0.77113624,-0.014926517,-0.334999071,-0.043133826,0.112921043,-0.008759975,0.919883489,0.011148335,0.658651379,-0.028353121,0.733729152
-0.335789024,-0.377264015,-0.227358342,-0.022554664,-0.103455406,-0.01928723,0.885356798,-0.025924553,-1.328466223,-0.009118277,0.378096858,0.004082651,0.274134051,-0.02223178,-0.061327245
-0.331844877,-0.708978344,-0.377382582,-0.01993769,-0.331202713,-0.039455015,3.91259134,0.000465371,-0.422375148,-0.007983758,0.150759555,0.002025209,-0.062092644,-0.018152936,-0.182912002
-0.391059322,0.464780049,-0.709044303,-0.021205967,-0.427032772,-0.043133826,0.112921043,0.002090384,0.207017048,-0.008769474,0.173161246,0.002591201,-0.117426139,-0.020515889,-0.2519786
-0.401899196,-0.562535898,0.46452794,-0.020529606,-0.40020316,-0.025924553,-1.328466223,-0.014848873,1.083336215,-0.010636367,0.202289903,0.000713941,-0.05744594,-0.022482473,-0.352409428
-0.324413686,0.85279706,-0.562625081,-0.003971103,-0.07930631,0.000465371,-0.422375148,-0.0084956,0.703052001,-0.010364852,0.054141036,-0.007330601,0.559416603,-0.013567402,-0.426729713
-0.357011669,-0.100465604,0.852483415,0.004058824,0.082462883,0.002090384,0.207017048,0.006036554,0.036143365,-0.011706582,-0.113316157,-0.022055379,1.365805296,-0.000648842,-0.165180661
-0.285716642,0.721331683,-0.100628069,0.003543676,0.373688684,-0.014848873,1.083336215,0.022075898,-0.166214124,-0.011887897,-0.209548885,-0.028353121,0.733729152,0.005906897,0.223227853
-0.235866281,0.265917864,0.721038887,0.010645437,0.959743682,-0.0084956,0.703052001,0.030051664,0.523929762,-0.006407702,-0.183288172,-0.02223178,-0.061327245,0.010610095,0.913768815
-0.2152444,-0.354798413,0.265697293,0.019813018,0.857558698,0.006036554,0.036143365,0.033639045,0.0139131,-0.002756064,-0.105661302,-0.018152936,-0.182912002,0.013527716,1.113377238
-0.247829323,-0.100742957,-0.354920542,0.023960258,-0.206490978,0.022075898,-0.166214124,0.02580195,-1.244155697,-0.002523448,-0.1152722,-0.020515889,-0.2519786,0.016163101,0.256981508
-0.231569511,-0.447434354,-0.100905378,0.017809756,-0.305254938,0.030051664,0.523929762,0.00598239,-0.327481817,-0.001785715,-0.079288054,-0.022482473,-0.352409428,0.019384905,-0.346864288
-0.26785044,-0.022252025,-0.447541792,0.01296354,-0.407737416,0.033639045,0.0139131,-0.006716015,0.046639109,0.000139071,-0.013279612,-0.013567402,-0.426729713,0.013926599,-0.287141808
-0.315872388,0.227088427,-0.022426894,0.004157113,-0.298903038,0.02580195,-1.244155697,-0.016684908,1.577071562,0.002671354,-0.036810364,-0.000648842,-0.165180661,0.005944681,-0.263891956
-0.275908515,0.055961554,0.226874015,-0.004913518,0.192683453,0.00598239,-0.327481817,-0.015532407,0.463033601,0.004461853,-0.070530087,0.005906897,0.223227853,0.003068083,-0.260770914
-0.242200424,-0.076890589,0.055774281,-0.004660467,-0.204817469,-0.006716015,0.046639109,-0.002601936,-0.297544894,0.005300756,-0.00156879,0.010610095,0.913768815,0.000208495,-0.035682909
-0.219985212,-0.320961333,-0.077056793,6.1906E-05,-0.0185804,-0.016684908,1.577071562,0.017082595,0.057721513,0.006281051,0.051967298,0.013527716,1.113377238,-0.000663039,-0.042607439
-0.147227455,0.752395232,-0.321088828,0.007842078,0.764631556,-0.015532407,0.463033601,0.031762011,0.497618066,0.010848004,0.078371653,0.016163101,0.256981508,0.005735674,0.583998289
-0.117463511,-0.160651231,0.752097509,0.016439085,1.33254015,-0.002601936,-0.297544894,0.03571284,0.666594817,0.016065433,0.039123697,0.019384905,-0.346864288,0.012851531,1.176300273
-0.144354235,-0.221668917,-0.16080415,0.022500527,0.163401046,0.017082595,0.057721513,0.027860303,-1.181188015,0.014078124,0.023754292,0.013926599,-0.287141808,0.014225929,0.672771736
-0.171062118,-0.22555186,-0.221812159,0.019204119,-0.476979604,0.031762011,0.497618066,0.007075459,-0.522221234,0.011011783,-0.096149625,0.005944681,-0.263891956,0.015968101,-0.244172335
-0.104560143,0.619543088,-0.225694487,0.016675738,-0.294503794,0.03571284,0.666594817,-0.001468215,0.323217484,0.010951075,-0.048066089,0.003068083,-0.260770914,0.018689078,-0.330737416
-0.112670458,-0.620502699,0.619266435,0.016649106,-0.356240852,0.027860303,-1.181188015,0.005928411,0.577524747,0.009030574,0.140558982,0.000208495,-0.035682909,0.017656914,-0.243258895
-0.106297135,-0.657390664,-0.62058269,0.010004627,-0.309902794,0.007075459,-0.522221234,0.012864823,-1.089375993,0.006850226,0.151395776,-0.000663039,-0.042607439,0.014152872,-0.44063173
-0.132678515,-0.232485688,-0.657464804,0.001719479,0.014443259,-0.001468215,0.323217484,0.004879711,-0.67281303,0.006577666,0.066486252,0.005735674,0.583998289,0.007388451,-0.315834512
-0.184670731,0.311403775,-0.232627215,-0.003686713,0.328814705,0.005928411,0.577524747,-0.013275378,0.981444401,0.004739298,-0.020612345,0.012851531,1.176300273,-0.003011463,0.162095278
-0.122282684,0.532176856,0.311175991,0.000560328,0.151692402,0.012864823,-1.089375993,-0.011567274,4.603865336,0.005610994,-0.059168408,0.014225929,0.672771736,-0.00256458,0.31175341
-0.049825309,0.74601611,0.531914059,0.006860556,0.340205337,0.004879711,-0.67281303,0.00882354,2.005550206,0.011959694,-0.135119108,0.015968101,-0.244172335,0.008135965,0.340922809
-0.103867958,0.354948214,0.745719399,0.00422231,0.399862973,-0.013275378,0.981444401,0.021802409,0.106196391,0.012711555,-0.241703087,0.018689078,-0.330737416,0.006948719,0.253411223
-0.030117634,0.773474069,0.354713524,0.005629146,0.43582708,-0.011567274,4.603865336,0.023092119,-0.876619559,0.011098847,-0.171601021,0.017656914,-0.243258895,0.004738163,0.363078453
-0.043399745,-0.510670865,0.773173003,0.010920243,0.351882048,0.00882354,2.005550206,0.013018368,0.024454142,0.011144498,-0.082187472,0.014152872,-0.44063173,0.00822204,0.40966834
-0.001973142,0.087025103,-0.510768274,0.017940013,-0.250297999,0.021802409,0.106196391,0.014152135,-0.452227933,0.009182989,0.070423694,0.007388451,-0.315834512,0.010943589,0.288569907
0.03038976,-0.10545796,0.086832904,0.022010961,-0.240937208,0.023092119,-0.876619559,0.020965509,-0.060841359,0.008312875,0.358495308,-0.003011463,0.162095278,0.019453981,-0.057944374
0.027320639,-0.727561003,-0.105619633,0.014995543,0.082610107,0.013018368,0.024454142,0.016926967,-0.083646564,0.009017034,0.343885889,-0.00256458,0.31175341,0.020444894,-0.279812233
0.041490836,-0.491810853,-0.727624014,0.014347298,-0.234411782,0.014152135,-0.452227933,0.014537479,-1.396142623,0.010798585,0.129853458,0.008135965,0.340922809,0.013408901,-0.02895621
0.017146829,-0.275752774,-0.491911253,0.012299433,-0.434135636,0.020965509,-0.060841359,0.003818205,-0.152436419,0.00935538,0.057225755,0.006948719,0.253411223,0.011677962,-0.28457143
0.046244708,-0.17479624,-0.27588744,0.008699094,-0.344552726,0.016926967,-0.083646564,0.000711413,0.456458985,0.00781659,0.069362604,0.004738163,0.363078453,0.010766929,-0.437471012
0.026510913,-0.373658425,-0.174946916,0.007437111,-0.576416537,0.014537479,-1.396142623,0.000491227,0.352408925,0.008077979,0.036634705,0.00822204,0.40966834,0.007939647,-0.314965894
-0.058405787,1.010610984,-0.373777563,-0.003785814,0.676874133,0.003818205,-0.152436419,-0.011294078,3.271271022,0.005714922,-0.07155817,0.010943589,0.288569907,0.000726808,0.13633472
-0.096084145,0.007424758,1.01027231,-0.013245497,2.766435045,0.000711413,0.456458985,-0.027117041,3.07137955,0.004474893,-0.231003841,0.019453981,-0.057944374,-0.009822866,1.265891543
-0.047944656,0.229584605,0.007245183,-0.013261863,1.709522266,0.000491227,0.352408925,-0.0270309,-2.038959979,0.00446041,-0.255915242,0.020444894,-0.279812233,-0.010793735,1.318246766
-0.062101793,-0.492088206,0.229369797,-0.010569013,-0.086534208,-0.011294078,3.271271022,-0.009837413,-0.684376427,0.00169562,-0.08854789,0.013408901,-0.02895621,-0.009598489,-0.02876918
-0.082632253,-0.356739885,-0.492188562,-0.013141857,-0.231004008,-0.027117041,3.07137955,0.001250435,-0.125462196,0.000244189,-0.030661969,0.011677962,-0.28457143,-0.010988616,-0.037325409
-0.103815718,-0.342872229,-0.356861706,-0.016460076,-0.589368564,-0.0270309,-2.038959979,-0.005489352,-0.153357603,-0.001427003,0.054792976,0.010766929,-0.437471012,-0.013554494,-0.18795242
-0.102052606,-0.755296314,-0.34299625,-0.011103628,-0.357975241,-0.009837413,-0.684376427,-0.012405987,-0.229851043,-0.003601215,0.178457324,0.007939647,-0.314965894,-0.015201566,-0.582043873
-0.13769359,-0.035842328,-0.755354927,-0.005486498,0.230617758,0.001250435,-0.125462196,-0.012279766,-0.044154103,-0.005285764,0.215433694,0.000726808,0.13633472,-0.011402325,-0.256790369
-0.053651915,0.992028325,-0.036015041,-0.003070727,0.354022131,-0.005489352,-0.153357603,-0.000637582,1.458808151,-0.005988186,0.070810184,-0.009822866,1.265891543,-0.002038608,0.220222273
-0.0250895,-0.186167718,0.991692598,0.002037383,0.335986775,-0.012405987,-0.229851043,0.016636444,3.270930338,-0.003724058,-0.099470593,-0.010793735,1.318246766,0.003637134,0.344630745
-0.047696514,-0.312640739,-0.18631659,0.004695212,0.366706684,-0.012279766,-0.044154103,0.022007798,-1.349754173,-0.003878862,-0.132696369,-0.009598489,-0.02876918,0.002084973,0.22331911
-0.0924665,0.158027501,-0.312769554,0.003021607,0.0518259,-0.000637582,1.458808151,0.006702284,-0.574770576,-0.005458428,-0.138163416,-0.010988616,-0.037325409,0.000255174,0.058783356
-0.10116452,-0.608021809,0.157824041,0.000796958,-0.030652014,0.016636444,3.270930338,-0.014894543,0.232711672,-0.007067183,-0.20883592,-0.013554494,-0.18795242,-0.000400477,0.002107495
-0.01644372,1.006450687,-0.608103779,0.007936218,-0.165065615,0.022007798,-1.349754173,-0.005743837,0.817294356,-0.00524718,-0.301840986,-0.015201566,-0.582043873,0.004916822,0.121982371
-0.028785505,-0.530640289,1.006112673,0.009487273,-0.123727033,0.006702284,-0.574770576,0.0122263,0.498046081,-0.000368661,-0.097196739,-0.011402325,-0.256790369,0.010842156,-0.150514358
-0.041597452,-0.520655577,-0.530734531,0.00054268,-0.00161587,-0.014894543,0.232711672,0.016029882,-1.186056324,0.002334862,0.046721017,-0.002038608,0.220222273,0.00674132,-0.273940707
-0.003540352,0.015467999,-0.520751403,0.001781063,0.119389881,-0.005743837,0.817294356,0.009387487,-0.566549798,0.002748553,0.106814931,0.003637134,0.344630745,0.001863858,0.085204075
0.039571003,0.122803655,0.015287148,0.011332023,0.330026423,0.0122263,0.498046081,0.010439913,0.612489197,0.004056693,0.341801364,0.002084973,0.22331911,0.005999385,0.483152997
0.029867356,-0.586665619,0.122605782,0.01693748,-0.235698033,0.016029882,-1.186056324,0.0178272,0.258525917,0.005938775,0.366744899,0.000255174,0.058783356,0.01154827,0.309432209
-0.079497832,1.52981602,-0.586750976,0.004364278,-0.033447079,0.009387487,-0.566549798,-0.000571874,1.317440212,0.003789139,0.074476342,-0.000400477,0.002107495,0.007924495,-0.223025809
-0.155507551,0.821456158,1.529395004,-0.01208151,0.894612981,0.010439913,0.612489197,-0.034202698,1.737743635,-0.00080468,0.091867662,0.004916822,0.121982371,-0.006429606,0.409401934
-0.121969242,-0.08049618,0.821147483,-0.013074919,1.145115707,0.0178272,0.258525917,-0.043386793,-1.23936896,-0.001038782,0.081501997,0.010842156,-0.150514358,-0.012635078,0.715802659
-0.118469138,-0.71840835,-0.080661811,-0.012379631,0.200558079,-0.000571874,1.317440212,-0.024092174,-1.100058647,-0.001350698,0.024387804,0.00674132,-0.273940707,-0.009240716,0.291366778
-0.177618283,0.463393283,-0.718472813,-0.021222634,-0.114710402,-0.034202698,1.737743635,-0.00790723,-0.05265465,-0.005988675,0.186393558,0.001863858,0.085204075,-0.013740291,0.168148641
-0.114929854,0.538555978,0.463141395,-0.023250664,-0.592736175,-0.043386793,-1.23936896,-0.001990142,0.387669421,-0.006052625,0.157875284,0.005999385,0.483152997,-0.018082997,-0.161740117
-0.108060247,-0.646851246,0.538292169,-0.011217828,-0.556592075,-0.024092174,-1.100058647,0.00231593,0.251600201,-0.002285279,0.026675084,0.01154827,0.309432209,-0.016161874,-0.681754388
-0.157727767,0.26203492,-0.646927057,-0.002020289,-0.086780077,-0.00790723,-0.05265465,0.004033513,-0.250211523,-0.001999295,0.060468739,0.007924495,-0.223025809,-0.012062602,-0.469569143
-0.194491918,-0.01198996,0.261814965,-0.0049525,0.261914032,-0.001990142,0.387669421,-0.00793615,0.14327574,-0.006512646,0.117153491,-0.006429606,0.409401934,-0.006597994,0.033474258
-0.187361109,-0.641304183,-0.012166456,-0.00938797,0.339263013,0.00231593,0.251600201,-0.021099118,-0.193487447,-0.009348482,0.098220396,-0.012635078,0.715802659,-0.005921311,0.313665111
-0.116954168,0.702471671,-0.641380875,-0.000546296,0.07633563,0.004033513,-0.250211523,-0.005103453,-0.019304947,-0.006506827,0.007875029,-0.009240716,0.291366778,-0.00363992,0.100819415
-0.163761528,0.201294587,0.702181866,0.000789427,-0.043400338,-0.00793615,0.14327574,0.009572549,0.376686801,-0.006585211,-0.081057831,-0.013740291,0.168148641,0.000877883,-0.031374514
-0.16116257,-0.737545715,0.201084266,-0.00683215,-0.302684026,-0.021099118,-0.193487447,0.007703101,-0.848909408,-0.01013485,-0.248040966,-0.018082997,-0.161740117,-0.001855929,-0.122711922
-0.157740827,-0.720072469,-0.737607143,-0.003545654,-0.214602477,-0.005103453,-0.019304947,-0.0019631,-0.765707981,-0.01092694,-0.499205282,-0.016161874,-0.681754388,-0.005497685,-0.290156719
-0.172211406,-0.485431731,-0.720136668,0.001491298,-0.106413728,0.009572549,0.376686801,-0.006598396,-0.523038234,-0.007923254,-0.389864842,-0.012062602,-0.469569143,-0.003674931,-0.207656283
-0.24009775,0.648942519,-0.485533143,-0.002046991,0.462491982,0.007703101,-0.848909408,-0.011669867,1.556716628,-0.005040061,0.066093318,-0.006597994,0.033474258,-0.003450691,0.371777113
-0.255312754,-0.469622604,0.648661203,-0.01284374,0.744764591,-0.0019631,-0.765707981,-0.023700797,12.14768344,-0.006228229,0.455776362,-0.005921311,0.313665111,-0.006539797,0.953015951
-0.25624002,-0.773046914,-0.469726522,-0.015491639,0.347342682,-0.006598396,-0.523038234,-0.024412425,-4.615560765,-0.007768639,0.363136562,-0.00363992,0.100819415,-0.011944811,0.387193429
-0.243493373,-0.522042343,-0.773102712,-0.011773243,0.002093348,-0.011669867,1.556716628,-0.011878419,-0.844617925,-0.005849546,0.186043459,0.000877883,-0.031374514,-0.012657072,-0.080183721
-0.246693095,-0.724787472,-0.522137948,-0.01164426,-0.373729402,-0.023700797,12.14768344,0.000719331,-0.054976508,-0.005698809,0.053251758,-0.001855929,-0.122711922,-0.009588194,-0.114012205
-0.300801045,0.35633498,-0.724850923,-0.01488262,-0.449383191,-0.024412425,-4.615560765,-0.005006932,2.768770501,-0.009394242,0.025545673,-0.005497685,-0.290156719,-0.013370428,-0.171212921
-0.363384993,0.536337153,0.35610007,-0.017329173,0.343191026,-0.011878419,-0.844617925,-0.022920466,7.284035508,-0.011555476,0.297428461,-0.003674931,-0.207656283,-0.01964116,0.08101386
-0.362640568,-0.776929858,0.536073696,-0.015964054,1.065444963,0.000719331,-0.054976508,-0.032830459,0.560539462,-0.010883779,0.455586646,-0.003450691,0.371777113,-0.018528589,0.374075672
-0.435907669,0.763212003,-0.77698504,-0.020045354,1.285688062,-0.005006932,2.768770501,-0.03516664,-0.506470246,-0.012201021,0.499171488,-0.006539797,0.953015951,-0.01805636,0.755569061
-0.465671612,-0.160651231,0.762912565,-0.028310932,0.541977918,-0.022920466,7.284035508,-0.033821072,0.292894867,-0.017594103,0.378585377,-0.011944811,0.387193429,-0.023499473,0.743659746
-0.423735665,0.097841875,-0.16080415,-0.028340284,-0.266479966,-0.032830459,0.560539462,-0.023667721,-0.571085841,-0.018019993,0.141352167,-0.012657072,-0.080183721,-0.023652864,0.078129434
-0.333046405,1.133201062,0.09764796,-0.015049082,-0.395545345,-0.03516664,-0.506470246,0.006171089,0.350828364,-0.012879697,-0.049304893,-0.009588194,-0.114012205,-0.016361474,-0.370575904
-0.324544287,-0.612182106,1.132842946,0.000481945,-0.022962279,-0.033821072,0.292894867,0.03660331,0.629981509,-0.010207138,-0.163252777,-0.013370428,-0.171212921,-0.00684481,-0.268420908
-0.38191726,0.425673259,-0.612263416,0.001448349,0.094392009,-0.023667721,-0.571085841,0.027699505,-1.706969301,-0.011436598,-0.182978684,-0.01964116,0.08101386,-0.002658096,-0.075988293
-0.417310102,-0.041112037,0.425427353,-5.03968E-05,-0.069576774,0.006171089,0.350828364,-0.006328017,-0.120424288,-0.011814456,-0.111028017,-0.018528589,0.374075672,-0.00462773,-0.025179532
-0.412556229,-0.691782451,-0.041283915,0.005306411,-0.230182924,0.03660331,0.629981509,-0.025154702,-0.213789232,-0.010264811,-0.046420728,-0.01805636,0.755569061,-0.001982869,-0.050104845
-0.460578177,0.227088427,-0.691851136,0.001205834,-0.044813561,0.027699505,-1.706969301,-0.024188917,-0.657386342,-0.011169218,-0.042562723,-0.023499473,0.743659746,0.00180307,-0.061364783
-0.484856883,-0.27713954,0.226874015,-0.01396011,0.237940467,-0.006328017,-0.120424288,-0.021481545,0.375628025,-0.013843457,-0.058826359,-0.023652864,0.078129434,-0.003563851,0.175043409
-0.49318922,-0.615787696,-0.277273985,-0.023620501,-0.184412778,-0.025154702,-0.213789232,-0.022056508,-0.495449651,-0.015227249,-0.151329533,-0.016361474,-0.370575904,-0.01405343,0.201473921
-0.394285164,1.307656173,-0.615868435,-0.013378637,-0.297991813,-0.024188917,-0.657386342,-0.002159789,0.68257486,-0.010679698,-0.206066985,-0.00684481,-0.268420908,-0.01459618,-0.319114826
-0.427927954,-0.078277355,1.30727039,-0.001718153,-0.075501819,-0.021481545,0.375628025,0.01874959,0.906238169,-0.005001982,-0.132850787,-0.002658096,-0.075988293,-0.007378135,-0.363172114
-0.418668351,-0.596095625,-0.078443338,-0.001266507,-0.046949295,-0.022056508,-0.495449651,0.020250002,-2.211944436,-0.003846399,-0.063836677,-0.00462773,-0.025179532,-0.003050488,-0.105339294
-0.421188948,-0.739209834,-0.596179486,0.002521534,-0.011020654,-0.002159789,0.68257486,0.007261314,-0.829454455,-0.001321767,-0.046126797,-0.001982869,-0.050104845,-0.000646306,-0.025141487
-0.51941388,1.293233811,-0.739270998,0.000366452,0.241926936,0.01874959,0.906238169,-0.017898324,0.796879727,-0.001251221,0.104323286,0.00180307,-0.061364783,-0.004377495,0.235899753
-0.5926418,0.762379944,1.292850315,-0.010167308,0.950691392,0.020250002,-2.211944436,-0.039685422,4.674818864,-0.007151676,0.439591553,-0.003563851,0.175043409,-0.010811654,0.89831749
-0.545938921,0.199075762,0.762080638,-0.018994676,0.657571412,0.007261314,-0.829454455,-0.044838645,-4.256547621,-0.012257936,0.315892614,-0.01405343,0.201473921,-0.010422584,0.809423317
-0.546787827,-0.774711033,0.198865793,-0.020516351,-0.107093022,-0.017898324,0.796879727,-0.023151857,-1.032300399,-0.01399452,-0.109341717,-0.01459618,-0.319114826,-0.013376947,0.017407739
-0.557222838,-0.571133844,-0.774766567,-0.019671248,-0.214188716,-0.039685422,4.674818864,0.001257677,-0.357903939,-0.012855511,-0.082693962,-0.007378135,-0.363172114,-0.018495565,-0.125024433
-0.578771986,-0.335106342,-0.571221664,-0.022895761,-0.609541894,-0.044838645,-4.256547621,0.000412294,-0.28082702,-0.01096551,0.030941004,-0.003050488,-0.105339294,-0.01906044,-0.202275433
-0.694327656,1.661281397,-0.335231594,-0.025945293,-0.032759459,-0.023151857,-1.032300399,-0.028884604,2.523901163,-0.014537352,0.275387468,-0.000646306,-0.025141487,-0.02882383,-0.152799588
-0.709829982,-0.463520835,1.660839532,-0.023042339,0.852009742,0.001257677,-0.357903939,-0.047793934,8.800228658,-0.017517443,0.453250062,-0.004377495,0.235899753,-0.031108127,0.190439132
-0.685877778,-0.284073368,-0.463625722,-0.020538671,0.739656584,0.000412294,-0.28082702,-0.041572766,-3.775452577,-0.014933176,0.322182345,-0.010811654,0.89831749,-0.019241997,0.32785624
-0.735623658,0.263699039,-0.284206714,-0.026633827,-0.038125778,-0.028884604,2.523901163,-0.024329561,-0.633858503,-0.014845812,0.222238045,-0.010422584,0.809423317,-0.019554709,0.181530488
-0.731274648,-0.700380397,0.26347882,-0.029679048,-0.235382249,-0.047793934,8.800228658,-0.010549895,0.215095094,-0.019560935,0.091087043,-0.013376947,0.017407739,-0.026206625,-0.045724642
-0.682168713,0.250108736,-0.700447719,-0.022954054,-0.673208281,-0.041572766,-3.775452577,-0.003036951,0.395780222,-0.020095885,-0.080674585,-0.018495565,-0.125024433,-0.02181483,-0.359503885
-0.685094173,-0.730611887,0.249890673,-0.007914015,-0.452247213,-0.024329561,-0.633858503,0.009353667,-0.000225515,-0.017844474,-0.159599558,-0.01906044,-0.202275433,-0.016525254,-0.626395204
-0.784625113,1.320969122,-0.730674415,-0.005591975,0.309539924,-0.010549895,0.215095094,-0.000488296,1.03953539,-0.021839088,-0.186872496,-0.02882383,-0.152799588,-0.014237134,-0.210862796
-0.722276247,0.531344797,1.320581228,-0.009568464,0.589058999,-0.003036951,0.395780222,-0.016166673,0.766249585,-0.019809792,-0.144718945,-0.031108127,0.190439132,-0.007507546,0.28132071
-0.648003519,0.784568193,0.531082132,0.004404243,0.287233207,0.009353667,-0.000225515,-0.000517348,0.365588984,-0.009117962,-0.088546426,-0.019241997,0.32785624,0.001872587,0.328996255
-0.612375595,-0.036119681,0.784265368,0.01787228,0.539653298,-0.000488296,1.03953539,0.036230033,0.09906766,-0.004356643,-0.096628454,-0.019554709,0.181530488,0.01194492,0.523651741
-0.580417557,-0.114055907,-0.036292351,0.019155524,0.713616227,-0.016166673,0.766249585,0.054741984,-0.687727988,-0.003605467,-0.125095966,-0.026206625,-0.045724642,0.020339752,0.63153114
-0.429142542,2.419842173,-0.114216216,0.030819174,1.327536465,-0.000517348,0.365588984,0.062461555,0.611221602,0.003409926,0.229879016,-0.02181483,-0.359503885,0.029885839,1.285848341
-0.439172691,-0.579731791,2.419280005,0.051290705,0.702853472,0.036230033,0.09906766,0.065922821,0.905675973,0.009687208,0.533082991,-0.016525254,-0.626395204,0.03658658,1.14656325
-0.415742891,-0.295167493,-0.579818247,0.055126188,-0.25484402,0.054741984,-0.687727988,0.055488233,-2.547268624,0.01515234,0.485562705,-0.014237134,-0.210862796,0.044588775,0.108504007
-0.346041194,0.687494602,-0.295299079,0.050359222,-0.108625009,0.062461555,0.611221602,0.039279422,-0.369322581,0.023168027,0.402073319,-0.007507546,0.28132071,0.053065993,-0.154897852
-0.330669469,-0.466294366,0.687207173,0.046961889,-0.129947582,0.065922821,0.905675973,0.029562954,0.396973231,0.025801647,0.332361912,0.001872587,0.328996255,0.048544603,-0.102459046
-0.28541626,0.168289566,-0.466398813,0.045284915,-0.392054715,0.055488233,-2.547268624,0.035936345,-1.440022708,0.028616744,0.22354263,0.01194492,0.523651741,0.043960656,-0.157737462
-0.303373882,-0.411378449,0.168084479,0.032274933,-0.265398578,0.039279422,-0.369322581,0.025708657,-0.465475549,0.030801411,0.10506157,0.020339752,0.63153114,0.040180154,-0.389334386
-0.236127483,0.635352216,-0.411491605,0.024688029,-0.019539997,0.029562954,0.396973231,0.02006712,0.072844854,0.030278021,0.074581599,0.029885839,1.285848341,0.030623306,-0.231073326
-0.207643428,-0.187831836,0.635073056,0.030200673,-0.12242263,0.035936345,-1.440022708,0.024730002,0.836692877,0.031503321,0.078208489,0.03658658,1.14656325,0.027081291,0.069471403
-0.145699424,0.52274685,-0.187980445,0.029727459,0.125638918,0.025708657,-0.465475549,0.033584891,0.500988022,0.037535332,-0.027767957,0.044588775,0.108504007,0.031439256,0.007327114
-0.139966045,-0.670980967,0.522485549,0.028046847,0.242956654,0.02006712,0.072844854,0.035726102,-0.333951044,0.040454273,-0.117432897,0.053065993,-0.154897852,0.02948701,0.078960535
-0.236388684,1.25495908,-0.671052952,0.016941315,-0.123387172,0.024730002,0.836692877,0.009385745,0.159825005,0.032411824,-0.163387923,0.048544603,-0.102459046,0.018338704,-0.129492524
-0.214134292,-0.320129273,1.254581655,0.009634662,-0.370203369,0.033584891,0.500988022,-0.013238894,0.280283471,0.025870334,-0.222557555,0.043960656,-0.157737462,0.009944726,-0.262987403
-0.251629809,0.003541815,-0.320256901,0.00507074,-0.224048827,0.035726102,-0.333951044,-0.024217667,-0.938864318,0.022800354,-0.290409057,0.040180154,-0.389334386,0.007299355,-0.243172005
-0.186264062,0.595413367,0.003362855,0.000402792,0.052048102,0.009385745,0.159825005,-0.008307212,-0.326970924,0.017699544,-0.229374854,0.030623306,-0.231073326,0.005995019,-0.2185708
-0.20499223,-0.395014615,0.595140541,-0.002582662,-0.159786082,-0.013238894,0.280283471,0.008075049,0.293235346,0.014590476,-0.157503361,0.027081291,0.069471403,0.003085477,-0.036189701
-0.122308804,0.963183601,-0.395130366,-0.002839211,-0.019669743,-0.024217667,-0.938864318,0.019156964,0.559667787,0.015976029,-0.227851518,0.031439256,0.007327114,0.00152544,0.11622315
-0.137236486,-0.475724372,0.962852449,0.00795387,0.198241206,-0.008307212,-0.326970924,0.024505353,0.317172313,0.015096633,-0.148747697,0.02948701,0.078960535,0.001525574,0.135879926
-0.077630239,0.473100642,-0.475827323,0.01611152,0.436724341,0.008075049,0.293235346,0.024205776,-0.366545731,0.01378538,-0.055675724,0.018338704,-0.129492524,0.009430401,0.296395993
-0.054487761,-0.301269261,0.472847214,0.022783458,0.222007487,0.019156964,0.559667787,0.026317736,-0.031655529,0.014320317,0.074104469,0.009944726,-0.262987403,0.018568504,0.463712184
-0.088156671,-0.077722649,-0.30139988,0.020025902,-0.188037137,0.024505353,0.317172313,0.015658949,-0.312993771,0.013120125,-0.016383724,0.007299355,-0.243172005,0.018840453,-0.091447048
-0.07921051,-0.6027521,-0.07788872,0.01504643,-0.446581789,0.024205776,-0.366545731,0.00625587,-0.814187112,0.010862782,-0.086212051,0.005995019,-0.2185708,0.015629185,-0.327963922
-0.075240243,-0.708423638,-0.602834905,0.011464483,-0.440567261,0.026317736,-0.031655529,-0.002915268,-0.24847223,0.008388851,0.019207104,0.003085477,-0.036189701,0.013555977,-0.38455855
0.004987886,0.911041215,-0.708489684,0.012473891,0.068113019,0.015658949,-0.312993771,0.009389743,1.745697647,0.008157318,0.191191239,0.00152544,0.11622315,0.014578374,-0.147236541
0.013437764,-0.613291518,0.910718332,0.015246958,0.546030534,0.00625587,-0.814187112,0.02410353,2.426982772,0.008723014,0.318672823,0.001525574,0.135879926,0.015669829,0.26459984
0.05532147,0.096732462,-0.613372652,0.013088185,0.932786096,-0.002915268,-0.24847223,0.029035957,-3.10659562,0.012720017,0.225012021,0.009430401,0.296395993,0.015872517,0.466082319
0.082812958,-0.208910673,0.096538723,0.018126218,0.633396332,0.009389743,1.745697647,0.026783181,-0.294821391,0.016749928,0.149249217,0.018568504,0.463712184,0.015017116,0.63224709
0.057998789,-0.265768062,-0.209055939,0.019778801,-0.088606605,0.02410353,2.426982772,0.015544729,-0.241010252,0.017184775,-0.011832224,0.018840453,-0.091447048,0.01562003,0.198961218
0.00412592,0.351342624,-0.265904311,0.013802454,-0.549166103,0.029035957,-3.10659562,-0.00082893,0.196346463,0.01404981,-0.151447921,0.015629185,-0.327963922,0.012554316,-0.30796658
-0.008006903,-0.535077939,0.351108506,0.004184286,-0.306848634,0.026783181,-0.294821391,-0.017572807,0.571770141,0.010794627,-0.210063029,0.013555977,-0.38455855,0.008175488,-0.429184051
0.006659578,-0.481271434,-0.535171477,-0.001235868,0.064613689,0.015544729,-0.241010252,-0.017494122,-2.136647846,0.009005349,-0.204344391,0.014578374,-0.147236541,0.00371188,-0.27148284
-0.001320137,-0.623276231,-0.481373506,-0.003944353,0.039563948,-0.00082893,0.196346463,-0.00703231,-0.690837918,0.007279862,-0.166858866,0.015669829,0.26459984,-0.000701797,0.027321139
-0.051784322,0.27895346,-0.623355781,-0.011903601,-0.050134886,-0.017572807,0.571770141,-0.006165196,0.678890003,0.004421795,-0.159916392,0.015872517,0.466082319,-0.006511919,0.286651533
-0.084539026,-0.097137367,0.278730822,-0.017257462,-0.003730163,-0.017494122,-2.136647846,-0.017015034,4.41103997,-0.00011455,0.007769035,0.015017116,0.63224709,-0.014664639,0.274374045
-0.046246844,0.020460355,-0.097300359,-0.012055243,0.01480829,-0.00703231,-0.690837918,-0.017171702,-1.497494803,0.000321825,-0.015991724,0.01562003,0.198961218,-0.014523269,-0.25803099
0.00705138,0.339139087,0.020278712,-0.002225569,0.023613424,-0.006165196,0.678890003,0.001764311,0.128657176,0.003475968,-0.136244307,0.012554316,-0.30796658,-0.005449151,-0.22555795
0.029540854,-0.315136917,0.338906904,0.002412678,0.199095597,-0.017015034,4.41103997,0.02219049,0.434804806,0.005185239,-0.144024645,0.008175488,-0.429184051,0.00219648,0.1296061
-0.010187938,0.050969198,-0.315265336,0.000894018,0.118211637,-0.017171702,-1.497494803,0.019379244,-1.260055681,0.00242928,-0.074724983,0.00371188,-0.27148284,0.001129793,0.11726061
0.056614419,0.62592221,0.050782717,0.006343686,0.215214519,0.001764311,0.128657176,0.010968401,-0.115722023,0.000757357,0.047215376,-0.000701797,0.027321139,0.002242121,0.24143122
0.006724878,0.266749923,0.625644545,0.012707131,-0.170177784,0.02219049,0.434804806,0.003377019,0.380467324,-0.000146182,0.000946945,-0.006511919,0.286651533,0.006341344,0.180981879
0.079430395,0.751285819,0.266529221,0.013814583,-0.405895954,0.019379244,-1.260055681,0.008396078,0.179851234,-0.001402515,-0.0563591,-0.014664639,0.274374045,0.012126963,-0.193315226
0.067611014,-0.541734414,0.750988273,0.011778067,0.011686053,0.010968401,-0.115722023,0.012567536,0.127483733,0.000167895,0.011003614,-0.014523269,-0.25803099,0.01509626,-0.253951422
-0.067822112,2.083412842,-0.541826897,-0.002314174,0.638772294,0.003377019,0.380467324,-0.007960593,1.285142632,-0.001682206,0.107403479,-0.005449151,-0.22555795,0.002111575,0.204047628
-0.079902694,-0.536187352,2.082904029,-0.010423389,1.009126806,0.008396078,0.179851234,-0.02897158,1.15341789,-0.003882152,0.183312944,0.00219648,0.1296061,-0.009895582,0.710369836
0.003577396,0.980102141,-0.536280714,-0.007629226,0.275167469,0.012567536,0.127483733,-0.027631611,-0.940719609,-0.00202303,0.093386542,0.001129793,0.11726061,-0.005105547,0.357068861
-0.025873105,-0.167307706,0.979768306,-0.00535476,-0.051815491,-0.007960593,1.285142632,-0.002757408,-0.483560146,-0.000747093,0.003370149,0.002242121,0.24143122,-0.003681839,-0.058415873
0.073318273,1.313757941,-0.16745957,-0.002431142,-0.009443992,-0.02897158,1.15341789,0.024862867,0.071122907,0.002723567,0.05126516,0.006341344,0.180981879,-0.000856561,0.060197602
0.152579955,0.890517084,1.313371191,0.004969061,0.33539465,-0.027631611,-0.940719609,0.038817151,1.043375512,0.009812239,0.187489106,0.012126963,-0.193315226,0.007525402,0.360930098
0.162923546,-0.573075316,0.890197456,0.019935297,0.492868226,-0.002757408,-0.483560146,0.043153933,-0.045347449,0.012097602,0.285662872,0.01509626,-0.253951422,0.009112456,0.525976782
0.179274778,-0.445492882,-0.573162828,0.030947362,-0.024683444,0.024862867,0.071122907,0.036931883,-1.490977245,0.010303531,0.306204549,0.002111575,0.204047628,0.01845514,0.271735348
0.132545778,0.199630469,-0.445600628,0.024387422,-0.241013043,0.038817151,1.043375512,0.010568556,-0.283055488,0.007388094,0.195708482,-0.009895582,0.710369836,0.02467125,-0.219524242
0.066305005,0.613996026,0.199420411,0.013696193,-0.407124742,0.043153933,-0.045347449,-0.014022793,0.883400593,0.00479145,0.016901104,-0.005105547,0.357068861,0.014697953,-0.303077986
0.053088195,-0.51205763,0.613720253,0.004385539,-0.279605401,0.036931883,-1.490977245,-0.026446496,1.401431771,0.001938833,-0.023186486,-0.003681839,-0.058415873,0.007469433,-0.289596069
0.035130572,-0.411378449,-0.512154819,-0.008326692,0.177612087,0.010568556,-0.283055488,-0.026604324,-1.73399633,0.00065928,-0.011725401,-0.000856561,0.060197602,0.00212566,-0.169385624
0.014195249,-0.348141938,-0.411491605,-0.016008866,0.2206621,-0.014022793,0.883400593,-0.017997497,-0.407117289,-0.000973967,-0.004451404,0.007525402,0.360930098,-0.009175289,0.190160702
0.045434983,-0.129310328,-0.348265123,-0.017015347,-0.390810055,-0.026446496,1.401431771,-0.00730428,0.006372387,-0.002311834,0.007012125,0.009112456,0.525976782,-0.013241694,0.006744153
0.009493617,-0.029463206,-0.129468219,-0.015579396,-0.667454272,-0.026604324,-1.73399633,-0.004117779,0.004474323,0.001457229,-0.079322624,0.01845514,0.271735348,-0.01489593,-0.412217891
-0.040892208,0.277289342,-0.029636931,-0.014090732,-0.103109185,-0.017997497,-0.407117289,-0.010049867,1.409986888,0.003079573,-0.138164852,0.02467125,-0.219524242,-0.017925731,-0.353885863
-0.046155424,-0.680965679,0.277066968,-0.012738037,0.396458183,-0.00730428,0.006372387,-0.018278224,0.702772282,-0.000284025,-0.008350819,0.014697953,-0.303077986,-0.015024162,-0.025872491
0.005823732,0.311126422,-0.68103608,-0.007992646,0.045166258,-0.004117779,0.004474323,-0.011908883,-0.755161453,-0.000476781,0.026038542,0.007469433,-0.289596069,-0.008469218,-0.020202642
0.026249711,-0.35895871,0.310898682,-0.001079867,-0.051933363,-0.010049867,1.409986888,0.007989925,0.15238977,-0.000405933,-0.026092019,0.00212566,-0.169385624,-0.00300467,-0.167598803
0.127582944,1.359243853,-0.359080179,0.005933207,0.724303135,-0.018278224,0.702772282,0.030675938,1.191109739,-0.001905594,-0.024133143,-0.009175289,0.190160702,0.005626645,0.593960598
0.190650116,0.546599219,1.358849888,0.016614529,1.678321553,-0.011908883,-0.755161453,0.045684325,1.594020221,7.21159E-05,0.017829934,-0.013241694,0.006744153,0.013958689,1.552639559
0.191734103,-0.769718677,0.546334134,0.026089878,1.049722856,0.007989925,0.15238977,0.044254124,-0.762834174,0.001063048,0.070674224,-0.01489593,-0.412217891,0.017683655,1.328861961
0.249616419,0.436490031,-0.769775002,0.033144939,0.03889012,0.030675938,1.191109739,0.035541542,-0.754584839,0.003428756,0.220037024,-0.017925731,-0.353885863,0.025374594,0.4054427
0.313480256,0.563517759,0.436242409,0.037426086,-0.021073652,0.045684325,1.594020221,0.029592719,0.291404028,0.009634793,0.478111056,-0.015024162,-0.025872491,0.03462631,0.103827806
0.253051222,0.490573889,0.563249991,0.032676915,-0.328752843,0.044254124,-0.762834174,0.021818553,0.05950905,0.011823512,0.39235141,-0.008469218,-0.020202642,0.032010488,-0.16957999
0.273855945,-0.350915469,0.490317689,0.022404723,-0.525709217,0.035541542,-0.754584839,0.009992633,-0.895151401,0.011564276,0.170159682,-0.00300467,-0.167598803,0.025707291,-0.450266608
0.17233987,1.363126796,-0.351038214,0.007545304,-0.124405677,0.029592719,0.291404028,-0.013460393,0.290682252,0.010394173,0.039558603,0.005626645,0.593960598,0.014910094,-0.37939784
0.163863872,-0.612736812,1.362732216,-0.002687089,0.167374489,0.021818553,0.05950905,-0.026334848,0.849216535,0.007205826,-0.038443856,0.013958689,1.552639559,0.000905067,-0.064581114
0.112994825,0.287551407,-0.612818034,-0.009490461,0.511751176,0.009992633,-0.895151401,-0.02851063,-0.701197388,0.005746409,-0.05574109,0.017683655,1.328861961,-0.00524918,0.31581156
0.079051653,-0.071898233,0.287327405,-0.021430619,0.337288432,-0.013460393,0.290682252,-0.029452183,-0.345324075,0.005762042,-0.125953406,0.025374594,0.4054427,-0.01237364,0.594025396
0.197950706,1.732283795,-0.072065228,-0.016749195,-0.150711076,-0.026334848,0.849216535,-0.006932221,0.47626221,0.009359278,-0.216041318,0.03462631,0.103827806,-0.014218545,-0.021417618
0.29654132,1.300999698,1.731830669,-0.001890148,-0.011778783,-0.02851063,-0.701197388,0.025973135,2.062993442,0.013713172,-0.196272453,0.032010488,-0.16957999,-0.00359434,-0.109270603
0.337014536,0.066778325,1.30061497,0.011076495,0.441441839,-0.029452183,-0.345324075,0.053284535,0.240849291,0.015375052,-0.117994931,0.025707291,-0.450266608,0.005366807,0.266433783
0.286680952,0.276179929,0.066589337,0.017051704,0.446368877,-0.006932221,0.47626221,0.041670002,-1.342604182,0.011936122,-0.078034721,0.014910094,-0.37939784,0.008984425,0.278574395
0.378584801,1.158994902,0.275957731,0.023006236,0.088807736,0.025973135,2.062993442,0.020082721,-0.234207205,0.008751187,0.097929041,0.000905067,-0.064581114,0.016619406,0.261061551
0.367797167,-0.56364531,1.158632695,0.032517379,-0.386135397,0.053284535,0.240849291,0.01287752,0.329436758,0.009107625,0.197263383,-0.00524918,0.31581156,0.023638055,0.084897807
0.228432954,2.16689613,-0.563734318,0.018591989,-0.49017686,0.041670002,-1.342604182,-0.003103358,1.414467109,0.003859893,0.075871144,-0.01237364,0.594025396,0.020232079,-0.46367566
0.221641708,-0.648515364,2.166374078,-0.002547485,0.020024614,0.020082721,-0.234207205,-0.024091471,0.700875739,-0.002803591,-0.019264786,-0.014218545,-0.021417618,0.008571294,-0.385195658
0.186066024,-0.037229094,-0.648590912,-0.012742134,0.360636013,0.01287752,0.329436758,-0.037785666,-1.214146811,-0.003922605,-0.008272579,-0.00359434,-0.109270603,-0.004244376,0.080429754
0.080462142,1.449938322,-0.037401587,-0.020116441,0.793429059,-0.003103358,1.414467109,-0.03702525,-0.108238483,-0.006434167,0.099057603,0.005366807,0.266433783,-0.017820105,0.617994231
0.075682149,-0.691227744,1.449529974,-0.028796307,0.412675109,-0.024091471,0.700875739,-0.033600322,0.480544045,-0.007183701,0.164882518,0.008984425,0.278574395,-0.022674689,0.714262145
0.108998437,-0.085211183,-0.691296518,-0.032043851,-0.537248522,-0.037785666,-1.214146811,-0.026035981,-2.435206593,-0.003759008,0.107538886,0.016619406,0.261061551,-0.023432336,-0.006776271
0.136986209,-0.198371255,-0.085376067,-0.020218606,-0.440304347,-0.03702525,-0.108238483,-0.002440387,-0.431793753,-0.00076962,0.015310828,0.023638055,0.084897807,-0.0247074,-0.546007137
0.173254077,-0.022529378,-0.198518192,-0.008215873,-0.216985431,-0.033600322,0.480544045,0.018628216,0.227611483,0.00295342,-0.072539457,0.020232079,-0.46367566,-0.014269572,-0.400565715
0.228289293,0.376027051,-0.022704203,-0.000367775,0.001091584,-0.026035981,-2.435206593,0.026462447,0.848274763,0.003116296,-0.058630543,0.008571294,-0.385195658,-0.002454503,-0.067284819
0.195377868,-0.093809129,0.375789018,0.009426579,0.171126899,-0.002440387,-0.431793753,0.021532997,-0.14738568,-0.001771134,-0.021514341,-0.004244376,0.080429754,0.000816693,0.045987705
0.218833788,-0.294612786,-0.09397265,0.015526218,-0.258944879,0.018628216,0.227611483,0.012452838,-0.900998838,-0.005472301,-0.083839195,-0.017820105,0.617994231,0.007578814,0.002300601
0.159632404,0.464502696,-0.294744461,0.011629265,-0.363466878,0.026462447,0.848274763,-0.00272506,0.046099358,-0.006113467,-0.085364816,-0.022674689,0.714262145,0.011405214,-0.267530514
0.256799468,1.270768208,0.464250631,0.01015865,-0.186266853,0.021532997,-0.14738568,-0.000848526,1.156382585,-0.006219012,-0.163694412,-0.023432336,-0.006776271,0.011883269,-0.262600521
0.18841684,0.659481937,1.270388275,0.007976513,-0.025877295,0.012452838,-0.900998838,0.003616769,1.186069789,-0.007549218,-0.363814792,-0.0247074,-0.546007137,0.010143822,-0.165883444
0.120504376,0.649497225,0.65919895,-0.005457248,0.306547403,-0.00272506,0.046099358,-0.00817809,0.643317506,-0.007224884,-0.223191155,-0.014269572,-0.400565715,-6.68742E-05,0.077492687
0.067532654,0.332205259,0.649215822,-0.013785884,0.944020359,-0.000848526,1.156382585,-0.026665325,0.218212316,-0.006609636,0.042146796,-0.002454503,-0.067284819,-0.010743841,0.700517602
0.014247489,0.338861734,0.331974176,-0.019432151,1.166172077,0.003616769,1.186069789,-0.042582754,-0.300923699,-0.008258564,0.244175596,0.000816693,0.045987705,-0.017159668,1.187078389
0.046793232,-0.101575017,0.338629595,-0.018672626,0.510195019,-0.00817809,0.643317506,-0.029177197,-0.495043871,-0.005221052,0.232633221,0.007578814,0.002300601,-0.017773075,0.501151961
-0.009613294,0.405149129,-0.101737305,-0.022478633,-0.203387681,-0.026665325,0.218212316,-0.018161493,-0.409501125,-0.003034544,0.197038466,0.011405214,-0.267530514,-0.017315065,0.178591107
0.046166348,0.391836179,0.404906477,-0.024519192,-0.54560193,-0.042582754,-0.300923699,-0.005561444,0.104034209,-0.003795071,0.173545626,0.011883269,-0.262600521,-0.019451803,-0.218582452
0.182108817,2.094229614,0.391595639,-0.004871626,-0.066905701,-0.029177197,-0.495043871,0.020752436,2.617311182,-0.000454114,0.058829345,0.010143822,-0.165883444,-0.011207262,-0.364745682
0.206570364,-0.273256596,2.093719085,0.012318536,0.626451755,-0.018161493,-0.409501125,0.044039802,1.908242109,0.002015772,0.032135935,-6.68742E-05,0.077492687,0.00415667,0.162047764
0.072443247,2.05567753,-0.273391658,0.012215946,0.406174338,-0.005561444,0.104034209,0.030257198,-0.839317658,-0.003153939,-0.011681594,-0.010743841,0.700517602,0.004793965,0.259515644
-0.131581468,3.540071415,2.055173116,-0.007415167,0.517638487,0.020752436,2.617311182,-0.035271359,0.850359663,-0.012413084,0.219458249,-0.017159668,1.187078389,-0.007428091,0.481982857
-0.14940849,-0.41415198,3.539331586,-0.019464436,0.731225463,0.044039802,1.908242109,-0.080057831,0.599771129,-0.017858563,0.399828144,-0.017773075,0.501151961,-0.017947702,0.680839736
-0.081678867,0.645614281,-0.414264696,-0.016315148,0.394049023,0.030257198,-0.839317658,-0.060790756,-1.8922645,-0.015721347,0.210712316,-0.017315065,0.178591107,-0.014073419,0.372967438
-0.163278304,0.940163292,0.645333494,-0.029164997,-0.019132705,-0.035271359,0.850359663,-0.023004786,-0.467481919,-0.017203338,0.034618189,-0.019451803,-0.218582452,-0.014882,0.181341545
-0.224556244,0.508601841,0.939835791,-0.048271915,-0.374388777,-0.080057831,0.599771129,-0.013837418,0.296693917,-0.021877974,0.061254058,-0.011207262,-0.364745682,-0.032911926,0.052367919
-0.363411113,2.156079359,0.508342783,-0.054327571,-0.316264335,-0.060790756,-1.8922645,-0.047160791,1.677112744,-0.023704738,0.27649276,0.00415667,0.162047764,-0.052373038,-0.187014413
-0.396518439,-0.089648833,2.155559022,-0.044885088,0.156624636,-0.023004786,-0.467481919,-0.068338547,0.447994165,-0.025336025,0.403154608,0.004793965,0.259515644,-0.056346578,-0.201668627
-0.312098022,1.000071566,-0.089813013,-0.028166894,0.228751797,-0.013837418,0.296693917,-0.042997614,-0.837141237,-0.021360462,0.248460615,-0.007428091,0.481982857,-0.036018536,-0.093282516
-0.503036528,3.262163591,0.999734563,-0.039607082,-0.031399681,-0.047160791,1.677112744,-0.031644499,0.043326124,-0.023992398,0.211138798,-0.017947702,0.680839736,-0.030589326,0.187080409
-0.458371022,0.155808676,3.261467836,-0.049474885,-0.17128949,-0.068338547,0.447994165,-0.02900848,0.628427866,-0.027696367,0.207053325,-0.014073419,0.372967438,-0.042978126,0.029498742
-0.31474922,2.257313247,0.155605568,-0.026908427,-0.367639782,-0.042997614,-0.837141237,-0.009405702,0.063476951,-0.02266185,0.044257022,-0.014882,0.181341545,-0.031415243,-0.425423648
-0.239927969,0.796217024,2.256776855,0.002395485,-0.008091371,-0.031644499,0.043326124,0.038768234,0.116417833,-0.022256468,-0.14731948,-0.032911926,0.052367919,-0.010137055,-0.214915672
-0.265643284,-0.246630697,0.795912352,0.018700132,0.29324929,-0.02900848,0.628427866,0.068480223,-0.604435433,-0.02574873,-0.300879391,-0.052373038,-0.187014413,0.005123499,0.036873638
-0.221813625,0.138058077,-0.246769981,0.016367931,0.248579172,-0.009405702,0.063476951,0.042932262,-0.904515441,-0.022301236,-0.323194174,-0.056346578,-0.201668627,0.017103806,0.188289697
-0.06753479,2.48363339,0.137857784,0.03856082,0.207558245,0.038768234,0.116417833,0.038359361,0.594924709,-0.006781472,-0.119998042,-0.036018536,-0.093282516,0.026343949,0.536699932
-0.13775889,0.698588727,2.483061105,0.054925716,-0.268239013,0.068480223,-0.604435433,0.042235203,1.452534867,0.002261297,0.047658484,-0.030589326,0.187080409,0.038084294,0.168223015
-0.124450659,-0.510116159,0.698299538,0.036871815,-0.420155892,0.042932262,-0.904515441,0.031273119,-3.031128184,-0.000937967,-0.026709389,-0.042978126,0.029498742,0.043193357,-0.550583061
-0.164910816,0.066500972,-0.510213656,0.018564057,-0.149531715,0.038359361,0.594924709,-1.77086E-06,-0.544128861,-0.001335688,-0.032580068,-0.031415243,-0.425423648,0.029439699,-0.367983906
-0.253027238,1.078562498,0.066312028,0.005997133,-0.111869302,0.042235203,1.452534867,-0.028341758,0.368233105,-0.000905201,-0.005075606,-0.010137055,-0.214915672,0.008140461,-0.119440756
-0.217490735,-0.038061153,1.078213047,0.001144305,-0.055085831,0.031273119,-3.031128184,-0.027408183,0.63567686,0.003536206,-0.019975432,0.005123499,0.036873638,0.002046143,-0.065928102
-0.095065458,1.807169137,-0.038233514,-0.00155989,-0.110984126,-1.77086E-06,-0.544128861,-0.003091454,0.830429419,0.013470332,-0.006831317,0.017103806,0.188289697,0.01012085,-0.102710029
-0.173778616,0.878868253,1.806704135,-0.004267863,-0.128623316,-0.028341758,0.368233105,0.020181699,0.269361702,0.013252829,0.0043358,0.026343949,0.536699932,0.00118741,-0.145363317
-0.108739372,0.588479539,0.878550473,-0.001363461,0.01910976,-0.027408183,0.63567686,0.025772688,-0.920572816,0.015980476,-0.19103691,0.038084294,0.168223015,-0.004459636,-0.118923028
-0.067756811,0.077595097,0.588207813,0.007591543,0.26237112,-0.003091454,0.830429419,0.018475398,-0.103502822,0.023339162,-0.377890167,0.043193357,-0.550583061,0.004913904,0.196489448
-0.01200329,0.391281473,0.077404393,0.022801762,0.221165174,0.020181699,0.269361702,0.025402095,0.104744486,0.020532459,-0.191520781,0.029439699,-0.367983906,0.012089979,0.507735946
-0.131372506,1.742268508,0.39104102,0.022034329,-0.302525796,0.025772688,-0.920572816,0.018423601,0.148937692,0.012039285,-0.035140319,0.008140461,-0.119440756,0.015810512,0.004196277
0.037625049,2.796210354,1.741813798,0.014641828,0.063718753,0.018475398,-0.103502822,0.010917155,0.716529044,0.011918306,0.030157126,0.002046143,-0.065928102,0.021625516,-0.204343695
0.189056785,2.423170411,2.795588496,0.032632357,0.849091818,0.025402095,0.104744486,0.039584451,2.071173358,0.020487886,0.467807962,0.01012085,-0.102710029,0.030681398,0.646476109
0.261135418,0.73797287,2.422607715,0.047979783,1.318864498,0.018423601,0.148937692,0.076898608,0.455646449,0.021150768,0.878911358,0.00118741,-0.145363317,0.040630265,1.153527526
0.235681304,-0.25217776,0.737677434,0.043710496,0.48967339,0.010917155,0.716529044,0.075478973,-1.424537442,0.019907601,0.676097577,-0.004459636,-0.118923028,0.043411711,0.451738714
0.155348694,0.91326004,-0.252316164,0.029859672,-0.030711286,0.039584451,2.071173358,0.020478804,-0.367222749,0.018308628,0.232731281,0.004913904,0.196489448,0.031120689,-0.045867015
0.122319728,-0.091312951,0.912936805,0.026092453,-0.496605376,0.076898608,0.455646449,-0.020495142,0.190646228,0.015747332,0.037296993,0.012089979,0.507735946,0.019143294,-0.138417646
0.208176755,1.030580408,-0.091476868,0.025805488,-0.617837679,0.075478973,-1.424537442,-0.019303995,-0.325753046,0.020571879,-0.049340278,0.015810512,0.004196277,0.024920141,-0.441412737
0.166985234,0.082032747,1.030238568,0.008940592,-0.194069992,0.020478804,-0.367222749,-0.001848958,-0.278227232,0.023067414,-0.115733595,0.021625516,-0.204343695,0.02437319,-0.60216093
0.240108674,0.760161119,0.081841339,-0.002556077,-0.046878507,-0.020495142,0.190646228,0.01532874,-0.11402637,0.019477129,-0.069469226,0.030681398,0.646476109,0.009312522,-0.181022638
0.371597653,1.999652201,0.759862165,0.006745648,0.712299301,-0.019303995,-0.325753046,0.033414443,1.402628713,0.023538041,0.003134803,0.040630265,1.153527526,0.008193441,0.446505226
0.311534302,0.482808002,1.999156672,0.01717278,0.855517635,-0.001848958,-0.278227232,0.036543656,0.67924555,0.02555025,-0.048237618,0.043411711,0.451738714,0.009389956,0.800845389
0.288613845,-0.305984264,0.482553034,0.018982165,-0.310706362,0.01532874,-0.11402637,0.022592014,-1.659316941,0.020368689,-0.112533754,0.031120689,-0.045867015,0.010512135,0.092529012
0.31993194,-0.12764621,-0.306114135,0.016236948,-0.236709283,0.033414443,1.402628713,-0.000362919,-0.478526674,0.017797317,-0.107241035,0.019143294,-0.138417646,0.016540985,-0.229551027
0.384461841,0.577662768,-0.127804364,0.019052031,-0.225668791,0.036543656,0.67924555,0.002401594,0.091432707,0.021684875,-0.261030905,0.024920141,-0.441412737,0.018620996,-0.122904329
0.524243977,2.17577143,0.577392757,0.028750677,0.191467741,0.022592014,-1.659316941,0.034662711,2.058799215,0.025409864,-0.157351811,0.02437319,-0.60216093,0.02639659,0.238011762
0.690799296,2.744345321,2.17524797,0.03436111,1.466042175,-0.000362919,-0.478526674,0.068530387,6.445804254,0.02484364,0.429881931,0.009312522,-0.181022638,0.039585537,0.983575279
0.610466686,0.91326004,2.743731689,0.034773141,1.467976765,0.002401594,0.091432707,0.06689158,-0.432650969,0.021118921,0.662965129,0.008193441,0.446505226,0.033495719,0.921779634
0.527300038,0.973445666,0.912936805,0.029767931,-0.232207065,0.034662711,2.058799215,0.025010445,-0.685654157,0.015715055,0.228643828,0.009389956,0.800845389,0.021707409,0.064528558
0.608194231,0.925186224,0.973112887,0.028670402,-0.372794346,0.068530387,6.445804254,-0.008347678,-0.234221832,0.018031238,0.051805096,0.010512135,0.092529012,0.025022663,-0.204554269
0.583784924,-0.274366009,0.924861098,0.026104151,-0.463926775,0.06689158,-0.432650969,-0.011202607,-0.483345789,0.021959195,-0.039781168,0.016540985,-0.229551027,0.026969202,-0.340046886
0.702749277,1.733670561,-0.274500894,0.019972799,-0.280205578,0.025010445,-0.685654157,0.015244853,0.189110776,0.022801661,-0.02806682,0.018620996,-0.122904329,0.026643697,-0.401721104
0.762512246,0.47642888,1.733217215,0.01302853,0.221959382,-0.008347678,-0.234221832,0.034081185,1.044661595,0.025721257,0.012834498,0.02639659,0.238011762,0.025105512,-0.117590561
0.836523772,0.779021131,0.476174924,0.015345227,0.825127245,-0.011202607,-0.483345789,0.042185332,0.100718956,0.027821336,0.020648393,0.039585537,0.983575279,0.017117683,0.404035894
0.808731902,-0.202531551,0.778719186,0.025914455,0.289357975,0.015244853,0.189110776,0.036512205,-0.852987432,0.023848952,0.072459021,0.033495719,0.921779634,0.01511989,0.543959528
0.831312796,-0.313195445,-0.202677829,0.025670399,-0.234930516,0.034081185,1.044661595,0.017515067,-0.57417954,0.021781266,0.020006076,0.021707409,0.064528558,0.021848551,-0.060473013
0.991024628,2.599012287,-0.313324172,0.031706554,-0.065650632,0.042185332,0.100718956,0.021824346,0.924969503,0.027446887,-0.004202948,0.025022663,-0.204554269,0.029688745,0.062385407
0.977886179,-0.513721749,2.598421704,0.03384395,-0.032682693,0.036512205,-0.852987432,0.031308114,1.976337864,0.030252934,-0.031660452,0.026969202,-0.340046886,0.033297455,0.012249765
1.063586485,1.027252171,-0.513818674,0.028265654,0.095211072,0.017515067,-0.57417954,0.038574584,-3.602225216,0.029395289,-0.051923555,0.026643697,-0.401721104,0.03193874,-0.123181215
1.063573425,-0.792461632,1.026910858,0.025399366,0.180116429,0.021824346,0.924969503,0.02886292,-0.39433065,0.02637999,0.0243988,0.025105512,-0.117590561,0.027556242,0.040908238
0.989078675,0.789283196,-0.792514351,0.019337273,-0.224393948,0.031308114,1.976337864,0.007804265,-0.035448583,0.017879849,0.058785143,0.017117683,0.404035894,0.018580156,-0.101546065
0.953790314,-0.043330862,0.788979624,0.01417119,-0.615591202,0.038574584,-3.602225216,-0.008994659,0.142361878,0.013500141,-0.005934464,0.01511989,0.543959528,0.012012721,-0.289715894
1.09075147,2.115863157,-0.043502388,0.010289116,-0.256751621,0.02886292,-0.39433065,-0.007486904,0.567920717,0.018865607,-0.097629246,0.021848551,-0.060473013,0.016130906,-0.446229851
1.066250743,-0.272424537,2.115349198,0.008637394,0.087735494,0.007804265,-0.035448583,0.009446689,0.395000748,0.021121569,-0.127389933,0.029688745,0.062385407,0.013265366,-0.239526233
0.958531126,1.494869527,-0.27255973,-0.000762176,0.085524958,-0.008994659,0.142361878,0.007489921,-0.013769342,0.01709836,-0.238894032,0.033297455,0.012249765,0.002201944,0.058243757
0.974817058,-0.446879648,1.494454053,-0.00881018,0.084826775,-0.007486904,0.567920717,-0.010142077,-0.210544094,0.013127938,-0.298944418,0.03193874,-0.123181215,-0.004218182,0.070181198
0.972348701,-0.740319246,-0.446987174,-0.004775952,-0.010187838,0.009446689,0.395000748,-0.019005609,-0.842898162,0.009690785,-0.223804192,0.027556242,0.040908238,-0.007001434,-0.048804857
0.860410675,1.584454584,-0.740380234,-0.005009099,0.404230805,0.007489921,-0.013769342,-0.017384673,0.103600564,0.004664873,-0.145215145,0.018580156,-0.101546065,-0.008559857,0.330164695
0.776525722,0.988700088,1.584024902,-0.01861793,0.71421719,-0.010142077,-0.210544094,-0.027120167,1.540848474,-0.000165147,0.022327903,0.012012721,-0.289715894,-0.011950464,0.954062827
0.786908493,-0.572243257,0.988364889,-0.027132759,0.167703175,-0.019005609,-0.842898162,-0.035413739,-2.235561731,-0.001514498,0.117200678,0.016130906,-0.446229851,-0.018860428,0.576396411
0.805284038,-0.402503149,-0.572330901,-0.019858985,-0.130529325,-0.017384673,0.103600564,-0.022404262,-1.280498801,-0.004547542,0.162324798,0.013265366,-0.239526233,-0.022253977,-0.253925806
0.653277659,2.435373948,-0.402617713,-0.022115156,0.120619475,-0.027120167,1.540848474,-0.016924789,0.3790215,-0.010090652,0.375291938,0.002201944,0.058243757,-0.022466466,0.057791718
0.545035639,1.505963652,2.434809317,-0.035340757,0.278340678,-0.035413739,-2.235561731,-0.035264379,2.540444551,-0.016685646,0.560886093,-0.004218182,0.070181198,-0.029520587,0.444549469
0.485768954,0.465889461,1.505546418,-0.038122537,0.346003437,-0.022404262,-1.280498801,-0.054510616,0.135450187,-0.021776293,0.503224602,-0.007001434,-0.048804857,-0.03719286,0.312976084
0.501088438,-0.467403779,0.465637177,-0.031382498,0.24135774,-0.016924789,0.3790215,-0.046357131,-1.204965335,-0.02130666,0.315168062,-0.008559857,0.330164695,-0.0347638,0.021509827
0.70897894,3.622167937,-0.467508049,-0.017418057,-0.077590952,-0.035264379,2.540444551,0.001183269,0.304003821,-0.01480314,0.091962003,-0.011950464,0.954062827,-0.017858343,-0.071484804
0.774096545,0.590143658,3.621415089,-0.005479759,-0.171489247,-0.054510616,0.135450187,0.047042682,1.316544976,-0.011475987,-0.109933168,-0.018860428,0.576396411,-0.003431717,-0.071853195
0.349865664,8.216522327,0.589871667,-0.01703897,0.200897558,-0.046357131,-1.204965335,0.014490253,3.373424072,-0.021327355,-0.028921935,-0.022253977,-0.253925806,-0.020307375,0.096524945
0.58319722,4.16245181,8.215040845,-0.013561291,0.293828531,0.001183269,0.304003821,-0.028777271,0.560446196,-0.02265329,0.017431415,-0.022466466,0.057791718,-0.0228581,0.08951274
0.697133439,1.626889611,4.161613276,0.012777737,0.015251968,0.047042682,1.316544976,-0.020450076,-0.360769219,-0.013639808,-0.145326847,-0.029520587,0.444549469,0.003569573,0.03076653
0.673089814,-0.282131896,1.6264532,0.019941237,-0.03085297,0.014490253,3.373424072,0.025224136,-0.667120602,-0.012233862,-0.206008179,-0.03719286,0.312976084,0.015070953,0.026334089
0.613235425,0.478370352,-0.28226555,0.003958786,-0.073855172,-0.028777271,0.560446196,0.036656381,-0.62982245,-0.011679901,-0.185136645,-0.0347638,0.021509827,0.013338553,-0.087496236
0.643926635,-0.140959159,0.478116088,-0.01160059,-0.158234328,-0.020450076,-0.360769219,-0.002423451,-0.170179258,-0.008166056,-0.105449505,-0.017858343,-0.071484804,0.002083522,-0.083205499
0.412893655,4.113637661,-0.141115202,-0.003417534,-0.291708061,0.025224136,-0.667120602,-0.03171006,1.369810005,-0.010963961,-0.014635618,-0.003431717,-0.071853195,-0.018703018,-0.028891319
0.40330755,-0.589161797,4.112806869,-0.005977408,0.037357292,0.036656381,-0.62982245,-0.047422941,2.460607466,-0.016884051,0.000592694,-0.020307375,0.096524945,-0.013437664,-0.099289513
0.636991728,4.169940344,-0.589246758,-0.01235976,0.1599576,-0.002423451,-0.170179258,-0.021993698,0.226128182,-0.009126903,-0.033588893,-0.0228581,0.08951274,0.004695563,-0.085025779
0.784322595,2.336081532,4.169100623,0.002622284,0.159889506,-0.03171006,1.369810005,0.037968019,0.445471857,0.004906145,0.080770041,0.003569573,0.03076653,0.006272461,0.142952707
0.821870352,0.004651227,2.335532648,0.016570425,0.424027173,-0.047422941,2.460607466,0.084130282,-0.253351752,0.012771811,0.159950407,0.015070953,0.026334089,0.010473553,0.333693005
0.920134464,1.29406587,0.004472092,0.02519529,0.570668334,-0.021993698,0.226128182,0.074783461,-0.922584735,0.016767958,0.20202298,0.013338553,-0.087496236,0.020177235,0.486280768
1.043238865,1.821591499,1.293682242,0.0468391,0.315220492,0.037968019,0.445471857,0.055569614,0.068678625,0.016638662,0.343568814,0.002083522,-0.083205499,0.031150376,0.593373218
1.185593839,2.230409994,1.82112421,0.072208403,-0.12405496,0.084130282,-0.253351752,0.061204185,0.64177125,0.016350548,0.500192814,-0.018703018,-0.028891319,0.051359416,0.368642226
1.294423563,1.518444542,2.229877869,0.072568398,-0.096633565,0.074783461,-0.922584735,0.070580668,0.214573895,0.029460517,0.41855618,-0.013437664,-0.099289513,0.071943474,-0.061644248
1.166865671,1.916168912,1.518025329,0.050805305,-0.079468443,0.055569614,0.068678625,0.046468118,-0.57671643,0.0329616,0.207175788,0.004695563,-0.085025779,0.060400762,-0.258685538
0.951674579,3.77720833,1.915686623,0.024108084,-0.293253602,0.061204185,0.64177125,-0.009955146,0.355802325,0.017919905,0.063517877,0.006272461,0.142952707,0.028693928,-0.249045736
1.008930011,0.423177081,3.776430893,0.009977384,-0.241051454,0.070580668,0.214573895,-0.045350778,0.337976571,0.012371807,0.003553399,0.010473553,0.333693005,0.014069625,-0.248992644
1.130780644,1.7949656,0.422931571,0.007910316,-0.121674515,0.046468118,-0.57671643,-0.027777715,-1.18698163,0.017667132,0.003512534,0.020177235,0.486280768,0.015463072,-0.259907518
0.772868897,6.808123197,1.794502533,-0.014502943,0.373991085,-0.009955146,0.355802325,-0.018944894,0.407060703,0.013313689,-0.020880224,0.031150376,0.593373218,-0.00230709,0.221092976
0.811448401,0.026562123,6.806865078,-0.039790024,0.286586447,-0.045350778,0.337976571,-0.034030229,0.941922801,0.010788596,-0.148898439,0.051359416,0.368642226,-0.024718579,0.532760511
0.749595818,0.520805379,0.026379513,-0.039837002,-0.257450445,-0.027777715,-1.18698163,-0.0525041,-1.647764068,0.015074288,-0.281489142,0.071943474,-0.061644248,-0.034962186,-0.03828364
0.891950791,2.230409994,0.520544385,-0.021500255,-0.065825825,-0.018944894,0.407060703,-0.024173547,-0.687331273,0.012136498,-0.233651223,0.060400762,-0.258685538,-0.031511104,-0.302110901
0.928584341,-0.014763491,2.229877869,-0.006454067,-0.066865378,-0.034030229,0.941922801,0.022190351,0.322289153,0.007994171,-0.115985793,0.028693928,-0.249045736,-0.011622547,-0.172993972
1.118621701,3.243026226,-0.014939547,-0.004345951,-0.088025636,-0.0525041,-1.647764068,0.047366258,1.610066738,0.008770223,-0.05010374,0.014069625,-0.248992644,0.003450885,0.108386532
1.149822254,-0.130142388,3.242333506,0.017186596,0.144157046,-0.024173547,-0.687331273,0.060377477,0.352903291,0.010416239,0.003681715,0.015463072,-0.259907518,0.005186568,0.173829933
0.955174683,3.340931876,-0.130300146,0.024624043,0.091435887,0.022190351,0.322289153,0.027091335,-0.181231478,0.00279422,0.020864817,-0.00230709,0.221092976,0.008119689,-0.062859105
1.10681538,2.427608061,3.34022363,0.023704421,-0.365714133,0.047366258,1.610066738,0.001360185,-0.143770907,-0.003272628,-0.027879541,-0.024718579,0.532760511,0.019178163,-0.09554025
1.112287558,-0.676528029,2.427044661,0.026850638,-0.336050913,0.060377477,0.352903291,-0.00443435,-0.128372689,-0.005094898,-0.141338678,-0.034962186,-0.03828364,0.026400325,-0.250662013
1.310213211,3.410547509,-0.676599134,0.027799675,0.008211661,0.027091335,-0.181231478,0.028466513,0.130404582,-0.00075873,-0.007761779,-0.031511104,-0.302110901,0.031103221,-0.125525733
1.316338393,-0.662660373,3.409828222,0.026320833,0.380734507,0.001360185,-0.143770907,0.050670658,0.263170413,0.009952403,0.225924542,-0.011622547,-0.172993972,0.031728144,0.127385698
1.490834246,2.912976016,-0.662733678,0.024232946,0.836392861,-0.00443435,-0.128372689,0.052958978,-0.149434157,0.016644426,0.396560748,0.003450885,0.108386532,0.029494339,0.464118486
1.455284683,-0.0377838,2.91233564,0.037196591,0.230559213,0.028466513,0.130404582,0.045693778,-0.205970129,0.015810283,0.379147795,0.005186568,0.173829933,0.025880485,0.56120829
1.231238851,3.965253744,-0.037956205,0.027379096,-0.379006623,0.050670658,0.263170413,0.005139506,0.328933802,0.015239916,0.050291031,0.008119689,-0.062859105,0.021884493,-0.207020236
1.312564027,0.934338877,3.964446484,0.014024942,-0.333998653,0.052958978,-0.149434157,-0.021861205,0.20674874,0.018504358,-0.122455077,0.019178163,-0.09554025,0.017881508,-0.391683307
1.536361717,3.959984034,0.934012299,0.018029345,-0.12267882,0.045693778,-0.205970129,-0.007971601,0.187240396,0.024683231,-0.094448153,0.026400325,-0.250662013,0.02311258,-0.188556105
1.577305097,0.076763038,3.95917761,0.020487564,0.25268168,0.005139506,0.328933802,0.035279727,0.206695785,0.027968601,-0.04418333,0.031103221,-0.125525733,0.025109315,0.015971046
1.817728281,4.313054553,0.076572466,0.02451829,0.886424841,-0.021861205,0.20674874,0.071357721,-0.052862669,0.029631556,0.122463426,0.031728144,0.127385698,0.027710983,0.593316742
1.818276805,-0.781090154,4.312192134,0.02850467,0.925383642,-0.007971601,0.187240396,0.065534588,-0.022404376,0.029464422,0.256007582,0.029494339,0.464118486,0.029437044,0.848014816
1.864470341,0.188258991,-0.781144677,0.040722803,0.061514713,0.035279727,0.206695785,0.046056248,-0.878432927,0.025899203,0.23771994,0.025880485,0.56120829,0.025916447,0.491207221
1.835006779,-0.167030352,0.188050737,0.046617764,-0.486690457,0.071357721,-0.052862669,0.023671181,-0.760329275,0.028730861,0.035103967,0.021884493,-0.207020236,0.035020506,-0.095908648
1.710113145,1.859588876,-0.16718226,0.027677915,-0.440540107,0.065534588,-0.022404376,-0.006914952,0.396628078,0.026391723,-0.122103226,0.017881508,-0.391683307,0.034230689,-0.535307876
1.757442909,0.212388712,1.859115561,0.013723738,-0.407458068,0.046056248,-0.878432927,-0.01602263,1.478454513,0.021936773,-0.147117143,0.02311258,-0.188556105,0.020856541,-0.433614589
1.524672937,4.150525626,0.212176631,-0.004291958,0.112477418,0.023671181,-0.760329275,-0.031035826,1.756352369,0.014874482,-0.135548834,0.025109315,0.015971046,0.005565807,-0.077905734
1.638243474,1.619123724,4.149688983,-0.017863968,0.650941599,-0.006914952,0.396628078,-0.028651878,0.650933065,0.009185185,-0.107738321,0.027710983,0.593316742,-0.007570053,0.170092449
1.630172339,-0.621334759,1.618688544,-0.015539572,-0.275789609,-0.01602263,1.478454513,-0.015049289,-0.946108725,0.007812422,-0.078570848,0.029437044,0.848014816,-0.011902406,0.04592351
1.574523298,0.389062648,-0.621414617,-0.018763097,-0.333628246,-0.031035826,1.756352369,-0.005991256,-0.664111287,0.004363856,-0.038848498,0.025916447,0.491207221,-0.015505557,-0.120023583
1.822952317,4.483072014,0.388822547,-0.005637454,0.026845826,-0.028651878,0.650933065,0.018253164,0.575630321,0.011933516,-0.188591878,0.035020506,-0.095908648,-0.00985275,-0.135705691
1.886816154,0.563517759,4.482182632,0.0093318,0.53278112,-0.015049289,-0.946108725,0.034689189,2.056088916,0.01952537,-0.310222411,0.034230689,-0.535307876,0.005404801,0.220604755
1.905687983,-0.391963731,0.563249991,0.019863245,0.387892188,-0.005991256,-0.664111287,0.046019932,-2.507927439,0.015769764,-0.156401689,0.020856541,-0.433614589,0.010769341,0.48320297
1.821398166,0.997298034,-0.392079966,0.021860307,-0.04748485,0.018253164,0.575630321,0.025437583,-0.926218319,0.010151517,-0.055077823,0.005565807,-0.077905734,0.014752978,0.017781978
1.49876172,6.058992427,0.996961472,0.001994966,0.183343934,0.034689189,2.056088916,-0.029483942,1.039016576,-0.001227422,0.070548564,-0.007570053,0.170092449,0.005183038,0.05218929
1.554136499,0.383238232,6.057853114,-0.005767743,0.261452118,0.046019932,-2.507927439,-0.054601885,2.958799116,-0.009501505,0.172716387,-0.011902406,0.04592351,-0.007069318,0.240653416
1.6538111,1.324020007,0.382999056,-0.007151597,0.02572407,0.025437583,-0.926218319,-0.038330137,-3.079226486,-0.007706028,-0.001364744,-0.015505557,-0.120023583,0.000105641,0.009590171
1.688407277,-0.058030577,1.323631628,-0.013938147,-0.122417898,-0.029483942,1.039016576,0.00167671,-0.478674572,-0.005828507,-0.081888892,-0.00985275,-0.135705691,-0.001803224,-0.080822521
1.372235575,5.921702634,-0.058199772,-0.027774942,-0.100765413,-0.054601885,2.958799116,0.000604848,0.549759257,-0.007938222,0.13296203,0.005404801,0.220604755,-0.021235779,0.116870308
1.494752273,1.809110609,5.920585095,-0.032852561,-0.223895137,-0.038330137,-3.079226486,-0.026981748,1.141619323,-0.009874474,0.206807998,0.010769341,0.48320297,-0.030199412,-0.069391105
1.588850216,1.205590225,1.808645299,-0.009104613,-0.276484881,0.00167671,-0.478674572,-0.020162896,-0.929536544,-0.00327182,0.007869452,0.014752978,0.017781978,-0.021089329,-0.485267794
1.739067363,2.397376571,1.205220629,0.010806816,0.128582798,0.000604848,0.549759257,0.021137751,-0.208667429,0.002734714,-0.008126975,0.005183038,0.05218929,0.00025861,-0.130247439
1.746185112,-0.641581536,2.396817966,0.011038307,0.299880012,-0.026981748,1.141619323,0.049519139,-0.123976782,0.003609546,0.018449341,-0.007069318,0.240653416,0.014613094,0.204841204
1.891269644,2.288376796,-0.641658184,0.01171009,0.467280217,-0.020162896,-0.929536544,0.044716677,-0.343719765,0.007196187,0.058907778,0.000105641,0.009590171,0.01463187,0.459474488
1.9578761,0.621761913,2.287835477,0.031047005,0.189700299,0.021137751,-0.208667429,0.040872172,0.157342581,0.00749808,0.122236322,-0.001803224,-0.080822521,0.017129091,0.587695805
1.870020879,1.073015435,0.621484908,0.03769832,-0.374177901,0.049519139,-0.123976782,0.026349011,-0.45080225,0.001957257,0.063904243,-0.021235779,0.116870308,0.025758386,-0.046529003
2.017691309,2.343292713,1.072666865,0.031297687,-0.334147637,0.044716677,-0.343719765,0.018807165,-0.395436005,0.001569255,0.063521087,-0.030199412,-0.069391105,0.033996907,-0.364919239
2.153411757,2.089514611,2.342742685,0.032087193,0.030947081,0.040872172,0.157342581,0.023804075,0.885970327,0.007302214,0.249189202,-0.021089329,-0.485267794,0.035898804,-0.093890007
2.291195699,2.133336403,2.08900483,0.035993971,0.386934785,0.026349011,-0.45080225,0.045183106,1.362986261,0.018497551,0.375404842,0.00025861,-0.130247439,0.036266421,0.217362878
2.131836489,2.591523753,2.132819673,0.029007306,0.112464526,0.018807165,-0.395436005,0.038860126,-0.74428792,0.022497726,0.210715677,0.014613094,0.204841204,0.0299474,0.042520912
2.174673582,0.11697924,2.590934357,0.016633608,-0.13151539,0.023804075,0.885970327,0.009691939,-0.3829865,0.01794069,0.071202598,0.01463187,0.459474488,0.020987475,-0.26986636
2.242742768,0.652825463,0.11678229,0.021023172,-0.347905138,0.045183106,1.362986261,-0.001889285,-0.223204894,0.017334788,0.085669827,0.017129091,0.587695805,0.017522495,-0.064747714
2.324420566,0.941827411,0.652543531,0.024024175,-0.440288564,0.038860126,-0.74428792,0.009935683,-0.086676537,0.024064613,-0.045363227,0.025758386,-0.046529003,0.022527228,-0.254931223
2.35721445,-0.096305308,0.941499646,0.017914173,-0.04971095,0.009691939,-0.3829865,0.025821398,0.036623302,0.028747337,-0.162544942,0.033996907,-0.364919239,0.023985603,-0.373294433
2.446767483,1.109071341,-0.096468432,0.01244738,0.422552859,-0.001889285,-0.223204894,0.026697948,-0.208239395,0.027016711,-0.117768756,0.035898804,-0.093890007,0.018957073,0.025113045
2.405236399,0.089243928,1.108717052,0.014701775,0.179646066,0.009935683,-0.086676537,0.01941414,-0.188513618,0.023581523,-0.092267426,0.036266421,0.217362878,0.012039172,0.283281296
2.223544436,3.065797584,0.089051377,0.010968296,-0.345062881,0.025821398,0.036623302,-0.003558162,0.939601694,0.017460317,-0.176877556,0.0299474,0.042520912,0.00601978,-0.088245726
2.365520667,2.222366754,3.065132972,0.005811195,-0.212247848,0.026697948,-0.208239395,-0.014272246,0.800668721,0.014342085,-0.198277032,0.020987475,-0.26986636,0.008196625,-0.338445658
2.468212149,1.388088577,2.221835904,0.008941984,-0.010027159,0.01941414,-0.188513618,-0.001206872,0.092362441,0.014691585,-0.079440498,0.017522495,-0.064747714,0.012037083,-0.154799414
2.442131151,-0.23886481,1.387690038,0.007659386,0.153807532,-0.003558162,0.939601694,0.018763926,-0.354992579,0.016037564,-0.194802869,0.022527228,-0.254931223,0.009896225,0.017825821
2.384170475,0.43815415,-0.239005325,0.00074442,-0.016327388,-0.014272246,0.800668721,0.015896018,-0.835846248,0.013809145,-0.319640036,0.023985603,-0.373294433,0.004148894,0.001680628
2.445343933,0.506383017,0.437906264,-0.000746503,-0.004546443,-0.001206872,0.092362441,-0.000281467,-0.15423377,0.009614789,-0.166284084,0.018957073,0.025113045,0.000727541,-0.013955645
2.552515026,1.483220696,0.50612431,0.012216536,-0.216549049,0.018763926,-0.354992579,0.005755399,0.790528376,0.0080122,0.059362136,0.012039172,0.283281296,0.00414221,0.246022411
2.709157737,2.533834305,1.48280707,0.02230963,0.305887046,0.015896018,-0.835846248,0.028596771,2.283973388,0.012081092,0.254457505,0.00601978,-0.088245726,0.017960062,0.429805093
2.598133918,1.565039866,2.533254058,0.015686539,0.606054193,-0.000281467,-0.15423377,0.031429369,-0.13500976,0.01435645,0.088367282,0.008196625,-0.338445658,0.020382491,0.114302783
2.767706117,2.808413891,1.564613263,0.01492559,0.48020459,0.005755399,0.790528376,0.0240322,-0.546265592,0.013554551,0.094173395,0.012037083,-0.154799414,0.015037774,0.260041891
2.886748831,1.73533468,2.807790098,0.026834535,0.331649746,0.028596771,2.283973388,0.025118787,0.485972951,0.015412042,0.360165697,0.009896225,0.017825821,0.020744495,0.568195631
2.850206701,-0.016704963,1.73488107,0.029280421,-0.115486213,0.031429369,-0.13500976,0.02721152,-0.312129265,0.014869607,0.369695039,0.004148894,0.001680628,0.025223821,0.160637091
2.716288546,2.05123988,-0.016880711,0.018157449,-0.369295577,0.0240322,-0.546265592,0.012537057,-0.64202459,0.010665028,0.134199009,0.000727541,-0.013955645,0.020245377,-0.392177838
2.688026512,-0.192546839,2.05073617,0.004482851,-0.170157165,0.025118787,0.485972951,-0.015457374,0.176874778,0.007664714,0.005916418,0.00414221,0.246022411,0.011030901,-0.354393606
2.672902929,-0.471564075,-0.1926947,0.001664508,-0.123342284,0.02721152,-0.312129265,-0.022880102,-1.110559564,0.010091373,-0.150756255,0.017960062,0.429805093,0.002660104,-0.125919123
2.63645222,-0.018646435,-0.471667686,-0.001743997,-0.04514187,0.012537057,-0.64202459,-0.015695337,-0.66994081,0.009891179,-0.212173235,0.020382491,0.114302783,5.49035E-05,-0.041556016
2.650295914,-0.498744681,-0.018821875,-0.011360528,-0.09794416,-0.015457374,0.176874778,-0.007264171,-0.041804409,0.00619684,-0.112451344,0.015037774,0.260041891,-0.002096842,-0.025275866
2.595090917,0.379632642,-0.498843981,-0.015152314,-0.677681012,-0.022880102,-1.110559564,-0.00721817,0.100395908,0.004555094,-0.103793093,0.020744495,0.568195631,-0.010855427,-0.118202569
2.526133645,0.671685475,0.379394037,-0.013780961,-0.179015479,-0.015695337,-0.66994081,-0.011811792,1.652384561,0.003994918,-0.178735891,0.025223821,0.160637091,-0.016323034,-0.381742345
2.51952524,-0.652398308,0.671400552,-0.011182106,0.291190472,-0.007264171,-0.041804409,-0.015172748,0.713475839,0.00292061,-0.176414547,0.020245377,-0.392177838,-0.013850488,-0.137507005
2.489735176,-0.160096525,-0.65247324,-0.011052171,0.17770719,-0.00721817,0.100395908,-0.014933547,-1.490709567,0.000153742,-0.021026986,0.011030901,-0.354393606,-0.01058772,0.10872913
2.50348745,-0.500686153,-0.160249532,-0.00999507,-0.047237915,-0.011811792,1.652384561,-0.008152215,-0.433082747,-0.003612982,0.105927943,0.002660104,-0.125919123,-0.009941123,-0.031568926
2.399437719,1.416933301,-0.500785145,-0.012200215,-0.053198963,-0.015172748,0.713475839,-0.009166802,0.887256845,-0.005436808,0.207984065,5.49035E-05,-0.041556016,-0.011046786,0.105280846
2.386978394,-0.528144111,1.416530187,-0.014674301,-0.008764688,-0.014933547,-1.490709567,-0.014409249,2.530313241,-0.00779708,0.217232175,-0.002096842,-0.025275866,-0.013672738,0.099978313
2.384405556,-0.738100421,-0.528238749,-0.011232925,-0.002314533,-0.008152215,-0.433082747,-0.01436526,-3.25181042,-0.011916118,-0.024002507,-0.010855427,-0.118202569,-0.013013481,-0.221752504
2.305757698,0.877481488,-0.738161761,-0.011507188,0.192218182,-0.009166802,0.887256845,-0.013885468,-0.315019952,-0.01416334,-0.139583309,-0.016323034,-0.381742345,-0.011912057,0.069018616
2.267256555,0.024898005,0.877163927,-0.014216807,0.305235869,-0.014409249,2.530313241,-0.014021262,0.807678344,-0.013511629,-0.006338838,-0.013850488,-0.137507005,-0.013156919,0.295598666
2.38938145,1.800790015,0.024715658,-0.01101984,-0.295901434,-0.01436526,-3.25181042,-0.00759867,2.023498622,-0.010238575,-0.010673051,-0.01058772,0.10872913,-0.009873791,-0.054809721
2.382916706,-0.655449192,1.800326025,-0.004306894,-0.397459943,-0.013885468,-0.315019952,0.005473065,0.195128298,-0.008121175,-0.142659406,-0.009941123,-0.031568926,-0.006224523,-0.449188555
2.401775475,-0.392241084,-0.65552364,-5.72597E-05,-0.000634392,-0.014021262,0.807678344,0.014218604,-0.88515877,-0.007283746,-0.154557798,-0.011046786,0.105280846,-0.003355048,-0.271685647
2.30300202,1.304882642,-0.392357275,-0.002220721,0.0654882,-0.00759867,2.023498622,0.003232494,-0.260763357,-0.008112969,-0.177383735,-0.013672738,0.099978313,-0.002323241,0.03511833
2.267112894,-0.030572619,1.304497298,-0.00400473,0.153730228,0.005473065,0.195128298,-0.013506322,0.875337068,-0.009451846,-0.158583096,-0.013013481,-0.221752504,-0.005747358,0.137662208
2.134657468,2.020176331,-0.030746168,-0.005709759,0.839072644,0.014218604,-0.88515877,-0.025352269,3.780535248,-0.010103457,0.083034411,-0.011912057,0.069018616,-0.008234682,0.799091287
2.16999807,-0.04222145,2.019677547,-0.01176804,0.810727913,0.003232494,-0.260763357,-0.026643418,-0.021910759,-0.010457077,0.18913996,-0.013156919,0.295598666,-0.00768105,0.916102723
2.276398618,1.466856862,-0.042393151,-0.010910155,-0.104375486,-0.013506322,0.875337068,-0.008302199,-0.213501633,-0.007980097,-0.059931885,-0.009873791,-0.054809721,-0.006037865,0.070763337
2.140586749,2.091456082,1.466445831,-0.012364552,-0.328661049,-0.025352269,3.780535248,0.001039649,0.032298616,-0.0082153,-0.096964652,-0.006224523,-0.449188555,-0.010254524,-0.102733199
2.37466273,4.178260938,2.090945994,-0.006420455,-0.009378336,-0.026643418,-0.021910759,0.014521977,0.63801462,-0.005554695,-0.038427022,-0.003355048,-0.271685647,-0.007798154,-0.074782851
2.564673969,3.24247152,4.177419896,0.012553061,0.976385534,-0.008302199,-0.213501633,0.033970031,1.910750095,0.002197795,0.203572209,-0.002323241,0.03511833,0.006810834,0.561925785
2.619330443,0.367983811,3.241778888,0.026833223,1.401071959,0.001039649,0.032298616,0.052836082,0.152323491,0.005961328,0.487520363,-0.005747358,0.137662208,0.017951666,1.118385611
2.556642014,0.538555978,0.367747053,0.029815768,0.219859636,0.014521977,0.63801462,0.044881133,-1.517056335,0.007021234,0.393845216,-0.008234682,0.799091287,0.022657571,0.476264627
2.704064302,2.338023004,0.538292169,0.027584154,0.021495668,0.033970031,1.910750095,0.021410517,-0.256265042,0.009913518,0.316360859,-0.00768105,0.916102723,0.027766862,0.013527618
2.821748767,1.706489955,2.337473812,0.036954032,-0.193587681,0.052836082,0.152323491,0.022068347,0.768707636,0.012487421,0.425931849,-0.006037865,0.070763337,0.031032358,0.129328416
2.653365035,2.783174757,1.70604092,0.031582548,-0.551242006,0.044881133,-1.517056335,0.019089313,0.363469828,0.010061074,0.292673266,-0.010254524,-0.102733199,0.030055719,-0.325966438
2.812097361,2.578210803,2.782554967,0.017070971,-0.219371198,0.021410517,-0.256265042,0.012951042,-0.517366861,0.009684925,0.175343853,-0.007798154,-0.074782851,0.026587097,-0.565480225
2.939433231,1.911453909,2.577623519,0.018016094,0.248959479,0.022068347,0.768707636,0.014096397,0.428642214,0.014800514,0.225866468,0.006810834,0.561925785,0.022383751,-0.021793389
2.902225037,-0.002559954,1.910972368,0.020946843,0.042515617,0.019089313,0.363469828,0.022753806,-0.336618901,0.017910435,0.164797007,0.017951666,1.118385611,0.017872119,0.210083363
2.80908048,1.185343448,-0.002737946,0.01406927,-0.357364368,0.012951042,-0.517366861,0.015159422,-0.805619179,0.018339576,-0.034371318,0.022657571,0.476264627,0.014377074,-0.305486787
2.710777188,1.294897929,1.184977063,-0.000184108,-0.010475024,0.014096397,0.428642214,-0.014182724,0.211137886,0.01686813,-0.175419544,0.027766862,0.013527618,0.0068905,-0.284499743
2.523795889,3.178125596,1.29451417,-0.007357588,0.463040507,0.022753806,-0.336618901,-0.036607282,1.187846855,0.010845009,-0.174642287,0.031032358,0.129328416,-0.007685884,0.323532785
2.554970322,-0.130697094,3.17744317,-0.011790275,0.664221709,0.015159422,-0.805619179,-0.038149107,0.066109311,0.00902213,-0.281361574,0.030055719,-0.325966438,-0.010390475,0.615384839
2.611011166,0.397383241,-0.130854764,-0.017913865,-0.006125387,-0.014182724,0.211137886,-0.021641084,-1.052134663,0.008806574,-0.330932529,0.026587097,-0.565480225,-0.007849679,0.213813531
2.529215826,0.944323589,0.397141821,-0.021544481,-0.400400922,-0.036607282,1.187846855,-0.005906366,-0.402652056,0.002709643,-0.097887495,0.022383751,-0.021793389,-0.016148965,-0.090949598
2.401919136,1.91062185,0.943995428,-0.024153718,-0.268738427,-0.038149107,0.066109311,-0.00939159,0.610668369,-0.00339179,0.141076282,0.017872119,0.210083363,-0.024116215,-0.20296827
2.570172266,2.780401226,1.910140441,-0.017132792,-0.292071585,-0.021641084,-1.052134663,-0.012413137,1.039028483,-0.002726056,0.138639178,0.014377074,-0.305486787,-0.019683737,-0.329196589
2.536451116,-0.076613236,2.779781876,-0.004049195,-0.274878754,-0.005906366,-0.402652056,-0.002150608,-0.390946422,-0.002061192,0.026081213,0.0068905,-0.284499743,-0.011125093,-0.465052068
2.420373042,1.672375522,-0.076779484,-0.003909448,0.118624734,-0.00939159,0.610668369,0.001660354,-0.086922236,-0.007633656,0.067320219,-0.007685884,0.323532785,-0.007579648,-0.119446091
2.502795266,0.957636539,1.671931897,-0.007819811,-0.047439711,-0.012413137,1.039028483,-0.003170385,-0.333890675,-0.007403655,0.064201809,-0.010390475,0.615384839,-0.004274065,0.118925936
2.396512259,1.464360684,0.957306266,-0.007755663,-0.117421962,-0.002150608,-0.390946422,-0.013428485,-0.256315251,-0.007611368,0.036133263,-0.007849679,0.213813531,-0.007360421,-0.091664561
2.465939694,0.681670187,1.463950049,-0.002220661,-0.005076744,0.001660354,-0.086922236,-0.00610548,-0.073235388,-0.012017593,-0.144581429,-0.016148965,-0.090949598,-0.007688768,-0.098389358
2.378724417,1.059425133,0.681383681,-0.004134448,-0.187493877,-0.003170385,-0.333890675,-0.005101123,-0.162091612,-0.013503761,-0.310645512,-0.024116215,-0.20296827,-0.002396961,0.012211445
2.498224234,1.745042039,1.059078717,-0.007484146,-0.191185039,-0.013428485,-0.256315251,-0.001466189,0.140791933,-0.011364896,-0.327853986,-0.019683737,-0.329196589,-0.00265312,-0.122030142
2.66430939,2.734360609,1.744586889,0.006689263,0.594672236,-0.00610548,-0.073235388,0.019619312,1.803681075,-0.004898757,-0.252289201,-0.011125093,-0.465052068,0.001561851,0.345718293
2.598160038,0.612054554,2.73374856,0.011102517,0.958684594,-0.005101123,-0.162091612,0.027539466,0.472930267,0.000385211,-0.030966332,-0.007579648,-0.119446091,0.008543726,0.592301219
2.567429648,-0.1401271,0.611779089,0.008724123,-0.001009077,-0.001466189,0.140791933,0.018898951,-1.519245416,0.001204085,0.045562784,-0.004274065,0.118925936,0.00679008,0.158185841
2.398601873,2.792604763,-0.140283275,0.00336664,0.009590217,0.019619312,1.803681075,-0.01270113,0.166183623,-0.002774734,0.001586615,-0.007360421,-0.091664561,0.001862231,0.028171015
2.379246821,-0.381701665,2.791983478,-0.002164987,0.099939405,0.027539466,0.472930267,-0.030885926,0.645904459,-0.005023591,0.046495961,-0.007688768,-0.098389358,-0.002349573,0.099929603
2.316127409,0.547708631,-0.381819528,-0.005851062,0.266650981,0.018898951,-1.519245416,-0.02983625,-1.299185826,-0.003267748,0.145216917,-0.002396961,0.012211445,-0.004138599,0.21833329
2.386194788,0.695260489,0.54744337,-0.014862121,0.005568,-0.01270113,0.166183623,-0.017019914,-0.604097032,-0.003750161,0.083958486,-0.00265312,-0.122030142,-0.004840696,0.170443942
2.277600146,1.513452186,0.694971828,-0.019333337,-0.360946633,-0.030885926,0.645904459,-0.007466572,0.115215002,-0.006168782,0.089950197,0.001561851,0.345718293,-0.013858486,-0.064660396
2.417251681,2.172997899,1.513033765,-0.01529173,-0.427131928,-0.02983625,-1.299185826,-3.47714E-05,0.805054491,-0.003653749,0.092449788,0.008543726,0.592301219,-0.015799911,-0.328601566
2.352891561,0.574057177,2.172474879,-0.006421366,-0.428907501,-0.017019914,-0.604097032,0.004517927,0.384455004,-0.002139743,0.014273837,0.00679008,0.158185841,-0.011041876,-0.534904776
2.370783883,-0.412765214,0.573787738,-0.001794699,-0.036845106,-0.007466572,0.115215002,0.004016159,-0.728449888,-0.002464777,0.020820331,0.001862231,0.028171015,-0.006841071,-0.371310059
2.262528803,1.506241005,-0.412878151,-0.00206631,0.199546165,-3.47714E-05,0.805054491,-0.004099598,-0.161843366,-0.003215825,0.085234095,-0.002349573,0.099929603,-0.00410081,0.08692457
2.347928727,1.020873049,1.505823727,-0.003063253,0.160468474,0.004517927,0.384455004,-0.010661553,0.341057492,-0.003293871,0.085702201,-0.004138599,0.21833329,-0.002424032,0.191445996
2.336984372,-0.560317073,1.020532748,0.00070439,-0.221116856,0.004016159,-0.728449888,-0.002572,-0.347982033,-0.002701757,0.003736103,-0.004840696,0.170443942,-0.000497355,-0.085593423
2.03545303,5.610789789,-0.560406608,-0.010773293,1.123841669,-0.004099598,-0.161843366,-0.017489421,2.072618756,-0.011147803,0.099849353,-0.013858486,-0.064660396,-0.008351549,1.232225481
1.798294868,4.243716273,5.609721559,-0.031329171,3.055822344,-0.010661553,0.341057492,-0.052088963,3.917239131,-0.020167202,0.532267713,-0.015799911,-0.328601566,-0.02466043,2.919717527
1.874787811,0.831718223,4.242864851,-0.035080199,2.236356596,-0.002572,-0.347982033,-0.068011177,-1.211328736,-0.021115629,0.562343144,-0.011041876,-0.534904776,-0.031462133,2.140418723
1.54257832,6.262292262,0.831407921,-0.0411258,0.687000453,-0.017489421,2.072618756,-0.065191074,-0.541407,-0.022106826,0.649916319,-0.006841071,-0.371310059,-0.037725068,0.703633178
1.542891762,-0.78608251,6.261120708,-0.052564173,0.279125648,-0.052088963,3.917239131,-0.053066699,0.261747098,-0.024437321,0.621253013,-0.00410081,0.08692457,-0.045513895,0.430834986
1.628121905,1.017267459,-0.786136241,-0.05308962,-0.485881372,-0.068011177,-1.211328736,-0.036812606,-1.030024896,-0.022233571,0.330652503,-0.002424032,0.191445996,-0.042929991,-0.0660823
1.489606598,2.148868178,1.016927729,-0.045139956,-0.469196711,-0.065191074,-0.541407,-0.022793701,-0.700338739,-0.023404317,0.164535988,-0.000497355,-0.085593423,-0.047923462,-0.423035413
1.750364341,4.744893356,2.148348984,-0.021999126,-0.17062888,-0.053066699,0.261747098,0.011985888,0.423372521,-0.02129279,0.066772687,-0.008351549,1.232225481,-0.035409288,-0.427830742
1.784568715,-0.066351171,4.743962451,-0.005256421,-0.175976534,-0.036812606,-1.030024896,0.028782975,1.855287025,-0.017526508,-0.062756475,-0.02466043,2.919717527,-0.009558288,-0.203134916
1.978262899,3.320685099,-0.066519046,0.013423316,0.204432592,-0.022793701,-0.700338739,0.051236916,-0.108265251,-0.01542963,-0.113745544,-0.031462133,2.140418723,0.002950811,0.127141005
2.117026348,2.154137887,3.319980063,0.039310479,0.72727587,0.011985888,0.423372521,0.066831847,0.043321702,-0.009703757,-0.120030539,-0.037725068,0.703633178,0.022500002,0.560580183
2.211855656,1.221122,2.153617858,0.045232632,0.715828867,0.028782975,1.855287025,0.061287448,-0.033571504,-0.004747507,-0.077936266,-0.045513895,0.430834986,0.041287163,0.605805571
2.068299155,2.255926481,1.220749941,0.044650727,-0.240821309,0.051236916,-0.108265251,0.038482239,-0.764707258,-0.005181244,-0.094625088,-0.042929991,-0.0660823,0.036702632,0.13605792
1.965659913,1.386979164,2.255390309,0.029840322,-0.519658045,0.066831847,0.043321702,-0.004441052,0.037011548,-0.010251901,-0.200907227,-0.047923462,-0.423035413,0.029753435,-0.407029398
1.92715877,0.024898005,1.386580801,0.013161611,-0.289805273,0.061287448,-0.033571504,-0.030628626,-0.000365896,-0.007559567,-0.134557735,-0.035409288,-0.427830742,0.020749649,-0.431189025
1.777163644,2.392661568,0.024715658,-0.002106897,0.03571721,0.038482239,-0.764707258,-0.040191683,-0.329732512,-0.002048986,-0.018342787,-0.009558288,-0.203134916,0.00530947,-0.110515103
2.038731113,4.76208925,2.39210371,-0.009983503,0.261199466,-0.004441052,0.037011548,-0.015382872,0.47139796,0.002274284,0.029340627,0.002950811,0.127141005,0.001638798,0.010803672
2.148919086,1.547289266,4.761155617,-0.005021003,-0.229411863,-0.030628626,-0.000365896,0.021224506,1.252123534,0.012287974,0.010459831,0.022500002,0.560580183,0.002836978,0.029649063
2.341477043,3.296555377,1.546865479,0.007528217,0.314475239,-0.040191683,-0.329732512,0.057799732,0.220658982,0.022419671,0.012045996,0.041287163,0.605805571,0.004962231,0.264676853
2.2153427,1.885937422,3.295854169,0.018774972,0.510259824,-0.015382872,0.47139796,0.054188811,-0.709587683,0.022056852,-0.00746519,0.036702632,0.13605792,0.00848427,0.322253112
2.198456005,-0.434121405,1.885459928,0.018749815,-0.002152786,0.021224506,1.252123534,0.016275782,-0.393166067,0.020431415,-0.232066217,0.029753435,-0.407029398,0.011636868,0.093795445
2.300507542,1.374498274,-0.434230954,0.028320312,-0.491025204,0.057799732,0.220658982,0.000592528,-0.281340113,0.019600173,-0.220603901,0.020749649,-0.431189025,0.018496562,-0.002598584
2.525963864,3.99520788,1.37410189,0.035698402,-0.287811052,0.054188811,-0.709587683,0.018424227,0.914306812,0.019924699,0.038363346,0.00530947,-0.110515103,0.034089511,-0.189485732
2.398732474,1.909235084,3.99439587,0.025788848,0.071014131,0.016275782,-0.393166067,0.034789855,0.746436951,0.01773032,0.128197479,0.001638798,0.010803672,0.033447491,-0.309533064
2.285592921,1.609971071,1.908753895,0.006663463,-0.116722592,0.000592528,-0.281340113,0.01265763,-0.865255913,0.00891399,0.054541192,0.002836978,0.029649063,0.014815571,-0.226522863
2.097605995,3.199481786,1.609537343,-0.00586743,0.204083148,0.018424227,0.914306812,-0.02964062,0.233118509,0.000812868,0.014978928,0.004962231,0.264676853,-0.003127776,0.062582846
2.20357556,1.457704209,3.198795973,-0.00377398,0.212511892,0.034789855,0.746436951,-0.041142036,-0.230070333,0.000312703,-0.005616726,0.00848427,0.322253112,-0.007381418,0.221135436
1.904826017,5.551713575,1.45729463,-0.01311291,0.572624057,0.01265763,-0.865255913,-0.038039226,-0.005350089,0.001104318,0.018684151,0.011636868,0.093795445,-0.008783518,0.550650187
2.115615858,3.683740329,5.550654714,-0.02716941,0.142125587,-0.02964062,0.233118509,-0.024657383,0.389716606,0.001896441,-0.028439293,0.018496562,-0.002598584,-0.013859961,0.459553878
2.197280597,0.941550058,3.682977716,-0.020618815,-0.598350329,-0.041142036,-0.230070333,0.000806992,-0.005929179,0.009025081,-0.249755942,0.034089511,-0.189485732,-0.014880321,-0.329333567
2.311112335,1.624670786,0.941222337,-0.006009394,-0.150374918,-0.038039226,-0.005350089,0.028295977,-0.365353194,0.010278939,-0.220303823,0.033447491,-0.309533064,-0.012165474,-0.341105873
1.978850603,6.263401674,1.624234726,-0.00322997,0.123016132,-0.024657383,0.389716606,0.019042056,0.116912842,0.00151442,0.036513138,0.014815571,-0.226522863,-0.011586907,-0.082011362
1.694310437,5.249953383,6.262229944,-0.021909394,0.641546786,0.000806992,-0.005929179,-0.045218351,1.39506499,-0.012021847,0.393737981,-0.003127776,0.062582846,-0.021065312,0.480503577
2.158583552,9.066886985,5.248942379,-0.008905819,0.465896324,0.028295977,-0.365353194,-0.045039152,0.664511923,-0.010313697,0.317602751,-0.007381418,0.221135436,-0.0133344,0.49950921
2.279846481,1.78248471,9.065270641,0.0146297,0.068936661,0.019042056,0.116912842,0.010297904,0.002078923,0.000361792,0.010209388,-0.008783518,0.550650187,0.009907154,-0.002377168
2.653717658,7.147048706,1.782023622,0.022117776,0.492074395,-0.045218351,1.39506499,0.090583648,0.077689702,0.006444799,0.172501982,-0.013859961,0.459553878,0.027747021,0.420629647
2.826502639,2.876642758,7.145736836,0.034321153,0.874042043,-0.045039152,0.664511923,0.118250242,-0.126592629,0.00970277,0.355421182,-0.014880321,-0.329333567,0.03552,0.832171044
3.163779445,6.369905271,2.876008144,0.059702369,0.860744607,0.010297904,0.002078923,0.110352257,0.004305,0.015796064,0.633011237,-0.012165474,-0.341105873,0.044583022,1.019458829
2.930147508,4.168830932,6.36871665,0.083658259,-0.103148158,0.090583648,0.077689702,0.077243615,-0.413282929,0.020786858,0.536351654,-0.011586907,-0.082011362,0.053408108,0.424436392
2.80171459,1.934751571,4.167991386,0.063798171,-0.54320245,0.118250242,-0.126592629,0.016038316,-0.271458074,0.019800469,0.178736157,-0.021065312,0.480503577,0.059835192,-0.404713448
2.775163428,-0.228880098,1.934266335,0.037159635,-0.406412761,0.110352257,0.004305,-0.024942969,-0.346462717,0.018521173,0.059559463,-0.0133344,0.49950921,0.048895061,-0.46848396
2.872839836,1.28158498,-0.229022197,0.02241552,-0.396321896,0.077243615,-0.413282929,-0.026463683,-0.770172165,0.02214544,-0.001097895,0.009907154,-0.002377168,0.033404254,-0.388090166
3.328832854,8.891045108,1.281203331,0.022187849,0.156966785,0.016038316,-0.271458074,0.027922346,1.158422827,0.031059984,0.0703722,0.027747021,0.420629647,0.033981551,-0.170686551
3.178720188,2.395157746,8.889456652,0.015669669,0.462346981,-0.024942969,-0.346462717,0.056620744,2.194395073,0.030998856,0.121634322,0.03552,0.832171044,0.02708201,0.207382396
3.422656536,4.387662541,2.394599493,0.015270791,0.438598156,-0.026463683,-0.770172165,0.05820461,-3.415156484,0.029164002,0.104773556,0.044583022,1.019458829,0.01586141,0.339068352
3.669779545,4.455336702,4.38678829,0.040334311,0.525339264,0.027922346,1.158422827,0.052686669,0.044472949,0.038400976,0.091568218,0.053408108,0.424436392,0.025470711,0.622794274
3.832599679,2.665022329,4.454451718,0.057056347,0.271973756,0.056620744,2.194395073,0.057469972,0.358733068,0.051773718,-0.079816687,0.059835192,-0.404713448,0.044761498,0.585577972
3.838437539,-0.668762142,2.664421277,0.059084158,-0.223202416,0.05820461,-3.415156484,0.059890797,-1.217411564,0.050859615,-0.125159668,0.048895061,-0.46848396,0.052599432,0.04659894
3.809156818,-0.170913296,-0.668834479,0.041185037,-0.217428518,0.052686669,0.044472949,0.030501311,-0.777553755,0.041806064,-0.089073459,0.033404254,-0.388090166,0.049308124,-0.342767423
3.710082981,1.311261763,-0.171064588,0.027973907,-0.341417575,0.057469972,0.358733068,0.000894223,-0.13792133,0.032770965,-0.098482922,0.033981551,-0.170686551,0.031684579,-0.280287386
3.510172194,3.452705183,1.310875408,0.016667446,-0.518111651,0.059890797,-1.217411564,-0.023391987,1.428987036,0.021593539,-0.07485563,0.02708201,0.207382396,0.016711607,-0.299103778
3.377377206,2.027387512,3.45197921,-0.005447478,0.128398029,0.030501311,-0.777553755,-0.039157056,6.466382416,0.010927548,-0.05399098,0.01586141,0.339068352,0.006566086,-0.2670598
3.623076666,4.425105212,2.026887585,-0.013159161,0.322420802,0.000894223,-0.13792133,-0.026897312,-0.435827704,0.010900086,-0.044623608,0.025470711,0.622794274,-0.002092183,0.055276593
3.517629505,1.446610085,4.424225023,-0.013872055,-0.298236214,-0.023391987,1.428987036,-0.004195759,-0.290331119,0.016801833,-0.145869244,0.044761498,0.585577972,-0.008164886,-0.040450569
3.341618681,2.945148978,1.446202264,-0.020779982,-0.195375861,-0.039157056,6.466382416,-0.001527516,0.114712501,0.01525465,-0.262676734,0.052599432,0.04659894,-0.018345153,-0.041795405
3.503576849,2.646717023,2.9445035,-0.017865772,-0.292632728,-0.026897312,-0.435827704,-0.008419377,-0.206888834,0.014124972,-0.339626109,0.049308124,-0.342767423,-0.018152107,-0.232752844
3.7655753,4.771241903,2.646118875,0.001307146,0.106569298,-0.004195759,-0.290331119,0.006962576,0.582029228,0.012489075,-0.210035492,0.031684579,-0.280287386,-0.005698159,-0.157546028
3.950218843,3.128479388,4.770306819,0.022421412,0.799041501,-0.001527516,0.114712501,0.046520321,0.890454709,0.014042863,-0.054868367,0.016711607,-0.299103778,0.011419953,0.517296913
3.947920267,-0.743924837,3.127804835,0.024437851,0.945265518,-0.008419377,-0.206888834,0.057560557,-1.10401005,0.014962024,-0.027544986,0.006566086,-0.2670598,0.023454739,0.697406354
3.75242379,3.358959829,-0.743985253,0.015129929,0.182436637,0.006962576,0.582029228,0.023256453,-0.518356513,0.006978865,0.039014821,-0.002092183,0.055276593,0.016222832,0.124761653
3.68799837,0.575443943,3.358248723,0.01547254,-0.398593627,0.046520321,0.890454709,-0.014380231,0.131041181,-0.000705031,-0.019819337,-0.008164886,-0.040450569,0.006877005,-0.046769636
3.762453939,0.788451137,0.575174284,0.015975533,-0.524256789,0.057560557,-1.10401005,-0.022848523,-0.690303404,-0.002495198,-0.045894555,-0.018345153,-0.041795405,0.013389932,-0.344884622
3.775435668,-0.517049987,0.788147696,0.00704954,-0.241035935,0.023256453,-0.518356513,-0.008296732,-0.77659302,-0.001239792,-0.029737249,-0.018152107,-0.232752844,0.01564271,-0.516574391
3.566108556,3.65267678,-0.517146384,-0.00972895,0.083336466,-0.014380231,0.131041181,-0.005118352,0.56800489,-0.002011455,-0.004547043,-0.005698159,-0.157546028,0.001628523,-0.076480297
3.604727241,0.027394183,3.651919093,-0.018780491,-0.193848025,-0.022848523,-0.690303404,-0.014614474,1.589204156,-0.000559893,-0.014376153,0.011419953,0.517296913,-0.012144342,0.157738587
3.49059512,1.631049908,0.027211441,-0.015618947,-0.102057337,-0.008296732,-0.77659302,-0.023103492,-1.25544803,0.002354846,-0.076934136,0.023454739,0.697406354,-0.017782955,-0.256222104
3.335389019,2.503325462,1.630612836,-0.016020898,0.631779639,-0.005118352,0.56800489,-0.027086314,0.202894326,-0.001980627,0.052043858,0.016222832,0.124761653,-0.019453639,0.226152846
3.351910032,-0.441887292,2.502750054,-0.020078177,0.594974222,-0.014614474,1.589204156,-0.025616153,0.244079925,-0.00514168,0.179925792,0.006877005,-0.046769636,-0.016886041,0.524508584
3.387368174,-0.039725272,-0.441995609,-0.021156803,-0.464031695,-0.023103492,-1.25544803,-0.019151011,-1.87130211,-0.001358727,0.046614616,0.013389932,-0.344884622,-0.016110684,0.02368528
3.299447653,1.074402201,-0.039897369,-0.01750861,-0.305351245,-0.027086314,0.202894326,-0.007579691,-0.303327053,-0.001799602,0.061720496,0.01564271,-0.516574391,-0.019463803,-0.361911514
3.079763891,3.872617802,1.07405341,-0.021404443,0.13163161,-0.025616153,0.244079925,-0.017014015,1.547126388,-0.010131095,0.261809036,0.001628523,-0.076480297,-0.022178732,0.021735268
3.118447875,0.028780948,3.871825234,-0.024513869,0.130776563,-0.019151011,-1.87130211,-0.030051502,2.750175151,-0.017267184,0.194231555,-0.012144342,0.157738587,-0.02261138,0.166761464
3.297606181,3.011991079,0.028597986,-0.011283707,-0.085231591,-0.007579691,-0.303327053,-0.015068525,-0.954273784,-0.016902551,-0.115883777,-0.017782955,-0.256222104,-0.015968201,-0.367687399
3.139226478,2.570722269,3.011335,-0.006995405,-0.043662461,-0.017014015,1.547126388,0.003256065,-0.121704069,-0.014523404,-0.107503031,-0.019453639,0.226152846,-0.009253951,-0.141304417
3.130241136,-0.601920041,2.570136173,-0.013259398,-0.235373547,-0.030051502,2.750175151,0.004088671,-0.188305793,-0.013589437,-0.007719445,-0.016886041,0.524508584,-0.010052195,-0.008065714
3.127341796,-0.731166593,-0.602002978,-0.012127111,-0.380742572,-0.015068525,-0.954273784,-0.009094057,-0.789800608,-0.013949044,-0.087716716,-0.016110684,0.02368528,-0.011642688,-0.284878514
3.09717299,-0.152053284,-0.731229033,-0.004397067,-0.185890965,0.003256065,-0.121704069,-0.012142683,-0.773837979,-0.015469119,-0.224467051,-0.019463803,-0.361911514,-0.011227156,-0.374470749
3.214948875,1.708431427,-0.152207567,0.003261593,-0.011108453,0.004088671,-0.188305793,0.002437797,0.584025693,-0.012204864,-0.223187814,-0.022178732,0.021735268,-0.001638117,-0.15988646
3.055106442,2.601785818,1.707982084,-0.004201092,-0.264925993,-0.009094057,-0.789800608,0.000719833,10.41588907,-0.010760709,-0.203725547,-0.02261138,0.166761464,0.0017654,0.095155335
3.139082817,0.99064156,2.601194795,-0.006978531,-0.300567387,-0.012142683,-0.773837979,-0.001754469,1.025410472,-0.010852857,-0.265358624,-0.015968201,-0.367687399,-0.005479081,-0.310115008
3.000946252,2.140824937,0.990306053,-0.003712406,0.278691667,0.002437797,0.584025693,-0.009907794,-0.216633114,-0.008296433,-0.115997673,-0.009253951,-0.141304417,-0.00730535,-0.177436717
2.899560779,1.360353265,2.140307019,-0.010312965,1.082989875,0.000719833,10.41588907,-0.02136463,0.486080376,-0.009579709,0.097564574,-0.010052195,-0.008065714,-0.00909556,0.677779205
2.856253523,0.126963952,1.359959125,-0.01353693,1.211775022,-0.001754469,1.025410472,-0.025282437,0.058296224,-0.012025787,0.08473688,-0.011642688,-0.284878514,-0.012418052,1.249574403
2.677304179,3.007553429,0.126765419,-0.022570647,0.730727809,-0.009907794,-0.216633114,-0.035414164,-0.034553499,-0.014159937,0.270863291,-0.011227156,-0.374470749,-0.017158916,1.173169867
2.648598103,-0.183116833,3.006898054,-0.027553028,0.457752722,-0.02136463,0.486080376,-0.033860907,0.318212778,-0.013004975,0.517951248,-0.001638117,-0.15988646,-0.024632441,0.553078971
2.502808326,2.303353864,-0.18326619,-0.030646789,0.157413499,-0.025282437,0.058296224,-0.036220864,-0.326661498,-0.013009986,0.611589962,0.0017654,0.095155335,-0.028130547,0.297909258
2.43322417,0.684998424,2.30281017,-0.035952863,-0.015853474,-0.035414164,-0.034553499,-0.036516648,-0.022163128,-0.018537451,0.424990728,-0.005479081,-0.310115008,-0.031976356,0.138292373
2.632377472,3.436618702,0.68471139,-0.025237689,-0.203092103,-0.033860907,0.318212778,-0.016155572,0.066699012,-0.017268091,0.138516602,-0.00730535,-0.177436717,-0.027705624,-0.274917812
2.672014843,0.049027726,3.43589528,-0.013913275,-0.451686699,-0.036220864,-0.326661498,0.009708038,0.192982155,-0.012248278,-0.005553665,-0.00909556,0.677779205,-0.01559374,-0.339211568
2.799350714,1.911453909,0.048841553,-0.001950961,-0.094320431,-0.036516648,-0.022163128,0.03450511,-0.125832641,-0.010088977,-0.062766036,-0.012418052,1.249574403,-0.00758086,-0.23266138
2.706193097,1.185620801,1.910972368,0.005682968,0.225669976,-0.016155572,0.066699012,0.028386329,-0.614047237,-0.009286451,-0.086744756,-0.017158916,1.173169867,-0.000754006,-0.071775145
2.888146261,3.071344646,1.185254372,0.014094352,0.253377603,0.009708038,0.192982155,0.018506169,0.029262302,-0.009326299,-0.156328143,-0.024632441,0.553078971,0.007269625,0.276967464
2.828213511,0.48003447,3.070679154,0.024734355,-0.273585143,0.03450511,-0.125832641,0.015279941,0.307427163,-0.007225073,-0.18187409,-0.028130547,0.297909258,0.015323285,0.232163001
2.77829785,0.267304629,0.479779942,0.017114194,-0.565148316,0.028386329,-0.614047237,0.006268344,-0.546012436,-0.007707827,-0.20515943,-0.031976356,0.138292373,0.018171225,-0.54500955
2.751550787,-0.224719801,0.267083839,0.007047437,-0.2341557,0.018506169,0.029262302,-0.003950751,-0.591467063,-0.008037414,-0.25512805,-0.027705624,-0.274917812,0.0125008,-0.494533766
2.664648952,1.052768658,-0.22486256,-0.001703372,0.017928559,0.015279941,0.307427163,-0.018355577,0.047649416,-0.006398512,-0.151171541,-0.01559374,-0.339211568,0.002984493,-0.107018969
2.524827636,2.176603489,1.052423298,-0.009715531,0.833510572,0.006268344,-0.546012436,-0.025390818,1.372280321,-0.007518107,-0.060608027,-0.00758086,-0.23266138,-0.007455829,0.49717173
2.384836539,2.18020908,2.176079897,-0.020994774,1.412570512,-0.003950751,-0.591467063,-0.038076078,2.06853369,-0.008309669,0.161064034,-0.000754006,-0.071775145,-0.015711211,1.41415397
2.477785195,1.181183151,2.179684916,-0.026287471,0.363796206,-0.018355577,0.047649416,-0.034331548,-0.726158305,-0.006189824,0.231332761,0.007269625,0.276967464,-0.019296519,0.675545412
2.645581222,2.770693867,1.180817426,-0.014960072,-0.264569216,-0.025390818,1.372280321,-0.00416547,-0.067801631,-0.000376305,0.016580626,0.015323285,0.232163001,-0.015752186,-0.274058242
2.42741243,3.840444841,2.770076056,-0.01436998,-0.26045208,-0.038076078,2.06853369,0.010534473,0.307282426,0.0018453,-0.031650465,0.018171225,-0.54500955,-0.014294307,-0.18565405
2.224341102,3.519824637,3.839657375,-0.024312985,0.036102557,-0.034331548,-0.726158305,-0.01376656,1.102128509,-0.005588705,0.248319735,0.0125008,-0.494533766,-0.023787959,0.042525262
2.420777905,3.378929253,3.519088019,-0.01738652,0.163417841,-0.00416547,-0.067801631,-0.030978235,0.008672405,-0.008885853,0.298879122,0.002984493,-0.107018969,-0.020992759,-0.043348172
2.452318021,-0.122931207,3.378214981,-0.001180191,-0.059462746,0.010534473,0.307282426,-0.012912664,-0.762819962,-0.008064262,0.019829736,-0.007455829,0.49717173,-0.008696576,-0.207557208
2.75199483,5.571405646,-0.123090109,0.011186582,0.351400435,-0.01376656,1.102128509,0.036287397,0.320076965,-0.004082841,-0.007397747,-0.015711211,1.41415397,0.008218312,0.26397483
2.671231237,0.922412693,5.570343662,0.009850623,0.410726916,-0.030978235,0.008672405,0.051865148,0.273249299,-0.00232717,-0.075833717,-0.019296519,0.675545412,0.015743408,0.453777436
2.628864308,0.106994528,0.922088007,0.007443972,0.065125497,-0.012912664,-0.762819962,0.02841472,-0.97345773,-0.00568811,-0.165070017,-0.015752186,-0.274058242,0.004973197,0.094090853
2.634858889,-0.665433904,0.106799161,0.019880525,-0.329357331,0.036287397,0.320076965,0.003819358,-0.72278159,-0.004681155,-0.127216743,-0.014294307,-0.18565405,0.005312286,-0.005267157
2.544287169,1.130704884,-0.665506769,0.017334027,-0.477570502,0.051865148,0.273249299,-0.015442711,-0.076780681,-0.004803464,-0.123092505,-0.023787959,0.042525262,0.014610456,-0.338238246
2.548557819,-0.702044516,1.130347164,0.007086514,-0.263076152,0.02841472,-0.97345773,-0.012967698,0.450428039,-0.004441015,-0.099755562,-0.020992759,-0.043348172,0.012409185,-0.466547446
2.540800126,-0.627991234,-0.702111574,-0.003658655,-0.362510067,0.003819358,-0.72278159,-0.010990612,-2.039725021,-0.001377762,-0.031569568,-0.008696576,-0.207557208,0.005959658,-0.222780409
2.498824999,0.098673934,-0.628070036,-0.012161015,-0.232400716,-0.015442711,-0.076780681,-0.008865236,-0.480691241,0.001793547,-0.038926863,0.008218312,0.26397483,-0.00449873,-0.289343344
2.464672865,-0.067460583,0.098479887,-0.010638447,0.005294692,-0.012967698,0.450428039,-0.00826094,0.670114352,0.001394391,-0.037465519,0.015743408,0.453777436,-0.01251459,-0.168074068
2.298444048,2.737411493,-0.067628282,-0.015928396,0.735671906,-0.010990612,-2.039725021,-0.020961775,20.70383595,-0.00497856,0.070518383,0.004973197,0.094090853,-0.014582355,0.524751032
2.258205913,0.061785969,2.73679896,-0.019915964,1.263196633,-0.008865236,-0.480691241,-0.031123234,2.665615581,-0.00712452,0.174045342,0.005312286,-0.005267157,-0.019334423,0.937961651
2.208577574,0.261202861,0.061597773,-0.02013581,0.767803607,-0.00826094,0.670114352,-0.032182564,-1.630843254,-0.002552682,0.119763472,0.014610456,-0.338238246,-0.019589703,0.612740686
2.086975082,1.789695891,0.260983038,-0.025810164,0.318985209,-0.020961775,20.70383595,-0.030777179,-0.199184236,-0.004847418,0.249811181,0.012409185,-0.466547446,-0.022126288,0.446068007
2.021295893,0.602069842,1.789233659,-0.030566819,0.142817914,-0.031123234,2.665615581,-0.029989308,0.456883908,-0.010630732,0.435104903,0.005959658,-0.222780409,-0.027514522,0.285600051
2.134252606,1.606088127,0.60179596,-0.026815918,-0.36008483,-0.032182564,-1.630843254,-0.021179365,-0.696942727,-0.014580559,0.184160985,-0.00449873,-0.289343344,-0.025029525,-0.144280395
2.084728747,0.258984036,1.605655015,-0.018336099,-0.450563727,-0.030777179,-0.199184236,-0.005286711,-0.43588124,-0.0168202,-0.03143442,-0.01251459,-0.168074068,-0.021357472,-0.452306499
2.050694154,-0.069956761,0.258764565,-0.014426515,-0.250602562,-0.029989308,0.456883908,0.001905824,-0.154803845,-0.016366008,-0.008806432,-0.014582355,0.524751032,-0.01827866,-0.350578529
2.040128542,-0.568360313,-0.070124065,-0.013023582,-0.44275792,-0.021179365,-0.696942727,-0.004567001,-0.587269071,-0.016625948,-0.050624399,-0.019334423,0.937961651,-0.013710604,-0.252121257
2.04122559,-0.769441323,-0.568448573,-0.00747535,-0.287967632,-0.005286711,-0.43588124,-0.009712407,-0.639489872,-0.015691735,-0.079423613,-0.019589703,0.612740686,-0.011472564,-0.462587281
1.987796764,0.341912618,-0.769497693,-0.002785886,0.128545704,0.001905824,-0.154803845,-0.007493182,0.172042761,-0.015332897,-0.089277188,-0.022126288,0.446068007,-0.007992393,-0.203943107
1.954650258,-0.088816773,0.341679995,-0.007535941,0.145615014,-0.004567001,-0.587269071,-0.010518977,1.624974991,-0.016673372,-0.145894034,-0.027514522,0.285600051,-0.005005263,0.318602083
1.866037552,1.089101916,-0.088981085,-0.014107741,0.539253343,-0.009712407,-0.639489872,-0.018536904,5.579756623,-0.017851016,-0.170422475,-0.025029525,-0.144280395,-0.010158817,0.71059552
1.736651247,1.954998349,1.088750794,-0.018892104,1.442700538,-0.007493182,0.172042761,-0.030454305,2.159833175,-0.020093704,-0.121208456,-0.021357472,-0.452306499,-0.018753164,1.210555707
1.71373079,-0.305984264,1.954509902,-0.022857233,1.361039059,-0.010518977,1.624974991,-0.035365643,0.438886626,-0.019553074,0.00588831,-0.01827866,-0.350578529,-0.020887465,1.059923649
1.825015811,1.570586928,-0.306114135,-0.019517922,-0.090011922,-0.018536904,5.579756623,-0.020522044,-0.808116734,-0.015305846,-0.00881838,-0.013710604,-0.252121257,-0.016972058,0.129501128
1.859546687,-0.059417343,1.570159446,-0.012531995,-0.389898797,-0.030454305,2.159833175,0.006070424,-0.054006995,-0.011892158,-0.147780338,-0.011472564,-0.462587281,-0.012330207,-0.302688976
1.823879583,-0.035287622,-0.059586318,-0.009536834,-0.351623757,-0.035365643,0.438886626,0.017593035,-0.468694816,-0.009389668,-0.085589313,-0.007992393,-0.203943107,-0.010852959,-0.320716423
1.72249411,1.360353265,-0.035460423,-0.010180964,-0.235594734,-0.020522044,-0.808116734,0.000577575,-0.086731458,-0.008676839,0.055753483,-0.005005263,0.318602083,-0.012522721,-0.28597533
1.787389694,0.585428655,1.359959125,-0.003460861,-0.052228028,0.006070424,-0.054006995,-0.013105884,0.407862579,-0.010024407,-0.011634744,-0.010158817,0.71059552,-0.009883518,-0.234762676
1.756946626,-0.146228869,0.585157412,0.003520891,-0.198564891,0.017593035,-0.468694816,-0.010350176,-1.905817592,-0.010517308,-0.140813192,-0.018753164,1.210555707,-0.001865323,-0.130015812
1.728031588,-0.178679183,-0.146384076,-0.002025841,-0.076272889,0.000577575,-0.086731458,-0.004603777,-0.304756075,-0.010187494,-0.101307011,-0.020887465,1.059923649,0.001114186,-0.075471513
1.626528574,1.362849443,-0.178829244,-0.012409835,0.292455911,-0.013105884,0.407862579,-0.0117104,0.701528301,-0.011594593,-0.054100547,-0.016972058,0.129501128,-0.005946874,0.362708206
1.660654587,-0.06801529,1.362454907,-0.014876662,0.109346251,-0.010350176,-1.905817592,-0.01948602,0.676623902,-0.012571422,-0.107528609,-0.012330207,-0.302688976,-0.012821885,0.292170397
1.561424029,1.314590001,-0.068182901,-0.01221992,0.332166988,-0.004603777,-0.304756075,-0.019913106,-0.609059763,-0.012839188,-0.1102022,-0.010852959,-0.320716423,-0.014879028,0.059071542
1.563526703,-0.748085133,1.314203118,-0.014633337,0.323323864,-0.0117104,0.701528301,-0.017606089,0.07361771,-0.013093252,-0.037726336,-0.012522721,-0.28597533,-0.013678973,0.292183205
1.53236533,-0.130974447,-0.74814489,-0.017154176,-0.198038011,-0.01948602,0.676623902,-0.014777008,-0.638880324,-0.011679726,0.007091829,-0.009883518,-0.234762676,-0.01352508,0.107962412
1.478387981,0.353561449,-0.131132073,-0.018252815,-0.192909968,-0.019913106,-0.609059763,-0.016537465,-0.270112765,-0.00960474,0.201017192,-0.001865323,-0.130015812,-0.017582879,-0.08604283
1.438006185,0.064836854,0.353326979,-0.017011494,0.040916091,-0.017606089,0.07361771,-0.016401659,0.527868395,-0.008719822,0.329429645,0.001114186,-0.075471513,-0.018834914,-0.098803179
1.462728934,-0.267709534,0.064648173,-0.01513555,-0.159480323,-0.014777008,-0.638880324,-0.015504286,-1.304341873,-0.010475567,0.184762133,-0.005946874,0.362708206,-0.015161491,-0.09323446
1.408294482,0.363268808,-0.267845475,-0.013885122,-0.291646066,-0.016537465,-0.270112765,-0.011174591,-0.466321991,-0.013414453,0.005514587,-0.012821885,0.292170397,-0.01403376,-0.196857421
1.347774028,0.492515361,0.363032798,-0.014699836,0.123787201,-0.016401659,0.527868395,-0.012951703,0.78459209,-0.015361049,0.002387826,-0.014879028,0.059071542,-0.01587003,-0.039892667
1.311937143,-0.031682031,0.492258853,-0.017519849,0.143983455,-0.015504286,-1.304341873,-0.019580964,1.053425144,-0.014775629,0.084737444,-0.013678973,0.292183205,-0.015932664,0.198126646
1.250711444,0.507492429,-0.031855404,-0.018110178,0.307204459,-0.011174591,-0.466321991,-0.025196077,-0.309030118,-0.015904631,0.088908768,-0.01352508,0.107962412,-0.018420734,0.187032938
1.232453439,-0.404999327,0.507233546,-0.017663002,0.373289061,-0.012951703,0.78459209,-0.022463479,-0.122951262,-0.017961271,0.009714378,-0.017582879,-0.08604283,-0.018360896,0.191351158
1.230860108,-0.758901905,-0.405113495,-0.01799565,-0.137256923,-0.019580964,1.053425144,-0.016369227,-0.781302177,-0.017413591,-0.051723404,-0.018834914,-0.098803179,-0.015907187,0.081432367
1.111739034,1.736998798,-0.758959946,-0.02194508,-0.098987335,-0.025196077,-0.309030118,-0.018584638,0.562463534,-0.017407431,0.040195157,-0.015161491,-0.09323446,-0.019791278,0.066778885
1.016792185,1.223618178,1.736544925,-0.026285558,0.401153666,-0.022463479,-0.122951262,-0.030245751,2.311442838,-0.020112217,0.159605597,-0.01403376,-0.196857421,-0.0265601,0.264037255
1.028480965,-0.544507945,1.223245723,-0.025989285,0.356429085,-0.016369227,-0.781302177,-0.035901796,-1.583393466,-0.020605155,0.143155375,-0.01587003,-0.039892667,-0.025616068,0.22372817
1.034331885,-0.668484789,-0.544599988,-0.021410442,-0.087872002,-0.018584638,0.562463534,-0.024318618,-1.420164041,-0.018766549,0.055367815,-0.015932664,0.198126646,-0.021786966,-0.086122574
1.03507631,-0.776929858,-0.668557169,-0.017978136,-0.2233477,-0.030245751,2.311442838,-0.005237056,-0.449016861,-0.01834529,-0.034489858,-0.018420734,0.187032938,-0.018264418,-0.176658681
1.01604776,-0.388635493,-0.77698504,-0.018133378,-0.604761601,-0.035901796,-1.583393466,0.000527729,0.035681198,-0.017315391,-0.054961147,-0.018360896,0.191351158,-0.016189646,-0.234244112
0.997998716,-0.409436977,-0.388752256,-0.014592871,-0.683811722,-0.024318618,-1.420164041,-0.00442945,1.671701022,-0.016438781,-0.054174569,-0.015907187,0.081432367,-0.017012127,-0.560140959
0.867463124,1.979405423,-0.409550441,-0.011787728,0.347820077,-0.005237056,-0.449016861,-0.018493736,19.46239592,-0.01903282,-0.043967703,-0.019791278,0.066778885,-0.018216213,-0.20274643
0.868729952,-0.765835733,1.978913105,-0.013983998,1.835354494,0.000527729,0.035681198,-0.028589992,5.238681049,-0.021041964,-0.050771666,-0.0265601,0.264037255,-0.015103524,0.504083023
0.924470413,0.39100412,-0.765892674,-0.012261427,0.706712212,-0.00442945,1.671701022,-0.020115148,-2.617192276,-0.018000307,-0.11090674,-0.025616068,0.22372817,-0.009791617,0.423596253
1.022434143,1.287686748,0.390763711,-0.00560931,-0.123126534,-0.018493736,19.46239592,0.007532984,0.034669175,-0.013475498,-0.191526424,-0.021786966,-0.086122574,-0.00454552,-0.050996912
1.015159673,-0.638253299,1.287304132,-0.000624101,-0.035662511,-0.028589992,5.238681049,0.028262952,0.293688134,-0.010028372,-0.217937702,-0.018264418,-0.176658681,-0.001254936,-0.06224319
1.108095269,1.180905798,-0.638330474,0.005063043,0.328035348,-0.020115148,-2.617192276,0.031164757,-0.802616842,-0.006930191,-0.201750005,-0.016189646,-0.234244112,0.002856964,0.207990997
1.164932778,0.414301782,1.180540117,0.018906367,0.53154579,0.007532984,0.034669175,0.030349473,0.270230382,-0.003684553,-0.193659128,-0.017012127,-0.560140959,0.010262594,0.615796365
1.126562235,0.022124474,0.414057678,0.02576066,-0.106802567,0.028262952,0.293688134,0.023310719,-0.415729165,-0.000994078,-0.081148503,-0.018216213,-0.20274643,0.016895638,0.28213744
1.092775784,-0.075226471,0.021942567,0.019668228,-0.5297797,0.031164757,-0.802616842,0.008675155,-0.764354641,0.001770658,0.039924876,-0.015103524,0.504083023,0.019090889,-0.375182694
1.088217813,-0.695942747,-0.075392938,0.010657965,-0.355470847,0.030349473,0.270230382,-0.00820406,-0.106430772,0.002649844,0.049425228,-0.009791617,0.423596253,0.015222769,-0.475152519
1.013070059,0.803150852,-0.696010773,0.002866313,-0.096682481,0.023310719,-0.415729165,-0.016788569,0.298603764,0.00075098,0.020986397,-0.00454552,-0.050996912,0.005999277,-0.240979766
1.008237826,-0.690118332,0.80284508,-0.00455326,0.207240818,0.008675155,-0.764354641,-0.01750273,0.661997044,-0.000937462,0.000741544,-0.001254936,-0.06224319,-0.000627403,0.042742471
0.931026578,0.846972645,-0.690187282,-0.014863212,0.439417294,-0.00820406,-0.106430772,-0.021510887,0.060912709,-0.002177579,0.036613007,0.002856964,0.207990997,-0.007043658,0.455340577
0.943185521,-0.534523233,0.846659923,-0.018584234,0.134247342,-0.016788569,0.298603764,-0.020413075,-0.074421931,-0.002723291,0.057817318,0.010262594,0.615796365,-0.015273235,0.334112424
0.922433039,-0.352024882,-0.534616859,-0.015823726,-0.132227689,-0.01750273,0.661997044,-0.014102936,-0.794020545,3.05376E-06,-0.038652945,0.016895638,0.28213744,-0.01631388,-0.156599977
0.956363151,-0.072175586,-0.352147451,-0.01366183,-0.409702753,-0.021510887,0.060912709,-0.005556562,-0.530235593,0.002783276,-0.147957579,0.019090889,-0.375182694,-0.013134088,-0.206510051
0.963546201,-0.640194771,-0.072342538,-0.00826836,-0.487588937,-0.020413075,-0.074421931,0.004226366,0.277767726,0.002475709,-0.119341873,0.015222769,-0.475152519,-0.010156413,-0.469507754
0.93567597,-0.200867433,-0.640271638,-0.005608981,-0.367141027,-0.014102936,-0.794020545,0.003132731,-0.252732529,-0.000930645,0.006539797,0.005999277,-0.240979766,-0.007923457,-0.429608263
0.947978574,-0.531472349,-0.201013974,-0.002570454,-0.405993827,-0.005556562,-0.530235593,0.000451858,-0.467213546,-0.002999392,0.070729644,-0.000627403,0.042742471,-0.005426729,-0.358369667
1.089458522,2.211827335,-0.531566459,0.007562057,1.474422048,0.004226366,0.277767726,0.010910167,3.23270917,-0.001670824,0.009290338,-0.007043658,0.455340577,0.003889394,0.76955519
1.041057831,0.235131668,2.211298157,0.012313855,3.015103007,0.003132731,-0.252732529,0.021444806,4.004057756,-0.002779316,-0.159294124,-0.015273235,0.334112424,0.010185461,1.64292362
1.126013711,1.011443043,0.23491598,0.013390016,1.308159945,0.000451858,-0.467213546,0.026297899,-3.067330594,-0.002429736,-0.138785046,-0.01631388,-0.156599977,0.012008416,1.404858962
1.104425384,-0.334274282,1.011104238,0.014326368,0.32871807,0.010910167,3.23270917,0.017701596,-0.32471687,0.00021686,0.013251719,-0.013134088,-0.206510051,0.013919887,0.326219572
1.022277422,0.951812123,-0.334399666,0.010437753,-0.235374289,0.021444806,4.004057756,-0.000346419,0.168548999,-0.001063147,-0.036537353,-0.010156413,-0.469507754,0.008154386,-0.026617544
1.032007189,-0.586110913,0.951482774,0.00776874,-0.483362997,0.026297899,-3.067330594,-0.010082413,0.017057417,-0.000920449,-0.046632435,-0.007923457,-0.429608263,0.006065808,-0.257559827
1.102688392,0.708296086,-0.586196357,0.00439993,-0.25503667,0.017701596,-0.32471687,-0.008547407,-0.245670123,0.002219927,0.076812003,-0.005426729,-0.358369667,0.009763794,-0.419813329
1.071971062,-0.140404453,0.708005357,0.001989221,-0.014319275,-0.000346419,0.168548999,0.004288472,-0.172514141,0.004614568,0.048630698,0.003889394,0.76955519,0.005324856,-0.262465505
1.12720218,0.380187348,-0.140560584,0.001441142,-0.051406112,-0.010082413,0.017057417,0.013066353,-0.361231634,0.006368013,0.002604958,0.010185461,1.64292362,0.00265428,0.027503148
1.081439627,0.179106338,0.379948655,-0.000977965,-0.038779922,-0.008547407,-0.245670123,0.006669667,-0.134550221,0.006709544,-0.055443719,0.012008416,1.404858962,0.001597554,-0.047963723
1.02491556,0.407645307,0.178899535,-0.000911659,-0.063273256,0.004288472,-0.172514141,-0.006133293,0.664875065,0.004438823,-0.144019998,0.013919887,0.326219572,-0.004771777,-0.045562238
1.062162935,-0.001727895,0.407402259,0.001469226,-0.125068263,0.013066353,-0.361231634,-0.009980093,-0.028982383,0.00324918,-0.122572976,0.008154386,-0.026617544,-0.001518763,-0.051829222
1.069803087,-0.630487412,-0.001906018,-0.000122415,-0.165813213,0.006669667,-0.134550221,-0.006839588,-0.921630341,0.004509785,-0.229618654,0.006065808,-0.257559827,0.002982552,-0.229866964
0.927617895,2.226804404,-0.630565818,-0.007947854,0.828344827,-0.006133293,0.664875065,-0.009758044,1.000090586,0.002201483,-0.109638066,0.009763794,-0.419813329,-0.005286753,0.636696432
0.949245403,-0.333442223,2.22627285,-0.014433734,0.932731541,-0.009980093,-0.028982383,-0.018940883,1.830510334,-0.003101329,0.192382906,0.005324856,-0.262465505,-0.011451208,1.106823227
0.934291601,-0.475169666,-0.333567739,-0.014580366,-0.080353844,-0.006839588,-0.921630341,-0.022407532,-2.868981333,-0.004757843,0.31920021,0.00265428,0.027503148,-0.012119601,0.167599501
0.899473402,-0.053315574,-0.475272705,-0.012304841,0.111210791,-0.009758044,1.000090586,-0.014891956,-0.638640776,-0.006423381,0.268417622,0.001597554,-0.047963723,-0.0144917,-0.04685695
0.959824075,0.48890977,-0.053485517,-0.010365401,-0.093911382,-0.018940883,1.830510334,-0.001615005,0.250858939,-0.007171907,0.081178293,-0.004771777,-0.045562238,-0.009596094,-0.01293004
0.980354535,-0.356739885,0.488653835,-0.00878631,-0.693565712,-0.022407532,-2.868981333,0.005273339,1.490272883,-0.003611828,-0.007543401,-0.001518763,-0.051829222,-0.005748889,-0.219253072
1.020814692,0.066500972,-0.356861706,0.00017271,-0.243905064,-0.014891956,-0.638640776,0.015626295,0.028940936,-0.001033051,0.007943418,0.002982552,-0.229866964,-0.005155411,-0.399222698
0.951295837,0.683611659,0.066312028,0.004409553,0.223224265,-0.001615005,0.250858939,0.010520111,-0.235281472,-0.003171064,-0.040511909,-0.005286753,0.636696432,-0.001000188,-0.253074524
0.908458744,0.11697924,0.683324845,-0.001105606,0.143279043,0.005273339,1.490272883,-0.007467673,0.610578353,-0.00614694,-0.018358166,-0.011451208,1.106823227,-0.000678275,0.04835728
0.815418668,1.183124623,0.11678229,-0.005086459,0.722308584,0.015626295,0.028940936,-0.02546072,1.113392735,-0.009279798,0.0656459,-0.012119601,0.167599501,-0.006342018,0.732791235
0.780287027,-0.0466591,1.18275859,-0.012199936,1.196907714,0.010520111,-0.235281472,-0.034588285,0.272855206,-0.012002599,0.16708469,-0.0144917,-0.04685695,-0.009447335,1.231097863
0.827695152,0.214052831,-0.046830098,-0.0153936,0.468028307,-0.007467673,0.610578353,-0.023289528,-0.79116725,-0.009790557,0.155892074,-0.009596094,-0.01293004,-0.009989566,0.599658893
0.845313212,-0.41858963,0.213840486,-0.015266058,-0.438498507,-0.02546072,1.113392735,-0.004796639,-0.469273685,-0.008184555,-0.034131148,-0.005748889,-0.219253072,-0.010670204,-0.045043485
0.81143534,-0.073284999,-0.418701642,-0.014794215,-0.515894698,-0.034588285,0.272855206,0.005850303,-0.11568213,-0.009449448,-0.158581414,-0.005155411,-0.399222698,-0.013821209,-0.356436228
0.801679454,-0.585556207,-0.073451774,-0.011653789,-0.447358088,-0.023289528,-0.79116725,0.000495743,-0.43608606,-0.007671811,-0.044161191,-0.001000188,-0.253074524,-0.01448288,-0.482392708
0.686332745,1.656843747,-0.585641739,-0.011237878,0.204758723,-0.004796639,-0.469273685,-0.017816758,1.565198622,-0.00779629,0.241258637,-0.000678275,0.04835728,-0.015079266,-0.093261481
0.706562823,-0.363119006,1.656402586,-0.00972778,1.022924599,0.005850303,-0.11568213,-0.025335362,2.283509498,-0.009888364,0.321947129,-0.006342018,0.732791235,-0.013540871,0.325854478
0.608781935,1.283803805,-0.363239816,-0.014108602,1.546907723,0.000495743,-0.43608606,-0.028663706,-0.784595552,-0.010474803,0.348254268,-0.009447335,1.231097863,-0.011540548,0.887154603
0.646486413,0.007979465,1.283421804,-0.02026616,0.271883604,-0.017816758,1.565198622,-0.022752401,-0.176431793,-0.01226973,0.24938783,-0.009989566,0.599658893,-0.0146528,0.570077347
0.684347611,0.011307702,0.007799801,-0.015868111,-0.382752846,-0.025335362,2.283509498,-0.00612981,-0.224573294,-0.012435228,-0.012100189,-0.010670204,-0.045043485,-0.014279532,-0.219284481
0.707672931,-0.297386318,0.011127511,-0.010880596,-0.477076216,-0.028663706,-0.784595552,0.007720347,-0.357174406,-0.012505416,-0.199894317,-0.013821209,-0.356436228,-0.011127201,-0.344619727
0.67393872,-0.076335883,-0.297517552,-0.005287976,-0.330935351,-0.022752401,-0.176431793,0.012772525,-0.415867054,-0.012201032,-0.244696825,-0.01448288,-0.482392708,-0.009805359,-0.443357768
0.736614089,0.538278625,-0.076502175,0.000883121,0.098161262,-0.00612981,-0.224573294,0.008077215,0.01292984,-0.009338634,-0.208472317,-0.015079266,-0.093261481,-0.003303328,-0.229332486
0.783160247,0.195747525,0.53801486,0.010272777,0.277526662,0.007720347,-0.357174406,0.012815776,1.215510142,-0.004270984,-0.148305707,-0.013540871,0.325854478,0.005434913,0.372957761
0.80256754,-0.380592253,0.195538083,0.016616244,0.199269211,0.012772525,-0.415867054,0.020419922,0.146248382,-0.000210013,-0.009251565,-0.011540548,0.887154603,0.011645711,0.428320015
0.804552673,-0.750581311,-0.380710291,0.013871331,0.114557103,0.008077215,0.01292984,0.019562454,-1.370472602,-1.82083E-05,-0.008718562,-0.0146528,0.570077347,0.015121919,-0.051394972
0.890527241,1.033076586,-0.750640672,0.015083461,0.41148111,0.012815776,1.215510142,0.01731638,0.297866848,0.000466561,0.056008248,-0.014279532,-0.219284481,0.015603225,0.248162015
0.855904945,-0.057475871,1.03273435,0.01801739,0.005967676,0.020419922,0.146248382,0.01567494,0.927526903,0.001894893,0.134349218,-0.011127201,-0.344619727,0.015056964,0.287491511
0.777361567,0.875262663,-0.057645154,0.010934249,-0.519655219,0.019562454,-1.370472602,0.002533494,0.657014701,0.000425987,0.039491466,-0.009805359,-0.443357768,0.010620087,-0.374648409
0.872974481,1.237763187,0.874945454,0.006352965,-0.124112627,0.01731638,0.297866848,-0.004290899,0.154044506,0.003428083,0.056992021,-0.003303328,-0.229332486,0.010031806,-0.367040707
0.86257865,-0.571965904,1.237388489,0.007226325,-0.020329821,0.01567494,0.927526903,-0.001037983,-0.127761974,0.007229724,0.109288821,0.005434913,0.372957761,0.008971892,-0.118971345
0.963572321,1.352032671,-0.572053592,0.010543495,0.330024871,0.002533494,0.657014701,0.018451194,0.078597176,0.010783021,0.074044594,0.011645711,0.428320015,0.009953781,0.284801163
0.924927516,0.027948889,1.351639851,0.009270585,0.447979162,-0.004290899,0.154044506,0.022820902,-0.029433353,0.013314934,-0.009133001,0.015121919,-0.051394972,0.011584025,0.346619754
1.053060053,1.928372449,0.027766059,0.01106658,0.794012158,-0.001037983,-0.127761974,0.023215271,0.193951425,0.013563178,0.111048702,0.015603225,0.248162015,0.011608975,0.666461439
1.097712498,0.155531323,1.927888225,0.024546289,0.532300567,0.018451194,0.078597176,0.030540842,0.697232537,0.01578471,0.298087695,0.015056964,0.287491511,0.016483007,0.888041239
1.064918614,-0.096305308,0.155328259,0.024259539,-0.042408773,0.022820902,-0.029433353,0.025665198,-0.835903135,0.016154377,0.134108294,0.010620087,-0.374648409,0.021474266,0.118954243
1.037178984,-0.203640964,-0.096468432,0.017197019,-0.318038816,0.023215271,0.193951425,0.011416057,-0.903580531,0.01419545,-0.05386676,0.010031806,-0.367040707,0.018206173,-0.29944688
0.985069228,0.313899953,-0.203787066,0.009063986,-0.3092463,0.030540842,0.697232537,-0.011678009,0.194112235,0.010232436,-0.072541474,0.008971892,-0.118971345,0.011442422,-0.302860461
1.001015597,-0.454090829,0.313671773,0.004470897,-0.261979358,0.025665198,-0.835903135,-0.015839909,-0.155704051,0.008088516,-0.088165739,0.009953781,0.284801163,0.006310767,-0.289965147
1.0044504,-0.719795115,-0.454197211,0.001248945,-0.289788988,0.011416057,-0.903580531,-0.008682255,-0.996570773,0.007999308,-0.106943138,0.011584025,0.346619754,0.004585611,-0.250890073
0.976749951,-0.204473023,-0.719859359,-0.007699844,-0.132162359,-0.011678009,0.194112235,-0.003725819,-0.286168494,0.005722473,-0.083466334,0.011608975,0.666461439,0.000125354,-0.212234631
0.939110773,0.006592699,-0.204618993,-0.011166637,-0.253437917,-0.015839909,-0.155704051,-0.006411265,0.840949148,0.003375212,-0.065747744,0.016483007,0.888041239,-0.009152236,0.012024451
0.930935158,-0.619115934,0.006413256,-0.010523747,-0.052096596,-0.008682255,-0.996570773,-0.012400529,0.90275867,0.004698211,-0.241493864,0.021474266,0.118954243,-0.011364,-0.178839613
0.936472635,-0.675141264,-0.619196144,-0.007060883,0.026407791,-0.003725819,-0.286168494,-0.010428024,-1.895646023,0.004299812,-0.254801842,0.018206173,-0.29944688,-0.009142442,-0.210546345
0.890971284,0.173559276,-0.675212589,-0.007275931,0.251771886,-0.006411265,0.840949148,-0.008148802,0.01192601,0.001817201,-0.107306669,0.011442422,-0.302860461,-0.007635862,0.098608691
0.864772745,-0.236368632,0.173353353,-0.01150937,0.190917594,-0.012400529,0.90275867,-0.010606325,1.313985163,-0.001388128,0.06122498,0.006310767,-0.289965147,-0.009076476,0.422233412
0.807295292,0.427892084,-0.236509543,-0.014279501,0.379260874,-0.010428024,-1.895646023,-0.018194005,4.307784826,-0.004261787,0.330120922,0.004585611,-0.250890073,-0.013189738,0.484184362
0.755485918,0.307520831,0.427645826,-0.016392846,0.808145776,-0.008148802,0.01192601,-0.024761791,0.740637986,-0.008171314,0.455374678,0.000125354,-0.212234631,-0.01661516,0.569756282
0.690459733,0.588202186,0.307293663,-0.019818737,0.989483173,-0.010606325,1.313985163,-0.029165212,0.433869634,-0.013898106,0.392714772,-0.009152236,0.012024451,-0.018761533,0.755070849
0.692209785,-0.755573668,0.587930504,-0.022833238,0.270389101,-0.018194005,4.307784826,-0.027580121,-0.411667264,-0.015415404,0.242503337,-0.011364,-0.178839613,-0.019613068,0.459627297
0.749843959,0.431220322,-0.755632237,-0.018311909,-0.332691631,-0.024761791,0.740637986,-0.011656014,-0.452744749,-0.01312249,0.055706923,-0.009142442,-0.210546345,-0.017270938,-0.190087572
0.72651864,-0.297386318,0.430973535,-0.013428312,-0.453007592,-0.029165212,0.433869634,0.00298697,-0.137627643,-0.010941472,-0.004745613,-0.007635862,0.098608691,-0.014400583,-0.369531878
0.791845206,0.594581308,-0.297517552,-0.007475471,-0.328862397,-0.027580121,-0.411667264,0.013477613,-0.018527531,-0.009445338,-0.048912653,-0.009076476,0.422233412,-0.009833098,-0.347418326
0.70455157,1.061089251,0.594308614,-0.00325095,-0.06957211,-0.011656014,-0.452744749,0.005400558,0.485774731,-0.010340341,-0.111096171,-0.013189738,0.484184362,-0.007333598,-0.318990908
0.679358657,-0.257724822,1.060742572,-0.003058681,0.0505403,0.00298697,-0.137627643,-0.00915502,0.894276402,-0.012196358,-0.088464098,-0.01661516,0.569756282,-0.007518793,-0.083369097
0.644984502,-0.06274558,-0.257862346,-0.002877996,0.319690455,0.013477613,-0.018527531,-0.019025031,-0.468351625,-0.012130295,-0.05446575,-0.018761533,0.755070849,-0.005127245,0.235199688
0.510256621,2.068435774,-0.062914027,-0.014187847,1.357139065,0.005400558,0.485774731,-0.033601836,0.668303442,-0.014749265,0.111656262,-0.019613068,0.459627297,-0.009631009,1.356546728
0.488890315,-0.338989285,2.067929336,-0.023619543,1.560739641,-0.00915502,0.894276402,-0.038073785,0.927117823,-0.018026289,0.18436635,-0.017270938,-0.190087572,-0.018816627,1.590495107
0.553629178,0.582100418,-0.339113922,-0.023606849,-0.071867063,-0.019025031,-0.468351625,-0.028298769,-1.885853514,-0.016396233,0.006967311,-0.014400583,-0.369531878,-0.01846724,0.4161177
0.601611946,0.226256368,0.581829703,-0.017128473,-0.437003457,-0.033601836,0.668303442,0,-0.313977067,-0.012655071,-0.135314632,-0.009833098,-0.347418326,-0.015577561,-0.313816703
0.646969636,0.170508391,0.226042087,-0.006876515,-0.20329184,-0.038073785,0.927117823,0.026053056,0.161756519,-0.009009587,-0.157301049,-0.007333598,-0.318990908,-0.010751354,-0.33847464
0.588473496,0.449525627,0.170302952,-0.004572667,-0.177132957,-0.028298769,-1.885853514,0.020344697,-0.784453422,-0.007014392,-0.095309243,-0.007518793,-0.083369097,-0.006489859,-0.193151726
0.653316839,0.584319243,0.449275938,0.004475447,-0.080476337,0,-0.313977067,0.009039929,-0.19322199,-0.004399569,-0.033898362,-0.005127245,0.235199688,-0.003638844,-0.117790055
0.59341021,0.479479764,0.584048176,0.012823808,-0.316714582,0.026053056,0.161756519,-0.000190557,0.115805983,-0.002939732,-0.009930963,-0.009631009,1.356546728,0.004042868,-0.078259711
0.49543342,1.287964101,0.479225324,0.002406477,-0.081103234,0.020344697,-0.784453422,-0.015009634,1.432223943,-0.007665792,0.014553436,-0.018816627,1.590495107,0.003979784,-0.149654009
0.533425219,0.014081233,1.287581441,-0.006516968,0.394653406,0.009039929,-0.19322199,-0.021686273,0.372106125,-0.009720107,-0.016207258,-0.01846724,0.4161177,-0.000605899,0.012893864
0.506808757,-0.227493332,0.013900602,-0.010685942,0.100612045,-0.000190557,0.115805983,-0.021145871,-1.667859941,-0.010407658,-0.197608829,-0.015577561,-0.313816703,-0.005082162,0.172307222
0.58319722,0.829499398,-0.227635651,-0.007481659,-0.034932294,-0.015009634,1.432223943,0.000120175,-0.133286589,-0.008895344,-0.257956065,-0.010751354,-0.33847464,-0.007005426,-0.021557307
0.516107541,0.632023979,0.829189448,-0.007355623,-0.314853408,-0.021686273,0.372106125,0.007374827,0.449004106,-0.00625607,-0.16034138,-0.006489859,-0.193151726,-0.006019584,-0.114451805
0.526594793,-0.570024432,0.631745346,-0.010609262,-0.48521563,-0.021145871,-1.667859941,0.00026077,-0.137698194,-0.006229937,-0.129466245,-0.003638844,-0.117790055,-0.008840064,-0.284327763
0.466152699,0.490851242,-0.570112428,-0.004998359,-0.046961724,0.000120175,-0.133286589,-0.010180507,-0.241944969,-0.003604058,0.001198918,0.004042868,-0.078259711,-0.011309427,-0.378963279
0.561177909,1.225282297,0.490594999,-8.00505E-05,0.259397013,0.007374827,0.449004106,-0.007547557,0.288052126,0.000627377,0.016607437,0.003979784,-0.149654009,-0.002747961,0.003181513
0.648001383,1.051104539,1.224909578,0.008881803,0.793372155,0.00026077,-0.137698194,0.017421431,1.625329201,0.003719698,0.032170655,-0.000605899,0.012893864,0.008101297,0.614502833
0.67685112,-0.180065949,1.050759443,0.0123654,1.046495402,-0.010180507,-0.241944969,0.035184988,0.37507086,0.003789305,0.192308073,-0.005082162,0.172307222,0.012860634,1.011046036
0.722783454,0.182711929,-0.18021579,0.015790225,0.859102402,-0.007547557,0.288052126,0.039256432,-1.106972784,0.003369248,0.27974217,-0.007005426,-0.021557307,0.013949288,0.940975296
0.697917044,-0.26465865,0.182504554,0.019727295,0.255498993,0.017421431,1.625329201,0.022021293,-0.409178335,0.0041235,0.261105387,-0.006019584,-0.114451805,0.01440506,0.376036066
0.702461955,-0.6962201,-0.264795075,0.021170352,-0.489738155,0.035184988,0.37507086,0.007694222,-0.40647804,0.003524,0.161331141,-0.008840064,-0.284327763,0.015909928,-0.026196236
0.658083772,0.149706908,-0.696288083,0.017121755,-0.70142123,0.039256432,-1.106972784,-0.003917657,0.037740582,0.002524912,0.080695011,-0.011309427,-0.378963279,0.016259196,-0.458020981
0.728791095,0.708850792,0.149504767,0.009050942,-0.322233803,0.022021293,-0.409178335,-0.003373279,0.978344876,0.006595404,0.05179351,-0.002747961,0.003181513,0.015767586,-0.641319366
0.760840554,-0.112114435,0.708559976,0.008293221,0.104673486,0.007694222,-0.40647804,0.008878092,2.126762135,0.010185787,0.09037081,0.008101297,0.614502833,0.01220493,-0.205244698
0.708783039,0.312790541,-0.112275052,0.003505403,0.254423321,-0.003917657,0.037740582,0.010920416,-0.388098024,0.009478479,0.01677878,0.012860634,1.011046036,0.006248066,0.011896239
0.656163939,0.324716725,0.312562536,-0.002781164,0.224695363,-0.003373279,0.978344876,-0.002188563,-0.006654825,0.006038029,-0.06027862,0.013949288,0.940975296,-0.001486304,0.093936085
0.626426115,-0.161205937,0.324486829,-0.005851174,0.491144072,0.008878092,2.126762135,-0.020544554,0.29376346,0.004005159,-0.092848609,0.01440506,0.376036066,-0.005889321,0.448379662
0.585495796,0.076485685,-0.161358769,-0.007388037,0.755987491,0.010920416,-0.388098024,-0.025443508,-0.641933524,0.003681545,-0.142070765,0.015909928,-0.026196236,-0.00802528,0.759418642
0.666690371,0.931565346,0.076295157,-0.006709252,0.256620619,-0.002188563,-0.006654825,-0.011213555,-0.021152934,0.005635408,-0.310607884,0.016259196,-0.458020981,-0.004627525,0.3737113
0.60226495,0.575443943,0.931239208,-0.01103435,-0.412896397,-0.020544554,0.29376346,-0.001374283,0.177039656,0.005235915,-0.338028468,0.015767586,-0.641319366,-0.005051209,0.005199853
0.668166161,0.606784845,0.575174284,-0.009996389,-0.399061171,-0.025443508,-0.641933524,0.00597151,-0.083661925,0.001325611,-0.077503898,0.01220493,-0.205244698,-0.00943697,-0.297206325
0.677660846,-0.591103269,0.606510215,-0.000962527,-0.108443119,-0.011213555,-0.021152934,0.009546825,-0.04435228,0.000451968,-0.009664258,0.006248066,0.011896239,-0.005327687,-0.417606317
0.658841257,-0.393073143,-0.591187922,0.002735851,0.087459557,-0.001374283,0.177039656,0.006903502,-0.658332827,-0.001359205,-0.035269101,-0.001486304,0.093936085,-0.001230851,-0.105379801
0.687482033,-0.184503599,-0.393189202,0.006834495,-0.245836362,0.00597151,-0.083661925,0.007691442,-0.704510254,-0.001600603,-0.04321724,-0.005889321,0.448379662,0.002768933,0.079457374
0.755446738,0.650606638,-0.184652736,0.009688933,0.270107991,0.009546825,-0.04435228,0.00983004,0.979167206,0.000915658,0.087434277,-0.00802528,0.759418642,0.010049834,0.252500292
0.820277021,0.584041889,0.650325058,0.015556948,0.85641031,0.006903502,-0.658332827,0.024079549,5.510097069,0.004636946,0.366368162,-0.004627525,0.3737113,0.014073697,0.877266271
0.740140313,0.909099743,0.583770867,0.014630215,0.364135386,0.007691442,-0.704510254,0.021508438,-0.486208685,0.003740568,0.283810884,-0.005051209,0.005199853,0.012644845,0.34771808
0.702161573,0.01380388,0.908777168,0.004845596,-0.121403091,0.00983004,0.979167206,-6.24901E-05,-0.123039148,-0.001018991,-0.052019283,-0.00943697,-0.297206325,0.0074019,-0.339828998
0.607436746,1.218903175,0.013623293,-0.001336647,0.179142196,0.024079549,5.510097069,-0.026108192,0.388556631,-0.003433292,-0.011757915,-0.005327687,-0.417606317,-0.001549996,0.146028433
0.503687396,1.410554179,1.218531468,-0.011643642,0.942601406,0.021508438,-0.486208685,-0.043851297,0.916089568,-0.005444363,0.266288049,-0.001230851,-0.105379801,-0.009585949,0.826313179
0.420377086,0.976496551,1.410152077,-0.025655497,1.377933636,-6.24901E-05,-0.123039148,-0.050844721,0.42076839,-0.007699872,0.61773436,0.002768933,0.079457374,-0.017933907,1.36592633
0.600854461,3.040003744,0.976163287,-0.027487002,0.073098716,-0.026108192,0.388556631,-0.028895304,-0.130867024,-0.004104294,0.353371701,0.010049834,0.252500292,-0.017963632,0.488656023
0.650130177,0.253714327,3.039343222,-0.015480076,-0.425197191,-0.043851297,0.916089568,0.014354593,0.274433619,-2.59461E-05,-0.009668375,0.014073697,0.877266271,-0.013925408,-0.328505892
0.631206108,-0.390854318,0.253495691,-0.008189956,-0.20526477,-0.050844721,0.42076839,0.037760695,-0.698597361,0.000268552,-0.008293688,0.012644845,0.34771808,-0.01210617,-0.295590613
0.730750109,1.321246475,-0.390970729,0.002694056,0.071624675,-0.028895304,-0.130867024,0.03603687,-0.753886861,0.001984584,0.013802023,0.0074019,-0.339828998,-0.00350882,-0.070071535
0.750745105,-0.368111363,1.320858537,0.019145976,0.289373442,0.014354593,0.274433619,0.024008183,0.323840037,0.002942818,0.050512146,-0.001549996,0.146028433,0.007563203,0.205432441
0.743222494,-0.63298359,-0.36823138,0.029569051,-0.519694292,0.037760695,-0.698597361,0.021670178,-1.720329071,0.003413486,0.051578107,-0.009585949,0.826313179,0.016925656,0.153125774
0.717546358,-0.247462757,-0.633061601,0.022660126,-0.609855396,0.03603687,-0.753886861,0.009938851,-0.881951013,0.002477553,0.028587893,-0.017933907,1.36592633,0.023697953,-0.568682804
0.67972434,0.010475643,-0.247601908,0.007446854,-0.162859565,0.024008183,0.323840037,-0.008386663,0.341141627,-0.000986859,-0.019081907,-0.017963632,0.488656023,0.016499445,-0.583237822
0.704198947,-0.272979243,0.010295584,0.005137866,-0.374903775,0.021670178,-1.720329071,-0.010836797,0.175750966,-0.00413805,-0.108346741,-0.013925408,-0.328505892,0.005772273,-0.16244973
0.700137259,-0.706482166,-0.273114348,0.002110185,-0.365153761,0.009938851,-0.881951013,-0.005564534,-1.081522595,-0.00336523,-0.101710188,-0.01210617,-0.295590613,0.005272693,-0.360748198
0.613039524,1.056928955,-0.70654852,-0.008368581,0.397079572,-0.008386663,0.341141627,-0.008350549,1.011724428,-0.00278859,-0.025094534,-0.00350882,-0.070071535,-0.002084004,0.094550305
0.571286418,0.093958931,1.056582935,-0.015339327,1.201298171,-0.010836797,0.175750966,-0.019897175,2.743511026,-0.002712186,0.011019873,0.007563203,0.205432441,-0.012666705,0.865399366
0.595956927,-0.268818947,0.093765632,-0.014563034,0.487934653,-0.005564534,-1.081522595,-0.023676063,-2.32594577,0.001216051,-0.061594077,0.016925656,0.153125774,-0.013885674,0.530322292
0.612347339,-0.444660823,-0.268954712,-0.009439914,-0.064703307,-0.008350549,1.011724428,-0.010542762,-0.875222701,0.006171131,-0.37426097,0.023697953,-0.568682804,-0.010783609,-0.159974863
0.516133661,1.250521431,-0.444768701,-0.012871303,0.046370153,-0.019897175,2.743511026,-0.005690082,0.463676402,0.002330322,-0.184216883,0.016499445,-0.583237822,-0.011569594,0.128935917
0.536546581,-0.359236063,1.250144709,-0.017828577,-0.264480874,-0.023676063,-2.32594577,-0.011798156,1.430375657,-0.004300148,0.195270333,0.005772273,-0.16244973,-0.014348745,0.106852308
0.44575284,1.135419887,-0.359357488,-0.016832623,0.010518788,-0.010542762,-0.875222701,-0.023276522,-0.185815546,-0.006457608,0.401818501,0.005272693,-0.360748198,-0.018365429,-0.117178326
0.390325821,0.384347645,1.135061419,-0.017887414,0.749583708,-0.005690082,0.463676402,-0.03028692,0.449263626,-0.011376977,0.472645809,-0.002084004,0.094550305,-0.020910345,0.307922076
0.485795074,1.234712303,0.384108292,-0.015079959,0.386705548,-0.011798156,1.430375657,-0.018401184,0.006063289,-0.013129094,0.17241132,-0.012666705,0.865399366,-0.013608059,0.300205673
0.51887628,-0.090203539,1.234338088,-0.010640258,-0.502584663,-0.023276522,-0.185815546,0.002372823,-0.148405363,-0.010654496,-0.107284146,-0.013885674,0.530322292,-0.007259515,-0.174525769
0.573323792,0.363546161,-0.090367631,-0.001913853,-0.122915058,-0.03028692,0.449263626,0.027532248,-0.050717096,-0.008085575,-0.141155349,-0.010783609,-0.159974863,-0.005236614,-0.223976997
0.528932549,0.149984261,0.363310107,0.002630472,0.12948273,-0.018401184,0.006063289,0.024442198,-0.788030245,-0.006509793,-0.126293844,-0.011569594,0.128935917,-0.001187382,-0.106936874
0.542384441,-0.507065274,0.149782076,0.004746749,-0.041866024,0.002372823,-0.148405363,0.007147009,-0.321110955,-0.006932295,-0.161784599,-0.014348745,0.106852308,0.000846777,0.022308747
0.532158391,-0.575571494,-0.507163255,0.012677141,-0.551341268,0.027532248,-0.050717096,-0.001857099,-0.496618793,-0.007336897,-0.27178269,-0.018365429,-0.117178326,0.004198604,-0.047972068
0.466975485,0.591530424,-0.57565861,0.006542217,-0.443753275,0.024442198,-0.788030245,-0.010796915,0.626251096,-0.007010013,-0.188886174,-0.020910345,0.307922076,0.007417393,-0.438078841
0.507096079,0.059289791,0.591258213,-0.001619072,0.11086283,0.007147009,-0.321110955,-0.010156591,1.135953758,-0.004710277,-0.049552898,-0.013608059,0.300205673,0.0044546,-0.419967829
0.498933524,-0.619393287,0.059101991,-0.004525424,-0.250385261,-0.001857099,-0.496618793,-0.007186616,-2.805425918,-0.003625274,-0.094917912,-0.007259515,-0.174525769,6.15287E-05,-0.022916005
0.481877047,-0.430515814,-0.619473453,-0.00638429,-0.198401398,-0.010796915,0.626251096,-0.001934575,-0.489212673,-0.005132595,-0.20769213,-0.005236614,-0.223976997,-0.005028482,-0.137610322
0.487989169,-0.662937726,-0.430625935,-0.005336477,-0.143575016,-0.010156591,1.135953758,-0.000445661,-0.382062058,-0.003583775,-0.139990653,-0.001187382,-0.106936874,-0.005970777,-0.214577802
0.408962568,0.885524728,-0.663010987,-0.00937828,0.234855056,-0.007186616,-2.805425918,-0.011600354,1.466704569,-0.003526292,0.083133028,0.000846777,0.022308747,-0.007870929,0.320052462
0.351210853,0.4337165,0.885205892,-0.012650526,1.374529381,-0.001934575,-0.489212673,-0.023427479,4.664412239,-0.00504469,0.348056745,0.004198604,-0.047972068,-0.014249603,1.071660617
0.315047466,-0.024748203,0.433469318,-0.016342643,1.892910136,-0.000445661,-0.382062058,-0.032302934,0.393602281,-0.003859246,0.488717538,0.007417393,-0.438078841,-0.015116496,1.443478982
0.306989391,-0.621612112,-0.024922676,-0.020521447,0.517704954,-0.011600354,1.466704569,-0.029532793,-1.026021986,-0.005790968,0.476622421,0.0044546,-0.419967829,-0.016084001,0.694775276
0.354201614,0.209892534,-0.621691926,-0.017187532,-0.163650553,-0.023427479,4.664412239,-0.01078459,-0.322059526,-0.007845353,0.265217127,6.15287E-05,-0.022916005,-0.015886558,-0.052823744
0.34486365,-0.594431506,0.209680849,-0.014714273,-0.568077353,-0.032302934,0.393602281,0.003643114,0.030608115,-0.008994965,0.009958563,-0.005028482,-0.137610322,-0.013071369,-0.271462036
0.395523737,0.283113757,-0.594515631,-0.008596759,-0.449622452,-0.029532793,-1.026021986,0.013293003,0.072394854,-0.00831361,-0.071645298,-0.005970777,-0.214577802,-0.01074627,-0.442109269
0.411927209,-0.44438347,0.282890459,0.002614279,0.088503965,-0.01078459,-0.322059526,0.016422242,0.394271025,-0.006085104,-0.114666893,-0.007870929,0.320052462,-0.004219835,-0.323440437
0.460210359,0.23263549,-0.444491391,0.011475209,0.63468319,0.003643114,0.030608115,0.019367926,0.26664768,-0.004692459,-0.146635389,-0.014249603,1.071660617,0.005313274,0.281035664
0.415362012,0.15969162,0.232420198,0.014142047,0.016407957,0.013293003,0.072394854,0.014979674,-0.297475777,-0.002873473,-0.092092987,-0.015116496,1.443478982,0.009976806,0.349874453
0.339078031,0.827280573,0.159487896,0.005183815,-0.203842156,0.016422242,0.394271025,-0.005836735,0.789915196,-0.005123164,-0.069715146,-0.016084001,0.694775276,0.006310012,-0.278177774
0.308974525,-0.15344005,0.826970975,-0.00281315,0.229014533,0.019367926,0.26664768,-0.024363334,0.82966554,-0.008364273,-0.093296609,-0.015886558,-0.052823744,-0.000622911,0.023194632
0.293772581,-0.469899957,-0.153594113,-0.007545227,0.49084248,0.014979674,-0.297475777,-0.02959871,-1.417420885,-0.008844266,-0.07692361,-0.013071369,-0.271462036,-0.00454495,0.330896083
0.378610921,1.008946865,-0.470003832,-0.007410332,0.197688434,-0.005836735,0.789915196,-0.008973202,-0.156797419,-0.006986654,-0.192067664,-0.01074627,-0.442109269,-0.003204038,0.183191551
0.389085112,-0.570301785,1.008608455,-0.005741379,-0.345409819,-0.024363334,0.82966554,0.013303496,0.532662233,-0.003049292,-0.180919057,-0.004219835,-0.323440437,-0.001877073,-0.046738154
0.49834582,1.527597195,-0.570389737,0.000655558,0.144951548,-0.02959871,-1.417420885,0.032088632,0.91407303,0.003015534,0.180480728,0.005313274,0.281035664,0.000723839,0.140483274
0.372903662,1.871237707,1.527176531,0.006469304,0.384449332,-0.008973202,-0.156797419,0.022316083,0.352950684,0.004870159,0.194407065,0.009976806,0.349874453,-0.000204768,0.134693656
0.374588413,-0.756960433,1.870762544,0.005529078,-0.17638569,0.013303496,0.532662233,-0.002247021,0.107717426,0.00298196,-0.118427938,0.006310012,-0.278177774,-0.000329469,-0.060339789
0.497523034,1.817985909,-0.757018782,0.014908521,-0.146636846,0.032088632,0.91407303,-0.001665883,0.048760032,0.004995921,0.064943615,-0.000622911,0.023194632,0.010605587,0.084894022
0.456644954,0.075376272,1.817519191,0.015566796,-0.077927007,0.022316083,0.352950684,0.009022388,-0.13682944,0.006034166,0.139734671,-0.00454495,0.330896083,0.016667627,-0.119769688
0.50424898,0.218213128,0.07518592,0.010634405,0.003130559,-0.002247021,0.107717426,0.023257006,-0.635292526,0.005207506,0.120689478,-0.003204038,0.183191551,0.013660824,-0.185769925
0.613091764,1.518721895,0.218000123,0.012514822,0.498475481,-0.001665883,0.048760032,0.026728027,0.246124201,0.007293703,0.40465736,-0.001877073,-0.046738154,0.016409007,0.343757017
0.573924556,0.039043014,1.518302638,0.017115629,0.378311075,0.009022388,-0.13682944,0.025149062,0.46906517,0.007391679,0.443461475,0.000723839,0.140483274,0.013953044,0.523332706
0.634875993,0.501668014,0.038858424,0.024849361,-0.316387249,0.023257006,-0.635292526,0.026405661,-1.913984933,0.007802511,0.331557008,-0.000204768,0.134693656,0.015629819,0.137285242
0.629390756,-0.676250676,0.501410055,0.020994511,-0.126464446,0.026728027,0.246124201,0.015459455,-0.266980558,0.011881587,0.224347093,-0.000329469,-0.060339789,0.023682865,-0.235309905
0.592104201,-0.000895835,-0.676321825,0.014159293,-0.268023484,0.025149062,0.46906517,0.003583597,-0.13809437,0.013328837,0.006998598,0.010605587,0.084894022,0.015956359,-0.267298276
0.500422374,1.154279899,-0.001074091,0.006877267,-0.329340821,0.026405661,-1.913984933,-0.011923256,1.057108005,0.011326422,-0.176559167,0.016667627,-0.119769688,0.006244135,-0.174840119
0.534731228,-0.064132346,1.15391844,-0.004264561,0.061426486,0.015459455,-0.266980558,-0.02345509,0.683565779,0.008333313,-0.180956032,0.013660824,-0.185769925,0.003313246,-0.239921575
0.451016056,0.985094497,-0.064300573,-0.010370641,0.503290951,0.003583597,-0.13809437,-0.024089456,-1.043468216,0.004976561,-0.102947059,0.016409007,0.343757017,-0.005846637,0.178272462
0.411274204,0.051246551,0.98475987,-0.0178579,0.602847266,-0.011923256,1.057108005,-0.023854015,0.251599776,-0.00057109,-0.006407289,0.013953044,0.523332706,-0.014399422,0.66425159
0.418901296,-0.630764765,0.051060026,-0.022462221,-0.060647077,-0.02345509,0.683565779,-0.021447439,-0.453198401,-0.00092973,-0.002261315,0.015629819,0.137285242,-0.016766817,0.334760682
0.511327548,1.170089026,-0.630843128,-0.015168147,-0.424098493,-0.024089456,-1.043468216,-0.005896092,-0.174067243,0.004130546,-0.170547819,0.023682865,-0.235309905,-0.014899281,-0.320172109
0.501767563,-0.589716503,1.169725061,-0.004185255,-0.23296559,-0.023854015,0.251599776,0.016168646,0.47186445,0.003193051,-0.111132572,0.015956359,-0.267298276,-0.009363305,-0.41680866
0.423446207,0.87054766,-0.589801376,-0.005857711,-0.108830549,-0.021447439,-0.453198401,0.010317727,-0.354593498,-0.000655084,0.03099574,0.006244135,-0.174840119,-0.007590943,-0.177274592
0.33022329,1.187007567,0.870231199,-0.012418801,0.291850061,-0.005896092,-0.174067243,-0.019043286,0.629360288,-0.004673953,0.239252809,0.003313246,-0.239921575,-0.012839645,0.196048115
0.382450587,0.316396131,1.186640918,-0.008005602,0.49863227,0.016168646,0.47186445,-0.032089538,-0.02935432,-0.009126399,0.210698038,-0.005846637,0.178272462,-0.012507537,0.273725238
0.387596262,-0.683461857,0.316167555,-0.003236608,0.110063439,0.010317727,-0.354593498,-0.016566135,-1.122791378,-0.009410904,0.017349864,-0.014399422,0.66425159,-0.004239959,0.079681313
0.470971872,0.977883316,-0.683531862,-0.003882601,-0.099879781,-0.019043286,0.629360288,0.011420138,0.034524044,-0.007935834,-0.112081435,-0.016766817,0.334760682,0.001317449,0.064984333
0.418496434,0.32166584,0.977549833,-0.006708617,-0.346053497,-0.032089538,-0.02935432,0.019500622,0.222736989,-0.008537085,-0.26352591,-0.014899281,-0.320172109,-0.001897369,-0.123681477
0.39457035,-0.284628074,0.321436429,-0.00609602,-0.23170106,-0.016566135,-1.122791378,0.004763985,-0.334223092,-0.009342748,-0.262059207,-0.009363305,-0.41680866,-0.009321427,-0.373193076
0.387739923,-0.647683305,-0.284761332,0.001560261,-0.215627085,0.011420138,0.034524044,-0.008315117,-0.523249884,-0.007122869,-0.152965316,-0.007590943,-0.177274592,-0.00664326,-0.220953082
0.296854762,1.137361359,-0.647758985,-0.001536638,0.218799214,0.019500622,0.222736989,-0.022251853,0.367058365,-0.008088341,0.006315189,-0.012839645,0.196048115,-0.003225049,0.147841364
0.240409056,0.405981188,1.137002583,-0.012759253,1.09212551,0.004763985,-0.334223092,-0.029932999,1.488819072,-0.010395102,0.282110696,-0.012507537,0.273725238,-0.008230955,0.806809342
0.220348759,-0.366724597,0.405738404,-0.021736167,0.847967263,-0.008315117,-0.523249884,-0.035216324,-0.921476768,-0.009331226,0.496896719,-0.004239959,0.079681313,-0.014537459,1.021918156
0.186732089,-0.078832061,-0.366844835,-0.026481273,0.059323048,-0.022251853,0.367058365,-0.030803599,-0.86544101,-0.009886966,0.468178842,0.001317449,0.064984333,-0.021254514,0.322785491
0.206087141,-0.381701665,-0.078997957,-0.023257949,-0.127155709,-0.029932999,1.488819072,-0.016312251,-0.30667716,-0.012620414,0.183573813,-0.001897369,-0.123681477,-0.023537975,-0.120465152
0.204167308,-0.751968077,-0.381819528,-0.020880472,-0.568952397,-0.035216324,-0.921476768,-0.00581328,-0.414899051,-0.014220744,-0.049826179,-0.009321427,-0.373193076,-0.019243247,-0.243792551
0.181612534,-0.313750152,-0.752027218,-0.016991054,-0.602874708,-0.030803599,-0.86544101,-0.002483369,-0.120285434,-0.012795083,-0.013678722,-0.00664326,-0.220953082,-0.019203912,-0.492700226
0.194032679,-0.528976171,-0.313878791,-0.009289432,-0.334652446,-0.016312251,-0.30667716,-0.00201027,0.037513143,-0.009031925,0.067365439,-0.003225049,0.147841364,-0.015117896,-0.588639599
0.126694858,0.637293688,-0.529070676,-0.008134417,0.193308037,-0.00581328,-0.414899051,-0.010499279,2.08409449,-0.00943162,0.108121356,-0.008230955,0.806809342,-0.01069547,-0.130782681
0.148962311,-0.31985192,0.63701422,-0.00768591,0.832388679,-0.002483369,-0.120285434,-0.012922407,1.690632872,-0.011966407,0.068120649,-0.014537459,1.021918156,-0.009236799,0.236315723
0.081193507,0.646446341,-0.319979592,-0.00953874,1.228535307,-0.00201027,0.037513143,-0.017096719,-0.114414887,-0.015260651,-0.069073402,-0.021254514,0.322785491,-0.008874358,0.80838581
0.02600157,0.379355289,0.646165421,-0.017869836,1.07081822,-0.010499279,2.08409449,-0.025323121,0.761312339,-0.019115805,-0.073323874,-0.023537975,-0.120465152,-0.014408766,1.172587432
-0.019081859,0.164683976,0.379116728,-0.022389275,1.016902039,-0.012922407,1.690632872,-0.031993843,0.457078781,-0.019814738,0.008204865,-0.019243247,-0.243792551,-0.020420403,1.122076387
-0.01485039,-0.702876575,0.16447946,-0.024384536,0.175202768,-0.017096719,-0.114414887,-0.031868435,-1.062191052,-0.020256953,-0.057750313,-0.019203912,-0.492700226,-0.021363723,0.389655411
-0.074508878,0.474210055,-0.702943502,-0.024676611,0.005762176,-0.025323121,0.761312339,-0.024010657,-0.274940688,-0.019396398,-0.00391793,-0.015117896,-0.588639599,-0.023888117,0.039179048
0.00697302,0.937667114,0.473956451,-0.020903784,-0.25103037,-0.031993843,0.457078781,-0.009285954,0.344110522,-0.015315925,0.049214761,-0.01069547,-0.130782681,-0.020177196,-0.125127094
-0.0104622,-0.422472574,0.937340009,-0.014414644,-0.641243494,-0.031868435,-1.062191052,0.003842831,0.386216781,-0.011877669,-0.032487469,-0.009236799,0.236315723,-0.014656259,-0.420344922
0.034542868,0.163019857,-0.42258397,-0.005192165,-0.198068437,-0.024010657,-0.274940688,0.014503547,-0.585397032,-0.009892981,-0.044557627,-0.008874358,0.80838581,-0.010974474,-0.451372827
0.014077708,-0.35812665,0.162815606,0.002628371,0.067936603,-0.009285954,0.344110522,0.01480155,-0.482987125,-0.008944662,-0.09186593,-0.014408766,1.172587432,-0.003139384,-0.178852978
0.021770101,-0.629377999,-0.358248252,0.004423735,0.084769834,0.003842831,0.386216781,0.005009822,-0.287953582,-0.009788386,-0.15016258,-0.020420403,1.122076387,0.001563805,-0.003067687
-0.027179114,0.246780499,-0.629456582,0.00531918,-0.417694937,0.014503547,-0.585397032,-0.003704257,0.16699759,-0.01026799,-0.162487648,-0.021363723,0.389655411,0.001545817,0.066717962
-0.09095153,0.561576287,0.246562963,-0.00319902,0.180594059,0.01480155,-0.482987125,-0.020927271,2.049676151,-0.013026362,-0.160849965,-0.023888117,0.039179048,-0.001560273,0.182133531
-0.037574945,0.340803205,0.561308827,-0.007887626,0.635169761,0.005009822,-0.287953582,-0.020545854,0.763497702,-0.011909131,-0.178069296,-0.020177196,-0.125127094,-0.003300213,0.171463301
-0.026408569,-0.55560207,0.340570759,-0.005538744,-0.22769621,-0.003704257,0.16699759,-0.007378404,-0.836833204,-0.009053535,-0.306710889,-0.014656259,-0.420344922,-0.003275545,0.028781501
-0.097207313,0.710792264,-0.555692353,-0.01089984,-0.05190017,-0.020927271,2.049676151,-0.000700218,0.06809218,-0.009502401,-0.272737541,-0.010974474,-0.451372827,-0.008004349,0.074800965
-0.009835315,1.06275337,0.71050114,-0.009058244,-0.082279079,-0.020545854,0.763497702,0.002763457,0.34810763,-0.005779984,-0.068488506,-0.003139384,-0.178852978,-0.008456514,-0.012455264
-0.050621974,0.0734348,1.062406427,-0.003503208,-0.233476077,-0.007378404,-0.836833204,0.000453531,0.163910682,-0.001826426,-0.032223592,0.001563805,-0.003067687,-0.005236379,-0.292373533
-0.075867127,-0.256615409,0.073244756,-0.000535716,-0.097905156,-0.000700218,0.06809218,-0.000369842,-0.343802867,-0.002521183,0.06034941,0.001545817,0.066717962,-0.006630967,-0.201300789
-0.060795784,-0.472673488,-0.25675311,-0.000522545,-0.088493414,0.002763457,0.34810763,-0.003799167,-0.668376325,-0.001289777,0.024827722,-0.001560273,0.182133531,-0.001016253,-0.08680698
-0.125064483,0.572115705,-0.472776923,-0.007839072,0.210120352,0.000453531,0.163910682,-0.016134588,0.006659826,-0.003228999,0.116569917,-0.003300213,0.171463301,-0.003156541,0.191652293
-0.136204739,-0.556156776,0.571846574,-0.008845235,0.480547815,-0.000369842,-0.343802867,-0.017293587,0.840439251,-0.007046389,0.268749057,-0.003275545,0.028781501,-0.010890857,0.427493604
-0.165250378,-0.175905652,-0.556246971,-0.012511094,0.206172711,-0.003799167,-0.668376325,-0.021283594,-1.012743007,-0.008895151,0.209232393,-0.008004349,0.074800965,-0.009801028,0.50473389
-0.189960067,-0.267986887,-0.176056153,-0.019089548,0.062804105,-0.016134588,0.006659826,-0.022084609,-0.410514422,-0.011074496,0.167539891,-0.008456514,-0.012455264,-0.013743224,0.242072315
-0.211953257,-0.325676336,-0.268122784,-0.017882885,0.155562085,-0.017293587,0.840439251,-0.01848657,0.064304438,-0.012046521,0.148834071,-0.005236379,-0.292373533,-0.019025089,0.029033542
-0.22983252,-0.413042568,-0.325803083,-0.020013123,-0.18007306,-0.021283594,-1.012743007,-0.018702146,-0.334273991,-0.012074813,0.167441703,-0.006630967,-0.201300789,-0.017634409,0.076763689
-0.225823072,-0.707591578,-0.41315546,-0.017859196,-0.336516477,-0.022084609,-0.410514422,-0.013503311,-0.519673454,-0.009392552,0.211060304,-0.001016253,-0.08680698,-0.018022691,-0.256081229
-0.211391673,-0.486263791,-0.707657757,-0.011752647,-0.324051908,-0.01848657,0.064304438,-0.004794559,-0.43967023,-0.008646328,0.102953171,-0.003156541,0.191652293,-0.014331852,-0.419806594
-0.206807582,-0.695388041,-0.48636507,-0.007887223,-0.542264483,-0.018702146,-0.334273991,0.003231816,0.027126131,-0.009978187,-0.048527599,-0.010890857,0.427493604,-0.009027161,-0.349180372
-0.212776043,-0.665988611,-0.695456155,-0.004378854,-0.409604647,-0.013503311,-0.519673454,0.004966974,-0.70081393,-0.00836915,-0.033815521,-0.009801028,0.50473389,-0.006860287,-0.503131089
-0.218640023,-0.668207436,-0.666061387,-0.00201718,-0.221566971,-0.004794559,-0.43967023,0.000798395,-0.413173986,-0.00921769,-0.11887178,-0.013743224,0.242072315,-0.004447924,-0.400195189
-0.244054957,-0.253009819,-0.66827986,-0.001433691,0.305901272,0.003231816,0.027126131,-0.006107059,1.360669654,-0.011489249,-0.221419315,-0.019025089,0.029033542,-0.003562347,-0.006044654
-0.261725258,-0.417480217,-0.253148091,-0.003442304,1.426490286,0.004966974,-0.70081393,-0.011809375,5.03920292,-0.010869699,-0.141708315,-0.017634409,0.076763689,-0.003761121,0.89387368
-0.307618411,0.181879869,-0.417592406,-0.00907811,2.782538844,0.000798395,-0.413173986,-0.018915574,2.735278394,-0.012474382,-0.170483855,-0.018022691,-0.256081229,-0.006693029,2.847793317
-0.29131942,-0.446602295,0.181672627,-0.012430053,1.210771233,-0.006107059,1.360669654,-0.018780458,0.096652771,-0.011976,-0.151437047,-0.014331852,-0.419806594,-0.009538967,1.517815348
-0.329872804,0.026007417,-0.446709865,-0.013899681,0.149554045,-0.011809375,5.03920292,-0.016017096,-0.621294011,-0.010491469,-0.019735096,-0.009027161,-0.349180372,-0.011995768,0.396125784
-0.34841813,-0.398897559,0.025824895,-0.017134187,0.037773895,-0.018915574,2.735278394,-0.01530895,0.178681268,-0.011064066,0.112334929,-0.006860287,-0.503131089,-0.015362435,0.197400417
-0.374329348,-0.2424704,-0.399012694,-0.018155261,-0.027227202,-0.018780458,0.096652771,-0.017513685,0.127938949,-0.010843983,0.244356113,-0.004447924,-0.400195189,-0.017382204,0.045742873
-0.400083844,-0.245798638,-0.242610344,-0.018908876,0.026284467,-0.016017096,-0.621294011,-0.021885079,-0.170248561,-0.011053569,0.336078615,-0.003562347,-0.006044654,-0.01873615,0.026277346
-0.390484678,-0.588884444,-0.245938054,-0.015715414,0.010532421,-0.01530895,0.178681268,-0.016130999,-0.319769216,-0.010406349,0.273550203,-0.003761121,0.89387368,-0.017258204,-0.106479086
-0.431127676,0.070383916,-0.588969449,-0.015966154,-0.107929847,-0.017513685,0.127938949,-0.014375428,-0.205528563,-0.010979151,0.214261774,-0.006693029,2.847793317,-0.01543312,-0.02299558
-0.419660918,-0.549222948,0.070194356,-0.016627415,-0.264122858,-0.021885079,-0.170248561,-0.011219895,0.307325166,-0.01247815,0.126841743,-0.009538967,1.517815348,-0.015556041,-0.10183796
-0.456085507,-0.019201141,-0.549314243,-0.0143861,-0.167696855,-0.016130999,-0.319769216,-0.012590831,-0.201254887,-0.013872132,0.036173713,-0.011995768,0.396125784,-0.015849073,-0.260549597
-0.502527184,0.1935287,-0.019376494,-0.017361378,0.298917399,-0.014375428,-0.205528563,-0.020422586,0.968731033,-0.0164449,0.06059564,-0.015362435,0.197400417,-0.017588671,0.147617177
-0.490067859,-0.528144111,0.19331961,-0.016166601,0.439692018,-0.011219895,0.307325166,-0.021200903,0.258350263,-0.017230138,0.008607449,-0.017382204,0.045742873,-0.017068923,0.191422994
-0.526348787,-0.022252025,-0.528238749,-0.016869228,0.034891788,-0.012590831,-0.201254887,-0.021239339,-1.240294795,-0.017132298,-0.03255012,-0.01873615,0.026277346,-0.015430865,0.149107639
-0.539330516,-0.517049987,-0.022426894,-0.018406292,0.044444951,-0.020422586,0.968731033,-0.016341811,0.036004856,-0.017480138,-0.012684497,-0.017258204,-0.106479086,-0.017715973,0.071526305
-0.630803381,1.149842249,-0.517146384,-0.024247953,0.411858101,-0.021200903,0.258350263,-0.027392512,1.601485075,-0.01891707,0.136882821,-0.01543312,-0.02299558,-0.022611843,0.424780141
-0.671968783,0.081478041,1.149481494,-0.032762131,0.692532034,-0.021239339,-1.240294795,-0.044666084,2.29771397,-0.022360369,0.262110159,-0.015556041,-0.10183796,-0.029566599,0.648007865
-0.624129676,0.223205484,0.081286721,-0.02610922,0.263266897,-0.016341811,0.036004856,-0.036148577,-1.214949791,-0.021632123,0.116757593,-0.015849073,-0.260549597,-0.027767785,0.092408389
-0.694118694,0.693596371,0.222991687,-0.025612186,-0.091230439,-0.027392512,1.601485075,-0.023761086,-0.564176891,-0.020726644,0.065697391,-0.017588671,0.147617177,-0.024074508,0.001460299
-0.78994057,1.242200837,0.693307973,-0.03741471,0.161794151,-0.044666084,2.29771397,-0.029778416,0.844461736,-0.024964786,0.210071409,-0.017068923,0.191422994,-0.033464502,0.249240007
-0.733142241,0.413469722,1.241825435,-0.036955047,-0.071909477,-0.036148577,-1.214949791,-0.037811378,0.479107684,-0.024789425,0.181423563,-0.015430865,0.149107639,-0.034898951,0.043526755
-0.67008813,0.546321865,0.413225751,-0.019148263,-0.378073409,-0.023761086,-0.564176891,-0.014307325,-0.650983221,-0.020520926,-0.044432589,-0.017715973,0.071526305,-0.023561307,-0.419728193
-0.6363931,-0.077167942,0.546056825,-0.000311434,-0.010794058,-0.029778416,0.844461736,0.030502345,0.011130097,-0.016469811,-0.126848742,-0.022611843,0.424780141,-0.009720607,-0.262115949
-0.53414566,1.378658571,-0.077334102,0.010717088,0.472089031,-0.037811378,0.479107684,0.061711574,0.224966542,-0.010985412,-0.146141715,-0.029566599,0.648007865,0.009568379,0.295075714
-0.537606584,-0.719240409,1.378261527,0.021110346,0.70602537,-0.014307325,-0.650983221,0.057781005,0.149247637,-0.006799337,-0.150516615,-0.027767785,0.092408389,0.016388704,0.654094757
-0.431153796,1.467966275,-0.71930474,0.04399702,0.355156458,0.030502345,0.011130097,0.057334613,-0.209873857,-0.000354542,0.007033487,-0.024074508,0.001460299,0.025540858,0.749726544
-0.378639177,0.3224979,1.467555067,0.060437457,0.111637348,0.061711574,0.224966542,0.059242133,0.323973118,0.006412433,0.215510692,-0.033464502,0.249240007,0.048784544,0.396496523
-0.371887111,-0.649347424,0.322268356,0.054580184,-0.046200292,0.057781005,0.149247637,0.051628883,-0.482982306,0.009353798,0.297811314,-0.034898951,0.043526755,0.055548304,-0.062658161
-0.366179852,-0.671535673,-0.649422839,0.046147207,-0.296726786,0.057334613,-0.209873857,0.035894049,-1.235942679,0.01149626,0.267177425,-0.023561307,-0.419728193,0.046939024,-0.182998506
-0.39654456,-0.147892987,-0.67160757,0.032182529,-0.352857314,0.059242133,0.323973118,0.007150482,-0.201331968,0.014240742,0.170909691,-0.009720607,-0.262115949,0.037289338,-0.347104361
-0.344395623,0.314732012,-0.14804793,0.025505709,-0.482635423,0.051628883,-0.482982306,0.001420523,0.615045051,0.019533022,0.104023908,0.009568379,0.295075714,0.028748471,-0.337757195
-0.425982001,0.939885939,0.3145037,0.014983217,-0.462223134,0.035894049,-1.235942679,-0.004742316,4.03703965,0.018168188,0.049694881,0.016388704,0.654094757,0.019765818,-0.408294512
-0.448667376,-0.31097662,0.939558482,-0.004848014,0.147857886,0.007150482,-0.201331968,-0.016470792,1.775122871,0.015207059,-0.045922505,0.025540858,0.749726544,0.006076731,-0.383223451
-0.470425485,-0.330668692,-0.311105699,-0.012420956,0.694161688,0.001420523,0.615045051,-0.026111175,-0.728979769,0.019152591,-0.206811599,0.048784544,0.396496523,-0.006972052,0.224548737
-0.493306761,-0.306816324,-0.330794648,-0.016621983,0.517054698,-0.004742316,4.03703965,-0.028589857,-0.787005153,0.018835687,-0.308650093,0.055548304,-0.062658161,-0.013503889,0.577678606
-0.436286411,0.418184725,-0.306946062,-0.012354895,0.067460467,-0.016470792,1.775122871,-0.008187214,0.118009195,0.015818611,-0.286094518,0.046939024,-0.182998506,-0.012144224,0.073606404
-0.451697317,-0.465462307,0.417940006,-0.010967057,-0.607139791,-0.026111175,-0.728979769,0.004724316,0.322821348,0.013829469,-0.323819472,0.037289338,-0.347104361,-0.007988892,-0.162614115
-0.467917948,-0.448266413,-0.465566885,-0.011237248,-0.578072257,-0.028589857,-0.787005153,0.006768929,-0.576887273,0.008226698,-0.267462965,0.028748471,-0.337757195,-0.011484623,-0.482881646
-0.499327462,-0.125704738,-0.448373719,-0.006993193,-0.005432778,-0.008187214,0.118009195,-0.005766081,-0.184036016,0.003400264,-0.138967578,0.019765818,-0.408294512,-0.012711268,-0.484165523
-0.572868825,0.769036419,-0.1258632,-0.011657404,1.166927482,0.004724316,0.322821348,-0.028129718,1.289960848,-0.003345316,0.140759533,0.006076731,-0.383223451,-0.012800701,0.465741676
-0.521647155,0.295039941,0.768736057,-0.009989864,1.318482479,0.006768929,-0.576887273,-0.026604632,0.852853453,-0.009188809,0.275848467,-0.006972052,0.224548737,-0.011458835,1.004125888
-0.474225971,0.214330184,0.294814752,-0.005082436,-0.17685602,-0.005766081,-0.184036016,-0.004396803,-0.187188644,-0.00790826,-0.046102149,-0.013503889,0.577678606,-0.002109585,0.082911854
-0.597434853,1.823810324,0.214117795,-0.014196123,0.048622526,-0.028129718,1.289960848,8.3799E-05,0.453732142,-0.010802067,0.026702595,-0.012144224,0.073606404,-0.009401333,0.201786515
-0.590460766,-0.644632421,1.823342683,-0.020780498,0.141503243,-0.026604632,0.852853453,-0.014737649,0.527132351,-0.013831473,0.134542124,-0.007988892,-0.162614115,-0.019914183,0.176299519
-0.563047638,-0.210574792,-0.644708584,-0.014470109,-0.132916036,-0.004396803,-0.187188644,-0.024780629,-0.891247649,-0.013466311,-0.116927287,-0.011484623,-0.482881646,-0.015510879,-0.163872395
-0.586242357,-0.300159849,-0.210719794,-0.00605772,-0.055504493,8.3799E-05,0.453732142,-0.012250795,-0.876136491,-0.012461842,-0.160416647,-0.012711268,-0.484165523,-0.012202894,-0.182108457
-0.685290074,1.310707057,-0.300290643,-0.01404449,0.403656215,-0.014737649,0.527132351,-0.013343779,0.675448511,-0.01313665,0.186013947,-0.012800701,0.465741676,-0.013487445,0.338070205
-0.50188724,3.102130842,1.31032079,-0.015255203,0.23140351,-0.024780629,-0.891247649,-0.0054489,4.238064176,-0.008938163,0.195169181,-0.011458835,1.004125888,-0.006310251,0.511333598
-0.440857443,0.503332132,3.101460468,0.010291157,0.325189552,-0.012250795,-0.876136491,0.033366387,4.220272189,0.000703502,0.034399214,-0.002109585,0.082911854,0.003639598,0.255446271
-0.334130393,1.47379069,0.503073909,0.033398018,0.927945932,-0.013343779,0.675448511,0.081462293,-0.106122648,0.005223796,0.240284493,-0.009401333,0.201786515,0.020481508,0.693759828
-0.294897884,0.040429779,1.473378559,0.042517668,1.100751718,-0.0054489,4.238064176,0.090659352,-0.56300354,0.008758883,0.450056735,-0.019914183,0.176299519,0.038530142,0.905908235
-0.30449705,-0.588884444,0.04024497,0.04401922,0.341307738,0.033366387,4.220272189,0.054483207,-0.506671336,0.010811919,0.423136689,-0.015510879,-0.163872395,0.038114711,0.45651268
-0.295629249,-0.604416219,-0.588969449,0.052665547,-0.497208126,0.081462293,-0.106122648,0.026282728,-0.826674249,0.012352802,0.287146961,-0.012202894,-0.182108457,0.037102266,0.054756528
-0.250127898,0.173559276,-0.60449876,0.049276944,-0.575716809,0.090659352,-0.56300354,0.012138496,0.115416068,0.017620627,0.21725309,-0.013487445,0.338070205,0.048074411,-0.424076086
-0.236754367,-0.508729393,0.173353353,0.034279536,-0.344277341,0.054483207,-0.506671336,0.016081402,1.247878378,0.020227675,0.183175373,-0.006310251,0.511333598,0.04560559,-0.526453156
-0.220520676,-0.44798906,-0.50882711,0.02321097,-0.333466784,0.026282728,-0.826674249,0.020305944,-2.684106517,0.01780877,0.161620638,0.003639598,0.255446271,0.031028199,-0.338846125
-0.268947487,0.235686374,-0.44809641,0.010011627,-0.047127426,0.012138496,0.115416068,0.007950739,-0.213104997,0.019046968,0.047468702,0.020481508,0.693759828,0.017754829,-0.381212812
-0.305319836,-0.020310553,0.235470598,0.001776568,-0.065214987,0.016081402,1.247878378,-0.012226029,0.897991966,0.019890028,-0.08089413,0.038530142,0.905908235,0.003350037,-0.104580166
-0.289190625,-0.450207885,-0.02048573,0.000393886,-0.027313453,0.020305944,-2.684106517,-0.019000915,-0.433200335,0.017971461,-0.105019883,0.038114711,0.45651268,0.000294837,-0.013983741
-0.25916548,-0.155104168,-0.450314883,-0.000181956,-0.04927591,0.007950739,-0.213104997,-0.008174624,-0.775684153,0.019117781,-0.143942628,0.037102266,0.054756528,0.003112706,-0.150091923
-0.302041753,0.117811299,-0.155257968,-0.005203866,-0.005563619,-0.012226029,0.897991966,0.001830379,0.088829893,0.022394746,-0.430059414,0.048074411,-0.424076086,-0.000929526,0.012240357
-0.241299278,0.497230364,0.117614217,-0.006023199,-0.194765999,-0.019000915,-0.433200335,0.007241114,0.427675911,0.020124762,-0.51353264,0.04560559,-0.526453156,-0.003393612,0.073563716
-0.23142585,-0.583060029,0.496973109,0.001172478,-0.004333594,-0.008174624,-0.775684153,0.010687933,0.693157063,0.01454299,-0.334260671,0.031028199,-0.338846125,-0.00092664,-0.114574077
-0.253967565,-0.314027505,-0.583145957,0.006252228,0.064098149,0.001830379,0.088829893,0.010708811,-0.905196977,0.008855403,-0.316728292,0.017754829,-0.381212812,0.000245152,-0.059436771
-0.307918794,0.353006743,-0.3141561,0.002298447,-0.000800479,0.007241114,0.427675911,-0.002601953,0.034168667,0.002036878,-0.061474976,0.003350037,-0.104580166,0.000745088,0.039888887
-0.311262176,-0.721736587,0.35277236,-0.004976626,0.278953854,0.010687933,0.693157063,-0.020468434,0.545443182,-0.000596457,0.049871574,0.000294837,-0.013983741,-0.001485649,0.13477019
-0.225770832,1.022814521,-0.721800523,0.001692535,0.231330946,0.010708811,-0.905196977,-0.007168901,0.806712177,0.001897386,0.05658718,0.003112706,-0.150091923,0.000681258,0.25721616
-0.197965902,-0.202254198,1.022473912,0.008384973,0.306982534,-0.002601953,0.034168667,0.019357743,0.684051022,0.003670921,0.176678509,-0.000929526,0.012240357,0.008272257,0.286982681
-0.1362831,0.517199788,-0.20240052,0.009743586,0.800381658,-0.020468434,0.545443182,0.040376803,-0.081536122,0.004592827,0.536117459,-0.003393612,0.073563716,0.012598799,0.696464025
-0.18608122,0.264808451,0.516939366,0.011409972,0.622394421,-0.007168901,0.806712177,0.030298953,-0.543537981,0.00405103,0.461359283,-0.00092664,-0.114574077,0.009041767,0.583127594
-0.166438846,-0.375599897,0.264588057,0.014608684,-0.145009719,0.019357743,0.684051022,0.009898115,-0.350864649,0.004105776,0.184610904,0.000245152,-0.059436771,0.007940485,0.150329228
-0.118469138,0.225979015,-0.375718727,0.023170319,-0.446321061,0.040376803,-0.081536122,0.00669489,0.044873357,0.008649093,0.20918486,0.000745088,0.039888887,0.016448943,-0.008317006
-0.121433778,-0.729779828,0.225764778,0.020499277,-0.38129469,0.030298953,-0.543537981,0.011128933,0.054912793,0.010588494,0.18977008,-0.001485649,0.13477019,0.022463732,-0.414658756
-0.115909361,-0.675418617,-0.729842487,0.012735159,-0.178072596,0.009898115,-0.350864649,0.015478338,-1.276397771,0.009258431,0.141095217,0.000681258,0.25721616,0.017658371,-0.43957412
-0.070812872,0.164961329,-0.675489898,0.009948575,0.176245002,0.00669489,0.044873357,0.013163424,0.025546847,0.011086242,0.119585861,0.008272257,0.286982681,0.013811232,-0.056265975
-0.058549448,-0.532304408,0.16475677,0.012924294,0.292303329,0.011128933,0.054912793,0.014692455,1.020849447,0.01219485,0.146837537,0.012598799,0.696464025,0.011808469,0.288867971
-0.012695475,0.18104781,-0.532398386,0.018732534,0.091714786,0.015478338,-1.276397771,0.02192959,1.036262334,0.011776974,0.227157765,0.009041767,0.583127594,0.014381989,0.389777518
-0.019865464,-0.640472124,0.180840699,0.016733003,0.17329966,0.013163424,0.025546847,0.020226321,-0.199489267,0.013193844,0.17730054,0.007940485,0.150329228,0.018192066,0.008772205
-0.030574737,-0.565309429,-0.640548947,0.012457825,-0.124084113,0.014692455,1.020849447,0.010270032,-0.716294686,0.014822702,-0.053344705,0.016448943,-0.008317006,0.013272583,-0.143118414
-0.038436911,-0.625772409,-0.565398173,0.010957602,-0.541379554,0.02192959,1.036262334,0.000286762,-0.500879842,0.015844532,-0.259523687,0.022463732,-0.414658756,0.009579666,-0.210219423
-0.072562924,-0.06801529,-0.625851563,0.004897741,-0.34302154,0.020226321,-0.199489267,-0.010006414,0.540151643,0.012187322,-0.257333736,0.017658371,-0.43957412,0.007024719,-0.430627576
-0.07632423,-0.712861287,-0.068182901,-0.001255492,0.113176862,0.010270032,-0.716294686,-0.012514173,1.28379085,0.007800598,-0.184006135,0.013811232,-0.056265975,0.002093409,-0.23559158
-0.105696371,-0.168971824,-0.71292663,-0.007087825,0.441727956,0.000286762,-0.500879842,-0.014412395,-0.448358929,0.004287249,-0.125586135,0.011808469,0.288867971,-0.002900256,0.28578578
-0.10990172,-0.703431281,-0.169123424,-0.011712684,0.266332973,-0.010006414,0.540151643,-0.01343001,-0.115590493,0.002993967,-0.151291142,0.014381989,0.389777518,-0.007931593,0.442095235
-0.115687339,-0.669871554,-0.70349812,-0.011220669,-0.123134842,-0.012514173,1.28379085,-0.009906418,-0.62880561,0.003547333,-0.250884945,0.018192066,0.008772205,-0.010609288,-0.005655971
-0.151315263,-0.036119681,-0.669943715,-0.012760041,-0.125478487,-0.014412395,-0.448358929,-0.011072013,0.227878304,0.000499973,-0.043336302,0.013272583,-0.143118414,-0.011933712,0.013272485
-0.149539091,-0.755018961,-0.036292351,-0.01230708,-0.032596124,-0.01343001,-0.115590493,-0.011162046,0.82327884,-0.001698338,0.139207424,0.009579666,-0.210219423,-0.012844539,-0.085580619
-0.169743049,-0.363673713,-0.755077618,-0.011106921,-0.075945488,-0.009906418,-0.62880561,-0.012330168,-2.2407037,-0.002279908,0.201908703,0.007024719,-0.430627576,-0.011600832,-0.114986299
-0.143022106,-0.225274507,-0.363794434,-0.008585542,-0.196368809,-0.011072013,0.227878304,-0.006058804,-0.273962991,-0.003510283,0.171188555,0.002093409,-0.23559158,-0.009189416,-0.18273056
-0.168776602,-0.245798638,-0.225417178,-0.006349256,-0.236503786,-0.011162046,0.82327884,-0.001456639,0.197678364,-0.005084815,0.115871019,-0.002900256,0.28578578,-0.007322895,-0.288241617
-0.173556595,-0.691227744,-0.245938054,-0.007752933,-0.375781063,-0.012330168,-2.2407037,-0.003090213,0.22271622,-0.00756705,0.017191018,-0.007931593,0.442095235,-0.00719062,-0.131829524
-0.201701087,-0.195043017,-0.691296518,-0.007207043,0.035611889,-0.006058804,-0.273962991,-0.008368413,0.189076892,-0.00958522,-0.065995158,-0.010609288,-0.005655971,-0.008524065,-0.150406242
-0.209902823,-0.618561228,-0.195190483,-0.007402125,0.581497284,-0.001456639,0.197678364,-0.013399495,0.174130129,-0.010132981,-0.060505966,-0.011933712,0.013272485,-0.00826516,0.189207068
-0.190952634,-0.390299612,-0.618641526,-0.005473253,0.301228251,-0.003090213,0.22271622,-0.007861017,-0.504552137,-0.009352578,-0.15820106,-0.012844539,-0.085580619,-0.005736762,0.146458875
-0.23429907,0.127796011,-0.390416111,-0.007573013,-0.002877336,-0.008368413,0.189076892,-0.006768812,0.149911627,-0.008902396,-0.1097315,-0.011600832,-0.114986299,-0.0061093,0.269273272
-0.284906916,0.282004345,0.127597346,-0.014020408,0.608516011,-0.013399495,0.174130129,-0.01465008,1.968208349,-0.010544275,0.119079291,-0.009189416,-0.18273056,-0.011941952,0.700362477
-0.316943315,-0.112391788,0.281781223,-0.017568134,1.066144951,-0.007861017,-0.504552137,-0.027430515,2.097977436,-0.01200616,0.337103151,-0.007322895,-0.288241617,-0.016818859,0.982001121
-0.328161932,-0.554492657,-0.112552362,-0.018381041,0.738265444,-0.006768812,0.149911627,-0.03013832,-1.131007034,-0.01233999,0.355807681,-0.00719062,-0.131829524,-0.017622435,0.559481662
-0.323329699,-0.690118332,-0.554583117,-0.016470573,0.13639357,-0.01465008,1.968208349,-0.018322585,-0.766445048,-0.0123102,0.173520449,-0.008524065,-0.150406242,-0.0162117,0.124028567
-0.353733587,-0.147060928,-0.690187282,-0.019152852,-0.306229893,-0.027430515,2.097977436,-0.010602613,-0.146598585,-0.011925122,0.139538554,-0.00826516,0.189207068,-0.01571602,0.023498166
-0.402539141,0.243729614,-0.147216003,-0.023156781,-0.279655048,-0.03013832,-1.131007034,-0.01588116,1.52948227,-0.013328787,0.223621379,-0.005736762,0.146458875,-0.021236184,-0.084486625
-0.364273079,0.019905649,0.243512563,-0.01745999,-0.170306281,-0.018322585,-0.766445048,-0.016565392,1.660410896,-0.013178004,0.153357017,-0.0061093,0.269273272,-0.020557642,-0.350826389
-0.358134837,-0.66238302,0.019724094,-0.008599857,-0.268809088,-0.010602613,-0.146598585,-0.006548201,-0.973043921,-0.012134699,-0.033114287,-0.011941952,0.700362477,-0.012336996,-0.392553062
-0.327443627,-0.140959159,-0.662456369,-0.002922184,-0.092012853,-0.01588116,1.52948227,0.010319774,-0.148906073,-0.011155951,-0.121336862,-0.016818859,0.982001121,-0.005149542,-0.188605191
-0.291515321,-0.029740559,-0.141115202,0.002362412,0.271092422,-0.016565392,1.660410896,0.02171303,0.361446564,-0.008304477,-0.163557135,-0.017622435,0.559481662,0.001621036,0.150452217
-0.308480377,-0.432457286,-0.029914241,0.005613173,0.421881055,-0.006548201,-0.973043921,0.017988504,-0.073074483,-0.006790627,-0.176869074,-0.0162117,0.124028567,0.00320724,0.314898758
-0.314814521,-0.658222723,-0.432567099,0.009684857,-0.302338403,0.010319774,-0.148906073,0.009052686,-1.079330267,-0.006427215,-0.174595288,-0.01571602,0.023498166,0.003350963,0.110310825
-0.331753457,-0.433011992,-0.658296732,0.008737217,-0.481443817,0.02171303,0.361446564,-0.003970878,-0.178170321,-0.007486967,-0.30389156,-0.021236184,-0.084486625,0.00682146,-0.316795623
-0.367851543,-0.026134969,-0.433121717,0.001651481,-0.065883267,0.017988504,-0.073074483,-0.014224754,0.83690774,-0.008386952,-0.353885927,-0.020557642,-0.350826389,0.004175101,-0.308066454
-0.342410489,-0.252455113,-0.026309222,-0.001776399,0.151165372,0.009052686,-1.079330267,-0.012397025,0.540735074,-0.005859355,-0.208839254,-0.012336996,-0.392553062,0.000752716,-0.03791718
-0.361961443,-0.377541369,-0.252593473,-0.006132553,-0.077318109,-0.003970878,-0.178170321,-0.008287396,-1.14451305,-0.003157797,-0.080569635,-0.005149542,-0.188605191,-0.0011596,0.043786943
-0.320103857,0.096177756,-0.377659891,-0.005896616,-0.206987262,-0.014224754,0.83690774,0.002536269,0.088491465,-0.001143118,0.010671687,0.001621036,0.150452217,-0.003894667,-0.060879526
-0.299534216,-0.355907825,0.095984105,0.000263022,0.057229435,-0.012397025,0.540735074,0.013156872,0.997210749,0.000986938,0.071694573,0.00320724,0.314898758,-0.001211072,-0.129358879
-0.317191457,-0.417757571,-0.356029779,0.002157378,0.219398545,-0.008287396,-1.14451305,0.012780617,-0.736841049,0.001872087,0.066050483,0.003350963,0.110310825,0.000405897,0.057135805
-0.321122544,-0.709255697,-0.417869715,0.004434613,-0.179233869,0.002536269,0.088491465,0.006335721,-0.969940485,0.003658975,-0.210499979,0.00682146,-0.316795623,0.000510896,0.009548834
-0.285977844,-0.046381746,-0.709321612,0.007455854,-0.050673386,0.013156872,0.997210749,0.001804406,0.255424056,0.004950465,-0.185352009,0.004175101,-0.308066454,0.005722582,0.02301495
-0.265094761,-0.349251351,-0.046552788,0.011067832,0.025797995,0.012780617,-0.736841049,0.009388207,1.510790881,0.005304741,0.104687858,0.000752716,-0.03791718,0.009849331,0.22411976
-0.251042105,-0.494307031,-0.34937436,0.011939342,0.108638226,0.006335721,-0.969940485,0.017473538,-0.145912271,0.005232918,0.3097086,-0.0011596,0.043786943,0.01163878,0.110344622
-0.232601259,-0.401116384,-0.494407035,0.009745894,0.513990194,0.001804406,0.255424056,0.017622418,-0.624136763,0.004168913,0.437049586,-0.003894667,-0.060879526,0.01220685,0.112177638
-0.251211886,-0.397510793,-0.401231167,0.009459348,0.151909176,0.009388207,1.510790881,0.009529837,-0.243075337,0.003569216,0.319275685,-0.001211072,-0.129358879,0.008316347,0.202581222
-0.23142585,-0.372549012,-0.397626148,0.011025246,-0.540596851,0.017473538,-0.145912271,0.004699748,-0.295601997,0.004310976,0.211409103,0.000405897,0.057135805,0.008154613,-0.060129465
-0.207147144,-0.27713954,-0.372668327,0.011879074,-0.310816962,0.017622418,-0.624136763,0.006276132,0.69798051,0.006363311,0.22856595,0.000510896,0.009548834,0.012083031,-0.260771044
-0.206076217,-0.76999603,-0.277273985,0.009671667,-0.019724401,0.009529837,-0.243075337,0.009810791,0.302607153,0.008746116,0.096912689,0.005722582,0.02301495,0.011694114,-0.272423134
-0.213938391,-0.625772409,-0.770052311,0.006701876,-0.12941829,0.004699748,-0.295601997,0.008679896,-1.604243754,0.008841661,-0.036701143,0.009849331,0.22411976,0.007864365,-0.198443576
-0.229728039,-0.457419066,-0.625851563,0.002772052,-0.121371221,0.006276132,0.69798051,-0.000703495,-0.10381144,0.007911708,-0.155669609,0.01163878,0.110344622,0.004319175,-0.24300218
-0.208440093,-0.340653404,-0.457524921,0.003152184,-0.311470648,0.009810791,0.302607153,-0.003423976,0.473405518,0.007365461,-0.175832914,0.01220685,0.112177638,0.002697439,-0.101166315
-0.246614734,0.017964177,-0.340777776,0.001899971,-0.070085647,0.008679896,-1.604243754,-0.004798183,1.661476511,0.004951047,-0.086213556,0.008316347,0.202581222,0.001700687,-0.039386075
-0.218483302,-0.19532037,0.01778293,-0.001826741,0.214449416,-0.000703495,-0.10381144,-0.002943809,0.725416836,0.00454324,-0.1765956,0.008154613,-0.060129465,0.001035943,-0.127628047
-0.207734848,-0.56447737,-0.195467792,-0.000892304,-0.110837064,-0.003423976,0.473405518,0.001641962,0.085748788,0.006333866,-0.332118769,0.012083031,-0.260771044,0.000728672,-0.049563436
-0.189516024,-0.405831387,-0.564566245,0.001564733,0.27637439,-0.004798183,1.661476511,0.007978254,-0.2689742,0.006256895,-0.293198676,0.011694114,-0.272423134,0.00094178,0.207751043
-0.196594592,-0.642413596,-0.405945422,0.003959355,0.331869952,-0.002943809,0.725416836,0.010885157,-0.550446067,0.00490409,-0.141686533,0.007864365,-0.198443576,0.001997544,0.325250188
-0.203163817,-0.653230367,-0.642490111,0.002642567,0.035860036,0.001641962,0.085748788,0.003646029,-0.389389033,0.003448146,-0.140834154,0.004319175,-0.24300218,0.002587047,0.032039354
-0.225065587,-0.327617807,-0.653305167,0.001842478,-0.340416292,0.007978254,-0.2689742,-0.004235374,0.390837592,0.001637166,-0.087751999,0.002697439,-0.101166315,0.000585016,-0.013024215
-0.251015984,-0.241638341,-0.327744247,-0.00075268,0.10922303,0.010885157,-0.550446067,-0.012264096,1.86499175,0.000227963,-0.020180514,0.001700687,-0.039386075,-0.00123642,0.108339222
-0.265982847,-0.474892313,-0.241778417,-0.006218776,0.876131083,0.003646029,-0.389389033,-0.015971292,0.849046778,-0.001011696,0.219363327,0.001035943,-0.127628047,-0.003047123,0.514410254
-0.202445512,0.556583931,-0.474995396,-0.004868706,0.47175872,-0.004235374,0.390837592,-0.005502826,0.621294235,-0.000878838,0.238401266,0.000728672,-0.049563436,-0.002480605,0.447385839
-0.186198761,-0.447711707,0.556317263,-0.000173695,-0.005301192,-0.012264096,1.86499175,0.012059109,0.895877887,0.000723519,0.094181938,0.00094178,0.207751043,0.000505923,0.049064976
-0.138908178,0.211556653,-0.447819101,0.005138241,0.561937851,-0.015971292,0.849046778,0.026696489,-0.010058168,0.002796581,0.427605287,0.001997544,0.325250188,0.003596026,0.450446626
-0.156852741,-0.411655802,0.211344704,0.009125892,0.677160228,-0.005502826,0.621294235,0.023946575,-0.550627219,0.00435763,0.480684444,0.002587047,0.032039354,0.006128501,0.58340812
-0.17870227,-0.32872722,-0.411768914,0.009674093,-0.067474067,0.012059109,0.895877887,0.007297147,-0.310210801,0.003021444,0.149440045,0.000585016,-0.013024215,0.005460171,0.148511694
-0.205527693,-0.223055682,-0.328853484,0.009099787,-0.527742353,0.026696489,-0.010058168,-0.007986987,0.015346608,0.002080842,-0.04065335,-0.00123642,0.108339222,0.005393364,-0.145805294
-0.216445928,-0.560871779,-0.223198705,0.003169125,-0.298057658,0.023946575,-0.550627219,-0.016945824,-0.021215341,0.001264293,-0.062910291,-0.003047123,0.514410254,0.00556458,-0.402668916
-0.209889763,-0.65350772,-0.560961227,-0.002558672,0.124514482,0.007297147,-0.310210801,-0.012176323,-0.947570651,-3.44298E-06,-0.001103214,-0.002480605,0.447385839,0.00245823,-0.257062597
-0.236310324,-0.231653629,-0.653582476,-0.008186777,-0.028409373,-0.007986987,0.015346608,-0.008386934,-0.232360487,-0.001432087,0.031182145,0.000505923,0.049064976,-0.003352379,0.1714182
-0.259922965,-0.291284549,-0.231795288,-0.013566231,-0.129913661,-0.016945824,-0.021215341,-0.010131896,1.005741706,-0.003221621,0.115972933,0.003596026,0.450446626,-0.009938698,0.195088727
-0.266074267,-0.662105667,-0.291416751,-0.012908172,-0.074499634,-0.012176323,-0.947570651,-0.013655804,0.35571046,-0.003693329,0.171535414,0.006128501,0.58340812,-0.013377477,-0.125615576
-0.283352766,-0.425800811,-0.662179059,-0.011271469,0.049458804,-0.008386934,-0.232360487,-0.014204254,-0.936389209,-0.003550702,0.201969896,0.005460171,0.148511694,-0.012462946,-0.105062856
-0.29419264,-0.562535898,-0.42591168,-0.010689908,0.178667056,-0.010131896,1.005741706,-0.011256066,-0.061164908,-0.00297809,0.212605551,0.005393364,-0.145805294,-0.011345059,0.034286262
-0.254450788,0.051246551,-0.562625081,-0.008454974,-0.325209382,-0.013655804,0.35571046,-0.003159494,0.534373854,-0.000930527,0.077331924,0.00556458,-0.402668916,-0.007481799,-0.072398581
-0.220154993,-0.064409699,0.051060026,-0.00197427,-0.180021579,-0.014204254,-0.936389209,0.010507685,1.882779473,-0.000181962,-0.023301734,0.00245823,-0.257062597,-0.002868824,-0.223501965
-0.223341655,-0.725064825,-0.064577882,0.003685248,0.315952738,-0.011256066,-0.061164908,0.018916468,-0.112522064,-0.001617791,-0.030059129,-0.003352379,0.1714182,0.000161524,-0.014083679
-0.230263503,-0.645741833,-0.725128232,0.005074576,0.294201666,-0.003159494,0.534373854,0.013389489,-1.552024476,-0.003788579,-0.178506507,-0.009938698,0.195088727,0.002552724,0.14272247
-0.24590949,-0.460469951,-0.645817821,0.00512919,-0.112755079,0.010507685,1.882779473,-0.000218848,-0.199349642,-0.005321961,-0.292528761,-0.013377477,-0.125615576,0.002985488,0.048879076
-0.268085521,-0.321793392,-0.460575321,0.00443838,-0.422128818,0.018916468,-0.112522064,-0.009748081,0.730252353,-0.00526956,-0.227916883,-0.012462946,-0.105062856,0.002121452,-0.10454035
-0.261659957,-0.656281252,-0.321920756,0.001316546,-0.232238733,0.013389489,-1.552024476,-0.010493123,-0.029305693,-0.004308883,-0.154766364,-0.011345059,0.034286262,0.002856893,-0.339009517
-0.255234393,-0.656281252,-0.656355568,-0.002938414,-0.045538538,-0.000218848,-0.199349642,-0.00563192,-1.088017607,-0.002818144,-0.111350229,-0.007481799,-0.072398581,0.001895286,-0.25896873
-0.260497609,-0.680965679,-0.656355568,-0.005010173,-0.347566863,-0.009748081,0.730252353,-0.000241729,-0.42021908,-0.00266119,-0.161691342,-0.002868824,-0.223501965,-0.002452827,-0.081907336
-0.276261137,-0.457973773,-0.68103608,-0.005770336,-0.359602035,-0.010493123,-0.029305693,-0.000980285,0.395794757,-0.002700303,-0.109390015,0.000161524,-0.014083679,-0.005551513,-0.212897367
-0.302289895,-0.239974222,-0.458079539,-0.007121728,0.195582163,-0.00563192,-1.088017607,-0.008629356,2.751706978,-0.002457415,0.133556087,0.002552724,0.14272247,-0.007437866,0.067452455
-0.306665025,-0.699825691,-0.240114562,-0.006622818,0.875586345,-0.000241729,-0.42021908,-0.013033467,1.604962593,-0.002480267,0.285455498,0.002985488,0.048879076,-0.007923365,0.331194705
-0.292534008,-0.492642912,-0.699893101,-0.00485951,0.436290216,-0.000980285,0.395794757,-0.008747615,-1.267726511,-0.001489861,0.165997729,0.002121452,-0.10454035,-0.005100401,0.20133274
-0.307814313,-0.468235838,-0.49274318,-0.005862213,-0.196834655,-0.008629356,2.751706978,-0.003073971,-0.375602949,-0.000683443,0.079048018,0.002856893,-0.339009517,-0.004244661,0.071121537
-0.319542273,-0.543675886,-0.468339977,-0.007862361,-0.302263469,-0.013033467,1.604962593,-0.002612108,0.383817603,-0.002362044,0.164167377,0.001895286,-0.25896873,-0.006665364,-0.039090287
-0.307944914,-0.546449417,-0.54376806,-0.006404453,-0.472077851,-0.008747615,-1.267726511,-0.004024788,-0.245497375,-0.004588967,0.050764537,-0.002452827,-0.081907336,-0.006753344,-0.383621005
-0.329520181,-0.334551635,-0.546541152,-0.004174193,-0.11982709,-0.003073971,-0.375602949,-0.005285062,-0.322601304,-0.005824638,-0.086257564,-0.005551513,-0.212897367,-0.006102686,-0.386011037
-0.339445849,-0.581950616,-0.334676976,-0.004269783,0.545001919,-0.002612108,0.383817603,-0.005935658,0.691997381,-0.006479692,-0.042620029,-0.007437866,0.067452455,-0.005500478,0.09721278
-0.348862173,-0.592767388,-0.582036721,-0.006354419,0.478516612,-0.004024788,-0.245497375,-0.008695311,-0.16716449,-0.006399538,0.00348632,-0.007923365,0.331194705,-0.004841492,0.565861512
-0.359754288,-0.561426485,-0.592851777,-0.007735691,0.173762422,-0.005285062,-0.322601304,-0.010203891,-0.550330227,-0.005890067,0.114433998,-0.005100401,0.20133274,-0.00669754,0.355066922
-0.390249596,-0.145119456,-0.561515845,-0.008783646,0.66185839,-0.005935658,0.691997381,-0.01165499,0.73151504,-0.006688049,0.247694324,-0.004244661,0.071121537,-0.009181435,0.484015109
-0.353250363,-0.006997604,-0.145274839,-0.008342153,0.10776344,-0.008695311,-0.16716449,-0.007984779,0.991547727,-0.006902357,0.060842112,-0.006665364,-0.039090287,-0.007143942,0.28474786
-0.407541155,0.360217924,-0.007174892,-0.008901302,-0.077989244,-0.010203891,-0.550330227,-0.00758148,0.618079009,-0.00748536,-0.010402302,-0.006753344,-0.383621005,-0.00823355,0.025381606
-0.345140048,0.53245421,0.359982398,-0.006073285,0.161561921,-0.01165499,0.73151504,-0.00039193,0.660765186,-0.006621373,-0.027803625,-0.006102686,-0.386011037,-0.007152749,-0.007051657
-0.348483431,-0.721736587,0.532191368,-0.000386892,-0.049167883,-0.007984779,0.991547727,0.007306071,0.372937331,-0.003539394,-0.137938783,-0.005500478,0.09721278,-0.001533973,-0.142220261
-0.346655018,-0.753909549,-0.721800523,0.000986617,0.051680033,-0.00758148,0.618079009,0.009684871,-1.162968829,-0.002662874,-0.073932449,-0.004841492,0.565861512,-0.000427579,-0.034528596
-0.331022092,-0.460747304,-0.753968382,0.005296668,0.045553815,-0.00039193,0.660765186,0.010991156,-0.751706471,-0.002429964,-0.13653872,-0.00669754,0.355066922,0.001938674,0.132194838
-0.322402433,-0.609685928,-0.46085263,0.006596263,0.121971615,0.007306071,0.372937331,0.005886673,0.302547059,-0.001645785,-0.138010252,-0.009181435,0.484015109,0.006055137,0.114196918
-0.336285307,-0.497912622,-0.609767634,0.007469938,-0.609870709,0.009684871,-1.162968829,0.005290614,-1.546108175,-0.000972721,-0.070746894,-0.007143942,0.28474786,0.005316649,0.005451795
-0.372553175,-0.022529378,-0.498012054,0.003193706,-0.465855103,0.010991156,-0.751706471,-0.004513648,1.417140538,-0.002528691,-0.103114328,-0.00823355,0.025381606,0.00325094,-0.409539682
-0.355509759,-0.430793167,-0.022704203,-0.002503104,0.263064653,0.005886673,0.302547059,-0.010770501,0.905807856,-0.002817384,-0.106984024,-0.007152749,-0.007051657,0.001533966,-0.407556012
-0.38637075,-0.137353569,-0.430903244,-0.003379769,0.746338288,0.005290614,-1.546108175,-0.011986978,-1.489007021,-0.002268654,0.007386741,-0.001533973,-0.142220261,-0.003003723,0.253379602
-0.38783348,-0.761675436,-0.137510183,-0.00699343,0.500819526,-0.004513648,1.417140538,-0.009475039,0.004234524,-0.002677949,0.095185629,-0.000427579,-0.034528596,-0.004910697,0.64215719
-0.402565261,-0.479884669,-0.761733037,-0.009928894,-0.054318331,-0.010770501,0.905807856,-0.009079409,-0.358283862,-0.002551758,0.156873875,0.001938674,0.132194838,-0.00700554,0.378584585
-0.418629171,-0.451594651,-0.47998696,-0.011813685,-0.191189474,-0.011986978,-1.489007021,-0.011637221,-0.184484449,-0.002224534,0.22693204,0.006055137,0.114196918,-0.010451346,0.041995212
-0.409500168,-0.598869156,-0.451701429,-0.008708004,-0.068587486,-0.009475039,0.004234524,-0.007929862,-0.049339516,-0.002647689,0.196670642,0.005316649,0.005451795,-0.010582632,-0.277592171
-0.404380613,-0.684016563,-0.598952578,-0.006301413,-0.396793417,-0.009079409,-0.358283862,-0.003477171,-0.913749089,-0.001663162,0.059970411,0.00325094,-0.409539682,-0.00658996,-0.241449005
-0.411942405,-0.63215153,-0.684086481,-0.005499398,-0.535629749,-0.011637221,-0.184484449,0.000724811,-0.272538113,-0.001995523,0.027161055,0.001533966,-0.407556012,-0.005570737,-0.350840353
-0.41130246,-0.779148683,-0.632229673,-0.003632765,-0.301597797,-0.007929862,-0.049339516,0.000729105,-0.375379788,-0.004071529,0.050769771,-0.003003723,0.253379602,-0.005159339,-0.503342769
-0.435607287,-0.276584834,-0.779203513,-0.004201354,0.038898503,-0.003477171,-0.913749089,-0.004931565,1.384415613,-0.004766806,0.075393844,-0.004910697,0.64215719,-0.004619603,-0.046324865
-0.430487732,-0.684016563,-0.276719367,-0.003344527,0.656053163,0.000724811,-0.272538113,-0.00742406,2.233567996,-0.005930238,0.007295092,-0.00700554,0.378584585,-0.004826939,0.14591148
-0.453277587,-0.308757795,-0.684086481,-0.004151436,1.313652203,0.000729105,-0.375379788,-0.009029741,-0.451746186,-0.007264075,-0.126817231,-0.010451346,0.041995212,-0.003996323,0.689361013
-0.448654316,-0.694555982,-0.308887226,-0.006586422,0.463590803,-0.004931565,1.384415613,-0.008247814,-0.055290079,-0.007692578,-0.177842503,-0.010582632,-0.277592171,-0.004728103,0.691387505
-0.467069042,-0.40167109,-0.694624228,-0.007441971,0.077252282,-0.00742406,2.233567996,-0.00746002,-0.185506337,-0.006563364,-0.054798131,-0.00658996,-0.241449005,-0.006536156,0.267253747
-0.484634862,-0.419699042,-0.401785785,-0.009649182,0.128063921,-0.009029741,-0.451746186,-0.01027722,0.497193668,-0.007124527,0.053279571,-0.005570737,-0.350840353,-0.008707975,0.281300308
-0.528425341,0.137226017,-0.419810879,-0.012522011,0.837705321,-0.008247814,-0.055290079,-0.016843868,1.827697737,-0.008670004,0.310240038,-0.005159339,-0.503342769,-0.012240137,0.667975265
-0.52825556,-0.789133395,0.137025856,-0.014423524,0.8012092,-0.00746002,-0.185506337,-0.021484251,0.755896222,-0.009058558,0.455780066,-0.004619603,-0.046324865,-0.013581881,0.684802555
-0.539578658,-0.552273833,-0.789186641,-0.014008061,0.165764775,-0.01027722,0.497193668,-0.017785174,-1.395595853,-0.008933888,0.324732808,-0.004826939,0.14591148,-0.013123609,0.197854751
-0.581266463,0.092572165,-0.552364643,-0.016778309,0.144824953,-0.016843868,1.827697737,-0.016711248,0.084931047,-0.009693598,0.370320077,-0.003996323,0.689361013,-0.015541007,0.226762971
-0.604043258,-0.309035149,0.092379086,-0.020818079,0.132265413,-0.021484251,0.755896222,-0.02013394,1.038394145,-0.011607392,0.405444321,-0.004728103,0.691387505,-0.018689431,0.25698852
-0.585145309,-0.391409024,-0.309164536,-0.018462151,-0.206521247,-0.017785174,-1.395595853,-0.019160067,-2.424353363,-0.012251032,0.203321563,-0.006536156,0.267253747,-0.018166375,-0.118321594
-0.584387824,-0.776652504,-0.391525347,-0.012290978,-0.315435114,-0.016711248,0.084931047,-0.007751793,-0.772120433,-0.011591243,0.022929044,-0.008707975,0.281300308,-0.014594548,-0.371318217
-0.569486262,-0.476279078,-0.776707731,-0.007717579,-0.268499904,-0.02013394,1.038394145,0.00506611,-0.102644093,-0.010919925,-0.065840551,-0.012240137,0.667975265,-0.00953378,-0.30249904
-0.566586922,-0.731166593,-0.476381942,-0.005462076,-0.492460921,-0.019160067,-2.424353363,0.008623303,-0.130053181,-0.009607766,-0.111126253,-0.013581881,0.684802555,-0.005418559,-0.269766029
-0.602188726,-0.036674387,-0.731229033,-0.003853783,-0.1970608,-0.007751793,-0.772120433,0.00012304,0.982480219,-0.010114844,-0.10838519,-0.013123609,0.197854751,-0.006936523,-0.401907369
-0.622849787,-0.353966354,-0.036846969,-0.003204959,0.360006852,0.00506611,-0.102644093,-0.011494908,2.141408515,-0.011465119,-0.086242126,-0.015541007,0.226762971,-0.007180252,0.003122392
-0.620629572,-0.745588955,-0.354088615,-0.004389253,0.670477269,0.008623303,-0.130053181,-0.017297043,-0.882495833,-0.011525046,-0.126289534,-0.018689431,0.25698852,-0.004019246,0.416773897
-0.629941415,-0.594986213,-0.745649108,-0.006562776,0.424699821,0.00012304,0.982480219,-0.01321046,-1.193491916,-0.011364815,-0.208757103,-0.018166375,-0.118321594,-0.004259662,0.420382491
-0.67441102,0.151648379,-0.59507025,-0.01220494,0.50149202,-0.011494908,2.141408515,-0.012921057,0.611382827,-0.012038266,-0.119802281,-0.014594548,-0.371318217,-0.009382925,0.720030628
-0.680105218,-0.671813026,0.151445931,-0.017768533,0.150316369,-0.017297043,-0.882495833,-0.018249726,1.992788529,-0.011725025,0.044523285,-0.00953378,-0.30249904,-0.01398009,0.582805625
-0.611774831,0.658372525,-0.671884879,-0.010050766,-0.207929803,-0.01321046,-1.193491916,-0.006820559,1.885741122,-0.008121766,-0.049658621,-0.005418559,-0.269766029,-0.010890104,-0.261160639
-0.603729816,-0.621889465,0.658089714,0.000785111,0.030171148,-0.012921057,0.611382827,0.01479566,0.504480988,-0.00513291,-0.234995327,-0.006936523,-0.401907369,-0.003286799,-0.249717221
-0.579647012,-0.281299837,-0.621969235,0.00499613,0.335122657,-0.018249726,1.992788529,0.028784627,-0.771713279,-0.002185074,-0.105729341,-0.007180252,0.003122392,0.002953356,0.158591768
-0.561389007,-0.404999327,-0.281433622,0.00911255,0.551520341,-0.006820559,1.885741122,0.02529378,-0.546742573,0.001551605,0.061878042,-0.004019246,0.416773897,0.007285447,0.479134747
-0.577831659,-0.443551411,-0.405113495,0.013716002,0.066294072,0.01479566,0.504480988,0.012641598,-0.158687316,0.001755108,0.078295447,-0.004259662,0.420382491,0.007919751,0.345206008
-0.592432839,-0.4826582,-0.443659464,0.015252205,-0.757781949,0.028784627,-0.771713279,0.002137362,-0.341317287,-2.56875E-05,0.002238973,-0.009382925,0.720030628,0.00950774,-0.165399119
-0.599380807,-0.645187127,-0.482760052,0.008236673,-0.541315279,0.02529378,-0.546742573,-0.008209529,0.044285285,-0.001330547,-0.047961508,-0.01398009,0.582805625,0.011488455,-0.663496592
-0.635400533,-0.027799088,-0.645263202,-0.00157419,0.162708605,0.012641598,-0.158687316,-0.015385456,0.749017674,-0.003460824,-0.081215311,-0.010890104,-0.261160639,0.004016968,-0.319738986
-0.669448186,-0.069679408,-0.027973077,-0.009849228,1.294314666,0.002137362,-0.341317287,-0.021713021,1.547842617,-0.004772228,0.035635283,-0.003286799,-0.249717221,-0.006249429,0.520400927
-0.684924391,-0.464075541,-0.069846755,-0.017280466,1.1671846,-0.008209529,0.044285285,-0.026388038,0.206461104,-0.004540644,0.195333572,0.002953356,0.158591768,-0.011893634,1.335443052
-0.671368019,-0.504846449,-0.46418034,-0.017628243,-0.012579731,-0.015385456,0.749017674,-0.019910846,-1.153381183,-0.003970218,0.177797739,0.007285447,0.479134747,-0.014996834,0.245463062
-0.642439921,-0.17840183,-0.504944782,-0.011742697,-0.316018035,-0.021713021,1.547842617,-0.001486824,-0.10373991,-0.002230772,0.059174338,0.007919751,0.345206008,-0.012219378,-0.29187404
-0.651999906,-0.589716503,-0.178551935,-0.008481134,-0.465215261,-0.026388038,0.206461104,0.010089351,0.248771659,0.000350449,-0.031279839,0.00950774,-0.165399119,-0.008755556,-0.317111909
-0.65402422,-0.749749252,-0.589801376,-0.005933443,-0.397529659,-0.019910846,-1.153381183,0.008513942,-1.839023313,0.001717462,-0.083110449,0.011488455,-0.663496592,-0.008115874,-0.425835178
-0.622431864,-0.121821794,-0.749808745,0.002374565,0.090155387,-0.001486824,-0.10373991,0.006297479,0.135751366,0.000546518,-0.051754113,0.004016968,-0.319738986,-0.002975094,-0.216680757
-0.615092094,-0.636866533,-0.121980872,0.009815613,0.285499528,0.010089351,0.248771659,0.009542975,0.983787043,-0.000779592,-0.012034128,-0.006249429,0.520400927,0.004826734,0.259702569
-0.636562881,-0.33677046,-0.636943928,0.008803612,-0.393887299,0.008513942,-1.839023313,0.009089539,-1.094447393,-0.002415152,-0.065667955,-0.011893634,1.335443052,0.007393126,-0.080178588
-0.636536761,-0.792184279,-0.336895449,0.003411475,-0.252092518,0.006297479,0.135751366,0.000559266,-0.469234097,-0.00467315,-0.200882426,-0.014996834,0.245463062,0.005982237,-0.508826371
-0.607856804,-0.18367154,-0.792237042,0.004169623,0.054488851,0.009542975,0.983787043,-0.001137649,0.273265865,-0.003723103,-0.23187228,-0.012219378,-0.29187404,0.004972025,-0.064429908
-0.558137044,0.263144333,-0.183820808,0.011632941,0.865162638,0.009089539,-1.094447393,0.014145104,2.499691739,0.000151485,0.05087799,-0.008755556,-0.317111909,0.00916859,0.850992417
-0.526871191,-0.128755622,0.262924202,0.015896632,1.795907926,0.000559266,-0.469234097,0.031131786,1.959522111,0.003798652,0.493218324,-0.008115874,-0.425835178,0.015737187,1.687181931
-0.486397974,0.066778325,-0.1289136,0.018552713,1.938096192,-0.001137649,0.273265865,0.038208598,-0.223333165,0.007886746,0.882940102,-0.002975094,-0.216680757,0.018693895,1.555083722
-0.509435971,-0.303488086,0.066589337,0.020997634,0.467835099,0.014145104,2.499691739,0.02777014,-0.51781768,0.010988781,0.583677071,0.004826734,0.259702569,0.017053298,0.640386189
-0.536183034,-0.224719801,-0.303618353,0.018526161,-0.439370755,0.031131786,1.959522111,0.006315305,-0.270613709,0.010951255,0.076514912,0.007393126,-0.080178588,0.014408332,-0.111883811
-0.533949759,-0.745311602,-0.22486256,0.014044701,-0.545054722,0.038208598,-0.223333165,-0.008942839,-0.15183924,0.010096505,-0.06020367,0.005982237,-0.508826371,0.014059953,-0.396927627
-0.545390397,-0.549777654,-0.745371799,0.0069131,-0.352401411,0.02777014,-0.51781768,-0.013033047,-0.928582897,0.008226231,-0.051745228,0.004972025,-0.064429908,0.011350532,-0.485126319
-0.51358908,-0.117384144,-0.549868861,0.002060042,-0.06737739,0.006315305,-0.270613709,-0.002088241,0.050892163,0.008218168,-0.045480645,0.00916859,0.850992417,0.007308802,-0.344011333
-0.552991369,0.04403537,-0.117543926,-0.004194777,-0.1762638,-0.008942839,-0.15183924,0.000559389,0.999935659,0.008317304,-0.115429778,0.015737187,1.687181931,0.001249813,-0.011380099
-0.560892723,-0.624940349,0.043849988,-0.009279421,-0.24021718,-0.013033047,-0.928582897,-0.005470618,1.522347099,0.00562812,-0.144640037,0.018693895,1.555083722,-0.006795137,-0.036031488
-0.568023532,-0.641304183,-0.625019636,-0.006540814,0.114501407,-0.002088241,0.050892163,-0.011036185,-0.830884744,0.003741987,-0.100867057,0.017053298,0.640386189,-0.008960897,-0.246087137
-0.57070085,-0.735881596,-0.641380875,-0.005414383,0.253800294,0.000559389,0.999935659,-0.011418791,-0.969709331,0.003877431,-0.173478804,0.014408332,-0.111883811,-0.006280155,0.049537849
-0.526609989,0.143605139,-0.735943288,-0.001424329,0.221110474,-0.005470618,1.522347099,0.002629632,0.67877236,0.006022918,-0.305709226,0.014059953,-0.396927627,-0.001842475,0.1579734
-0.519022077,-0.631596824,0.143403966,0.001060572,0.04289675,-0.011036185,-0.830884744,0.013329599,3.036908736,0.00679905,-0.320297245,0.011350532,-0.485126319,0.002294277,0.208109184
-0.552116343,-0.089926186,-0.631675055,-0.000363233,-0.076403111,-0.011418791,-0.969709331,0.010847851,-1.456178912,0.003237433,-0.16163105,0.007308802,-0.344011333,-0.000829524,-0.071848992
-0.55313503,-0.771105442,-0.090090322,0.000686928,-0.025902549,0.002629632,0.67877236,-0.001267517,-0.34376768,-0.00068832,-0.003158085,0.001249813,-0.011380099,-0.002636941,-0.195984535
-0.535281888,-0.413597274,-0.771161548,0.003224032,-0.117155546,0.013329599,3.036908736,-0.006776576,-0.261969669,-0.002547525,-0.188284668,-0.006795137,-0.036031488,0.00173347,0.001517131
-0.575245761,0.055961554,-0.413710078,0.002244502,-0.02836068,0.010847851,-1.456178912,-0.006220442,0.035298496,-0.003887347,-0.215480727,-0.008960897,-0.246087137,0.001254946,0.07353164
-0.606929538,-0.119880323,0.055774281,-0.006751169,0.548303993,-0.001267517,-0.34376768,-0.012199113,1.333338587,-0.004632466,0.219074752,-0.006280155,0.049537849,-0.002965373,0.523707584
-0.629823875,-0.306538971,-0.120039708,-0.015164657,0.815737768,-0.006776576,-0.261969669,-0.023585013,0.736761466,-0.005661742,0.653465456,-0.001842475,0.1579734,-0.009499863,0.899534275
-0.573482649,0.403762363,-0.306668753,-0.010490754,0.178977611,-0.006220442,0.035298496,-0.014805984,-0.37805958,-0.004221798,0.37127572,0.002294277,0.208109184,-0.010747242,0.126872654
-0.565829437,-0.630210059,0.403519931,-0.002720893,-0.106024043,-0.012199113,1.333338587,0.006899495,0.210043197,-0.002742415,-0.114051095,-0.000829524,-0.071848992,-0.004658285,-0.24467864
-0.550575253,-0.468790544,-0.630288509,-0.00225573,-0.149111544,-0.023585013,0.736761466,0.01967134,-0.608348446,-0.001706498,-0.087680428,-0.002636941,-0.195984535,-0.000767516,-0.02207486
-0.523096825,-0.209188026,-0.468894595,0.002975572,0.156406405,-0.014805984,-0.37805958,0.021183013,-0.469114577,0.001378602,0.0624045,0.00173347,0.001517131,0.001018483,0.094751132
-0.504956361,-0.407495505,-0.209333248,0.012455972,0.438811677,0.006899495,0.210043197,0.018059059,0.323514566,0.003464127,0.177129798,0.001254946,0.07353164,0.005702232,0.364640644
-0.513027496,-0.621334759,-0.407609277,0.017702585,-0.333831134,0.01967134,-0.608348446,0.015772356,-1.077621437,0.004146471,0.163624822,-0.002965373,0.523707584,0.011350084,0.254693128
-0.514555526,-0.760288671,-0.621414617,0.014159596,-0.509956953,0.021183013,-0.469114577,0.007326806,-0.822428245,0.002391488,0.074895967,-0.009499863,0.899534275,0.014447181,-0.462013473
-0.562055071,0.215994303,-0.760346492,0.005011236,-0.132749064,0.018059059,0.323514566,-0.007645219,0.817953188,-0.001060192,-0.009423909,-0.010747242,0.126872654,0.008708477,-0.409616108
-0.592354478,-0.149279753,0.21578165,-0.003009338,0.364384722,0.015772356,-1.077621437,-0.021353579,3.747263298,-0.002844212,0.00800211,-0.004658285,-0.24467864,-0.001031073,0.099945607
-0.55011815,0.104220996,-0.149434476,-0.005422531,0.478110653,0.007326806,-0.822428245,-0.017958705,-1.183080455,-0.001270807,0.039091103,-0.000767516,-0.02207486,-0.00176639,0.241702817
-0.549765527,-0.785250451,0.10402607,-0.005659653,-0.197033207,-0.007645219,0.817953188,-0.003670639,-0.528332323,-0.000392074,-0.011699705,0.001018483,0.094751132,-0.001774751,-0.015764983
-0.638482714,1.091320741,-0.785304314,-0.013459744,0.23825551,-0.021353579,3.747263298,-0.005404673,0.748337839,-0.0026611,0.142528142,0.005702232,0.364640644,-0.010866099,0.376636264
-0.487207699,2.419842173,1.090969267,-0.00777219,0.588327426,-0.017958705,-1.183080455,0.002695746,2.366477721,0.001933804,0.218099287,0.011350084,0.254693128,-0.007305555,0.555163297
-0.460656538,-0.228880098,2.419280005,0.010235782,0.76129713,-0.003670639,-0.528332323,0.024370941,1.829784268,0.009895254,0.085316668,0.014447181,-0.462013473,0.00541699,0.504520041
-0.412556229,0.228752546,-0.229022197,0.022581349,0.693235363,-0.005404673,0.748337839,0.050881064,-0.746741631,0.011331169,0.265960236,0.008708477,-0.409616108,0.013947686,0.6544507
-0.406731429,-0.669039495,0.22853787,0.025896314,0.461625049,0.002695746,2.366477721,0.048989044,-0.872614912,0.010940556,0.409928954,-0.001031073,0.099945607,0.02293984,0.480500887
-0.442111211,-0.04138939,-0.669111788,0.019953412,0.088932131,0.024370941,1.829784268,0.015609624,-0.196719622,0.009094448,0.22513687,-0.00176639,0.241702817,0.020025741,0.081123193
-0.466402977,-0.276862187,-0.041561224,0.021920744,-0.715002493,0.050881064,-0.746741631,-0.00537349,0.010864805,0.005583186,0.059886404,-0.001774751,-0.015764983,0.012919785,-0.071333934
-0.423552824,0.117256593,-0.276996676,0.018267567,-0.683823341,0.048989044,-0.872614912,-0.010626744,0.08511187,0.004643428,0.071680119,-0.010866099,0.376636264,0.019889147,-0.633408277
-0.392587352,-0.135134744,0.117059599,0.010123121,-0.058594967,0.015609624,-0.196719622,0.004903967,0.372164838,0.006762191,0.138848103,-0.007305555,0.555163297,0.020492204,-0.60463334
-0.380284748,-0.531472349,-0.13529171,0.007610631,0.22361559,-0.00537349,0.010864805,0.020506077,0.026855824,0.008517178,0.161697434,0.00541699,0.504520041,0.011520888,-0.009130013
-0.368099685,-0.533968527,-0.531566459,0.005352022,0.464513725,-0.010626744,0.08511187,0.021457019,-1.1551562,0.010945631,0.103287625,0.013947686,0.6544507,0.008103605,0.232342431
-0.372135253,-0.707036872,-0.534062241,0.00815618,0.220186271,0.004903967,0.372164838,0.011418737,-0.434014205,0.013756573,-0.029960094,0.02293984,0.480500887,0.005100613,0.309672697
-0.363228272,-0.603584159,-0.707103139,0.012971765,-0.498326913,0.020506077,0.026855824,0.005570404,-0.349133823,0.01346186,-0.074505233,0.020025741,0.081123193,0.007284089,0.082832996
-0.368556788,-0.679578913,-0.603666833,0.011815333,-0.713535694,0.021457019,-1.1551562,0.00244504,-0.140898546,0.012094335,-0.077294712,0.012919785,-0.071333934,0.011311752,-0.485753831
-0.374433828,-0.667930082,-0.679649535,0.005435848,-0.430755473,0.011418737,-0.434014205,-0.000404684,0.184462186,0.014524397,-0.454471194,0.019889147,-0.633408277,0.009385893,-0.727091942
-0.394494126,-0.366724597,-0.668002551,0.000290865,0.01403605,0.005570404,-0.349133823,-0.004916778,2.044290951,0.011567148,-0.49019202,0.020492204,-0.60463334,0.003000082,-0.286478544
-0.402382419,-0.625217702,-0.366844835,-0.003561655,0.906873594,0.00244504,-0.140898546,-0.009535745,1.964337822,0.004866812,-0.150863506,0.011520888,-0.009130013,-0.001515928,0.241429042
-0.4199613,-0.419421689,-0.625296945,-0.006022706,1.885577523,-0.000404684,0.184462186,-0.011628953,-0.100336384,0.001625833,-0.096494497,0.008103605,0.232342431,-0.00465623,1.090193886
-0.435777068,-0.45686436,-0.41953357,-0.008838746,0.940656434,-0.004916778,2.044290951,-0.012780357,0.168813158,-0.001161564,0.05421604,0.005100613,0.309672697,-0.007272584,1.204752469
-0.441797769,-0.664879198,-0.456970302,-0.0107319,0.236813882,-0.009535745,1.964337822,-0.011939981,-0.12206109,-0.000913904,0.049806975,0.007284089,0.082832996,-0.008966701,0.514671801
-0.429664946,-0.535077939,-0.664952151,-0.00949052,-0.319139957,-0.011628953,-0.100336384,-0.00731685,-0.816016525,0.001178798,-0.150141835,0.011311752,-0.485753831,-0.008835842,-0.131685534
-0.4463035,-0.439391114,-0.535171477,-0.007949926,-0.373343505,-0.012780357,0.168813158,-0.003032154,-0.159995404,0.000445421,-0.073938797,0.009385893,-0.727091942,-0.008446022,-0.32424995
-0.45067863,-0.699825691,-0.439499827,-0.007475533,-0.291521961,-0.011939981,-0.12206109,-0.002926118,0.445163394,-0.002574352,0.157076226,0.003000082,-0.286478544,-0.008174089,-0.270730669
-0.439551434,-0.556434129,-0.699893101,-0.005090509,-0.458644501,-0.00731685,-0.816016525,-0.002833777,-0.494513307,-0.00373281,0.125355359,-0.001515928,0.241429042,-0.005982376,-0.38200907
-0.426556645,-0.516772633,-0.55652428,-0.000780613,-0.120869798,-0.003032154,-0.159995404,0.001491237,0.114554315,-0.003747152,-0.036869671,-0.00465623,1.090193886,-0.002817529,-0.411928464
-0.436887175,-0.573352669,-0.516869075,0.001067639,0.161827692,-0.002926118,0.445163394,0.005079003,0.113481777,-0.003929013,-0.09893714,-0.007272584,1.204752469,-0.000497874,-0.105519027
-0.448758797,-0.540625002,-0.573440137,-0.001073174,-0.045632321,-0.002833777,-0.494513307,0.000695251,-0.171796703,-0.004801437,-0.138603071,-0.008966701,0.514671801,-0.000522758,0.06980892
-0.462262929,-0.505955862,-0.54071766,-0.002650453,0.335173916,0.001491237,0.114554315,-0.00679153,0.483116102,-0.005737223,-0.190121838,-0.008835842,-0.131685534,-0.002563285,0.323121118
-0.466899261,-0.694278629,-0.506054019,-0.0024323,0.698540019,0.005079003,0.113481777,-0.009916795,-0.245548187,-0.005971581,-0.222753283,-0.008446022,-0.32424995,-0.003447015,0.567819571
-0.464117462,-0.733662771,-0.694346919,-0.003087277,0.442513629,0.000695251,-0.171796703,-0.006855898,-0.932769517,-0.005213411,-0.232744967,-0.008174089,-0.270730669,-0.002206476,0.45033154
-0.508103842,0.141386314,-0.733724815,-0.008041776,0.693490669,-0.00679153,0.483116102,-0.009297933,1.197740088,-0.005656825,0.073948217,-0.005982376,-0.38200907,-0.005326781,1.058094915
-0.489284254,-0.393073143,0.141185493,-0.010163442,0.326301351,-0.009916795,-0.245548187,-0.010412908,2.0940841,-0.005664031,0.254998486,-0.002817529,-0.411928464,-0.008540386,0.585812754
-0.501652158,-0.530085583,-0.393189202,-0.008004162,-0.236334891,-0.006855898,-0.932769517,-0.009166668,-6.457185228,-0.004384574,0.200712723,-0.000497874,-0.105519027,-0.008301253,-0.251586662
-0.502448824,-0.775820445,-0.530179913,-0.007120008,-0.102568299,-0.009297933,1.197740088,-0.004911479,-0.596303489,-0.004117455,0.215106602,-0.000522758,0.06980892,-0.007747382,-0.148708211
-0.480285852,-0.322070745,-0.775875803,-0.004114467,-0.1714432,-0.010412908,2.0940841,0.002265362,0.136324867,-0.003629235,0.032747606,-0.002563285,0.323121118,-0.004709606,-0.196678382
-0.494482169,-0.491256147,-0.322198065,-0.003373887,-0.438703578,-0.009166668,-6.457185228,0.00251416,0.402060149,-0.003229376,-0.036630153,-0.003447015,0.567819571,-0.003007866,-0.216650549
-0.506993735,-0.527034699,-0.491356635,-0.002262985,-0.352497813,-0.004911479,-0.596303489,0.000407837,0.107116318,-0.003422282,0.055203106,-0.002206476,0.45033154,-0.004663546,-0.375556369
-0.521542674,-0.483767613,-0.527129513,-0.002411971,0.211340047,0.002265362,0.136324867,-0.007105908,0.18426231,-0.004537201,0.07861933,-0.005326781,1.058094915,-0.003731831,-0.110611782
-0.529888071,-0.615510343,-0.483869288,-0.004695421,0.799858086,0.00251416,0.402060149,-0.011880619,-0.158232885,-0.006089217,-0.015518073,-0.008540386,0.585812754,-0.0035878,0.41866891
-0.530083973,-0.788578689,-0.615591125,-0.0043362,0.673981811,0.000407837,0.107116318,-0.009071686,-0.648612539,-0.006469373,-0.109899815,-0.008301253,-0.251586662,-0.004596242,0.546214807
-0.570269867,0.060676557,-0.788632023,-0.009151435,0.581919406,-0.007105908,0.18426231,-0.011209295,0.861823115,-0.007086943,0.076429948,-0.007747382,-0.148708211,-0.006414044,0.958434277
-0.578105921,-0.626327115,0.060488536,-0.013537404,0.442370151,-0.011880619,-0.158232885,-0.015215306,1.802745156,-0.007861247,0.285148448,-0.004709606,-0.196678382,-0.011067847,0.733928076
-0.559534474,-0.398342852,-0.626406181,-0.010640621,-0.094758483,-0.009071686,-0.648612539,-0.012234209,-2.857964283,-0.006926248,0.148264354,-0.003007866,-0.216650549,-0.010903559,-0.123015371
-0.565071952,-0.675141264,-0.398458076,-0.00756059,-0.292639648,-0.011209295,0.861823115,-0.003849782,-0.697757996,-0.006457678,-0.049363914,-0.004663546,-0.375556369,-0.008280621,-0.276662332
-0.55165924,-0.507897334,-0.675212589,-0.005173108,-0.253568156,-0.015215306,1.802745156,0.005061911,-0.100265271,-0.004839196,-0.028414836,-0.003731831,-0.110611782,-0.005970442,-0.257657893
-0.555420546,-0.712861287,-0.507995183,-0.003747478,-0.452100114,-0.012234209,-2.857964283,0.004911653,-0.280586211,-0.00368467,-0.021130847,-0.0035878,0.41866891,-0.003783886,-0.274564133
-0.544097448,-0.552273833,-0.71292663,6.67236E-05,-0.246165492,-0.003849782,-0.697757996,0.004028808,-0.102087213,-0.003659792,-0.0698847,-0.004596242,0.546214807,-0.002699609,-0.323642053
-0.516227218,-0.200867433,-0.552364643,0.00704115,0.450017258,0.005061911,-0.100265271,0.009019695,1.966089928,-0.001897831,-0.062165518,-0.006414044,0.958434277,0.002738226,0.208884055
-0.552782408,-0.01642761,-0.201013974,0.005499312,0.510407537,0.004911653,-0.280586211,0.006083614,1.926905112,-0.002918728,-0.171329413,-0.011067847,0.733928076,0.005438601,0.286074237
-0.593516826,0.072325388,-0.016603402,-0.001734585,0.629764015,0.004028808,-0.102087213,-0.007450672,3.206799899,-0.005811337,-0.154264665,-0.010903559,-0.123015371,-0.000593921,0.325601046
-0.603298833,-0.5850015,0.07213552,-0.006372127,0.895509385,0.009019695,1.966089928,-0.021616423,0.38144009,-0.006621042,0.02718918,-0.008280621,-0.276662332,-0.004934633,0.710290019
-0.571092653,-0.108786198,-0.585087121,-0.005352953,0.456214135,0.006083614,1.926905112,-0.016682621,-1.15990565,-0.004955937,-0.02347501,-0.005970442,-0.257657893,-0.003933581,0.415339367
-0.575389422,-0.70148981,-0.108947343,-0.003743279,-0.046315781,-0.007450672,3.206799899,-2.91732E-05,-0.240683932,-0.003240606,-0.109754881,-0.003783886,-0.274564133,-0.002694267,0.009797387
-0.584740446,-0.594154153,-0.701556956,-0.007987867,-0.452200018,-0.021616423,0.38144009,0.005935853,-0.355826299,-0.003425952,-0.089819605,-0.002699609,-0.323642053,-0.004155407,-0.022292423
-0.571027353,-0.501518212,-0.594238322,-0.006952374,-0.555425287,-0.016682621,-1.15990565,0.003022313,-0.634722142,-0.001898682,-0.048859375,0.002738226,0.208884055,-0.006552086,-0.447672416
-0.555642567,-0.466017013,-0.501617072,0.001576951,-0.058443459,-2.91732E-05,-0.240683932,0.003205751,0.433412613,0.000744883,-0.005653847,0.005438601,0.286074237,-0.003963761,-0.44104352
-0.522130378,-0.081050886,-0.466121504,0.009616409,0.509887359,0.005935853,-0.355826299,0.013286055,2.578923597,0.002058338,0.118155878,-0.000593921,0.325601046,0.004723925,0.298394718
-0.513954762,-0.619115934,-0.08121643,0.011189039,1.014394643,0.003022313,-0.634722142,0.019307346,1.075189041,0.003043582,0.263422011,-0.004934633,0.710290019,0.011122126,0.702748439
-0.525591302,-0.545617358,-0.619196144,0.00862474,0.426272058,0.003205751,0.433412613,0.014010291,-1.307067716,0.002651769,0.19939738,-0.003933581,0.415339367,0.009332793,0.222023055
-0.546591926,-0.346755173,-0.545709224,0.007047051,-0.32463716,0.013286055,2.578923597,0.000889916,-0.221937572,0.001197366,0.057561305,-0.002694267,0.009797387,0.00511702,-0.040968299
-0.561114745,-0.484322319,-0.346878577,0.003833525,-0.326457539,0.019307346,1.075189041,-0.011299901,0.538008584,-0.000280477,-0.001599343,-0.004155407,-0.022292423,0.003588347,-0.253865769
-0.561793869,-0.778316623,-0.484423906,0.000298828,-0.047304742,0.014010291,-1.307067716,-0.013090245,-1.331045384,-0.0021417,-0.089799033,-0.006552086,-0.447672416,0.002242214,-0.226254003
-0.569316481,-0.63298359,-0.778371585,-0.004224743,0.121817613,0.000889916,-0.221937572,-0.009288882,-0.80454691,-0.002124522,-0.083186803,-0.003963761,-0.44104352,-0.000302408,0.014778754
-0.589860001,-0.356462532,-0.633061601,-0.009742156,0.044630803,-0.011299901,0.538008584,-0.008174127,0.332602161,-0.000440799,-0.010460872,0.004723925,0.298394718,-0.005534939,0.277193724
-0.60133982,-0.548945595,-0.356584397,-0.012008596,-0.09292266,-0.013090245,-1.331045384,-0.010908317,1.35919725,0.000192535,-0.021543105,0.011122126,0.702748439,-0.010540225,0.158080362
-0.593438466,-0.624940349,-0.549036934,-0.009744011,-0.185754807,-0.009288882,-0.80454691,-0.01020688,-1.90112595,-0.000699344,0.041717958,0.009332793,0.222023055,-0.010558022,-0.262412722
-0.59402617,-0.780258095,-0.625019636,-0.006377742,-0.212621587,-0.008174127,0.332602161,-0.004555991,-0.813754676,-0.001405679,0.094397992,0.00511702,-0.040968299,-0.007877079,-0.325948572
-0.595959063,-0.751690724,-0.780312749,-0.005396381,-0.315855121,-0.010908317,1.35919725,0.000196871,-0.280770376,-0.001023954,0.073866752,0.003588347,-0.253865769,-0.005655794,-0.210737174
-0.600908837,-0.687622154,-0.751749909,-0.005310274,-0.638421362,-0.01020688,-1.90112595,-0.000340033,-0.145078317,-0.001410697,0.086770665,0.002242214,-0.226254003,-0.005107752,-0.298698821
-0.636993864,-0.026412322,-0.687691499,-0.006374505,0.351302712,-0.004555991,-0.813754676,-0.008213107,4.788935175,-0.003820336,0.23374238,-0.000302408,0.014778754,-0.007399498,0.068540059
-0.621635199,-0.466571719,-0.026586531,-0.005474929,1.218397438,0.000196871,-0.280770376,-0.011167866,11.03993599,-0.006213973,0.143504996,-0.005534939,0.277193724,-0.006907612,0.385611275
-0.594391852,-0.214180382,-0.466676122,-0.001729734,0.282684681,-0.000340033,-0.145078317,-0.003120852,-0.232178506,-0.006188916,-0.204558685,-0.010540225,0.158080362,-0.001729106,0.100772299
-0.579007067,-0.466017013,-0.214324813,0.001149415,0.173666166,-0.008213107,4.788935175,0.010581138,0.155282934,-0.004616648,-0.300312607,-0.010558022,-0.262412722,0.001496029,0.181789766
-0.629314531,0.275625223,-0.466121504,-0.001500892,0.253943697,-0.011167866,11.03993599,0.008287293,0.232083258,-0.004711647,-0.183865202,-0.007877079,-0.325948572,-0.001462726,0.245040578
-0.653123074,-0.287124252,0.275403113,-0.007004707,0.373396273,-0.003120852,-0.232178506,-0.010928269,0.753263905,-0.006064188,0.050818208,-0.005655794,-0.210737174,-0.006480648,0.383986713
-0.680888824,-0.203086258,-0.287257114,-0.007857806,0.713082214,0.010581138,0.155282934,-0.02618005,0.001581094,-0.007340129,0.316490689,-0.005107752,-0.298698821,-0.009603689,0.67290795
-0.696156068,-0.468513191,-0.203232447,-0.009708052,0.850558463,0.008287293,0.232083258,-0.027536507,-0.621545211,-0.00857589,0.449806657,-0.007399498,0.068540059,-0.009767752,0.801875314
-0.701771907,-0.673477145,-0.468617286,-0.014976843,0.343174861,-0.010928269,0.753263905,-0.019031038,-0.396560713,-0.00835221,0.404997483,-0.006907612,0.385611275,-0.009818153,0.554146873
-0.7037701,-0.750303958,-0.673548734,-0.019182869,-0.441880202,-0.02618005,0.001581094,-0.011988329,-0.692272895,-0.007529673,0.295049385,-0.001729106,0.100772299,-0.013433238,0.092976709
-0.722524389,-0.394459909,-0.750363363,-0.018123535,-0.49536211,-0.027536507,-0.621545211,-0.008347667,0.02940104,-0.008169384,0.221743777,0.001496029,0.181789766,-0.018001285,-0.381201562
-0.726612196,-0.70592746,-0.394575748,-0.013985186,-0.281377346,-0.019031038,-0.396560713,-0.008751881,0.761821085,-0.009270081,0.156387897,-0.001462726,0.245040578,-0.017239719,-0.434717126
-0.742284304,-0.459915244,-0.705993902,-0.011435822,-0.194732005,-0.011988329,-0.692272895,-0.010870198,-0.257809299,-0.009916792,0.105069842,-0.006480648,0.383986713,-0.013453764,-0.248150569
-0.764956619,-0.311253974,-0.460020703,-0.01112624,0.293497426,-0.008347667,0.02940104,-0.013951698,0.619992745,-0.011086309,0.109913739,-0.009603689,0.67290795,-0.012629963,-0.009519699
-0.759967665,-0.686790094,-0.311383009,-0.010921388,0.332415528,-0.008751881,0.761821085,-0.01311872,0.121767246,-0.010300996,0.119053395,-0.009767752,0.801875314,-0.010858776,0.17079398
-0.76508722,-0.684016563,-0.686859572,-0.010332384,-0.263590796,-0.010870198,-0.257809299,-0.009786161,-1.568430654,-0.009612308,0.070917128,-0.009818153,0.554146873,-0.009396442,-0.038583826
-0.767398855,-0.743647484,-0.684086481,-0.009235638,-0.295814,-0.013951698,0.619992745,-0.004431992,-0.420717569,-0.011485421,-0.064600972,-0.013433238,0.092976709,-0.009441596,-0.240633237
-0.754521607,-0.519268812,-0.743707944,-0.006362322,-0.419036876,-0.01311872,0.121767246,0.000530451,0.331260762,-0.012705792,-0.281481613,-0.018001285,-0.381201562,-0.007146196,-0.357782113
-0.746437412,-0.621057406,-0.519364857,-0.002817813,-0.436918404,-0.009786161,-1.568430654,0.004272346,2.318987956,-0.010724552,-0.336708951,-0.017239719,-0.434717126,-0.003891138,-0.391377754
-0.770089234,-0.29045249,-0.621137308,-0.000819307,-0.03275655,-0.004431992,-0.420717569,0.002830932,1.35584093,-0.008633616,-0.239443568,-0.013453764,-0.248150569,-0.003593525,-0.348544863
-0.75339844,-0.438281701,-0.290584824,0.000127069,0.146509204,0.000530451,0.331260762,-0.000277728,0.230610458,-0.007033732,-0.220447088,-0.012629963,-0.009519699,-0.001228726,-0.085386465
-0.753346199,-0.791629573,-0.438390591,0.00162015,0.038090984,0.004272346,2.318987956,-0.001021903,-0.224189448,-0.004835747,-0.209226026,-0.010858776,0.17079398,0.001376973,0.059401428
-0.772557591,-0.38475255,-0.791682424,0.000582687,0.122080192,0.002830932,1.35584093,-0.001657054,-0.089691138,-0.004792371,-0.195791484,-0.009396442,-0.038583826,-6.4434E-05,0.190623521
-0.758609415,-0.496525856,-0.384869928,-0.00081806,0.116625058,-0.000277728,0.230610458,-0.001356761,0.022702133,-0.004717148,-0.292122476,-0.009441596,-0.240633237,0.000100033,0.079576715
-0.773184475,-0.483212906,-0.496625508,-0.002725192,-0.106573087,-0.001021903,-0.224189448,-0.004431035,-0.293915456,-0.003969968,-0.315516254,-0.007146196,-0.357782113,-0.000748384,0.075048058
-0.784834075,-0.545340005,-0.48331467,-0.003668735,0.24425606,-0.001657054,-0.089691138,-0.005683355,0.289979756,-0.004108198,-0.184346505,-0.003891138,-0.391377754,-0.004327439,0.224678931
-0.800127439,-0.467958485,-0.545431915,-0.005437514,0.744755619,-0.001356761,0.022702133,-0.009528811,0.5311082,-0.0043883,0.067067881,-0.003593525,-0.348544863,-0.005186696,0.695527348
-0.80465929,-0.696497454,-0.468062668,-0.008692631,0.512644714,-0.004431035,-0.293915456,-0.012975074,-0.333922524,-0.003695185,0.453028226,-0.001228726,-0.085386465,-0.006170404,0.713065053
-0.812704305,-0.621889465,-0.696565392,-0.008119646,0.271139568,-0.005683355,0.289979756,-0.010572138,-0.543612713,-0.003509483,0.581102879,0.001376973,0.059401428,-0.008420253,0.201747711
-0.799187113,-0.505678509,-0.621969235,-0.007196431,-0.196057672,-0.009528811,0.5311082,-0.004833228,-0.26558563,-0.003304028,0.309256078,-6.4434E-05,0.190623521,-0.00656033,-0.017992757
-0.808590377,-0.593044741,-0.505776709,-0.006804925,-0.616396731,-0.012975074,-0.333922524,-0.000539814,0.053835256,-0.002869084,0.151240318,0.000100033,0.079576715,-0.00586786,-0.300579874
-0.827906249,-0.382533725,-0.593129086,-0.007053686,-0.179359763,-0.010572138,-0.543612713,-0.003470857,1.231242023,-0.004374876,0.194954572,-0.000748384,0.075048058,-0.008056169,-0.298015279
-0.841462622,-0.504846449,-0.382651455,-0.007614387,0.43389261,-0.004833228,-0.26558563,-0.010425007,1.410600676,-0.006438798,0.203399423,-0.004327439,0.224678931,-0.008585247,0.090632771
-0.834619135,-0.647405952,-0.504944782,-0.006452131,0.598018238,-0.000539814,0.053835256,-0.012397566,-1.134896786,-0.006109878,0.159556322,-0.005186696,0.695527348,-0.007052661,0.207573711
-0.808655677,-0.241360988,-0.647481675,-0.002354117,0.092918119,-0.003470857,1.231242023,-0.001233679,0.053761757,-0.004599961,-0.023537703,-0.006170404,0.713065053,-0.002991629,-0.000251073
-0.814493537,-0.668762142,-0.241501108,-0.001026662,-0.150649104,-0.010425007,1.410600676,0.00847754,0.414219217,-0.004486438,-0.195790757,-0.008420253,0.201747711,-0.000451697,-0.038930436
-0.810941193,-0.717298937,-0.668834479,-0.001614675,-0.201717492,-0.012397566,-1.134896786,0.009334165,-2.11932861,-0.003845663,-0.15911486,-0.00656033,-0.017992757,-0.001060213,-0.131607997
-0.801616289,-0.594708859,-0.717363576,0.002188317,0.102171827,-0.001233679,0.053761757,0.00564114,-0.40274754,-0.003151483,-0.221969714,-0.00586786,-0.300579874,-0.00037431,-0.048849764
-0.802883118,-0.765835733,-0.594792941,0.005938134,-0.112810318,0.00847754,0.414219217,0.003408098,0.155353753,-0.002821878,-0.30937937,-0.008056169,-0.298015279,0.002505979,0.129694952
-0.828337232,-0.25217776,-0.765892674,0.004107486,-0.444801311,0.009334165,-2.11932861,-0.001052719,2.863664686,-0.002845378,-0.195141938,-0.008585247,0.090632771,0.002990493,-0.167219459
-0.850696105,-0.317910448,-0.252316164,-0.003266169,0.419995605,0.00564114,-0.40274754,-0.012080104,2.836563417,-0.003662726,0.062789411,-0.007052661,0.207573711,-0.00023125,0.122107917
-0.849194195,-0.760843377,-0.318038428,-0.006984885,1.046964091,0.003408098,0.155353753,-0.017298096,-0.509511861,-0.003707184,0.27043644,-0.002991629,-0.000251073,-0.004427029,0.521075024
-0.862084503,-0.518991458,-0.76090111,-0.007808954,0.740261922,-0.001052719,2.863664686,-0.014563649,-1.119367238,-0.003667076,0.329215399,-0.000451697,-0.038930436,-0.00688419,0.60236851
-0.891652545,-0.164811528,-0.519087548,-0.012891962,0.41995605,-0.012080104,2.836563417,-0.013711995,0.387504122,-0.005549563,0.516826237,-0.001060213,-0.131607997,-0.010034873,0.681170451
-0.89231861,-0.778593976,-0.164963787,-0.016440749,-0.019406936,-0.017298096,-0.509511861,-0.015565501,0.817562553,-0.006905426,0.52044693,-0.00037431,-0.048849764,-0.013449372,0.356168636
-0.875536395,-0.436340229,-0.778648894,-0.012575517,-0.418082205,-0.014563649,-1.119367238,-0.010539556,-1.740085902,-0.005158213,0.260090364,0.002505979,0.129694952,-0.012865163,-0.352617363
-0.899083736,-0.292671315,-0.436449427,-0.008871085,-0.191577489,-0.013711995,0.387504122,-0.003920203,-0.236262745,-0.004148094,0.202528376,0.002990493,-0.167219459,-0.011365777,-0.355846404
-0.901643513,-0.738377774,-0.292803297,-0.00943666,-0.160198143,-0.015565501,0.817562553,-0.003171151,0.283104738,-0.004928711,0.224619373,-0.00023125,0.122107917,-0.009715226,-0.115812026
-0.887799819,-0.498744681,-0.73843907,-0.007347363,-0.535893715,-0.010539556,-1.740085902,-0.004096096,-0.5006759,-0.005790677,0.075750129,-0.004427029,0.521075024,-0.007191023,-0.287159036
-0.89973674,-0.539238236,-0.498843981,-0.003191622,-0.273153865,-0.003920203,-0.236262745,-0.00245418,-0.568148589,-0.006527342,-0.021512375,-0.00688419,0.60236851,-0.006158419,-0.5271204
-0.905248098,-0.67569597,-0.539331114,-0.001994158,0.121771683,-0.003171151,0.283104738,-0.000810397,0.107941153,-0.007148436,-0.035962726,-0.010034873,0.681170451,-0.004155758,-0.186472886
-0.915591689,-0.573075316,-0.675767207,-0.005040453,-0.090840207,-0.004096096,-0.5006759,-0.005990038,0.074157535,-0.008318563,-0.121985044,-0.013449372,0.356168636,-0.00299912,0.272589365
-0.908552301,-0.643245655,-0.573162828,-0.00471484,-0.178592285,-0.00245418,-0.568148589,-0.006985095,-0.484623569,-0.008802328,-0.265502667,-0.012865163,-0.352617363,-0.004592958,-0.168593154
-0.894264563,-0.489314675,-0.643322038,-0.000199184,0.089847663,-0.000810397,0.107941153,0.000413958,0.315909439,-0.006902874,-0.327173081,-0.011365777,-0.355846404,-0.002303297,-0.358755038
-0.938551326,0.147765436,-0.489415471,-0.00415015,0.69454518,-0.005990038,0.074157535,-0.002298943,2.151759524,-0.00621476,-0.127614584,-0.009715226,-0.115812026,-0.002626206,0.619428243
-0.984039617,0.173281923,0.147563603,-0.012934544,2.425256116,-0.006985095,-0.484623569,-0.018929996,6.439891502,-0.00903852,0.30989933,-0.007191023,-0.287159036,-0.010926625,2.551203404
-0.996760144,-0.522597049,0.173076043,-0.016826406,2.627902017,0.000413958,0.315909439,-0.034151537,0.736171612,-0.01096812,0.650698895,-0.006158419,-0.5271204,-0.015853681,2.605398775
-1.020438086,-0.289897783,-0.522692566,-0.018884253,1.16139259,-0.002298943,2.151759524,-0.035536023,-1.168724769,-0.010759984,0.720029188,-0.004155758,-0.186472886,-0.017461059,1.067316295
-1.053871914,-0.082715005,-0.290030205,-0.024255709,0.467547603,-0.018929996,6.439891502,-0.029672522,-0.042517857,-0.011923355,0.695402655,-0.00299912,0.272589365,-0.021022166,0.594741932
-1.063980423,-0.578067672,-0.082880285,-0.030818803,-0.100338202,-0.034151537,0.736171612,-0.027352415,0.141051018,-0.014453289,0.502756295,-0.004592958,-0.168593154,-0.02455702,0.29412216
-1.039414395,-0.271037771,-0.578154393,-0.026744084,-0.50264487,-0.035536023,-1.168724769,-0.017488586,-0.884980052,-0.013649483,0.216615331,-0.002303297,-0.358755038,-0.025375785,-0.306898598
-1.040668164,-0.766113086,-0.271173185,-0.015793354,-0.392928291,-0.029672522,-0.042517857,-0.001188038,-0.312018072,-0.011676089,0.073266327,-0.002626206,0.619428243,-0.021121646,-0.532237716
-1.059474693,-0.393350496,-0.766169984,-0.012175007,-0.336088383,-0.027352415,0.141051018,0.00369588,-0.048691849,-0.013089264,0.020501296,-0.010926625,2.551203404,-0.015370648,-0.332915159
-1.070954511,-0.548945595,-0.393466511,-0.011671565,-0.361177998,-0.017488586,-0.884980052,-0.005664374,0.117816644,-0.014531416,-0.003253809,-0.015853681,2.605398775,-0.013118242,-0.274766447
-1.046636625,-0.276307481,-0.549036934,-0.004487505,-0.122284732,-0.001188038,-0.312018072,-0.007837294,0.067065118,-0.01332643,-0.055723207,-0.017461059,1.067316295,-0.00888111,-0.400588719
-1.053819674,-0.640194771,-0.276442058,0.001815473,-0.035380644,0.00369588,-0.048691849,-6.54311E-05,-0.248851664,-0.012007953,-0.111932262,-0.021022166,0.594741932,-0.002328532,-0.227139688
-1.062700535,-0.604138865,-0.640271638,-0.001377042,-0.165102729,-0.005664374,0.117816644,0.002922749,-0.2693476,-0.012648916,-0.160637472,-0.02455702,0.29412216,0.000119426,-0.010201325
-1.059291851,-0.720349822,-0.604221451,-0.004393609,-0.298264548,-0.007837294,0.067065118,-0.000926012,-0.658720974,-0.013893303,-0.340547227,-0.025375785,-0.306898598,-0.001671201,-0.15209897
-1.05468164,-0.694833335,-0.720413977,-0.001448389,-0.220106485,-6.54311E-05,-0.248851664,-0.002840605,-0.321959511,-0.012312514,-0.449794109,-0.021121646,-0.532237716,-0.003045467,-0.346494847
-1.067101785,-0.528976171,-0.694901537,0.000907628,-0.087595028,0.002922749,-0.2693476,-0.001104137,0.223462998,-0.008782365,-0.337692508,-0.015370648,-0.332915159,-0.001944416,-0.151494109
-1.029397307,0.007979465,-0.529070676,0.002218565,0.598234627,-0.000926012,-0.658720974,0.005362313,3.390488587,-0.005138554,-0.295906601,-0.013118242,-0.274766447,0.003054092,0.474579423
-1.011557225,-0.413874627,0.007799801,0.006255535,1.769561441,-0.002840605,-0.321959511,0.015361747,5.486432083,-0.001060559,-0.148807892,-0.00888111,-0.400588719,0.006906869,1.55356639
-1.001187514,-0.57252061,-0.413987387,0.010905697,1.927721723,-0.001104137,0.223462998,0.022960846,-0.787735953,0.002758703,0.312624173,-0.002328532,-0.227139688,0.007910436,1.6947979
-1.009049688,-0.625772409,-0.57260821,0.011723042,0.358843744,0.005362313,3.390488587,0.018050985,-1.194292163,0.004829233,0.437026116,0.000119426,-0.010201325,0.009549547,0.543558232
-1.028143538,-0.387248728,-0.625851563,0.008018648,-0.160834181,0.015361747,5.486432083,0.000780044,-0.01432688,0.002969615,0.125908233,-0.001671201,-0.15209897,0.00759528,-0.108383704
-1.058142563,-0.155658875,-0.38736571,0.003683546,-0.230496284,0.022960846,-0.787735953,-0.015045811,1.35520263,-0.000277617,0.034067876,-0.003045467,-0.346494847,0.002468265,-0.072619817
-1.074807237,-0.438836408,-0.155812586,-0.00376286,0.225118769,0.018050985,-1.194292163,-0.025001663,1.808515123,-0.001464557,0.066139891,-0.001944416,-0.151494109,-0.000990717,0.098595903
-1.054002515,-0.350915469,-0.438945209,-0.009044645,0.373175126,0.000780044,-0.01432688,-0.018729392,-0.990779897,7.22586E-05,0.00587674,0.003054092,0.474579423,-0.002858807,0.140806729
-1.047772853,-0.660441548,-0.351038214,-0.009157207,-0.309709326,-0.015045811,1.35520263,-0.003203812,-0.383488273,0.000706238,-0.042062291,0.006906869,1.55356639,-0.005383,-0.002043178
-1.011452744,-0.021419966,-0.660515205,-0.005062324,-0.226727297,-0.025001663,1.808515123,0.015459443,0.506066283,0.001842378,0.05326984,0.007910436,1.6947979,-0.004116635,-0.135381792
-0.985894149,-0.249958935,-0.021594967,0.004135749,0.337523968,-0.018729392,-0.990779897,0.027717123,1.538035623,0.005321184,0.18547235,0.009549547,0.543558232,0.00114414,0.12444284
-1.013346457,-0.209742733,-0.250097691,0.009078563,0.446551191,-0.003203812,-0.383488273,0.021570874,-0.540208025,0.005481243,0.115277489,0.00759528,-0.108383704,0.003379526,0.257436385
-1.020425026,-0.642413596,-0.209887867,0.010346571,-0.355254559,0.015459443,0.506066283,0.005284507,-0.559413448,0.003574503,-0.041361207,0.002468265,-0.072619817,0.00468049,-0.007351786
-1.005497343,-0.475724372,-0.642490111,0.01068641,-0.384451296,0.027717123,1.538035623,-0.005849814,-0.252936443,0.004257832,-0.083381434,-0.000990717,0.098595903,0.009519429,-0.260067268
-0.998719157,-0.648792717,-0.475827323,0.010086035,-0.392881293,0.021570874,-0.540208025,-0.001011509,-0.465341073,0.004090541,-0.026922626,-0.002858807,0.140806729,0.011067234,-0.347354822
-1.011740066,-0.516217927,-0.648868221,0.00501348,-0.316629355,0.005284507,-0.559413448,0.004747618,-0.052350989,0.001349693,0.033807765,-0.005383,-0.002043178,0.008084246,-0.409974629
-0.985554587,-0.236645985,-0.516314456,5.34398E-06,0.006807946,-0.005849814,-0.252936443,0.005853497,0.26620844,0.000681947,0.051587647,-0.004116635,-0.135381792,0.005449328,-0.242348327
-0.972376957,-0.51288969,-0.236786852,0.004204652,0.437639281,-0.001011509,-0.465341073,0.009435645,1.217856215,0.002305581,0.161727706,0.00114414,0.12444284,0.003451383,0.288013696
-0.954693596,-0.417202864,-0.512986747,0.010860895,0.755860495,0.004747618,-0.052350989,0.016969558,0.367369018,0.004854137,0.279435252,0.003379526,0.257436385,0.006299654,0.846643152
-0.954288733,-0.784141039,-0.417315097,0.011902705,0.469746371,0.005853497,0.26620844,0.01789888,-0.74149228,0.007810055,0.192690683,0.00468049,-0.007351786,0.010868156,0.482898411
-0.940118536,-0.491810853,-0.784195077,0.011130483,0.243135619,0.009435645,1.217856215,0.012806538,-0.358579873,0.010490615,-0.027492533,0.009519429,-0.260067268,0.011440465,0.167445111
-0.923623644,-0.442441998,-0.491911253,0.014773104,-0.06189257,0.016969558,0.367369018,0.012621885,0.324107338,0.011619599,-0.02154493,0.011067234,-0.347354822,0.012157794,0.252929742
-0.91583983,-0.627436527,-0.442550228,0.015810675,-0.20209452,0.01789888,-0.74149228,0.013769893,0.396633049,0.011446688,0.036125415,0.008084246,-0.409974629,0.014715138,-0.043891354
-0.930101448,-0.489869381,-0.627515418,0.011153108,-0.231788417,0.012806538,-0.358579873,0.009538914,-0.988668892,0.009252854,0.031860314,0.005449328,-0.242348327,0.012951932,-0.360828331
-0.925360636,-0.692059804,-0.489970089,0.007069448,-0.33868037,0.012621885,0.324107338,0.001619756,-0.334522127,0.006120729,0.07525709,0.003451383,0.288013696,0.008712744,-0.332295794
-0.907520554,-0.413874627,-0.692128446,0.007461626,-0.226517666,0.013769893,0.396633049,0.001278017,0.384453336,0.007135919,0.075274027,0.006299654,0.846643152,0.00794393,-0.18105852
-0.922826978,-0.467681132,-0.413987387,0.006255053,-0.354999526,0.009538914,-0.988668892,0.003021806,0.334555002,0.008695443,-0.06065482,0.010868156,0.482898411,0.006601185,-0.248132472
-0.930911173,-0.621057406,-0.467785359,0.000974044,-0.167011271,0.001619756,-0.334522127,0.000334181,-0.003741783,0.007341092,-0.156851362,0.011440465,0.167445111,0.003400644,-0.473859229
-0.933758273,-0.732276006,-0.621137308,-0.00244306,0.129550888,0.001278017,0.384453336,-0.006152182,-0.334360639,0.00592288,-0.161904792,0.012157794,0.252929742,-7.72309E-05,-0.063889607
-0.92897828,-0.691227744,-0.73233827,-0.001625139,0.045231187,0.003021806,0.334555002,-0.006259639,-0.981671973,0.006244017,-0.301867223,0.014715138,-0.043891354,-0.001933321,0.051809505
-0.892553691,-0.019201141,-0.691296518,0.003285451,0.742989531,0.000334181,-0.003741783,0.006230986,1.419718782,0.007405879,-0.277902838,0.012951932,-0.360828331,0.002026159,0.679281149
-0.883228787,-0.594708859,-0.019376494,0.005538475,1.313455407,-0.006152182,-0.334360639,0.01728486,3.83907656,0.007654023,-0.056477225,0.008712744,-0.332295794,0.006619585,1.217376412
-0.886637471,-0.720349822,-0.594792941,0.005865938,0.859493819,-0.006259639,-0.981671973,0.018081081,-7.410363897,0.006582934,0.016190261,0.00794393,-0.18105852,0.005240845,0.884373697
-0.900690127,-0.494307031,-0.720413977,0.006420576,0.002749462,0.006230986,1.419718782,0.006609947,-0.662026489,0.005074533,-0.082545099,0.006601185,-0.248132472,0.003566757,0.148390296
-0.88360753,-0.429961108,-0.494407035,0.007752143,-0.308539539,0.01728486,3.83907656,-0.001629633,0.181855754,0.00457594,-0.078426205,0.003400644,-0.473859229,0.005737229,-0.062222508
-0.859864288,-0.288511018,-0.430071317,0.011463491,-0.335535259,0.018081081,-7.410363897,0.00501076,2.383840419,0.004984104,0.223613715,-7.72309E-05,-0.063889607,0.009996198,-0.059181412
-0.859590026,-0.78691457,-0.28864366,0.009783085,-0.058495248,0.006609947,-0.662026489,0.0129051,0.504913179,0.004962258,0.389367694,-0.001933321,0.051809505,0.011796165,-0.258085502
-0.857761613,-0.753909549,-0.786968168,0.005573203,0.249168636,-0.001629633,0.181855754,0.012729711,-2.124051402,0.005304657,0.235223076,0.002026159,0.679281149,0.008543704,-0.194989226
-0.853033861,-0.692337157,-0.753968382,0.005597343,0.191571163,0.00501076,2.383840419,0.006181899,-0.50746907,0.005952218,0.11392741,0.006619585,1.217376412,0.005297404,0.131724525
-0.868510067,-0.464075541,-0.692405755,0.006214023,-0.439431293,0.0129051,0.504913179,-0.000392275,0.492298667,0.004570325,0.061268576,0.005240845,0.884373697,0.003916832,0.023808075
-0.904360012,-0.031404678,-0.46418034,0.001076875,0.003888095,0.012729711,-2.124051402,-0.010371936,20.0733974,0.002352428,-0.030163658,0.003566757,0.148390296,0.001168578,-0.005267223
-0.899357998,-0.686512741,-0.031578095,-0.005659366,0.607359634,0.006181899,-0.50746907,-0.017337632,3.394637464,0.002041174,-0.127600607,0.005737229,-0.062222508,-0.001565894,0.212804972
-0.870142578,-0.172300062,-0.686582263,-0.004687043,0.233096945,-0.000392275,0.492298667,-0.008962743,-0.989409841,0.003877388,-0.20968928,0.009996198,-0.059181412,-0.002095678,0.125376614
-0.884913539,-0.47905261,-0.172451134,-0.00353806,-0.139958243,-0.010371936,20.0733974,0.003358547,-0.182607413,0.004383838,-0.293315717,0.011796165,-0.258085502,-0.002867289,-0.06581284
-0.882249281,-0.736158949,-0.479155033,-0.005308994,-0.301015393,-0.017337632,3.394637464,0.006952638,-0.546414205,0.002210613,-0.195411055,0.008543704,-0.194989226,-0.004016775,-0.115650544
-0.849194195,-0.090758245,-0.736220597,-0.000933323,0.018125192,-0.008962743,-0.989409841,0.007240543,0.286237436,0.001798143,0.05352799,0.005297404,0.131724525,-0.001666437,-0.041645482
-0.846190374,-0.728947768,-0.090922249,0.007324031,0.320075678,0.003358547,-0.182607413,0.011310946,0.830742794,0.003015174,0.165150782,0.003916832,0.023808075,0.002115565,0.237048157
-0.84122754,-0.687344801,-0.72901056,0.011023277,-0.062198215,0.006952638,-0.546414205,0.015067057,-2.016508208,0.004042866,0.071875807,0.001168578,-0.005267223,0.006924418,0.188572988
-0.852759599,-0.547836183,-0.68741419,0.007144313,-0.095047706,0.007240543,0.286237436,0.007049125,-0.71480636,0.003649408,-0.007957536,-0.001565894,0.212804972,0.008889021,-0.254543901
-0.873459841,-0.353134294,-0.547927697,0.002713301,-0.132009645,0.011310946,0.830742794,-0.00576101,0.615193259,0.000696023,-0.004872064,-0.002095678,0.125376614,0.003499768,-0.184938416
-0.874504648,-0.770550736,-0.353256687,0.001796583,-0.25186514,0.015067057,-2.016508208,-0.011226133,1.610476918,-0.001147451,-0.0029689,-0.002867289,-0.06581284,0.000570526,-0.070645442
-0.876542022,-0.749471899,-0.77060693,-0.001831491,-0.030568349,0.007049125,-0.71480636,-0.010586588,-2.552363464,-0.001354444,-0.009725423,-0.004016775,-0.115650544,0.001291711,-0.17374508
-0.862149803,-0.48709585,-0.749531436,-0.004041793,-0.006257741,-0.00576101,0.615193259,-0.002325842,-0.274057292,-0.001121967,-0.03051331,-0.001666437,-0.041645482,-0.00058111,-0.100928391
-0.843160433,-0.389467553,-0.487196998,-0.001668654,-0.160123038,-0.011226133,1.610476918,0.008003803,1.237437185,0.000653297,0.04598405,0.002115565,0.237048157,-0.000795091,-0.005414229
-0.830505207,-0.523983815,-0.389584184,0.001900047,0.310824388,-0.010586588,-2.552363464,0.014585154,5.192649211,0.003995331,0.048217303,0.006924418,0.188572988,0.001101117,0.20930359
-0.844988846,-0.485154378,-0.524079112,0.004749879,0.357099511,-0.002325842,-0.274057292,0.011886485,-1.137115442,0.005165952,-0.149530092,0.008889021,-0.254543901,0.001482241,0.228155553
-0.861562099,-0.440777879,-0.485255834,0.003878629,-0.183784511,0.008003803,1.237437185,-0.00023199,-0.023140116,0.002533559,-0.13152734,0.003499768,-0.184938416,0.001576069,-0.031825155
-0.881465675,-0.370052834,-0.440886373,0.000749456,-0.030486671,0.014585154,5.192649211,-0.012858755,0.651463927,0.000482675,-0.032017777,0.000570526,-0.070645442,0.000395247,0.012149363
-0.892514511,-0.558098248,-0.370172544,-0.003289342,0.400144941,0.011886485,-1.137115442,-0.018200029,0.018475033,-0.000272973,0.051636186,0.001291711,-0.17374508,-0.001834981,0.262932947
-0.901721874,-0.597205038,-0.558188135,-0.008279104,0.593514741,-0.00023199,-0.023140116,-0.016259375,-0.52262628,-0.002513413,0.245349661,-0.00058111,-0.100928391,-0.004440064,0.506556242
-0.884965779,-0.436894936,-0.597288723,-0.010527276,-0.172335627,-0.012858755,0.651463927,-0.008173015,-0.399379502,-0.003654085,0.184216612,-0.000795091,-0.005414229,-0.006508687,0.226457091
-0.905143617,-0.364228419,-0.437004045,-0.010705964,-0.501682929,-0.018200029,0.018475033,-0.003046449,0.041837852,-0.004111555,0.072007889,0.001101117,0.20930359,-0.009325258,-0.251349535
-0.903693947,-0.761952789,-0.364349053,-0.009606916,-0.387460278,-0.016259375,-0.52262628,-0.002778917,0.282274939,-0.004608066,0.103195954,0.001482241,0.228155553,-0.010712603,-0.387350903
-0.911294919,-0.631319471,-0.762010347,-0.006793445,-0.301636693,-0.008173015,-0.399379502,-0.005389917,-0.805882194,-0.003567185,0.143875345,0.001576069,-0.031825155,-0.008741086,-0.404327623
-0.918935072,-0.630487412,-0.631397746,-0.005340558,0.07699582,-0.003046449,0.041837852,-0.00765932,-0.336533532,-0.003314339,0.196070814,0.000395247,0.012149363,-0.007071842,-0.200579204
-0.909296726,-0.588052385,-0.630565818,-0.003240609,0.189242422,-0.002778917,0.282274939,-0.003703898,0.093418412,-0.003116053,0.145933517,-0.001834981,0.262932947,-0.004420691,-0.038091601
-0.924093807,-0.478497903,-0.588137521,-0.004464642,-0.355059329,-0.005389917,-0.805882194,-0.003532098,-0.027225027,-0.003828945,0.096356214,-0.004440064,0.506556242,-0.003203457,0.115844711
-0.931564178,-0.634093002,-0.478600415,-0.006282097,-0.097145242,-0.00765932,-0.336533532,-0.004893718,0.819609038,-0.006089939,0.030169157,-0.006508687,0.226457091,-0.005660266,-0.015887664
-0.970718326,0.038765661,-0.634170837,-0.008962156,1.282709008,-0.003703898,0.093418412,-0.014266735,3.446385498,-0.009272585,0.013136681,-0.009325258,-0.251349535,-0.009218534,0.948543115
-0.957227253,-0.506233215,0.038581115,-0.010874307,1.68168142,-0.003532098,-0.027225027,-0.018262168,1.139316256,-0.010265098,-0.025530916,-0.010712603,-0.387350903,-0.009806483,1.045355415
-0.961510963,-0.701767163,-0.506331328,-0.008542387,0.153766331,-0.004893718,0.819609038,-0.012212976,-1.60142062,-0.008659012,-0.085266772,-0.008741086,-0.404327623,-0.008574861,0.122199107
-0.95677015,-0.692059804,-0.701834265,-0.008747713,-0.241443087,-0.014266735,3.446385498,-0.003134772,-0.689822656,-0.007192957,-0.038511265,-0.007071842,-0.200579204,-0.007317063,-0.032023745
-0.952603982,-0.704263341,-0.692128446,-0.007414402,-0.470526911,-0.018262168,1.139316256,0.003662673,-0.122528209,-0.005582717,-0.030515638,-0.004420691,-0.038091601,-0.006773072,-0.30315938
-0.961667684,-0.600255922,-0.704330047,-0.005743324,-0.498088851,-0.012212976,-1.60142062,0.00088613,0.278749874,-0.004969913,-0.008298995,-0.003203457,0.115844711,-0.006779687,-0.444686022
-0.972259416,-0.567805607,-0.600339123,-0.003115221,-0.34537744,-0.003134772,-0.689822656,-0.003095479,2.057629336,-0.006115335,-0.049483911,-0.005660266,-0.015887664,-0.006581613,-0.412995835
-0.960453095,-0.542011767,-0.567893955,-0.000470597,0.027978345,0.003662673,-0.122528209,-0.004613161,0.439227519,-0.005937592,-0.107770029,-0.009218534,0.948543115,-0.002568198,-0.360369977
-0.95091923,-0.59027121,-0.542104206,0.000729336,0.153158357,0.00088613,0.278749874,0.000573113,0.187937417,-0.004279941,-0.140732219,-0.009806483,1.045355415,0.001403181,-0.017822831
-0.964606204,-0.502072918,-0.590355994,0.000272896,0.193904995,-0.003095479,2.057629336,0.003648633,0.053197139,-0.004211881,-0.173257257,-0.008574861,0.122199107,0.000272952,0.160028567
-0.989498734,-0.264103944,-0.502171691,-0.004431127,0.833967363,-0.004613161,0.439227519,-0.004248245,1.365654189,-0.005201672,-0.052225759,-0.007317063,-0.032023745,-0.003040872,0.983040993
-0.996472822,-0.644632421,-0.264240456,-0.007095297,1.253868964,0.000573113,0.187937417,-0.014782838,0.910583033,-0.006636862,-0.045832578,-0.006773072,-0.30315938,-0.006498421,1.29609994
-0.965220028,-0.129032975,-0.644708584,-0.002749783,0.583091737,0.003648633,0.053197139,-0.009134839,-0.449395655,-0.005410425,-0.23740721,-0.006779687,-0.444686022,-0.004024205,0.422277435
-0.947693388,-0.420531102,-0.129190909,0.001967995,0.18328551,-0.004248245,1.365654189,0.008197403,0.406848459,-0.00242163,-0.252500924,-0.006581613,-0.412995835,0.001788207,0.151533837
-0.933601552,-0.493474972,-0.420642806,0.003000018,0.352249949,-0.014782838,0.910583033,0.021021958,-0.033735697,0.000890958,0.006025167,-0.002568198,-0.360369977,0.00439189,0.386542394
-0.929121941,-0.697606866,-0.493575108,0.005262946,0.474836489,-0.009134839,-0.449395655,0.019878233,-0.915430443,0.002773632,0.278538526,0.001403181,-0.017822831,0.004156656,0.46008578
-0.924263588,-0.689563626,-0.697674628,0.010026288,0.174415116,0.008197403,0.406848459,0.011856762,-0.45205466,0.002781094,0.332781623,0.000272952,0.160028567,0.00529824,0.359942086
-0.961602383,0.000213577,-0.689632663,0.009948034,-0.464056556,0.021021958,-0.033735697,-0.000899197,0.669778,0.001377256,0.14809587,-0.003040872,0.983040993,0.005804975,-0.022329717
-0.945355632,-0.447711707,3.51457E-05,0.005420184,-0.477867561,0.019878233,-0.915430443,-0.008640306,1.449881717,0.000102534,0.014106733,-0.006498421,1.29609994,0.00670911,-0.519437401
-0.94940426,-0.706759519,-0.447819101,0.001786136,-0.117027255,0.011856762,-0.45205466,-0.008044815,-2.535996042,0.000826722,0.014170781,-0.004024205,0.422277435,0.005663935,-0.421689075
-0.94502913,-0.699825691,-0.70682583,-0.00128828,-0.009384774,-0.000899197,0.669778,-0.001674965,-0.802155933,0.001673707,-0.012386181,0.001788207,0.151533837,0.001560116,-0.111298498
-0.945747435,-0.777484564,-0.699893101,-0.002745374,-0.145562627,-0.008640306,1.449881717,0.003173611,-0.32640669,0.001776661,-0.012855592,0.00439189,0.386542394,-0.000797016,-0.034765263
-0.955163759,-0.592767388,-0.777539658,-0.004651811,-0.497163836,-0.008044815,-2.535996042,-0.001212411,0.380515756,0.000442967,0.001893216,0.004156656,0.46008578,-0.003205757,-0.101390036
-0.962072547,-0.646019186,-0.592851777,-0.003073966,-0.377831268,-0.001674965,-0.802155933,-0.004479783,2.399600043,-7.23618E-05,-0.004857521,0.00529824,0.359942086,-0.005358906,-0.387449576
-0.970065321,-0.622998877,-0.64609513,-0.002471389,0.266731266,0.003173611,-0.32640669,-0.008126326,0.768050422,0.000928526,-0.103629363,0.005804975,-0.022329717,-0.003887498,-0.152146271
-0.971149309,-0.769718677,-0.623078472,-0.004573378,0.690284963,-0.001212411,0.380515756,-0.007927456,-0.57244112,0.00189217,-0.283236274,0.00670911,-0.519437401,-0.002884354,0.297792507
-0.978998422,-0.626049762,-0.769775002,-0.005485222,0.311779313,-0.004479783,2.399600043,-0.006495264,-0.315149082,0.000488036,-0.114163341,0.005663935,-0.421689075,-0.004678465,0.451236275
-1.000260248,-0.34120811,-0.626128872,-0.008732538,0.420865837,-0.008126326,0.768050422,-0.009344415,1.354956742,-0.002802248,0.32320521,0.001560116,-0.111298498,-0.007170093,0.680909864
-0.991301026,-0.602474747,-0.341332395,-0.008965743,0.199817817,-0.007927456,-0.57244112,-0.010015875,1.169959296,-0.004652383,0.382408778,-0.000797016,-0.034765263,-0.008537723,0.25320052
-0.994330967,-0.728393062,-0.602557596,-0.006787477,-0.245649596,-0.006495264,-0.315149082,-0.007083028,-2.154848752,-0.0051888,0.069804446,-0.003205757,-0.101390036,-0.007194947,-0.25036181
-1.004844339,-0.569469726,-0.728455942,-0.006688872,-0.098073899,-0.009344415,1.354956742,-0.003999675,-0.236809423,-0.006168463,-0.029405796,-0.005358906,-0.387449576,-0.006991495,-0.110651546
-0.995401894,-0.592212681,-0.56955781,-0.005911379,-0.269429878,-0.010015875,1.169959296,-0.001751207,0.115081331,-0.004851349,0.012466844,-0.003887498,-0.152146271,-0.005834064,-0.154918481
-0.984222458,-0.555324717,-0.592297158,-0.002961332,-0.447037774,-0.007083028,-2.154848752,0.001215118,0.705539097,-0.003090634,-0.013271403,-0.002884354,0.297792507,-0.003301197,-0.35180891
-0.996812384,-0.52537058,-0.555415044,-0.000179067,-0.161761069,-0.003999675,-0.236809423,0.003672534,0.156472724,-0.003682053,-0.085476074,-0.004678465,0.451236275,-0.002664446,-0.381403643
-1.002284561,-0.676528029,-0.525465658,-0.000761578,0.007292234,-0.001751207,0.115081331,0.000232866,-0.183435606,-0.004473296,-0.094898523,-0.007170093,0.680909864,-0.001715078,-0.173681707
-0.994265667,-0.622444171,-0.676599134,-0.001104014,0.061789969,0.001215118,0.705539097,-0.003422478,-0.271269611,-0.004528264,-0.216099925,-0.008537723,0.25320052,-0.000431798,0.00794856
-1.001004673,-0.649624777,-0.622523854,0.000394719,-0.114922893,0.003672534,0.156472724,-0.002873806,-0.718175303,-0.004047814,-0.259734195,-0.007194947,-0.25036181,-0.000835495,-0.004403116
-1.005405923,-0.699270985,-0.649700148,-0.000623794,0.046725266,0.000232866,-0.183435606,-0.001478505,0.163405779,-0.003834813,-0.215699895,-0.006991495,-0.110651546,-0.000627297,0.044369214
-1.0167029,-0.552828539,-0.699338483,-0.004299128,0.204480609,-0.003422478,-0.271269611,-0.005177358,0.924866552,-0.003877162,-0.123578239,-0.005834064,-0.154918481,-0.001895966,0.488518751
-1.038147567,-0.337325167,-0.552919262,-0.007466719,1.281357031,-0.002873806,-0.718175303,-0.012079297,2.558008006,-0.004906657,0.18835524,-0.003301197,-0.35180891,-0.006527533,1.213720329
-1.049366183,-0.554492657,-0.337450067,-0.008952741,1.856429862,-0.001478505,0.163405779,-0.016453295,1.514685335,-0.005942417,0.553532596,-0.002664446,-0.381403643,-0.009239857,1.553000298
-1.047668372,-0.75668308,-0.554583117,-0.010208224,0.715331371,-0.005177358,0.924866552,-0.015269593,-1.30705446,-0.005105253,0.599315719,-0.001715078,-0.173681707,-0.008514412,0.778535516
-1.048020994,-0.785250451,-0.756741473,-0.01024461,-0.20185935,-0.012079297,2.558008006,-0.008386301,-0.94404884,-0.004526806,0.343486628,-0.000431798,0.00794856,-0.008659465,0.026158986
-1.067976811,-0.368943422,-0.785304314,-0.011233894,-0.211852137,-0.016453295,1.514685335,-0.005902507,0.336086325,-0.00568484,0.29655241,-0.000835495,-0.004403116,-0.010593762,-0.081527572
-1.072129919,-0.704540694,-0.369063308,-0.012162666,-0.257291045,-0.015269593,-1.30705446,-0.008983121,1.983319778,-0.006158305,0.325499171,-0.000627297,0.044369214,-0.011778662,-0.116826334
-1.055360764,-0.436617583,-0.704607356,-0.007523872,-0.322813955,-0.008386301,-0.94404884,-0.00664616,-3.227139961,-0.005574038,0.14676133,-0.001895966,0.488518751,-0.009328345,-0.436553825
-1.046597445,-0.606635044,-0.436726736,-0.001505876,-0.120880367,-0.005902507,0.336086325,0.002945593,0.007309026,-0.00537627,-0.084608967,-0.006527533,1.213720329,-0.00419482,-0.374185887
-1.040851005,-0.670703614,-0.606717233,0.001005188,0.132588514,-0.008983121,1.983319778,0.011105021,-0.110660658,-0.004690484,-0.137921835,-0.009239857,1.553000298,5.84959E-06,-0.017020909
-1.039701717,-0.768331911,-0.670775642,0.00159008,0.247421079,-0.00664616,-3.227139961,0.009914018,-1.062525525,-0.003599911,-0.118144091,-0.008514412,0.778535516,0.001481567,0.189101725
-1.049993068,-0.574184729,-0.768388457,0.002762287,-0.047585571,0.002945593,0.007309026,0.002578579,-0.128541789,-0.004127871,-0.181410937,-0.008659465,0.026158986,0.000539268,0.09085592
-1.028561461,-0.33760252,-0.574272065,0.006459456,-0.359241712,0.011105021,-0.110660658,0.001857869,0.961296669,-0.003698109,-0.243988823,-0.010593762,-0.081527572,0.00336579,0.081563729
-1.020633987,-0.624385643,-0.337727376,0.008209349,-0.060851604,0.009914018,-1.062525525,0.006528927,2.584704116,-0.001902958,-0.214789226,-0.011778662,-0.116826334,0.008166201,-0.044087163
-1.021313112,-0.778316623,-0.624465018,0.006280394,0.209549788,0.002578579,-0.128541789,0.009948624,-1.121519467,-0.000884547,-0.131944861,-0.009328345,-0.436553825,0.007685403,-0.147667419
-1.009519851,-0.54228912,-0.778371585,0.005898136,0.367977421,0.001857869,0.961296669,0.009917786,-0.799248864,0.001072208,0.11672611,-0.00419482,-0.374185887,0.006367483,0.143026476
-1.000234127,-0.595540919,-0.542381515,0.007349143,0.469079196,0.006528927,2.584704116,0.008164612,0.406252246,0.003473772,0.372243032,5.84959E-06,-0.017020909,0.006923673,0.420299241
-1.002506583,-0.744479543,-0.595624868,0.009002492,-0.266218322,0.009948624,-1.121519467,0.008068049,-0.405356531,0.004213268,0.341159154,0.001481567,0.189101725,0.006913172,0.258413437
-1.013072195,-0.568360313,-0.744539871,0.006498898,-0.563330204,0.009917786,-0.799248864,0.003126815,-0.560806006,0.003574955,0.139034497,0.000539268,0.09085592,0.006563182,-0.466560717
-1.027830096,-0.479329963,-0.568448573,0.000852356,-0.041735786,0.008164612,0.406252246,-0.00635822,0.745821609,0.003343824,-0.082270399,0.00336579,0.081563729,0.003322263,-0.408503186
-1.026511027,-0.76472632,-0.479432342,-0.001267649,0.25004864,0.008068049,-0.405356531,-0.01049277,0.271763301,0.003811274,-0.258072364,0.008166201,-0.044087163,-0.000452546,0.041004679
-1.023676988,-0.732553359,-0.764783438,-0.001976485,0.172714741,0.003126815,-0.560806006,-0.007042759,-1.546846884,0.003429869,-0.242772639,0.007685403,-0.147667419,-0.000722417,0.110670072
-1.009676572,-0.495416443,-0.732615579,-0.002411697,-0.132411447,-0.00635822,0.745821609,0.001544794,0.066588732,0.003038531,-0.132193656,0.006367483,0.143026476,-0.000220947,0.025806864
-1.013999462,-0.700935103,-0.495516272,-0.002140567,-0.378879499,-0.01049277,0.271763301,0.006306369,0.617989488,0.002818814,-0.096817773,0.006923673,0.420299241,-0.001220989,-0.172033693
-1.032897411,-0.391409024,-0.701002338,-0.003206813,-0.120026832,-0.007042759,-1.546846884,0.000678313,1.571988482,0.001485547,-0.095963072,0.006913172,0.258413437,-0.003873376,-0.226167161
-1.028953264,-0.708978344,-0.391525347,-0.002147083,0.116375536,0.001544794,0.066588732,-0.005851435,0.310686163,0.001227021,-0.231619552,0.006563182,-0.466560717,-0.004059024,-0.092188101
-1.048020994,-0.387803434,-0.709044303,-0.002322496,0.641313909,0.006306369,0.617989488,-0.010915909,-0.318602101,6.95563E-05,-0.023059603,0.003322263,-0.408503186,-0.0031681,0.402468287
-1.040968546,-0.642968302,-0.387920329,-0.00398973,0.675420066,0.000678313,1.571988482,-0.008637231,-0.026580914,-0.00175103,0.276081563,-0.000452546,0.041004679,-0.003051217,0.609399973
-1.036867678,-0.705650106,-0.643044729,-0.004574416,-0.24239981,-0.005851435,0.310686163,-0.003293191,-0.44375766,-0.001577742,0.17113821,-0.000722417,0.110670072,-0.002438173,0.15864267
-1.039571116,-0.73532689,-0.705716593,-0.005437936,-0.600883778,-0.010915909,-0.318602101,0.00011109,-0.750710376,-0.00200662,0.058638948,-0.000220947,0.025806864,-0.003806273,-0.232119404
-1.043907066,-0.70065775,-0.73538867,-0.003776943,-0.343802554,-0.008637231,-0.026580914,0.001145329,-0.216812658,-0.00324671,-0.057776334,-0.001220989,-0.172033693,-0.00528985,-0.542334361
-1.05617049,-0.532304408,-0.700725029,-0.003957957,0.028738674,-0.003293191,-0.44375766,-0.004629642,1.15656211,-0.004289516,-0.072715066,-0.003873376,-0.226167161,-0.004709638,-0.162580333
-1.061133324,-0.687344801,-0.532398386,-0.00418675,0.503187126,0.00011109,-0.750710376,-0.008491319,2.549931425,-0.004488843,0.060316362,-0.004059024,-0.092188101,-0.00492392,0.233368777
-1.05039793,-0.564754723,-0.68741419,-0.00234281,0.395762092,0.001145329,-0.216812658,-0.005832693,-0.911441182,-0.003122678,0.099340525,-0.0031681,0.402468287,-0.003076633,0.079823119
-1.060323598,-0.581950616,-0.564843554,-0.003427538,-0.14259715,-0.004629642,1.15656211,-0.002221974,-0.335581476,-0.002498643,0.095942136,-0.003051217,0.609399973,-0.001938831,0.10126071
-1.068655935,-0.615787696,-0.582036721,-0.005483661,-0.085927231,-0.008491319,2.549931425,-0.002448376,0.424913292,-0.003499302,0.141564918,-0.002438173,0.15864267,-0.004575916,0.127302616
-1.071790357,-0.726174237,-0.615868435,-0.005951601,-0.102969526,-0.005832693,-0.911441182,-0.006071692,-0.009600256,-0.004760992,0.005101503,-0.003806273,-0.232119404,-0.005728124,-0.012871029
-1.08400154,-0.533413821,-0.726237469,-0.005834915,0.317460162,-0.002221974,-0.335581476,-0.009472312,-0.172750647,-0.005882281,-0.070881782,-0.00528985,-0.542334361,-0.006482688,0.090337143
-1.090910328,-0.646019186,-0.533507623,-0.006051676,0.806250057,-0.002448376,0.424913292,-0.009668755,0.410834818,-0.005711133,0.119917236,-0.004709638,-0.162580333,-0.006727824,0.42198513
-1.120765692,-0.158709759,-0.64609513,-0.010551026,1.280565942,-0.006071692,-0.009600256,-0.01506168,1.928853208,-0.006702732,0.463140826,-0.00492392,0.233368777,-0.008508985,1.232736547
-1.136254958,-0.463798188,-0.158862986,-0.015459073,1.078894625,-0.009472312,-0.172750647,-0.021512748,1.648612617,-0.008080034,0.751337492,-0.003076633,0.079823119,-0.013165514,1.267533098
-1.142158118,-0.667375376,-0.463903031,-0.01584012,0.519294456,-0.009668755,0.410834818,-0.022100202,-0.876989818,-0.008523046,0.623369407,-0.001938831,0.10126071,-0.015222469,0.522406828
-1.143098444,-0.772769561,-0.667447933,-0.015465406,-0.052767493,-0.01506168,1.928853208,-0.0158774,-0.989751336,-0.00937152,0.295160324,-0.004575916,0.127302616,-0.014263509,0.073291558
-1.155270448,-0.53424588,-0.772825403,-0.015351386,-0.239679387,-0.021512748,1.648612617,-0.009023979,-0.162019221,-0.010067223,0.152289345,-0.005728124,-0.012871029,-0.014527543,-0.110241247
-1.17320195,-0.411933155,-0.53433955,-0.016665887,-0.287483004,-0.022100202,-0.876989818,-0.011048689,1.034879595,-0.011164709,0.150115889,-0.006482688,0.090337143,-0.016005636,-0.125204712
-1.149484828,-0.289065724,-0.412046223,-0.012141938,-0.36837671,-0.0158774,-0.989751336,-0.008302217,1.361876601,-0.010193945,0.072635511,-0.006727824,0.42198513,-0.013792322,-0.372902939
-1.151483022,-0.750303958,-0.289198278,-0.004844543,-0.281896199,-0.009023979,-0.162019221,-0.000578904,-0.27194745,-0.008455326,-0.025910924,-0.008508985,1.232736547,-0.008399345,-0.513771473
-1.152514769,-0.770828089,-0.750363363,-0.002846163,-0.167312748,-0.011048689,1.034879595,0.005489548,-0.714876987,-0.008913623,-0.094091622,-0.013165514,1.267533098,-0.004456354,-0.227735896
-1.147904557,-0.694833335,-0.770884239,-0.001692183,-0.155738298,-0.008302217,1.361876601,0.005001657,-0.868083057,-0.008823528,-0.166665831,-0.015222469,0.522406828,-0.002099225,-0.149090835
-1.136346378,-0.547281476,-0.694901537,0.001578263,0.159395415,-0.000578904,-0.27194745,0.003751718,0.516094987,-0.007252711,-0.199971627,-0.014263509,0.073291558,9.62109E-05,0.056159484
-1.142693582,-0.65794537,-0.547373079,0.005532518,-0.307604699,0.005489548,-0.714876987,0.005575313,2.186957593,-0.006504723,-0.264138025,-0.014527543,-0.110241247,0.00185213,0.181992065
-1.155492469,-0.52093293,-0.658019422,0.002743617,-0.525907465,0.005001657,-0.868083057,0.000498714,0.588237609,-0.006710678,-0.313554161,-0.016005636,-0.125204712,0.002903686,-0.469271302
-1.150477395,-0.686235388,-0.521028712,-0.000558946,0.071532699,0.003751718,0.516094987,-0.004833726,0.079331271,-0.0061962,-0.410911171,-0.013792322,-0.372902939,0.001601688,-0.445226656
-1.149367287,-0.76916397,-0.686304954,0.000462509,-0.069752552,0.005575313,2.186957593,-0.004620163,-1.121048972,-0.004182485,-0.402357122,-0.008399345,-0.513771473,0.000107484,-0.007332606
-1.171634739,-0.31985192,-0.769220384,-0.002293718,0.717690427,0.000498714,0.588237609,-0.005075361,0.625353294,-0.003045433,-0.085700672,-0.004456354,-0.227735896,-0.001624503,0.697619126
-1.174494899,-0.731998653,-0.319979592,-0.006894936,0.883206976,-0.004833726,0.079331271,-0.008961618,1.627009387,-0.003232388,0.191944371,-0.002099225,-0.149090835,-0.004367357,1.179299202
-1.166345403,-0.61967064,-0.73206096,-0.00688379,-0.172917165,-0.004620163,-1.121048972,-0.00916178,-2.578026024,-0.002656867,0.138330698,9.62109E-05,0.056159484,-0.005405695,0.172713079
-1.162766939,-0.716744231,-0.619750762,-0.003453934,-0.188944403,-0.005075361,0.625353294,-0.001819071,-0.617288554,-0.001472006,0.016601022,0.00185213,0.181992065,-0.004791913,-0.374697107
-1.16140869,-0.763894261,-0.716808958,-0.00204197,-0.159838275,-0.008961618,1.627009387,0.004950757,-0.115179037,0.00020605,-0.066647065,0.002903686,-0.469271302,-0.002493541,-0.180597557
-1.16294978,-0.760011317,-0.763951511,-0.002756795,-0.477848994,-0.00916178,-2.578026024,0.003731034,-1.250086336,-8.02547E-05,-0.075786713,0.001601688,-0.445226656,-0.001769367,-0.153416052
-1.172666487,-0.586388266,-0.760069183,-0.001644848,-0.3163494,-0.001819071,-0.617288554,-0.00146936,0.591194738,-0.001664003,0.067805783,0.000107484,-0.007332606,-0.003448632,-0.426871912
-1.156733178,-0.454368182,-0.586473667,0.001885296,-0.000353108,0.004950757,-0.115179037,-0.00117673,2.818799083,-0.001219244,0.060577393,-0.001624503,0.697619126,-0.000810053,-0.187054759
-1.158039187,-0.765003674,-0.45447452,0.002942091,0.013272987,0.003731034,-1.250086336,0.00215765,3.257421892,-0.000689365,-0.041491172,-0.004367357,1.179299202,0.00302843,-0.006012939
-1.157725744,-0.78608251,-0.765060747,0.001506597,0.106060889,-0.00146936,0.591194738,0.004478135,-1.203979942,-0.001515134,-0.20204328,-0.005405695,0.172713079,0.002427197,-0.166937629
-1.153024112,-0.692891863,-0.786136241,0.00151241,0.237553933,-0.00117673,2.818799083,0.004202658,-0.751746119,-0.001524862,-0.272921063,-0.004791913,-0.374697107,0.001774856,0.152507519
-1.169022722,-0.452981416,-0.692960373,0.000260162,0.326995143,0.00215765,3.257421892,-0.00163746,0.852449759,-0.001147974,-0.094539775,-0.002493541,-0.180597557,0.000205435,0.316487962
-1.179901776,-0.561703839,-0.453087975,-0.001496918,0.543393579,0.004478135,-1.203979942,-0.007439094,15.70919577,-0.002068733,0.076364467,-0.001769367,-0.153416052,-0.002368728,0.682370514
-1.174168397,-0.670980967,-0.561793154,-0.002772339,0.417858305,0.004202658,-0.751746119,-0.0097105,-0.989762697,-0.002612847,-0.013784263,-0.003448632,-0.426871912,-0.00177771,0.495437246
-1.20826829,-0.068569996,-0.671052952,-0.007608946,1.233437931,-0.00163746,0.852449759,-0.013570146,0.576338237,-0.002962151,0.631181554,-0.000810053,-0.187054759,-0.005112935,1.251494524
-1.232050713,-0.287678959,-0.068737519,-0.014017682,1.803411108,-0.007439094,15.70919577,-0.020640024,1.749415698,-0.004547914,1.591864362,0.00302843,-0.006012939,-0.012122901,1.819193796
-1.24333463,-0.553105892,-0.287811732,-0.018564991,1.120212421,-0.0097105,-0.989762697,-0.027528591,-0.065853934,-0.006504268,1.858491858,0.002427197,-0.166937629,-0.015415332,1.482489856
-1.250556859,-0.639362711,-0.553196571,-0.01948831,0.18723769,-0.013570146,0.576338237,-0.025518351,-1.082589971,-0.007979998,0.886105382,0.001774856,0.152507519,-0.017775361,0.313061016
-1.233578743,-0.432179933,-0.639439711,-0.015464172,-0.119468803,-0.020640024,1.749415698,-0.010153344,-0.322404637,-0.007768266,0.323947249,0.000205435,0.316487962,-0.015845839,-0.124340217
-1.255833135,-0.320129273,-0.43228979,-0.015640659,-0.493266184,-0.027528591,-0.065853934,-0.003303223,0.128576397,-0.008045705,0.167558988,-0.002368728,0.682370514,-0.013849995,-0.174115146
-1.281992494,-0.237200691,-0.320256901,-0.018128214,-0.299779027,-0.025518351,-1.082589971,-0.010450483,1.684624328,-0.009899275,0.251857563,-0.00177771,0.495437246,-0.01829147,-0.222261671
-1.273255294,-0.60718975,-0.237341471,-0.013492483,0.045405411,-0.010153344,-0.322404637,-0.016921394,0.198244495,-0.011095726,0.190505205,-0.005112935,1.251494524,-0.017313298,-0.307609395
-1.231018966,0.104220996,-0.607271851,-0.00342435,0.127329435,-0.003303223,0.128576397,-0.003547105,0.260269961,-0.009352746,-0.029772022,-0.012122901,1.819193796,-0.006456555,-0.13010436
-1.20974408,-0.340930757,0.10402607,0.006353103,0.509116999,-0.010450483,1.684624328,0.023340389,0.7844303,-0.006202671,-0.133023909,-0.015415332,1.482489856,0.003533734,0.270383779
-1.193889132,-0.456032301,-0.341055086,0.009674149,0.808633856,-0.016921394,0.198244495,0.036809563,-0.647927518,-0.004635873,-0.161927286,-0.017775361,0.313061016,0.009273747,0.689889905
-1.224149359,-0.150111812,-0.456138375,0.008564421,0.359857519,-0.003547105,0.260269961,0.020811271,-0.630640966,-0.004808526,-0.17701494,-0.015845839,-0.124340217,0.006790545,0.396543464
-1.267456615,0.126963952,-0.150266403,0.005519081,-0.138377355,0.023340389,0.7844303,-0.012059651,0.567492819,-0.00716604,-0.130366877,-0.013849995,-0.174115146,-0.000224637,0.070794901
-1.258458213,-0.601642687,0.126765419,0.003486121,-0.194744347,0.036809563,-0.647927518,-0.028468571,0.414219285,-0.008648482,-0.176303303,-0.01829147,-0.222261671,0.001212424,-0.079450009
-1.202156168,0.402930304,-0.601725669,0.005169361,-0.029557102,0.020811271,-0.630640966,-0.009896331,-0.104737088,-0.003945421,-0.128125518,-0.017313298,-0.307609395,0.009623685,-0.190958395
-1.198420983,-0.713415994,0.402688004,0.004749864,0.122015217,-0.012059651,0.567492819,0.021446418,0.291622087,0.002014567,0.090850972,-0.006456555,-0.13010436,0.010557893,-0.017446269
-1.152919632,0.173559276,-0.713481249,0.006170052,0.424149911,-0.028468571,0.414219285,0.041765088,-0.349125576,0.006314975,0.378223725,0.003533734,0.270383779,0.009082757,0.39039588
-1.136725121,-0.44882112,0.173353353,0.015097881,0.69662043,-0.009896331,-0.104737088,0.040688639,-0.046597722,0.010394733,0.559640822,0.009273747,0.689889905,0.011494949,0.701214641
-1.142941723,-0.660718901,-0.448928338,0.024888883,0.137139319,0.021446418,0.291622087,0.028310022,-0.572076153,0.010388252,0.415491809,0.006790545,0.396543464,0.013908105,0.466826585
-1.130508518,-0.528698818,-0.660792514,0.029505995,-0.508695935,0.041765088,-0.349125576,0.017797513,-0.940108552,0.010921989,0.227792867,-0.000224637,0.070794901,0.021802889,-0.058360407
-1.100143811,-0.147892987,-0.528793367,0.026604256,-0.273187255,0.040688639,-0.046597722,0.01328088,0.432875825,0.015445983,0.140805994,0.001212424,-0.079450009,0.029341453,-0.339806511
-1.087671425,-0.527866758,-0.14804793,0.024264838,-0.12869184,0.028310022,-0.572076153,0.020423335,1.935917032,0.01839225,0.0918999,0.009623685,-0.190958395,0.026892158,-0.199358245
-1.079443569,-0.618006521,-0.52796144,0.020708183,-0.15963264,0.017797513,-0.940108552,0.023526556,-1.864963991,0.016771674,0.11443631,0.010557893,-0.017446269,0.022707814,-0.165290245
-1.09567726,-0.44798906,-0.618086908,0.012727307,-0.016265824,0.01328088,0.432875825,0.012187642,-0.632055714,0.013095663,0.109953813,0.009082757,0.39039588,0.016880176,-0.28717156
-1.12050449,-0.265490709,-0.44809641,0.006969465,-0.298394273,0.020423335,1.935917032,-0.006151058,0.46555713,0.009157226,0.037887323,0.011494949,0.701214641,0.00696072,-0.152506536
-1.137129984,-0.439668467,-0.265627002,0.00172238,-0.130164069,0.023526556,-1.864963991,-0.019413478,1.222756874,0.007778331,-0.044751859,0.013908105,0.466826585,0.002064326,-0.120158034
-1.111910951,-0.257170116,-0.439777136,-0.001993657,0.086484442,0.012187642,-0.632055714,-0.015838282,-0.968187893,0.011697789,-0.201533787,0.021802889,-0.058360407,0.002274832,-0.140779028
-1.098432939,-0.506510568,-0.257307728,-0.002436585,-0.060200351,-0.006151058,0.46555713,0.001259694,-0.058898789,0.015164857,-0.353081986,0.029341453,-0.339806511,0.001889794,-0.092133154
-1.108319427,-0.582782675,-0.506608637,-0.00429005,-0.298936997,-0.019413478,1.222756874,0.011117738,-0.280003811,0.012148613,-0.314846844,0.026892158,-0.199358245,-0.001761235,-0.059944056
-1.118767498,-0.570856491,-0.582868648,-0.00563159,-0.334529784,-0.015838282,-0.968187893,0.004814026,-0.738992981,0.008241063,-0.309230494,0.022707814,-0.165290245,-0.005568018,-0.292069796
-1.103186811,-0.461856716,-0.570944355,-0.000626305,-0.074626599,0.001259694,-0.058898789,-0.002533644,0.048887688,0.00609969,-0.311109277,0.016880176,-0.28717156,-0.004347505,-0.285830868
-1.098223978,-0.687344801,-0.461961867,0.006119273,-0.327770922,0.011117738,-0.280003811,0.001158365,0.07890788,0.004141315,-0.114817774,0.00696072,-0.152506536,0.001373807,-0.023747461
-1.066135338,-0.111282376,-0.68741419,0.009239797,0.304549928,0.004814026,-0.738992981,0.013623252,1.197087398,0.005391871,-0.015146745,0.002064326,-0.120158034,0.008707112,0.286172901
-1.058886989,-0.638808005,-0.111443125,0.009292065,1.165246575,-0.002533644,0.048887688,0.021073553,1.286591466,0.006924503,0.129159406,0.002274832,-0.140779028,0.011585094,0.652781904
-1.042614117,-0.447157001,-0.638885092,0.011414173,1.470681505,0.001158365,0.07890788,0.021673353,-0.752565543,0.006014398,0.357191657,0.001889794,-0.092133154,0.010146339,0.872708946
-1.02978911,-0.520378224,-0.447264483,0.016692105,0.298033521,0.013623252,1.197087398,0.0197228,-0.315817813,0.005355427,0.523897305,-0.001761235,-0.059944056,0.012441704,0.660785818
-1.035979592,-0.661273608,-0.520474093,0.016782559,-0.187633822,0.021073553,1.286591466,0.01258914,-0.269020313,0.004687162,0.40265566,-0.005568018,-0.292069796,0.014866238,0.013170942
-1.036880738,-0.77360162,-0.661347132,0.013716249,-0.509571453,0.021673353,-0.752565543,0.006014019,-0.890139227,0.004716893,0.217465946,-0.004347505,-0.285830868,0.013669401,-0.32407306
-1.03723336,-0.785250451,-0.77365733,0.009538547,-0.513886905,0.0197228,-0.315817813,-0.00035653,-0.395476464,0.006535598,0.086310996,0.001373807,-0.023747461,0.011587528,-0.474834369
-1.033615716,-0.715912172,-0.785304314,0.005685502,-0.40032097,0.01258914,-0.269020313,-0.001053672,-0.290925924,0.008575621,-0.06798287,0.008707112,0.286172901,0.008448358,-0.49599491
-1.011935967,-0.33233281,-0.715977031,0.00583435,-0.022069866,0.006014019,-0.890139227,0.0056571,3.376331388,0.00931737,-0.043655335,0.011585094,0.652781904,0.007137169,-0.145938516
-1.019066776,-0.641304183,-0.332458503,0.004304229,0.660320071,-0.00035653,-0.395476464,0.008944491,14.00414715,0.008180485,0.032579815,0.010146339,0.872708946,0.006296887,0.033060625
-1.02553152,-0.655449192,-0.641380875,0.002195228,0.158012368,-0.001053672,-0.290925924,0.005443688,-3.449575578,0.007361752,-0.061541985,0.012441704,0.660785818,0.002476333,0.011739577
-1.019380218,-0.662105667,-0.65552364,0.00288889,-0.130944412,0.0056571,3.376331388,0.000132024,-0.541183752,0.008233336,-0.215799782,0.014866238,0.013170942,0.001849806,0.001726473
-1.032388067,-0.51649528,-0.662179059,0.002307205,-0.177910399,0.008944491,14.00414715,-0.004268044,-0.026552207,0.007664,-0.307007097,0.013669401,-0.32407306,0.001866756,-0.075889668
-1.042640237,-0.575016788,-0.516591766,-0.00043104,0.134535873,0.005443688,-3.449575578,-0.006244054,1.178131042,0.005670252,-0.399081016,0.011587528,-0.474834369,-8.08816E-05,0.059088823
-1.028705122,-0.496803209,-0.575103992,-0.002655534,0.046500586,0.000132024,-0.541183752,-0.005432317,0.195842616,0.00415462,-0.378892145,0.008448358,-0.49599491,-4.38427E-05,0.086957108
-1.013672959,-0.473505547,-0.496902817,-0.00117054,-0.099874186,-0.004268044,-0.026552207,0.001935058,0.434896142,0.003679804,-0.209134745,0.007137169,-0.145938516,0.000280252,-0.085011585
-1.012575912,-0.769441323,-0.47360885,0.00188994,0.263859096,-0.006244054,1.178131042,0.010087642,0.153656742,0.003342396,-0.108338209,0.006296887,0.033060625,0.000420001,0.060596768
-1.014234543,-0.757515139,-0.769497693,0.001867607,0.257535773,-0.005432317,0.195842616,0.009227664,-1.889415686,0.002021683,0.055334154,0.002476333,0.011739577,0.001570862,0.172350886
-1.01810033,-0.710642463,-0.7575734,0.002003935,0.008558934,0.001935058,0.434896142,0.002072922,-0.426412465,0.001479563,0.029866302,0.001849806,0.001726473,0.001110846,0.083310739
-1.013268097,-0.690118332,-0.710708157,0.004496114,-0.531790529,0.010087642,0.153656742,-0.001050161,0.190117288,0.001833723,-0.042320021,0.001866756,-0.075889668,0.001800776,-0.018265207
-1.021417592,-0.61967064,-0.690187282,0.00377323,-0.675350415,0.009227664,-1.889415686,-0.001610646,1.497642248,0.00174133,-0.099072315,-8.08816E-05,0.059088823,0.003557653,-0.493691817
-1.024813216,-0.720627175,-0.619750762,-0.000395963,-0.103429047,0.002072922,-0.426412465,-0.002844578,1.19110097,0.001086392,-0.134989017,-4.38427E-05,0.086957108,0.002214501,-0.56736572
-1.032283587,-0.634093002,-0.720691286,-0.003160847,0.596203822,-0.001050161,0.190117288,-0.005267492,0.57127022,-0.00050895,-0.053104759,0.000280252,-0.085011585,-0.001295654,0.11616838
-1.031082058,-0.767222498,-0.634170837,-0.003742849,0.712029021,-0.001610646,1.497642248,-0.005880431,-0.468999395,-0.001425678,0.023246345,0.000420001,0.060596768,-0.003261209,0.490491401
-1.047550831,-0.442996704,-0.76727922,-0.004745821,0.913521364,-0.002844578,1.19110097,-0.006652759,0.610472236,-0.00149874,0.2532428,0.001570862,0.172350886,-0.004551743,0.873123124
-1.072508662,-0.262717178,-0.443104846,-0.009109763,1.626045271,-0.005267492,0.57127022,-0.012978098,3.030532445,-0.003312158,0.856716544,0.001110846,0.083310739,-0.007717771,1.68714472
-1.092007375,-0.378650781,-0.262853911,-0.013358435,2.039396596,-0.005880431,-0.468999395,-0.020891102,3.266429232,-0.004972021,1.391453434,0.001800776,-0.018265207,-0.011733064,2.021092257
-1.097962776,-0.666265964,-0.378769127,-0.014834503,0.898016864,-0.006652759,0.610472236,-0.023103545,-0.821662199,-0.005073704,1.142014745,0.003557653,-0.493691817,-0.013724071,0.938915994
-1.098733321,-0.776375151,-0.666338696,-0.014495859,0.088981165,-0.012978098,3.030532445,-0.016036687,-0.891901,-0.005546175,0.584979609,0.002214501,-0.56736572,-0.013362406,0.178632624
-1.094005569,-0.692337157,-0.776430421,-0.013533194,-0.348108052,-0.020891102,3.266429232,-0.005982073,-0.483639619,-0.006670348,0.240659761,-0.001295654,0.11616838,-0.012130825,-0.12281913
-1.096225784,-0.745588955,-0.692405755,-0.011763864,-0.631818754,-0.023103545,-0.821662199,-5.59619E-05,-0.098818882,-0.007292534,0.075859067,-0.003261209,0.490491401,-0.011424136,-0.369690215
-1.10450588,-0.616897109,-0.745649108,-0.008563835,-0.556370814,-0.016036687,-0.891901,-0.000869497,0.814277819,-0.007758685,0.032218087,-0.004551743,0.873123124,-0.011068555,-0.561217332
-1.076557289,-0.199203314,-0.616977671,-0.00176839,-0.014125776,-0.005982073,-0.483639619,0.002516715,4.727054849,-0.006658683,-0.042385247,-0.007717771,1.68714472,-0.005561251,-0.377616676
-1.088494211,-0.539238236,-0.19935012,0.002676978,0.541682203,-5.59619E-05,-0.098818882,0.005425515,3.589261203,-0.006007596,-0.134461028,-0.011733064,2.021092257,-4.91059E-05,-0.059907963
-1.091524152,-0.728393062,-0.539331114,0.001797847,-0.063237703,-0.000869497,0.814277819,0.004468663,-1.164266635,-0.006557721,-0.158803733,-0.013724071,0.938915994,0.000917442,0.007737369
-1.093235023,-0.756405727,-0.728455942,0.000858777,-0.045332988,0.002516715,4.727054849,-0.000794382,-0.809632422,-0.006267227,-0.189127949,-0.013362406,0.178632624,0.00110086,-0.061875438
-1.096787368,-0.717298937,-0.756464164,2.24655E-05,0.002797692,0.005425515,3.589261203,-0.005358084,-0.372802212,-0.006034286,-0.235754833,-0.012130825,-0.12281913,0.000250443,-0.022493886
-1.106373473,-0.589161797,-0.717363576,-0.00026096,0.06283665,0.004468663,-1.164266635,-0.004951962,0.555480107,-0.0063664,-0.337831634,-0.011424136,-0.369690215,-0.001191304,0.184341138
-1.119524983,-0.513444396,-0.589246758,-0.00481613,0.25607843,-0.000794382,-0.809632422,-0.008834393,3.636519388,-0.00672757,-0.380028649,-0.011068555,-0.561217332,-0.002317657,0.595161923
-1.136842662,-0.424968752,-0.513541365,-0.009809616,0.856732176,-0.005358084,-0.372802212,-0.01427263,3.160717793,-0.006245404,-0.036828227,-0.005561251,-0.377616676,-0.006936708,0.882433702
-1.156171594,-0.382256372,-0.425079752,-0.012140994,1.313022968,-0.004951962,0.555480107,-0.019391808,1.017801298,-0.005907947,0.595998181,-4.91059E-05,-0.059907963,-0.01179838,1.076883279
-1.159306015,-0.726174237,-0.382374146,-0.014110359,0.697910347,-0.008834393,3.636519388,-0.019442933,-0.272987123,-0.0057896,0.931167407,0.000917442,0.007737369,-0.012506888,0.697661593
-1.179457733,-0.364783125,-0.726237469,-0.016140072,0.149198622,-0.01427263,3.160717793,-0.018040714,-0.37269453,-0.00657302,0.736520667,0.00110086,-0.061875438,-0.014298758,0.326056601
-1.174181457,-0.680688326,-0.364903671,-0.016443908,-0.131917924,-0.019391808,1.017801298,-0.013420219,-0.093593575,-0.007466513,0.446599916,0.000250443,-0.022493886,-0.015287277,0.00880815
-1.193079406,-0.391409024,-0.680758771,-0.015560085,-0.283370633,-0.019442933,-0.272987123,-0.011564824,-0.237201291,-0.008238434,0.295856214,-0.001191304,0.184341138,-0.015430147,-0.182246611
-1.205486491,-0.529253524,-0.391525347,-0.015795826,-0.131154377,-0.018040714,-0.37269453,-0.013484026,0.420536481,-0.009241341,0.284550785,-0.002317657,0.595161923,-0.016368438,-0.136252776
-1.210449325,-0.687344801,-0.529347986,-0.013758142,-0.012216817,-0.013420219,-0.093593575,-0.014103747,-0.076974136,-0.011012745,0.165159156,-0.006936708,0.882433702,-0.015238461,-0.146951224
-1.199805352,-0.566696195,-0.68741419,-0.010696094,-0.235649336,-0.011564824,-0.237201291,-0.009808654,-1.070451857,-0.011549575,0.01072142,-0.01179838,1.076883279,-0.011289722,-0.190773945
-1.194764158,-0.685680682,-0.566784718,-0.006347146,-0.363166899,-0.013484026,0.420536481,0.000917186,-0.059581058,-0.010154098,-0.06710885,-0.012506888,0.697661593,-0.007679763,-0.349231532
-1.199322129,-0.695942747,-0.685750336,-0.004628882,-0.403040167,-0.014103747,-0.076974136,0.005056642,-0.284397663,-0.009970036,-0.125802992,-0.014298758,0.326056601,-0.005410445,-0.324469394
-1.182931717,-0.444660823,-0.696010773,-0.00172383,-0.218686774,-0.009808654,-1.070451857,0.006490342,0.084932736,-0.009204587,-0.202759961,-0.015287277,0.00880815,-0.002810455,-0.229705733
-1.186000838,-0.727561003,-0.444768701,0.003413123,0.278163811,0.000917186,-0.059581058,0.005927684,0.740753153,-0.007977054,-0.278047758,-0.015430147,-0.182246611,-0.000164763,-0.127378129
-1.191956238,-0.666265964,-0.727624014,0.004387037,-0.393000264,0.005056642,-0.284397663,0.003719767,-1.391825067,-0.007354715,-0.311946679,-0.016368438,-0.136252776,0.002035202,0.030501011
-1.198133661,-0.661550961,-0.666338696,0.002326566,-0.365547557,0.006490342,0.084932736,-0.001800169,-0.312823103,-0.00649489,-0.32239026,-0.015238461,-0.146951224,0.002554593,-0.364210945
-1.204911847,-0.648792717,-0.661624441,-0.000975748,0.150340939,0.005927684,0.740753153,-0.007820992,0.217093356,-0.005364967,-0.259337167,-0.011289722,-0.190773945,0.000712051,-0.159045474
-1.213453145,-0.611350047,-0.648868221,-0.002789001,0.72821709,0.003719767,-1.391825067,-0.009248603,0.350848578,-0.005034422,-0.218768541,-0.007679763,-0.349231532,-0.002347149,0.431916636
-1.214706914,-0.766113086,-0.611431488,-0.005272434,0.480178074,-0.001800169,-0.312823103,-0.008743959,-0.189538167,-0.004387444,-0.133022848,-0.005410445,-0.324469394,-0.003356905,0.750221417
-1.221955264,-0.638808005,-0.766169984,-0.00778798,-0.044640708,-0.007820992,0.217093356,-0.007754764,-0.476356944,-0.00408442,-0.023963977,-0.002810455,-0.229705733,-0.005362938,0.314782172
-1.223574715,-0.758347199,-0.638885092,-0.007782605,-0.153002323,-0.009248603,0.350848578,-0.006297706,-0.079197911,-0.003860832,0.063038074,-0.000164763,-0.127378129,-0.007564014,-0.072695818
-1.203801739,-0.372826366,-0.758405328,-0.004310195,-0.256820318,-0.008743959,-0.189538167,0.000182365,1.198548854,-0.001423633,0.100286266,0.002035202,0.030501011,-0.004887601,-0.277021391
-1.206988401,-0.725064825,-0.372945636,-0.000898989,-0.173513119,-0.007754764,-0.476356944,0.006045071,1.284156962,0.000254868,-0.011826724,0.002554593,-0.364210945,-0.002055196,-0.302158544
-1.204324143,-0.736158949,-0.725128232,0.000821656,0.057043922,-0.006297706,-0.079197911,0.008013948,-1.962878824,-5.2476E-05,-0.012131728,0.000712051,-0.159045474,-0.000823855,-0.126772266
-1.190389028,-0.496803209,-0.736220597,0.003899357,0.55804737,0.000182365,1.198548854,0.007630467,-0.154998806,-7.12577E-06,0.020503086,-0.002347149,0.431916636,0.002359818,0.381932816
-1.187881491,-0.739487187,-0.496902817,0.006809155,0.514944033,0.006045071,1.284156962,0.007570437,0.673436804,0.000784348,0.073162049,-0.003356905,0.750221417,0.004982041,0.719519128
-1.207249603,-0.381424312,-0.739548307,0.005870853,-0.433715814,0.008013948,-1.962878824,0.00375017,0.947031577,-0.000638762,-0.04631129,-0.005362938,0.314782172,0.00414711,0.030558488
-1.218376799,-0.556434129,-0.381542219,0.000203284,-0.112296792,0.007630467,-0.154998806,-0.007142167,0.737398299,-0.002811625,-0.143457666,-0.007564014,-0.072695818,0.001982916,-0.28498265
-1.221550401,-0.725342178,-0.55652428,-0.00337118,0.407426419,0.007570437,0.673436804,-0.014182501,-0.341280077,-0.003071549,-0.055647546,-0.004887601,-0.277021391,-0.001247049,0.06023982
-1.24191108,-0.360345475,-0.725405541,-0.006022297,1.039872582,0.00375017,0.947031577,-0.015728196,-0.252702607,-0.003641051,0.214108843,-0.002055196,-0.302158544,-0.005225819,0.705552971
-1.232168253,-0.58583356,-0.360466725,-0.009180868,0.4463821,-0.007142167,0.737398299,-0.011225144,0.173241906,-0.003530713,0.313108494,-0.000823855,-0.126772266,-0.006224236,0.723368166
-1.254083083,-0.327340454,-0.585919048,-0.012512012,-0.248636124,-0.014182501,-0.341280077,-0.010816333,-0.238418856,-0.003379239,0.392294788,0.002359818,0.381932816,-0.009093339,0.249230656
-1.215699481,0.022401827,-0.327466938,-0.008687894,-0.192835615,-0.015728196,-0.252702607,-0.001487967,0.710443477,-0.002076405,0.253393575,0.004982041,0.719519128,-0.009122391,-0.208917337
-1.217397292,-0.75668308,0.022219876,-0.000873645,-0.093638745,-0.011225144,0.173241906,0.009678613,1.05145438,0.000178108,-0.004719092,0.00414711,0.030558488,-0.003795148,-0.364417896
-1.210867248,-0.654062427,-0.756741473,0.001374567,0.11380461,-0.010816333,-0.238418856,0.013800435,-1.445195883,0.000864241,-0.008117283,0.001982916,-0.28498265,-0.000265405,-0.02697983
-1.226460994,-0.461579363,-0.654137095,0.003083148,0.032576009,-0.001487967,0.710443477,0.007676008,-0.719574268,-0.000498173,-0.009103741,-0.001247049,0.06023982,0.000262197,0.055590317
-1.224919904,-0.760011317,-0.461684558,0.002677607,-0.102672928,0.009678613,1.05145438,-0.004309456,0.239989323,-0.002031454,-0.010763771,-0.005225819,0.705552971,0.001220004,-0.09533841
-1.206648839,-0.404721974,-0.760069183,0.00644248,-0.469972525,0.013800435,-1.445195883,-0.000770928,0.941402073,-0.001013122,-0.013162206,-0.006224236,0.723368166,0.004289843,0.009390392
-1.196853772,-0.584724147,-0.404836186,0.007794645,-0.260313757,0.007676008,-0.719574268,0.007911972,0.721735357,-0.000440106,-0.045690408,-0.009093339,0.249230656,0.008354507,-0.255880244
-1.198669124,-0.754186902,-0.584809812,0.004414994,0.320326762,-0.004309456,0.239989323,0.013088477,-0.676130001,-0.00086464,-0.110642142,-0.009122391,-0.208917337,0.007484592,-0.268115292
-1.189683783,-0.601920041,-0.754245691,0.004663691,0.512544401,-0.000770928,0.941402073,0.010116203,-0.861440278,0.000339743,0.019646305,-0.003795148,-0.364417896,0.004498141,0.233366973
-1.18348024,-0.660996255,-0.602002978,0.007481141,0.163676387,0.007911972,0.721735357,0.007052944,0.170306527,0.002630423,0.229272746,-0.000265405,-0.02697983,0.005507617,0.458722018
-1.184368327,-0.773878973,-0.661069823,0.00971812,-0.494296779,0.013088477,-0.676130001,0.006394549,-0.267979012,0.003615922,0.244116771,0.000262197,0.055590317,0.006933096,0.041059406
-1.210828067,-0.230821569,-0.773934639,0.004221142,-0.273562483,0.010116203,-0.861440278,-0.001575111,1.663275357,0.003421595,-0.004736465,0.001220004,-0.09533841,0.005590963,-0.428396431
-1.228602849,-0.415261393,-0.230963361,-0.004148915,0.592169293,0.007052944,0.170306527,-0.01520532,2.475407263,0.001733622,-0.097748896,0.004289843,0.009390392,-0.000780245,0.096830047
-1.218846962,-0.585556207,-0.415373933,-0.005968446,0.995913477,0.006394549,-0.267979012,-0.018205225,-1.978596635,0.001937816,-0.20951129,0.008354507,-0.255880244,-0.004343191,0.491448109
-1.219068984,-0.788023982,-0.585641739,-0.005699482,0.143660751,-0.001575111,1.663275357,-0.009817663,-1.07401106,0.001589008,-0.205510386,0.007484592,-0.268115292,-0.004183771,0.244432251
-1.222347066,-0.723123353,-0.788077405,-0.007877375,-0.211369365,-0.01520532,2.475407263,-0.000460997,-0.311860969,-0.000414762,0.022138289,0.004498141,0.233366973,-0.005248174,0.038092621
-1.223404933,-0.770273383,-0.723187068,-0.009012289,-0.682410014,-0.018205225,-1.978596635,0.000397456,-0.371717149,-0.000870317,0.049728115,0.005507617,0.458722018,-0.007194915,-0.22732281
-1.212747901,-0.566418842,-0.770329621,-0.004754224,-0.538146042,-0.009817663,-1.07401106,0.000413541,0.702296304,5.85076E-05,-0.01397078,0.006933096,0.041059406,-0.006784032,-0.650740351
-1.213779648,-0.770828089,-0.566507409,0.001504611,-0.101221275,-0.000460997,-0.311860969,0.003487006,1.845535387,0.001237415,-0.084394416,0.005590963,-0.428396431,-0.003121962,-0.498923174
-1.21563418,-0.753354843,-0.770884239,0.002112722,-0.143302719,0.000397456,-0.371717149,0.00383062,-1.950158523,0.000107357,-0.030173403,-0.000780245,0.096830047,0.00100213,-0.139932161
-1.226460994,-0.562813251,-0.753413764,-0.000489662,0.258632606,0.000413541,0.702296304,-0.001391169,0.165481229,-0.00192136,0.029753939,-0.004343191,0.491448109,0.000537214,-0.051430567
-1.220962697,-0.675973323,-0.56290239,-0.000702669,0.257414683,0.003487006,1.845535387,-0.004882231,0.672216157,-0.002582488,0.009980282,-0.004183771,0.244432251,-0.000954165,0.21176508
-1.228446128,-0.633815649,-0.676044516,-0.000427551,0.215301891,0.00383062,-1.950158523,-0.004663219,-2.032442139,-0.003039389,-0.071959837,-0.005248174,0.038092621,-0.000801085,0.253578435
-1.243086488,-0.481826141,-0.633893528,-0.004140132,0.888882681,-0.001391169,0.165481229,-0.006887406,0.852578575,-0.004904058,-0.141833696,-0.007194915,-0.22732281,-0.002585865,1.047675063
-1.246612712,-0.717853644,-0.481928124,-0.007391131,0.993772174,-0.004882231,0.672216157,-0.009907748,1.063343676,-0.006081488,-0.242014993,-0.006784032,-0.650740351,-0.005371864,1.235874256
-1.259228758,-0.524815874,-0.717918195,-0.008947369,0.58348123,-0.004663219,-2.032442139,-0.013265466,-0.713543653,-0.00553293,0.040472249,-0.003121962,-0.498923174,-0.007961781,0.783858333
-1.270316774,-0.557266189,-0.52491104,-0.010274288,0.580203113,-0.006887406,0.852578575,-0.013690439,0.197896819,-0.004519753,0.557644446,0.00100213,-0.139932161,-0.010071434,0.503932703
-1.281809653,-0.548668242,-0.557356208,-0.012348855,0.395953176,-0.009907748,1.063343676,-0.014821889,0.291083332,-0.005266561,0.814270869,0.000537214,-0.051430567,-0.011104975,0.487367411
-1.283820907,-0.750026605,-0.548759625,-0.013778272,-0.072276949,-0.013265466,-0.713543653,-0.014300038,-0.539001174,-0.00644135,0.546469794,-0.000954165,0.21176508,-0.011985079,0.167878102
-1.290350951,-0.654062427,-0.750086054,-0.01223164,-0.151942065,-0.013690439,0.197896819,-0.010743459,-0.575504695,-0.006709722,0.333248379,-0.000801085,0.253578435,-0.012720339,-0.174910404
-1.280555884,-0.584724147,-0.654137095,-0.009748297,-0.322688871,-0.014821889,0.291083332,-0.004559883,-0.20355471,-0.006345748,0.170843602,-0.002585865,1.047675063,-0.010189297,-0.242664639
-1.300707602,-0.364783125,-0.584809812,-0.009114368,-0.369246427,-0.014300038,-0.539001174,-0.003818474,0.770233966,-0.007381807,0.085145527,-0.005371864,1.235874256,-0.009449411,-0.256338961
-1.298866129,-0.753632196,-0.364903671,-0.008511165,-0.140765166,-0.010743459,-0.575504695,-0.006235133,1.378079925,-0.008833451,0.035523405,-0.007961781,0.783858333,-0.00973534,-0.253973162
-1.313219168,-0.487927909,-0.753691073,-0.007317536,0.171100973,-0.004559883,-0.20355471,-0.010104539,-0.45465608,-0.009352074,-0.004551105,-0.010071434,0.503932703,-0.008606344,-0.084069209
-1.327859528,-0.481826141,-0.488028925,-0.009254735,0.7799839,-0.003818474,0.770233966,-0.014738773,0.333011648,-0.010233271,0.054329003,-0.011104975,0.487367411,-0.009327581,0.446968373
-1.339535248,-0.544785298,-0.481928124,-0.011475239,1.05204018,-0.006235133,1.378079925,-0.016746589,0.482557513,-0.011362333,0.063509298,-0.011985079,0.167878102,-0.010715587,0.81768373
-1.342708849,-0.725342178,-0.544877297,-0.013758211,0.193936287,-0.010104539,-0.45465608,-0.017464693,-0.854988571,-0.012087747,-0.002903433,-0.012720339,-0.174910404,-0.011431453,0.522772758
-1.352242714,-0.59027121,-0.725405541,-0.014125577,-0.081299765,-0.014738773,0.333011648,-0.01350188,-0.453347088,-0.011660275,0.005583734,-0.010189297,-0.242664639,-0.013185184,0.017320769
-1.326566579,-0.247462757,-0.590355994,-0.009905435,-0.24405567,-0.016746589,0.482557513,-0.002890221,0.391269733,-0.009931147,-0.076236682,-0.009449411,-0.256338961,-0.010430282,-0.22917551
-1.322818333,-0.713138641,-0.247601908,-0.004699432,-0.45094369,-0.017464693,-0.854988571,0.008382727,1.202392215,-0.007583713,-0.187357745,-0.00973534,-0.253973162,-0.005356147,-0.340110263
-1.35010086,-0.213348323,-0.71320394,-0.004037848,-0.090369241,-0.01350188,-0.453347088,0.005655873,0.27363642,-0.00761868,-0.102759598,-0.008606344,-0.084069209,-0.006592225,-0.305780123
-1.338856123,-0.553937951,-0.213492885,-0.002744047,0.05002216,-0.002890221,0.391269733,-0.002596344,-0.177588132,-0.007302012,-0.056779435,-0.009327581,0.446968373,-0.005202878,-0.125785041
-1.295039523,0.137780724,-0.554028498,0.006160441,0.806224559,0.008382727,1.202392215,0.00394295,0.893052402,-0.003655396,-0.085737216,-0.010715587,0.81768373,0.003649812,0.608153455
-1.293602913,-0.762230142,0.137580475,0.013584145,0.897498534,0.005655873,0.27363642,0.021441815,0.812170859,-0.000778182,-0.053292873,-0.011431453,0.522772758,0.010239274,1.098662114
-1.298382906,-0.691227744,-0.762287656,0.011093312,0.262720949,-0.002596344,-0.177588132,0.024748928,-1.942893038,-0.001137049,-0.090238516,-0.013185184,0.017320769,0.011277195,0.246394907
-1.276899059,-0.336493107,-0.691296518,0.009410711,0.278560032,0.00394295,0.893052402,0.014854041,-0.496435276,0.000322852,0.027391107,-0.010430282,-0.22917551,0.011283713,0.143576693
-1.260717609,-0.449098473,-0.336618139,0.017055744,0.077748999,0.021441815,0.812170859,0.012748559,0.639219932,0.003344717,0.296793957,-0.005356147,-0.340110263,0.012117059,0.390551221
