0,1,2,3,4,5,6,7,8,9,10,11,12,13,14,15,16,17,18,19,20
2.3604363504813364,3.025431722377271,3.690427094273206,4.3554224661691405,5.020417838065075,5.685413209961009,6.350408581856945,7.0154039537528785,7.680399325648813,8.345394697544748,9.010390069440682,9.675385441336617,10.340380813232553,11.005376185128485,11.67037155702442,12.335366928920354,13.00036230081629,13.665357672712226,14.330353044608158,14.995348416504093,15.660343788400027
4.75035129802751,6.153071963881965,7.55579262973642,8.958513295590873,10.361233961445329,11.763954627299782,13.166675293154238,14.569395959008691,15.972116624863144,17.3748372907176,18.777557956572053,20.180278622426506,21.582999288280963,22.985719954135416,24.388440619989872,25.79116128584432,27.193881951698778,28.596602617553234,29.999323283407684,31.40204394926214,32.804764615116596
6.890651007443415,9.015106952172983,11.139562896902552,13.264018841632119,15.388474786361687,17.512930731091252,19.637386675820828,21.76184262055039,23.886298565279958,26.010754510009527,28.135210454739095,30.259666399468664,32.38412234419823,34.508578288927794,36.63303423365737,38.75749017838693,40.8819461231165,43.006402067846075,45.13085801257563,47.255313957305205,49.379769902034774
9.066586721275662,11.898117278171501,14.72964783506734,17.561178391963175,20.392708948859013,23.22423950575485,26.055770062650694,28.887300619546526,31.718831176442364,34.55036173333821,37.38189229023404,40.213422847129884,43.04495340402572,45.87648396092155,48.708014517817396,51.53954507471323,54.37107563160907,57.202606188504916,60.03413674540074,62.865667302296586,65.69719785919241
11.334759769104933,14.584006701394054,18.164784190579013,21.745561679763977,25.326339168948934,28.907116658133894,32.487894147318855,36.06867163650382,39.649449125688776,43.230226614873736,46.811004104058696,50.39178159324366,53.97255908242862,57.55333657161358,61.134114060798524,64.71489154998349,68.29566903916846,71.87644652835341,75.45722401753838,79.03800150672333,82.6187789959083
13.2472421208632,16.421530869370976,20.345066550167868,24.600132787860602,28.85519902555334,33.11026526324607,37.36533150093881,41.62039773863154,45.87546397632428,50.13053021401701,54.385596451709745,58.640662689402475,62.89572892709521,67.15079516478795,71.40586140248068,75.6609276401734,79.91599387786614,84.17106011555889,88.4261263532516,92.68119259094435,96.93625882863708
14.944576700061862,18.10590310795473,21.941518264355373,26.526380353045134,31.442772998630737,36.35916564421635,41.27555828980194,46.19195093538755,51.10834358097315,56.02473622655876,60.941128872144354,65.85752151772996,70.77391416331557,75.69030680890117,80.60669945448677,85.52309210007238,90.43948474565795,95.35587739124357,100.27227003682918,105.18866268241476,110.10505532800038
16.32170895411876,19.41393144138253,23.16748033653917,27.59531798020359,32.77240255615712,38.2810176890065,43.78963282185588,49.29824795470525,54.80686308755463,60.315478220404,65.82409335325339,71.33270848610276,76.84132361895215,82.34993875180152,87.85855388465089,93.36716901750026,98.87578415034965,104.38439928319899,109.89301441604837,115.40162954889777,120.91024468174712
17.380048523885623,20.458786349429836,24.129746662237817,28.46203338293867,33.4686088521473,39.22443125364504,45.31178421203863,51.399137170432226,57.48649012882581,63.573843087219394,69.66119604561298,75.74854900400658,81.83590196240016,87.92325492079375,94.01060787918735,100.09796083758093,106.18531379597451,112.2726667543681,118.36001971276166,124.44737267115525,130.53472562954886
18.652443879541003,21.784306578688042,25.49490710337929,29.79773011533431,34.7618795351822,40.400317703537866,46.78800280418264,53.50721846172327,60.22643411926391,66.94564977680452,73.66486543434515,80.38408109188578,87.1032967494264,93.82251240696702,100.54172806450765,107.26094372204828,113.9801593795889,120.69937503712951,127.41859069467014,134.13780635221073,140.85702200975138
20.162454227703286,23.259184968302026,26.987778408047806,31.295109673337794,36.194663425891555,41.755543586338185,47.99071249529259,54.9751283365361,62.291074734675476,69.60702113281485,76.9229675309542,84.23891392909357,91.55486032723294,98.8708067253723,106.18675312351166,113.50269952165104,120.8186459197904,128.13459231792976,135.4505387160691,142.76648511420848,150.08243151234782
21.346216539305466,24.451954960403114,28.1544241220995,32.48875598294292,37.401825669330556,42.90711784298196,49.07373642452624,55.914643754578286,63.504798016919445,71.42648283615647,79.34816765539348,87.26985247463047,95.1915372938675,103.11322211310451,111.03490693234151,118.95659175157853,126.87827657081554,134.79996139005254,142.72164620928956,150.64333102852655,158.56501584776356
22.41218825183869,25.51779043940242,29.229131048063802,33.537202397323924,38.47713644573108,43.995808319682446,50.106702680897584,56.878923450005594,64.32543296762137,72.4310351551851,80.62679160508999,89.15407861189075,97.6813656186915,106.20865262549222,114.73593963229298,123.26322663909373,131.79051364589446,140.3178006526952,148.84508765949596,157.3723746662967,165.89966167309746
24.251549338199705,27.446748405867456,31.247549661098944,35.654089337428076,40.65735975435595,46.292492870430856,52.50636381204998,59.31245724093287,66.77987707770863,74.92158566299216,83.11678473065992,91.91758598589139,100.80854150346404,110.03102757793256,119.25351365240105,128.47599972686953,137.69848580133805,146.92097187580654,156.14345795027504,165.36594402474353,174.58843009921205
25.939248625148842,29.12764752345594,33.01124548943079,37.500445642969375,42.595384217605606,48.287053532840574,54.610585547222584,61.512855387148804,69.00734771433879,77.16316644942165,85.35156534772875,94.18167283131937,103.06527079729423,112.5544709508328,122.13382536671254,132.04471033948818,141.95559531226377,151.86648028503933,161.77736525781495,171.68825023059054,181.59913520336613
27.446001911319875,30.629555108059254,34.50150720310573,39.06865836581996,44.24141171609792,50.01990348747353,56.39512599944788,63.40221121056927,70.98803424723486,79.16607977116423,87.3496329679036,96.18900489972584,105.06095699477233,114.57461767510233,124.14176883781657,134.3145221880945,144.57742980071365,155.17186797022865,165.76630613974362,176.36074430925856,186.95518247877357
29.342722531956863,32.53628143442702,36.41339353363655,40.97890453115319,46.23961459633757,52.10592684908569,58.57797752293145,65.64675893737595,73.3474030509675,81.54096195343766,89.8203438925734,98.69194831897293,107.56906041818246,117.10199125247486,126.6675022499915,136.87472183279166,147.13543189797605,158.00174415072414,168.95821066581343,180.24620773779858,191.53420480978372
30.93885121181115,34.10740171025428,37.96951111116757,42.515173708820235,47.74923520478001,53.678495768407515,60.21335851959877,67.35395969188765,75.0912916047753,83.25984210321842,91.62903671525311,100.49114611616639,109.43907855374528,118.97923347858793,128.5248960762406,138.72637740897613,148.9604389049359,159.8362089861792,170.7654695498067,182.30033230099792,193.92534931453034
32.10246854793319,35.21656801720186,38.999217984913656,43.47542685509561,48.63518892201694,54.483349887245375,61.02670992014155,68.17567214060148,75.93037278215903,84.04447225142769,92.395903633584,101.17855360129579,110.16184768259913,119.63805655278108,129.20008845962863,139.35434285373995,149.51410492066128,160.3296857226655,171.17784668789392,182.6677162384059,194.21107627130206
33.396413720160595,36.554388329076744,40.32646240726155,44.76708698388949,49.90127046298759,55.719007138825056,62.225142712969635,69.42647735478195,77.23341418415802,85.39138879307417,93.80406404354785,102.57613812173267,111.58554411280511,121.02616868943305,130.66743737965254,140.80162085875062,151.0216273745143,161.83385637754176,172.65159305337926,184.1251484642996,195.63128403844416
34.54098447185796,37.69456074117998,41.50611161941814,45.931761966924974,51.02596281287493,56.813722561295044,63.28503550645453,70.44474734992113,78.29965826105546,86.45323453037747,94.91374762907556,103.72529850731374,112.79155002710944,122.21720037461627,131.88018263501073,141.97438348096068,152.2692284405022,163.0569881889223,173.930570974008,185.39637624635748,196.86768919151697
35.74392206349572,38.893987626733335,42.69762945929297,47.15924590076875,52.2349618115132,57.97922822070077,64.4170535323585,71.5384320407556,79.34820944745982,87.49827501069744,96.00325148506938,104.806893317629,113.91747197956471,123.3790884210405,133.09540550407382,143.1711214148183,153.48416923845036,164.22843564763792,175.17334617041703,186.61117148207478,198.13481983039807
37.086302686627505,40.270552156581736,44.10486718977358,48.592758492287444,53.73862440371746,59.49858978441614,65.92710566355794,73.0491804451699,80.85480842352122,89.03905789347544,97.53308477013391,106.36739980332575,115.55662574765194,125.04451705016578,134.8393451820557,144.98521109348573,155.3857776464733,166.145743027172,177.14304032075827,188.57155619990007,200.20071619263342
38.34832523086096,41.518344253727896,45.37261274654907,49.87694680260786,55.034857127988666,60.850742062285626,67.28072646585125,74.37926136786,82.17135517233889,90.34137419520583,98.8170211964241,107.67128968924527,116.83533558877068,126.33966964482946,136.19891461202258,146.3568249374034,156.82167209216024,167.63755702645722,178.7081426023117,190.13812700587735,201.80544332233058
40.200964127085946,43.449400265982284,47.36785542774556,51.970560059463075,57.2233302544182,63.12967671869534,69.69399779188865,76.8724183343506,84.7193893752557,92.96782551415203,101.50835545752727,110.42681061929055,119.65089375940515,129.25359839112267,139.16608042954442,149.41885062449953,160.026531730589,170.93287819486613,182.14616148851934,193.71048256171264,205.52950427646348
42.2448441255319,45.51326592690817,49.53012386718078,54.217000830320316,59.5881272634141,65.60931925974549,72.2840875253989,79.61683039996848,87.56367274380669,95.83209454518297,104.44748738746434,113.46434532773692,122.77329707248845,132.46017403562797,142.45267897711886,152.82380541021263,163.50470925001065,174.52590124634204,185.90200415380778,197.57677241946118,209.55847751449065
44.561285649406365,47.84523806721191,51.897612286393716,56.69842264447187,62.169252025416945,68.32433087631627,75.1294752904532,82.58819597391216,90.70489126628728,98.98884368409281,107.71963844573656,116.77201266491839,126.1713579250053,135.97216828308342,146.06507244564048,156.53590182658556,167.312359185882,178.4674380367813,189.93229429438486,201.7374387085218,213.89749403379307
46.96359772569028,50.2150720707748,54.25049883366488,59.05434739793121,64.60663210109388,70.82893582712349,77.73548902310733,85.2921077823288,93.50230281087228,101.75377715595681,110.62194679341644,119.65737355630651,129.13964266303478,138.94349122730114,149.09431083247256,159.6465955356352,170.4909740432768,181.71327776930642,193.24120947368738,205.14776266967118,217.3640932723593
48.34944920448712,51.507105890187624,55.41623692097265,60.10932036956323,65.57082561953007,71.78076700839324,78.66072742012335,86.2249373018077,94.3825939875082,102.59686943243017,111.46472114667415,120.37385217745918,129.8996785006193,139.5927619492099,149.73268774163867,160.19419299160552,171.00266928247746,182.2126106713406,193.7146458646827,205.5946062764128,217.78019466649428
50.60850351826975,53.760735949414354,57.57062506625947,62.1319885281891,67.47730440792428,73.59104208903572,80.45321590904351,87.98540875191823,96.13764118306283,104.35408349589179,113.1639726127369,122.03048048880346,131.55056463419206,141.1119280961217,151.28998685042643,161.6353027301616,172.427460953735,183.54119863484647,195.001907356863,206.86408117687074,219.01834880135746
53.48934684688798,56.69408447039905,60.551054525054724,65.0656812654109,70.3317823508516,76.38183585409784,83.20031115872037,90.76722260223922,98.97196022575028,107.20889069213607,116.06586074679173,124.98704068313177,134.50166742348796,144.0729129230656,154.29773469196525,164.56383577740593,175.44663215522175,186.49668565846798,197.99358150555244,209.81205681017497,221.97750315570258
55.586840427412696,58.541365845244606,62.20062888658758,66.51212435907517,71.48127651726325,77.20190302053587,83.70648194161402,90.97948266406846,98.93400808190036,106.95544494325112,115.61470798459409,124.3061638688118,133.61765934129937,142.9933646954713,152.96251685365942,162.98828777106894,173.66763495780052,184.3882614610731,195.72558325672082,207.23016217779897,219.18158344271535
57.02927320054418,59.96224654217378,63.34974530163529,67.44198168460785,72.18645049872505,77.58857599854272,83.74217584344494,90.67972810615268,98.38570217023673,106.31867551186632,114.70617427132781,123.16058447430818,132.25282085728074,141.37725008312805,151.12171889724522,160.93039759304676,171.33252309286448,181.79126735190357,192.90358788026475,204.05718772516695,215.82748286244424
58.496744225165656,61.53387262202499,65.00397436051392,68.92860151683476,73.55796629666666,78.83956350764319,84.7788174043202,91.46954564608174,98.94422630564883,106.98135470250816,115.22445716345153,123.69455890194045,132.61918605826128,141.610724658101,151.24008943793288,160.90164706063953,171.18324427161602,181.5290513642769,192.46830526095394,203.46417791685238,215.1136268420729
60.021404160341945,62.98576922442046,66.4872626853583,70.42172948792575,74.8107217083251,79.90445155223551,85.65041382729056,92.05403278804607,99.20912609388614,107.14817181753173,115.11253688161024,123.61403034254809,132.32149786756997,141.25596467013742,150.64495689053675,160.10086055445498,170.1945903983654,180.32051308515054,191.06647536020554,201.87664751694496,213.28026647770048
60.94792395267941,63.909473576896744,67.33538826519258,71.29843135034776,75.69444777713252,80.54498962174921,86.10026908987695,92.30778098914932,99.17294957412216,106.78959250417955,114.75114212839688,123.1517374762598,131.57765216455562,140.5406952497108,149.70971239895002,159.1057288257348,168.95627067035144,178.873723958487,189.42900342661474,200.0164757376172,211.22398763688955
62.263690412797466,65.1876376923867,68.57313459619328,72.42299656407835,76.80998692882277,81.62995063519678,86.9044397594027,92.88366650711968,99.5151256859813,106.80424155054338,114.72818883013262,122.76877903977926,131.15427594358584,139.97881857103798,148.82868053892304,158.21567090366747,167.80863533249592,177.62859903886994,187.90308816307584,198.24448873080064,209.22371547851762
64.0109299715277,66.92346423946134,70.25994578698422,74.05797695872444,78.32037319454314,83.1198978272212,88.35239580152884,94.03941919366841,100.43118020931904,107.4751736561143,115.17682378861001,123.08935805654365,131.42583960406654,139.8789640816468,148.67699525338702,157.9140721487728,167.17646838459152,176.9759930172696,186.98149171403168,197.21398968833932,207.90101308047886
65.12139969636485,67.96963189099186,71.2303983535525,74.91511209570238,79.0613754620696,83.67200389251532,88.81976071982038,94.40049088875503,100.4357464755216,107.17573968579924,114.5679653272215,122.4161975218485,130.46607984897122,138.72684631153186,147.41156005368177,156.21291672588904,165.35918009225625,174.94448918226902,184.55511761271475,194.70287444001985,205.05660533140895
65.73017183327686,68.63100815660837,71.8800766745669,75.54167946045905,79.62722952594044,84.17432921563918,89.1857939694164,94.73438712005296,100.71595361231913,107.1520455224172,114.29287505602636,122.08593702078012,129.98677334411164,138.23584186207015,146.68656051252438,155.34816329841652,164.43371336389794,173.63590635943672,183.18300604913546,193.16915146247973,203.18061621625696
66.36827996457596,69.34341584897277,72.71938805670109,76.4435924590564,80.58033112934537,85.14101707922354,90.16325265331909,95.6498532914931,101.67358232652647,108.13028470318943,115.04151249768431,122.65747791569028,130.63261380008709,138.90081164923762,147.27678385696595,156.00098825932125,164.9268427941723,174.06358146446124,183.62426741433944,193.30159629427504,203.32383186837058
67.21142426294256,70.22190299586525,73.70751761318475,77.59396855383577,81.82865168911377,86.47586909232541,91.54703377512628,97.07974808214452,103.07682745324122,109.61103522119728,116.57821633078294,123.99992285820049,132.01040159112318,140.13684574205183,148.62246035937133,157.40113694144458,166.28758788209558,175.52227101737358,184.95860428514732,194.60582168835893,204.67698637115984
67.79117798546177,70.71944259864681,74.15818594475454,78.07206517525907,82.38678072909512,87.04972847755816,92.12521049395484,97.62463978994074,103.58561871014402,110.01096269442576,116.97343507556685,124.36888079833754,132.21885193894013,140.14711655212517,148.5858598982329,157.1405686623466,166.05444789285113,175.2613890881094,184.57610464194545,194.2390523904085,204.10365027136726
68.53106733458904,71.4738317395773,74.84486075775061,78.7263685088466,83.0830121443394,87.84049210316374,92.94620425661505,98.46445067799999,104.40664437897416,110.8103877041657,117.67849609343571,125.08373287956508,132.92194300732405,140.8647074123123,149.15744295790316,157.52847197607647,166.40997972717247,175.40745289627444,184.76409653176725,194.41380213201379,204.1712820908381
70.38564318413103,73.42494543953543,76.90701209992811,80.81734337350584,85.23815338000624,90.13409927090345,95.4308814851322,101.07589589398792,107.13344457077727,113.61494052715585,120.55798610775182,127.96539675242623,135.90993579396002,143.94923804936442,152.3267504325278,160.80881709292046,169.64085489391573,178.55118616749348,187.9719961739939,197.50877159850026,207.40471748939748
71.11937350667007,74.1355087771183,77.69094630297093,81.68914823381184,86.11561477783778,91.05256005478641,96.46464121613184,102.27755870080881,108.43870838011276,115.01239232735033,122.01002355417714,129.46920440522132,137.39275032034396,145.40888559079218,153.8695599027742,162.42499742862682,171.31864508223842,180.31684701307933,189.6650200845228,199.09148662854878,209.0284319054974
72.43773752262297,75.42146083887334,78.92131942557197,82.96048026767497,87.44240551476625,92.35259537504257,97.77326396824158,103.66906844583738,109.96570924676475,116.61058224231907,123.66798950580701,131.14934404888422,139.09224821617877,147.07597153242915,155.48324076380217,163.98309935050077,172.92749697873316,181.96665782083616,191.34402879069813,200.82595403778942,210.65785042548328
75.8412358017593,78.79132220384294,82.22513192217696,86.17507691095922,90.66432415514586,95.59633580432079,100.95661206668075,106.8273670619634,113.17325794164285,119.91998514465385,127.01494454229181,134.52243820786342,142.45387915302425,150.4039655551079,158.7969561244861,167.23076584282012,176.08812147627677,185.03806646505902,194.43255049537504,203.9217977395617,213.7492551115073
79.31675882642047,82.30431003634243,85.74194764834803,89.66330857660401,94.10080477530823,99.07760322941684,104.49716608851372,110.34499356079563,116.70329976600024,123.53674185560165,130.7710202685346,138.35353087609454,146.3410820860165,154.33612696151008,162.75511911659285,171.19275672859845,180.0732985078986,188.99465943615462,198.33956627953322,207.7770624782374,217.6590977184754
81.53199395167377,84.48288360997348,87.92132447819516,91.80985174850049,96.18210233505619,101.07048819206013,106.49817630446846,112.36862882186506,118.66734595244668,125.47654181595101,132.76087356385213,140.44604163508484,148.39693129338454,156.4303315592442,164.8687724274659,173.31470696125916,182.18458877464167,191.073116044947,200.40454748254686,209.7767980691026,219.5725945707809
83.094062667147,86.07017248031373,89.49717195178017,93.41172263316858,97.77635971664064,102.62472011636306,107.98921578653373,113.8930137121088,120.23957604267211,127.01440298642046,134.29970866309154,142.06015022415937,150.03626003732612,158.19753792172554,166.62453739319199,175.13404747221836,184.0485981536068,192.97064250056678,202.316634127116,211.68127121058808,221.48881246135466
85.2837759017009,88.3014893749509,91.79531266136762,95.74002560608406,100.17228976072245,105.0546403174445,110.42071419041692,116.30292333383757,122.72443473266263,129.58871053647593,136.88125095347428,144.68427010339533,152.70198357664532,160.98013861096317,169.4739618973799,178.1529532550293,187.09766619974573,196.1248897520221,205.55715390666055,214.9969117268705,224.8606168266697
86.4263975596227,89.4057066578899,92.90272922940707,96.87586161409097,101.29988365707459,106.21145690998016,111.5731165649694,117.418499536209,123.78001777789683,130.68083827498907,138.02442317706956,145.7962726923351,153.77558179060227,162.0579100387905,170.55493261030767,179.3123967428927,188.2855291275766,197.4438295834932,206.8678516264768,216.37438427702037,226.285957529926
87.50285784373209,90.54012124617068,94.05669374687648,98.09097972083225,102.60137550795474,107.56266095337698,113.01149760872114,118.91042066614898,125.29306703982718,132.19184868395362,139.62993258348445,147.51078088800355,155.54804429044216,163.85715720814628,172.37372970885207,181.1933213594789,190.22760733343466,199.5223348684583,209.0327306555808,218.728294513936,228.68957995935818
89.81508591343665,92.95677288693335,96.63572326286865,100.79398273707115,105.46995568452363,110.62203844514282,116.22501086406176,122.31553449290263,128.85614452382717,135.88047787100206,143.42094648862522,151.50071736165273,159.64240433514945,168.16493961316525,176.84388998910055,185.79468988030138,194.95294935450386,204.4142279786274,214.09020092607986,224.02661543460022,234.1786981952194
92.63420124281677,95.7970284696214,99.60154266992271,103.94332027266263,108.76440697366975,114.10320714792685,119.91811713535066,126.18391678107422,132.9372676367197,140.14070489444887,147.82786546842837,155.990692695233,164.19398853966078,172.9365866394929,181.74110083979426,190.92646334461466,200.26824094735457,209.88186806536004,219.70295476636713,229.82706061729527,240.16586079155238
95.12697316797596,98.3105576210919,102.15696930101248,106.64506795442973,111.6704300102856,117.17510116440866,123.19748579178172,129.69598023232146,136.64536433116098,144.08229963992238,151.96932135076753,160.15290580388347,168.5236508309789,177.3700625108995,186.2569428084432,195.68312536139126,205.1712240148086,215.04017097274493,225.06553302860078,235.3627445997222,245.86741575384522
97.00917518128186,100.08384442694933,103.84209812573275,108.2631790513208,113.32594695040552,118.92597825192887,125.00531865171939,131.60237252475991,138.67553621096715,146.19958955547412,154.211194109903,162.28586335557048,170.7475543120831,179.50580801086653,188.45122228362942,197.87230320921748,207.33385275242867,217.3347045510442,227.397472450129,237.8410886537328,248.44111995525614
98.68768188281845,101.74404010604684,105.37506757494269,109.68967949695448,114.66711864577093,120.28624476808403,126.44263429283576,133.07833291585467,140.23174501212358,147.8612669215592,155.9176251447876,163.99803671252295,172.56599949018022,181.19702695907608,190.21507613881707,199.52968806082887,209.03146055682015,219.0088997056366,229.02680747207617,239.5840174939201,250.20314361623326
101.45866071596807,104.56719762418166,108.23209275562363,112.47165713273306,117.39480596295843,122.98078201998845,129.20844505051514,135.97337148348046,143.21760701471297,150.97955601919546,159.08809292740904,167.32615174505824,175.9910468765002,184.67999535244914,193.85649503832,203.09605941542944,212.722645503384,222.6457943336094,232.75610373781427,243.3420797948443,253.96852446949745
102.6938588197009,105.72523208592943,109.36514226037156,113.56141065804205,118.33234830138001,123.78687039783391,129.90421972109246,136.6632560178477,143.95955571704152,151.73516451450257,159.76653778073108,168.05986005144212,176.6997702258842,185.46920230976195,194.66547070743243,203.8857924496099,213.59366540170927,223.36460304504726,233.52256239923034,243.97708449568427,254.61876716611766
104.01376291834059,107.08523613909735,110.68808262608263,114.89946602128151,119.66720763970876,125.00961850380348,131.03561382101415,137.72443636502945,145.05494588254143,152.92271880249203,160.9941920232488,169.3412740414666,177.94412052845186,186.80891601991965,196.02029941511853,205.361204719753,215.12894633818027,224.9207413011145,235.20008747397063,245.54249833806537,256.27193091300524
106.43371531280339,109.51854192734197,113.17484176263733,117.3625148641612,122.15872487389866,127.51129310686451,133.43853058549783,140.0493525172471,147.32300167580095,155.23833780785154,163.32316442239014,171.7757639568793,180.43206379217466,189.36397242493106,198.5516455264549,208.0012676324613,217.79747764219877,227.72320956137182,238.07577779433768,248.4523993718105,259.3165721592052
108.63561978750859,111.73476086619172,115.41872855941345,119.67416947339194,124.46098365359894,129.85633474201956,135.80804405366854,142.33442261098497,149.54438562141738,157.41717585865436,165.5163169373375,174.0307941480712,182.71476184129295,191.76650245446524,201.02194336844374,210.55299307988327,220.33980726009025,230.38857044477976,240.78392153320038,251.30879453105658,262.2605038427056
110.02218079182613,113.10475449434014,116.78646927553729,121.05301067127301,125.89102528776552,131.26041317048652,137.23833796142114,143.77262097558412,150.88157323541455,158.67410994836098,166.75668365087498,175.21204759062596,183.89376237182313,192.99081328507083,202.25735468080657,211.89166899649285,221.72968361298538,231.8433070269389,242.2126949096599,252.84403179686342,263.821956587798
111.58922234751346,114.70761101072249,118.40857337644553,122.70867682085171,127.59360687979648,133.05001015949802,139.03778670542806,145.63410015957172,152.78677183694373,160.5141127599832,168.63250142319222,177.04342679934769,185.74438916507074,194.81814176803076,204.11824521243696,213.8336847888937,223.71861484783847,233.97131782673378,244.42772110643534,255.1597331835979,266.14750972952794
113.75256030021022,116.89811250524575,120.66205337349031,125.00856794424888,129.95422359369059,135.48470585767086,141.58666134240792,148.2199900933735,155.46185575255268,163.26007963496022,171.40563183999575,179.77852496807074,188.5424658363153,197.59894341750626,206.94545798826485,216.6647627962604,226.61041844570212,236.97141022719438,247.5018924911747,258.40014767510553,269.5021031598426
115.40287966661512,118.52916940927737,122.30101135697515,126.69124196788195,131.66404628130277,137.23599167340672,143.39276368004926,150.12100890744856,157.3806274010764,165.24878280291782,173.37507254558005,181.79958617064986,190.57142811834763,199.57061098908488,208.96084159999168,218.64360892384488,228.61641323726573,238.9620077879235,249.53395318002748,260.521234704182,271.67800671082455
116.6860429466165,119.80411012360928,123.54846704326432,127.93837616795489,132.94667395585446,138.53754544626807,144.7275580153648,151.50239719900014,158.84870960339222,166.72639527401284,174.84446245100563,183.33068502983983,192.07504194949485,201.11762275155743,210.507531876248,220.12478192397805,230.13307971187763,240.4339142127236,251.02478570313724,261.9884474307878,273.1784599998846
118.08506849201261,121.1863050871336,124.90560885924738,129.25120237402342,134.24234809383498,139.85188247685556,146.04399056239015,152.83523972660788,160.2113155053642,168.1588645048773,176.2601010999983,184.7390233657399,193.4583271378537,202.54578631180888,211.8913798265849,221.5351972237685,231.52634294358006,241.7448295864311,252.35436396945167,263.25643506541866,274.4485431509533
119.84277624574544,122.96185160542443,126.6821635602244,131.02054269201716,135.98521156647217,141.59543264596272,147.8240423886623,154.63522583387586,162.04555035777256,170.04070149620787,178.15977685588686,186.72640121507894,195.44671316987893,204.5447107952995,213.88308992709227,223.58962446072644,233.55429333518146,243.817186092044,254.42740717153455,265.2649691740646,276.49357891676414
121.19738441733654,124.32500189449851,128.07169473133948,132.41962416330142,137.38562077225617,142.97790712387317,149.21574568052569,156.07197290038724,163.5107738227628,171.54871582382145,179.67633330098343,188.29910191658072,197.0457947534217,206.24003658977574,215.5879660217377,225.31358112432025,235.279577733275,245.61372974407115,256.20601609568814,267.0965263297127,278.3343648863652
122.00949813119567,125.09066864851184,128.79945664298998,133.12731999714714,138.05641994642525,143.6035870726962,149.77704394162936,156.59605301559807,164.0334507527758,172.0534221924675,180.1345927097837,188.75370522815854,197.46249322263668,206.66643235555017,215.9942957097073,225.76970806337755,235.6988080126557,246.0055936325544,256.55276075882534,267.46808328693766,278.6415401558708
122.94946128447395,126.05510492026553,129.74191907337325,134.05635070364298,138.98985769359172,144.5246012786614,150.67741204072394,157.45651254544867,164.88116525520894,172.92420662817824,181.02985026396982,189.65546533945312,198.34227949256086,207.56703564672728,216.881467276997,226.69105004570207,236.62455703565078,247.00561302511258,257.5403566101823,268.45278586587256,279.6055966279351
123.80975585410448,126.8836822165619,130.5632522148109,134.823992730376,139.71235072310316,145.2197840755093,151.32845402303641,158.05519114755634,165.4082180147385,173.40679708695617,181.4807234494136,190.0976911848403,198.7772611830893,207.97680262103,217.23754313659515,227.036225653219,236.92458364594611,247.3080927771086,257.81552612951475,268.7705084814339,279.8791784289611
124.48644367722937,127.5769080072117,131.24129869965145,135.51133302788276,140.3625378734302,145.8413601961397,151.93925787852817,158.6383921560376,165.95559361053986,173.89908480770436,181.98954913768668,190.57859253988667,199.24298323232642,208.45041529773545,217.72044962596678,227.5104553938898,237.3616602394373,247.75080708604347,258.2296294087529,269.20360286989774,280.3015005522862
125.60729987310806,128.74846675147685,132.480097959828,136.78565553063655,141.69685673723666,147.1892284611529,153.3092176622312,160.04828222298846,167.3885833788667,175.34695171173777,183.48811859010658,192.07277666563988,200.804407873991,210.03461815455978,219.34017572536834,229.18877466914617,239.0999758757463,249.53114852203814,260.02352024595444,271.0538339709294,282.17382317200764
127.04487897011958,130.2215083676772,134.03930464360363,138.44756524951237,143.42975221787853,149.01758282203627,155.18658394351013,161.98320254214605,169.39889650046092,177.4158270538968,185.5924564514544,194.2274541818831,203.04525045780952,212.30653793090045,221.71479853680918,231.62163821493556,241.60382518330175,252.1290535246372,262.71688412879496,273.8246861726444,284.99368729411833
128.57027986035064,131.76495851252434,135.63626656225566,140.14874149035583,145.25168074843828,150.92854636897815,157.21105562530963,164.0747353989572,171.5660326497668,179.67640526025542,187.87108391242913,196.58269311803872,205.45400116777006,214.78367755037246,224.2961524784726,234.25211860373724,244.3550578618197,254.9565761921198,265.6334418126597,276.85334880616887,288.13585806250035
130.36857505641328,133.57813145754724,137.4823665108549,142.06323096172017,147.28526229095428,153.0977579501707,159.4841799718445,166.47624562930994,174.04948180409147,182.25033545603503,190.459891857169,199.27982086879155,208.18405592209922,217.60522152884275,227.18608597970805,237.22531876344442,247.4473500926785,258.1128726190771,268.9253682782935,280.23644300972757,291.62286503140143
132.45044673931054,135.67464917265048,139.60840800712435,144.2368454937719,149.5419123779771,155.48814614055112,162.02484423310747,169.1354686881212,176.85173677892655,185.07593921226646,193.3733778203879,202.2984339056714,211.23219274014528,220.77632418510774,230.40476167175532,240.55012971183876,250.855196596044,261.61863181312026,272.5648655756943,283.9545905354328,295.4912886279891
134.15702498381535,137.36253763886083,141.29225272724625,145.93152421676564,151.26547435845868,157.27605389770935,163.92780031532888,171.1700110629307,178.9861481729899,187.19166082803542,195.61344157388626,204.54315666227166,213.54610792543858,223.1766766657676,232.81594815528695,243.0655922552949,253.39954239698798,264.2504230921169,275.26100263136766,286.72995050348936,298.38169692110887
136.01664326429082,139.0891131678839,142.86709572652248,147.369280718501,152.58102211161344,158.48744215689956,165.07049159974332,172.29470792095594,180.10938857215086,188.18185847574395,196.57046548939624,205.34844804803484,214.34269869747874,223.84488368945722,233.42030485621723,243.62334350013933,253.83508489325177,264.65719889685283,275.563618942139,286.98696954086097,298.5700189837048
137.09403216055026,140.13511867721738,143.74867509747756,148.06774417278325,153.11101568142885,158.86384359120842,165.31135015316164,172.43548611267252,180.20078895055224,188.24187546721936,196.59764263508137,205.21119905534155,214.14089258566096,223.45996166096666,232.99529882707768,243.03857033572325,253.15507801915038,263.8992031797396,274.65203108951914,286.0152316097873,297.46273817174057
138.54809553662457,141.57434428360693,145.14167954725642,149.28148471449896,154.12680253678704,159.696322792415,165.97539944917693,172.94915475811254,180.59953946460578,188.62578821158814,196.91733979645025,205.48467506009973,214.3666909749441,223.50649614218665,232.96243841948845,242.8077562417765,252.86934215486988,263.43886241049785,274.0816188409073,285.3519927484789,296.63106940524085
139.62952782237613,142.65413304267182,146.2049870099499,150.29692749389508,154.96133788143334,160.3312609240171,166.42538639994078,173.22906827699842,180.7274288062297,188.75203402652542,196.92702395331438,205.47787792059245,214.29403472575024,223.38597520969543,232.79259634483552,242.45700673237374,252.43755422997125,262.80747727255505,273.3936684059441,284.4877938818678,295.65515553257296
140.77873245539172,143.76662092174115,147.27911460838624,151.31785704201374,155.89768599230834,161.04998484619603,166.9077963551292,173.4898102974023,180.78138064080935,188.76762963639007,196.75551810273947,205.26801178938462,213.93089018252297,222.96963261615048,232.27367788765767,241.85350683795227,251.74801643944178,261.9003152933294,272.36875125727636,283.22656276620955,294.300642365948
142.07769626458142,145.09849772536464,148.6071876524973,152.64048279992556,157.2000266943363,162.3006571054141,167.973757420085,174.3523703898014,181.4551857928577,189.26755759704795,197.28835905783117,205.79540951419511,214.30409944132774,223.33739458875607,232.52107444267764,242.08061833708837,251.90546506937878,262.00609548045657,272.4214065427293,283.0945068574001,294.0837442821303
143.42084673351079,146.48408251428296,150.06811975583838,154.14004546374323,158.7365763919437,163.8593560671266,169.5232222589766,175.7595583544197,182.70140710490827,190.36745828873677,198.43069406950895,206.8063016544714,215.3903388960268,224.46062513316295,233.53255084106775,243.12908176926828,252.87599740396206,262.99877707914493,273.38685959220754,284.05072578405753,295.02927262710244
145.19389903085775,148.2634055659698,151.89614788185403,156.0496916585215,160.69112390153842,165.85716136485092,171.5494475751459,177.78282030210795,184.5886629326631,192.10001821826373,200.16952475337578,208.40508247231634,217.03782478820057,225.9829389082751,235.13648268494254,244.77627545719074,254.4177077002076,264.5837451635202,274.900167333326,285.59245354362093,296.5500425917956
147.769083612714,150.8449838494077,154.49039062121346,158.69903317379138,163.42847718715254,168.64580966686313,174.38774736686932,180.655933813858,187.46520677751374,194.8469496447626,202.92284988145627,211.01010540375057,219.65551217555634,228.46697013119058,237.6756126837685,247.1966270405367,256.92607105389783,267.14176406283974,277.3590965425503,288.1010342425566,298.99335664905607
149.83302593446328,152.8856734568387,156.51422121590784,160.71227551008903,165.4735655850424,170.75565712077898,176.525637122865,182.82022234524663,189.64105631461075,197.0029768006419,204.9373671902662,212.99001471264162,221.61856247171073,230.25846551638048,239.45651981056167,248.82062528857136,258.5819153635247,268.65557724266836,278.9376687784049,289.7060093097222,300.47598931180823
150.9772668612169,153.98125704301998,157.5378947471985,161.67043268807072,166.37247716405497,171.63775742081143,177.4238391383511,183.6978093222402,190.49638472642494,197.82120887759214,205.68711954542636,213.69110972722945,222.12949029865683,230.68612800283535,239.81866594370754,248.96255917018038,258.66460364616466,268.5326993059774,278.7979795627338,289.3756316236806,300.1617133412202
152.61635353636646,155.6777801682345,159.24319698190564,163.3612613179522,168.05522589069247,173.31869699854477,179.14540388716927,185.492912236577,192.32830905233416,199.68831108838694,207.5745618714222,215.63598850329024,224.0633258029925,232.62874261666363,241.62854981995906,250.74661415600565,260.4405787287459,270.1458985870868,280.4093696949391,290.8388919866199,301.66559887524437
153.93150635391063,156.95497429815313,160.53986887426365,164.62875363217728,169.2702859124663,174.48771842944905,180.27465748154384,186.6248323144108,193.49580860806105,200.85467336806067,208.73814334835592,216.76161129259842,225.17133001987614,233.75622459598668,242.7070298399314,251.795914597845,261.3191897453829,270.960722025672,281.17815454265474,291.4069423452381,302.19388139733286
154.70937992366174,157.71237920074668,161.2388464220741,165.32674027526954,169.9186243102681,175.06315586764202,180.7835876617097,187.0735259908894,193.92670010084132,201.30067567157647,209.16253970866103,217.16553898574594,225.55200824312612,234.07847546445353,242.99119346881616,252.07908732201165,261.5328918430413,271.1247758780398,281.15105030266267,291.29558186003663,302.0160136541043
155.9026959007719,159.02977948020495,162.65986233672294,166.8134131374834,171.5283905701119,176.7473581845435,182.5189733213505,188.86648869485123,195.78351060346398,203.26376829284894,211.26482744301714,219.3919110224502,227.88085863896782,236.51094149548578,245.524494332299,254.67804513305947,264.21784671685515,273.9328241494837,284.01371224994637,294.232679864378,304.88603786843385
158.03275305367018,161.2287107834311,165.0517520926251,169.377792678904,174.2273012094254,179.63823637181483,185.55316171600737,192.0207345825753,199.06420768583695,206.67718732421065,214.85340274335653,223.04936047311747,231.7463773530466,240.5694186622406,249.75432400851915,259.080364594798,268.7898751613722,278.6393836918936,288.8751430054502,299.28607816783966,310.0629239980633
159.37242921660405,162.50083305435385,166.32519462186457,170.77663976880837,175.73108419283707,181.20899656110828,187.24833556124747,193.7916647431898,200.88764144750755,208.559518388519,216.6879222262688,224.9293057023923,233.73392495928798,242.55828652679872,251.88370724447765,261.3351523914214,271.1484615754498,281.1029059994785,291.44082040380243,301.9187327720736,312.78289592338
160.55475854509254,163.6724460108422,167.41853731434168,171.8605863476021,176.92971896029556,182.50185085007394,188.5974506840948,195.25447714998367,202.41549379767568,210.12915796774308,218.24684543349275,226.5364098402539,235.28250114375336,244.14157208562654,253.56387880827188,263.0059278415323,272.9490360249609,283.0181686376543,293.4491652874324,304.0212971772107,314.97689904728435
162.36680777465824,165.54350673149764,169.3378931540867,173.76068341442553,178.87943140452532,184.6252629740582,190.87409382067594,197.64639261153619,204.98011803426442,212.81783363879583,220.9945325956352,229.38489572254198,238.17928214513103,247.14554550873157,256.5683357690704,266.10410566778296,276.2031113472677,286.32185933736747,296.94166647763547,307.6874980471683,318.7951936537857
163.570385074148,166.69994191569504,170.50619771408148,174.93014097821757,179.98248808010342,185.73079291175026,192.10618132283017,198.98456901099496,206.38642464340225,214.3497069076775,222.47926374922454,230.946536195303,239.7527919936894,248.77271196214323,258.1966552262793,267.7924754314269,277.84482253331277,288.0101492735723,298.7387117946041,309.4870166262509,320.736380608066
164.61282917112052,167.72085460969868,171.45843688982387,175.87271812678847,180.90468682950268,186.5650593699667,192.92138964019168,199.90480348984974,207.3912166165927,215.40109768757813,223.50912312615628,232.08043082900969,240.81801310913485,249.89331099379146,259.30759223075603,268.935537637788,278.9675063405022,289.17135198422795,299.831724524692,310.6050767035297,321.94166466313965
165.57229739441308,168.64438750978707,172.3245030637392,176.63417545923838,181.62054681157696,187.22460562966515,193.45706828550314,200.3854886711021,207.94099263613415,215.99949587825108,224.07158599362506,232.6535571799845,241.33367273393662,250.477070552164,259.78674294766313,269.43413094769375,279.4205023000323,289.6205378224383,300.22459664052644,311.0005323996262,322.2329950554642
166.50622929323816,169.61878335357446,173.30342752928473,177.5960971435732,182.51832359940866,188.11724901208356,194.33386189050805,201.17887860668236,208.71985305261762,216.83240711295392,225.00046513832228,233.6715224407755,242.3561666164858,251.55069186318153,260.84336147747,270.5993133560337,280.5215398118691,290.781481872236,301.38040728491086,312.19299686765316,323.40960974607765
167.71224117543997,170.88073294823695,174.66177878137026,179.01491472987752,183.97607611696296,189.5667943455954,195.8342115310673,202.7193161822888,210.2328246712601,218.40131644405707,226.61078266278932,235.3918284959226,244.22837829408797,253.56792736933818,262.92106331784544,272.7840803373382,282.74524172442364,293.1696853757843,303.7604036044167,314.68883743758056,325.9562546230525
169.27530547536688,172.47997907089805,176.35314443922624,180.83886386789075,185.89667341192919,191.56250839454583,197.8579002187095,204.82999099971255,212.41976924646525,220.62444284199643,228.84262492649893,237.71579029482712,246.62993010909054,256.115649537755,265.65687293145163,275.701095602233,285.75890514627145,296.3265957612954,306.99243074391205,318.1215479908039,329.41693981496746
170.8613691691582,174.06838592319752,177.98007627276806,182.56025839513558,187.75299457783944,193.51782087591724,199.8906726125732,206.89308119077623,214.57218872581865,222.77920547985798,231.07600048065004,239.98769083022057,248.9128896687624,258.49307179113,268.11422835943273,278.30696454213654,288.5552046898725,299.30644411469325,310.071270412771,321.3459777818343,332.71882951849034
172.5574962295138,175.78063202598247,179.71078457649048,184.3456107225297,189.64892864136587,195.56480062053842,202.0527627150849,209.14875024820955,216.87429462288125,225.09743041934993,233.499673750861,242.42982630136902,251.44975709862976,261.084583244669,270.73291787967946,281.03623579851575,291.3805281632872,302.2964001424597,313.2677760866643,324.74215130795375,336.23011340250014
174.9828943049546,178.19507580800885,182.13039310753177,186.77272716109402,192.11973481018748,198.1352342320779,204.76328771430468,211.9634313119054,219.7716003480843,227.98378185113853,236.42150772886447,245.3568250283874,254.4712498629527,264.1135839165149,273.84569621682994,284.1927038659234,294.55322000398814,305.56871942587867,316.62519329370434,328.2532467759311,339.93680422318994
177.0746882856954,180.2680831330852,184.17365948352926,188.802371630442,194.13810053139406,200.17850302787733,206.88739729715755,214.20884562677415,222.10238407176467,230.2957789191545,238.7973428027232,247.70291915316724,256.83403987828297,266.4627520251957,276.27057170715085,286.60630060810286,297.0318077558077,308.072210252291,319.1261212377455,330.83501550702584,342.5848842222413
178.25373749065875,181.3608333107769,185.1613239782849,189.67399614884712,194.90980411587802,200.85262883694827,207.5001271535497,214.81611724294808,222.74466139268287,230.85175721280103,239.35239147790972,248.15288214541772,257.26154184910456,266.77421401966683,276.5124305649007,286.7482385319316,297.16315403400495,308.1059787550751,319.1385817228981,330.78608003949955,342.44708684507225
180.18791741857677,183.34000063709385,187.09917967572912,191.55175356175423,196.71650895083354,202.6044001363815,209.19930807596887,216.4988896110874,224.4669629190029,232.61904613752,241.19967350577187,249.95885254440714,259.11157002803293,268.56414391405804,278.32488683626195,288.48964222534136,298.8799419890923,309.76783317464026,320.83483189523076,332.429739834818,344.1144260211581
181.86298284083537,184.9974299667556,188.7839603111929,193.1775864757484,198.26460748769372,204.06381000269326,210.58614831416148,217.81550337966905,225.7495320407078,233.88397916662805,242.48649960046376,251.27302994490108,260.4881044390732,269.8817306036287,279.6688952131747,289.75591622512,300.1511062732442,310.95030878824383,321.97505567791495,333.49739398938317,345.1988398358939
182.99965003163655,186.1027272413071,189.84025157689786,194.22985913100572,199.22656250523175,204.91666072684765,211.31894045151773,218.4443559726565,226.27678824783462,234.37986545750516,242.91697132821446,251.65449566380525,260.8600933073115,270.2497008614194,280.06785256526206,290.06455593948806,300.4547977587047,311.14489598032054,322.1431632381152,333.54544296278544,345.1732670621271
184.29514511491365,187.4578636812564,191.22365945726972,195.62390235920327,200.6762284796539,206.3356504202227,212.68846720818135,219.75346549919422,227.54159958667574,235.7043181530185,244.19946899453942,252.96526477055272,262.16508920760475,271.56533210953836,281.4336483193874,291.485974439838,301.96684471002345,312.62626665059224,323.6792270361516,335.03204382411025,346.6930296482477
185.35166016958306,188.4689621546156,192.2489827059909,196.63208046703676,201.64962535400286,207.31925345948602,213.59597738508737,220.56609615807858,228.24839643412398,236.36569841915653,244.7711344916706,253.55115504304592,262.66360786959933,272.0467056306452,281.8638320527298,291.88137693969594,302.3669951345775,313.0366232400607,324.1347954952787,335.41151942088,347.0817817914719
186.36992675331578,189.46675456160756,193.18088435493186,197.55773271459893,202.53765828393654,208.1520309791944,214.41848689296933,221.29203862686242,228.8589852081454,236.95581301643716,245.2349411007743,253.94907089409864,262.95133477490447,272.32818313457153,282.0374637694167,292.01738933875436,302.43134356913066,313.0457162643886,324.12816226756195,335.3946181813369,347.08961824484663
187.58490846773392,190.669319634952,194.35055861046186,198.64909957100423,203.61035909788936,209.17469583444503,215.37347969692095,222.22434677791395,229.6823096790251,237.76672084624317,245.91807859474426,254.59931757025407,263.4628568218093,272.76139778235165,282.3480728303756,292.3093323572607,302.603024159324,313.16736089587965,324.16572629347405,335.36451015595003,347.03136732634147
189.57450661183887,192.66863208180686,196.34716871899292,200.62253316447078,205.51519959498114,211.07058459183426,217.22904679835793,224.02195613080184,231.46694868176283,239.51903705284198,247.61316252280997,256.291699159996,265.0371823784651,274.3125468239429,283.7702115454661,293.66287797597647,303.8436784939684,314.3990634908215,325.2868807628528,336.44534296937644,348.03783383693883
190.9729415919905,194.05228678155171,197.72575744108096,201.98363926782824,206.83834890286735,212.31036052293894,218.4450907093533,225.1828981054382,232.55515262744333,240.57949036796558,248.6588355575268,257.2902691181672,265.96373977769645,275.2216216044437,284.54645001247405,294.40115964751305,304.4381695585975,314.9101811786691,325.6703268862223,336.8050570726366,348.2722195342291
191.93217661334197,194.98839400581107,198.6239565878414,202.85364463983976,207.66774385905615,213.07867088656437,219.10689989910506,225.79784747798854,233.09187226654254,241.02034418101678,249.0765615734859,257.65711670647727,266.29267928850754,275.4803302416171,284.7100182936154,294.5241175128318,304.40516331333123,314.81609034083937,325.4093176443929,336.43754665693365,347.7539097569559
194.10091041202514,197.2541682006008,200.96364338164554,205.25246375225151,210.1354095928255,215.60276660061754,221.6669514167014,228.34843821781774,235.69264358527687,243.6399261624065,251.79318395098215,260.374913654032,269.08438883507677,278.3182017566438,287.6070221272497,297.4479308689349,307.33087670950886,317.79823371730095,328.33253730637597,339.3967221224597,350.6432072145889
196.4081762620899,199.58267699969463,203.41043552587496,207.7944114445244,212.7577325527351,218.31517913091378,224.45703687631053,231.19572242999908,238.5517099687201,246.57041607378395,254.74491681138863,263.36670012612296,272.19445865230335,281.4506890929579,290.83466501160734,300.7429786707791,310.70629977898966,321.2217092582796,331.77915583645824,342.92101358185505,354.12981790853473
197.8541880846216,201.00095096642724,204.82221458583763,209.29673599382363,214.32747479427874,219.9375587842951,226.14176824427943,232.93038887148185,240.31583730697608,248.31858772750277,256.4653506093084,265.13081959617796,273.9520832155883,283.2206294121283,292.69515082011435,302.59814414257454,312.6288829430297,323.1839594840071,333.7940434740233,344.9562158351189,356.1604252951032
199.59512570296926,202.8085526188643,206.66874241656498,211.2034329518704,216.39138127575148,222.13554699210164,228.45905789801304,235.3766942738924,242.87874181698987,250.97761716837917,259.1910440842742,267.907221420696,276.76741121839666,286.1463071211612,295.6809976564666,305.6629707689017,315.85091909278276,326.467339331138,337.2115050474882,348.4800085043607,359.8035194102719
201.84939800823182,205.09079767347737,209.04562425461793,213.64721371756417,218.92330391811512,224.85265190724175,231.33821728883746,238.40312785999438,246.0621639011193,254.30356356636483,262.5470107747078,271.38728579134266,280.34211237248326,289.79968937415055,299.4012788370968,309.5215744051069,319.7976646056578,330.5210373833384,341.45038537246506,352.80820527606585,364.2937706576615
204.04353515065668,207.2858857898518,211.26963609429242,215.9668133146281,221.31075341676944,227.32919425651548,234.0008928848372,241.228808905628,249.03607011598004,257.27842075517515,265.67980743549515,274.6635577399358,283.64935558747385,293.23198124330384,302.9291584636395,313.1290861045019,323.4730262066433,334.33567241384844,345.35411325359445,356.8198366704702,368.4915352987919
205.71300177055517,208.88862578341056,212.80660043546106,217.4659747527571,222.83877598594816,228.8583401009449,235.55240495354636,242.8997275947235,250.80326762836967,258.97889164122506,267.4617768644325,276.379751516483,285.4567622096584,295.11613652695445,304.7775583873479,315.03580805603326,325.4086092892244,336.28416094294215,347.30372505793895,358.8419952779995,370.5360601306009
206.91562744990745,210.05146937404893,213.86293531104582,218.41675188723778,223.7119681286753,229.72061128600785,236.37601732514608,243.70592410188902,251.68908866720764,259.82493059134913,268.3643125491368,277.17577848613365,286.29450563348263,295.84832220967456,305.5611748269914,315.856391068429,326.1536548529639,337.0477464457908,348.05638960312336,359.5677831809826,371.2231892201209
208.52748825563827,211.6654312131073,215.4392160947178,219.88862498918374,225.08038452284472,231.01354372175126,237.66012983655284,244.9534788331601,252.92132856737206,261.0592715248411,269.6803790476287,278.45416392923926,287.63148884449595,297.0808977389618,306.8375678437798,317.0293273774408,327.38012295222666,338.31328215113325,349.24848889313716,360.78052344343314,372.42710955823475
210.0941214661512,213.23915029570657,217.02212208273093,221.4409357938968,226.53537351791812,232.37216188113445,238.95034990959635,246.24196485395328,254.1803426801159,262.3253715096713,270.9382500734386,279.721221860463,288.987358212806,298.4061719239719,308.2285256687839,318.32296339280515,328.7246623271785,339.56145069039485,350.5572750947361,362.13546312319806,373.7156986947573
211.731421358204,214.9178372680632,218.74928200747777,223.21866970436136,228.32389932538644,234.10475295926696,240.62795723234248,247.8925611706636,255.87059202487973,264.057007934739,272.68180167076076,281.5132464101754,290.8125408838019,300.2819285806855,310.2344808428877,320.3397104639128,330.848480118584,341.62933375246445,352.71744859669707,364.2406528697726,375.92289318397303
213.5565342611249,216.65000183276373,220.42988531426178,224.85479762531517,229.91765289383756,235.61635008650146,241.9906712920208,249.10734313673515,256.9654146466951,265.0588822183339,273.63038064418885,282.4102641256869,291.62852543334753,301.053437744401,310.94619978966625,321.00905505818866,331.5550748920297,342.25377208469365,353.3560093110037,364.73033051652294,376.4119129323944
214.74076218843413,217.81621956028397,221.4851445037726,225.84048535712049,230.84085504002368,236.4791676803959,242.75332224490964,249.7031008222788,257.395230038843,265.4706874106928,273.90421629250255,282.5731412359912,291.720097033696,301.0754378870439,310.8691565665543,320.8695262494576,331.3377456665727,341.97605830694494,353.09753551263583,364.37169007714954,376.0493846753094
215.9304053730899,219.02417463815397,222.69340127506788,226.9560954836206,231.90520560203257,237.49934454999985,243.73142645543612,250.59935028501394,258.1428981274472,266.23666739251127,274.52256587413956,283.1917925110534,292.21909065792727,301.48178486648,311.2225099292488,321.17162004766084,331.5591079922353,342.1532469402027,353.21523562238184,364.44731752781814,376.16256399857315
217.11221612531577,220.21225969791678,223.90607253558184,228.17534274509677,233.0380805262505,238.58723421726347,244.78141673783176,251.61354221586905,259.08150961804785,267.18155319064886,275.32514460568314,284.0189574433482,292.9048994975775,302.17416970709235,311.80151142656723,321.66424920772096,332.0050178430908,342.55417153410383,353.5417030512793,364.7358855718477,376.39791782662786
217.97008150106518,221.06479778429858,224.75955764013295,229.04808676103139,233.9120732537797,239.3695273181668,245.51339729241315,252.3022960962148,259.72913785748545,267.79182154289765,275.886537826131,284.5812976819654,293.31960538023304,302.60813450113153,312.0887928385942,321.9527793313424,332.17483733405066,342.63229139843776,353.56777631704097,364.71164629128737,376.2938940916962
218.86009248026275,221.9537261559857,225.64207611494203,229.93046964649935,234.8126324431207,240.27025261159196,246.321340351702,253.05884400167128,260.44137648119585,268.46185191818944,276.5554855939124,285.2118029550475,293.9001529140038,303.18854644556114,312.5204878195517,322.4026506161731,332.47694262935875,342.93456279782987,353.7502544762611,364.8013422163711,376.3304608106972
219.75710511018968,222.84853978876706,226.53360814306734,230.81339278060102,235.6932209907357,241.1668184659344,247.215873312983,253.8583957316704,261.18733406021704,269.16130121831895,277.2527358968963,285.8646460124673,294.5497143667676,303.79746640648005,313.0772510440137,322.95707925414837,332.88045530671627,343.3540527819151,354.01977947367806,365.0688343207265,376.4759606777351
220.68071039747758,223.78138501411965,227.47349430933906,231.7592372802814,236.63969653445713,242.1201993612339,248.19447145307464,254.8442009167653,262.08739795209476,270.01701089728346,278.1176855139255,286.69232728866945,295.3844365838888,304.5970213161019,313.88276428704427,323.73119094339876,333.6116501975745,344.0921530243512,354.61620369356115,365.690475785402,376.95687709380707
221.85782215369656,225.00543180677894,228.7537160765034,233.0934350248052,238.0267876488299,243.554856556088,249.68296903594714,256.4048507808703,263.7021898976433,271.59299658605516,279.74060623913755,288.3178288374086,297.06611310713305,306.2883645349594,315.62808348326115,325.4882778685566,335.42163049258136,345.9176668020182,356.4457357092763,367.5738481891354,378.7455085114277
223.31546207587098,226.51033815072682,230.35282387866508,234.79598422324537,239.830579246403,245.45880794528355,251.68175292739753,258.5047414821125,265.9214993018915,273.91371449352033,282.1085905683762,290.6942733316439,299.53675905958215,308.8088577327091,318.25201807728934,328.16914557997154,338.2037406031292,348.75881106328046,359.38703976216107,370.57795214645375,381.80089712856767
224.92677542844768,228.1280329830819,232.02416661257197,236.56790989514445,241.71232779435897,247.44818037215083,253.7776666256656,260.7018691624138,268.226115271763,276.34413064617627,284.54538820081046,293.23886094707353,302.13499457656366,311.42193489446555,320.96567817703806,330.9390344047992,341.0834523040137,351.7018373613301,362.437689939122,373.69401795390746,385.0235042074223
226.5460247940572,229.72910910538934,233.61345097135572,238.19266891217796,243.4194965060826,249.24699871662926,255.6659356057533,262.67850617060026,270.2857930186806,278.46887733001273,286.6762077506941,295.47730743643956,304.3616493024059,313.73820636000113,323.3174243008234,333.28744893005745,343.51427652396217,354.17071706305546,364.9982192736021,376.29968864225066,387.7186255313747
228.45122600963265,231.6790461323768,235.5899505664531,240.20211255516364,245.50915061873002,251.4637983353788,258.01912066866964,265.1658776805378,272.9062683681289,281.13408849087307,289.4691954616975,298.3800998957738,307.31525043919936,316.84417024768896,326.4563322363994,336.5607094167388,346.86774748030524,357.5655922322834,368.52023994893227,379.90450061076973,391.45982294406053
231.01161947052714,234.2709108528137,238.25802235784445,242.92821817420733,248.29967154520443,254.3660009910574,261.07994008999276,268.3945538055702,276.3006021997249,284.5598935820115,293.0595756518892,302.0466871569199,311.14108551003096,320.81128132639384,330.50572325210595,340.7939344428821,351.1653878138792,362.02905637650514,373.09538582235814,384.5525219566229,396.26646105555835
234.17012269734133,237.4921996815012,241.57356804794767,246.38275653713833,251.8750293376611,258.0685596928181,264.956966122831,272.4929822059262,280.62967290566354,288.9517498898234,297.679875268138,306.76124363458456,316.0830026886221,325.8921911778127,335.8086665150837,346.30093931560646,356.81745822547845,367.92774640041455,379.1212767555715,390.8070223023573,402.69542873237026
236.33202016886924,239.56810285525128,243.62626252579318,248.44371357862167,253.98898475419435,260.2173402410991,267.14695328263815,274.77144239903305,283.00752508541507,291.2796238548923,300.15239724101167,309.2105569115536,318.67476497625023,328.4922160290788,338.5500577694984,349.095328945071,359.747886968724,370.9762424556288,382.2288440518828,394.0752149132009,406.0048279547399
238.43985343352574,241.67612852607567,245.64848630500768,250.44292106809954,255.99664721347796,262.27819348160057,269.24282406105533,276.9087121951443,285.1449872876942,293.50575149663905,302.47810927557106,311.4864831375982,321.0955316162675,330.88996637935946,341.090449536606,351.6441756819845,362.438292514954,373.7198387830766,385.10867189927956,397.07330247873426,409.06217916753826
240.1091067810271,243.2844937800805,247.19615587168386,251.84390064966928,257.3137224118145,263.54283555624636,270.4997688234224,278.13978640193056,286.315173400984,294.65644853412635,303.56811062572973,312.60426183372795,322.2520066117134,331.93576747279394,342.22020295051664,352.690024712662,363.56589486896195,374.7950080133939,386.2645118454168,398.22144511259285,410.28566522784917
241.24087534011787,244.37475302518203,248.18401770929958,252.72955748596706,258.01117994901665,264.114879396226,270.977870225722,278.56868117796216,286.70255886302635,294.97645412659864,303.7857188107162,312.7608716289227,322.3064114055902,331.97644029865256,342.25806276170215,352.5757013078468,363.49401447063366,374.5977139178432,386.10746175920724,397.9704525887034,410.0738341057904
242.49113009701856,245.6579787466404,249.4587050813264,253.93481841506582,259.14720684135517,265.0956779540266,271.8662260508578,279.3960655299756,287.56291417959744,295.8205737814595,304.62130011614556,313.5620440293397,323.0381573630791,332.68015883090743,342.8925472571968,353.229424799881,364.17789591255246,375.162383108319,386.74754492072765,398.518093017559,410.6946895085449
244.5690907006126,247.80886540356084,251.7154887561309,256.25598979376514,261.47187783045274,267.42404095969033,274.11228677531,281.6226095750894,289.8623842780376,298.13199846010366,307.03862181267374,316.03605611748395,325.5765571551183,335.25707577126065,345.4729638079483,355.8547399787248,366.8069031079624,377.88355535359483,389.5718011692145,401.29606306792925,413.62099958328616
246.5563204671665,249.7313839855215,253.64622220682472,258.22790907774976,263.443473633739,269.3344251887816,275.9616518363742,283.32496117034884,291.50002468870383,299.6854110068382,308.60024922814137,317.5449269285624,327.1266137994875,336.7991116226527,347.014676178642,357.37025831313935,368.261209868182,379.3180495573135,390.94527620490607,402.6969919688935,415.06030130286814
247.82385439805284,250.9546790337304,254.76056718776292,259.3062300447437,264.51874155134624,270.3651307430131,276.8869069337332,284.1449582170033,292.1390921866555,300.2699168223331,309.0758049763656,317.8920159301775,327.4376787871582,337.01318112325674,347.2256926298594,357.5290150887021,368.37540428036897,379.36181105054385,390.8835872412641,402.5712515660731,414.8293028493432
249.91379038509874,253.1444241588531,257.0058825682851,261.5424044960719,266.8187011268071,272.76184640716406,279.33886937258524,286.59127933705975,294.57996439408424,302.81059816783863,311.5353659112452,320.3968243206772,329.9333462484641,339.4801909760303,349.7564876067654,360.06262371661836,371.0057689969754,382.0397252295725,393.61674819499376,405.333788738923,417.5861987033976
252.19086050294413,255.4354730048352,259.4107192804806,264.01679019180364,269.2979246214815,275.31883375410774,282.00659153635576,289.32822700366796,297.3252494700335,305.5698619719246,314.3031595308401,323.2784058064855,332.7477860517832,342.3538569631062,352.6349913927841,362.9264486222414,373.94735775486754,384.9981063666115,396.68586414885965,408.4644328833478,420.78606835066006
253.3491555573418,256.3808113011136,260.1570795467766,264.6639815661938,269.8017082212887,275.61449839473846,282.1670632711365,289.3864767971564,297.23976800824045,305.2714237520123,313.8001019621497,322.57637020781266,331.8413235105,341.3482255299173,351.3492615189868,361.48698817408166,372.29977834753146,383.12289132076063,394.67545619715855,406.2578605526744,418.4772740786944
254.1656847042201,257.1862140248894,260.7383990893305,265.03519665566273,270.06262799574927,275.72088397151344,282.0542034656325,289.12729766269985,296.867240509389,304.8877698300583,313.2615903618116,321.8137754262528,330.8629829570595,340.1597805233917,349.94526314674835,359.9726944868349,370.4942597965737,381.1525157723379,392.48583526645695,403.82947756035543,415.9025717574226
255.4815913530743,258.5012084609988,262.0413548895925,266.11315706195813,270.9295717362148,276.4766201842258,282.65449326791446,289.507429869958,297.10014117494984,305.1197582828743,313.3793182374879,321.9194646660817,330.81290230575945,339.8847044781251,349.4535291168563,359.26994379111295,369.5750435223941,380.1220919704051,391.1632743880684,402.34114747175704,414.1940840738006
255.95709701883072,258.90523565982244,262.3729914087387,266.36127647832416,270.88121729168154,276.14577060693,282.1409576959327,288.7669694206131,296.0680446636484,304.01618330464015,312.0570332506237,320.5247889995399,329.2324875951453,338.2207726647308,347.56234894540034,357.0822897587577,367.0992530384807,377.36380635372905,388.11704472600195,399.11223181500475,410.6015528736597
257.4967792908736,260.33331074015246,263.6179808304231,267.42226802861825,271.7470845474826,276.6035568101189,282.20464157464625,288.53636011292787,295.4989032868872,303.1365099792014,310.97304142848026,319.25771151875097,327.6350929140134,336.4393801122085,345.4836101570928,354.8084266759572,364.4865344059057,374.34300666854193,384.69650139754384,395.29758616207107,406.38735598362285
260.92594196444986,263.6603322254454,266.73125393571985,270.25031428698605,274.2889917461767,278.8481985260366,283.93906104966845,289.77453607519135,296.3406448744685,303.5375783094234,311.27196857041895,319.1439655237287,327.21488723400313,335.73394758526933,344.3457192415273,353.38439670071796,362.66301700659784,372.2222237864578,382.1347217774018,392.2255843010336,402.8134692910311
264.1013370482042,266.79447764764785,269.72200850808713,272.9860708178053,276.69827176851516,280.9300898271495,285.68243720645313,290.96644032952867,296.9950559544953,303.7543053532162,311.1443793876147,318.83751998705844,326.7650508474977,334.83018840025113,343.0942507099693,351.8064516606792,360.61136391638087,369.8431819750152,379.31494288033883,389.06729025964245,399.1729288500302
265.87967954163184,268.6264617664606,271.566384590733,274.74069767600093,278.2515422105478,282.21052538608643,286.68912566954947,291.6882552736818,297.2190406215861,303.4944384713814,310.500470094931,318.1373263541583,325.884108578987,333.8240314032594,341.99834448852744,350.3102642661096,358.8211088006564,367.7800919761951,376.83178645672547,386.3103867401885,396.02892987034085
266.73873603046917,269.5791508904292,272.666347975218,275.94668565945045,279.46141360467846,283.3126729991854,287.61207103468405,292.43108617810714,297.77063064219954,303.64183085006385,310.2576435598192,317.6040900433289,325.44450490328893,333.4217760224762,341.508973107265,349.7893107914974,358.3040387367255,366.9563733742677,375.80763276877457,385.1070308042733,394.4991401447637
268.5607013658606,271.2467141296053,274.27314175331003,277.5463516018435,281.0127020498207,284.7134427587934,288.750714917045,293.23612571628837,298.24115362345617,303.7667108512933,309.82392382290226,316.6257492964023,324.1582085436567,331.8442213074014,339.87064893110613,348.0339328140381,356.3071426625716,364.77349311054877,373.4742338195215,382.3125812208084,391.34985337906
270.8502607084885,273.5728543728232,276.4814608009026,279.730482088942,283.22628560181016,286.915229714122,290.8385640874294,295.0984299100157,299.80643437359373,305.0340559450962,310.78220683726795,317.0620134732116,324.08643261104635,331.80902627538103,339.5640791869701,347.4726856150495,355.7217069030889,364.10758445035555,372.6033879632237,381.29233207553557,390.21566644884297
274.7856022823036,277.6172287566327,280.6714488952964,283.91168179770483,287.4923295600733,291.3197595472705,295.3403301339114,299.59529098154786,304.18678327846317,309.2264142163703,314.7856622622018,320.8654396287026,327.4768727389753,334.8329183511391,342.66454482546817,350.7187649641319,358.80544435005,367.04567725245846,375.6263250148269,384.3438290364226,393.1712590236198
276.9450221093885,279.6719580717579,282.7305205084564,286.0116766094895,289.4788454742673,293.2864291990052,297.34079514857183,301.5883016975821,306.070198507588,310.8886267668727,316.15519366714926,321.94137767535017,328.2480910042203,335.08646007686247,342.66944165139563,350.396377613765,358.45494005046356,366.73609615149667,375.04971149978417,383.51688036456204,392.32446408929985
279.56436518016335,282.2902091969263,285.2429891760586,288.52739562951996,292.03439574731595,295.7274086288567,299.76083637035754,304.04104633668703,308.5143969024602,313.222137729229,318.2664100052766,323.7588209223161,329.7708489472799,336.303406292913,343.367619382318,351.0934633990809,358.902288990377,366.8550689695093,375.13947542297075,383.64647554076674,392.18593490581713
283.95878721123927,286.80567271375986,289.87840223304335,293.1780677146962,296.80935967067813,300.66324529099467,304.703143675056,309.0834569190774,313.71055238792746,318.53078845622116,323.5854147855105,328.9765725640787,334.8158689836387,341.17478251112306,348.05422535927676,355.4653239512023,363.3122094537229,371.38493897300634,379.54065006682293,387.84031554847587,396.47160750445784
285.9189200914432,288.70286245482106,291.8336903207195,295.1903622033808,298.7739700484115,302.68920436777125,306.8270323514656,311.1508730989048,315.81512870630405,320.72616653853197,325.8303449702035,331.1689136628707,336.8440138048167,342.96725258775456,349.6101084786167,356.77349369014826,364.46853464545165,372.25247700882954,380.38330487472797,388.73997675738923,397.17963021458365
286.8279380893931,289.64044025186763,292.73688477772004,296.18021480609303,299.84938885122887,303.74549885873415,307.97323534056846,312.42356548673735,317.0599083966511,322.03666616652487,327.26020616122736,332.67688675537346,338.32795761051517,344.31555991493576,350.7513008603482,357.70665891368486,365.18254628769097,372.99504845016554,381.00259156794345,389.0990360937959,397.5423661221689
287.99778257421775,290.9327569733307,294.1802335349181,297.71165245988345,301.5899568873694,305.6941053316182,310.0251897382364,314.68790061918367,319.5732051644655,324.6445224734922,330.0562546424789,335.7147690362943,341.56642402955333,347.652469283808,354.0750459873415,360.9457613318669,368.3360937843165,376.24695555743557,384.1819299565485,392.429406518136,400.87192403502684
289.3549862084751,292.3599676984386,295.79992358751497,299.55238163906586,303.58878205399463,307.97206797144406,312.58119790565627,317.417263802238,322.5849561731487,327.975242208394,333.5515410073842,339.4682546663343,345.63175055011317,351.98838703333564,358.5794137775538,365.5069719710508,372.8826688055396,380.7779827479527,388.78296423791613,397.19880750099867,405.63876339007504
290.99605644604344,293.9781674123905,297.4652598687011,301.38732672412453,305.6218957420225,310.1404071232983,315.0058040070948,320.0970449076541,325.4152217705829,331.0650251078407,336.937422109433,342.99583187477026,349.39465650006747,356.0402633501934,362.87901079976297,369.9521485103282,377.36181767017223,385.2196254710081,393.2017364373552,401.57916134611537,410.0662538024259
292.5870019019822,295.6183724636014,299.1318539915677,303.1503170094975,307.60375442654015,312.3696940060574,317.4195759489524,322.8163433943681,328.4389548565466,334.2885022810946,340.46967617997166,346.8734437431832,353.4632240701397,360.3934192570561,367.57039666880127,374.94051467999003,382.5450229521745,390.4860626736378,398.517433235257,406.9066115977121,415.42009312567836
294.7292570640174,297.72080502932045,301.2437235562426,305.24875304951195,309.7587640327447,314.70374941509033,319.9612369599106,325.5026668681086,331.3909822788273,337.5051417063088,343.8462370961598,350.51895896033983,357.4142744888544,364.49560278111386,371.9173459333333,379.58587131038144,387.44753728687317,395.4390852521762,403.53514148966366,411.96772917642994,420.4906477033521
296.3899039349054,299.2405999294286,302.5828438892548,306.4564584107002,310.81218389849266,315.6728908762486,320.96857225311743,326.57675579246086,332.468881695182,338.707893100424,345.1727485224286,351.8645399068028,358.88795776550603,366.13396928854377,373.5659935753264,381.33843272206906,389.1891287165922,397.2083500881635,405.42071205917847,413.76295601900466,422.2097082510153
297.3932105345378,300.3192520770191,303.59598961402355,307.3642751163311,311.6639311802578,316.4456982105316,321.7324467307688,327.45416965011896,333.48839473194374,339.8065621771462,346.47161512486946,353.3625120893554,360.48034501621095,367.9298044173955,375.6018574829145,383.45992331217843,391.38596485465973,399.58444554388376,407.8611830808882,416.3064459949408,424.9448495084371
298.2170213625195,301.2325968339504,304.67421384786263,308.466526856298,312.7503878300364,317.565619365394,322.8629618670987,328.6652858587668,334.90258424954783,341.4523848028035,348.2861277194369,355.466756138591,362.87322857450783,370.5066369727943,378.47167184540973,386.4872473168406,394.6748758537905,403.04851715448535,411.49013416839756,420.20419032905244,428.9965033374878
299.6553868201803,302.78010678104624,306.42040221334304,310.48673918812113,314.90377215742245,319.81235309202674,325.25230458825024,331.1743670508209,337.6014110033549,344.4634293550018,351.6379498691234,359.09641274662266,366.9017611266427,374.93295352342545,383.05767348429134,391.31580184344375,399.9055566769251,408.5458521092218,417.3582006070377,426.3565618685984,435.4228988433765
300.7786078492452,303.8171588925028,307.48042989662633,311.6592763721807,316.2641643902164,321.21974840277534,326.6668803806372,332.6453829201183,339.10599642594656,346.07159142173816,353.47216081664266,361.1852323740219,369.18224629477874,377.22079733803633,385.564696761314,394.1344402013543,402.7977112054778,411.5943906078878,420.72269648462674,429.9015429601811,439.25244250125456
301.950068304078,305.0289977265748,308.6464781923292,312.8886786189496,317.6464545170008,322.8302719575333,328.36478539258906,334.39084679294774,340.94827875492564,347.98782168325073,355.53234610153913,363.5118449189404,371.5907743414373,379.8827753213133,388.45871866456696,397.0761991303214,405.9990279760959,415.147700838633,424.38990126525334,433.76551009016015,443.47274538939587
304.0401133759715,307.2075107262175,310.9538374989603,315.2387153149607,320.1483130918271,325.5734863401243,331.4247011309028,337.62661191620464,344.32007066680933,351.54489997903323,359.25184025760433,367.41923760785033,375.63115937638474,384.27805554403204,393.0243823167749,401.98378064689695,411.2271213403966,420.5119991563971,430.1022253524176,439.9182955652007,449.82789334206706
305.8854479477154,309.0474714180339,312.87689223859843,317.2852424816597,322.2321437679786,327.8037650151635,333.89096173377914,340.40419999487614,347.2681342504965,354.6236164714196,362.510469253962,370.6724927242805,379.04145647317006,387.87087729373457,396.7448225325875,406.0537421705532,415.4620924136146,425.08351421405507,434.9888783778732,444.93577966419224,455.18802933053115
307.92304436231825,311.02015223841045,314.77928358482114,319.2058122814779,324.21127040063135,329.7552795630425,335.9240086863196,342.6083132810275,349.7186594182167,357.17970154992923,365.1322916469446,373.2293995230368,381.7133601816715,390.4724915280822,399.43856315306397,408.86509184972067,418.3361449646658,428.2421724787238,438.24763059787733,448.4661602744101,458.9686323143204
310.57295017185726,313.6656185283572,317.3553947609493,321.70719446385993,326.7263915170166,332.32451799267,338.46119551158114,345.22259299135817,352.499565942566,360.2025804362551,368.2562909244676,376.3489592809675,384.8942177344829,393.583993967075,402.6606229822096,412.0124226851202,421.57116266660194,431.59035971975857,441.6540811912036,452.1527770617616,462.75090353741507
312.5129041566171,315.60133944221667,319.2824430843162,323.56065460250795,328.50088959101816,334.10852192977444,340.2950836910274,347.0201964955382,354.3700292609148,362.2354374977222,370.3238727833218,378.6153225626106,387.2574683364226,395.93857197852213,405.0722657176371,414.3504772358288,424.01554153656303,433.95577652507325,444.10295179215456,454.7105841309108,465.36274088795545
314.4539017061396,317.4792961158758,321.0931258112116,325.2996238630474,330.1032297909753,335.56885918922177,341.7018859377143,348.4138421087034,355.66434932295044,363.5395764980633,371.5649709077995,379.9557735543431,388.56960324967895,397.3864474387039,406.5539876222522,415.76048567408793,425.41957382293907,435.223179750867,445.4136384613375,455.8792678595839,466.5518375364014
316.1986218214402,319.2463623436856,322.8194972756671,326.9810674932483,331.73530606732936,337.08665251750267,343.1000224379945,349.78078970873236,357.04048640196686,364.8387341384592,372.88647466070455,381.30944235806277,389.8825772900443,398.82112045883326,407.98269067641445,417.34727538768476,427.0625560934784,436.81679466755946,447.02362333865597,457.3749697888293,468.1131690215451
319.1652390187181,322.2607248576166,325.90395121876037,330.0725719896403,334.8296280461199,340.17935245909945,346.12618474817117,352.7350405075614,360.0112936171977,367.8664761493306,375.96196198822906,384.3556955636198,392.9989219247636,402.0173754610202,411.18599623190016,420.7200252395876,430.4770812960672,440.4371518462359,450.74791839092796,461.0976428039075,471.8999573139024
322.4429658710027,325.5695847767435,329.2916895213828,333.5615347882674,338.3567744648882,343.7404494271086,349.71679274582897,356.29024394064146,363.5257186057725,371.4285906211496,379.55520952689045,388.0370109647642,396.7591157094035,405.77946819053506,415.04931345741966,424.69438589941706,434.48962557603784,444.6502734894661,455.0339484516865,465.62063790759606,476.55802335802895
324.3299424984856,327.3832178977268,331.0631122027089,335.3384923465894,340.16161301271524,345.5101280885773,351.44707845003893,357.97669716800056,365.10342376205426,372.89217382642653,380.9454492256678,389.40159664028613,398.08149094526823,407.1165677823832,416.3919479262637,425.96557580663654,435.78869647276235,445.987044314001,456.335559389863,467.0494827025325,477.9864330639942
326.22663417367914,329.2901308790073,332.90690298357663,337.15029399388686,341.9891708430955,347.37578821454946,353.28779999573965,359.7882470625294,366.8813624858192,374.571585785201,382.63508249052916,390.9873292602295,399.6041013647989,408.62374548474537,417.8671364950556,427.4657100374987,437.30458688670734,447.4417114724083,457.82832884386227,468.5901733904291,479.5021851716192
328.20257653422,331.2926297693388,334.9461797097858,339.1530050494739,343.98644929490297,349.4153793792304,355.39204998580317,361.8941150021122,368.98461530402074,376.6677839624293,384.75783719754816,393.03811373204877,401.69166367249574,410.63396367731485,419.8407890170031,429.4504863720684,439.2839306174974,449.4725573950593,459.90148747938673,470.62866530020653,481.6053359067793
329.8233908427614,332.90965865996094,336.5859797122793,340.82579746992576,345.6188906268134,351.03860268944203,357.05380059096893,363.61673901474126,370.7050718482498,378.38183996735785,386.4681077845574,394.7375442601655,403.41386531248384,412.280409664184,421.5202274218305,431.0487952438491,440.8418884007369,451.0378535730017,461.4575656356302,472.23246023039167,483.24765813191857
331.15539750678056,334.2389215858872,337.9087134821935,342.1685586136186,346.99190045037176,352.36851768636615,358.3717538281015,364.9704758087351,372.11693831161415,379.78879522422943,387.87231930333616,396.1326115015509,404.8024033978572,413.65536395257203,422.91520908399707,432.3652775148039,442.1886193515571,452.30071125268245,462.67732848867695,473.4568177400485,484.4600538817837
332.3844918741009,335.4306708272961,339.060373859598,343.2763447090995,348.08236879371975,353.4518895836681,359.37468577285773,365.92410086778824,373.0690018016171,380.76164325769133,388.8078222108865,397.02585807669703,405.65556110899894,414.46203226040893,423.6780031099104,433.0771426178204,442.8831667024407,452.8794140864427,463.24893487639116,473.90720573071167,484.83000191990135
333.779094326405,336.84573379936353,340.45855222551734,344.6548947307777,349.4375050532377,354.8101686108165,360.7463288737234,367.23576453587157,374.3518191037606,382.06335951054797,390.12999898350654,398.3892799125393,407.002098338693,415.78677367746207,424.9831161827225,434.356226807091,444.13883712955095,454.10461611041956,464.47727966799835,475.04016652495886,485.97632678786584
334.7893919979865,337.8772401774211,341.5317278298141,345.7323944354024,350.51658512009726,355.88704362199184,361.8475553590051,368.37156380134655,375.44884764292925,383.1527503902528,391.2405985696873,399.53998715590916,408.1944748083023,417.04160391676953,426.2422705223577,435.6147940405613,445.3989847252563,455.3599435290593,465.73040203095377,476.28402919125693,487.2445409282702
335.8093561913627,338.93830410168175,342.65510019143534,346.9385357541474,351.7681502700547,357.1812888650686,363.1806952772822,369.7701549246146,376.92311127727504,384.62934302917677,392.7582909394958,401.09114159713835,409.8079376868919,418.7362741834328,428.01970974614494,437.4957867649312,447.3254012808385,457.3268727093611,467.7400113043751,478.32991801849715,489.32932443071064
336.6617602381113,339.64381431602766,343.2548163042631,347.4536664719331,352.2191561125615,357.53082470638526,363.42601737931557,369.90747786944553,376.9789915946943,384.6140020252712,392.59605610318755,400.7843419330057,409.39534392124114,418.21024865680005,427.40909882447,436.8194893989273,446.58497903955583,456.5431101362585,466.85477873008216,477.3383042365212,488.2334969094516
337.3633255559104,340.3769734924048,343.8726755068155,347.9973254315453,352.70982353570963,357.9889611128324,363.8142776431505,370.2231182525751,377.2182266791994,384.80338834094255,392.8170362774369,400.9656946445081,409.46139665891883,418.1633304252313,427.2879803499611,436.6165330220144,446.3290311261787,456.2530696371303,466.53220721425316,477.0039862474502,487.8293027777682
338.9691503764314,341.9693567747185,345.48321110949996,349.4791195221978,354.1039758452147,359.31668034766614,365.096024323076,371.4215472516812,378.3305942593929,385.8259090843043,393.82611548259143,401.9114835426217,410.42533787740314,419.07420264276146,428.0701110554592,437.2722512200588,446.8971075430757,456.7258666134161,466.9385711158675,477.3628160251062,488.1421600005162
339.80693200453715,342.7839000776985,346.26107454914694,350.25189695708974,354.72477344294896,359.8265978391272,365.51627041474,371.7725824633112,378.5750734650778,385.9610885459509,393.93337144402363,401.910339517185,410.3875139886335,418.9498501218251,427.9406725297679,437.0665053682876,446.5393818541467,456.21849009190765,466.3203144880859,476.62604163158767,487.3157142072004
341.0931777249035,344.13420408291404,347.6521985140859,351.67039934354494,356.20224810949827,361.21615095336807,366.85900170755684,373.08970064118023,379.88703904776196,387.2305564075391,395.15759784642273,403.19862420443326,411.7119334605166,420.2299278916885,429.24812872114757,438.3514912123497,447.883339978303,457.5501991748333,467.56410201870295,477.7842366144745,488.42708736866325
343.294090555749,346.40907507081477,350.0650859438911,354.1980648901288,358.8312502346536,363.9780835156728,369.60697087460835,375.86480614386295,382.7104895925521,390.12281251419967,398.0813143890426,406.1962989041084,414.7383248580578,423.39433573113416,432.52262950228334,441.655608448521,451.2887937930459,461.0071407993138,471.15397408033294,481.435817791929,492.0647051508645
344.697102590222,347.7995079590427,351.51689784292927,355.7753140848264,360.51069839988486,365.7462891132304,371.4955277630703,377.72682049082664,384.587061128902,392.03514994641193,400.0498782368802,408.152283605701,416.71319084936465,425.43058073325125,434.57501205602136,443.8334282979185,453.56412743788843,463.29951175294684,473.53510246629247,483.85585484138113,494.60509349122106
345.3761435585352,348.43664563707523,352.0995530844359,356.3774450468625,361.19636336729957,366.49224976089806,372.28834255278355,378.5980832811635,385.3898780874598,392.8106208040752,400.8192117001251,408.8797137786651,417.45494414767336,426.11785159503415,435.2392609172378,444.5171528796644,454.2220862809745,464.04100460141166,474.33220581992157,484.62809221352,495.4241850054056
346.5211122099998,349.4817196359882,353.0028291405167,357.1263440138659,361.86484340228094,367.14436914870646,372.90086296829344,379.1575631861674,385.92791134053584,393.1803135728206,401.06166371542446,409.02227114141294,417.49146946345127,426.0125789679798,435.0484167629765,444.1719316363258,453.75394838451786,463.49244777293296,473.65798860023153,483.93751434665717,494.6893229911555
347.39330537701346,350.3565926849867,353.7804874189483,357.7648842314501,362.3516864127725,367.5534731091608,373.2962861635595,379.5160672911197,386.23605481696694,393.46969027930857,401.18537981956655,409.1486671275398,417.4933045781169,425.9171993120786,434.84968494209016,443.8340817545919,453.3332068575619,462.92000903888436,472.9653130950497,483.16709979143803,493.79592792670985
348.31756022446496,351.31024012439866,354.76620733230567,358.682781966201,363.1598586786365,368.2393407598926,373.9338073562147,380.16930031054716,386.8817613380411,394.09442876382207,401.8207441260974,409.81342402603116,418.02179346622285,426.47776067412985,435.31507802464074,444.2316526585361,453.65681818848145,463.1338949009169,473.12569990382065,483.2051819850768,493.7431659411759
349.13498775406475,352.0950241231736,355.5477403922161,359.46374396923187,363.840354972236,368.77746805378035,374.31698650414523,380.4714894695761,387.16701879301735,394.3395161896201,402.0122199845099,409.97225635361866,418.1586080850028,426.6113243540454,435.27973016334585,444.1957337403617,453.4930874599814,462.8696984629855,472.7549003620397,482.69201344358396,493.14385481559646
350.16118230356585,353.0444705567381,356.3877951790192,360.22379970123393,364.5230915314219,369.28299078759835,374.6033921223149,380.526198825852,387.0639900444552,394.14280762106864,401.6985932708436,409.5818815240159,417.6378735720779,425.9811981943589,434.55083817891534,443.38684270113015,452.4385367636028,461.73782859379094,471.41847056658287,481.17836982275924,491.44685997498567
350.9392627679588,353.84081891066035,357.1256633065341,360.87054407151675,365.10810473643306,369.80895270932257,374.97040810820056,380.6923655856187,387.0167284318573,393.95607579316203,401.43644951247705,409.3380056551786,417.2953474476551,425.58019184352895,434.03774003429254,442.78262079927504,451.75381692653303,460.9913775914494,470.4446277966236,480.14547576951327,490.22767388500677
351.7787261761486,354.8462180003563,358.31526596726553,362.1676021873469,366.4799747765373,371.28502726566126,376.5533670627584,382.2823142858441,388.5717635874699,395.46361825791615,402.9704574434286,411.01832298695126,419.0858148111589,427.5548627780682,436.0796963947523,444.9320326148338,453.9570726298051,463.26944521899526,472.8081331704609,482.613185659585,492.6339276889668
352.9343403477868,356.0006472709191,359.6344460182591,363.6698009083006,368.0884440515143,372.96712356383694,378.3384829760932,384.1731296963226,390.46838384254056,397.32414006729863,404.7823016608772,412.84860858400947,420.9217546926542,429.53592715930915,438.1697259066491,447.20508079669065,456.296221336507,465.7148644797208,475.3062114178244,485.1848909301468,495.28988580474476
353.38520803908267,356.3862618836463,359.95362265134213,364.08847524324574,368.62488397785086,373.54458096562814,378.9243143225144,384.79672757933423,391.13242814412723,397.92873613490883,405.2855462042305,413.2447616423727,421.24581548693624,429.81317625463214,438.3873762078405,447.50260251905905,456.63745511096255,466.1738638455677,475.7660582299477,485.6857552177251,495.7781560003923
353.9259369199812,356.9659880208148,360.507092966212,364.6145048347414,369.2894085274786,374.3658683629173,379.82561645152816,385.745400909248,392.15786526690135,399.03361693252793,406.3699760241431,414.2668371942984,422.30688829513196,430.8061548341077,439.34725977950484,448.4546716480343,457.56892270207624,467.2242001141284,476.89910380686547,486.9755636423042,497.1078091275178
354.8665842198743,357.94905474601944,361.57157637299815,365.6951518445404,370.385034239215,375.64240845809724,381.30133881968106,387.34355743443706,393.845812418302,400.84074730210045,408.2989694938721,416.2177991116324,424.30026963777755,432.7796013340779,441.4021229610566,450.4838600261774,459.6074354977197,469.2973178923943,478.9940394725813,489.23178741077857,499.48916162966077
355.81839075045565,358.90458578931447,362.57325135431836,366.7819680201559,371.491738530557,376.7678159640903,382.61138522183137,388.85651062227396,395.4849242758888,402.57337429861246,410.15450422126975,418.19892145190016,426.285116490759,434.7901411473781,443.458806712382,452.52433344754115,461.7330501133786,471.40098221735826,481.1107527277593,491.3868301612927,501.6697467803385
356.4233209531731,359.37241056305714,362.9076952118,367.0254503866879,371.68325666240946,376.8421167826946,382.5672838261119,388.859942693737,395.55415770406364,402.6316609675625,410.16920060017014,418.11829021005417,426.1485097425955,434.6420165831099,443.17730123185277,452.1314154983559,461.24917067324384,470.763787018287,480.4215932940085,490.5386150078722,500.6974751281572
356.94032992512587,359.89392208473555,363.29660385422926,367.2854806625818,371.8568279970794,376.96822643241063,382.5806787123054,388.75943791533246,395.50568894256725,402.65349611250355,410.18459153561207,418.13818369522176,426.1293154874391,434.5319972569328,443.0158089490838,451.96290794920793,460.95178475756046,470.3594911836733,479.9308385181709,489.89904702282377,500.01044545815495
358.85749827432244,361.88162230012625,365.35933848553975,369.2861442808373,373.7991451149936,378.89461647529504,384.5301389364301,390.6667152421287,397.36959847095955,404.63997352399815,412.31190471973827,420.3360287455421,428.3912481944545,436.868964379868,445.38422019788914,454.31102599318666,463.31896171114147,472.7901847370694,482.30318557122575,492.2350160231424,502.3304873834438
361.2065788952537,364.1379745016661,367.59349413388236,371.5026059257083,375.86080732741823,380.80520376798694,386.3320707347008,392.39898880224825,398.9669607143593,406.10123954960255,413.8030102090536,421.734405815466,429.83773261761854,438.2932522498347,446.77986730515954,455.68897909698546,464.63563052141905,473.993831923129,483.4331632474962,493.3357818798366,503.2801783204053
362.8388695150534,365.72209138359426,369.03670885854757,372.8754503593047,377.16778401967144,381.9092072899223,387.2368255990319,393.1469144342866,399.59705437037496,406.5482481510269,414.06574885481103,421.9489707233519,430.0339632513438,438.3485807262971,446.8351293969905,455.6738708977476,464.5437078216133,473.8360414819801,483.16591477495456,492.9073380452054,502.72989123811345
364.951288271942,367.8690573218718,371.1700482403425,374.9024347652256,379.15894531591255,383.86904802620916,389.0282403463898,394.7736277054292,401.1014855906137,407.9693945766319,415.3383574072136,423.2561264571434,431.19139621085736,439.49238712932805,447.99514870724977,456.7275352321329,465.6318529527561,474.888363503443,484.1759694772385,493.8860721875351,503.63371453043936
367.5503051007272,370.50074464151464,373.8689532322319,377.62038369148996,381.8032097571605,386.5101598486349,391.6707020997189,397.28033396068696,403.4761608605138,410.2544582864857,417.5728068132913,425.3922091846605,433.3426487254479,441.7108573161651,450.0965666106665,458.8479970699246,467.80119818863375,476.9840242543043,486.3387815157149,496.0457316071892,505.7837771217722
368.41175085950766,371.2689444864829,374.5765776542456,378.3019798719381,382.41060395817146,386.9506236508173,392.0147673692669,397.5325032473262,403.49932873526956,410.05234926207163,417.18784031501883,424.8633824687997,432.72057609577496,440.8971720941194,449.20480526188203,457.93020747957456,466.67311040105125,475.78173448728455,485.092129232969,494.63214892561484,504.3440998140007
369.21450835609926,372.07472055912734,375.2921263891306,378.95997175992136,383.04558618064186,387.51442246990325,392.4146543655772,397.8390102870548,403.7169583681421,410.0439960591135,416.9572287889436,424.4529320449189,432.3131442479469,440.34889860475585,448.5663044347591,457.1031126361316,465.7709580069222,474.85657242764285,483.95968755214756,493.4285238414089,503.09913079012136
369.7710290822706,372.7112864406476,376.0117560020527,379.66941919043296,383.77752191960076,388.30339369869824,393.2124873463367,398.5529766003876,404.41758988024225,410.73579531970654,417.503090369055,424.85658045726206,432.7925410716144,440.73279842999136,449.03326799139643,457.50927970658233,466.16694289496263,475.1440084547121,484.2521111838797,493.7779829629774,503.32135544585907
370.6524827128991,373.63931778174157,377.06641020896103,380.8537148392087,384.9982130964314,389.5931508944417,394.6058577423817,400.0017864588626,405.829110781756,412.18055913045316,418.98559963876,426.2397297569509,434.08005491400047,442.066889982843,450.4896856660378,458.9167780932573,467.7040827235048,476.66692950753327,485.81142776475605,495.275328393348,504.87026619135816
372.14533431301066,375.1876499884629,378.71680073275763,382.68620883542934,387.01582914112925,391.7026430738042,396.8398965472667,402.39491907065894,408.3331634625921,414.70280346093773,421.5965674850871,428.94392366884614,436.7403694624893,444.78268513794154,453.16532597044335,461.69447671473813,470.6595880733851,479.62899617605683,488.9586164817566,498.4637789412373,508.15059287391233
374.06914837269693,377.10826896064873,380.6897052240528,384.75797655629935,389.26650524692286,394.13524614057457,399.36118066120133,405.03755472261565,411.1316978339597,417.6090628138447,424.5178234001421,431.95070801224335,439.83718478395417,447.87630537190597,456.211871753501,464.79330801690503,473.71506943735864,482.7833407696052,492.28757271620407,501.7961014068276,511.66484230047917
377.6673993625792,380.55011211865667,383.9719454626859,387.9360944821674,392.38707857049144,397.2783200171924,402.5297736669215,408.13842094362576,414.19750776111755,420.6743636285391,427.53444136450145,434.82591470687635,442.64151207505506,450.5242248311325,458.79341435892076,467.21524770295,475.9335268406225,484.897675860104,494.20215003663503,503.6531341249591,513.5400788276354
381.35717377873874,384.27702233912305,387.5795836555848,391.4212655599984,395.8052631398642,400.6760957885726,405.9871857956579,411.65848800577135,417.68698384285995,424.16591922073604,431.0626236485419,438.3425499448886,446.0538718476478,453.97372040803214,462.2091663365952,470.511727653057,479.20076574122953,488.04244764564316,497.18057534369996,506.5645729235658,516.2888956604811
384.49654971917073,387.40996671497976,390.7432322711731,394.45921058344396,398.71430948366657,403.5117240593414,408.79597370385886,414.52048070675323,420.6051999126757,427.0471127455733,433.9394651192585,441.2495865428734,448.94292983502913,456.8563468308382,464.98108572940646,473.3143512855998,481.96321420997197,490.6791925222428,499.78164760622434,509.036746506447,518.5882912003128
387.30556506662515,390.25254851313537,393.61294895545467,397.3931979581582,401.55615971693936,406.25824206367224,411.5026400858573,417.233873176885,423.4053636262896,429.93706627872234,436.82596255813024,444.16529837832564,451.9224032484508,459.869386694961,468.00971343362704,476.3701138759464,484.94183622102486,493.72208522372847,502.81793159461085,511.98089335339193,521.5303318838837
390.7960763065434,393.8475892000954,397.34608554015756,401.25799887602886,405.5897607722844,410.30423542461756,415.5578306649024,421.35374158063945,427.63648756521917,434.35949090817576,441.44270645416043,448.88311562712033,456.77396434086774,464.82547723441974,473.1340949980968,481.63259133815905,490.3244309703771,499.23634430624844,508.35957954487884,517.6913414411345,527.3387007055688
392.9675188502842,395.9464620674273,399.4769181781225,403.4543577353278,407.8452142883422,412.65591940174096,417.8493372712172,423.58187572864523,429.8567298615254,436.6184190632483,443.82036562334804,451.3825243864759,459.3018767765789,467.2808199937221,475.65061192461263,484.1810680353078,492.96862901612803,501.94606857333343,511.1168514226946,520.5077079757091,530.1098864314827
394.4032248812584,397.402586773707,400.8808918832987,404.91070988644253,409.3875113360964,414.27772978155946,419.58779678740683,425.28057654933167,431.5124768992083,438.2866929245371,445.5477440187086,453.24905247125696,461.24841436370554,469.309935019282,477.7286493018337,486.20695441142544,495.0761082347646,504.10592623790836,513.3928491111772,522.8696505608312,532.539795302641
396.03947476705446,399.13261493681915,402.72511699903254,406.79656227838893,411.41952045129744,416.489462070716,421.9728206859438,427.8760278615559,434.1619477932454,440.98698831288675,448.3543445079802,456.2085357719165,464.3016759416812,472.59612456399424,481.1886266262075,489.84328745154875,498.8551419038651,507.92658718322156,517.3888811763254,527.0118393492339,536.8919023922674
398.3604678047587,401.5079610321961,405.24859442939817,409.48858971904895,414.20752822584274,419.47797962618864,425.1954144730446,431.3262663157098,437.87696671875926,444.8103798778862,452.2829136249649,460.2977630474958,468.4452562749332,476.94694076630685,485.68757416350894,494.6295160132594,503.86951130291004,513.1716653556887,522.8310130354424,532.5499515422363,542.6597387627775
400.2714282864734,403.40267019686996,407.18140533470387,411.5532806423025,416.4245178423498,421.7746982595402,427.6763915702826,434.0250683275351,440.7871620805969,447.96910439404286,455.53375946356635,463.6375351210416,471.76877703143816,480.4148683643656,489.1936035021995,498.32652990396974,507.69840521156834,517.2715889717153,527.1428261717625,537.0762221349378,547.366811725088
401.75634979612903,404.8236708929673,408.52223390020214,412.8682901348743,417.80748653931124,423.2460448361968,429.16354635022543,435.6325607578061,442.5485586118969,449.87797346179696,457.6272368720812,465.69455796891947,473.82653413528124,482.49763088959475,491.1961938968296,500.4096063265953,509.75566256126746,519.455910059876,529.3951064643129,539.5356113212981,549.9741696181836
403.4797149940907,406.552824629329,410.19325536140553,414.4649280038786,419.384093873789,424.8963999134642,430.90806784558805,437.39867899485495,444.44080303767385,451.9299105270029,459.8324350121412,467.9055446473795,476.227917692902,484.8683484249785,493.5734342265785,502.8176406161303,512.0893132586034,521.8758353236074,531.7950011935178,542.0683583273646,552.5806643670397
405.6925628148386,408.7881762084552,412.45689923731,416.69294336300305,421.56022939909263,427.07500866261967,433.1829280959114,439.79020942165175,446.8764339645352,454.51417140097067,462.59889228391626,470.6945056775328,479.1926435562877,487.8613665851425,496.77935302428153,506.01539714997455,515.3160963451912,525.1559161283594,535.0232021644491,545.4053376230696,555.9201168865966
407.08060727061377,410.1473011076761,413.8096083383551,418.04502520427224,422.84776316702767,428.2817430401796,434.363216140769,441.0378294111231,448.2118045739258,455.8647229538716,463.93141679093395,472.1358480644318,480.7872627844398,489.4495700151187,498.51440173093596,507.7498185968531,517.2344988730545,527.0372368358098,536.9046298680889,547.3111434883195,557.7451233614715
408.0359682522577,411.1475104046533,414.82574639411126,419.0995957771858,423.9465547954985,429.36083491064954,435.4063569361971,442.0993721891821,449.38552761193176,457.17104492713,465.2825870795256,473.547047611867,482.225283601325,491.0412570272184,500.30421389962197,509.57806328269646,519.2544371509093,529.1013961692221,539.197618597819,549.61189871297,560.0908338976446
409.9166703057994,413.1222609491149,416.93939374482596,421.32322037759945,426.3026604039895,431.85521006561765,437.9750808240842,444.72619349294723,452.12479938924776,460.1165454553129,468.3221360986284,476.8132440571422,485.63037685285326,494.6004280285101,503.9842546612836,513.5058187304926,523.4743662462116,533.4538062726016,543.83577078413,554.3883204457582,565.1901335176706
411.3602034950243,414.5352612612404,418.415909670772,422.90810023269916,427.9669846316888,433.6214824242949,439.8490898521392,446.64401837682186,454.070188811901,462.14385247441766,470.3189102406337,478.985714072915,487.8663624824466,497.0325282071765,506.5247187691037,516.1698277109767,526.2287121099663,536.4253339453913,547.0689392273265,557.7234370199326,568.7804592976771
412.6228562651383,415.8014392667609,419.6550800345996,424.2143114457538,429.38508500930357,435.1225524099158,441.45563320414453,448.3618236336114,455.83533515991667,463.9400885966184,472.118671598241,480.87091826238026,489.7245590302189,499.0699458641229,508.6291772752771,518.4739260016295,528.6446995651793,538.9683915086749,549.7058589092871,560.5810637463347,571.9032520298925
414.49750300720916,417.7486722832127,421.67842456083883,426.2832346046811,431.5936352918389,437.51557813139215,444.00421480800793,451.08846487824025,458.7458245837106,466.97050538601945,475.221674662023,484.07759737472827,493.00734965235443,502.51076559249725,512.1155756363394,522.212131746247,532.5225324334046,543.1184504357607,554.040393275314,565.1152544948131,576.6038911714289
415.96339808081063,418.9782833325522,422.7443378602974,427.188975389665,432.3086706852489,438.13395662414825,444.5707847154431,451.57430664380047,459.1734419657744,467.18832721751596,475.3605721747279,484.10013822877835,492.8661927565235,502.23700072097034,511.6816382503381,521.6999394422226,531.8196347378063,542.4310760994555,553.2563620383547,564.3671652924523,575.8039933837473
416.76629999751026,419.7525147455968,423.25361474542484,427.50588402125646,432.4367362987106,438.042646342381,444.35414702936686,451.27718986874817,458.766926545192,466.75314129327853,474.8384913633389,483.339591363167,491.99805106846543,501.22383187060234,510.476101146434,520.3331238589674,530.2639761364215,540.7684920763926,551.3744021200628,562.4720582297984,573.7835589167842
417.92126923811537,420.98462805863903,424.53420162724916,428.5986604476008,433.41428854395605,438.9084996419339,445.0777685061278,451.9526280136373,459.4390296735422,467.49212517050967,475.5554839910333,484.10505755964346,492.75376645022743,501.81822527057915,511.0400437964012,520.8291834190618,530.644811515417,541.065193048474,551.5594041464518,562.6272789069465,573.7965477711402
419.4427598580391,422.5633794328651,426.2473578282148,430.4175509716509,435.1026293668285,440.53887703800973,446.6537077108136,453.4435961498335,460.939075232169,469.04609646689994,477.1667160417259,485.84043111351934,494.524409508869,503.69460265230515,512.9639311177151,522.6490095128928,532.4914476135409,542.9012068110275,553.3374544822086,564.3784555900917,575.4932862628955
420.8439368061252,423.85029228011535,427.4772673289315,431.66760119827126,436.3441498156975,441.5355836848653,447.47818683003663,454.09937297683064,461.3956168898407,469.3974514461663,477.4038069201564,486.0171836288775,494.6441586776936,503.8242292234772,513.014563092817,522.6911117102433,532.4667956496434,542.6582295188111,553.0070230934494,563.9231377649261,574.8657409100974
421.5942343616033,424.50547586018905,427.9230728327649,431.96128938016676,436.5628647480923,441.6506548641043,447.25333023185783,453.6071748756149,460.63960252099463,468.34708793259045,476.2583294311762,484.6714054860875,493.08900245866334,502.1136206659702,511.15183721337206,520.7431492577414,530.3447246256669,540.4325147416789,550.6194401796647,561.2221155474183,571.9821506206423
422.7859456815086,425.8397410397105,429.30477789649814,433.2761702272759,437.8681821328796,443.02355285900705,448.66513833322097,454.8216090591764,461.7292490611353,469.31547206471697,477.3692674229189,485.63054819271656,494.0955850495042,503.06245646261743,512.0338487933951,521.6122623589039,531.2042742645076,541.3493816670789,551.5047523932063,562.1463378674201,572.8870586636078
423.90183081458457,427.01741224242073,430.6867890284588,434.76740731308263,439.3543810716966,444.5619744051365,450.33292655910014,456.5900934611502,463.3621456149418,470.88536704473694,479.0009484725731,487.202752903991,495.87212969002906,504.74899188766295,513.8296101722867,523.4120630132362,532.99903677185,543.193031765195,553.4006250986349,564.1613139290424,574.932266083006
425.0415883640978,428.1456804683415,431.8653540004214,436.1388228907032,440.82353327957077,446.01459914242844,451.8262845801121,458.20132883831945,465.0625878446133,472.4387321026486,480.54282420689236,488.6701377409312,497.3898112730111,506.1957078086727,515.4691766989545,524.9501310008321,534.6348413896997,544.8213863348928,555.0124521977503,565.8105392953391,576.6222247330228
425.81463677394356,428.8846766271148,432.5588085845297,436.84852196978085,441.6920307132338,446.94678095527263,452.7078866713015,459.08961196215637,466.0346960735349,473.465994933,481.4121790442065,489.4822188973777,498.15635085479266,506.8537042420027,516.1434176272538,525.5193540160866,535.3628627595397,545.4138569145885,555.6686071566272,566.4251919549916,577.1862976710203
427.05026196830835,430.1995362897282,433.9188504643193,438.242256743154,443.181244449825,448.6740275146978,454.5780520781564,460.9884321156051,468.01943172787986,475.6137901606782,483.69436334156313,491.843637662983,500.4390960956093,509.15841027020036,518.4818165490351,527.8284442576651,537.767431964336,547.7926426745886,558.2854257394615,568.9856942159302,579.8897187793887
428.14532062192256,431.1117045594931,434.72736281848347,438.9130609306451,443.7028511470503,449.10822279129184,455.0673897937352,461.43779829476426,468.3145622697835,475.81194581962876,483.7783297571993,491.83907212756816,500.3860292460236,509.001687505014,518.0635298752109,527.2492279873725,537.0390182037777,546.8520298499782,557.2574014942196,567.7489961420428,578.7081631444862
428.66479577623517,431.60526201496623,435.0121121912678,439.0682366889892,443.6944010398819,448.92465749501815,454.7704953779907,461.1701286191651,467.98100335892525,475.29823357267554,483.2360833612518,491.1765495999829,499.58339977628447,508.0846083853844,517.0720317425709,526.1281562402922,535.6304648492202,545.2566292001129,555.4868856552491,565.7403635401806,576.5862014231532
429.2341746312528,432.21357554442403,435.6334426963263,439.5196937857991,444.0552191966917,449.1607844607556,454.8704418290631,461.1956806252069,468.0747147795525,475.36499043248386,483.1616215594054,491.1410224725766,499.5582731743241,507.97814032622637,516.8643914156992,525.8450009379703,535.311825208328,544.8473506192206,554.8290601413197,564.9346254053837,575.6442827736911
429.8306340177835,432.81720867265676,436.2831842407012,440.18962604747674,444.56245179182275,449.58455185758856,455.17669177652573,461.3729237997064,468.18473725072346,475.5503460599423,483.3271963677469,491.31377102262013,499.5969768044149,508.06295237245934,516.9667777290801,525.8732195358556,535.2460452802017,544.713229457346,554.6666283825768,564.6887284483428,575.1570126253151
430.32471755459176,433.310781922659,436.7834209455995,440.73546088171116,445.127967056554,449.9868571689672,455.49502160280025,461.5732258898047,468.2555222810526,475.5534001001369,483.40507327742296,491.39113764549023,499.6540523213621,508.12669134430257,516.8959614941646,525.8480014302762,535.2378911549644,544.630397329807,554.4892874422203,564.4425359874318,574.88199928073
430.9403141508128,433.9403555318539,437.42646128096226,441.3991416849439,445.8512230020967,450.74377055798055,456.1027020514349,462.11090786630905,468.6891535343546,475.87149130664363,483.66941050676905,491.66945188781017,500.02116644613733,508.5072721952457,517.2702282521586,526.2429086561402,535.5122201870433,544.9643015041961,554.8542326099254,564.7467801658091,575.1057116592635
432.6165876369438,435.74305128789507,439.3695563198875,443.48212571994713,448.08126977488007,453.15981474298417,458.6788259498193,464.66422109422496,471.29889056005044,478.5035998790473,486.3124013022876,494.4388649532389,502.8632478043156,511.489752836308,520.4679310455865,529.5805004456462,538.9699201535104,548.5690642084433,558.4648393902977,568.5433843584018,579.0597791150823
433.5987694735156,436.66141395024647,440.3505220779287,444.53967158665205,449.2148854634426,454.37667399510644,460.0178634399415,466.09951912350755,472.64755874464413,479.8448726872005,487.6122264829283,495.6748709596592,504.04631685963045,512.7354249873126,521.7224523151203,530.9116018238436,540.452424509853,550.1276383866436,560.0797025712388,570.2414911029026,580.6999107614879
434.24025450876945,437.29867511254764,440.9197401930567,445.16726892451715,449.9148390370187,455.14847351758743,460.8686826530294,467.06829270164263,473.7083689889869,480.81482921390165,488.5705637602362,496.6289843640144,504.9547587635204,513.5758238440294,522.5056903477789,531.7532190792393,541.2986670108252,551.0462371233267,561.1454804131142,571.379114893683,581.8895996820564
435.7554437369626,438.92090535659844,442.6447875800124,446.93131428015727,451.84430463125346,457.25733636339083,463.15643246359537,469.5421032186731,476.4071748869221,483.7127127939022,491.48463463845275,499.6500962580885,508.0712924240589,516.7951746474729,525.7864106666146,535.0729373667594,544.6682654901448,554.5812558412409,564.7921653924626,575.2051971246,585.9699020340232
437.2022572567571,440.3537806229036,444.170765608686,448.5461711982465,453.4842212645379,459.0487349817806,465.11329008006453,471.6639095464156,478.7011036676399,486.2176987020355,494.1747599751621,502.3262833413086,510.7497285520057,519.566713537788,528.639433069905,538.0148386594655,547.6575980447537,557.5956481110451,567.842499600577,578.4070133178196,589.2694462351878
438.67951409274434,441.83349739901064,445.6390040714235,450.1099723634722,455.13936125929905,460.73139463185674,466.9498916553658,473.66843005991603,480.8730328325334,488.564210260024,496.7181935662904,504.88877190695223,513.4998164863451,522.305323158758,531.3827516757214,540.8537199677701,550.5804228061533,560.6098117019801,570.9065543935347,581.4985877660923,592.3994225618906
441.0011353996561,444.22735450019974,448.10755690700967,452.6392826799662,457.8364700725585,463.59207806892897,469.9103305420303,476.85504666608296,484.29980417117685,492.23062604433784,500.45684514488147,508.87424167291573,517.7544440797258,526.6512415209312,535.9885052008677,545.5202309738243,555.3238785913312,565.5210659839236,575.9739879228504,586.7295959192209,597.7525577113191
442.84766130156805,446.0533872825707,449.98533236411697,454.5712607519296,459.80871250588876,465.71162587948373,472.1729598568569,479.1969383109609,486.8473804160162,494.9978639021128,503.20358988311546,511.8401377372791,520.7720828188254,529.8952053278623,539.481133715675,549.0836571378832,559.1266467988223,569.3640985527816,579.8734721512911,590.7763855248862,601.9350334448156
445.23607139536784,448.50550902919446,452.4806726440237,457.1820553593965,462.53742138103564,468.54431076882145,475.216661776243,482.4474333874427,490.24084947537324,498.51028710919985,506.93016684808174,515.8500879680048,524.8252515828341,534.2312370708244,543.9326197861973,553.8251799290607,564.1805459507,574.5525070067347,585.3649343015004,596.3718236892862,607.6506349216223
448.12713253674866,451.43246101570475,455.50722712848744,460.28771922227276,465.79443041660164,471.9551249171968,478.7673427839387,486.2450222703163,494.2811223604721,502.5864508394282,511.18519540631485,520.2599615190975,529.4851697369355,539.2104193358147,548.9909114295999,559.2022253965463,569.7089365908753,580.4068252126948,591.5675197132902,602.744809248281,614.3625650220027
450.4956776435339,453.7753766464166,457.8604041282553,462.7148692439207,468.27506034058865,474.56147053780023,481.50186404127805,489.0937809109026,497.3511594001629,505.6308584030455,514.4466574960841,523.5316849779227,532.910128547692,542.7645936633573,552.7695008840781,563.2744494858398,573.8346405825077,584.8256535523368,596.1120637495485,607.5896513742506,619.5300448777286
453.52670730382545,456.70801694166886,460.66902558239497,465.4353627020771,470.97113745558585,477.2126381900972,484.1803580251522,491.80206116647344,499.9833708043168,508.25659731178473,517.1952854388885,526.1562940796144,535.6534028104965,545.4197399301785,555.4794931377912,566.0152678912999,576.701484749864,587.8877429894692,599.1292437239805,610.801566331653,622.7692861667081
456.20676761193664,459.38123724236203,463.23701651063084,467.87249478178234,473.31330153188986,479.523545915824,486.4395162807608,494.0817057462412,502.2561753766666,510.5523481484132,519.408127416682,528.3558235545753,537.9689813121045,547.6044595832558,557.7760379445632,568.2168446946707,578.9510675327089,590.161311916643,601.5219984056324,613.382726275663,625.2986966405997
458.31288194763357,461.48385945816653,465.3293065991249,469.8560633779266,475.16251915961107,481.27430342025156,488.1555253147186,495.7424731901884,503.91345070072134,512.2266176767347,521.072064817693,530.0392150999726,539.5659718787742,549.1846455272006,559.4687807952627,569.7752365769469,580.6177924487873,591.7295767094278,603.1347770579988,615.0159989524659,627.0476629519883
459.9086929382274,462.8467282367323,466.45574104577025,470.7392234852336,475.70401556254023,481.4485066427297,487.99832620187516,495.31758339484713,503.2556186933521,511.2806018673269,519.8896146763648,528.6408169508832,537.9242993903464,547.3294849711309,557.2942770484376,567.3509859953689,578.0731565619359,588.8176476421252,600.0982388124705,611.6480583716159,623.491294018692
461.9475718972867,464.87293042526096,468.23632425174014,472.27069558875235,476.97953655618994,482.36968716147084,488.53953676963454,495.51471485675427,503.25933057770044,511.1846891056747,519.5480829321539,527.998424634103,537.0327959711151,546.2093567736077,555.9181977410452,565.748741849804,576.1388924550849,586.6209599299905,597.7684890245317,608.9383386326953,620.6442883310149
463.8432059569013,466.7930310617685,470.1682146946099,473.98143362595624,478.4656300678356,483.62429614014036,489.46427185028847,496.08394656331933,503.5089497553062,511.4587748601734,519.6532156859868,528.0283993188282,536.8416182501745,545.7417850569908,555.22598149887,564.8523674062299,575.0110334785345,585.2914026921605,596.1313784023087,607.0632709820813,618.6606251814898
464.9774968955685,467.9700330381183,471.41239428553536,475.28011406092656,479.5858691348227,484.56260171925186,490.2138039341064,496.5463157868043,503.658526642385,511.5760659769217,519.5686021194715,528.0109633668885,536.6979403352517,545.5656601106429,554.871415184539,564.2641181339051,574.2408507183342,584.3597727682438,595.0109749830982,605.7838803392741,617.116392191972
466.1677964436095,469.10481521311823,472.5343701251767,476.4137501421024,480.71848868700226,485.46126253040705,490.87501388434487,496.96323486870807,503.73276549091463,511.281995116004,519.2190138855127,527.573571989558,536.0031269016165,544.8825069185422,554.006502656414,563.3112412013138,573.0540150447187,582.8837367635933,593.2974881175311,603.8534289369494,614.9416499213124
467.090260565829,470.0316920008958,473.41014220547135,477.2811285525966,481.60194000458915,486.34810998455583,491.53231526302744,497.38749805203213,503.91715047146215,511.1281125287355,519.0695439638023,527.0602050239585,535.438655228534,544.2346447676462,553.1056311147714,562.426442566764,571.9918697397026,581.7380397196692,591.9222449981409,602.1933981520824,613.0485809410869
467.74093101384267,470.732490104277,474.1654806297782,478.03548992478807,482.3980353623477,487.2104059047746,492.4481349751756,498.12389934408156,504.4706412235206,511.491852733385,519.1943738810927,527.1859329715271,535.6189234970282,544.1011436476188,552.9711529426286,562.2587015721751,571.6212470097347,581.4336175521616,591.4906038155345,601.7283328859356,612.4040972548415
468.14867361322973,471.1451345355262,474.63315454825704,478.5626059960547,482.92907621336104,487.78808257321714,493.0969140379405,498.831104030638,505.0033293218405,511.846532123576,519.3642045557368,527.3606654780333,535.5596475480376,544.0476675607684,552.977119008566,561.955800081453,571.3222702987593,581.1062798506024,590.9652862104584,601.274117675182,611.8275648608513
469.0989427492406,472.13827671888635,475.6740716108285,479.70142559320504,484.17021101064836,489.07601519760044,494.4743555271022,500.3225209614713,506.5960449238145,513.3076041846628,520.6901409560439,528.7294749256896,536.7864813274961,545.3222762194382,554.0605922590883,563.0879462414648,572.556731658908,582.0747467014407,591.9805508883927,602.3038944098815,612.7022347393832
469.9732926970911,473.03134843512436,476.6287381428033,480.7225887727787,485.3079984931885,490.334839648665,495.79869957365037,501.75509564118533,508.1613168135877,514.9928965139641,522.2625115128457,530.20310402226,538.2611597602933,546.8585494679722,555.4736116078119,564.5674622377873,573.8638340154706,583.4492437358804,593.4760848913568,603.5521556719227,614.016015596908
471.08462232792704,474.00871049852844,477.4908544071631,481.51233228544345,486.03027108602026,491.0397689770315,496.49069830310935,502.3786463986961,508.7591306368325,515.5894399798362,522.845107850814,530.538811020297,538.4628991908984,546.8275798709142,555.3097237795488,564.3312016578292,573.3703519682703,582.888290768847,592.6087507171318,602.618248608143,613.0691779342208
473.31578102483024,476.2576834792502,479.6236741042716,483.54772046732614,488.01110080002644,492.9709420550232,498.42234240045434,504.31517418095217,510.6450247309589,517.4674114235152,524.7396232209389,532.4371935463365,540.3790960007565,548.5147016246594,556.8806922496808,565.6872753841166,574.6113217471711,584.0747020798715,593.5557548447324,603.5155960997291,613.6779585024339
474.73823616975153,477.67939068515403,481.0624476549765,484.86959279540037,489.23479367385744,494.13932852196024,499.5403242923595,505.43287915319314,511.76686544909353,518.5378705145027,525.8014117224615,533.5147780352878,541.4559325506902,549.5946573914904,557.9777143613129,566.5544745006183,575.3616196410422,584.6093572908804,593.9745581693376,603.8790930174404,613.8013002977038
475.52961946235587,478.441175416968,481.79388588698265,485.58849881141725,489.80719990645326,494.5839567395225,499.9000475422374,505.71259926724883,512.0167100826945,518.7622523332071,525.9448133532285,533.6199105157993,541.5314664704115,549.65638873785,558.0090992078646,566.5593800032768,575.3539929277116,584.3423090216291,593.5610101166652,603.2203037211156,612.9970605541848
476.7224267513197,479.7709349555467,483.23099911438584,487.1322177886275,491.4753389172891,496.2425482165521,501.56781325384827,507.4324122607902,513.7934721900286,520.6460912097014,527.940141664441,535.6712108886893,543.7197190929163,551.9433244597142,560.4033886185533,569.0768190902188,577.9780377644603,587.0768267640996,596.4199478927613,605.9567721909059,615.723981490169
478.4598863412509,481.384491945638,484.857605754252,488.74227551747816,493.0680997961069,497.8358265291555,503.0276414328055,508.77751207448875,515.0667166858177,521.8523822194431,529.1296068435029,536.8482629026295,544.7728685070166,552.928543335652,561.401657144266,570.0498681154509,578.934537878677,588.0325739547295,597.358398233358,606.8817928373844,616.6495195704332
479.24020065726756,482.15092516891787,485.4862552849553,489.3700936052196,493.6654878800961,498.4020366703752,503.5804879150741,509.1830273303745,515.343622483708,522.0435516066874,529.2399416519631,536.9278907876732,544.8386152993236,552.9679958701005,561.3033259861379,569.8697253264237,578.753563646688,587.8124991295232,597.1078934043996,606.6166539921026,616.3532027823813
481.4489508140824,484.48745312048476,487.93667993853745,491.8105123609772,496.2328529876439,501.0667495689228,506.34180066560424,512.0587542167054,518.1997959384082,524.8988933981442,532.1373248275258,539.872217179204,547.9107194856064,556.1371709277187,564.5863977457715,573.2542806229508,582.1281130453906,591.2330146920787,600.6553553187454,610.2527931079829,620.0866896892618
483.80051203182535,486.8876278405588,490.51324595569463,494.5495885824808,499.010536813654,504.01999324905415,509.4410056390665,515.3031725444814,521.6072419043161,528.3353994347523,535.6216127032218,543.4471599413368,551.5342757500704,559.8562839104819,568.4819020256178,577.2954692764636,586.3318119032499,595.5868105891626,605.0477588203358,614.7397762757574,624.7492327111576
485.29144847171125,488.2482741801513,491.7922156973249,495.8746595209008,500.36782785612706,505.2856017957404,510.7518839395806,516.6297220380329,522.9487146518879,529.7096097201627,536.8945929590391,544.6376319359487,552.5944576443887,560.8768305909439,569.4207721081175,578.1996059769691,587.2820498005451,596.5524427598309,606.0456110950573,615.7574354894101,625.6752094290234
486.62701973658505,489.60414085235584,493.03808767656665,497.059150309511,501.6187152488577,506.5890046998547,511.9838997552388,517.9273030148497,524.2822622290729,531.0783759586986,538.3163921427441,545.9784964973913,553.9556176131621,562.1757777058424,570.6097245300533,579.3692185923792,588.3902812253235,597.646236209946,607.2058011492927,616.9533152243492,626.9236046753465
487.64091966926225,490.70031346696146,494.23682838043146,498.2301690023415,502.81062543298503,507.929584170031,513.4592674187272,519.4135562718105,525.9163533291206,532.830706341043,540.186213868368,547.9836238501126,556.0430176478119,564.2645158001583,572.8010307136283,581.5805846040078,590.573925225918,599.892813085943,609.4732695165866,619.2886182989082,629.4075770359542
489.00843068212527,491.8732360336565,495.2974351828869,499.1987554478881,503.5569014213293,508.50216320350404,513.9859272920812,519.8804158923086,526.1995100969232,533.0671125057645,540.346270869218,548.0665837480742,555.9313890996054,564.0936044328812,572.5178035821117,581.1041070859893,590.0054273509905,599.1497865929011,608.5079325663426,618.1916257778988,628.1368875600735
489.8331904790466,492.66055045841307,495.85271578931076,499.6042749179076,503.8329551622753,508.51846111508297,513.7910828766242,519.6022069445678,525.8240555241616,532.4705097081427,539.6654720963504,547.2719904391704,555.0993504185368,563.1470232767596,571.3391886076572,579.8287639202995,588.5803230488964,597.4939865321405,606.7226667765082,616.1943859977853,625.8798919505931
491.33684952584656,494.25271330300137,497.4959370595227,501.10396616757527,505.27138907332693,509.9159330948495,515.017302824812,520.7057883635081,526.9327762086066,533.5704885653552,540.6328065264911,548.2436326918537,556.1594964690086,564.1818785889834,572.4251023455047,580.8886389808823,589.4966680889347,598.4021071787319,607.5695300844836,616.8990573448826,626.5436013664051
493.1885962768312,496.2449285042871,499.7171245088977,503.5166804928749,507.6810418283833,512.4047969615908,517.6056732105692,523.2633751679875,529.5081929341394,536.2915130066938,543.4855575908982,551.1042077794899,559.1605400069458,567.3276983997642,575.799894404375,584.3786087518056,593.1781647357827,602.1980335986162,611.3623949341244,620.8241662513774,630.547921384585
494.4687106170743,497.51696722258924,501.12155605556006,505.14200866568564,509.4898212551778,514.2024391962011,519.4744509349235,525.2235837894169,531.4295423523502,538.222616724017,545.5541934020863,553.2964945918058,561.3447511973206,569.5116579914272,578.1162468243981,586.8316618227315,595.8521144328572,604.9790853858027,614.3268979752949,623.8950234436433,633.6076413846664
495.59499725184776,498.5476191754363,502.0484977045397,506.1057084610991,510.5787829948132,515.3792175078939,520.5444573725058,526.2690910348167,532.4708458128986,539.1294262994204,546.3751225946758,554.1593211963336,562.1119431199221,570.3068662332302,578.8077447623335,587.4272734800287,596.4844842365881,605.65252115851,615.1255956922242,624.7051885687582,634.505623081839
496.2801281438371,499.301371778799,502.77523733734944,506.7973595014148,511.3758138929361,516.3701320616121,521.6918102096548,527.3782937092286,533.6241710065015,540.3471694195453,547.5269935410289,555.2939334712462,563.3151771062081,571.6206193428279,580.0944849013783,588.8106516496483,597.8327738137136,606.9735461663707,616.552000557892,626.2412811147759,636.235599283452
497.2372455268585,500.31496772309737,503.91393355429824,507.96552130908753,512.5653656693918,517.721542257152,523.293582622067,529.1929829663485,535.4571886621612,542.280788155673,549.5815087649556,557.3390550826782,565.4167772789172,573.7614394053733,582.3604052365741,591.2435696694329,600.2951574242221,609.589046368731,619.1888907290353,628.9073852779313,639.0635618656914
498.4385509730206,501.5270491773679,505.1932695779542,509.3807336135024,514.0208195726391,519.2091621372907,524.9538369293982,531.1143754986606,537.6022740472895,544.4549779474496,551.8670756453087,559.7562944589387,567.8447926632861,576.190837185356,584.8570575859422,593.7902179167457,602.977681952294,612.4493445895001,622.0894305486366,631.971817697493,642.1601602621446
500.2992964629254,503.4264945193566,507.1421907801352,511.4356092371527,516.2502713291321,521.5175553447,527.333095965783,533.7049688143217,540.4927054400152,547.6078020450753,555.0877040016667,563.1269997559571,571.2541978123883,579.7706146824495,588.4863109432281,597.4595535217293,606.7529719787468,616.3133303659815,626.127992457961,636.2268531515983,646.4941371671661
501.2131890244493,504.23662820213457,507.887265436251,512.1264008747148,516.9432585094177,522.2813597790823,528.0720829723355,534.4110627711037,541.3063747973276,548.6175506007065,556.2560863834518,564.2594275177285,572.2828666954138,580.8456016273893,589.4962388615058,598.5360949092523,607.7752303477162,617.2719121039027,627.0887697386054,637.1725673035254,647.5106685731901
502.445488026577,505.5375677348398,509.1530866207878,513.3958035631671,518.2270187098936,523.6359560528592,529.5661370307866,535.9489399323027,542.8799994393337,550.3673911738204,558.270646685462,566.3627263937249,574.5933418847329,583.1887627272723,591.8042816132204,600.9590962534587,610.2018131958381,619.8337489518473,629.6649640985739,639.7537255630232,650.1626629059888
504.109772520647,507.0727479006004,510.62780298881665,514.706297254718,519.4119895770508,524.7061801037307,530.5780928266498,536.9712491845306,543.817027466,551.2110623529845,559.1614294674246,567.124404847378,575.4906357389731,584.0456908271893,592.7392816981508,601.7976779206437,610.8761721865451,620.4939622067368,630.1996545290697,640.2945656650322,650.5887561917123
505.3020997111438,508.18148972112107,511.5238551110517,515.4583002092453,519.916184485124,525.0012668174339,530.6748473540912,536.9261500869876,543.6986964548456,550.9238647462923,558.6972896432541,566.5766796532314,574.9064367776487,583.2488021675794,591.9944230691518,600.9288681673453,610.001849048284,619.4396352807541,628.8975195566329,638.8946995868018,648.979781919112
506.4050806693904,509.399602767347,512.7735148752809,516.6104023631681,521.0393695593183,525.9917759331536,531.5713803634201,537.739482998034,544.485307828887,551.7523762947015,559.4720666841049,567.4665887820615,575.7345357769798,584.1084478849137,592.9327271072876,601.769614595175,611.009757594704,620.438724790854,630.0062277697494,639.9385361001761,649.8909424740115
507.2985647661461,510.36322283646587,513.9224030047423,517.8609731829958,522.2625187412028,527.2561440076728,532.7732084518277,538.917470952414,545.6502316573476,552.9607145585204,560.7924410946547,568.8570991649744,577.1414476246975,585.7006277929739,594.5332328582119,603.4718030364656,612.8607403291592,622.2622858873663,632.067086957215,642.0607122236848,652.1928732729
508.18762972586484,511.1250957415989,514.6272198276527,518.6238660116632,522.9999022056508,527.8389137795918,533.2700050617958,539.2245355216847,545.8062640380051,552.9764907586728,560.7244396755796,568.6619056913137,576.931098243182,585.4332223292358,594.1550368046929,603.1516829887033,612.4217540696754,621.7977902636632,631.6241935720908,641.4632051460319,651.7054722316146
508.60299269261304,511.5147916144012,514.8640565519235,518.7779795597653,523.1864246655639,527.9742597813397,533.2250702770689,539.067960481061,545.4342898627381,552.4278173008466,560.0098429433024,567.9216418650906,576.0813897037855,584.4306546413077,593.1116461149642,602.0255691228061,611.1591825200514,620.5676276258499,630.2494976286102,640.037332744386,650.2755349746019
509.38438585526217,512.3772992872184,515.7820116409629,519.6241900104415,524.0310264502397,528.9323849879945,534.2131335357266,539.9568574634121,546.2926610993605,553.1519039129939,560.6383447830588,568.631258215015,576.7061972894271,585.1109096431716,593.7635709138228,602.6057492833013,611.7796541889142,621.1864906287124,630.8130174579139,640.7143759956688,650.8891594303853
510.0282583653596,513.0289826954038,516.5226204574042,520.4280571411928,524.7709598407156,529.6785206105579,535.0806034783569,540.8620763561331,547.1065246138629,553.9430525798555,561.303019723533,569.2901849236421,577.2909092536862,585.7845470156866,594.360210420143,603.2656471039315,612.4190327046269,621.7619354041495,631.4365646398066,641.344125409649,651.4713765688947
510.48057525475264,513.4578741905877,516.9358974564669,520.9068341543024,525.289569773926,530.1097714092839,535.4946311149613,541.3740129185953,547.6327847322066,554.3545319257714,561.668358827599,569.5056249071116,577.4829238429467,585.9473879788908,594.42541124477,603.3963479426053,612.4493102828967,621.8320459025203,631.4627304390508,641.2829320744084,651.4348602459006
511.256893276957,514.2834432699035,517.7872921986852,521.7918654575111,526.2893521482931,531.1986377608633,536.5453893891678,542.4567990877919,548.8627308843725,555.6480526909303,562.8963498774417,570.736726772216,578.7632767651626,587.1270928376217,595.6309417664033,604.6219558952941,613.6265291541199,623.1240158449018,632.7035281781398,642.6128137907101,652.7700483201871
512.1559959622384,515.2499066347493,518.8703673002068,522.9681269014994,527.5666108328362,532.658008196129,538.1612044812101,544.1018667820255,550.6071871531605,557.607029622252,564.9862621013207,572.828469960343,580.9223806328539,589.3566682001391,597.9771288655966,606.9348556105666,616.0326152118591,625.6175400132609,635.2160239445975,645.3074213078903,655.4808443136392
512.6262718171641,515.6339688491578,519.2355765536623,523.3637342511136,527.9691908843998,533.0753718477303,538.6744662430167,544.6853595600915,551.1337188929004,558.1467362960291,565.6542757971142,573.5412053081767,581.5489023401703,589.8988072311863,598.5004149356909,607.4423995349697,616.5705572324208,626.0359810093845,635.6414376426707,645.7340594760661,655.8402404393964
514.1624102959852,517.1145366076898,520.5743599513883,524.6280939675975,529.2083779767534,534.2659609217443,539.8242681967795,545.8754889037706,552.33850853255,559.2389941770637,566.704137891897,574.6562642036017,582.6159300163915,590.9549858391587,599.414809182857,608.2168403855777,617.2705744017869,626.6646853127704,636.2449693219262,646.1625194105945,656.2201023555855
515.3349313203779,518.3071902473928,521.7315754861122,525.6636577568255,530.1896507000496,535.2421936362202,540.772035508226,546.8026017102761,553.326081344282,560.2613599000763,567.6341044716048,575.5715071134529,583.5437660404677,591.9681512791873,600.400076018992,609.211390768774,618.143473039487,627.4177631692227,636.9437561124467,646.810125950445,656.8626688866157
517.6149604149359,520.7172846113746,524.291867734828,528.318577169986,532.852983637138,537.9813007768006,543.6361679094099,549.7683339778544,556.401224376343,563.5270282067875,571.0646309590204,579.0396997269875,587.1420239234261,595.6817507617128,604.2563338851662,613.2830433203244,622.3172922565676,631.7309312027883,641.26533766994,651.1419519961141,661.2702691357769
519.3796399746245,522.464712290287,526.1521088023882,530.3117642415041,534.9235459923246,540.0430247751391,545.7564142304642,551.996353678736,558.7135920628428,565.931554776994,573.642430923101,581.7275032387635,589.8501783066589,598.4103193902885,607.0977159023896,616.2225150563388,625.3821704954547,634.9939522462754,644.613273498181,654.6119847600642,664.7314635428784
520.5122494171492,523.3858574017431,526.8445377019996,530.9055421986947,535.4388056224045,540.424195357819,545.9172821252274,552.0042795651465,558.6178269980122,565.708673366713,573.3002440654581,581.173852050052,589.258336180753,597.7170164810094,606.2132995334988,615.1470486017223,624.2080530984174,633.7064602369605,643.2397236606705,653.2251133960851,663.2180426325847
522.6088074054319,525.5091763547558,528.7831532886737,532.6422025382541,537.1035759842731,542.0372083573069,547.4229670420455,553.3164227587778,559.8037891480208,566.8177055302104,574.3089208482352,582.2092897975591,590.2012294456282,598.4752063795461,606.960059459571,615.8191087091514,624.7157607109647,634.0498787285121,643.5112521745313,653.4100282623983,663.3436606354322
525.1698393832776,528.0383991339521,531.3073278339506,534.9498645185431,539.177473518798,544.0074067154917,549.3095988392,555.0639172746132,561.3259327420201,568.1818588819377,575.5643350148019,583.4241100835012,591.2926698341759,599.5615985341743,607.9220979329181,616.5646346175105,625.41804744821,634.6456564484649,643.9108682009528,653.6135459691749,663.4434791658686
526.4083392901942,529.163171306829,532.2865630741381,535.8103237907713,539.7076924919985,544.1901335088882,549.2748987222164,554.8319228625595,560.8410733146073,567.3579207986489,574.4686789552012,582.1059871047001,589.8608191213348,597.9754262066688,606.098817973978,614.6225786906112,623.2379101059896,632.1352788072168,641.2435236545509,650.7259646714406,660.2460084405631
529.9211246599805,532.5915500161686,535.5168073889914,538.8106245124887,542.5048105853101,546.5726046427254,551.2254710158031,556.4806615853196,562.2081110818508,568.3876868900868,575.0749597303166,582.3561432430569,590.026568599245,597.8343021049321,605.7595594777549,614.0445919192771,622.3384090427744,631.0325951155958,639.8183518871623,648.8861459445776,658.1648161480998
534.8464947511359,537.5123942043922,540.3487190138368,543.4398758399159,546.8995924166696,550.7596779427473,554.9933714534191,559.8121372797531,565.2332273025258,571.1265762523135,577.4720515138058,584.325223807292,591.7723067732886,599.438206226545,607.2745310359895,615.2481639949331,623.3393208210122,631.7902527157908,640.2499692925444,649.1100548186221,658.061711043445
538.5973208090506,541.3313472829564,544.2312732101185,547.3016244934689,550.6268077934537,554.3205508441133,558.4146628440968,562.8823828286743,567.9351751289141,573.5902916255927,579.7176670492861,586.2971687846842,593.3843675520762,601.0654769919787,608.7995034658844,616.6994293930467,624.769780676397,632.9774401092462,641.3026234092312,649.9875817779156,658.6813248285749
542.810134398138,545.4464465163886,548.3167851085451,551.3530231539579,554.559686555559,558.0211819737945,561.8512371427047,566.0816612609389,570.685693363767,575.8747977822575,581.6662263971867,587.9299139391308,594.6457277927797,601.8692386784223,609.505550796673,617.3229723548261,625.1933109469825,633.2295489923954,641.4362123939964,649.7801839450963,658.2416793633319
546.4629150747406,549.1460667546979,551.9655305529059,555.0190208250195,558.2384105503896,561.6282256319479,565.2728727301406,569.2860795790082,573.6996553771995,578.4868391599849,583.8590952584326,589.8336755533192,596.2805147752204,603.1794803088266,610.5861428744265,618.2692945543837,626.0887583525916,634.0893315907019,642.1428218628156,650.3622115881858,658.7520266697439
550.5766652697288,553.3186626309965,556.2438116722216,559.3052728316973,562.6007604650788,566.0621475517166,569.6939599945426,573.5806044540032,577.8358086641384,582.4913818235976,587.5205629676508,593.1348164273662,599.3513940835205,606.0402306666896,613.1811935615635,620.8298534884312,628.571850849699,636.496999890924,644.5584610503997,652.8010316497778,661.0965192831592
553.3018888353946,556.1537544758598,559.2476174775929,562.5246321592832,565.9379589592241,569.585312233071,573.3985649601741,577.3822430434653,581.6207531433912,586.2278229939917,591.2352617939162,596.6163085784347,602.5824276786153,609.1508709752349,616.1915731988693,623.6844017342084,631.5362673746737,639.5367929420066,647.6306559437397,655.90767062543,664.3209974253709
554.7694293898052,557.5587826270743,560.7000015048086,564.0832177438108,567.6495856627702,571.3522656999802,575.2889722110962,579.3915781754683,583.6646094960287,588.1924728332237,593.0888959210934,598.3856879582869,604.0560879800745,610.3115603175243,617.1693568514129,624.4994123123164,632.2815940849247,640.0709473221938,648.2121661999281,656.5020450045301,664.8852612435323
556.9152403603296,559.6685348361563,562.7111825492519,566.105695902813,569.7422066176418,573.5618690124279,577.5178435254646,581.7078445124072,586.063744952606,590.5900707489931,595.3712285620148,600.520946125711,606.0710326387313,611.9947271363455,618.503493949622,625.6145849593373,633.1979348960674,640.9512293718941,648.9867056203291,657.0293533334249,665.4238666869859
559.123868041583,561.9173616017506,564.9641496377449,568.3002909110081,571.9882978247367,575.9183020997332,580.0314580546868,584.2809261278911,588.7644206750014,593.4138146753678,598.2336340319224,603.3082854051117,608.7514965289755,614.5950766021633,620.8122646599452,627.6145250333892,635.0191096032721,642.8126031634397,650.6894466603374,658.7362346963316,667.0652045049343
562.1155562575887,564.7915396070474,567.7610165166737,570.9837879021268,574.4959125248488,578.3599027880362,582.4658904124914,586.7550297169038,591.1804811395668,595.8399590361358,600.665336385961,605.6611390919744,610.9117738146225,616.530968287945,622.5505317105916,628.9437031178322,635.921946840735,643.5025147600767,651.1784981095354,659.1479750191618,667.2008018655182
564.0391687680144,566.7337264250863,569.6042674316168,572.7683019983149,576.1856310408398,579.8923133206335,583.9508612408928,588.2514065224198,592.7351034839039,597.3551125636388,602.2091481172796,607.2290831241767,612.4194434872618,617.8646358669816,623.678387997376,629.8925090770944,636.4802381414067,643.6530395213814,651.3475971784532,659.1227227548667,666.9932637613972
569.2490806072805,571.806616889895,574.5587108295815,577.4867881187266,580.7083589680393,584.1832242931788,587.9474428555873,592.0635270584611,596.4216086226027,600.9628418667014,605.6403872290509,610.5519590653063,615.6294303548179,620.8773270005177,626.3800556628521,632.2513440758611,638.523001438194,645.168266785121,652.3986044477102,659.9561407303248,667.7082346700112
573.6517042632021,576.1280766401877,578.661985299788,581.39045161646,584.2949012825908,587.4928445088891,590.9440822110142,594.6846731504083,598.7771297302678,603.111583671395,607.6291892924794,612.2831070318147,617.1710512450557,622.224894911553,627.4491639342383,632.9282649735584,638.775925763553,645.0239555028716,651.6455932267842,658.8523032663591,666.3286756433447
576.4314169725302,578.9933543219267,581.5789192943377,584.1983929263488,587.0124242154319,590.0024388539736,593.2859470526828,596.8227497272188,600.6489056390238,604.8269271912943,609.2469461048324,613.8501166983277,618.5895994100739,623.5631085957258,628.7025172346341,634.0123512297304,639.5770172414614,645.5102430038669,651.8438377155965,658.55104041192,665.8433154239058
579.3147108317505,581.9585084105154,584.6642433386768,587.3936058898524,590.1568771006284,593.1147059684764,596.2485181857829,599.675823963257,603.3564242165579,607.3263777071278,611.6481968381631,616.2120133304661,620.9589815027263,625.8422617932373,630.959568557654,636.2427747753272,641.6964063491884,647.4048699396842,653.4818932808545,659.9592855713489,666.8102858464373
580.809705612683,583.5195938888478,586.3732797437773,589.2889029481034,592.2281537754437,595.2013132623844,598.3690304063971,601.7127308998682,605.3499249535071,609.2404134829726,613.4202552497072,617.9519626569072,622.7256674253749,627.6825238737997,632.7756924404754,638.1028874810569,643.5959819748947,649.2595018249206,655.177853691581,661.4647653089161,668.1520458755751
582.6142781916213,585.3629314129664,588.3214729104764,591.423811986751,594.5880884124223,597.7759924611078,600.9978051693936,604.4141755347514,608.0065292495677,611.8923765245518,616.0315182753624,620.4600132634422,625.2403738919874,630.2627318818002,635.4682415515701,640.810063339591,646.3859116015176,652.1276593167006,658.0398323880717,664.2068374760772,670.7424023147574
583.8755519813117,586.7247129688238,589.8225271776812,593.1302296627033,596.5817297264903,600.0951671396737,603.6322321758714,607.2032058716695,610.9687372245395,614.9102519268681,619.1452601893643,623.6335629276872,628.4112189032792,633.5407405193366,638.9122594966617,644.4669301539438,650.157912929477,656.0829221789157,662.173830881611,668.4351649404942,674.9513310160121
586.0694100078258,588.9908296930703,592.2614103658269,595.7806442599287,599.5097664301952,603.3826861792267,607.3175432776545,611.2760279990968,615.2684213801393,619.4553724182537,623.8183068058268,628.4747347535674,633.3844571771348,638.5835328379712,644.134474139273,649.9274128018426,655.9035031443692,662.0159056051468,668.36233453983,674.8746629277697,681.5574166718974
588.2742761707077,591.1961255920426,594.5393946986218,598.2318247927132,602.1729081081498,606.323879699751,610.6186488701172,614.97535538988,619.3556895326569,623.7699323350342,628.3787327944834,633.1635166033913,638.2417939724667,643.5733658173689,649.1942908995401,655.1670816221766,661.381869706081,667.7798094699424,674.3140613520548,681.0823397080728,688.0165175173472
590.9959962690835,593.8257472679553,597.077347688162,600.750367793613,604.7725488865761,609.0433832008846,613.5241057913577,618.1486259605956,622.8350834792301,627.5451686208789,632.289162422128,637.227713880449,642.3422486882286,647.7502770561758,653.4115998999498,659.3622759809928,665.6648177025012,672.2093567852774,678.9370475480105,685.8010504289946,692.8990797838845
593.609207631973,596.4462920826596,599.6131275322178,603.201812403111,607.2119169592485,611.5711825028981,616.179101267893,620.9969083090525,625.9585129289769,630.9820548982979,636.0292244906333,641.1103027425688,646.3859386515762,651.8375579100423,657.582670728676,663.5810780231365,669.8688385548659,676.5084647270608,683.3900882605234,690.4548634739431,697.6559508056137
598.2104745414593,600.9376071173858,604.001824143999,607.3957921694837,611.2116096163035,615.4488467483675,620.0352448679436,624.870296208865,629.9152358259512,635.1039730218021,640.3546475670496,645.6289497353116,650.9371605631736,656.4399290481076,662.1186808825001,668.0909262770605,674.3164661474475,680.8313592551034,687.6981180032249,694.8068741126141,702.0987819019603
601.0873782360325,603.8286667983016,606.7970879364973,610.1025935253796,613.7378501131334,617.7949561222223,622.2734818165555,627.1011684984007,632.1775084015914,637.4637365809467,642.8937623390667,648.3857254465834,653.9013161771146,659.4508155672457,665.1948726144489,671.1149130111105,677.3284469679401,683.7952754005962,690.5514570705212,697.6595043809119,705.0095490525703
606.0431395200332,608.7925969346993,611.7833429116345,615.0012214644963,618.5561844680446,622.4408984704646,626.7474618942196,631.475445003219,636.5525890997303,641.878386417587,647.4140720116085,653.0935551843945,658.8349757065773,664.6000238517746,670.3989806565719,676.392495118441,682.5619929297688,689.0249843012645,695.7412701485868,702.7469092331778,710.1044139582347
609.3683316894177,612.1401545073677,615.1614347399839,618.4240035348689,621.9137049056808,625.7404907271791,629.8970275475491,634.475413789254,639.4752197162034,644.8241866306647,650.4218067664714,656.2293151784429,662.180621169179,668.1938645093117,674.230735472459,680.3015150952062,686.5668523750254,693.0081730043032,699.7429871937487,706.731095859021,714.0085577615621
612.3290836450707,615.1590291065891,618.2607973860576,621.6120230801921,625.2045373365955,629.0241841689258,633.1809154519425,637.6673977338309,642.5757294370542,647.9054808255219,653.5843932015016,659.5119587988266,665.6494126723165,671.9306641245711,678.2738529262222,684.6406693508878,691.0413944351535,697.636677176491,704.4079432672872,711.4727029182511,718.7907570450418
616.0591537133347,618.9683445688962,622.2074808859761,625.7184400210061,629.4788565707023,633.4805616826673,637.709399370559,642.2753215091373,647.1709946465871,652.488517205372,658.2274594494013,664.3155626809425,670.6523191338291,677.1989638628805,683.8894061706966,690.6417858279093,697.4177931081365,704.2277090479637,711.2321826448627,718.4126395912205,725.8865900977459
617.6982804119111,620.6517663732387,624.0144431901277,627.7070654685352,631.6715105648927,635.8854130759164,640.340604149209,645.0229277984282,650.042335898334,655.3914949971114,661.1625035172239,667.3549317225807,673.8965209154494,680.6867633296636,687.6868940200425,694.8308222891861,702.0366879077263,709.2661811492811,716.5295830504358,723.9875426086625,731.6214855163477
619.480915990241,622.4389690148223,625.8505080007313,629.6712378422018,633.8219131451907,638.2444112661296,642.9163668017347,647.8296108996087,652.9699875734093,658.4474486978966,664.2546608212554,670.4837223659492,677.1342035958875,684.1338458133376,691.3821412521332,698.8403249670936,706.4423062608186,714.1062249039402,721.7937711700764,729.5152260958125,737.4312386786206
621.1333521929662,624.1437549944031,627.6122108204214,631.5341526077674,635.8652852506748,640.5263633551007,645.4592642774766,650.6416226145185,656.0652695138294,661.716048989067,667.7039129149912,674.0215278397869,680.7609921859178,687.921876217293,695.4319212361801,703.1906194764126,711.1592059928099,719.1696087942469,727.2819928894088,735.4563143339674,743.6542634015406
623.3986308230182,626.4488889337293,630.0095498458774,634.0282637826068,638.500463680664,643.3818544342824,648.5931906494195,654.0763496825066,659.8089661302597,665.7828711402817,671.9839087262304,678.5220307628658,685.3899037983726,692.6796262552147,700.390768397301,708.4410265080121,716.5013296376104,724.8102859885541,733.3291306156626,741.8897915278106,750.5524337336838
624.9194525484804,627.911311851869,631.4534292659687,635.5059494815052,640.0165227216232,644.9805819230689,650.3538319800759,656.0570274986014,662.032045835077,668.2565215862187,674.7222858996292,681.4151827889665,688.4451641289904,695.8048964678858,703.5864782281163,711.5783375315049,719.7813389769798,728.3234563910794,736.8756188240662,745.6764344783985,754.6871384088955
626.1421368420722,629.1228701709438,632.5954628032039,636.618313546175,641.1515670905832,646.1428736595727,651.58766618989,657.4416495757686,663.6255784231655,670.0813300885127,676.7865391685259,683.733036810808,690.9066670290168,698.4173816979122,706.2578473656791,714.2385806945507,722.5008957836528,730.9734884159129,739.6572231902593,748.6800739332305,757.7129696950889
627.3461695192406,630.3511053881988,633.8367745860286,637.8143030872469,642.3420896991763,647.3802791125427,652.8765215504905,658.826249949766,665.1851692046027,671.8740339209579,678.8347214552633,686.0448664042348,693.4962999154751,701.174866002642,709.1798018716003,717.1954524094539,725.540853946179,734.0265231440088,742.7937741020692,751.7713026032875,760.9599732465921
628.2106288378023,631.2085197399421,634.71134651104,638.6949066110095,643.1703260143677,648.1960035284368,653.7320838439429,659.7262171840304,666.1738364854457,673.0306466424222,680.2174022609171,687.6759806973622,695.3840165484735,703.3333409618535,711.3312318639933,719.5076888532999,728.010515624398,736.5240570643913,745.3673495032562,754.3509096032257,763.6160514634257
628.8739981818235,631.9180749436154,635.4600426075469,639.5069461404368,644.0345830021981,649.0540791673482,654.6238334432092,660.7039905205071,667.2422006223866,674.2338966855938,681.6347836043622,689.3656159846489,697.3682711828859,705.4123479446778,713.6644605575809,722.1578617327528,730.6998293966844,739.420363147783,748.4672666806729,757.5248848824581,766.9122540831148
630.1117761019307,633.0154145812677,636.4631298223967,640.4087359656653,644.8592779778921,649.7905533189906,655.2136879634777,661.1870807186758,667.6708762753108,674.6127248565274,682.0080593990716,689.8125847971771,697.7162232765141,705.850694136138,714.256987813712,722.7047030548409,731.3604541470812,740.2574938015902,749.2030999448589,758.3272721752944,767.7778141875215
631.2878407679457,634.2476416171933,637.6110809457778,641.5185970361542,645.9240040286704,650.8343468901447,656.2254230804907,662.1083585742253,668.5415521786709,675.4851485845534,682.8867980150176,690.7419334068093,698.7017342560569,706.9660605034098,715.3294998319943,723.9237715408658,732.7898660676873,741.6973821580636,750.8129340995515,760.1697746033079,769.5751815958241
632.8985530285228,635.7681350921757,639.0975180050764,642.8305393973138,647.1076375513434,651.8826266075125,657.1625515326398,662.9232097866388,669.1757273440264,675.9785030121251,683.2916814816605,691.0629129757777,698.9324950394307,707.1572124948755,715.486595407776,724.1205037187821,732.8535251110195,741.8173788835439,751.0530554740185,760.3301536280478,769.8152876331887
633.5928690827876,636.4637878179446,639.7042886167548,643.4045902648124,647.508530392207,652.1565472813937,657.3024550727199,662.9532987330043,669.0848757221604,675.7083120147051,682.882006417961,690.5661036226534,698.4370223578105,706.5791725870848,714.8196733858949,723.4153095764967,732.1156112245544,741.1204382707176,750.2243783981121,759.5591509057937,769.1657462314253
634.7356985507126,637.5512202851725,640.7376607547893,644.2936832880592,648.3095066705768,652.7289685324312,657.6925071560777,663.1539366818637,669.1203020766079,675.5674008002238,682.5063588272283,689.9955749649439,697.8110966994037,705.810715638556,713.9971561081729,722.4548280719071,731.010850605177,739.9220085302386,748.9378319127561,758.2581806933791,767.6776425552334
635.9708474865805,638.8594147989355,642.0635038457503,645.6385116277222,649.583101473347,653.9874921682195,658.795521342429,664.1476272784305,669.9976241165715,676.3525568236707,683.1882228596417,690.5157481990011,698.3935316490716,706.2820989614266,714.4861880082415,722.8743742597487,731.4493820417207,740.2956213178098,749.2402111634348,758.5399364008513,767.9443270957238
637.150255760338,639.94762067514,643.1335529022971,646.6350068639139,650.5073795606877,654.7493343211146,659.4510899307891,664.5564840198005,670.205954870604,676.353316623547,683.0056142454483,690.1386451962212,697.7635354503826,705.5609003651847,713.7360487300572,721.9219809572141,730.423434918831,739.1089860851403,747.9813587819143,757.1249629728054,766.3669177332323
637.7334284000622,640.5140181848708,643.5919728844813,647.058494896447,650.8405386428724,654.9935011244547,659.5160456696902,664.4983910641732,669.8843749379932,675.8144355736054,682.242387111357,689.1752745180669,696.5888952536483,704.3694850384569,712.2749650774268,720.3529197770375,728.8086579267185,737.2751799386841,746.0572236851095,755.0233646362274,764.17632711781
638.6825025528522,641.6210858699998,644.840258971956,648.356796988714,652.2619023178273,656.4825293814002,661.0740751801302,666.0352030425133,671.4561317541438,677.2806989451115,683.6493428978711,690.5158777527703,697.8873484766278,705.7395525293567,713.6781358465043,721.8973089484606,730.241372304578,738.7579103213363,747.6522317881648,756.557337117278,765.7779641808511
639.987397181666,642.9671797983157,646.3855457321131,650.0845014507191,654.0808220841268,658.4657100298899,663.1661197101125,668.2374481254923,673.6783586045252,679.5790699328054,685.8834197404228,692.7318463098322,700.0781637813811,707.9294171218885,715.9091997385383,724.2411864079169,732.6595523417143,741.3585080603203,750.1823540330874,759.1786746664956,768.5527787499739
641.1122663687862,644.1399728352906,647.6474619184446,651.5935343187464,655.8201965038567,660.3442236037687,665.2568180160362,670.4849341627631,676.0839690446472,682.0525859901845,688.4810037849691,695.3130600590908,702.6891930950046,710.5632170330579,718.5909234995622,726.9698833065739,735.477372389728,744.3370655256109,753.2831379259127,762.5098001110231,771.8613525502946
642.2348021273983,645.2897548356646,648.8724140104351,652.9348558018554,657.4358809104233,662.2174958037998,667.296475611978,672.7640227325118,678.547091587505,684.7010791776553,691.2246488314587,698.2080193345095,705.5950283168975,713.5261140610775,721.5810667693437,730.0100434156632,738.5927025904338,747.5266151057116,756.5890568971319,766.003702741281,775.504727849849
644.2213968270192,647.2596163434354,650.8527885681177,654.9736672593045,659.5743285671409,664.613573192125,669.9334076019177,675.5506069265122,681.556373563462,687.8776619348714,694.5698690414379,701.6316582116574,709.1532482311244,717.0784767299285,725.1166962463448,733.5860015069409,742.1791737316233,751.1463698943589,760.2672485855458,769.7393806172397,779.3400419250761
645.8906525568533,648.9166776538452,652.4809222672533,656.6001195889276,661.2470233771063,666.3737097819346,671.9389795039107,677.7848390106952,683.9280634322816,690.4598551662234,697.3071686346248,704.5254008381831,712.1132151053946,720.1392402023865,728.1868553188455,736.6381089146415,745.2023535280497,754.1976838856377,763.3168812073121,772.8101024670397,782.4570062552184
648.2070619087128,651.3205311453285,654.9600254789361,659.1377393289599,663.87040588725,669.1307789120444,674.8709345534885,681.0496735120802,687.5090022554805,694.2656959136826,701.4109568842401,708.8717395892572,716.7034410294312,724.816910266047,733.0181937698742,741.6576881034819,750.3187724565565,759.3834952889682,768.5612091389921,778.1700087331959,787.902675291486
650.0767151352746,653.1735209003266,656.8837959019941,661.1200960006537,665.8946156157293,671.2240879390713,677.0812667289176,683.4182281354136,690.1937728590572,697.2499073675094,704.6034067907634,712.3454735263729,720.4030619964418,728.4998677614938,736.9283749667196,745.6386499683872,754.4367392372664,763.6730393359259,772.9309294540525,782.592458051516,792.3669776665919
652.0902621296392,655.2301959254886,658.9669354863898,663.3171442839067,668.1933781784156,673.6078315893405,679.5772377085319,686.0743502942275,693.051245496573,700.4667240160658,708.1627923203674,716.1562255394707,724.29615933532,732.6781598667789,741.3756821326971,750.1124216935984,759.1808626946736,768.5310714921904,777.969094556919,787.8453284514278,797.7431523654038
654.6129341280275,657.7566189625754,661.5402375929729,665.9206619884221,670.9145556204869,676.4344743495438,682.4926125950167,689.1057035487561,696.2465009689997,703.867081005893,711.9262443599339,720.0699291944819,728.4096823333315,737.0468003869828,745.83041901738,754.8561043833869,764.1973114838531,773.5777358793024,783.2898617149256,793.2837553469905,803.3654632462669
655.7888547750962,658.7631375868375,662.3811052331267,666.6390066752655,671.4937138824561,676.9618903262622,682.9560918670603,689.4885129242745,696.5758866897552,704.1909669217401,712.1652497334815,720.2601125821161,728.7935587478983,737.4115263941876,746.2255623447784,755.336963210171,764.5948646523095,774.0948328300577,783.9103227422653,793.7650299494559,803.9514385968204
656.9222264275506,659.851669646743,663.2553956776766,667.3028065431581,671.9901512044892,677.2743016308721,683.1719212938705,689.5955660538609,696.5574303302674,704.0742473149404,712.0036905341327,720.04821398531,728.4519400162436,736.9762460840706,745.939135469045,754.9865463345267,764.2300255043098,773.7708695888947,783.4582142502255,793.387625647166,803.6325587785659
658.3009503599492,661.3473772064152,664.8232472720734,668.7734001494731,673.3672378614207,678.6010093692176,684.4315866420666,690.8756331515309,697.8457047579874,705.3539958808599,713.4004227273258,721.4636665584649,729.9395366241232,738.5304869217664,747.480639799166,756.5513727134589,766.0606889448994,775.6545266568471,785.4444326730961,795.5317036041471,805.7654751119439
659.7540905070468,662.7822148935164,666.3567661264522,670.36076057858,674.8390378424492,679.9609999408665,685.722895835133,692.0815974944517,699.0537683903856,706.5519643833118,714.5800887697814,722.6165042791235,731.191055512059,739.7824237296677,748.7864181817957,757.9054928659085,767.3837701297779,776.9826274305403,787.0200680484505,797.1420301468678,807.4600605495864
661.3472852915156,664.2921814116713,667.7652019182966,671.784649271388,676.2335398436716,681.1567132276965,686.7235714462695,692.9303634606918,699.7339612401661,707.1510282562557,715.0941203693376,723.0390164894933,731.5120369961186,739.9933486256165,749.0127959787077,758.0490603164719,767.4979508887557,777.0619216930241,786.9850950770492,797.0288484979674,807.5111852360333
663.3706336716222,666.2025690877186,669.4794006239708,673.2843565466926,677.6357393158805,682.4165653042604,687.6716741043819,693.5704677390513,700.1091951695701,707.2447283651409,714.993730797327,722.8256662134235,731.1006937426018,739.377525278854,748.1824812015758,756.9957282471702,766.3471110163579,775.7153107702185,785.4961367585987,795.3920429789637,805.6471517790852
665.6601260039258,668.5450979104654,671.7620052331015,675.4238086758934,679.6137365051547,684.3500911808824,689.5158890758019,695.155969782463,701.439735323672,708.3634346607304,715.8839397628409,723.7689116693805,731.9028860081063,740.1197933307424,748.7797927664603,757.4415962092522,766.6315240385136,775.8297429906477,785.566097666375,795.3192693267752,805.4850672216951
668.0177221141946,670.9974469244387,674.3621436412224,678.0587757741025,682.2003040271385,686.8699566666438,692.0860361526155,697.7315588577791,703.8513643746843,710.6148547261374,718.0182788734398,725.9980036836838,733.9982335960384,742.3629303128221,750.976629461792,759.6732615946721,768.8129858406342,777.95451409367,787.6241667331755,797.3021104955536,807.518189981525
668.9832486178846,671.8943363998891,675.2851489921376,679.0609334909258,683.1686534058103,687.7212694408508,692.8020098623607,698.4291771303368,704.4857876175049,711.0166809164145,718.1912590498722,726.005770979179,733.9168587611836,742.3076713534319,750.7189890477911,759.4947735465792,768.5195604775536,777.6272803924383,787.1780924204047,796.7307084554451,806.811448876955
669.67553750203,672.5743351748872,675.8842206297488,679.6738308948544,683.8484130664997,688.3549306542415,693.306344362139,698.785882456506,704.8118473973392,711.2672555573645,718.1969465291312,725.7703223354459,733.6691200083031,741.882429610467,750.1923150653287,758.9819253304341,767.7920406976505,776.9666228692956,786.3902074731271,795.8967250608689,805.8463347616926
671.9218824151221,674.9774070062006,678.4317292701363,682.2971393160765,686.6422741722606,691.3723809349843,696.4344231138047,701.9413614127808,707.9764240982263,714.5579136301379,721.5688463812418,729.054061944087,737.1095865351656,745.2384869325588,753.6928091964945,762.461643389737,771.3270534356772,780.6721882918611,790.0378282501559,799.7679350128797,809.7470442077896
674.3175886788755,677.1098768380373,680.4576895882774,684.2043000113749,688.3619982164768,692.9994212318227,698.0218161537082,703.3761464916902,709.1753729498281,715.5027237944353,722.3765014855087,729.6797223957743,737.4572261177813,745.249514276943,753.5973270271833,762.0185155837382,770.7651260068358,779.8262483592399,788.9839465643419,798.6213695796874,808.2792976971441
677.0518789830242,679.8005812735643,682.8415717232662,686.4380867640464,690.433399477684,694.839799973326,699.7259252792119,704.9970224916375,710.6000551201596,716.6479838688376,723.2240370039849,730.3465169855984,737.8984401864042,745.6471424769443,753.6733484894913,761.7143389391932,770.3108539799736,778.9807448270685,787.9760575407062,797.2858821836504,806.6922826792925
683.0796322333571,685.9285786334482,689.0262273240793,692.4161641738723,696.3616256147435,700.7058847284723,705.4612316242052,710.6963033301822,716.3163469426988,722.268325971312,728.6652011200811,735.5902006553194,743.061627037024,750.9105734371151,758.8114430380119,766.909091728643,775.2842441412812,783.6741809910741,792.6196424319455,801.6384796791315,810.9827387928602
686.5183224623712,689.2484943838438,692.3276127054074,695.6554333175111,699.2755420887765,703.4511754511203,708.0256064863216,713.0111253035271,718.4763689309767,724.3265844649659,730.5087354150517,737.1357824852932,744.2909539420041,751.9925522451812,759.7227241666537,767.8018424882174,775.9328840105868,784.2607046226905,792.8660289568012,801.4861377280666,810.6617710904105
690.4058671604818,693.1504069143714,696.1251185897336,699.4487766651869,703.0211370311802,706.8857855563351,711.3059586725685,716.1249294616595,721.3549880327546,727.0647714140938,733.1595267019726,739.586217405948,746.4578042300792,753.8575154406797,761.6020551945693,769.548193251636,777.5229049269982,785.8465630024515,794.2221442787105,802.7945046447038,811.6443687327042
695.0731453911827,697.9179962910098,701.0073869447266,704.326949519916,707.9954584951964,711.9126697610168,716.1221691859989,720.8871932020595,726.0510148909775,731.6259243618998,737.6805586430662,744.1201648307722,750.8917064345746,758.108144158533,765.8527062689607,773.6975571687879,781.7869478225045,790.0779367793984,798.3974993545878,807.0660083298682,815.7864405059544
697.6464142962959,700.412310453932,703.5230575113952,706.8783443227483,710.4638030555737,714.3982081884905,718.5813156119469,723.0567111945652,728.087631368262,733.5173492148161,739.3581548433746,745.6786852821772,752.3841876275193,759.4216253889579,766.9039592705525,774.6698554281886,782.6803136962524,790.7910607537158,799.1463475650686,807.7032326795987,816.2886914124242
699.8158694844014,702.6640189623099,705.7780645978544,709.2369611332259,712.9403974224874,716.8740056332213,721.1565602440464,725.6878171454113,730.511362205938,735.8904318575431,741.6682991820057,747.8572542884725,754.5259342051835,761.579586028434,768.965173267781,776.7956566272841,784.6438061051924,792.757851740737,801.1164594867091,809.575356022081,818.2787923113422
702.5165819139326,705.2118286043612,708.2552247726983,711.5645170986714,715.2186603244716,719.1173433041617,723.2461982053242,727.723999506578,732.4505030983715,737.4692948493268,743.0436111913607,749.0167252062519,755.4009270031473,762.2648536102869,769.5137521239661,777.0945860537418,784.7898327441703,792.8155627941021,800.858958962439,809.1682512884123,817.722105724813
705.098950407345,707.7619813123755,710.6202589078347,713.8266859812022,717.2990092122058,721.1161833430364,725.1778972277571,729.46978303395,734.1106152402342,739.0001497370582,744.181972393044,749.9193196401084,756.0554645600299,762.6026972619559,769.6296547741259,777.0415841928356,784.704615097866,792.4484799326722,800.3067575281312,808.4955184830934,816.7019455564608
707.3973802692288,710.1461053162592,713.0578612683199,716.1648639108095,719.6200160312072,723.341064309241,727.406963487102,731.7174024188529,736.2580132720761,741.1475705253906,746.2858300692449,751.716377772261,757.7024500663556,764.0873200333074,770.8832777822637,778.158960341464,785.819614807204,793.5683398542342,801.4800958062949,809.4726856881314,817.5796883306207
709.2305779003071,711.9484287163932,714.9150045795096,718.0446113476563,721.3694648062319,725.0424677427158,728.9813668368356,733.2651168307826,737.7934065786196,742.551868247929,747.6592763173294,753.0153866772697,758.6637851963719,764.8677083065526,771.4704290895904,778.4842376546328,785.9777710299192,793.6956218460051,801.5741271278312,809.5407029909475,817.6703097590943
711.2033362857607,713.9873072873576,716.9891291050405,720.2396759697539,723.6532537394975,727.26207819967,731.2190521377509,735.4419222334676,740.0096432290115,744.8219039784454,749.8643366493517,755.2557157203491,760.8957970818864,766.8281666025855,773.3160607143631,780.2027524989978,787.5005320656372,795.2780364425205,803.0620074441174,811.0638292618003,819.2263055452232
715.1040622960879,717.8062776197987,720.7924639451064,723.9965010865003,727.4492632749244,731.0650563683788,734.8760961522622,739.0352854140539,743.4603708334814,748.2303071527361,753.244783225881,758.489431220498,764.0830256152062,769.9253223004544,776.0599071448643,782.7500165803526,789.8389236886982,797.3389185790485,805.0411339027593,813.0208536033533,821.0070399286611
716.5827454080431,719.3269476298271,722.2733651753219,725.5037537224135,728.9519930855914,732.6489574957996,736.5089528110378,740.5641948167053,744.9675863002809,749.6368739414924,754.6510124825311,759.9096907774599,765.3985409938608,771.2363376103531,777.3228365173851,783.701623583579,790.6359352408514,797.9690445709808,805.7132416831151,813.4574439048992,821.4038614503938
718.1721137972793,721.0109537600811,724.0939959446669,727.3792534529634,730.9484819628568,734.7355612888365,738.7713656618465,742.9702009398866,747.3642829083558,752.1065143547332,757.1146419587465,762.467620462587,768.0651387203177,773.8928288995204,780.0694654788144,786.4948043486482,793.212431377644,800.4855829977181,808.1575322906494,815.9963722534512,824.0794093283873
720.1279548873049,723.0896252371105,726.3901355497178,729.934848084109,733.6817759422112,737.7126748019101,741.9614244776953,746.4588992005108,751.1194048283564,755.9751571466312,761.1790589428141,766.6488568966329,772.463505750279,778.5226943578151,784.8120548868234,791.450361815923,798.3373710355622,805.5166684143635,813.2514903842432,821.2131607340488,829.3467803767855
721.9721019196118,724.9026218169488,728.2948120640914,732.0258422740359,736.0010747057642,740.1785224612033,744.6399412182393,749.3192107913617,754.2472054115142,759.3382309366968,764.6245031523086,770.2589248458287,776.1592426969845,782.4044114479676,788.8941199528408,795.6140003791862,802.6828272056229,810.0003563225991,817.6101735987374,825.5406934960746,833.7060353632913
722.752753414408,725.6184791570394,728.9147247970079,732.6726407867819,736.7693967393578,741.1103549137175,745.6535284117881,750.4806729114556,755.5256682272094,760.8193885899933,766.2761398578074,771.9281378160506,777.9282852522022,784.1943288459894,790.8052233396039,797.6606575871085,804.7462637560853,812.1808163251535,819.8640711847612,827.7297969273926,835.7053399461623
723.9077829242103,726.7826788956314,730.023300609684,733.6944422210737,737.8272541822689,742.2989061062659,747.0147602520468,751.9328297215385,757.1348701926271,762.5547614798021,768.2233778140071,774.0550250532424,780.0819189829067,786.4569623904795,793.0979019556878,800.0836924207235,807.3140226396492,814.7745247800473,822.5839733205365,830.4588692919577,838.5170201229865
725.8900865141198,728.8690318212051,732.2228730997115,735.9424401208495,740.0925270393244,744.7042843076049,749.6548815386872,754.8496809915533,760.2466957681303,765.9276815463041,771.8265181405644,777.9740797818547,784.2846723281752,790.7905115649248,797.644500279583,804.7643851518766,812.2291209239976,819.9383964500086,827.8778438974919,835.8567892045771,844.1451830521517
726.9483603967433,729.8364392015002,733.2034633133424,736.9453833966056,741.0530292225005,745.5911949457324,750.5910310187697,755.9297070546089,761.512585312232,767.2976788935658,773.3667434764966,779.6536588755138,786.189299321561,792.8879706726384,799.7818887141449,807.0239562335599,814.5319199106104,822.3847344874883,830.2728132922452,838.3701676230131,846.6976938752533
727.8033917816155,730.7703613948798,734.1254098129011,737.9594035380077,742.1682932345353,746.7429086736945,751.7480440101907,757.2148496964925,763.020495345596,769.0703432164834,775.3224064110816,781.8584406072767,788.6123256195583,795.6149356788699,802.7805766432116,810.1414642979825,817.8505014306619,825.8174710439263,833.7924043342412,842.1121885243833,850.4672369424046
730.7565689177935,733.823074822221,737.3565503399129,741.2781046623617,745.6786042918958,750.4539998928509,755.5951212364375,761.1667624773613,767.2000740680905,773.5722256216217,780.1885793969365,787.0071484959622,794.1096885965849,801.4300795132939,808.999195477033,816.7313423458022,824.6587359050005,832.7252418094281,841.000784846535,849.534260364227,858.0756995589693
732.7268667871174,735.7010450751367,739.2417292675835,743.2493830732949,747.645115683763,752.5197936013166,757.7693674902911,763.384667121897,769.4304866508402,775.9379765295888,782.7843063711393,789.8748384344735,797.1675858215185,804.7443042101606,812.538873414889,820.5130517029085,828.556345954667,836.7626711114556,845.1642429586732,853.7049271511202,862.4546484762465
737.5833865499867,740.4823284458895,743.8554486298116,747.7950747181612,752.2016704197754,756.9963449261463,762.2699647396028,767.9184805244801,773.9327220519888,780.3774834768348,787.2839152514862,794.5291869889395,802.0186609481765,809.7103502311243,817.6092921270271,825.584952411572,833.7784635122032,842.1515836961255,850.5938198437868,859.1990868964782,867.9996006395986
740.3520112217935,743.1825293169841,746.4119893080775,750.1156275871901,754.3857717707305,759.1228855675353,764.2480781690967,769.8522160777438,775.8312499578117,782.176009580511,788.9512891005477,796.1882389703896,803.7640288030336,811.5840208574612,819.4145389526518,827.4367463307902,835.6662063218836,843.9723847016191,852.4964138974409,861.2000521765539,869.9728064194057
742.6502939425402,745.5755353448177,748.8312948422858,752.4859962356568,756.614875917047,761.3102615028648,766.4726167019472,772.0230507057862,778.0524300167109,784.4567052990564,791.2267063240332,798.4272272463475,806.0894185184669,814.0146599207445,822.015691155666,830.2609246123711,838.5166841098394,846.9641328902553,855.6188342836263,864.3502540656393,873.2995246637387
744.9271301759335,747.7930408383337,751.0841929030115,754.7058630628799,758.726475118651,763.2212654624415,768.2825617106596,773.8108275721422,779.7271722383814,786.1224622117063,792.8926481564521,800.0285598438292,807.5949914285436,815.4609020909438,823.4890040254636,831.7801560901414,840.1470979874631,848.7582421065684,857.379912266437,866.1932717092532,875.2138837650243
746.9895495544893,749.8351371196355,753.0466353471821,756.6833749770062,760.6506327020209,765.0168323229383,769.857210231875,775.2640940452394,781.1379474718684,787.3998797032539,794.140757241725,801.2565307516171,808.7380300041405,816.5836175692867,824.4956367191476,832.707134946694,841.0808244463601,849.7175640761842,858.4300935386522,867.3868252229039,876.3540829479188
749.5642044189184,752.4365062812304,755.6543957086886,759.2381957985473,763.2472372906834,767.5867968780101,772.3252983612396,777.5379781324882,783.3171638081647,789.5633190971057,796.1975531908032,803.3107325915864,810.7988079637904,818.6526090786258,826.5249109409378,834.7428003683962,843.0271213805689,851.6109214704275,860.3569128324056,869.3659543245417,878.4507856493217
751.7104084889453,754.5698204278256,757.8015342290179,761.3788355953565,765.3220476240954,769.6905010551118,774.3894725813187,779.4873860034285,785.0594777135574,791.1980753281141,797.8036425559354,804.7972885885132,812.2698799281767,820.117367239261,827.9767791781412,836.1899922318569,844.4217060330492,852.9990073993878,861.6427403504408,870.5859523791796,879.6913556800381
754.1963511771929,757.0670823228818,760.297225407451,763.8996703543322,767.8477028663598,772.1616460407877,776.9008306174929,781.9705332893889,787.4391778571875,793.3820007130054,799.891329473251,806.8676278467613,814.232005025028,822.0753275103804,829.9460586560693,838.1642771128425,846.3944201974117,854.9783643968162,863.5808093436975,872.528841855725,881.543305952467
758.3056160434494,761.0324963155829,764.1301077334053,767.5871310901081,771.4164563091229,775.591369093284,780.1321925398454,785.0982573886843,790.3948403327137,796.0903651726459,802.2600683005973,808.9962773329764,816.1994559786203,823.7907134290206,831.5175937011542,839.58779645864,847.6854078764626,856.1305066053693,864.587529962072,873.3983544336102,882.2276796526249
761.8836609404673,764.4690052107753,767.2812297532168,770.4641854413474,774.0065530683581,777.921222557681,782.1814796121502,786.8076473290196,791.8590564481665,797.2409836625039,803.0218527727442,809.2769001710035,816.0984534736907,823.3869763896427,830.9723206599507,838.648922380659,846.4611469231006,854.6166939508945,862.7996496390251,871.3300926382399,879.8724602652507
765.255542427902,767.8042813093786,770.4383644611631,773.2993278850812,776.5310224546882,780.1221289631756,784.0855373339749,788.3945332699207,793.0694398682666,798.1695878688901,803.600253964704,809.4298619564208,815.7336482361568,822.6039404203206,829.941202217749,837.4899410992256,845.1240242510102,852.849364853195,860.7103282771131,868.9146141863836,877.1463087559907
767.7478891503722,770.3171055303486,772.9350607918016,775.6383603235626,778.568540127457,781.8694510770405,785.5297739655042,789.56239871628,793.9406110322021,798.6847340105245,803.8540983911244,809.3539808669148,815.2528052386081,821.6258078983204,828.5653164624606,835.9717946398655,843.5410110198419,851.1589662812949,858.8622658130558,866.6568227952171,874.5870025991117
770.4045662737964,773.098808991106,775.862268088392,778.6744660671546,781.5720083162253,784.6964308374294,788.1915845043225,792.0461501100958,796.2730175781812,800.845472611413,805.783838307045,811.1474454049546,816.8415705980547,822.9346376870576,829.5018830640796,836.6356343455294,844.2363552402439,851.9305979575536,859.6940570548396,867.5062550336022,875.4037972826728
775.3307435248046,777.9448966375805,780.7532924676661,783.6309046777282,786.5572557692667,789.5689511311132,792.8075267650933,796.4168335447623,800.3855522633116,804.726572844173,809.4131809901806,814.4656997985886,819.9434600092742,825.7517383151502,831.9589585169291,838.640357006727,845.8882614009527,853.5024145137287,861.2172885212192,869.0256843513047,876.9032965613667
778.8029935676185,781.4869278115831,784.2850151683236,787.2773452423738,790.3388916964005,793.4491770319037,796.6448066377147,800.0673165156594,803.8605575392932,808.0132105018071,812.538165326633,817.4087077166052,822.6451607689778,828.3068552236281,834.2990677734687,840.6902222192122,847.5555549529746,854.987393591165,862.6713278351297,870.4694151918702,878.3682234433253
782.2573764021831,784.994649828397,787.9158574985755,790.9512182815299,794.180821781794,797.4796416620346,800.8272004237516,804.2601034557766,807.9198867599351,811.9504012097829,816.3403275985106,821.1025558495504,826.2103716657366,831.684098144323,837.5830660251872,843.8125520012417,850.440979873199,857.5435860331754,865.2126980975796,872.9499715237936,880.8711791939721
785.6681214247344,788.4448655105249,791.4588830225292,794.6568347784984,797.9689396472432,801.4752872332978,805.050851199329,808.6751540468365,812.384801164652,816.3213285546011,820.6285870902393,825.2952575647575,830.334229901588,835.7187898035646,841.4692603679415,847.6449723345963,854.1512023964412,861.0563743541891,868.4357245999561,876.2124686857466,884.1583248359412
788.3770612968216,791.1810564455201,794.2617956800092,797.579808340712,801.0817552453798,804.6978552628232,808.5081979975763,812.3877571123061,816.3160551085122,820.3296973750262,824.5702199136739,829.1814735980106,834.1521392212275,839.4951067067564,845.1836617574317,851.238127470507,857.7178345858605,864.5280597964039,871.7372269028504,879.4205722973159,887.2245674460145
789.7783279495201,792.524360123857,795.5743874468926,798.9011588557188,802.4652036907586,806.2131827697634,810.0753149615438,814.131689870634,818.2572811597008,822.4316113302439,826.691285771095,831.1778404840798,836.0351263427534,841.2518241403073,846.8408238001732,852.7754110251856,859.075908912598,865.8016482022884,872.857905587169,880.3131048679523,888.0591370422894
790.5325692248423,793.3338413444719,796.3811456384386,799.7324450811038,803.3604886095598,807.2258055642293,811.2750567628638,815.4384610742738,819.7961081029937,824.2229715116903,828.6985738018631,833.2595203623438,838.0473471949583,843.2059051732617,848.7238750904453,854.6141468699409,860.8500062145829,867.4517762216251,874.4787876309452,881.8363171354554,889.5927885358685
792.1370998368216,795.0387622430544,798.2416967689169,801.6906634691164,805.4436253180145,809.4733312527032,813.7403106136056,818.1912242184729,822.7562909361159,827.5156003710686,832.344126185998,837.2213908824037,842.1839998491173,847.3734890879647,852.9337094725009,858.8533417959173,865.1452759816458,871.7827977325206,878.7862301457957,886.2149039613487,893.9740958720917
794.1033190318263,797.047815358586,800.3939740915785,804.0414049442006,807.9348679711599,812.1323261468175,816.606528408266,821.318004095928,826.213414027555,831.2229770719575,836.4267828336699,841.699804975359,847.0215659985244,852.4286712919976,858.0626568576047,864.0673735689005,870.4315022190766,877.1679327315647,884.2499508091993,891.6978795492339,899.5710496915466
794.9761081226465,797.9501376769074,801.368663557928,805.1888518451814,809.3103122520644,813.6778048332845,818.3492925632031,823.2975243789125,828.4830296208354,833.8524691067233,839.3360617053868,845.0138970213601,850.7609487173102,856.5567392947363,862.4378741424705,868.5458892623385,875.0246355278953,881.8627937323322,889.0732537990813,896.6293014309767,904.5512597252723
796.7953859322226,799.6983364392609,803.0753165005601,806.8967928886191,811.1199316829106,815.644342596832,820.4147856850905,825.4892239220472,830.840406244795,836.4288619937562,842.2012519866823,848.0877950923841,854.1685809153958,860.318583118384,866.5173242028485,872.801409557621,879.3123751845272,886.1940719571223,893.4351806685976,901.0485912423849,908.9515417494232
798.5218939517689,801.4739085679895,804.8288736912482,808.657868368768,812.9313593730475,817.6065127835597,822.5829383137016,827.8053960181805,833.3318488713579,839.1350458103261,845.1755161755079,851.3999207846546,857.7384785065769,864.2712789458092,870.8732957650179,877.524051465703,884.260151436696,891.2231316798228,898.5568430686384,906.2499663963342,914.2019810125548
800.8392935952907,803.7659302639336,807.1445815487972,810.9261833406988,815.1818146868616,819.8819423597839,824.9837324389391,830.3867946377239,836.0358890108458,841.9889785326662,848.2188121402774,854.6859191741021,861.3369604518916,868.102154842457,875.0615919503322,882.0902454381838,889.1676378075118,896.3303744471478,903.7199913589176,911.4803394163761,919.406976085019
802.2645526011986,805.1577955772167,808.4776752218778,812.2495694827595,816.4244142506793,821.0732885728603,826.1666592218007,831.6616922769741,837.457997451777,843.5003348009171,849.8466672987557,856.4697438823849,863.3300938922279,870.3743781460356,877.5328155126191,884.8854955965124,892.3073920603822,899.7780274057284,907.3340070213826,915.1168669091704,923.0101098851886
803.3695663754046,806.2837744806628,809.5912255619393,813.3253133118587,817.5114156779988,822.100468551177,827.1635509786163,832.6711297328151,838.5803708932467,844.790884173308,851.2474296277064,858.0079702308034,865.0452549196909,872.3198130347922,879.7783053938583,887.3509508657,895.1178390548517,902.9539436239799,910.8387870745844,918.7529951798427,926.7231829007553
805.4716155607731,808.3576145812804,811.6578217070459,815.3512718088296,819.4713585792563,824.0434599659036,829.018511859589,834.4675933075356,840.3611710822416,846.6564112631805,853.252923563749,860.0954680386548,867.242007662259,874.6652913716538,882.3258485072623,890.1703398868357,898.0563389073429,906.014983399692,914.167870609351,922.3899741989864,930.6608166700981
807.4622338619544,810.3801936390867,813.6841524367262,817.402319339624,821.51372921854,826.051775766099,831.0418369298786,836.4348486006963,842.3018898257752,848.6134273776136,855.3266273356847,862.3410994133856,869.6016036654236,877.1661030661601,885.0073465526872,892.9253063298195,901.0038232425603,909.266274399266,917.5702331969055,925.9468374663869,934.5176844531782
808.3618004539397,811.2805102195306,814.6171797622537,818.3398483254841,822.4767249939728,827.0068446384796,831.9636009516295,837.3723718809999,843.1840933174085,849.4698443080782,856.2000916255075,863.3320013491696,870.7651831924612,878.4443972100901,886.3631069756809,894.3463161420083,902.6062693941262,910.9429389368494,919.4401656151811,928.1213265374776,936.843995100708
808.9077289594359,811.8921494477994,815.2952797017537,819.1163697328403,823.3234587844343,827.9447559412864,832.9592960741568,838.4004728756702,844.2936642934042,850.5898062181762,857.3599776972095,864.5746455030023,872.1909757150279,880.1085780466831,888.0929985350465,896.2566330410389,904.6597632949932,913.1273929496841,921.8717666901656,930.6928567212523,939.6745038879475
809.9535059173926,812.9752490707212,816.4814127124134,820.4062861196963,824.7491193041117,829.4779515090344,834.6209918192152,840.1572751054142,846.1201950602563,852.5351296313189,859.3530147094198,866.6449293417817,874.3813403009032,882.4030834542318,890.541156819586,898.98050230457,907.4866659462621,916.1720436055831,925.0969170128661,934.0862898208857,943.3524067146959
811.5752446145724,814.4980930665246,817.9426846718054,821.8716967654498,826.2194186246849,830.9851002610524,836.1367809179271,841.7026696800601,847.6618014182113,854.0475698250056,860.8853528480204,868.1260863780734,875.8408494623875,883.7636979143397,891.9229573254133,900.367548930694,908.9284707480004,917.7906646849366,926.7196767785808,935.827902889854,945.1756247490893
812.3143683974101,815.2159411361839,818.5403623269099,822.3865266709645,826.7171115033826,831.4664061013915,836.6336604765328,842.1869138721813,848.1543753730881,854.5150798500131,861.3024209955811,868.5417767573697,876.1840830261965,884.0856557649703,892.2019915880583,900.5264127787842,909.0872449286317,917.9334092726862,926.8959038287663,936.1596705044763,945.4902553368943
815.3268912572311,818.032780430331,821.1402423422045,824.6705527060303,828.7226062231847,833.2590802287027,838.2142639998114,843.5874075480525,849.3465501168008,855.5199007908075,862.0864944408322,869.0797247595001,876.5249696943885,884.2308588674883,892.0790543094149,900.1865162212886,908.5087412174763,917.0390515813021,925.8057729042494,934.8578264214037,944.0262101505837
817.4664723112259,820.1717776760516,823.0829722139774,826.3957394906768,830.1313552193285,834.3887141013087,839.1304934716526,844.2909826075871,849.8694315206541,855.8338794542283,862.2125354930607,868.9844345079114,876.182970191405,883.8335204911193,891.5388258559451,899.4500203938709,907.5035212006233,915.8162884773228,924.3438188383363,933.0794345669881,942.0514612547612
818.9895345846944,821.774532778899,824.7648363379293,827.9610290700596,831.5587945409634,835.5794084638196,840.1217655400044,845.1485431045528,850.5940304346918,856.4574775419633,862.706923669742,869.370577902779,876.4274751118342,883.9110089895323,891.6960071837368,899.6315556776556,907.621859236686,915.8180519688162,924.1565509697731,932.7543164406771,941.5668449958952
820.7134867150713,823.5789865805615,826.7294846402564,830.0852880647768,833.6469806623974,837.6102459987914,841.9963597871379,846.9042167288128,852.2964941588515,858.1074813544807,864.3364283272424,870.9513743205113,877.9805284190386,885.4029254935839,893.2519592367722,901.1174591022625,909.2679571619572,917.5690055213662,925.9248089458868,934.4865015435073,943.1905004099543
822.4455345805967,825.3882073518473,828.6963799885881,832.2895508195336,836.0880270153045,840.0923923841757,844.4983304918203,849.3271170514174,854.677646764343,860.5125969656322,866.766256932512,873.4378766765243,880.4954954410438,887.9673223108217,895.8323921566175,903.7750649278681,912.0667714423071,920.374944079048,928.9681149099932,937.7118360406528,946.5103122364239
825.7622869566206,828.5804949998179,831.8413758142657,835.4677564942037,839.3791353683465,843.4958196073146,847.818393019383,852.5425391702249,857.6895337730192,863.358271529142,869.5114297736285,876.0832977837055,883.0731255709151,890.4489523786318,898.2389872916069,906.0571953348042,914.2404732237973,922.501354038245,931.1112685958813,939.7376492758194,948.6490281499619
830.2809435518866,833.1863357421391,836.4099359755891,840.0762089802895,844.1079818504802,848.4247529148756,852.9468293440964,857.6747949464174,862.8043332875119,868.3567200805588,874.4308500269343,880.9894004616734,887.966660662003,895.3618806394652,903.1430996374346,911.0484918276873,919.243918930915,927.467519164365,936.0561892436107,944.722462248311,953.7377689961999
833.037280261392,835.8204819679055,839.0090758646716,842.5158778046349,846.4653525158488,850.7803270925531,855.3802998634619,860.1855779991962,865.1967453080307,870.6094853556386,876.4450738551991,882.8024055080881,889.6441576493406,896.9046195561838,904.5830412401594,912.3662429466729,920.4306636511558,928.619257547922,937.0978863576631,945.6046882976266,954.4765600833857
834.7144703992743,837.4511252289531,840.4709817651452,843.89623049159,847.6396872612321,851.8258168021247,856.3774462085076,861.2140738090952,866.2560067745081,871.5038289130214,877.153223790308,883.2254671195471,889.8194536021149,896.897860573046,904.3949773095679,912.1316321392467,920.046708652901,928.0665651890931,936.3676407232548,944.7928894496996,953.5081730891195
837.1428061389597,839.9202147555724,842.9342782018638,846.2315433546686,849.934200697726,853.9550660839808,858.4186042414862,863.2476422644818,868.361678481682,873.6810200637076,879.2062508188335,885.1330543127327,891.4827062585846,898.354101357765,905.7099169453088,913.4844422984434,921.2618509150561,929.2759143613475,937.4683994916145,945.7656646444193,954.3441487951936
839.2442524296074,842.0062519264777,845.0456600399608,848.3217229831225,851.8809876327977,855.8456444727256,860.1285093558506,864.8540470102263,869.9450845300923,875.3211202441629,880.9024613230588,886.6896915750551,892.8784945658247,899.490146008547,906.6235406045977,914.2413556890118,922.0033551858822,930.0398800358871,938.0792881493702,946.355351092532,954.8098357196693
840.4170792127588,843.240739321671,846.3263989274534,849.6894671498486,853.2891902019225,857.1721149605096,861.4604319093496,866.0669569013868,871.1161546646746,876.5308522934528,882.2305481164353,888.1355493042433,894.2464396651518,900.7589027648335,907.6942143164679,915.1512690214306,922.9749291303427,930.916404323669,939.0020639294515,947.3622488883685,955.7253171107636
842.019697200844,844.918887149812,848.1417372076922,851.6265867624427,855.388844933806,859.3877579348479,863.669872642403,868.3573795402111,873.3630944812163,878.8114821934721,884.6253697712184,890.724255543169,897.028446679945,903.5385269898215,910.4501800384712,917.7846815390736,925.6409261930045,933.5401161419725,941.7629661998526,950.103631342147,958.5884808968975
844.1420383889975,847.0625992604098,850.38235008079,854.0257610100826,857.9311714362453,862.1139904790209,866.533464351475,871.2361399304425,876.3442076996629,881.7704835120803,887.6394320957484,893.8738805449069,900.3933271882698,907.1180791964581,914.0487203777469,921.3809342978088,929.1359966698235,937.0565575412359,945.333363066579,953.6531138869592,962.2965248162516
845.0905003749216,848.0705245144133,851.471109525317,855.270884485189,859.3943195539731,863.7797541196275,868.4425973018946,873.3420953138403,878.5247950322994,884.1128869410114,890.0191868929204,896.3681596160801,903.0826322047302,910.0821029875848,917.2868791352646,924.6975444560451,932.5097825155985,940.4898066550902,948.7248931665964,957.1254781775004,965.8823078423351
845.9869495433013,848.9558635936514,852.4048017834933,856.2743008447472,860.5429898549693,865.1353389741035,869.989687590108,875.1214448227254,880.4898568850213,886.1414706538304,892.1984766128926,898.5736906151518,905.3915773886616,912.5749640276618,920.0433488608666,927.7170390588965,935.5966184300272,943.5655324803773,951.8466845902809,960.2956227801227,968.9996233419791
847.211246922256,850.1698792561357,853.5974256403655,857.5049961640871,861.8331275592207,866.5604489033224,871.6114303563363,876.9244113062203,882.5148008727174,888.3418452688929,894.4520913715818,900.9677296645236,907.8015760006625,915.078095108052,922.7201140809319,930.6471312480163,938.605763581896,946.7380861138056,955.076297818816,963.5038442030457,972.2436286468289
848.3037948685662,851.2124328663705,854.5797031980544,858.4158875800883,862.7320961016142,867.4688654945519,872.6048248364579,878.0644442872759,883.7860632349642,889.7850907992654,896.0207731932452,902.5396572937382,909.4639335844843,916.7064179184273,924.391575023621,932.3002130214252,940.3508699921093,948.6865251569978,957.0537954886818,965.5947560183955,974.3416057212102
849.1932581465795,852.1270869420032,855.4695537352311,859.2706528623388,863.5406660397964,868.2907033567459,873.4613015451073,879.031089682437,884.9245379286788,891.0799856717907,897.5128420315156,904.182353220919,911.1350661168358,918.4931712030055,926.1694843323722,934.1033131277959,942.2222990284134,950.5647658216412,959.049251587749,967.8187355480612,976.6198346751688
849.9842862316628,852.999575425133,856.4486934140269,860.3064494007251,864.6228377213031,869.4081400922308,874.6734666026506,880.3593539844823,886.4444313152821,892.8531687549942,899.5239056915764,906.4720512447714,913.6568516276451,921.1248537170321,928.9982479966721,937.0135371901423,945.2051395129793,953.6542575018732,962.2885325959609,971.1462885826589,980.146063542237
851.4597304332792,854.5940081949593,858.2435751501095,862.3269709006834,866.8190046490615,871.7696707313195,877.1892508639272,883.088855136027,889.4090202795387,896.1283753720186,903.1713905734106,910.4764052716728,918.0588285865477,925.8779067311015,933.9801865821685,942.1144643438486,950.6221363851686,959.2717033403187,968.0975834248356,977.1809791754096,986.4495320311772
853.9274754902948,857.0269226721656,860.7606476157165,865.0096617527374,869.6925046851823,874.7839856154312,880.33409887956,886.3531261940385,892.852177648009,899.7717899733916,907.0905922477423,914.7330546310051,922.6375165111381,930.7369636930089,938.9188341897546,947.3373595161792,956.039086549117,964.7728114926679,973.8799307158587,983.1289448528796,992.5542721192675
855.4486174530753,858.4920595777829,862.1349488843614,866.41211595262,871.2045722143486,876.430857271501,882.0657803264577,888.1593357152941,894.7218051544803,901.7642987331585,909.2273531832487,917.0895975823071,925.1330397070147,933.3189442149852,941.7668482198259,950.4097375264043,959.1350501478578,968.09701759899,977.3421867566354,986.619353824894,996.2699151727925
857.3943572544217,860.5077708159507,864.1646265021874,868.4209293702949,873.3115100000824,878.71737982334,884.5570784420215,890.8054150585072,897.5123840088726,904.6882670095878,912.344174149795,920.4206421614142,928.5340557229432,937.0097136835305,945.6665693697672,954.4658874392667,963.5272050056363,972.7835078737438,982.1222340567263,991.6976150693874,1001.5561977885619
859.6070436473326,862.7864169331065,866.5792037804093,870.9154327524197,875.8511089063011,881.4210628218625,887.506305930894,894.0253778353493,900.9530877376088,908.339429973748,916.1946862602371,924.3740595460109,932.709339971992,941.4651812693851,950.2579681166878,959.412999363049,968.7492283350596,978.2279196903329,987.9686105424764,997.9042866963578,1007.922386165114
861.995102802585,865.0980007569232,868.8802719970352,873.275956798676,878.2150837250246,883.753657833244,889.9265097031436,896.614650766513,903.7366206253065,911.2672284819041,919.2564686723814,927.3593666267194,935.8175208675466,944.5997921076586,953.5379704879778,962.8967097397089,972.2923945413497,982.050323742049,991.9894506683977,1002.071039978009,1012.4146287844907
863.4636570372521,866.523262789834,870.1857664967539,874.5276434894477,879.4829340436703,884.9816667226006,891.0798465834018,897.8123042058832,905.0600510218345,912.7416266332098,920.8012323857915,928.8914459949709,937.44029193803,946.1027956449498,955.1205556383587,964.4624326310525,973.9602167639536,983.8785617682664,993.8338523224891,1004.1513872757702,1014.6501199547006
864.8393717925137,867.9548261782065,871.6298863164814,875.9078444090941,880.8651757874807,886.4359207273961,892.5501077920193,899.2637420385133,906.6116540466875,914.4748552483317,922.5903096340245,930.8873396310926,939.5623997693672,948.2680677642395,957.4323680929914,966.710326185604,976.3435405647058,986.3008719430924,996.4141104616863,1006.947909851692,1017.5186547916074
866.2950607549644,869.408997678943,873.1383889886145,877.427386050868,882.3192810674593,887.8905493698245,894.0752312337186,900.8033552223203,908.130926392793,916.0927753249457,924.2067122489243,932.6838503745471,941.4132416842185,950.3242086052652,959.6132056675184,968.9328105863693,978.7110478390998,988.602942855691,998.8500941587714,1009.4213624611366,1020.1485379037092
868.155143982559,871.3076447487657,875.074082438951,879.4559745148291,884.3974723432893,889.9418681260873,896.1656371946592,903.00281982476,910.3834445795684,918.3635165162477,926.5160172824544,935.1303669808138,943.8968046709991,953.0264435628286,962.4083356387067,971.9718033259601,981.91330115442,991.8854068394776,1002.3161448584148,1012.8605406412127,1023.7601927104997
869.5327599126751,872.6684826734589,876.4567062004494,880.8588666514186,885.8764814880805,891.4537020773245,897.6338206209062,904.4933124502619,911.9662178411464,919.9825653567386,928.1182881175225,936.7340828149856,945.5223063419761,954.7723788011193,964.1745392520884,973.9399009047016,983.9575157413635,994.1567061894007,1004.7339267786444,1015.3417552244858,1026.4082160042067
871.9776271435792,875.101024400535,878.8601444182747,883.271765202221,888.2973229101459,893.9383350037637,900.1389528499635,906.942468650501,914.4253577368125,922.5216603846529,930.6450576416088,939.2848024141567,948.0439224318965,957.2831143863154,966.6947351702617,976.5682048863607,986.5937625942856,996.9825215038547,1007.6235335974724,1018.4461213024654,1029.646739148665
873.5571598472985,876.6121057025058,880.290448814669,884.6045146876161,889.5710813267698,895.151584889902,901.3475428387271,908.1031065401344,915.4615681958793,923.4994031373982,931.5543489926055,940.2055974956533,948.8839406078165,958.0786312355718,967.3926971085189,977.1868349181452,987.1534015572988,997.5818171286053,1008.1623206917375,1019.106025456514,1030.301983405339
875.1276795971714,878.2385929188628,881.9044520957614,886.193708529616,891.1186877242544,896.6961676850995,902.887584569923,909.6944558404396,917.0609328635381,925.0303078409744,933.1412211626657,941.789969425876,950.4558286027747,959.7179904275138,969.0072468613685,978.8128508108151,988.7378300054535,999.1428811367712,1009.7203610976162,1020.759689990614,1031.9511068754375
876.3889636287304,879.3593534376779,882.9406565683169,887.0769055541631,891.8365517969653,897.2319208005514,903.2797905703441,909.9415972641151,917.2188583435793,925.0557251756255,933.0261149845732,941.465879770957,950.047182901596,959.166320973754,968.3025699596001,978.0351215932868,987.7947678360891,998.0707615944834,1008.4661305980694,1019.3415715383347,1030.3894413081275
876.9322636760992,879.880554039347,883.2992342115422,887.3288277054289,891.913367054523,897.121303660573,902.9649630274068,909.4611231604473,916.5712202174661,924.2967716601781,932.2450620234259,940.5302192187199,948.9488993909154,957.836954540547,966.8665480344338,976.4339764698395,986.0185158189335,996.199357815868,1006.4072944219181,1017.1315785435602,1027.9752379103938
878.374435678822,881.3023251593121,884.6785050030498,888.525074655735,892.9825576301117,897.9949864596958,903.6308125462358,909.9023613935597,916.8264110070901,924.364397544599,932.292287025089,940.4457279482909,948.8219077920288,957.5349544678128,966.3815241204982,975.6974687506198,985.1549517249966,995.1502696408924,1005.1626984704762,1015.7714299479007,1026.407256034441
879.2645202553759,882.2107443216456,885.5848578684054,889.4072617784128,893.7000554973677,898.603762538014,904.0624154338678,910.1444655866775,916.862238500271,924.2325121800711,932.1787362463408,940.1629468501194,948.537060396879,957.1367253863507,965.9591292963582,975.1184000384119,984.411193757367,994.1733624537583,1004.0770694944048,1014.5186114765702,1024.9772643724236
881.2181099483329,883.9890487627478,887.2062116434323,890.851264004607,894.9446067290293,899.508339262399,904.6829851174602,910.4125768277289,916.7655657949534,923.7542775229618,931.3954900171768,939.1664288315917,947.3835917122763,955.6387411304697,964.2837934916442,973.1543972955308,982.2477400199532,991.6779495764217,1001.2416821097918,1011.274789620598,1021.4494354756594
882.3549701575095,885.126715205579,888.1693990680635,891.6583069968177,895.575104406062,899.9401921785538,904.7756697599932,910.2220606631241,916.2233974214624,922.8481314367565,930.1085882128345,937.8803332609042,945.7932908031888,953.8359746656732,962.3248825944274,970.8517770606906,979.7685744699347,988.9109233218908,998.2760110943829,1007.977965698921,1017.8134432803606
884.5636520206381,887.3203031053415,890.3486992381145,893.6480341853023,897.39359319876,901.5670416927077,906.188780549903,911.2809092160458,916.98395120388,923.2419390469217,930.1233241469192,937.6404320077007,945.397083092404,953.4254792251771,961.5950878521652,969.894422799353,978.6399818128107,987.4235273637771,996.5969758577247,1005.9959757943842,1015.6177146515797
885.3669301759336,888.1035599159451,891.0968407406601,894.3618666134446,897.897831300644,901.8800200541133,906.2900982880725,911.1484668852794,916.4772252914337,922.4168970192795,928.9115146023328,936.0295294423419,943.7661591823535,951.5198967831465,959.5131776078614,967.778203480646,976.1844418476456,984.720406534845,993.7025952883142,1002.7227705792923,1012.1328488132514
887.0114491977521,889.7909753107596,892.8071311637784,896.0799381015009,899.6244900872929,903.4399808874998,907.7016957539765,912.3913001009431,917.5291948111575,923.1374793303193,929.3566771711726,936.1308208672332,943.5283618202498,951.3078879332572,959.3240437862763,967.3573075000768,975.6301144377991,984.1746664235911,992.8604309035983,1001.6759217038051,1010.9376365702817
889.3999074863085,892.2406746696548,895.3609679660085,898.7178910023737,902.3314651234425,906.2167842925807,910.3730422761339,914.9755243259568,920.0058958562697,925.4845577498304,931.4336094523384,937.993574476538,945.1084853559448,952.8467934923077,960.687560675654,968.8078539720077,977.1647770083731,985.5388079055198,994.1523820265884,1003.0377011957268,1012.0642328590801
890.3585898690482,893.1895120106757,896.3612013356494,899.8124167736306,903.5002619516233,907.4447582143197,911.6609995250852,916.148179650266,921.0815838417165,926.4428775136569,932.2524615488451,938.5324353929805,945.4233225588076,952.869155579842,960.7000777214695,968.7693079994599,976.9409973244336,985.3922127624148,994.0800579404078,1002.785010979182,1011.7295072418781
891.1223345441454,893.9646223643122,897.1378323261065,900.651809471247,904.445312729395,908.4754457275545,912.7622298104176,917.3207589413499,922.1502268866975,927.4259188983148,933.129500390422,939.2813722457769,945.9036339100791,953.136808896073,960.9249297372742,968.767217557441,976.9404275192353,985.3519456173924,993.8659227625329,1002.6594260206809,1011.6895590188407
892.0399749927349,895.0076766555114,898.3176661384548,901.9585777630257,905.9402565709428,910.2014614918673,914.6992961528034,919.453781898443,924.4800126921521,929.7771823002762,935.52057597467,941.6918591295538,948.3114326476853,955.401395974764,963.1022726235345,971.0699742863111,979.3257967902888,987.6357862732322,996.276697897803,1005.1559176587367,1014.1375964666538
893.0634867757129,896.0205597018341,899.4453342907318,903.2123966997963,907.3103812504884,911.7491329845266,916.4674108315724,921.4223184186295,926.6338770903903,932.1171808102205,937.8714233444658,944.0718899449807,950.7002460259856,957.7768924702383,965.3239287234381,973.2810016495594,981.438951224451,989.8637258133488,998.5766212434476,1007.343683652512,1016.4416682032041
895.745990550786,898.6032187617612,901.9175198988577,905.6995226987306,909.8238133187702,914.2790260804376,919.075006025451,924.150512083472,929.4626478815044,935.0314347642404,940.8719666950457,946.9834374402662,953.5411322517564,960.5267165437365,967.9605911989644,975.8178194099396,983.7220838741147,992.0363850112111,1000.551562797078,1009.333565596951,1018.4036892380249
898.3491355795558,901.2177464352128,904.4435855018452,908.1264974945988,912.2771111501288,916.7700126258256,921.5938362431501,926.7584270438207,932.2025439574987,937.8832906111883,943.8206883495815,950.0298311360439,956.5099127369216,963.4362184040689,970.7904135517061,978.5928990625911,986.4615099182482,994.6873489848806,1002.9602243047128,1011.6431362974664,1020.5269249389904
900.3887855458129,903.2509434443568,906.481712198558,910.0697091637343,914.1147790550319,918.627550609106,923.4826099833468,928.6685914992154,934.1953401984299,940.001615010652,946.0445195628855,952.3440751998228,958.9153758848292,965.7576153842509,973.0460789499423,980.7624319961235,988.6245898946676,996.7892333040965,1005.0200020582977,1013.6079990234741,1022.2430322418503
901.793473859504,904.6476484609713,907.8639809609824,911.4489243166507,915.3910958832943,919.7903403760591,924.6572865316004,929.8665205073085,935.4066766246442,941.2875999253258,947.4480493390151,953.8451284927158,960.4988587311203,967.424334017594,974.6207481184829,982.2633862856414,990.1175608871087,998.1880885347571,1006.4044210347683,1014.9232390456643,1023.5081824013328
903.253343785536,906.0339875579307,909.1688059317926,912.6657822041984,916.5313693322614,920.7541846712998,925.4340729364593,930.5816628643953,936.071540612498,941.8923405022284,948.0539075753047,954.4950007613887,961.1727236874842,968.1070976982834,975.3132167571517,982.7902746304353,990.57091840283,998.4942003423832,1006.6290187162451,1014.9801901362883,1023.4771664086943
904.6599544883285,907.422633782245,910.4659568485563,913.8634545163347,917.6231100826571,921.7513765046367,926.2368711375917,931.1794386966678,936.5897079185204,942.3422649605396,948.4257441441866,954.8499905111795,961.5537629911801,968.4941652111921,975.691218515908,983.1600168686929,990.899754035893,998.6624333298096,1006.7057563961208,1014.8917176295906,1023.2892152973691
907.6152148586765,910.496559640845,913.64058371693,917.0652515654097,920.8440940153565,924.9850943638473,929.4947055679953,934.3615449831187,939.6854573243634,945.4770713283843,951.610973152572,958.0757971183874,964.8813882675487,971.9665055297177,979.2882525318983,986.8666506187825,994.7167937537358,1002.5981385359042,1010.7192204852728,1018.8632445613578,1027.2879124098376
910.0966855837207,912.9245249877541,916.1337091739562,919.6055726540745,923.3580799065876,927.464761760568,931.9336015130922,936.7710521212737,941.9657309404305,947.6174826857086,953.736936093763,960.1986773219842,966.991340691833,974.1247712450278,981.5377279112301,989.1873143174442,997.0151537214776,1004.9213912123954,1013.0993737513821,1021.308557937584,1029.7574792909859
912.470300501587,915.1900259508291,918.2375908041045,921.6665004395486,925.3580893689091,929.3303220706641,933.6567293738866,938.3452945756529,943.4024706330764,948.8168749014753,954.6883520959956,961.027530953292,967.7089976307552,974.7213864498461,982.0745424522829,989.7072245677274,997.4269500169695,1005.2962618724256,1013.3438267257011,1021.469789665861,1029.8674976540897
915.473151780199,918.2155165250153,921.1776067190738,924.4675363171655,928.1388106974259,932.0727643716027,936.2873618181741,940.8561338662129,945.7870638127955,951.0866046150353,956.7433736282505,962.8572155675871,969.4387591696998,976.3625905919794,983.6173441558866,991.2128649031397,998.955229647956,1006.8302765082168,1014.7923667022752,1022.9040433025476,1031.1939729006394
918.5365926902115,921.2533307246106,924.212433503826,927.3912617322835,930.8979293647744,934.785941779434,938.9366334880099,943.3679689689804,948.1534790514183,953.3011470324001,958.817425869039,964.6909329166534,971.0215128903891,977.8197945269009,984.9603639835796,992.431855581886,1000.1485936162851,1007.9608523979373,1015.9199551771527,1024.0117400718127,1032.1905683002701
920.2744380903039,923.0265049051782,925.9953097544516,929.2064793485412,932.637374391873,936.3961088392382,940.5361880687719,944.9389465922221,949.622348888067,954.6599257853791,960.0596605812351,965.8280062327483,971.9535800952369,978.5362268838469,985.586575335233,992.9792116067858,1000.7027700199666,1008.4548368348409,1016.4236416841142,1024.4879672806405,1032.6991368747304
920.8612295653688,923.6399625146578,926.6707622788209,929.9183000773833,933.4082026207617,937.1178306133825,941.1552980100365,945.5741101888592,950.2556016615982,955.2177369067321,960.534046753333,966.212514498478,972.25959309928,978.6638999110576,985.5252796489564,992.8543610496314,1000.5257302704731,1008.304463219762,1016.3067545822316,1024.3375543463949,1032.585092144957
921.5664148081872,924.3727285490424,927.4577752391866,930.794888744205,934.3487402836225,938.1449565678562,942.1608983013322,946.5046794388414,951.2298053585193,956.2176105721136,961.4860595581026,967.1086831455589,973.0934646315591,979.4468569732163,986.1574775258491,993.3251710046031,1000.9605661461334,1008.7668798869886,1016.7445628486855,1024.8296095388296,1033.1382146421545
923.3736075785334,926.3084245838905,929.5495553301027,933.069419025604,936.8413495359794,940.830018080754,945.0610513703447,949.5118101091778,954.290408252044,959.450351177079,964.8729733960303,970.5762393873764,976.6336799801896,983.053278471547,989.8414878185612,996.9869253765511,1004.5894358606621,1012.5242528660192,1020.5944650129064,1028.8355957591189,1037.2480957261728
924.6919051159867,927.5126682512301,930.7682483918306,934.3301422732862,938.1707691040309,942.2634627496498,946.5728944296678,951.1246908545019,955.8962127285783,960.995574006688,966.4762800669664,972.2196654211612,978.2436945477507,984.6218982758073,991.362259902408,998.4712323846657,1005.937433077899,1013.7581962131425,1021.6814698324969,1029.9370499730974,1038.328025255228
925.4588090107297,928.3157099159101,931.4933739563338,935.1058550021147,939.0246497887507,943.2221775246757,947.6717720754749,952.3381046606734,957.2468019906877,962.3752247699446,967.8314869532346,973.6690939186933,979.7693801780684,986.1503102098384,992.8854148430753,999.9826773748564,1007.4485507622944,1015.271652360708,1023.1285532658884,1031.3062173063122,1039.586391830847
926.9323982435897,929.863988327866,933.1524793173228,936.7617334420229,940.8058045720802,945.1561894429926,949.785307263194,954.6664918982697,959.7644145677446,965.1047019820353,970.6647148455686,976.5525671131351,982.8217641628702,989.3536405065217,996.1661606225681,1003.3328553400814,1010.861707956139,1018.7591714278534,1026.69076151213,1034.94545319482,1043.2339441842767
928.3408081523031,931.354839508729,934.8004609494313,938.6029832953142,942.7262687764402,947.2843712629235,952.148787490262,957.2919366668892,962.6871526583909,968.2991066842918,974.1534254550085,980.2274696749678,986.6293532989603,993.4125817051213,1000.4584894051989,1007.7850408776712,1015.4657669516105,1023.4797983080365,1031.52268228052,1039.9341771086604,1048.379798549363
930.5975050078882,933.4698537340585,936.8562338166546,940.6742039835271,944.8490750555802,949.3447092628764,954.27516047553,959.5119254290387,965.0274233318362,970.7949880495081,976.7792908015792,983.0059582984661,989.4523512445957,996.2265835947584,1003.3821607270896,1010.8004171533374,1018.49931735198,1026.3716660781502,1034.4247408782596,1042.811120960856,1051.2263536595096
932.6423435977483,935.5743413122817,938.8786877529855,942.697065550115,946.9470334315209,951.5539022181074,956.481534139937,961.843983067124,967.512745735166,973.460241352497,979.6598037847024,986.0761042513069,992.7347694627272,999.6131601233901,1006.8193901880862,1014.4069650349509,1022.2572191757321,1030.1892168902655,1038.3201148034416,1046.624461244145,1055.109533758788
934.1317053044289,937.0227104371926,940.3457132844898,944.0410648579572,948.2504477878504,952.8914208020201,957.8892947213702,963.2079317759636,968.9613858359143,975.0211536367201,981.3596543868147,987.9502219517838,994.7575275511521,1001.807197895336,1009.0765936887627,1016.6738288862225,1024.5648340189864,1032.5434139986146,1040.7846732721596,1049.1076761194565,1057.6295791653965
934.9179407118006,937.8001637198463,941.0733918606556,944.7786177159985,948.8561922975116,953.4477982354505,958.4709942576658,963.8510911850616,969.5519512477007,975.687628315697,982.1296191245485,988.8503428826888,995.8231334557034,1003.0126620631174,1010.444555415347,1018.0961742168195,1025.9783972248651,1033.9578554303707,1042.23108357118,1050.591886558854,1059.2153688404446
937.7460409951525,940.5601135785122,943.7564091699176,947.3437098940866,951.363008332789,955.7546554976618,960.6603340189604,965.9976026245354,971.6917721352909,977.7067047812897,984.1564544326455,990.9125178248568,997.9473141663567,1005.2341773227311,1012.7377785135047,1020.483744449094,1028.2978170324536,1036.2635084172857,1044.4598040086912,1052.7533347975564,1061.3406355217253
939.4130684603692,942.1459522562003,945.1929086353911,948.6220880226276,952.4422725426277,956.6944547771612,961.3189857378651,966.4575480549947,972.0277004564008,977.9547537629874,984.2025702048172,990.8852036520042,997.8741508400465,1005.1418309773776,1012.661577929583,1020.3944617254141,1028.1309467120188,1036.109796443439,1044.1567528226299,1052.3553280032932,1060.7845073905296
940.7916200494531,943.6176372977159,946.6765383418098,950.0495119692633,953.8047086047627,957.9509103730256,962.5291098558218,967.4796580647885,972.944237630181,978.8404072798498,985.0934778346992,991.6673115247919,998.6759622202417,1005.9909266565467,1013.5846240421406,1021.4106412904034,1029.2564054908717,1037.3153065349654,1045.377808769833,1053.6826757495162,1062.0556493769698
944.3471745686256,947.1198742164315,950.2185911125002,953.5501918043999,957.1958650796594,961.2237613629646,965.6426627790333,970.4935619096354,975.716809766408,981.4540889796064,987.622958277081,994.1487284797363,1000.9952618176349,1008.2766121608905,1015.8642762450013,1023.6369758928072,1031.503372926207,1039.6020898222757,1047.7205536705499,1056.0521543624495,1064.3873562451229
946.5306366891837,949.2360463768875,952.2141557123972,955.5182822961698,959.0552926757732,962.9063756387366,967.1396816097456,971.7639927135182,976.8203015318242,982.2489590763005,988.1916479772027,994.5659269623811,1001.2971068527403,1008.3490498783426,1015.8358099093022,1023.5412195970059,1031.3342933688205,1039.3124027043302,1047.384209425434,1055.6883360092065,1064.0122095451845
948.1108917074562,950.8612116674335,953.8169413151147,957.0453706106017,960.5998171543516,964.3871474939324,968.4885504168731,972.9721763478594,977.8468074116093,983.1534361898925,988.8324136943462,995.0254225552258,1001.6500215003815,1008.631521350718,1015.9337843362977,1023.6708643272345,1031.4211842872119,1039.3769139348929,1047.4203076666847,1055.6487369621718,1063.9708636432529
948.7810337395784,951.6829619537253,954.8352101278497,958.1928679896778,961.8232254993117,965.7796002572086,969.9688588109362,974.4721899480238,979.3577440931571,984.634303371054,990.3428603634841,996.4237660820846,1003.0187031571112,1010.0452303164138,1017.4286583808972,1025.1328495806238,1033.034777794771,1041.1737859998545,1049.3260341739788,1057.6836920358066,1066.1290139817456
949.4744425805287,952.3861439391719,955.6997735119619,959.2637230447293,963.0330822652006,967.0751411334776,971.4432172500176,976.0441771623885,980.9592096581191,986.2564651618956,991.9447257984356,998.0649841495087,1004.5575912267525,1011.5642296604221,1019.0024581783679,1026.7975876014943,1034.7092889601377,1042.8251815185072,1051.1388110912974,1059.6895206550244,1068.2534701877917
950.2662747189262,953.1955473326998,956.5365213051165,960.2794234916801,964.272645638221,968.4712774724658,972.9426089545163,977.7399576848298,982.7701902109743,988.1144953204785,993.8410234380284,999.958556688342,1006.5080876531887,1013.4299673442059,1020.8658783916492,1028.7333795233685,1036.662652137142,1044.887054174042,1053.2280281464589,1061.773193318602,1070.5160955051656
951.4738554359327,954.5120558493624,957.9795288765656,961.858703262412,966.1398058624051,970.6712284223756,975.4080606700501,980.4175925655302,985.7531417092733,991.3215746488474,997.2040801717811,1003.4688087027607,1010.124542366504,1017.2122737447802,1024.672353849227,1032.6464653101,1040.6846657235296,1049.0903672686786,1057.5578402958815,1066.3204427462113,1075.1996171320577
952.6718329144101,955.660427936727,959.1872233724737,963.143291421994,967.5110608301574,972.2807584524675,977.3007760347551,982.5262033047466,988.0243302225437,993.8484743886038,999.905502350495,1006.2766028957457,1013.0299264490423,1020.1742551351026,1027.7505815356958,1035.6992566624597,1043.6878516847767,1052.1505581679667,1060.6773536037133,1069.5716501711793,1078.5277182206992
954.077496851996,957.0736486880159,960.5583955463527,964.5813428181192,969.0335627036594,973.8974839478426,979.1633334061726,984.6795028244801,990.4010819304914,996.3953606843083,1002.7156566863883,1009.2688364842994,1016.13608886557,1023.3855642548864,1031.0260447769667,1039.0221966129866,1047.0946748495996,1055.5395018123834,1064.0242486707202,1072.98310698993,1082.0060542616966
955.6305295628013,958.6928298562343,962.2512819856872,966.2983291374571,970.8835767026568,975.8980968816301,981.3243184192463,987.1524681710093,993.23093788275,999.5148172821944,1006.0713963294444,1012.9539926249574,1020.0694727163017,1027.4990253910053,1035.3108010737549,1043.373101367188,1051.5758821827012,1060.1343343121541,1068.7691128422002,1077.7762400984172,1086.8232872501871
958.3199662884723,961.3259772597513,964.8942885244634,968.9587516251954,973.5118097482443,978.603068284723,984.1235994349754,990.0558319438707,996.3899926669128,1002.9744733499325,1009.7643637206559,1016.826953739185,1024.2155610059772,1031.8370520686003,1039.772615714583,1047.778626685862,1056.0964133398907,1064.6647246046027,1073.3735163913952,1082.4379794921272,1091.5787689934523
959.8343880580793,962.8253336328345,966.3222901788688,970.381547018336,974.9369556938234,979.9809593916275,985.5631635028615,991.574640227869,997.9978183115196,1004.822924609317,1011.898350867092,1019.1791868125706,1026.732722405855,1034.6122752474023,1042.6032208221577,1050.715657459536,1059.142166680274,1067.6391232263081,1076.4478554550922,1085.5071122945594,1094.7068496561071
964.0419449071687,967.0102985974762,970.4695978625389,974.4349080988808,978.9625186286555,983.9862809944505,989.498638382562,995.5491961841035,1002.0290265994187,1008.9205583733767,1016.2140183614817,1023.7577983095641,1031.5069879453504,1039.4753416356577,1047.4972309192497,1055.8451374511046,1064.3044367161674,1072.8852270438533,1081.7800899548988,1090.7454001912406,1100.022486110332
968.6277207326029,971.3252815655031,974.4911960887108,978.1480561866738,982.3109272559159,987.0360986185908,992.2574218172861,997.9673400382978,1004.2154586727395,1010.892849920955,1017.9819425278132,1025.4729633488184,1033.1705241817187,1040.9118649627014,1048.8586154313878,1057.0245299545954,1065.2439800710877,1073.7894474358427,1082.4463075338058,1091.224658694392,1100.3170824383376
975.259858595638,977.999588554034,980.93687934533,984.3425238269336,988.2391138832925,992.6417149109305,997.6066162320014,1003.0676693890925,1009.0173175685003,1015.5051661613378,1022.4222873679493,1029.7511099332035,1037.4818607126047,1045.2215906710005,1053.1588814622967,1061.1399522016752,1069.3264326287576,1077.7320771103612,1086.1912571852492,1094.9764545084004,1103.8730445647593
980.3310685719462,983.0211064733306,985.9508743331112,989.0782030257917,992.6738854087799,996.7605133665234,1001.3531522955459,1006.5080915180014,1012.159182576477,1018.2988686572693,1024.9767551514915,1032.0839142594873,1039.602774726126,1047.2928126275106,1055.2136013082963,1063.1433691680768,1071.2706978607575,1079.4418065015204,1087.8183248299874,1096.4140072129755,1105.0632251892482
983.5439131756617,986.234804170567,989.1157330668567,992.2363919215426,995.5546116091283,999.3411849870218,1003.6187039396705,1008.4022338635983,1013.748064080959,1019.5900461343399,1025.9206232100373,1032.7894006991648,1040.087450802066,1047.7783417969713,1055.4880932585152,1063.369022154805,1071.4807018304962,1079.6013606851818,1087.9195803727678,1096.2815800084359,1104.8489893318083
990.8529379316352,993.4623189481017,996.2625909594736,999.2529008722298,1002.4829407433822,1005.9105414474345,1009.8064958417946,1014.1933958109098,1019.0863067513042,1024.5415179851316,1030.4928810549789,1036.9328391471429,1043.9109976527368,1051.3184287721047,1058.9278097885713,1066.728081799943,1074.5472142779533,1082.5375241907097,1090.7585848828676,1098.9886247540196,1107.4162254580722
996.7778706571703,999.2444328966399,1001.8203761525758,1004.5872104034173,1007.5440825556431,1010.740684666265,1014.1348476097869,1017.9973642436165,1022.3508264522012,1027.2102996320652,1032.6320731053622,1038.5499984146788,1044.9565187463124,1051.901239491376,1059.2752328502133,1066.741795089683,1074.317738345619,1082.0845725964605,1089.8702673139403,1097.8271394661663,1106.0147623977937
1004.1885893493643,1006.577135803201,1008.9991200175681,1011.4970474878712,1014.1858659530799,1017.0647223196728,1020.1833086446619,1023.4994558025509,1027.2839566507478,1031.5594030736995,1036.3408604679307,1041.6846181555948,1047.5245276792787,1053.8530322252793,1060.7197371847099,1068.0157147579146,1075.4042612117512,1082.8262454261185,1090.3241728964217,1098.0129913616302,1105.7206702934773
1009.5022929591547,1011.9599080017196,1014.4509608048147,1017.0179568638458,1019.5870254525739,1022.3449125065107,1025.2928374618316,1028.4804923755487,1031.8657081221659,1035.7192775590909,1040.0637925707706,1044.9143185537298,1050.327144830122,1056.236122942534,1062.6336960772626,1069.5694696254213,1076.934515787354,1084.3921308299186,1091.8831836330141,1099.4501796920454,1107.0192482807734
1013.5836574983445,1016.1186565833709,1018.6870934289277,1021.2644774713893,1023.908857572882,1026.5553102040717,1029.39058130047,1032.4158902982526,1035.6809292544312,1039.1435290435102,1043.0744825228967,1047.496381577038,1052.4242916024589,1057.9145019213126,1063.900864076186,1070.3758212533764,1077.3889788439967,1084.831409048391,1092.3664081334173,1099.9348449789743,1107.512229021436
1016.6153917882007,1019.2029928992552,1021.8255930953361,1024.4816310519473,1027.1466162054635,1029.8785974180105,1032.6126511602547,1035.5355233677076,1038.6484334765446,1042.0010735437777,1045.551274443911,1049.5698290343523,1054.079329199548,1059.0948403360235,1064.6726517659317,1070.7466150318596,1077.3091733201045,1084.4099320217792,1091.939963337228,1099.5275644482824,1107.1501646443633
1019.1808732344699,1021.8317603412291,1024.5702485590427,1027.3437358618828,1030.150660925253,1032.9665331855285,1035.8494015048345,1038.734342353838,1041.80810166805,1045.071898883646,1048.5754260576384,1052.2765140645308,1056.4459557617313,1061.1063430336862,1066.2727412769207,1072.0014398135881,1078.2262901862753,1084.9397355812791,1092.1913813897131,1099.8422684964721,1107.52318691868
1021.1541227098927,1023.7542360297621,1026.5052364563908,1029.3438379940735,1032.217438616783,1035.1244770000226,1038.0404625801675,1041.0234442193428,1044.0084983882157,1047.182371022297,1050.5462815577625,1054.1499220516241,1057.951123378386,1062.2206783954557,1066.98117898728,1072.2476905503838,1078.0765024069206,1084.4014660994771,1091.2150248143503,1098.5667839426537,1106.166897262523
1022.9166524677729,1025.639360477584,1028.4621818072644,1031.4358902437043,1034.497199791198,1037.5935084237187,1040.7232548167692,1043.8619484067253,1047.0676380557115,1050.2754002343956,1053.671980878288,1057.2585994235646,1061.0849479272372,1065.1088572638103,1069.601120290691,1074.5843288923263,1080.0735484652412,1086.125068331589,1092.6727400339566,1099.709006758641,1107.2834738967554
1026.097275667593,1028.9518118231135,1032.029055988445,1035.2064134736459,1038.5346580656062,1041.9505037686204,1045.4013485566613,1048.8856311052323,1052.3788608507089,1055.9390866552155,1059.50138498942,1063.252501788833,1067.1936564896298,1071.3745411488228,1075.7529866409163,1080.5997858233175,1085.9375305804733,1091.7812863089086,1098.1873423307768,1105.0895501886648,1112.4803530688696
1030.348855160617,1032.8924448478065,1035.7905706905167,1038.9114045430379,1042.1323517154285,1045.5041859945786,1048.9636213847825,1052.458055860013,1055.9859280957737,1059.52274752844,1063.1265630201365,1066.7324510415308,1070.5271575281333,1074.5119019161198,1078.7363762625025,1083.1584114417858,1088.0488003113767,1093.4301347557223,1099.3174801713474,1105.767125880405,1112.7129234254828
1034.1088866150164,1036.6301344876572,1039.1949720474872,1042.1143457628382,1045.256427488,1048.4986225330313,1051.8917046848221,1055.3723879476668,1058.8880702955378,1062.4371904039392,1065.9952577092463,1069.6203210735832,1073.2474569676183,1077.0634113268616,1081.0694035874885,1085.315125806512,1089.758408858436,1094.6700456006674,1100.0726279176538,1105.9812212059196,1112.4521147876178
1036.5747711024605,1039.182528862252,1041.811534494684,1044.4841298143056,1047.5112612894482,1050.7611007744015,1054.111053579224,1057.6118934908063,1061.2003345134424,1064.8237746211048,1068.4806524892977,1072.1464775543964,1075.8792986785247,1079.6141923323512,1083.5379044513859,1087.6516544718042,1092.0051344506192,1096.5561752623346,1101.5755697643576,1107.0859098411354,1113.1022608891926
1038.185861256648,1040.7639136011692,1043.449723705482,1046.1567816824354,1048.9074293465783,1052.012613166242,1055.3405049957169,1058.7685101450609,1062.3474024011643,1066.0138957683218,1069.7153882205055,1073.4503184332198,1077.1941958428397,1081.0050693114895,1084.8180153098372,1088.8197797733933,1093.011582138333,1097.4431144616692,1102.072207617906,1107.1696544644503,1112.7580468857495
1039.466172765756,1042.190695932536,1044.993271443837,1047.90360471493,1050.8351858586634,1053.8103566895863,1057.1400636760302,1060.6924786722848,1064.3450069884088,1068.1484224112924,1072.03943894523,1075.9654545641936,1079.9249079436877,1083.8933085200877,1087.9287051555175,1091.9661743206452,1096.1924619509814,1100.608787482701,1105.2648429728172,1110.118459295834,1115.4404293091584
1040.6939854880407,1043.4783930444105,1046.4873237675604,1049.5743068352313,1052.769047662694,1055.9850363627972,1059.24461475009,1062.8587292929037,1066.6955518455281,1070.632487718022,1074.7203106972754,1078.8957347875828,1083.1061579629163,1087.3500188987803,1091.60282703155,1095.9226312233498,1100.2445079448473,1104.7552031315533,1109.4559362196428,1114.3963992661288,1119.5344231455156
1042.5799528474593,1045.5568087840109,1048.818072276932,1052.3038589366336,1055.8676979408558,1059.5392947048701,1063.2321393415248,1066.968573665369,1071.0595441447342,1075.37322263391,1079.7870144429555,1084.3516933587603,1089.0039733856192,1093.6912524975041,1098.4119693699197,1103.1416334392409,1107.9382935675922,1112.737026225641,1117.7245773488987,1122.9021663735396,1128.3194853565772
1044.282802749106,1047.2785884479117,1050.751230083269,1054.508279274996,1058.4898516335033,1062.5494763365314,1066.7168587993515,1070.905489134812,1075.1377091574616,1079.7244653356327,1084.5339295236142,1089.4435070314655,1094.503971646076,1099.6520373717408,1104.8351021824315,1110.0516047536528,1115.2770545217797,1120.5695003489368,1125.8640187057915,1131.347355527855,1137.0207302513015
1046.502929489894,1049.5592728801785,1053.1114019692686,1057.1403869949104,1061.4537795769218,1065.9916953257132,1070.6076634190256,1075.33138927213,1080.0763629978749,1084.864926410809,1090.0080259792644,1095.3738335575304,1100.839754455666,1106.456562460561,1112.1609715765098,1117.9003797774849,1123.6732257389906,1129.455018897402,1135.3038081148434,1141.1546698619825,1147.1943500743303
1049.594060550908,1052.7383222144488,1056.4389272682743,1060.6353180209053,1065.3085647100881,1070.2662189556404,1075.448396367973,1080.7086261248264,1086.0766136414718,1091.4658490307577,1096.8986741072326,1102.6860353392292,1108.696104581036,1114.8062871427128,1121.0673568111486,1127.4160275906386,1133.7996974551545,1140.2168050802013,1146.6428599021535,1153.135910783136,1159.631034193816
1052.4851895482327,1055.6463153902753,1059.451702895859,1063.813433791727,1068.6709503864006,1074.005322917626,1079.6241030052208,1085.467406259596,1091.388761858492,1097.41787521718,1103.4682364485084,1109.562187367026,1116.010674441065,1122.6818695249144,1129.4531779286337,1136.375373439112,1143.3851700606447,1150.4299657672032,1157.5081992342925,1164.5953798982873,1171.7495566213124
1054.8371121657312,1057.975258401095,1061.7745304785017,1066.2180642194492,1071.217941350681,1076.7136041807187,1082.686122947308,1088.9430492702666,1095.4244987600055,1101.9840005942656,1108.6512601883173,1115.3397676550096,1122.0718648088912,1129.1584981182941,1136.4678394375073,1143.8772940765907,1151.4376358224329,1159.0855786793293,1166.7685206212516,1174.484900323705,1182.2102272230636
1056.332367229364,1059.4141765969857,1063.134132199971,1067.5152136449992,1072.5405567535681,1078.1222432524216,1084.1997154500807,1090.7540435842916,1097.5927792748716,1104.6560381322322,1111.7973493341137,1119.0464182957871,1126.3167351301008,1133.630641651604,1141.2990843286284,1149.1902350154633,1157.181499022168,1165.2633083897897,1173.4054595032533,1181.6352117277713,1189.899963037315
1057.5098478044047,1060.5508317495264,1064.17362506227,1068.4345646103773,1073.3566300005273,1078.9229570542182,1085.0456274981934,1091.6640836409745,1098.759395720307,1106.1391153560091,1113.7433581584914,1121.425653305495,1129.2157062122903,1137.0270069917258,1144.881897458351,1152.9228814034727,1161.132308025619,1169.5644426575757,1178.0966906094025,1186.719483922146,1195.4026189807314
1058.7756562215895,1061.8979784945936,1065.5612847127193,1069.8064002984668,1074.6896621195779,1080.2340497827317,1086.4226991094265,1093.1676918264056,1100.4084702421908,1108.1261045945273,1116.1281465032332,1124.250468776237,1132.4770338517233,1140.7816512717307,1149.19402645153,1157.6276495039695,1166.1048622435985,1174.7681684617241,1183.5999173568744,1192.6543742618348,1201.8089444866655
1061.0034557628837,1064.173442986207,1067.9657524825343,1072.2990459239832,1077.214148733054,1082.7673977774882,1088.9817726639653,1095.8404092139833,1103.2553891542857,1111.166154793394,1119.3361420167173,1127.723763592377,1136.3957927244062,1145.1881022207333,1154.0846545195427,1163.0592591628733,1172.1416215659958,1181.2452318417586,1190.392431804711,1199.7257252461598,1209.2274613646332
1063.844209420507,1066.953474741592,1070.732727286,1075.1343021034124,1080.0768608659462,1085.6012289961018,1091.763743361621,1098.5873835691832,1106.055285440286,1114.0795307016733,1122.1887960227582,1130.7088269829517,1139.4880795273598,1148.4849664241044,1157.7662608772184,1167.1678356946306,1176.673653314525,1186.2575232789404,1195.949151003148,1205.6620265999957,1215.4184918840328
1066.6420191985287,1069.756048818509,1073.479343759574,1077.8726259239625,1082.888230361355,1088.444818743869,1094.5832164940048,1101.3597604795043,1108.7974303070466,1116.8793617981298,1124.99339141811,1133.6316662994775,1142.3549612405425,1151.4890218207163,1160.8823039851045,1170.4932205018295,1180.3885445749236,1190.404149012316,1200.5239962521905,1210.7218958365863,1221.027553180774
1069.8513552988845,1073.0069316177144,1076.7765375565245,1081.1554088164194,1086.2042672996376,1091.87544805586,1098.087612757204,1104.8815868261695,1112.3137071304989,1120.406953276871,1128.5625295957009,1137.300037405614,1146.0696433444239,1155.3634945446213,1164.742365804516,1174.5320027035198,1184.5808611867378,1194.8473540222926,1205.3982544142166,1216.069435170439,1226.8448587291432
1072.4688543018835,1075.633620793108,1079.4539636031623,1083.888336033197,1088.9319737843161,1094.645598758759,1100.9815460062057,1107.8584771987742,1115.317217758964,1123.414104554518,1131.5788710457423,1140.336883683339,1149.1572264933932,1158.5595007945308,1167.993873224565,1177.9524909159868,1187.9961286671062,1198.4505320573342,1209.1641570317768,1220.095416358556,1231.3110832417044
1075.8738955715849,1079.0359301224776,1082.862731164595,1087.345108525542,1092.4415155064694,1098.1471878084815,1104.522847333817,1111.5208291321565,1119.0597948756179,1127.1805699867004,1135.3426045375932,1144.10152588404,1152.928326926157,1162.3483741146465,1171.8307514755936,1181.895060327624,1191.991467308551,1202.6121195508656,1213.3177918528777,1224.4342297939984,1235.809889319334
1079.3972876723703,1082.5735814856112,1086.4119098497447,1090.915004705103,1096.0736758792905,1101.8463766734587,1108.2283427887116,1115.280296127288,1122.9545717388683,1131.130865552109,1139.3461251088113,1148.1431940331345,1156.981522397268,1166.4167375569557,1175.9198324123136,1186.0161734140438,1196.1748445882317,1206.9154472535029,1217.6881480476704,1228.985094103226,1240.3670602184789
1081.2891139258259,1084.4233888644646,1088.2339576163442,1092.7065609191166,1097.8439307131137,1103.63687682594,1110.043852558747,1117.0600936126386,1124.7463218898538,1132.8805968284926,1141.1891473787118,1149.9997161305914,1158.8492506259324,1168.2805944888944,1177.7531977916667,1187.8226878899932,1197.9600576839898,1208.6906736243589,1219.4836197371856,1230.8584973410955,1242.2654730739018
1082.7709423624576,1085.8870020403576,1089.6373366568962,1094.0639650866758,1099.1526280673481,1104.9060575392452,1111.3150633299715,1118.3380987406786,1125.9703994724703,1134.0864591503703,1142.3887471054854,1151.1390817220242,1160.0636919501435,1169.490320379923,1178.9559145531641,1189.003318094026,1199.0919810746984,1209.777530850925,1220.5309603228216,1231.8776359410906,1243.2866417318173
1084.2342632637556,1087.278870402278,1090.9395372187005,1095.2344789737613,1100.2057145420633,1105.838984661258,1112.1370212716777,1119.0906342009264,1126.658276750156,1134.7028838886783,1142.8797917589925,1151.540458575415,1160.3873536690526,1169.6822954241138,1179.1515127907555,1189.1227483590576,1199.132949670821,1209.7249603502055,1220.3582304694003,1231.5883873841492,1242.886423994568
1086.8606239837097,1089.711986769536,1093.1079566938847,1097.1199862961334,1101.7662908370205,1107.0888891911488,1113.0735220961699,1119.7229214924157,1127.0278972074907,1134.879259993317,1142.7982653283727,1151.1942352527215,1159.7225059088619,1168.7345355111106,1177.9327933905745,1187.5790979314622,1197.3996780839302,1207.7222764380585,1218.0838405356483,1229.027214000859,1240.01184690588
1088.990646249037,1091.8631686713304,1095.0870538794502,1098.8555462260924,1103.2400982506344,1108.258925213815,1113.9540459902369,1120.3112013175514,1127.3331231360908,1135.0106212734593,1142.8831436957528,1151.1070289038723,1159.3985566612216,1168.1670490078639,1177.0678420862978,1186.45239411084,1196.0231744125974,1206.0420013757787,1216.23510395054,1226.9302247269618,1237.664311246845
1092.668134277651,1095.541161197239,1098.7867105391203,1102.383622666828,1106.5251419330582,1111.282720877188,1116.6745747599564,1122.7427224559663,1129.4729047028686,1136.8678534409958,1144.7408803605836,1152.79140541754,1161.0369547594214,1169.6338668871288,1178.298421564066,1187.439940830296,1196.7137608283178,1206.4713397724481,1216.4151469937933,1226.8070008765624,1237.3731303709117
1095.8375622673964,1098.7199078887431,1101.9752804296782,1105.6031753929062,1109.5824331419608,1114.1062980295378,1119.2462225950146,1125.0204220991297,1131.4709154164866,1138.5834432847357,1146.3607376442098,1154.2430832655566,1162.4984558064914,1170.9313264847947,1179.559221448023,1188.538479197077,1197.5853794953614,1207.1092443829382,1216.765410002307,1226.905334567784,1237.2314874104761
1098.7812677984932,1101.6180912804766,1104.8372603838068,1108.4294564067252,1112.3941748519367,1116.7102560829746,1121.570944452535,1127.0476924999955,1133.158715486094,1139.9460322854343,1147.3953836356668,1155.2322071176502,1163.3463249591077,1171.565494062438,1180.157690085356,1188.9273842456428,1197.8921026908545,1207.208183921892,1216.5919077021597,1226.4525960717199,1236.445585173072
1101.369351386855,1104.2862376467615,1107.5399473886516,1111.1760027518883,1115.1850850347132,1119.5666897398312,1124.299657230776,1129.5772318602428,1135.4708661676098,1141.998775413615,1149.2029784728618,1157.0692160830008,1164.9861023429073,1173.2398120847974,1181.7708161861615,1190.4068715493981,1199.415953832223,1208.6025342524163,1217.9841389575345,1227.7171064484785,1237.517716488653
1102.627126520324,1105.632269969079,1109.0542996777406,1112.8131528683857,1116.9543516803772,1121.468577411957,1126.35532556583,1131.5934365055298,1137.3761545837517,1143.7749323398737,1150.8079850346337,1158.5173315426355,1166.5224749913905,1174.8938560502845,1183.315885758946,1192.074738949591,1201.11088649971,1210.2520853117016,1219.7663110432816,1229.4580349122298,1239.344783066103
1103.5511022033093,1106.475122019728,1109.9042852849016,1113.7503348099815,1117.9332078170453,1122.4984264454554,1127.436671993454,1132.7474399637456,1138.409570719864,1144.6163086145045,1151.4391061870451,1158.8961786982238,1166.8201985146425,1174.953564839063,1183.3827281042365,1192.1781289795492,1201.0241785046294,1210.207051511693,1219.6672188782306,1229.232437506641,1239.1706830546395
1104.4577387327915,1107.2880771354785,1110.542435354584,1114.3019370224447,1118.4783249502116,1122.9915363599623,1127.8870933910594,1133.1556773417449,1138.7967837147235,1144.7892528735288,1151.3263291708563,1158.4794651460838,1166.2668760599495,1174.0972144626362,1182.3515726817418,1190.8152774088492,1199.5747790767098,1208.7005183547094,1217.8769062824765,1227.390117692227,1237.1806234614517
1105.9730485013129,1108.8420521522717,1112.0413942059172,1115.6647560759816,1119.793261394801,1124.3386529735265,1129.220868034236,1134.4854287162918,1140.123016317936,1146.1331263418733,1152.4945991516374,1159.4006790999235,1166.9228187261099,1174.7918223770687,1182.948236941893,1191.1475789955384,1199.7709408656028,1208.6036492436688,1217.7321545624882,1227.2268974914466,1236.7722890701723
1107.5061266501941,1110.4206179217479,1113.7041128442602,1117.3179461694592,1121.3557993110771,1125.89879590145,1130.858678751729,1136.155385083992,1141.8344370376014,1147.886515910799,1154.31111720629,1161.0870812876076,1168.4076525074474,1176.322143779001,1184.2587746767408,1192.5422695992531,1201.1131754356309,1209.72700876083,1218.7648619024478,1228.0120615520673,1237.5550581424402
1109.585640603178,1112.3514253278984,1115.5317013241727,1119.0809809714053,1122.9605990213247,1127.264236887663,1132.0730182027564,1137.2986857777557,1142.8611768347391,1148.8060135130688,1155.1238771109868,1161.8142631311982,1168.8560119372362,1176.4423678817964,1184.2081526065167,1192.3884286027908,1200.590844225251,1209.1401238724836,1217.9768144335817,1226.856432483501,1236.1600703498395
1111.3843752117748,1114.128732115628,1117.1388737442016,1120.563506644329,1124.357143195415,1128.4811181491875,1133.029112919379,1138.0822511383255,1143.552275617178,1149.3591235780148,1155.5483171601975,1162.1105376619687,1169.0452805860334,1176.3313862959244,1184.0757431997777,1191.906456048191,1199.9165976767645,1208.3412305768918,1216.7880031032053,1225.5816396542912,1234.6626871192423
1116.1432112697125,1118.7148031043384,1121.5307518428176,1124.612485306017,1128.1087100407703,1131.9739384264822,1136.1695052148807,1140.7890918196981,1145.9138218732705,1151.455438186749,1157.3338779822116,1163.5946633990202,1170.2284757354173,1177.234810494108,1184.5925080386248,1192.1640998732507,1199.98004861173,1207.8823532947692,1215.9640867579685,1224.4603114927218,1232.9786758536611
1118.72709324491,1121.3441725147961,1124.032843619308,1126.965871627673,1130.1646843607587,1133.7779883653977,1137.7602960209956,1142.0729420792802,1146.8096079539835,1152.051417277442,1157.7101128608065,1163.7056319261549,1170.0834966128496,1176.8343882191327,1183.9578022477092,1191.4325790621122,1199.0496583319982,1206.73832943651,1214.6713574448752,1222.6907413978006,1230.8895541308857
1120.8532898759927,1123.565497817905,1126.3947850297031,1129.2956640761272,1132.4409000264043,1135.851920701402,1139.677432647953,1143.871948245463,1148.3968022456597,1153.345676062275,1158.7996933276456,1164.6705968529225,1170.878323860183,1177.4683964887897,1184.431496036985,1191.7671180074735,1199.4541027637886,1207.1663107057007,1214.9955979174988,1222.8964769639226,1231.0417129142002
1123.0757478307767,1125.8816768538943,1128.8998138189243,1132.03503005384,1135.2418381233815,1138.6930030967762,1142.4099527948915,1146.5413937645603,1151.041838385188,1155.872621408502,1161.127424248235,1166.8873705367232,1173.0642030851177,1179.5778591154958,1186.4738607672202,1193.742889338533,1201.384440332139,1209.1903693552567,1217.1832831346894,1225.2014200997191,1233.3366363346347
1124.7202563170329,1127.5527089451975,1130.69109059648,1134.041680189675,1137.5093490527556,1141.0486097504618,1144.8322273520214,1148.8816296783016,1153.3455232761353,1158.1784205249276,1163.3416561764066,1168.9289116443044,1175.0213105609575,1181.5305957375167,1188.3767043960597,1195.605158675949,1203.2066398754266,1211.0390925035913,1219.0130961253624,1227.151477776645,1235.4768441842425
1127.5576514433983,1130.229741346874,1133.2342838785148,1136.5447554332732,1140.067434929944,1143.7071936965006,1147.4185442976827,1151.3742518027182,1155.5957440324744,1160.231727533784,1165.2367146860522,1170.572040241007,1176.331385612381,1182.5958744325098,1189.277249512545,1196.2954480745639,1203.6959922579292,1211.368082161405,1219.1416532643586,1227.1461957959991,1235.2922893212462
1128.5635280660981,1131.323545827095,1134.2556534915675,1137.520213784205,1141.0907030999601,1144.8734003576278,1148.773176885181,1152.74454524736,1156.9602705133923,1161.4417805041453,1166.3377817664516,1171.6027866797167,1177.1981299956683,1183.217493128039,1189.7419997091647,1196.6833925501967,1203.9616088732123,1211.6221708175744,1219.3821885785712,1227.3142962430438,1235.3478851069942
1129.5881592186686,1132.3889461788933,1135.449750900115,1138.6826455248124,1142.2479927776749,1146.1192690536548,1150.2027532715472,1154.4033167593254,1158.6754720817291,1163.1919843079863,1167.974281258964,1173.1710694814954,1178.7368613549852,1184.6329916311618,1190.9531417237572,1197.7784352651079,1205.0206150663646,1212.5996183496052,1220.40040530983,1228.3617542144168,1236.4225589356386
1134.3816006815598,1137.1085831496946,1140.1363525780544,1143.4241397674111,1146.8840168602435,1150.676346581241,1154.7746053253557,1159.085072011383,1163.5126179672964,1168.011755757835,1172.755250452227,1177.7645298713398,1183.1883005620061,1188.981074903631,1195.1041876479426,1201.6513202086728,1208.7035962181585,1216.1727584875503,1223.8997409556853,1231.7057267070609,1239.7334961354204
1138.3410035532988,1140.9264678338695,1143.738914582575,1146.8521482915055,1150.2253997614332,1153.7707411348363,1157.6485351364045,1161.8322581610898,1166.228189127688,1170.741199364172,1175.3258014352814,1180.154760410244,1185.2495041099276,1190.7587390811645,1196.6369777033601,1202.8455547282424,1209.4781515695433,1216.6158918595997,1224.1705184095622,1231.755982690133,1239.5684294388386
1144.5190552109318,1147.0619913815456,1149.6903918327298,1152.545774752049,1155.701944631593,1159.1181322721345,1162.706409816151,1166.627139988333,1170.853799183632,1175.2926663208439,1179.8486127279414,1184.4761509696646,1189.3480461152408,1194.4857259855378,1200.0378971273885,1205.9590719201976,1212.2105851156937,1218.8861181276081,1226.0667945882783,1233.6097307588918,1241.207293479468
1149.1853559976087,1151.8971076592286,1154.6517954914623,1157.4919476042664,1160.5590821852056,1163.9270037263695,1167.5549430285312,1171.3549722341677,1175.4874540679696,1179.9258649248884,1184.5764837237202,1189.3441817924377,1194.183471695781,1199.2671185029772,1204.616550034894,1210.3804728383648,1216.5133992927938,1222.9766641499098,1229.8639488234442,1237.2563769457345,1244.9681286073544
1153.480765393476,1156.273983807474,1159.2789538830918,1162.3268601293232,1165.4602306561253,1168.8205836510624,1172.4817236062243,1176.4028813223838,1180.496128942018,1184.9218291898178,1189.6534584607346,1194.5972956735643,1199.6582121562794,1204.7907204736207,1210.1675856948148,1215.8102356407296,1221.867376858198,1228.293521726625,1235.0500049977388,1242.2305080852711,1249.9161546215594
1157.3323712291783,1160.1201314768796,1163.2011101385785,1166.4938404618977,1169.8295069558303,1173.2506377303334,1176.8987509729718,1180.847651175835,1185.0565691396955,1189.437577007031,1194.151037502532,1199.17042702115,1204.4020244816809,1209.7507012120973,1215.1709697771398,1220.835595246035,1226.766005439651,1233.1109069048207,1239.8248120209487,1246.8690555397638,1254.3373188749974
1160.489868159582,1163.3633669740666,1166.5246260362521,1169.9791035124356,1173.645332650239,1177.354497958656,1181.1491275476435,1185.1707396047664,1189.4931386221137,1194.0755554004588,1198.8300620822786,1203.9170213922641,1209.3099097253664,1214.9150060003817,1220.6371815452824,1226.4309489248094,1232.4690732081888,1238.7729822162894,1245.4913824959433,1252.5787864265558,1259.9965287598552
1163.0324168869238,1165.87875463832,1169.0985912042008,1172.6061880177824,1176.4070032453621,1180.4195701345618,1184.475073194375,1188.6160405347587,1192.9839903432776,1197.6527271120212,1202.5814816417626,1207.6823260749784,1213.1156231363602,1218.8548492208588,1224.8062832472701,1230.874796543567,1237.0149016744901,1243.3993637092658,1250.0496104687627,1257.1143484998126,1264.5480901818214
1164.847893511442,1167.7705352213404,1171.0395146826352,1174.6819929584144,1178.6122314818945,1182.8356884193727,1187.2708970184708,1191.7490417881825,1196.3126508384646,1201.103242356882,1206.1946208355241,1211.546017075164,1217.0695032182782,1222.9254419895585,1229.0873097839556,1235.4613855202654,1241.9525405264608,1248.5152873672823,1255.3223911119564,1262.3952795813518,1269.8826593223002
1167.4786963149136,1170.2737011419931,1173.491347678971,1177.055331967345,1180.9928150702035,1185.2180584207629,1189.7365201853204,1194.4667336114978,1199.2398832082888,1204.0984970856503,1209.184093431147,1214.5704767368684,1220.2168778035875,1226.035368773781,1232.1863123721407,1238.643184993617,1245.3122655570062,1252.0984253902811,1258.956177058182,1266.0582856299354,1273.42617892641
1169.235004675865,1171.9892247620128,1175.0384496752401,1178.5103162983658,1182.3285206728876,1186.5202238618942,1190.9996872986014,1195.7723691493068,1200.756802661632,1205.7841723445708,1210.89700630808,1216.2368227397249,1221.8774261315941,1227.778047284461,1233.8507583408025,1240.25592202531,1246.967014732934,1253.8903153824713,1260.930695301894,1268.0426670559427,1275.398995713844
1172.6654817790577,1175.4233667629649,1178.4354718330198,1181.7425817301541,1185.472333337187,1189.5484226956157,1193.9980108685295,1198.7353592891436,1203.7659261237561,1209.0082446199885,1214.2934992868343,1219.6642182342507,1225.2619196498024,1231.1604080255788,1237.3189141623527,1243.6495102026013,1250.3125588710157,1257.281536562547,1264.4627221959913,1271.760987099321,1279.1308438372769
1175.2545841666717,1178.0279259181816,1181.0591526535989,1184.3445994751637,1187.9250511238079,1191.9281444823507,1196.2775755922894,1201.000505516713,1206.0111956888372,1211.3151042749596,1216.8307645227019,1222.3893609410577,1228.033421639984,1233.9044648070455,1240.076294934332,1246.5081428226158,1253.1120806143742,1260.0484710342987,1267.29079047734,1274.745317862294,1282.3169245171339
1178.21473650496,1181.0301247062637,1184.1188546590772,1187.4654695957984,1191.066304618667,1194.9621444686147,1199.2806260284613,1203.9454453397038,1208.9837634654311,1214.309841838859,1219.929138626285,1225.760187075331,1231.6341716949908,1237.5936205952207,1243.780051963586,1250.2672702921761,1257.0145063817638,1263.933832374826,1271.185610996054,1278.743318640399,1286.513234226657
1181.2176883873856,1184.01384306128,1187.1253859364783,1190.5102705631864,1194.1530401738019,1198.050029870565,1202.2420243944073,1206.8566606281483,1211.8176346132852,1217.152107412907,1222.7743404602295,1228.68979192155,1234.8169950444903,1240.9871343380446,1247.242737912169,1253.7253239544289,1260.5086969569136,1267.5520877203955,1274.7675683873522,1282.3155016824749,1290.1116563563694
1184.2548137466727,1186.8826750308485,1189.8066909889192,1193.0460951482933,1196.5588410591774,1200.3294719539688,1204.3543229349077,1208.6741787429262,1213.4166762608431,1218.5055115301561,1223.9678456139538,1229.7179399454524,1235.7612526909488,1242.0163170980652,1248.3143176757953,1254.6977825340957,1261.3082298605316,1268.2194641471922,1275.3907161948503,1282.7340581459828,1290.3619194301589
1186.2021631687562,1188.8519507200913,1191.629599555602,1194.7034030650075,1198.0925947757164,1201.7551282379354,1205.6755466840616,1209.8501852163354,1214.319828575689,1219.2121136449407,1224.4507364655885,1230.062858100721,1235.9627399835545,1242.1558402803857,1248.560692238837,1255.0084803679022,1261.5417327775374,1268.301967655308,1275.3629894933035,1282.6840290922964,1290.1771585947638
1187.3474229799533,1190.1651962919352,1193.1327571552524,1196.228179302745,1199.6197561241327,1203.3267211468237,1207.3070279210247,1211.545219679133,1216.0376315233887,1220.8250481947243,1226.0351065759583,1231.591502708588,1237.5213976557027,1243.739052850518,1250.2499264593314,1256.9725517297647,1263.7381131708119,1270.5891388924292,1277.6671470821818,1285.0459422321594,1292.6847551431345
1189.729292118133,1192.6227548577447,1195.8339909093381,1199.195014512267,1202.6838993993715,1206.4689389603707,1210.5693667226735,1214.9431362364862,1219.574790734206,1224.4606653180736,1229.641544729021,1235.2450658498665,1241.194924722108,1247.5182824088345,1254.1294003432613,1261.0337366916865,1268.1498247017314,1275.3088488823903,1282.5533373436194,1290.0248082729836,1297.797066162573
1191.7177085735798,1194.413570539018,1197.5028952440684,1200.9099932611002,1204.4668788294678,1208.1516256820107,1212.1325272084482,1216.4288169361896,1220.9984484154409,1225.825964878599,1230.907701427905,1236.284442804291,1242.0838258905749,1248.229546728255,1254.74876638042,1261.5557462802851,1268.6559445941489,1275.9678945696323,1283.3227807157296,1290.7631311423972,1298.4304640372
1193.693693652346,1196.411388697058,1199.3249457072086,1202.631965456971,1206.2567585187153,1210.031339131795,1213.9337810290501,1218.1323776001998,1222.6463623726534,1227.4336888966168,1232.4789004044871,1237.7783319985056,1243.3727684196037,1249.3898465505997,1255.753262432992,1262.4901771298692,1269.5148520744465,1276.8327454330224,1284.3623904532183,1291.9349716440277,1299.5930171154075
1195.0411086786596,1197.890677631767,1200.9579416295865,1204.2210675928443,1207.8776562957141,1211.8520183105654,1215.9761678767525,1220.228178727115,1224.776344251372,1229.6398979769328,1234.7767934540036,1240.1715739149813,1245.8205744621068,1251.7645798363124,1258.1312269204157,1264.8442117559152,1271.9306954058998,1279.3049393035844,1286.9724016152677,1294.8219705683748,1302.701184541678
1196.5131195756537,1199.2709333688188,1202.378316115091,1205.7033939060755,1209.224333662498,1213.138736158533,1217.370911966549,1221.7528753259012,1226.2626999694285,1231.0686792868505,1236.1900468055765,1241.584756075812,1247.2373503299548,1253.1441646702451,1259.3459838376157,1265.9704447148838,1272.9412433435484,1280.2855407866978,1287.9175984775475,1295.6754122707125,1303.6006883755606
1197.715673900654,1200.5810896918795,1203.7043192762699,1207.1771178137674,1210.8676113959773,1214.7539669436253,1219.0337852308855,1223.631376830127,1228.3787559807045,1233.253996415457,1238.4253915241045,1243.9121748340558,1249.6722998955167,1255.6903099408848,1261.9625400724005,1268.5297750309965,1275.51965169949,1282.85586611938,1290.5655793537546,1298.43099514498,1306.428468627055
1198.3902831609503,1201.238113947345,1204.4513605249651,1207.9224208957503,1211.7430502196428,1215.7813745882474,1220.0155609222902,1224.6432099959452,1229.5886323815814,1234.6838423185538,1239.9069135397012,1245.4261394347434,1251.2607535310894,1257.3687093789454,1263.7345502107082,1270.3546111286187,1277.2696768736093,1284.6073843284978,1292.2914295347825,1300.1392603211773,1308.1968043419467
1199.7035851277988,1202.6313333364449,1205.906912331486,1209.5479071177522,1213.4467156971837,1217.6950932297223,1222.161165806973,1226.8231003496621,1231.8784976319632,1237.2516682262458,1242.7746263718643,1248.4254458016578,1254.3724199053463,1260.6347822103385,1267.1704862668407,1273.9640753072497,1281.0118844338062,1288.3546983874432,1296.1201540509778,1304.0479022596242,1312.159695674555
1201.8220321632566,1204.8563077456672,1208.3183315367241,1212.128186114176,1216.303456482853,1220.7365406446954,1225.5191937596448,1230.5195419193062,1235.7157520444061,1241.305424909118,1247.2128710858115,1253.2701048138408,1259.4551998260451,1265.9364495121442,1272.7330873995472,1279.8030670384603,1287.13093166128,1294.7130163702475,1302.5901059062953,1310.624381488706,1318.9241127346513
1204.3150161727606,1207.395345421331,1211.0099502523121,1215.0523032919396,1219.442487117962,1224.1980867352092,1229.211500145622,1234.574482509142,1240.1551599173738,1245.9316992910442,1252.1017014043266,1258.5894768295905,1265.2270398061903,1271.992464066965,1279.0540430016347,1286.4310101376082,1294.0813190250917,1301.989512896482,1310.0698421450525,1318.2322561025903,1326.6896748872086
1209.2916017551108,1212.2680970800677,1215.8249216535953,1219.9160218095333,1224.4348701741176,1229.3015493250969,1234.533644267301,1240.023553002671,1245.8630306911477,1251.9202034243365,1258.1732381229638,1264.819735561203,1271.784006311424,1278.8980646129808,1286.1399841987125,1293.678058458339,1301.5315209192693,1309.5080162442264,1317.6348204566668,1326.019509653014,1334.5763342265413
1212.699302063723,1215.6097810083354,1218.9967552779049,1222.9640587960448,1227.4656378965954,1232.394965205792,1237.6721233013836,1243.3146971882004,1249.2150848681827,1255.465041501272,1261.932693179073,1268.596206822313,1275.6531832051646,1283.027932899998,1290.5524701461673,1298.2048686765113,1306.1153476211239,1314.0639008253627,1322.3278422309054,1330.714816500475,1339.2520996575279
1217.2622739772053,1220.2774201229843,1223.7030452133756,1227.6051656287239,1232.0876152926428,1237.1043405389723,1242.548813993948,1248.3411182353184,1254.4988382679142,1260.9143720936754,1267.6794748725436,1274.6622726961236,1281.8409324851425,1289.4130550137731,1297.3029508543852,1305.3180970001642,1313.3577803921125,1321.5253250682354,1329.950950158627,1338.4146495086447,1347.1937370599665
1220.2800293821774,1223.2929554440861,1226.821027651774,1230.7595788040744,1235.1746252813314,1240.1700010071593,1245.6996523153978,1251.6570518322821,1257.9622821355615,1264.632928230066,1271.5613881177362,1278.8394169585133,1286.3351408440021,1294.02672669493,1302.0396527568387,1310.1247013473783,1318.5275232498993,1327.055595457587,1335.6082049114443,1344.288675649476,1353.2272268017764
1222.570428673414,1225.5666006488009,1229.0756986860965,1233.0999428691714,1237.5346659968586,1242.4458844495025,1247.9374321507173,1253.9632554343427,1260.416826926614,1267.2182292052803,1274.3850472751717,1281.8096791382286,1289.5838799543926,1297.5757758152683,1305.5719477906553,1313.75970561697,1322.2688036542656,1330.8500242201922,1339.7490180981001,1348.7732622811748,1357.822043710419
1227.4046029349504,1230.1378393242624,1233.3672476889612,1237.1095821155689,1241.3670626879555,1246.0350222049547,1251.1794770469105,1256.9042611374373,1263.1633208103747,1269.850128691958,1276.884767359936,1284.2848218191393,1291.9426900715082,1299.6759264608202,1307.6833636662961,1315.9084959164836,1324.1379042811825,1332.5588984968092,1341.3012329234168,1350.1156898786553,1359.2479201458752
1230.585446171879,1233.355189964841,1236.3581701471146,1239.8573223047754,1243.8694005243449,1248.3966248896932,1253.3343281996542,1258.7485268345717,1264.7430547180604,1271.2718581839595,1278.2284098585046,1285.5327923194443,1293.2025905716096,1300.9723343645715,1308.899946409902,1316.9029265921758,1325.1801075906135,1333.6749836337628,1342.1741357914234,1350.864873800012,1359.8769520195813
1233.6417815675077,1236.4188366134176,1239.4656354522895,1242.745670680473,1246.5218778840438,1250.8110111495232,1255.6152905607814,1260.8300489166525,1266.52130259748,1272.7928855268785,1279.5987440386875,1286.8323507591429,1294.4137882659925,1302.1908433119024,1310.1376966099776,1318.1844954488495,1326.38916254009,1334.6691977682738,1343.2234338126214,1351.9953649016807,1360.7715721052512
1235.9127765935407,1238.6972930356987,1241.7588645237668,1245.0901798047967,1248.654731475138,1252.7154551208669,1257.2891048285044,1262.3779006819207,1267.8771754799498,1273.8529456029353,1280.409044974492,1287.499419928459,1295.0175430910724,1302.8020595332305,1310.668013482238,1318.729584970306,1326.9609547105392,1335.2922699915691,1343.7814535249677,1352.3460051953095,1361.1847576818152
1238.8338153571744,1241.6887523589771,1244.828205802938,1248.244714292809,1251.9309665756416,1255.850455247786,1260.2661158953174,1265.1947026047578,1270.638435459977,1276.4926472598088,1282.8233543845972,1289.7343907579568,1297.1797027137266,1305.0346397155295,1312.9076998799455,1321.0471533239065,1329.2680442747169,1337.6845527645876,1346.2708595066238,1354.9571117894563,1363.8012323246578
1241.6161465132272,1244.436360332872,1247.6115111543197,1251.0711784179255,1254.8079007274414,1258.8143668299188,1263.054069321708,1267.7899437888843,1273.0387443179698,1278.8026909928337,1284.9771166123105,1291.6280375567437,1298.8592877497483,1306.6248135251628,1314.4450273448078,1322.6201781662555,1330.8134521503166,1339.2731194139224,1347.8142241843777,1356.5509464938932,1365.4574670555744
1243.739022358755,1246.657683195556,1249.8965578520022,1253.4903695102512,1257.368697610658,1261.5240807569753,1265.949207696254,1270.6075710248444,1275.762106328822,1281.4295676947086,1287.6121752063739,1294.205261662652,1301.2748434438863,1308.9247544736922,1316.8434153104936,1325.0276019227092,1333.2664765791556,1341.8602882374046,1350.4722230582668,1359.3505511586739,1368.3103167659306
1245.4303501393017,1248.2270649976133,1251.4424406927258,1254.9780302074835,1258.868556724044,1263.0435996827625,1267.4956976873914,1272.2175394849817,1277.1726176718837,1282.6238678341729,1288.588044058371,1295.067366428348,1301.9571677429376,1309.3234643824835,1317.120179240795,1325.0668051289126,1333.2821808240255,1341.7630822945528,1350.2986718093105,1359.189198325871,1368.0978480050449
1247.0414139894378,1249.7832186368569,1252.8217381425875,1256.2789184851192,1260.056312647296,1264.1886438112756,1268.605491417413,1273.2993940694612,1278.2630405144705,1283.4599233487916,1289.1529781584998,1295.3589590301171,1302.080086047513,1309.2116920095218,1316.8197932964868,1324.561597943906,1332.6001174496366,1340.7885479851732,1349.2457283277051,1357.9684344456516,1366.7458286078283
1248.5917211507062,1251.4222804809854,1254.4946444586838,1257.8637232946935,1261.6514629675046,1265.7594164599604,1270.2223069542192,1274.969713890636,1279.9941758729633,1285.288381648252,1290.8158238128522,1296.8394379528395,1303.3759781547362,1310.4276645024113,1317.8898297946994,1325.7203891249785,1333.6590497422226,1341.7314137199212,1350.100492555931,1358.6194824217469,1367.407222094558
1249.512410683163,1252.2900594805365,1255.3982676081891,1258.748280383261,1262.3950080166446,1266.4603964868293,1270.8459987766587,1275.586538068291,1280.6115938020816,1285.9137045817824,1291.4855591544447,1297.2906501164184,1303.5919130537793,1310.4061020530498,1317.7354371980985,1325.47525128776,1333.2529000851337,1341.3611082127866,1349.5774176274042,1357.9274304024764,1366.5741580358597
1251.8188257246538,1254.622166000299,1257.7031550733182,1261.1147034766161,1264.7680565273336,1268.7181244363626,1273.0868531821925,1277.7757957476674,1282.8196753149452,1288.1480713243811,1293.7535223797274,1299.6287172280352,1305.7371484656542,1312.3417516786606,1319.4592809535766,1327.0919563742705,1334.895296649916,1342.938451015223,1351.019440088242,1359.4309884915403,1367.9506381818032
1252.7900904704434,1255.5944605390446,1258.702170883291,1262.087530024911,1265.8034484968102,1269.7611716161289,1274.015609593759,1278.6887084081902,1283.6820210422661,1289.0302706781451,1294.6630367561822,1300.5728578801297,1306.7524227970387,1313.1652241032587,1320.0741973848662,1327.4960967283835,1335.3004667969847,1343.2375122862798,1351.3452226305262,1359.6927470644346,1368.0781062060546
1253.3065429003238,1256.1298345475927,1259.2574962634628,1262.6884982549784,1266.3971490438673,1270.4363591630354,1274.717373929623,1279.295103554522,1284.2914940162223,1289.608098297567,1295.279639580715,1301.235697306021,1307.4688100772375,1313.9716666414154,1320.7077595949042,1327.9400245237807,1335.6852155145668,1343.508507161836,1351.636168877706,1359.89650601427,1368.3275080057854
1254.6114991974841,1257.643067759598,1260.9979279689803,1264.657158246964,1268.6197288005933,1272.8599481515957,1277.4307268328773,1282.2433101615786,1287.3526083485913,1292.8805673724053,1298.7287402158636,1304.931850061125,1311.4194763485448,1318.184157681875,1325.2185828081665,1332.486244323769,1340.250077814759,1348.2816463768727,1356.5584059297723,1364.913266139155,1373.5724964171388
1257.131143542624,1260.1567679847064,1263.7139609889027,1267.5944456403677,1271.7793003604338,1276.2674953561457,1281.0333391492304,1286.1297422725945,1291.4679500433783,1297.1028726724735,1303.15645613837,1309.5302534239106,1316.2589877112546,1323.2722384407568,1330.5625442161695,1338.1225937845436,1345.9158797422285,1353.9415041843108,1362.2309621173833,1370.7881551215796,1379.5905391165618
1259.1225157268402,1261.9183676301836,1265.2398439756096,1269.0928888831493,1273.2692254379576,1277.7499320613672,1282.5339789604222,1287.5956746568504,1292.987929683558,1298.6219893576852,1304.5527638901237,1310.9021992593637,1317.5718484482477,1324.5964346389349,1331.9055372717805,1339.4916949505366,1347.28754685388,1355.1434483255975,1363.232586186626,1371.5540625320516,1380.1393723684673
1260.497284194766,1263.319708229587,1266.437984167751,1270.0818845479978,1274.2573534903581,1278.7561140799871,1283.5592447382176,1288.6657156720933,1294.049835403342,1299.7645144648704,1305.7209981738183,1311.9741967410778,1318.6460561451383,1325.638129368843,1332.985139594351,1340.6166662620174,1348.4390902968382,1356.347672010415,1364.465947948579,1372.6442734551174,1381.0558353509664
1261.5563336057094,1264.4430064376027,1267.6521033043166,1271.157052074374,1275.1876252865138,1279.7497670607675,1284.6352004822895,1289.8250039724132,1295.318147738182,1301.088940301324,1307.1902921947456,1313.5334487355867,1320.1733201347392,1327.231852370693,1334.6105984262908,1342.344281483692,1350.2309543155852,1358.2491538151446,1366.4582506818588,1374.7535052273286,1383.258453997386
1263.2964217494189,1266.1660445152722,1269.4223401130187,1273.0010597455857,1276.8756312814965,1281.2758272594895,1286.2075917995962,1291.4626479869717,1297.0220742429485,1302.8848407745704,1309.0252561035659,1315.4962307628405,1322.2090100695348,1329.2185042345407,1336.6466592363477,1344.3950280577985,1352.264650823652,1360.3679566469061,1368.6242522446528,1377.0120745100653,1385.5907941426326
1264.2946811999643,1267.154037209732,1270.383015985353,1273.9986675928672,1277.936743235202,1282.1706707808803,1286.930222768641,1292.2213433185152,1297.8357555156583,1303.7545377814029,1309.9766603227924,1316.4764316615556,1323.3067623305978,1330.3788976470598,1337.7477478218334,1345.535258833408,1353.3946148431758,1361.502339674394,1369.7313184500151,1378.193980283037,1386.8096318905514
1267.0574661687183,1269.928356472646,1273.1586027863416,1276.7584718658904,1280.7450137773324,1285.053979723595,1289.6587975732011,1294.7892398648896,1300.4512507186917,1306.4365532197626,1312.726225789435,1319.3192386347523,1326.1899002774433,1333.3911212504133,1340.8341468708031,1348.5738873495045,1356.4447776534323,1364.6031789689348,1372.8334252826303,1381.3120404177764,1389.9119094973253
1269.5274374208157,1272.4751935099898,1275.7938399030918,1279.4718423059614,1283.5194674746847,1287.9537654753008,1292.7104875107375,1297.763061449518,1303.3412598303807,1309.451026773357,1315.884085363602,1322.6215140224488,1329.6622829569403,1336.9807006888054,1344.6296777509497,1352.5204594605138,1360.468215549688,1368.6557121175636,1376.9743585106658,1385.5805159153424,1394.258518318212
1272.2399473575229,1275.284427118431,1278.7766629685136,1282.6397891225238,1286.8622712863018,1291.4543762159333,1296.4331539774578,1301.7343557738027,1307.3314094734915,1313.4540876152626,1320.108334319147,1327.0858726703004,1334.3677810900554,1341.9530297854553,1349.8159272782286,1357.8604070391368,1366.0538638621895,1374.4891253326618,1382.9813611827444,1391.7133375115282,1400.5764636655388
1276.835467290921,1279.9134884210175,1283.5359893120221,1287.606246292201,1292.0473935763075,1296.847896870182,1302.0180229299096,1307.5748218215306,1313.454044747972,1319.629119577757,1326.3298188496244,1333.5620866836052,1341.117646164855,1348.9775757147063,1357.0555968448025,1365.218866670299,1373.6597852931686,1382.282286184173,1391.053764137322,1400.067046737891,1409.1373037180697
1278.7924290364615,1281.7347632807853,1285.2551186552055,1289.3199537905339,1293.8325450150364,1298.7160265434668,1303.958864081665,1309.5713243857165,1315.5704575216612,1321.892014692426,1328.5094237665348,1335.6524572827261,1343.3270593610307,1351.2693936053545,1359.267287330928,1367.569551125103,1376.089906499523,1384.6955105693432,1393.5787634365367,1402.643598571865,1411.8574107693378
1280.9091697909646,1283.8804535260222,1287.2940715054035,1291.2857106148813,1295.8218294852675,1300.8057044448276,1306.1604697083155,1311.8745909815716,1317.9583350206806,1324.4287518916829,1331.2215927975053,1338.3102856066719,1345.9246028579207,1353.8958865929783,1362.0417724063404,1370.455390385722,1378.924567846353,1387.6981153755858,1396.6897544850635,1405.7666422899413,1415.1211788921923
1282.8071541456634,1285.6543607528276,1288.9728510950492,1292.7336756815948,1297.0725213982366,1301.955846875787,1307.2869284425112,1312.9889003131634,1319.0502281935837,1325.4811788398567,1332.2988023180233,1339.4388498310097,1346.8747492473406,1354.7219558545046,1362.6834797129177,1371.0019700551395,1379.4950624756657,1388.2558870622115,1397.0722711300066,1406.1930252664035,1415.5318709830453
1284.0148457627065,1286.8272832976975,1289.9869274398527,1293.6178553170653,1297.6911174386019,1302.3424006902346,1307.538163702776,1313.1816828044912,1319.1960922101343,1325.5698576255456,1332.3132458068096,1339.4433068199671,1346.8957918679446,1354.6441288192664,1362.4565663542573,1370.6162104964124,1378.8901718898164,1387.5210997670292,1396.3266297225464,1405.3998918440832,1414.5287134468692
1284.7062835796685,1287.5740670754028,1290.7542881061283,1294.281715744018,1298.280427116965,1302.721472734236,1307.740539481603,1313.304085989879,1319.3153885873285,1325.6975814887062,1332.4391303998518,1339.5503020768501,1347.0481465857422,1354.868415129454,1362.7361986251885,1370.8523190722447,1379.0325401029702,1387.5599677408595,1396.201712629998,1405.2004240029453,1414.3737374541968
1286.1993623288895,1289.1172407362492,1292.4029026393432,1296.0010020774284,1299.9463081226775,1304.3628979029843,1309.2218219276149,1314.6587670823415,1320.6401919979771,1327.0693730027863,1333.8694443115235,1341.0288716300288,1348.5579217143868,1356.4736446306383,1364.391523037998,1372.6296699890695,1380.9153318921635,1389.4493307465793,1398.0474301846646,1406.9927362299136,1416.0523595264115
1288.3554644394078,1291.3240838284762,1294.7105816249043,1298.4648629170667,1302.5315817442204,1306.9455071785378,1311.830716347913,1317.158259761612,1323.063824305407,1329.513868610111,1336.4116690039887,1343.6803597017943,1351.3084064093682,1359.2770257984366,1367.274695271863,1375.659037577183,1384.045535373611,1392.752301713751,1401.5065830059134,1410.5092012493976,1419.5759200765513
1293.494773144936,1296.217090362896,1299.4080269699245,1303.0168419843126,1306.9934404944352,1311.2824765395487,1315.9187191918263,1321.0262455791615,1326.5761062108206,1332.7039879725755,1339.3763494952395,1346.4964671070773,1353.9874750228428,1361.709792240803,1369.5601561663368,1377.7510927733654,1385.9710794647517,1394.5777389880318,1403.1865540024198,1412.1156375605196,1421.0922360706422
1296.798512367503,1299.5471208056604,1302.5180464617774,1305.9575915069634,1309.8150149595087,1314.0402219077887,1318.5778663910596,1323.4627174814943,1328.8188523069869,1334.6173213768034,1340.9938115767156,1347.914781537537,1355.2835075875319,1363.0231239414547,1370.771732379612,1378.7426580357296,1386.8416303994209,1395.2811754446066,1403.7497705741503,1412.6050385355877,1421.462461988133
1300.313857666708,1302.9218406491848,1305.778432069819,1308.8573407084127,1312.4048687360755,1316.3702751710978,1320.7034651018544,1325.3490925676022,1330.3419266405137,1335.806044448483,1341.7124965007763,1348.1969696831654,1355.2259226264637,1362.7026316589352,1370.310614641412,1378.1582139778118,1386.0148053984458,1394.0937140370402,1402.3006693832083,1410.8481974108706,1419.4247755228912
1302.7415727280754,1305.3673176095851,1308.1010454735717,1311.0833817757157,1314.2880352958193,1317.9613082049918,1322.0524595215238,1326.5113943337901,1331.2827666810476,1336.401345635469,1341.9912083249478,1348.023405258751,1354.6336233226498,1361.788321147458,1369.3907750614392,1377.016519942949,1384.7502478069355,1392.723592024845,1400.7059283269887,1408.9105818470928,1417.2432820747706
1305.0837005741885,1307.810080471945,1310.662205251211,1313.6223130129538,1316.831029212854,1320.2620626307141,1324.161715437643,1328.4792466519311,1333.1645613619537,1338.1623136069677,1343.5072724591453,1349.3235150463804,1355.5820918779398,1362.4186898395951,1369.7997675621596,1377.5261474599158,1385.3549812716533,1393.2071060509193,1401.1672138126623,1409.366937928328,1417.575654128228
1307.6713750744677,1310.3918607385447,1313.3387263003779,1316.4113367437208,1319.5919301695405,1323.0211320335177,1326.6726511154548,1330.7927895864605,1335.3308064648256,1340.236606838925,1345.4548447480158,1351.0202892642703,1357.0570175155824,1363.5360800112187,1370.593163636951,1378.1947270235921,1385.915212687669,1393.8620782495022,1401.9113977253166,1409.9840081686596,1418.1646015944796
1309.5893232164121,1312.3965843372443,1315.4243311221533,1318.6784578048187,1322.0583293689938,1325.5461839156455,1329.282646900455,1333.2414271032242,1337.6688266950619,1342.5141046942592,1347.7271661891905,1353.2526652191136,1359.1253708562003,1365.4693602283444,1372.255683844813,1379.6200285913771,1387.4272897122094,1395.3361142196827,1403.3638610045916,1411.617987687257,1419.9745682839036
1319.2305702241936,1321.6117466195844,1324.3001841358073,1327.2091073161068,1330.344410394163,1333.6054583537289,1336.9744892957715,1340.5921286759715,1344.4320852741316,1348.74066126136,1353.467115655948,1358.56135354627,1363.9680289715839,1369.7219110040614,1375.9470767715961,1382.6145767834553,1389.8600979254104,1397.241274320801,1404.9297118370241,1412.719712739888,1420.6286359201877
1327.7139215874472,1329.9373490548958,1332.2796001269535,1334.810288715234,1337.5614629675915,1340.5390171177055,1343.642316149329,1346.8535981634293,1350.313488615687,1353.9956962859048,1358.146523345191,1362.7152288118368,1367.6517177742166,1372.9006442715881,1378.4967773761234,1384.5641942157158,1391.073945299633,1398.1617175136457,1405.385144981094,1412.7273960531518,1420.2580846414326
1332.3028479889808,1334.5081569299948,1336.8322894756177,1339.3141709491829,1341.8267410110288,1344.5597967369515,1347.5192323606307,1350.6044128658195,1353.797576353485,1357.239348279308,1360.9034374230912,1365.0361459559426,1369.5867328961538,1374.5051033320988,1379.7359113030354,1385.3139258811361,1391.3632241942937,1397.854856751776,1404.9245104393542,1412.1298193803677,1419.4539519259906
1334.9612048092922,1337.27598988929,1339.7095985738968,1342.3009561864458,1344.9104323254296,1347.5324785262592,1350.3750103911657,1353.4439221538287,1356.6385787980014,1359.9412184246507,1363.4924664894575,1367.2660317722246,1371.5082164440598,1376.1682795232548,1381.1961260981836,1386.536410208104,1392.2239009251884,1398.3826753773299,1404.983784073796,1412.162913900358,1419.4776989803554
1337.7494500073915,1340.188872953467,1342.7471195041512,1345.3717573702288,1348.0877528488552,1350.8218668539166,1353.5685509208238,1356.5357206518079,1359.7292702805482,1363.0485647907985,1366.4758422835255,1370.1517282144098,1374.0499313632545,1378.416753901167,1383.2014548464397,1388.353939287446,1393.818861263444,1399.630989846606,1405.9144021648249,1412.6401487273686,1419.9439164200082
1345.1904994164922,1347.5923587875618,1350.054795212556,1352.5754781882345,1355.1625524793062,1357.8409843829268,1360.5375348129824,1363.2466553048837,1366.176261460862,1369.3322475145965,1372.613978449841,1376.003692367562,1379.6420147234405,1383.5026542972794,1387.8319132601862,1392.579050630453,1397.6939714964535,1403.1213298974455,1408.8958949056018,1415.1417436488148,1421.8299266363526
1350.0546220312376,1352.5291945900883,1355.0643442028636,1357.6370573906447,1360.2304535541043,1362.890241032957,1365.6413861243586,1368.4106497421953,1371.1924834218778,1374.1948027656372,1377.4235020071526,1380.7779461301782,1384.2403732356804,1387.95140877934,1391.88476154096,1396.2867336916477,1401.1065842496955,1406.2942183034772,1411.7942898922504,1417.6415680881876,1423.9601300191816
1366.74925381163,1369.283504570167,1371.843182769853,1374.4380105823145,1377.0704019697816,1379.7234763329275,1382.4429420114661,1385.2537653025538,1388.0827071200767,1390.9242189994452,1393.9862165428908,1397.2745939840922,1400.688716306804,1404.2108216119923,1407.981535355338,1411.974566316644,1416.4362166670178,1421.3157454247519,1426.5630576782196,1432.122807466679,1438.0297638623022
1379.1530863079793,1381.5860673357574,1384.0532991220725,1386.545958349537,1389.0737671897766,1391.6391396050221,1394.2251949959461,1396.8776417022632,1399.621446021129,1402.3833688664301,1405.157861773577,1408.1528403448008,1411.3741988137806,1414.7213021642706,1418.1763884972372,1421.8800832683612,1425.8060952574456,1430.2007266355974,1435.0132364211097,1440.1935297023558,1445.6862605185934
1389.0833804853844,1391.5465413202307,1394.0439529136142,1396.5667919481468,1399.0969717552152,1401.6549604025233,1404.250512624837,1406.8667478228294,1409.5493743362147,1412.323358462149,1415.1154611145182,1417.9201338287335,1420.9452922070257,1424.1968304830737,1427.574113640632,1431.0593797806669,1434.7932543588593,1438.7494461550118,1443.174257340232,1448.0169469328127,1453.227420021127
1398.9542330439247,1401.459513291849,1403.9990442983103,1406.5411637113882,1409.1061221589985,1411.6784213791448,1414.2785294395308,1416.9162010749224,1419.5745556859927,1422.2993016124558,1425.1154051514677,1427.949627216915,1430.796419344208,1433.8636971355781,1437.157354824704,1440.57675739534,1444.1041429484528,1447.8801369397231,1451.8784481489536,1456.3453787472517,1461.23018775291
1404.9251905617054,1407.4504433754848,1409.9809764371885,1412.5457602574293,1415.1131324842866,1417.703343745676,1420.3008957796017,1422.926256653767,1425.589181102938,1428.2727885277877,1431.0227872680302,1433.8641436208213,1436.723618500048,1439.5956634411205,1442.68819404627,1446.0071045491752,1449.4517599335907,1453.0043983004825,1456.8056451055322,1460.829209128542,1465.3213925406196
1410.652913250344,1413.1377941858316,1415.6479279350983,1418.1633419322895,1420.7130066880177,1423.2652598503626,1425.8403520472395,1428.4227850166526,1431.0330268263056,1433.6808322109641,1436.3493205713012,1439.0842002470313,1441.9104375353097,1444.7547933500239,1447.611719226584,1450.6891307672208,1453.9929222056137,1457.4224585255167,1460.959977827896,1464.7461055684332,1468.7545505269304
1413.1181633839506,1415.770231529027,1418.4374187386154,1421.1147396974707,1423.7973409042506,1426.5141928695673,1429.233633241501,1431.9759126479664,1434.725532826968,1437.5029618462097,1440.3179544404568,1443.1536300103826,1446.0556968957012,1449.0491213935682,1452.060664417871,1455.0847775040197,1458.3293762542453,1461.8003549022267,1465.3970784317182,1469.1017849436862,1473.055099893812
1417.8954166375163,1420.7079110959369,1423.6724736994336,1426.6521553674427,1429.6419707847185,1432.637066449919,1435.666412873656,1438.6983477040103,1441.7531215688964,1444.8152362063183,1447.9051596839806,1451.0326467366483,1454.1808167649947,1457.3953781087337,1460.7012970650212,1464.0253345477447,1467.361942092314,1470.9190353009599,1474.7025084073618,1478.611726395274,1482.6289273656623
1423.2101793106112,1426.0089330469714,1429.120181241752,1432.3834975816087,1435.661932985978,1438.950502139614,1442.2443515411746,1445.5724517012718,1448.9031402679861,1452.2566678692322,1455.6175362430142,1459.0062134570367,1462.4324542460645,1465.879378010771,1469.39269309087,1472.9973657835176,1476.6201570026012,1480.2555182835306,1484.1113652285367,1488.1935920712988,1492.4015637955708
1426.7761273784145,1429.5785762749817,1432.679778907909,1436.093475999257,1439.6592412356806,1443.2401255366171,1446.8311435868202,1450.4274418849482,1454.0579909416124,1457.691128404894,1461.347104902707,1465.0104221730564,1468.701548283646,1472.430237969241,1476.1796106305146,1479.9953746071808,1483.9024961963955,1487.8277363120465,1491.7655464895429,1495.9238423311162,1500.3085180704454
1429.9991636224438,1432.7665973700182,1435.8364800141599,1439.2051163946617,1442.886247233584,1446.7194462175823,1450.5677642660933,1454.4262160638707,1458.2899481095733,1462.187930913812,1466.0885021246681,1470.0119123700556,1473.9426633879793,1477.9012232461434,1481.897346679313,1485.9141530881611,1489.9973508124017,1494.171906149191,1498.3645800124164,1502.5698239374872,1506.9955535266351
1434.2688087227045,1436.888099986165,1439.7748249971996,1442.9639989048017,1446.4519265487638,1450.2523486511466,1454.204838898605,1458.1724482105762,1462.150191271814,1466.133214580977,1470.150488648676,1474.1703511229925,1478.2130526318404,1482.2630949132244,1486.340946034849,1490.4563607314788,1494.5924584037873,1498.7949473914882,1503.088793991738,1507.4007591184236,1511.7252943069548
1436.3082789852099,1438.8965703499591,1441.604152978169,1444.579169353953,1447.8566346263044,1451.432853635016,1455.321567102148,1459.362348714356,1463.4182493910766,1467.4842838170637,1471.555598490976,1475.6611639234245,1479.7693177624903,1483.9003106360876,1488.038644282221,1492.2047867685949,1496.4084928299742,1500.632881867032,1504.9236622194824,1509.3058001844815,1513.7060566759164
1439.7142989848862,1442.2619079515464,1444.8978082829556,1447.6529998778253,1450.6756252202692,1454.000699459281,1457.6245274346525,1461.5608498684444,1465.6492404473122,1469.752750090693,1473.86639348334,1477.9853171239124,1482.138491523021,1486.2942543287468,1490.472856169004,1494.6587987817973,1498.8725502348314,1503.1238652628706,1507.3958632665883,1511.7342525856986,1516.163999517358
1442.0807237356396,1444.707851427679,1447.382588086379,1450.1456161098276,1453.027935396737,1456.1776884312205,1459.6298903622717,1463.3808460296827,1467.4442961555144,1471.6598144264217,1475.8904517618423,1480.1312228465288,1484.3772741791406,1488.657576270289,1492.9404667680542,1497.246196300351,1501.559266605184,1505.9001457502575,1510.2785884703362,1514.6777141660937,1519.1432311772435
1444.525288450689,1447.1802809937533,1449.9624012288573,1452.7921304306215,1455.7101509971346,1458.7474628271082,1462.0522084046563,1465.659402878772,1469.5653510892473,1473.7837937581435,1478.154304572115,1482.5399344506002,1486.935698078351,1491.3367419540273,1495.7720365882399,1500.2099196290696,1504.6706417044306,1509.1387045523281,1513.634576240466,1518.1680115036093,1522.722129742431
1447.0225392800237,1449.7646946295554,1452.6618425221513,1455.686118106787,1458.7580026580831,1461.918178574128,1465.1976457536332,1468.744546680713,1472.5938965043604,1476.7420000643674,1481.2025980827952,1485.8152642462985,1490.4430494743156,1495.080968451598,1499.724167676806,1504.4016176605503,1509.0816560509118,1513.7845334758044,1518.4947516732336,1523.2327787109032,1528.0083693235783
1449.894639888077,1452.5646746934594,1455.4768648483737,1458.544047546352,1461.7383579363702,1464.9802772930486,1468.310488014476,1471.7599899993636,1475.476925731826,1479.496310360856,1483.8144487262452,1488.4450815500556,1493.2277825189412,1498.0256025523408,1502.8335563350056,1507.6467903655962,1512.4942751547228,1517.3443483504668,1522.217260580742,1527.0975135835536,1532.0055754266057
1454.3358468861295,1457.0039146033891,1459.8420171260311,1462.922274998205,1466.157525413443,1469.5199035207206,1472.9298905946587,1476.4281690333457,1480.045738735493,1483.9307421852147,1488.1181945315043,1492.6044006141533,1497.4031011552233,1502.3538698413684,1507.3197575920276,1512.295779091952,1517.2770808398022,1522.2926333461883,1527.310774259192,1532.3517542067268,1537.400074926798
1457.2031568160733,1459.9907959131417,1462.9465027274698,1466.0722443471802,1469.4401413164226,1472.963030828729,1476.613048033075,1480.3106742040816,1484.096591739837,1488.0018005390525,1492.1744430858428,1496.6495345292008,1501.4233797089182,1506.5097193470567,1511.7481271302702,1517.0016539779979,1522.2653145749907,1527.5342554199094,1532.837447023364,1538.143227033436,1543.4718460780393
1459.5490518320164,1462.1864053889876,1465.1113980430275,1468.204458414327,1471.4675535910087,1474.9728041172225,1478.6330471865003,1482.420417947818,1486.2553976757956,1490.1786687685226,1494.2212311247094,1498.531227228471,1503.1436722288004,1508.0548709654893,1513.278564160599,1518.654325500784,1524.045205905483,1529.4462200594471,1534.8525144613373,1540.2930596217632,1545.7361931888067
1461.6805220411068,1464.4267243855243,1467.310280286913,1470.4814752853704,1473.8207380010874,1477.3300355221866,1481.0814883928178,1484.9879338065132,1489.0215069122482,1493.1026889846435,1497.272162421788,1501.5609271223923,1506.1171255705713,1510.9757729153182,1516.1331739964244,1521.6030695359516,1527.225033220554,1532.8621159696706,1538.5093324680522,1544.1618292143598,1549.8485767192033
1464.2376833434764,1467.0459700027895,1470.10045900652,1473.2923015672218,1476.771783224992,1480.419332600022,1484.2369167804343,1488.2966563103785,1492.511388383387,1496.853248148435,1501.2427168801432,1505.7204769766006,1510.3175283365179,1515.18201344401,1520.3489474480698,1525.814635188489,1531.5928173873292,1537.5230677312447,1543.4684371396743,1549.423940297369,1555.3847237029895
1465.8608950455837,1468.5313348888785,1471.5100613914863,1474.7349902385115,1478.097272642508,1481.747194143573,1485.5651833618979,1489.5532073856048,1493.7833867588438,1498.168558675147,1502.6808582834897,1507.2407668584929,1511.8889667982448,1516.656458001457,1521.6913829522439,1527.0287567995983,1532.6648843833125,1538.6135064254474,1544.7141966126576,1550.830005864382,1556.9559488653713
1466.8650350427702,1469.6136726493328,1472.53275009919,1475.7601142083604,1479.2336806619483,1482.844600672507,1486.7431597801349,1490.809786605022,1495.0464482352916,1499.525265215093,1504.159074737959,1508.920011952864,1513.7285581344297,1518.625395680744,1523.6415244905188,1528.9250870478681,1534.5110985017852,1540.3958636920618,1546.5931233407593,1552.9424511345321,1559.306897992819
1468.2692288427586,1471.132396095433,1474.24420095467,1477.5264456572017,1481.1169770190465,1484.9537107253088,1488.9277979885421,1493.1895243488445,1497.6193184264062,1502.21914730935,1507.061131541826,1512.0581083173663,1517.1822127849457,1522.353926219186,1527.613931018175,1532.9932270806241,1538.639956890648,1544.5891355972394,1550.8370680401904,1557.3974949415624,1564.1099899880096
1470.1520926755932,1472.9937292686398,1476.1985331143608,1479.6519745666444,1483.2758558622224,1487.2080238171138,1491.3863941164227,1495.7021179727026,1500.3054809260516,1505.0769115966598,1510.01837707265,1515.2019978981725,1520.5406112667595,1526.0063523273855,1531.5197023546723,1537.121343746708,1542.8422764022034,1548.8306428052738,1555.1214581049119,1561.7110271409094,1568.613090635328
1471.1892285446336,1474.048610766036,1477.249629580485,1480.8138156476082,1484.626639321294,1488.6099028382746,1492.9014530145682,1497.4392055352794,1502.1143116129615,1507.077056787713,1512.2078696797234,1517.508717377116,1523.0517204240407,1528.7497160140301,1534.5748392960584,1540.4475715447475,1546.4085951581853,1552.4889100350833,1558.836658659556,1565.4868561805963,1572.4358074379961
1472.647853749298,1475.549792779849,1478.8111140318022,1482.414071876802,1486.3801969744761,1490.594959678713,1494.9801622262444,1499.673651433089,1504.613342984351,1509.6903880925838,1515.0550722978862,1520.5878242204476,1526.290610948391,1532.2355530258667,1538.335487646407,1544.5625499589862,1550.837221238226,1557.2001838822148,1563.6824377896637,1570.4321254446872,1577.4842619962785
1477.0507390597234,1479.7889006228627,1482.929001216553,1486.4284840316454,1490.2696034397845,1494.473890100598,1498.9268143679742,1503.550178478645,1508.4818292486286,1513.65968236303,1518.9748890344022,1524.577734802844,1530.3486482885446,1536.2895965796274,1542.4727002202424,1548.810796403922,1555.2760202796405,1561.7888531220196,1568.3899773291478,1575.110392799736,1582.0982420178989
1480.14514168092,1482.7726320620823,1485.6382840063836,1488.9058749812361,1492.532848177491,1496.501457966792,1500.8332350087678,1505.4136496573062,1510.164504149139,1515.223645300285,1520.5289887958486,1525.9716858483828,1531.7020219979868,1537.6004258648497,1543.6688645370948,1549.9794585588718,1556.4450451237137,1563.0377593805945,1569.6780826041356,1576.406697192426,1583.2546030441765
1482.6928829695398,1485.384156915614,1488.2029212428508,1491.2598471332265,1494.7187120541535,1498.5369591964827,1502.696842931858,1507.2198939199084,1511.991582514521,1516.9337109524283,1522.1841260496487,1527.6807434912866,1533.3147144898953,1539.2363245855736,1545.326002398511,1551.5857150168306,1558.0875829846818,1564.7444434955983,1571.5284316985533,1578.360028868169,1585.2799174025338
1485.2345784050665,1487.973913447872,1490.9045224367521,1493.9626218067945,1497.2588827399757,1500.9570827037085,1505.0146648888433,1509.4138836670245,1514.1762696978803,1519.1872933352988,1524.3687568160117,1529.8585069560377,1535.5944594404814,1541.4677654818956,1547.6287106203797,1553.9577234761227,1560.4567711372479,1567.197974147905,1574.094169701627,1581.1174929473877,1588.188425159809
1492.6973138238845,1495.1526694295094,1497.8473600779398,1500.7333246724447,1503.7467796481117,1506.9983961869177,1510.6519517562754,1514.664889547035,1519.019463930841,1523.7372055673218,1528.7035848103649,1533.8404038967026,1539.2855096423534,1544.976817732422,1550.805479379461,1556.92178012357,1563.2061485849376,1569.6605518516876,1576.3571104679695,1583.2086616273164,1590.187340478702
1500.4328677963351,1502.7455519612402,1505.1028805205203,1507.654899728231,1510.398192882016,1513.2689764169634,1516.3779215150496,1519.8888056436874,1523.7590719937273,1527.9709749368135,1532.5460451325744,1537.3697529348976,1542.3639005805155,1547.6663348854468,1553.2149715347955,1558.9009617411148,1564.8745910445039,1571.0162880651517,1577.3280198911818,1583.881907066744,1590.590786785371
1506.5317971302456,1508.7650314809562,1511.0429102260418,1513.4634604118473,1515.9360298053634,1518.599873144954,1521.3912068657069,1524.4207021495984,1527.8521364640417,1531.642952999887,1535.7754061287787,1540.271026510345,1545.0152844984739,1549.9299823298973,1555.152966820634,1560.6221536557882,1566.2286940479128,1572.1228735371074,1578.1851207435607,1584.4174027553963,1590.891840116764
1511.1424745081833,1513.419593382028,1515.741356650248,1518.2057913591877,1520.7222452758383,1523.2661297989725,1525.9738576616974,1528.8090759055845,1531.8824557126104,1535.357774550188,1539.1924756091676,1543.3688132611935,1547.9083181658941,1552.6964606771573,1557.655043031715,1562.921912045586,1568.4349834038744,1574.0854083191334,1580.0234723314622,1586.1296040610498,1592.4057705960197
1521.3490038316834,1523.5121862365302,1525.720013035752,1528.0705112756937,1530.4565748066955,1532.859092254348,1535.2890403084841,1537.882831702211,1540.6041134770999,1543.5635568151279,1546.9249391837072,1550.6457037736889,1554.7081049567166,1559.1336733924193,1563.8078794346843,1568.652525320244,1573.8054578651168,1579.2045927544073,1584.741081200668,1590.565208743999,1596.5574040045883
1530.6587306881895,1532.6800925832945,1534.7460988727744,1536.954776602974,1539.199019624234,1541.4597165621449,1543.7478441065389,1546.106023596797,1548.557994480782,1551.137455745929,1553.9550785742151,1557.1746404330527,1560.7535845132923,1564.6741651865782,1568.957913112539,1573.490298645062,1578.1931240208798,1583.2042360560106,1588.4615504355593,1593.8562183720783,1599.538525405667
1539.0208611540434,1541.044437601321,1543.112658442974,1545.3235507253466,1547.5700082987794,1549.8329197888631,1552.1232618854299,1554.483655927861,1556.937841364019,1559.4400559161918,1562.0217317335116,1564.8415691139705,1568.063345524981,1571.6445041573936,1575.5672993828523,1579.853261860986,1584.3878619456818,1589.0929018736726,1594.1062284609764,1599.3657573926978,1604.7626398813898
1545.3342042625231,1547.3688002636925,1549.448040659237,1551.6699524955013,1553.9274296228257,1556.201360666801,1558.5027223172594,1560.8741359135822,1563.3393409036319,1565.8503604575235,1568.3635945635879,1570.9562899347993,1573.7871468691499,1577.019942834052,1580.6121210203562,1584.5459357997065,1588.842917831732,1593.3885374703193,1598.1045969522017,1603.128943093397,1608.3994915790101
1551.8291621242315,1553.8757980873434,1555.9670784448301,1558.201030243037,1560.4705473323036,1562.7565183382214,1565.069919950622,1567.4533735088874,1569.9306184608793,1572.4426584228218,1574.9657179386556,1577.4909920066625,1580.0957273398162,1582.9386242361093,1586.1834601629537,1589.7876783112004,1593.733533052493,1598.0425550464608,1602.6002146469905,1607.3283140908154,1612.364700193953
1557.898840695993,1560.053045605935,1562.2518949102518,1564.5934156552887,1566.9705016913854,1569.3640416441333,1571.7850122033642,1574.2760347084595,1576.8608486072815,1579.4684175541115,1582.088026462884,1584.7186549255482,1587.3514979403851,1590.0638022203689,1593.014268063492,1596.3666729371664,1600.0784600322431,1604.131883720366,1608.548474661164,1613.2137032085236,1618.0493715991786
1561.0507814282964,1563.332212552352,1565.6582880707822,1568.1270350299326,1570.6313472801428,1573.1521134470042,1575.7003102203487,1578.3185589395573,1580.9457851536708,1583.6578252666063,1586.39262042755,1589.1394555504357,1591.8973102272134,1594.6573794561639,1597.4969099502612,1600.5746020074978,1604.0542330952856,1607.8932464044758,1612.0738963067122,1616.6177134616237,1621.4101682230967
1567.2105757157733,1569.391058452688,1571.6161855839773,1573.9839841559867,1576.3830357688457,1578.7863996319152,1581.2062174116356,1583.6534657978393,1586.170766129907,1588.6970439568797,1591.3081356826742,1593.9419824564768,1596.587869192222,1599.2447754818586,1601.9038963236683,1604.6424784306246,1607.6192221007202,1610.9979048013672,1614.7359697234165,1618.815671238512,1623.2585400062826
1573.7313103665535,1575.8907695546147,1578.0948731370504,1580.4416481602063,1582.819676224212,1585.2020165384279,1587.6008107692946,1590.0270356066449,1592.5060120577914,1595.0022888410053,1597.5075431191246,1600.0976112960657,1602.7104345210148,1605.3352977079062,1607.9711804486894,1610.6092777416457,1613.3268362997485,1616.2825564209904,1619.640215572784,1623.3572569459798,1627.415934912222
1579.8462370294956,1582.0521213880984,1584.3026501410754,1586.6958503347728,1589.12030356932,1591.5490690540773,1593.9942884554855,1596.4669384633773,1598.9923400850653,1601.5350420388206,1604.0814672093622,1606.633146658023,1609.2696400055054,1611.9288884009961,1614.600176758429,1617.2824846697536,1619.9670071332514,1622.7309908618956,1625.733136153679,1629.1372204760141,1632.9006870197513
1583.0277751386398,1585.3562931003507,1587.7294554564362,1590.245289253242,1592.7923760908975,1595.343775178763,1597.9116281832796,1600.5069117942799,1603.129545397388,1605.7775806221844,1608.442916179048,1611.111974952698,1613.786288004467,1616.5454149550578,1619.3272969536567,1622.121218914198,1624.926160428631,1627.733316495237,1630.6199338269896,1633.7447127218813,1637.271430647325
1592.9524778688217,1595.349968924289,1597.7921043741308,1600.3610774678873,1602.9458843584493,1605.5619442898612,1608.182316471483,1610.8191425697562,1613.4833992745127,1616.1750059713772,1618.89201428993,1621.6263229405502,1624.3643548079563,1627.107640953482,1629.935740997829,1632.7865960901843,1635.649491144482,1638.5234057526714,1641.3995349130337,1644.3551253385428,1647.548877327191
1599.4796863166712,1601.8315726815365,1604.2281034407763,1606.6824987501745,1609.205867153329,1611.7450693532892,1614.3155245940993,1616.8902920851192,1619.4815134927906,1622.1001655069451,1624.7461675132076,1627.4175711411588,1630.1062751011768,1632.7987022779812,1635.4963837329049,1638.27887908665,1641.0841294884035,1643.9014198520993,1646.7297297696866,1649.5602542394472,1652.4702399743544
1604.3239656151834,1606.7683739318636,1609.2574266429183,1611.8043439041314,1614.3968658559463,1617.0127562109158,1619.644480362691,1622.307457555316,1624.9747469981507,1627.658490357637,1630.3696643236065,1633.1081882816839,1635.8721138614499,1638.6533397732828,1641.438288901902,1644.2284923086406,1647.103509614201,1650.0012819677693,1652.91109428328,1655.8319261526822,1658.7549725742576
1608.8340115809006,1611.5458532343546,1614.302339282183,1617.069772618957,1619.884123216944,1622.7440785055328,1625.627402197276,1628.5265596858253,1631.4569702152241,1634.3916929948327,1637.3428696910928,1640.3214769938363,1643.3274342886875,1646.3587932052274,1649.4074524538341,1652.4598349192274,1655.5174716627398,1658.659922305074,1661.825127995416,1665.0023736477008,1668.1906388538769
1611.3328389980932,1614.0635643518926,1617.0061313591464,1619.9933427607746,1622.9915014513479,1626.0365774031347,1629.127258045523,1632.241307091066,1635.3711899334146,1638.5323258166131,1641.6977739500212,1644.879676000081,1648.0890086566242,1651.3256913052749,1654.5877755756144,1657.8671601780206,1661.1502679972136,1664.4386300945255,1667.8118060906593,1671.2077371348012,1674.6157081408853
1614.225122883348,1616.9699891236485,1619.9455807177485,1623.1330139653026,1626.3650916072313,1629.6081165381052,1632.8980587301924,1636.233605612881,1639.5925208987246,1642.9672699813739,1646.3732721048727,1649.7835864785814,1653.2103547689417,1656.6645536657854,1660.1461025547364,1663.6530530653765,1667.1773039080833,1670.7052779675769,1674.238506305189,1677.8565485416234,1681.4973458260658
1616.2923652843212,1619.131361879021,1622.2152247140211,1625.529812902821,1629.0562427450748,1632.6273169817032,1636.2093385072767,1639.8382772940636,1643.5128207714522,1647.2107326519954,1650.9244783293443,1654.6694770475428,1658.4187880159511,1662.184552901011,1665.9777483925548,1669.7982938762054,1673.6442409815452,1677.5074884189517,1681.3744590731449,1685.246684005457,1689.203722836591
1619.1772006823971,1622.0540095568185,1625.2698150259396,1628.7304867353612,1632.4218837985825,1636.3251225152576,1640.2730056263076,1644.2318360263025,1648.2375836875108,1652.2889360393208,1656.3636567942854,1660.4542113460557,1664.5760189386758,1668.7021387815055,1672.8447125409868,1677.014716906952,1681.212071265024,1685.434827244785,1689.674883556613,1693.9186630852278,1698.1676968919612
1621.7154910063593,1624.5949698080913,1627.8512574842448,1631.4465417550978,1635.2866922662515,1639.3575681312047,1643.640285649612,1647.967647562394,1652.305956764121,1656.6911832270612,1661.1220143806033,1665.5762139372998,1670.0462472908023,1674.5475336851543,1679.0531323297162,1683.5751848909297,1688.1246680586266,1692.7015012184308,1697.303735999924,1701.923271113484,1706.5465294438307
1624.0769498846164,1626.7864600019232,1629.8754489209616,1633.341246714422,1637.1460411025816,1641.1957017310422,1645.476087713302,1649.968315349016,1654.5051873791047,1659.0530066981382,1663.6477432783852,1668.288084549234,1672.9517942232374,1677.6313376940464,1682.3421342057052,1687.0572429675738,1691.788805646094,1696.5477989310975,1701.3341422082085,1706.1458871070083,1710.9749323378749
1625.9472211938553,1628.7211793015629,1631.7046475265772,1635.0675945533233,1638.807350454491,1642.8861029503582,1647.2097216865263,1651.7640657764937,1656.530251519915,1661.3410816577114,1666.1628590844525,1671.0315537724068,1675.9458531509633,1680.8835209326742,1685.8370225111908,1690.821777130557,1695.810844000133,1700.816364786361,1705.849316179072,1710.9096175638904,1715.9953205703978
1629.4022254747301,1632.0258522338015,1634.9234371005807,1638.0305320846664,1641.517105870484,1645.3804885307231,1649.582867785662,1654.0301132809016,1658.7080841299403,1663.5978966324333,1668.532353529301,1673.4777577151137,1678.4700791621394,1683.5080052997675,1688.5692998405498,1693.6464281781377,1698.7548095565755,1703.867503185223,1708.9966507305226,1714.153228882305,1719.337157026195
1636.5322726876786,1638.878162815402,1641.347679702197,1644.0911546966997,1647.044139808509,1650.37660372205,1654.0858765100127,1658.1341458926752,1662.427281515638,1666.9511424924003,1671.686845122617,1676.4671921472082,1681.2584864607443,1686.0966980354935,1690.9805143008452,1695.8876989693508,1700.8107174346624,1705.7649889408237,1710.7235726971949,1715.6986103702177,1720.7010786497237
1642.694787752673,1644.939858695674,1647.3085563977468,1649.7077372130245,1652.350393022805,1655.2025589498921,1658.434203678711,1662.0426572819515,1665.9901074798918,1670.1824239181324,1674.6054657101724,1679.2403491556668,1683.9198769955358,1688.6103521243497,1693.3477445143767,1698.1307415950064,1702.9371070787897,1707.759306359379,1712.6127586808182,1717.470523252467,1722.3447417407676
1646.0787277987545,1648.4026061732661,1650.8501113068494,1653.3280995536377,1655.9069069851482,1658.6283702264393,1661.559343585037,1664.8697957453662,1668.5570567801174,1672.5833144095682,1676.8544382793193,1681.35628750287,1686.0699783798748,1690.8283136512543,1695.5975962115788,1700.4137960331163,1705.2756005452566,1710.1607734605504,1715.0617801726503,1719.9940399256,1724.9306119287596
1649.0267713136452,1651.5546164723928,1654.2060883902122,1656.8880434212365,1659.5920102054727,1662.3747844212191,1665.3002144467464,1668.43515458958,1671.9495735341454,1675.8408013531325,1680.0710257668195,1684.5461164208066,1689.2519324285931,1694.1695900898342,1699.1318921454497,1704.1051414900103,1709.1253080957838,1714.1910793921602,1719.28021909169,1724.385192588026,1729.5214191252117
1660.2058962716865,1662.433923624641,1664.6897961363431,1667.0692954071174,1669.4792777910961,1671.911271928287,1674.422073496988,1677.0755308754701,1679.9384983712582,1683.1809446687782,1686.80019984072,1690.7584516073616,1694.9615696143035,1699.3954129750446,1704.0410979892401,1708.7314273978104,1713.4327040953256,1718.1808980540538,1722.9746967033848,1727.7918637558691,1732.62486460516
1669.5559190917186,1671.5223021717507,1673.5165304105303,1675.6343854083823,1677.7827235194386,1679.953073383707,1682.1914291107846,1684.4405864065634,1686.832399512123,1689.4337227349886,1692.4145247595864,1695.7721356586057,1699.4687431523248,1703.4102168863442,1707.582415974163,1711.9664567154362,1716.395141851084,1720.8347742756769,1725.3213239614827,1729.8534783378911,1734.409001117453
1676.319216447332,1678.1893676507525,1680.0873640129205,1682.1089871341608,1684.1610933686054,1686.2352113562622,1688.377335206728,1690.5302606258952,1692.825841854843,1695.2296099782313,1697.7347013244853,1700.6192714724714,1703.880650494879,1707.4810261119865,1711.3262679693942,1715.4022351806013,1719.6900440452628,1724.022497304299,1728.36589785228,1732.7562156614742,1737.192138161271
1681.5270756801244,1683.3387868776447,1685.1783432339125,1687.1415263492527,1689.1351925777974,1691.150870559554,1693.2345544041198,1695.3290398173867,1697.5661810404345,1699.9115091579226,1702.3530691520225,1704.7997204923763,1707.6258506344623,1710.8287896509698,1714.3707252621773,1718.1575271136849,1722.175054318992,1726.4044231777532,1730.6784364308892,1734.9633969729703,1739.2952747762643
1691.0896488381866,1692.8291001034754,1694.596396527512,1696.4873197106208,1698.408726006934,1700.3521440564593,1702.3635679687936,1704.3857934498292,1706.5506747406457,1708.8237429259025,1711.193042987771,1713.5674343958933,1715.995174463662,1718.7490446735164,1721.8797237577928,1725.3493994367689,1729.063941356045,1733.0092086291206,1737.1663175556505,1741.3680708765553,1745.580771486405
1699.4851810763812,1701.0974712828317,1702.73760664803,1704.5013687723003,1706.2956140097754,1708.111871000462,1709.996133853958,1711.8911982761554,1713.9289185081334,1716.0748256345519,1718.316964637582,1720.564194986866,1722.8647739957962,1725.237612936958,1727.864322087974,1730.867840113412,1734.2103547335498,1737.7977355939875,1741.6158418082248,1745.6457896759164,1749.7203819379827
1705.2541207390323,1706.8838654518245,1708.541455323364,1710.3226719539762,1712.1343716977926,1713.968083194821,1715.8698005546587,1717.7823194831974,1719.837494221517,1722.000855854277,1724.2604493636488,1726.5251342192744,1728.8431677345461,1731.2334611820495,1733.7509156883912,1736.3950793457486,1739.4160518775284,1742.7760210040076,1746.380856370787,1750.2164170913659,1754.263819465399
1711.8367459393048,1713.4516115200672,1715.094322259577,1716.8606597581593,1718.657480369946,1720.4763127349445,1722.3631509627523,1724.2607907592612,1726.3010863655509,1728.449568866281,1730.694283243623,1732.9440889672187,1735.2472433504606,1737.6226576659342,1740.1077785339044,1742.6103539082162,1745.2396384335439,1748.2457318332938,1751.5908218277432,1755.1807780624927,1759.0014596510418
1722.012241229982,1723.3127227322345,1724.6410493932347,1726.093002813307,1727.575439346584,1729.0798876330728,1730.6523417823707,1732.23559750037,1733.9615090281497,1735.7956074503702,1737.7259377492023,1739.6613593942884,1741.6501296990205,1743.7111599359844,1745.8818967254447,1748.0675126469348,1750.255703942737,1752.5706043895548,1755.262313710795,1758.2930196267346,1761.5685917829744
1730.6469131608765,1731.6900799082616,1732.7610918143941,1733.9557304795992,1735.1808522580086,1736.4279857896297,1737.7431251840603,1739.069066147192,1740.5376629201044,1742.1144465874572,1743.787462131422,1745.4655690216405,1747.197024571505,1749.0007400536015,1750.9141620881942,1752.842463254817,1754.7733397957516,1756.8309254877017,1759.0736107328344,1761.508005299207,1764.2813964602792
1734.2833563831748,1735.3149520352908,1736.3743928461543,1737.5574604160902,1738.7710110992305,1740.0065735355827,1741.3101418347442,1742.6245117026067,1744.08153738025,1745.6467499523337,1747.3081944010296,1748.974730195979,1750.6946146505743,1752.4867590374017,1754.3886099767253,1756.3053400480792,1758.2246454937447,1760.2706600904257,1762.5017742402893,1764.924597711393,1767.413026616124
1742.1811728970933,1743.1636975713557,1744.1740674043654,1745.3080639964473,1746.472543701734,1747.6590351602324,1748.91353248154,1750.1788313715488,1751.5867860713383,1753.1029276655684,1754.7153011364103,1756.332765953506,1758.0035794302476,1759.7466528392213,1761.599432800691,1763.467091894191,1765.3373263620028,1767.33426998083,1769.5163131528398,1771.8900656460899,1774.329423572967
1753.6093126276198,1754.5731603499519,1755.5648532310313,1756.6801728711832,1757.8259756245395,1758.9937901311077,1760.229610500485,1761.4762324385636,1762.865510186423,1764.3629748287228,1765.9566713476345,1767.5554592127999,1769.2075957376112,1770.9319921946549,1772.7660952041942,1774.6150773457641,1776.4666348616456,1778.4449015285425,1780.6082677486222,1782.963343289942,1785.384024264889
1763.6895543077624,1764.5347247907741,1765.407740432533,1766.4043828333647,1767.4315083474007,1768.4806456146484,1769.5977887447054,1770.7257334434635,1771.9963339520027,1773.375121354982,1774.8501406345733,1776.3302512604182,1777.8637105459093,1779.4694297636327,1781.1848555338515,1782.9151604361011,1784.6480407126621,1786.5076301402387,1788.552319120998,1790.7887174229975,1793.0907211586239
1769.9984536741972,1770.8086944814772,1771.6467804475044,1772.6084931726043,1773.6006890109086,1774.6148966024243,1775.6971100567496,1776.7901250797759,1778.0257959125834,1779.3696536398309,1780.8097432436903,1782.2549241938034,1783.7534538035627,1785.3242433455544,1787.0047394400415,1788.700114666559,1790.3980652673883,1792.2227250192332,1794.2324843242607,1796.4339529505285,1798.7010270104229
1775.84143611853,1776.8046251692442,1777.7956593787057,1778.9103203472398,1780.0554644289782,1781.222620263928,1782.4577819616875,1783.7037452281481,1785.0923643043898,1786.5891702750714,1788.182208122365,1789.7803373159122,1791.4318151691057,1793.1555529545317,1794.988997292453,1796.8373207624047,1798.688219606668,1800.665827601947,1802.828535150409,1805.1829520201109,1807.6029743234394
1786.6398913486723,1787.5539003975243,1788.4957546051237,1789.5612355717956,1790.6571996516718,1791.7751754847595,1792.9611571806568,1794.1579404452552,1795.4973795196347,1796.9450054884542,1798.4888633338855,1800.0378125255706,1801.640110376902,1803.3146681604658,1805.0989324965249,1806.8980759646145,1808.6997948070157,1810.6282228004325,1812.7417503470322,1815.046987214872,1817.4178295163383
1793.9926577163842,1794.8668697581472,1795.7689269586576,1796.7946109182403,1797.8507779910276,1798.9289568170263,1800.0751415058344,1801.232127763344,1802.5317698306344,1803.939598792365,1805.443659630707,1806.9528118153032,1808.5153126595455,1810.1500734360202,1811.8945407649903,1813.653887225991,1815.4158090613032,1817.3044400476308,1819.3781705871415,1821.6436104478923,1823.9746557422695
1801.9605443994894,1803.0479738011973,1804.1632483616522,1805.4021496811797,1806.6715341139118,1807.962930299855,1809.322332348608,1810.692535966062,1812.2053953932973,1813.8264417149726,1815.5437199132593,1817.2660894578003,1819.0418076619874,1820.8897857984066,1822.8474704873215,1824.820034308267,1826.7951735035238,1828.8970218497961,1831.1839697492517,1833.662626969947,1836.206889624269
1812.1126510017284,1813.0215165744728,1813.958227305964,1815.0185647965282,1816.1093854002968,1817.2222177572764,1818.4030559770658,1819.5946957655563,1820.9289913638281,1822.3714738565398,1823.910188225863,1825.4539939414403,1827.051148316664,1828.7205626241196,1830.499683484071,1832.293683476053,1834.0902588423462,1836.0135433596552,1838.121927430147,1840.422020821879,1842.7434569929153
1821.3112514569925,1822.0591403087062,1822.8348743191666,1823.7342350887,1824.6640789714377,1825.6159346073866,1826.635796106145,1827.6664591736048,1828.8397780508458,1830.1212838225265,1831.4990214708191,1832.8818504653655,1834.3180281195584,1835.826465705983,1837.4446098449039,1839.077633115855,1840.7132317611174,1842.4755395573955,1844.4229469068564,1846.5620635775576,1848.722523027563
1831.8610282977477,1832.5165568329073,1833.199930526814,1834.0069309797934,1834.8444145459773,1835.7039098653722,1836.6314110475769,1837.5697137984828,1838.6506723591697,1839.8398178142966,1841.1251951460354,1842.415663824028,1843.7594811616668,1845.1755584315376,1846.7013422539046,1848.2420052083016,1849.7852435370103,1851.4551910167345,1853.3102380496416,1855.3569944037888,1857.4250935372404
1839.0225016151815,1839.4908350275516,1839.9870135986687,1840.6068189288587,1841.2571073722531,1841.9294075688588,1842.669713628274,1843.4208212563904,1844.3145846942878,1845.3165350266252,1846.4147172355745,1847.5179907907775,1848.674613005627,1849.9034951527083,1851.2420838522858,1852.5955516838933,1853.9515948898127,1855.4343472467474,1857.102199156865,1858.9617603882227,1860.8426643988848
1846.4847520051655,1846.7884292621916,1847.1199516779643,1847.5751008528102,1848.0607331408605,1848.568377182122,1849.1440270861929,1849.7304785589652,1850.4595858415184,1851.2968800185117,1852.2304060721167,1853.1690234719756,1854.160989531481,1855.2252155232181,1856.3991480674513,1857.5879597437147,1858.77934679429,1860.0974429958806,1861.6006387506538,1863.2955438266674,1865.0117916819854
1856.1496611261755,1856.4963818462666,1856.8709477251045,1857.3691403630155,1857.897816114131,1858.4485036184576,1859.0671969855937,1859.696691921431,1860.4688426670496,1861.3491803071079,1862.325749823778,1863.307410686702,1864.3424202092726,1865.4496896640749,1866.6666656713733,1867.8985208107017,1869.1329513243422,1870.4940909889979,1872.0403302068364,1873.778278745915,1875.5375700642983
1863.1289159813932,1863.534966103229,1863.9688613838116,1864.5263834234672,1865.1143885763274,1865.7244054823987,1866.4024282512794,1867.0912525888614,1867.9227327362246,1868.8623997780276,1869.8982986964422,1870.9392889611108,1872.033627885426,1873.200226741973,1874.476532151016,1875.7677166920892,1877.0614766074743,1878.4819456738746,1880.0875142934578,1881.8847922342811,1883.7034129544088
1867.4850808416431,1867.9619184450423,1868.4666012071882,1869.0949107284073,1869.753703362831,1870.4345077504656,1871.1833180009098,1871.942929820055,1872.8451974489817,1873.8556519723481,1874.9623383723263,1876.0741161185583,1877.2392425244368,1878.4766288625472,1879.8237217531537,1881.1856937757902,1882.5502411727389,1884.0414977207024,1885.717853821849,1887.5859192442358,1889.475327445927
1873.7547361603029,1874.5000940055736,1875.2732970095908,1876.1701267726812,1877.0974396489764,1878.0467642784824,1879.064094770798,1880.0922268318145,1881.2630147026127,1882.5419894678505,1883.9171961097,1885.2974940978036,1886.7311407455534,1888.237047325535,1889.8526604580131,1891.483152722521,1893.116220361341,1894.875997151176,1896.820873494194,1898.9574591584521,1901.1153876020146
1879.621072987763,1880.530774770061,1881.4683217111055,1882.5294954112233,1883.6211522245455,1884.7348207910788,1885.9164952204217,1887.1089712184655,1888.444103026291,1889.8874217285559,1891.4269723074326,1892.9716142325635,1894.5696048173406,1896.2398553343494,1898.0198124038548,1899.81464860539,1901.6120601812372,1903.5361809080994,1905.6454011881447,1907.94633078943,1910.2686031700198
1884.9736145425484,1886.0083245585326,1887.0708797332634,1888.257061667067,1889.4737267140756,1890.7124035142951,1892.019086177324,1893.336570409054,1894.7967104505658,1896.3650373865166,1898.0295961990796,1899.6992463578968,1901.4222451763599,1903.2175039270548,1905.1224692302465,1907.0423136654676,1908.9647334750011,1911.0138624355495,1913.2480909492808,1915.6740287842524,1918.1213093985284
1891.0114639823075,1892.2026767234183,1893.4217346232754,1894.7644192822054,1896.1375870543404,1897.5327665796863,1898.9959519678414,1900.469938924698,1902.086581691336,1903.8114113524132,1905.6324728901027,1907.4586257740461,1909.3381273176356,1911.289888793457,1913.351356821775,1915.4277039821225,1917.5066265167823,1919.7122582024572,1922.1029894413148,1924.6854300014127,1927.2892133408152
1895.810124005743,1896.9011771979049,1898.0200755488127,1899.2626006587934,1900.5356088819792,1901.830628858376,1903.193654697582,1904.5674821054893,1906.0839653231783,1907.7086354353062,1909.4295374240464,1911.1555307590406,1912.934872753681,1914.7864746805533,1916.747783159922,1918.7239707713202,1920.702733757031,1922.8082058937566,1925.098777583665,1927.4986180347157,1929.9808990458646
1901.4500761552547,1902.446285823775,1903.4703406510414,1904.6180222373807,1905.7961869369249,1906.9963633896803,1908.2645457052447,1909.5435295895104,1910.965169283558,1912.4949958720445,1914.121054337143,1915.7522041484958,1917.4367026194948,1919.1934610227256,1921.0599259784526,1922.9412700662094,1924.8251895282788,1926.8358181413628,1929.0315463076297,1931.336543235039,1933.7239807225465
1905.417915531546,1906.3422352684659,1907.294400164132,1908.370191818871,1909.4764665868147,1910.6047531079698,1911.801045491934,1913.0081394445992,1914.3578892070466,1915.8158258639328,1917.3699943974311,1918.9292542771834,1920.5418628165821,1922.2267312882127,1924.0213063123392,1925.8307604684958,1927.6427899989649,1929.5815286804484,1931.705366915115,1933.9384739109241,1936.254021466831
1909.8301883229874,1910.7790052509627,1911.7556673376841,1912.8559561834786,1913.9867281424777,1915.1395118546882,1916.360301429708,1917.5918925734286,1918.9661395269313,1920.448573374873,1922.0272390994267,1923.6109961702343,1925.2481019006887,1926.9574675633746,1928.7765397785565,1930.6104911257685,1932.447017847293,1934.4102537198319,1936.5585891455542,1938.8161933324186,1941.156238079381
1914.6970377448886,1915.9036062091702,1917.138019832198,1918.4960602142992,1919.8845837096046,1921.2951189581215,1922.7736600694477,1924.263002749475,1925.895001239284,1927.635186623532,1929.4716038843924,1931.3131124915064,1933.2079697582672,1935.1750869572595,1937.251910708748,1939.3436135922664,1941.4378918500972,1943.6588792589425,1946.0649662209714,1948.5803219441423,1951.178118227411
1922.7398543758538,1924.2580118899978,1925.804014562888,1927.4736439948513,1929.173756540019,1930.8958808383982,1932.6860109995866,1934.4869427294761,1936.4305302691475,1938.4823047032578,1940.6303110139804,1942.7834086709568,1944.9898549875797,1947.2685612364344,1949.6569740377852,1952.0602659711658,1954.466133278859,1956.9987097375665,1959.7163857494577,1962.52797479932,1965.354919572353
1937.9963597734504,1939.2692482517002,1940.569981888696,1941.9943422847653,1943.4491857940388,1944.9260410565237,1946.470902181818,1948.0265648758134,1949.7248833795904,1951.5313887778066,1953.434126052635,1955.3419546737173,1957.303131954446,1959.3365691674064,1961.479712932863,1963.6377358303494,1965.7983341021484,1968.0530650662542,1970.3403724890675,1972.8127794650645,1975.3790994790327
1969.1392412504545,1969.9297289761557,1970.748061860603,1971.6900215041237,1972.6624642608485,1973.6569187707848,1974.7193791435307,1975.7926410849775,1977.0085588362058,1978.3326634818734,1979.7530000041534,1981.1784278726868,1982.657204400867,1984.208240861279,1985.868983874187,1987.5446060191246,1989.222803538375,1990.9951337499324,1992.800040420197,1994.7900466436454,1996.8076458910969
1992.5502341858842,1992.9921705309187,1993.4619520346994,1994.0553602975535,1994.6792516736118,1995.3251548028816,1996.0390637949606,1996.763774355741,1997.6311407263026,1998.6066939913037,1999.678479132917,2000.7553556207838,2001.8855807682974,2003.0880658480428,2004.4002574802844,2005.727328244555,2007.056974383139,2008.4807532140298,2009.937108503628,2011.5785633464097,2013.2476112131944
2015.7044213021356,2015.96271502504,2016.2488539066906,2016.6586195474147,2017.0988683013427,2017.5611288084824,2018.0913951784314,2018.6324631170814,2019.3161868655131,2020.108097508384,2020.996240027867,2021.8894738936037,2022.8360564189873,2023.8548988766026,2024.983447886714,2026.1268760288547,2027.2728795453083,2028.513015754069,2029.785728421537,2031.2435406421887,2032.7289458868433
2045.5961655733583,2045.7439084985174,2045.9194965824222,2046.218711425401,2046.5484093815833,2046.9001190909776,2047.319834663181,2047.7503518040855,2048.323524754772,2049.004884599897,2049.7824763216345,2050.565159389626,2051.401191117264,2052.309482777134,2053.3274809894992,2054.3603583338945,2055.3958110526028,2056.525396463618,2057.6875583333403,2059.0348197562466,2060.4096742031556
2071.201991842631,2071.016449030018,2070.8587513761513,2070.8246804813584,2070.821092699769,2070.8395166713917,2070.9259465058235,2071.0231779089563,2071.263065121871,2071.611139229225,2072.0554452131905,2072.50484254341,2073.0075885332767,2073.582594455375,2074.2673069299685,2074.9668985365925,2075.669065517529,2076.4653651907724,2077.2942413227233,2078.308217007858,2079.349785716995
2095.796026502362,2095.5247626738096,2095.281344004003,2095.1615520932705,2095.072243295742,2095.004946251425,2095.005655069917,2095.01716545711,2095.171331654085,2095.4336847454997,2095.7922697135255,2096.1559460278054,2096.572971001732,2097.0622559078906,2097.661247366545,2098.275117957229,2098.891563922226,2099.6021425795298,2100.345297695541,2101.273552364736,2102.2294000579336
2111.2680392283332,2110.939830534653,2110.639466999719,2110.4627302238587,2110.3164765612023,2110.192234651757,2110.1359986051216,2110.090564127187,2110.1877854590343,2110.3931936853214,2110.694833788219,2111.0015652373713,2111.3616453461705,2111.7939853872012,2112.336031980728,2112.892957706284,2113.452458806153,2114.1060925983293,2114.792302849213,2115.6636126532803,2116.5625154813497
2126.1659601929764,2125.6550203976926,2125.171925761155,2124.812457883691,2124.483473119431,2124.1765001083822,2123.937532960143,2123.709367380605,2123.6238576108485,2123.646534735532,2123.765443736826,2123.8894440843746,2124.06679309157,2124.3164020309973,2124.6757175229204,2125.049912146873,2125.4266821451383,2125.897584835711,2126.4010639849907,2127.0896426874547,2127.8058144139204
2138.2887806990834,2137.675012854018,2137.0890901676985,2136.6267942404525,2136.194981426411,2135.7851803655803,2135.4433851675594,2135.112391538239,2134.924053718701,2134.843902793603,2134.859983745115,2134.8811560428817,2134.9556770002955,2135.102457889941,2135.3589453320824,2135.6303119062527,2135.9042538547365,2136.2723284955273,2136.672979595025,2137.2587302477073,2137.8720739243913
2152.414745860556,2151.8333594668507,2151.2798182318916,2150.8499037560055,2150.450472393324,2150.0730527838537,2149.763639037193,2149.4650268592327,2149.309070491055,2149.261301017317,2149.3097634201895,2149.363317169316,2149.47021957809,2149.6493819190955,2149.9382508125973,2150.2419988381275,2150.5483222379717,2150.9487783301224,2151.3818108809805,2151.9999429850227,2152.645668113067
2170.9203889744217,2170.060745121703,2169.2289464277305,2168.520774492831,2167.8430856711366,2167.187408602653,2166.599737396979,2166.0228677600053,2165.5886539328144,2165.262627000063,2165.0328319439222,2164.8081282340354,2164.6367731837963,2164.5376780657884,2164.548289500277,2164.573780066794,2164.6018460076248,2164.7240446407627,2164.8788197326076,2165.2186943776364,2165.5861620466676
2193.2152485338415,2191.888095466644,2190.5887875581925,2189.413106408814,2188.2679083726402,2187.1447220896775,2186.089541669525,2185.045162818072,2184.1434397764024,2183.349903629172,2182.6525993585524,2181.9603864341866,2181.3215221694686,2180.754917836982,2180.2980200569914,2179.8560014090294,2179.4165581353814,2179.0712475540404,2178.7585134314063,2178.6308788619563,2178.530837316508
2211.9656497765573,2210.2896243218665,2208.6414440259223,2207.116890489051,2205.622820065384,2204.1507613949284,2202.7467085872827,2201.353457348337,2200.1028619191743,2198.960453384451,2197.9142767263384,2196.8731914144796,2195.8854547622686,2194.969978042289,2194.1642078748055,2193.373316839351,2192.58500117821,2191.890818209376,2191.229211699249,2190.752704742306,2190.3037908093647
2223.854584028156,2222.009637307728,2220.192535746047,2218.499060943439,2216.836069254035,2215.1950893178423,2213.6221152444596,2212.0599427397774,2210.6404260448776,2209.329096244417,2208.1139983205676,2206.903991742972,2205.7473338250243,2204.6629358393075,2203.688244406087,2202.7284321048955,2201.771195178018,2200.908090943447,2200.077563167583,2199.432134944903,2198.8142997462246
2234.206381695532,2232.0358036166654,2229.8930706965452,2227.8739645354985,2225.8853414876558,2223.918730193024,2222.0201247612026,2220.1323208980816,2218.387172844743,2216.7502116858436,2215.2094824035553,2213.67384446752,2212.191555191134,2210.781525846978,2209.481203055319,2208.1957593956886,2206.912891110372,2205.7241555173623,2204.5679963830594,2203.5969368019405,2202.6534702448234
2242.6749997943884,2240.1759816572758,2237.7048086789096,2235.357262459617,2233.040199353528,2230.7451480006503,2228.518102510583,2226.301858589216,2224.228270477631,2222.262869260486,2220.3936999199514,2218.52962192567,2216.7188925910377,2214.9804231886365,2213.351660338731,2211.7377766208547,2210.126468277292,2208.609292626036,2207.124693433487,2205.8251937941222,2204.5532871787595
2253.095382159517,2250.2456131171443,2247.4236892335184,2244.7253921089655,2242.057578097617,2239.411775839479,2236.8339794441517,2234.266984617525,2231.84264560068,2229.5264934782745,2227.3065732324803,2225.091744332939,2222.930264093047,2220.8410437853854,2218.86153003022,2216.896895407084,2214.934836158261,2213.066909601745,2211.2315595039363,2209.581308959311,2207.958651438689
2259.8821631187657,2256.817760491081,2253.87698462247,2250.9666918670628,2248.0784108648663,2245.2581357254808,2242.4486621547953,2239.706183410737,2237.0393656498336,2234.4807347833694,2232.018335793517,2229.561028149917,2227.1570691659663,2224.8253701142467,2222.6033776150225,2220.396264247828,2218.191726254947,2216.081320954372,2214.0034921125052,2212.1107628238215,2210.245626559141
2270.4467310316554,2267.204391920362,2263.9925359222725,2260.802691677394,2257.680853295326,2254.5698164819582,2251.525774495218,2248.557393491632,2245.6971993824855,2242.895636139803,2240.1316739072686,2237.3728030209863,2234.667280794353,2232.034018499951,2229.5104627580445,2227.001786148168,2224.4956849126042,2222.0837163693473,2219.704324284798,2217.510031753432,2215.343332246069
2279.8210458714125,2276.300137886447,2272.8012416546917,2269.370351285748,2265.950262485504,2262.5971685118875,2259.3197355214256,2256.150489425403,2253.0398741958447,2249.9668599764336,2246.8989371032753,2243.8843628897657,2240.9420486084878,2238.1094408797053,2235.2917122829526,2232.476559060513,2229.667507073637,2226.9464865435034,2224.258042472078,2221.754697953836,2219.278946459597
2288.3951717948507,2284.7846990358426,2281.242232139646,2277.7105668121494,2274.2458963112804,2270.8568867935655,2267.57606417029,2264.353872413479,2261.169281666815,2257.9897822664043,2254.8636315256417,2251.8097407171113,2248.865556461076,2245.93625133707,2243.009521587378,2240.088893073249,2237.256296015863,2234.4562754171848,2231.84135437169,2229.229777844437,2226.6424498229453
2298.1977393740226,2294.680876885612,2291.1748159659014,2287.7357498728184,2284.3723447628895,2281.1171265474,2277.920539198375,2274.761552859497,2271.607657866872,2268.5071115338956,2265.4788251331506,2262.560245284901,2259.6565445686815,2256.7554192267753,2253.8603951204323,2251.053402470832,2248.27898627994,2245.6896696422314,2243.1036975227644,2240.5419739090585,2238.0675783168444
2303.285854323702,2299.7903438361063,2296.3618281751383,2293.0089734973244,2289.76430571395,2286.57826879704,2283.429832890277,2280.286488329767,2277.1964924289055,2274.1787564602755,2271.270727044141,2268.3775767600364,2265.487001850245,2262.602528176017,2259.806085958532,2257.0422201997553,2254.4634539941617,2251.8880323068097,2249.336859125219,2246.847409557334,2244.3835643972347
2312.6793249346124,2309.095959558336,2305.588255165214,2302.1887376665313,2298.847851034313,2295.544565412242,2292.246371136424,2289.001525520254,2285.828939836316,2282.7660607048733,2279.71806070546,2276.672636080361,2273.633312690825,2270.6820207580313,2267.7633052839465,2265.029689363045,2262.2994179603843,2259.5933950634853,2256.9385453481773,2254.294246064984,2251.6755511895767
2319.835978710287,2316.3021938830702,2312.8765959502934,2309.5096288839804,2306.180262827815,2302.8559881179026,2299.5850620676383,2296.3863959496057,2293.297436384069,2290.223355950561,2287.1518508913678,2284.086447067737,2281.1090747008493,2278.16427879267,2275.404582437674,2272.648230600919,2269.9161272699253,2267.235197120523,2264.564817403235,2261.9200420937336,2259.393961659639
2323.4358574784287,2320.0114987878997,2316.645770963834,2313.3176441499163,2309.9946086822515,2306.724921874235,2303.52749499845,2300.439774675161,2297.366933483901,2294.2966676669553,2291.2325030855723,2288.2563699609323,2285.312813295,2282.554356182252,2279.7992435877445,2277.0683794989986,2274.388688591844,2271.7195481168037,2269.07601204955,2266.5511708577033,2264.052410099951
2325.773410644252,2322.5266623688663,2319.3175151036285,2316.1134591846435,2312.9627519253067,2309.8843045982017,2306.9155638235925,2303.9617021810122,2301.0104159127463,2298.065230880043,2295.208077304083,2292.3835001868306,2289.7440226227623,2287.1078895769347,2284.4960050368686,2281.935293678394,2279.3851327520333,2276.8605762334596,2274.4547145902925,2272.0736941389723,2269.6939129299
2331.7099634594165,2328.52945999141,2325.354047869656,2322.23198440755,2319.1821808776763,2316.242083900298,2313.3168660549486,2310.394223583914,2307.4776823484417,2304.6491725697124,2301.8532392496913,2299.242405482854,2296.634916234257,2294.0516754914224,2291.5196079301786,2288.998090801049,2286.5021780797065,2284.0308218769374,2281.6536040310016,2279.3012273769123,2276.9500899650707
2345.4506401727103,2341.9186755035194,2338.4400594939766,2335.033703416666,2331.737053891851,2328.4552834990645,2325.176088480593,2321.902994697684,2318.7179323715177,2315.5654465040598,2312.5980601897854,2309.634018393752,2306.69422510348,2303.8056049947995,2300.927535318233,2298.070982770796,2295.2185175020168,2292.3906087518108,2289.656838358438,2286.9479091569115,2284.240219197633
2359.5333406232326,2355.748108634609,2352.035136578217,2348.431871074321,2344.8434847024537,2341.257673704901,2337.677963942911,2334.186285637664,2330.727183791125,2327.4531814977695,2324.182523722655,2320.9361144533027,2317.740878365541,2314.5561927098934,2311.3930241833755,2308.233942935515,2305.099418206228,2302.0590318337745,2299.043486653167,2296.0291807148074,2293.2225647357263
2377.7695547111493,2373.5900984526043,2369.5203487465546,2365.465478172534,2361.413182972828,2357.3669890086844,2353.408826501284,2349.4832404525914,2345.7427539570826,2342.005611979814,2338.2927185083086,2334.6309982183934,2330.9798283605924,2327.350175631921,2323.7246101819073,2320.123601250467,2316.61673067586,2313.1347012930987,2309.653911152586,2306.380810971351,2303.4143267691975
2391.795665685444,2387.2236597009637,2382.666532848513,2378.1119813703763,2373.5635311278024,2369.103112341971,2364.6752700148486,2360.4325272409096,2356.1931289852105,2351.9779792352747,2347.814002666929,2343.6605765306977,2339.5286675235957,2335.400845795152,2331.297580585281,2327.2884537322434,2323.304168071052,2319.3211216521086,2315.5457651924435,2312.0770247118594,2309.074768433429
2400.588395926005,2395.668028201384,2390.7502358510774,2385.8385447363335,2381.0148850783326,2376.22380187904,2371.617818232931,2367.015179105062,2362.436788482956,2357.9095710424403,2353.392904034039,2348.8977541547674,2344.4066915541534,2339.9401854721127,2335.5678177469053,2331.220291213544,2326.8740039224303,2322.7354065905956,2318.9034252378415,2315.537928087241,2312.674687215071
2411.8823581709657,2406.525058529991,2401.173860124579,2395.9106931759097,2390.680102685949,2385.6346117491717,2380.5924653306347,2375.5745674178606,2370.6078426866766,2365.651668387607,2360.7170112176673,2355.786441326385,2350.880427953676,2346.068552937801,2341.2815191137715,2336.4957245319897,2331.917619909487,2327.6461312660645,2323.841126824796,2320.5383786619577,2317.5988713712895
2425.014506291294,2419.242934978602,2413.5593951226533,2407.9084317254133,2402.4425678813564,2396.9800485555397,2391.541777735486,2386.1546800970223,2380.778132890673,2375.4231028134536,2370.0721600148922,2364.7457737349037,2359.513525811749,2354.3061190804397,2349.099951591378,2344.1014740615956,2339.4096125108936,2335.184235162346,2331.461114092228,2328.10123389428,2325.1808609870004
2434.264064153177,2428.223542778635,2422.215597862801,2416.3927525001504,2410.57325165574,2404.777999317093,2399.0339201600354,2393.3003914350925,2387.5883798392792,2381.8804555221245,2376.197087723542,2370.6078582817936,2365.0434700318906,2359.4803210242358,2354.1248619758594,2349.0760189065636,2344.493660039422,2340.413557450711,2336.696695734169,2333.4193413082958,2330.562359789702
2447.1453180674134,2440.705844590969,2434.4514706677073,2428.2004412626866,2421.9736603634287,2415.7980526457604,2409.6329953602067,2403.4894552037827,2397.3500023260176,2391.2351059668244,2385.214347964465,2379.2184311539513,2373.2237535856857,2367.436765976699,2361.9563943467924,2356.94250691904,2352.430875769718,2348.2824854925657,2344.5736025060814,2341.2850924268773,2338.3535638662665
2454.145713806273,2447.4864128376457,2440.83045638726,2434.1987484426363,2427.6182136796024,2421.0482293486834,2414.4997621468938,2407.9553822237635,2401.4355588192047,2395.0098737714798,2388.609029915601,2382.2094253019695,2376.0175106476177,2370.1322119723454,2364.7133974992275,2359.7968393045403,2355.2435219820222,2351.129711950173,2347.436274825603,2344.0998192196266,2341.1948921742614
2460.320492798661,2453.304257011951,2446.312269731003,2439.3714556316454,2432.4411919644026,2425.532445426289,2418.6277861668345,2411.747683425952,2404.961719041903,2398.2005958497,2391.440711899745,2384.888517909069,2378.642939897473,2372.863846088031,2367.58700855702,2362.673411898178,2358.1993225300043,2354.1456060691107,2350.4488711268104,2347.1836647451214,2344.323385408797
2465.4784588906136,2458.1731062787976,2450.918926848571,2443.6752978504596,2436.453185981478,2429.2351613911546,2422.0416933194033,2414.942363604486,2407.8678750814147,2400.794625800591,2393.9290664790465,2387.3701231365817,2381.2776639962713,2375.687461134392,2370.4604991446813,2365.673044445639,2361.305962653877,2357.295862380708,2353.7172906681503,2350.543646000958,2347.730280670089
2469.9577331236287,2462.379812373334,2454.812442055155,2447.2665888661054,2439.7248229557144,2432.207613563895,2424.78454252891,2417.386312685771,2409.989322084879,2402.800021443267,2395.9173367807343,2389.501136320356,2383.5871921384087,2378.0364888286304,2372.92529280952,2368.23446969769,2363.9006281044535,2359.998315071828,2356.500929084568,2353.363822433631,2350.5400811135632
2474.114412348777,2466.356656807449,2458.6029885447797,2450.8738768006815,2443.161974448403,2435.5270010611393,2427.916868865722,2420.3079759125512,2412.9067729186604,2405.8121859038492,2399.184083091193,2393.0582365569667,2387.2956308949097,2381.9725325235213,2377.0698070594126,2372.5240631138972,2368.409847728993,2364.7005593894546,2361.351550386239,2358.3159067138927,2355.604004361614
2474.542916270825,2466.935013584363,2459.34432028972,2451.8305559600926,2444.341632822311,2436.8539489267764,2429.4751579844124,2422.1951640481575,2415.2217860909823,2408.714892335962,2402.7102548593716,2397.0688582549506,2391.866968941198,2387.0854525347254,2382.660917646846,2378.667911319578,2375.0798320376753,2371.8520320920957,2368.937597477385,2366.3469041827425,2363.9681132403784
2489.1670974278286,2481.6344933143932,2474.1156535305854,2466.607890608996,2459.1013669296535,2451.703736203481,2444.4049024834185,2437.4126847424354,2430.886951203607,2424.8634739432086,2419.2032375549798,2413.9825084574195,2409.182152267139,2404.738777595451,2400.726931484375,2397.120012418665,2393.8733726892774,2390.940098290759,2388.330565212308,2385.8117254285003,2383.4140947023284
2503.996687604299,2496.032164850193,2488.068881338334,2480.112121505817,2472.257730947128,2464.5021373945488,2457.053159821049,2450.070666449704,2443.5904293567887,2437.4734331360432,2431.7959442059664,2426.538828183169,2421.6386936789645,2417.170087735372,2413.106408837145,2409.403009275241,2406.0129750442056,2402.946682133238,2399.9710825169136,2397.014322684397,2394.159932125708
2514.83564544987,2506.540482605719,2498.347689035396,2490.2536924711826,2482.415289459549,2474.6279088744154,2467.307012491436,2460.488372386887,2454.032973154508,2448.017081212797,2442.4215621783655,2437.1830246625273,2432.376015707301,2427.97393379744,2423.932131223902,2420.2036939812333,2416.7989980586317,2413.4849954306733,2410.1898325865227,2406.9970390162002,2404.1586360045662
2517.9354328450913,2509.7065484305067,2501.7332575685023,2493.8109891329977,2486.176101282627,2478.7203170492767,2471.7667890943567,2465.1765020116068,2459.025722219525,2453.295315334722,2447.921889968513,2442.979993162916,2438.443023402684,2434.266332978775,2430.4030078857354,2426.863424112763,2423.4145336344336,2419.984482939912,2416.6568015192183,2413.6835106572134,2411.0486228068426
2522.7348135652505,2514.610343635893,2506.7732542916688,2499.0710527978154,2491.413067070612,2484.257337621839,2477.4648490452355,2471.111867759301,2465.1792593806445,2459.6036325205823,2454.459534221132,2449.7203629670466,2445.341471049285,2441.2759444623916,2437.5341591955657,2433.8830672233835,2430.2508150350086,2426.7209321204614,2423.5454397646035,2420.7083504203792,2418.0061489265263
2527.846523221126,2520.029950349969,2512.2575932454624,2504.6432218681593,2497.3731210420824,2490.4662610881755,2483.9989084249373,2477.9519286689774,2472.2619304316117,2467.0034607548578,2462.149918123469,2457.6566548284036,2453.476756864207,2449.6206002200774,2445.855136870592,2442.1085133049137,2438.464259013063,2435.1743952799015,2432.2229345583737,2429.406361687217,2426.7919903099137
2537.836653288225,2530.2971538818583,2522.8720258527946,2515.676796997654,2508.844809014683,2502.452328322381,2496.4802205373576,2490.8650942709282,2485.68149656511,2480.9028259046577,2476.4844345805286,2472.3794085872682,2468.5981239140747,2464.9075325355257,2461.2357809407836,2457.6663986198687,2454.4514068576436,2451.574818107052,2448.833117206832,2446.2936178004643,2443.8684897714006
2553.6149371220245,2545.8735176354244,2538.3619973227474,2531.21371788224,2524.504945732401,2518.216546489841,2512.2851287658755,2506.785239602521,2501.690277484532,2496.9555947028666,2492.53427725207,2488.43670112134,2484.4298182852544,2480.4417752329755,2476.556101454524,2473.0248182347627,2469.831938026635,2466.7739456688782,2463.918154804974,2461.1018633474378,2458.3604438608377
2568.038238789248,2560.1167932967765,2552.5470683637973,2545.4168507214868,2538.707005986455,2532.3541427700175,2526.432808114191,2520.9164005037305,2515.7602722295933,2510.9175092863247,2506.398487663123,2501.970159334566,2497.560670789815,2493.253551518892,2489.3008228066583,2485.6864971060586,2482.2070592558302,2478.9298228994544,2475.692085949446,2472.5292209703744,2469.6077754779026
2581.8642920649395,2574.1708617208847,2566.8472137345193,2559.9439386554327,2553.3976450949403,2547.2828800950597,2541.573042140544,2536.223483522352,2531.1872902350287,2526.474838267772,2521.85307959516,2517.250160706355,2512.749611091377,2508.6034520350886,2504.795695990434,2501.122827796151,2497.65216109572,2494.220993801657,2490.864698478531,2487.7498226420043,2485.0563922979495
2592.1055973306675,2584.3754601259793,2577.0656958285704,2570.1129130497557,2563.591658831552,2557.4753316587144,2551.7192838222,2546.276601316554,2541.157660130975,2536.1294122400404,2531.120004132913,2526.2129652996127,2521.6603170250014,2517.4460717620245,2513.366714349419,2509.4895584306655,2505.65190191828,2501.8891173768316,2498.3677523219826,2495.267832759605,2492.3613435412826
2601.1001623916454,2593.3149600965207,2585.8867393199907,2578.8900471040715,2572.298281933518,2566.066796099288,2560.1486755959263,2554.554296412631,2549.0506105239815,2543.5657644191383,2538.1832875881223,2533.1552013157952,2528.4655180551026,2523.9107226447813,2519.5581287283126,2515.2450342182115,2511.006811679047,2507.0100086264824,2503.434651066389,2500.0527238503514,2497.0772858526357
2622.402593270675,2614.5030904476744,2607.0351161852846,2599.9720689682604,2593.2693010875596,2586.8798985377275,2580.814237307962,2574.839269372841,2568.8831412215272,2563.0293823440406,2557.530014025243,2552.3690487180797,2547.342971261288,2542.5190952983485,2537.7347187417768,2533.0252141561414,2528.557129057106,2524.510489450542,2520.657280188034,2517.2105601438475,2514.239278097377
2638.8203141302943,2630.896616676811,2623.3778462686932,2616.219355196899,2609.374229455974,2602.8528450351146,2596.4221539089003,2590.010302566493,2583.700820497913,2577.745728988022,2572.1290404897654,2566.64723984188,2561.367640687847,2556.127540940182,2550.962313163453,2546.0385048733247,2541.536142075667,2537.2272096220654,2533.3247663867855,2529.8977611492214,2526.9420379581284
2657.263493363025,2648.980779666547,2641.039574898274,2633.411735460871,2626.1076373435335,2618.894232520841,2611.699667481955,2604.6074717168967,2597.869666510528,2591.470264315793,2585.205749971429,2579.143437120918,2573.120623676775,2567.1726822035675,2561.466160216961,2556.181083722825,2551.089437572745,2546.404280640987,2542.1945617069446,2538.456124819373,2535.173411122895
2686.582148600791,2678.140065183241,2669.825821203094,2661.7074791056098,2653.6798303027704,2645.671021283738,2637.7645815385326,2630.212532352017,2622.9988861771353,2615.920127852625,2609.0435710219667,2602.206513597677,2595.4443281443228,2588.9235621775692,2582.8242417032866,2576.9183515730597,2571.418950661155,2566.394987746966,2561.8423068792476,2557.7453492026225,2554.4311052224757
2726.313568572445,2717.090238525409,2707.9576017730174,2698.843804804433,2689.832377109676,2681.1753399736085,2672.570352024057,2664.251717899623,2656.0679716255604,2648.0864268453506,2640.1443814715085,2632.2772080686027,2624.6514541522974,2617.4471457284626,2610.436267648684,2603.8318787872277,2597.702927923486,2592.0452591062162,2586.8433134800393,2582.4240815503404,2578.8190936007886
2756.2225264113863,2746.010224954934,2735.900292772309,2726.1447511483734,2716.4412587109537,2707.024120098652,2697.7418693367213,2688.6618200686435,2679.6212702069333,2670.6555923161595,2661.9313339119863,2653.3328294241182,2645.0300165124154,2636.9206339447687,2629.2177405954444,2621.990285243835,2615.234111938697,2608.933661824652,2603.4159254070846,2598.712432969665,2595.113928481797
2773.696634031554,2763.254936617842,2752.8652883906457,2742.7619939885676,2732.7935874368604,2723.0273823790058,2713.300676727519,2703.648843046969,2694.2384288530193,2684.953768575375,2675.9647998738956,2667.1692615164725,2658.7802123773718,2650.5940565875953,2642.680445446209,2635.2381163512946,2628.2515104474733,2622.0476182401294,2616.657970012933,2612.373309735289,2609.1871539455124
2796.9525208684963,2786.1378862545266,2775.458139490928,2764.980594221182,2754.5425483578038,2744.179374465362,2734.0576200595206,2724.061619569985,2714.361310656614,2704.8544320872993,2695.7540427363074,2686.8565467346393,2678.2315953813613,2670.0202551694697,2661.866585862664,2654.168639746951,2647.2534073277156,2641.152418888628,2636.156418399092,2632.258922397424,2629.0475821855325
2812.860622358182,2801.5302675058915,2790.2394120599683,2779.023428584982,2768.0488645965956,2757.2000545245155,2746.6469360285996,2736.28724787674,2726.3340489432035,2716.5837433589904,2707.105982423168,2698.0418326287313,2689.035353739381,2680.4845980411233,2672.1317884585787,2664.3637464567983,2657.4099484351655,2651.5611383630853,2646.8108327788723,2642.746682984436,2639.393873401891
2823.207742662024,2811.4058832615824,2799.845443347741,2788.4107573502056,2777.2717629288345,2766.3261988515196,2755.787123992528,2745.45094248286,2735.387305621582,2725.7372799016903,2716.144925086885,2707.008293463172,2698.069607955172,2689.715690027937,2681.6298141024818,2674.090140155394,2667.6554541578585,2662.3192726481902,2657.669246928299,2653.7305614202987,2650.6446854948435
2827.2334136109275,2815.5455376058526,2804.153353176942,2792.9545990920874,2782.162334225556,2771.5729627083483,2761.2561358395305,2751.352920112099,2741.5073752897542,2732.1175536585015,2722.925678142962,2714.3185702081873,2705.9795042751925,2698.186640320565,2690.4334503130253,2683.7455743079504,2678.1562027907426,2673.2529870633116,2669.061111547772,2665.722045614777,2662.9688556072374
2825.211170879109,2813.7808601723314,2802.757038683877,2791.936110544746,2781.3877270540047,2771.25295470465,2761.175853260382,2751.5544750072063,2742.131042869744,2733.2923783130454,2724.7217557581275,2716.697335181577,2708.712588552114,2700.9810319301905,2694.0615993031925,2688.2406711640615,2683.1058988147074,2678.6824666772445,2675.111844122326,2672.1270974928634,2669.3955408709403
2822.0806115342293,2811.0571512187453,2800.3062355516513,2789.9689310259437,2779.6892974053226,2769.8653869757936,2760.239422661978,2751.198225928927,2742.425071197656,2734.1981184447523,2726.0108396389364,2718.0767508406598,2710.374218664307,2703.252253860956,2697.228793545472,2691.891489019765,2687.265524705949,2683.492369974678,2680.305091168862,2677.3710023705858,2674.6684701942327
2822.224595494947,2811.5281856007327,2800.889446611605,2790.706430813569,2780.721361131247,2771.321059029689,2762.188798929911,2753.6027408085006,2745.056356634178,2736.7631624673945,2728.701524922535,2720.8424195540288,2713.361349382171,2706.97878369818,2701.282373803966,2696.2973041216433,2692.1650440218655,2688.618659847543,2685.32546568076,2682.2638281359,2679.404722767393
2823.2874029651034,2812.830913700708,2802.5723705520268,2792.8985949841094,2783.4928614179726,2774.6333298302025,2765.813472189521,2757.246804556378,2748.9116935451593,2740.7791147102935,2733.0056412439344,2725.251097605717,2718.595058455367,2712.6251750947936,2707.3666319461117,2702.9608983799744,2699.1410407392923,2695.5743731061502,2692.239262094931,2689.106683260065,2686.3332097937055
2829.485237319773,2819.6001438377516,2809.983092357511,2800.912242855637,2791.881067300851,2783.1030817536043,2774.5566528282816,2766.212756079312,2758.227964698849,2750.2621031465274,2742.5507852324236,2735.68342816797,2729.502226893292,2724.0323658305065,2719.415314350265,2715.384138795479,2711.606153248233,2708.0597243229095,2704.71582757394,2701.731036193476,2699.0197182793722
2843.4914562963686,2833.756529750894,2824.0612771525075,2814.61921456166,2805.4087085927367,2796.400734800166,2787.7518663761025,2779.12192778018,2770.7465328224757,2762.582455778875,2755.051021670821,2748.2057433525424,2742.0718052461557,2736.7906767223135,2732.095424123927,2727.6533615330804,2723.442855564156,2719.434881771586,2715.7860133475215,2712.410618389817,2709.246541346216
2855.862422742037,2845.787273944354,2835.943681768596,2826.30262176919,2817.020667138291,2807.7576423355335,2798.749161170994,2789.9519979205584,2781.7874776056688,2773.6543913988335,2766.17602687372,2759.409002560498,2753.4947878298203,2748.166449024599,2743.091300226917,2738.2477080511576,2733.606648051752,2729.3246934208523,2725.3162122563126,2721.5190490058767,2718.3859627990414
2866.1694054538098,2855.9942064785528,2846.178112871803,2836.3809490931944,2826.8383289528037,2817.5070267265173,2808.8083674357767,2800.141142253091,2792.10700327724,2784.0944997762754,2776.7933364872024,2770.344982780674,2764.4825049996016,2758.873217226069,2753.4954860744583,2748.320287099202,2743.5041934924516,2738.961573352061,2734.630271125774,2730.9630459430878,2727.928906967237
2879.571641790057,2869.0868881232236,2858.856678094608,2848.8377859800967,2839.451536801131,2830.09672173022,2821.374992866144,2812.6748994769546,2804.4873095887297,2796.4985564114318,2789.362612816678,2782.8125451473807,2776.515667485623,2770.4503464457875,2764.587557582306,2759.083874087331,2753.853664058715,2748.834771944203,2744.479956873292,2740.758228009216,2737.570638120991
2886.3196387092926,2875.7607589257414,2865.834522077736,2855.939719337785,2846.678002804669,2837.4379217464398,2828.7103441891745,2820.1816033428368,2812.141615673797,2804.465684410003,2797.375629071666,2790.5387637408685,2783.9334550319927,2777.5306784994714,2771.4870073354564,2765.7168096378005,2760.157929854249,2755.2631271142977,2751.001410581182,2747.2738330239167,2744.233845354877
2890.4827792575056,2880.083224488549,2870.3167559264275,2860.5719228391927,2851.339593252922,2842.306100377579,2833.7613606795335,2825.580677386734,2817.5759253577285,2809.981117990386,2802.639500630583,2795.5294398927012,2788.6219113311745,2782.073488138154,2775.7985384114927,2769.7349065989356,2764.3353518299787,2759.5688832678575,2755.336553681587,2751.7918139835415,2748.787061954536
2890.032457047364,2880.0382169154855,2870.556480284571,2861.273580364584,2852.479433621895,2844.049343284452,2835.7951842108027,2827.950969798816,2820.2015627541723,2812.6105383497256,2805.2510705672003,2798.09413496103,2791.2963047233657,2784.7719479520606,2778.45890909486,2772.809947281259,2767.7940716744943,2763.31233504358,2759.518188300891,2756.2640292272417,2753.514622182598
2893.5569970684633,2883.87300420872,2874.6777645262746,2865.846581249075,2857.1913292356694,2848.9460218839263,2840.795521899526,2832.803404555323,2824.9023116155668,2817.141750893285,2809.583722347358,2802.384799169938,2795.4593494588767,2788.7452176619195,2782.6951629085625,2777.278194362041,2772.3953647913704,2768.200125108925,2764.5448730955195,2761.3943731111194,2758.493280171363
2894.675047264499,2885.424743789499,2876.350371578294,2867.685944028751,2859.116323846551,2850.705086304548,2842.384873166992,2834.20519224691,2826.2280435031835,2818.3089233053834,2810.6908799301636,2803.346310021302,2796.2130580265452,2789.743883075388,2783.907794331067,2778.6058445625963,2773.9914846823513,2769.9171124711456,2766.347492288946,2763.0272791513894,2760.1081589535897
2894.8517291551943,2885.9179991905307,2877.0790765932106,2868.398536636087,2859.8090210834107,2851.3600377482085,2843.113586589361,2834.9251639764407,2827.0378181861006,2819.2685157709802,2811.6546434469983,2804.252089037121,2797.5136116708436,2791.4082205114023,2785.8369683278106,2780.953306032445,2776.609631406119,2772.770708808799,2769.1811932561222,2765.992770643202,2763.223468228082
2897.530041719652,2888.563371586117,2879.6877258570285,2870.9526123454143,2862.420031010155,2853.9454782208227,2845.7720022540707,2837.7165696625384,2829.8165671621446,2822.030436985732,2814.341752399443,2807.3171448567537,2800.9256235209004,2795.068241160897,2789.8984486891195,2785.2686438863816,2781.1435911126496,2777.267945383561,2773.793392594229,2770.7379600026966,2767.9518298262847
2903.714156152536,2894.7668691041913,2886.022114232202,2877.3353879061397,2868.949738402657,2860.682132274395,2852.5699562372706,2844.5716525241282,2836.6707944011087,2828.9586208643786,2821.7218397849592,2815.1181449123756,2809.048589015642,2803.666623007134,2798.8246446676662,2794.4874183572038,2790.399599091385,2786.7128727653226,2783.4452666370603,2780.4469629239184,2777.734789387188
2908.7249833313604,2899.7967209289895,2891.1695353491987,2882.6603931446284,2874.3066810311957,2866.0668412417454,2857.9244470424173,2849.970737429379,2842.229201353071,2834.750884197343,2827.9056532484515,2821.5945612754094,2815.9710591905937,2810.8875447748173,2806.3087823880464,2801.9794270459197,2798.051164643549,2794.5420224389786,2791.3021826495283,2788.3484730364894,2785.6069369601814
2912.261013886971,2903.361376924696,2894.6171700535588,2885.9868355064036,2877.4539465493713,2869.109742178628,2860.9777113446157,2853.087216586911,2845.2184046734787,2837.9826789668823,2831.281092236136,2825.2670953936154,2819.7930862201347,2814.823829075659,2810.103978975828,2805.7852218157523,2801.8855848534777,2798.2552503063225,2794.9110459355793,2791.7790151015665,2788.888520343862
2914.625798843356,2905.769274995733,2897.0101967382334,2888.4398030670222,2880.0815829325425,2871.96489887437,2863.8698976604705,2856.1437083600026,2848.6817933529387,2841.754017321725,2835.5138311787364,2829.8136327047882,2824.618186259845,2819.6721468595465,2815.127200399003,2811.001374136261,2807.1448502886383,2803.5744566174276,2800.216236482947,2797.099552424775,2794.3733631243076
2917.0437708889035,2908.2347015723926,2899.637805792613,2891.282446089141,2882.9487692299417,2874.983904284174,2867.2452286388743,2859.54463798651,2852.3781863099966,2845.8993245217084,2839.9604504024605,2834.5263283122176,2829.3416132666193,2824.557991160776,2820.1934892527343,2816.098289759812,2812.289220443301,2808.6923246635206,2805.336964960049,2802.372100014282,2799.633424368982
2915.7866818660764,2907.2301765695183,2898.695354117233,2890.5293435783788,2882.589522339993,2874.687786094543,2866.986640501457,2859.6190432318567,2852.9390358504825,2846.7990161381485,2841.1637484548196,2835.777887816135,2830.7931201172055,2826.2274726160776,2821.931127530069,2817.920912620472,2814.1228712476054,2810.566365951048,2807.400355412194,2804.4605341738084,2801.7593885807223
2914.2173471984092,2905.921244093214,2897.8513302884876,2889.8195014766966,2881.9882633172697,2874.358170750929,2866.860480914988,2860.0503809672723,2853.7802686885975,2848.0149084389277,2842.498955233902,2837.384094968632,2832.688354901163,2828.2619172488135,2824.1216097728757,2820.1934758336683,2816.50687797077,2813.2107748655753,2810.1408610608487,2807.309622901422,2804.679530335081
2912.5122756415794,2904.3828254974883,2896.4539660057617,2888.726252107121,2881.128630774821,2873.5333196065803,2866.6255983265646,2860.25786471559,2854.39488313362,2848.781308596295,2843.568826998725,2838.775465598956,2834.2514066143067,2830.0134778060687,2825.9877225345617,2822.203503339363,2818.809778901869,2815.6422437648425,2812.7133842731155,2809.985670374475,2807.3880490421748
2911.7286831017386,2904.0773552338596,2896.5561199323206,2889.0371947948415,2881.6135808256026,2874.7822455763485,2868.490897996135,2862.7043024449267,2857.1671139383625,2852.031018371554,2847.3140430025464,2842.8663700486586,2838.704827271182,2834.7554580304363,2831.047624865999,2827.730286459266,2824.6391373530014,2821.7866638920354,2819.1353360241565,2816.6141007226174,2814.190486753379
2915.298823672325,2907.745691422253,2900.2114843096606,2892.753663227829,2885.8881208659823,2879.562566173176,2873.7417635093752,2868.170367890218,2863.0000652108174,2858.248882729217,2853.7670026627366,2849.571252772667,2845.587676419329,2841.8456361422986,2838.4940906229735,2835.368734404116,2832.4820538305576,2829.7965188500857,2827.2410764359543,2824.7068693233614,2822.2490482415305
2915.7143574703623,2908.133410967128,2900.594643382062,2893.6481545169813,2887.2416533209407,2881.3399041539055,2875.687562031514,2870.436312848879,2865.604183864044,2861.0413572943294,2856.7646609010258,2852.7001380444535,2848.877151264189,2845.4446592416293,2842.2383565195373,2839.2707294427446,2836.5042479590384,2833.867859041673,2831.2527054258458,2828.6717589226114,2826.132991337546
2916.6788487569197,2909.169985863623,2902.2146341052453,2895.799270015908,2889.888657955576,2884.2274529398874,2878.9673408639555,2874.126348985824,2869.554659522812,2865.2691002362117,2861.1957144863427,2857.363864812781,2853.9225098969246,2850.7073442815354,2847.730854311446,2844.955509934443,2842.3102581237804,2839.6862416146564,2837.0964322181253,2834.548801739763,2832.039938846466
2922.461612153289,2915.3516179071025,2908.781611329957,2902.716356781816,2896.900509278319,2891.485754714579,2886.4901203486384,2881.763788397818,2877.323586623409,2873.0955583857317,2869.109066224361,2865.5130688206964,2862.143260717499,2859.0121282596006,2856.0821413947892,2853.282247096318,2850.5035880993855,2847.7591362150456,2845.056863248875,2842.3933578677697,2839.738715379961
2926.2728352397335,2919.495236656445,2913.2223901021616,2907.198950592522,2901.576604022639,2896.373377650556,2891.4394536935934,2886.7916599130417,2882.3560396692214,2878.1619555017082,2874.358366091901,2870.780965982561,2867.44224151852,2864.304662647566,2861.2971763429523,2858.3109253398775,2855.3588814493946,2852.4490164770814,2849.577919089834,2846.7156845958825,2844.0080925897396
2926.730653875487,2920.40576768463,2914.330288538417,2908.65590233196,2903.4006363233034,2898.414672729767,2893.7148393126417,2889.227179432248,2884.981055628161,2881.12542658178,2877.4959868358665,2874.1052227352516,2870.915604227724,2867.8560782865366,2864.817787646888,2861.8137041198315,2858.851799510945,2855.928662487124,2853.014388356599,2850.254756713882,2847.7027170773085
2927.8310212016663,2921.718278070486,2916.0066278790628,2910.714097885439,2905.6908703069357,2900.953772904844,2896.428849039483,2892.1454612504294,2888.2525682190817,2884.585864488201,2881.1578364026195,2877.930953910125,2874.8341639839705,2871.7586093593554,2868.717261847332,2865.718093253479,2862.7576922446906,2859.8061541291986,2857.0092585015154,2854.4199548799747,2851.882690895008
2929.90085742685,2924.229426638904,2918.9771160487576,2913.994107873732,2909.2972298751174,2904.8125254132337,2900.5693570276576,2896.716683399787,2893.0901990723837,2889.7023903902796,2886.5157273012624,2883.459156778585,2880.4238215574474,2877.422693448901,2874.4637442585254,2871.5435626532144,2868.6322439411997,2865.875567716994,2863.3264834989304,2860.8294389174416,2858.369658320919
2936.6754752263355,2931.461855245284,2926.517537679353,2921.8593502898334,2917.4133364370446,2913.2088586605632,2909.3948756417876,2905.807081923479,2902.4579638504697,2899.3099913705473,2896.292111456965,2893.295466844922,2890.3330293454705,2887.4127707641896,2884.5312797679735,2881.6586516650536,2878.9406660499426,2876.430272440974,2873.968963050069,2871.510609077675,2869.089519090247
2939.445087717198,2934.5259620647694,2929.8929665887517,2925.472144649465,2921.292858786486,2917.5040676812123,2913.941465876406,2910.6175397168986,2907.494759150478,2904.5020711503976,2901.5306184518568,2898.5933728659074,2895.6983061981286,2892.8420071154146,2889.994570925997,2887.301777224388,2884.8165755289215,2882.341767442423,2879.90564996502,2877.472487906128,2875.0765898322024
2942.314698306535,2937.746862634781,2933.391200499758,2929.2770744410423,2925.553443140033,2922.05600113949,2918.7972347842465,2915.7396140220894,2912.8120858262732,2909.905792931996,2907.0337071503104,2904.2038002867957,2901.4126610083454,2898.6303846231913,2896.002750725846,2893.56791053011,2891.1478686389073,2888.7382203566726,2886.367262683533,2883.9992604289055,2881.6685221592434
2947.2430203789763,2942.9316471490215,2938.8618099953746,2935.182467599434,2931.72931450396,2928.514837053785,2925.5015051966966,2922.618265905949,2919.7562619167406,2916.9284650401237,2914.1428470816777,2911.395996708296,2908.65800922821,2906.0746642359336,2903.6189531410023,2901.228401850335,2898.852648864201,2896.487289487035,2894.1606207189643,2891.8369073694053,2889.550458004812
2954.09346592231,2950.006037498102,2946.3091038316006,2942.8383594655656,2939.60629074483,2936.5753676171807,2933.674537055872,2930.7949417961026,2927.949553648925,2925.146344419918,2922.3819027759755,2919.6263240253284,2917.025387762491,2914.50779649193,2912.034494126438,2909.62635156521,2907.2330073085145,2904.8500566607877,2902.505796622156,2900.1644920020362,2897.860451366882
2958.9948076494734,2955.290808874879,2951.812999400751,2948.573865571922,2945.5358773361795,2942.627981666778,2939.7413212989154,2936.8888680436444,2934.0785937065443,2931.307086954509,2928.5444430957687,2925.936441724838,2923.411785346184,2920.904720238091,2918.424352764506,2916.0091450951845,2913.608735730396,2911.218719974576,2908.8673948278515,2906.5190250996384,2904.207919356391
2961.370084274718,2957.951705515658,2954.7720024018977,2951.793444881224,2948.9449799268905,2946.1177502740966,2943.324727733894,2940.5738841118623,2937.8618080748956,2935.158594931224,2932.6100242753614,2930.144798611776,2927.697164218752,2925.2565949338205,2922.8356581753033,2920.4798812210506,2918.1389025713306,2915.8083175305787,2913.516423098923,2911.2274840857785,2908.9758090575992
2965.4786527247,2962.545796596352,2959.8140860610906,2957.2124680921693,2954.6320854247874,2952.0859098699975,2949.5819132333777,2947.116684181823,2944.6603180235634,2942.3585943531134,2940.1054413385255,2937.887062660352,2935.6862752527404,2933.492552953221,2931.318463180116,2929.209533211276,2927.115401546968,2925.031663491628,2922.986616045385,2920.9445240176524,2918.939695974885
2974.004320074535,2971.2460039312314,2968.617780354268,2966.0107920788437,2963.438010916012,2960.90740867135,2958.3808030633077,2955.888968403711,2953.405996637409,2951.0776673589166,2948.7979087362864,2946.552924450071,2944.325531434417,2942.1052035268553,2939.904508145708,2937.7689725688256,2935.6482352964754,2933.5378916330933,2931.466238578808,2929.397540943033,2927.3661072922237
2982.1024379715877,2979.551288916177,2977.0213751623055,2974.5256685210265,2972.072140797917,2969.6226097114277,2967.1996842329804,2964.7849240949363,2962.379026850187,2960.1277720932476,2957.92508799217,2955.757178227507,2953.606859733406,2951.463606347397,2949.3399854878026,2947.281524432473,2945.2378616816754,2943.204592539846,2941.2100140071134,2939.2183908928914,2937.2640317636346
2994.9868461560404,2992.3250634430733,2989.693194483977,2987.065618883602,2984.480222201397,2981.898822155811,2979.3440277182676,2976.7973986211277,2974.2596324172823,2971.876508701247,2969.5419556410734,2967.2421769173143,2964.9599894641174,2962.6848671190123,2960.429377300322,2958.239047285896,2956.0635155760024,2953.8983774750773,2951.7719299832484,2949.6484379099306,2947.5622098215777
3009.06961114949,3006.124452493399,3003.1835871960293,3000.2849008168296,2997.3902110742492,2994.522126939711,2991.662208145577,2988.811152244737,2985.9978625477424,2983.3014491347126,2980.6536063775443,2978.0405379567906,2975.445060806599,2972.8566487644994,2970.2878692488143,2967.784249537394,2965.2954281305056,2962.817000332586,2960.3772631437623,2957.94048137345,2955.5409635881024
3055.7174771347063,3052.17599131354,3048.6766844105446,3045.181374144168,3041.7126694858334,3038.252130167903,3034.800453743267,3031.386543522476,3028.08950958565,3024.8410463046853,3021.6273573601356,3018.4312596861478,3015.2422271202518,3012.0728270807704,3008.968586845554,3005.8679663217576,3002.778524391073,2999.699476069357,2996.6591183567375,2993.621716062629,2990.621577753485
3098.5599701942397,3094.1460883019627,3089.736203046305,3085.3529233986897,3080.9778090914783,3076.6115576775614,3072.2830724674895,3068.071463541382,3063.9084252711364,3059.780161337306,3055.669488674037,3051.56588111886,3047.4819060900977,3043.4630908656,3039.4478953525227,3035.443878432557,3031.45025512156,3027.4953224196597,3023.54334513627,3019.6286318378448,3016.214056848564
3125.8730642860605,3120.725432144512,3115.6044056110054,3110.4915444179032,3105.3875461180955,3100.321314022133,3095.371958210134,3090.4711730539975,3085.605162234276,3080.7567426851165,3075.9153882440482,3071.093666329395,3066.3371042190065,3061.5841618200384,3056.8423980141815,3052.1110278172937,3047.4183482295025,3042.728624060222,3038.0761638759054,3033.9238420007337,3030.686095114843
3145.6201379015683,3139.9343887428226,3134.2568049244815,3128.5880839994343,3122.9571292782325,3117.4430508409946,3111.977543059619,3106.5468096146587,3101.13366744026,3095.7275903739524,3090.34114583406,3085.0198610984326,3079.7021960742254,3074.3957096431295,3069.0996168210027,3063.842214607972,3058.5877678134525,3053.370585003897,3048.653540503486,3044.851070992356,3041.786348367117
3165.1469365818793,3159.0191328263277,3152.90019196407,3146.819017305658,3140.8547189312094,3134.9389912126235,3129.058037830453,3123.194675718844,3117.3383787153257,3111.501714238223,3105.730209565385,3099.9623246039673,3094.2056182356614,3088.459305476324,3082.751683326083,3077.047016594353,3071.379613847587,3066.2123494099656,3061.959659961625,3058.444717399176,3055.4944974619657
3180.3118941173725,3173.7478252964543,3167.2215226793815,3160.8120963462725,3154.451240669026,3148.125159328195,3141.8166692579252,3135.5152442957465,3129.2334518599832,3123.0168192284846,3116.8038063084064,3110.60197198144,3104.410531263442,3098.25778115454,3092.1079864641497,3085.995455758723,3080.383063362441,3075.68524595544,3071.7251754343306,3068.3298275384595,3065.384699579799
3185.475660746107,3178.760938877238,3172.1630932923326,3165.6138183632897,3159.099317770662,3152.6024084485957,3146.1125642346205,3139.642352547061,3133.2373006637654,3126.835868491891,3120.445614913128,3114.0657549433336,3107.724585582635,3101.386371640448,3095.085421683225,3089.2846100351467,3084.398373376349,3080.249883603443,3076.6661164557754,3073.532569245318,3070.8441499935216
3193.3934716748095,3186.706742827724,3180.068584636502,3173.465200781694,3166.879408197448,3160.3006807212932,3153.7415857715537,3147.247650626078,3140.757335192024,3134.2781983510813,3127.8094551191075,3121.379402496229,3114.952305291862,3108.5624720724595,3102.6727771622013,3097.6976572412236,3093.460284206138,3089.7876337962907,3086.5652033236533,3083.7879008096775,3081.1990175474975
3203.7193050085275,3196.81488358281,3189.9452364935073,3183.093180674766,3176.248189964116,3169.4228317798816,3162.662633399911,3155.906054731362,3149.160654655924,3142.425648189455,3135.7293323320814,3129.0359718932195,3122.379875439322,3116.2239172945688,3110.982534139096,3106.4788978695155,3102.5399842251727,3099.0512905180403,3096.0077247695694,3093.1525782728945,3090.3863150383995
3210.1790971683063,3203.0206402352687,3195.879774572792,3188.745974018407,3181.6318059904374,3174.582797766732,3167.5374092544475,3160.5031993352745,3153.47938302507,3146.4942573239614,3139.5120870413643,3132.5671807437316,3126.122412755243,3120.5922197560353,3115.7997736427196,3111.5720501546416,3107.794546603774,3104.462171011568,3101.318214671158,3098.2631415929277,3095.474331749193
3214.5610708899494,3207.210146472173,3199.866287162489,3192.5420603792195,3185.2829934002143,3178.027546132631,3170.7832774581584,3163.5494023926544,3156.354217936246,3149.1619888983496,3142.0070238454173,3135.3521971016294,3129.6119453471224,3124.609440478507,3120.1716582351296,3116.1840959289625,3112.641661581457,3109.2876464857472,3106.0225146522175,3103.0236460531833,3100.313587297884
3219.8246566012167,3212.2895187326876,3204.7740133905736,3197.3236678527237,3189.8769420262956,3182.4413947929784,3175.0162411686297,3167.6297781533767,3160.2462705566354,3152.9000269448584,3146.0539216422258,3140.122391328874,3134.928607901414,3130.299547099192,3126.12070623418,3122.3869933278297,3118.8416996732753,3115.385289280901,3112.195142123022,3109.293804808878,3106.6025262500334
3226.7891001153175,3219.181998989048,3211.6245523249286,3204.070725372231,3196.5280770126446,3188.995822262026,3181.502258120504,3174.0116493974933,3166.5583046594465,3159.6050982305446,3153.5664667909236,3148.2655822371944,3143.5294203087024,3139.2434783174212,3135.4026642848016,3131.7502695039775,3128.1867579853338,3124.8895097011855,3121.881071260772,3119.082691575658,3116.4755904493886
3232.30716191104,3224.6819807845513,3217.067978251173,3209.464369326763,3201.8930151529717,3194.328096837658,3186.766133940856,3179.2414350290173,3172.216874426324,3166.1068888129116,3160.734650085391,3155.9271339831075,3151.5698378180346,3147.6576696116235,3143.933920657008,3140.299054964573,3136.930452506633,3133.850659892428,3130.9809260335223,3128.3024707334616,3125.73111655967
3234.989227293601,3227.614975149328,3220.2729777556738,3212.937416220497,3205.6048101038323,3198.309467972131,3191.0388247522683,3184.243620929712,3178.3629920964368,3173.220110149053,3168.641950826907,3164.5140114419714,3160.8312000156975,3157.336807841219,3153.931298928921,3150.7920532511184,3147.9416174170506,3145.3012403382822,3142.8521418183586,3140.5101444247043,3138.2395012048414
3239.413697163539,3232.420975847238,3225.4346903894143,3218.4513603501023,3211.505294295754,3204.583927153244,3198.137999408041,3192.606646652119,3187.813040782088,3183.5841575372947,3179.805494229712,3176.4719588807916,3173.326842783666,3170.270609948721,3167.480640348271,3164.9794805915562,3162.688379590141,3160.537655667494,3158.4378332249235,3156.445111908622,3154.523744766112
3242.981400507349,3236.0078006106282,3229.037156132419,3222.1037756391734,3215.1950940577663,3208.7618518736663,3203.2431846788463,3198.4622643699186,3194.246066686228,3190.480088939748,3187.1592391519303,3184.0268086159076,3180.983261342065,3178.205977302718,3175.717503107106,3173.230188668209,3170.951773227896,3168.813734866352,3166.7265979848844,3164.7465622296854,3162.8378806482783
3243.928479304558,3236.9116107776313,3229.9320062356683,3222.9771006055435,3216.4976343727258,3210.9327431291886,3206.105598771543,3201.8431770391353,3198.0309752439375,3194.6639014074026,3191.4852468226622,3188.395475500102,3185.571967412038,3183.02574336332,3180.4910451189908,3177.957506631376,3175.6328671423457,3173.4486047320843,3171.315243801899,3169.2889839979825,3167.3340783678577
3244.3293662023957,3237.51821689838,3230.731766506203,3224.420755511332,3219.0243195057424,3214.3656303860444,3210.271663891584,3206.6279173343337,3203.429298735746,3200.4190993889533,3197.4977833043404,3194.842730454224,3192.4649616434535,3190.0987186370717,3187.7336353874043,3185.402090625352,3183.245906374269,3181.230099201955,3179.2651935097174,3177.407388943748,3175.620938551571
3246.0474794113056,3239.179853168219,3232.7876663224392,3227.31005446594,3222.570189495333,3218.3950471499634,3214.6701247418036,3211.390330292307,3208.298955094605,3205.296463159083,3202.560234458057,3199.979058607148,3197.5201139454684,3195.0726950881776,3192.626435987601,3190.2137153746394,3187.976355272647,3185.8793722494243,3183.8332907062772,3181.894310289399,3180.0266840463123
3249.119735433926,3242.6617889231507,3237.1184174016553,3232.312792766052,3228.0718907556866,3224.2812086825306,3220.935654568038,3217.77851970534,3214.710268104822,3211.9082797388,3209.261344222895,3206.6955845578987,3204.1708802312232,3201.657701708936,3199.145682943363,3196.667202665406,3194.3640828984176,3192.2013402101984,3190.0894990020556,3188.0847589201812,3186.1513730120982
3254.9786130824505,3249.288747584618,3244.336628972677,3239.949232985974,3236.0120569364803,3232.5200088456504,3229.2163800066146,3226.001634429759,3223.0531520873997,3220.259722595157,3217.547468953823,3214.8762706508105,3212.216598152186,3209.5580854102755,3206.911591433938,3204.286617179643,3201.8370034363174,3199.5277667717605,3197.2694315872805,3195.1181975290683,3193.038317644648
3256.7089060872254,3251.712295996558,3247.2804085311295,3243.2987410029095,3239.7622014333538,3236.4140811155917,3233.1548440600104,3230.1618702389246,3227.3239492679563,3224.567204147896,3221.8515143661575,3219.147350388807,3216.4443461681703,3213.7533607131068,3211.083894980086,3208.5394035013596,3206.045298279308,3203.691570136025,3201.388743472819,3199.1930179358806,3197.0686465727345
3258.1112450675364,3253.6131737681862,3249.5653224060443,3245.9625990025665,3242.5482948508825,3239.2228739613793,3236.163716306372,3233.2596115014817,3230.4366825474995,3227.654808931839,3224.8844611205664,3222.115273066008,3219.3581037770227,3216.62245421008,3214.0117788974317,3211.4455950635097,3208.885306007536,3206.4653940303315,3204.0963835332036,3201.834474162343,3199.643918965275
3259.015625611589,3255.0162662212724,3251.4620347896202,3248.0962226097618,3244.819293692084,3241.8086280089024,3238.9530151758377,3236.178578193681,3233.445196549846,3230.723340710399,3228.002644627666,3225.293967310506,3222.606809715389,3220.044626374566,3217.52693451247,3215.015137428322,3212.5636294001474,3210.1922093947683,3207.871690869466,3205.658273470431,3203.5162102451886
3259.985540464812,3256.555426608628,3253.3137320042374,3250.160920662028,3247.274372554314,3244.5428772967175,3241.892557890029,3239.2832938216625,3236.6855555576835,3234.0889770504186,3231.5044173087267,3228.9413772890775,3226.503311523723,3224.1097372370946,3221.7220577284147,3219.3461753038832,3217.018784851177,3214.771482421266,3212.5750814714315,3210.4857816478648,3208.4678359980903
3265.730388993982,3262.4727303378118,3259.3039549438226,3256.4014427843294,3253.6539834749533,3250.987700016485,3248.3624718963392,3245.7487695805803,3243.136227021536,3240.5357032280644,3237.9566991566358,3235.4407351048562,3232.986705287722,3230.577166949314,3228.1735233888544,3225.7816769125434,3223.4383224080575,3221.175055926367,3218.962690924753,3216.8574270494064,3214.8235173478524
3269.7759872873116,3266.6000188483636,3263.6903136439114,3260.9356612895763,3258.262184786149,3255.6297636210443,3253.0088682603264,3250.389132656323,3247.7814158178926,3245.195218701505,3242.6720616047664,3240.164868559807,3237.703645697714,3235.2869143143466,3232.8760777089283,3230.4770381876583,3228.1264906382135,3225.856031111564,3223.636473064991,3221.5240161446854,3219.4829133981725
3273.379448522873,3270.5009879786235,3267.777580284491,3265.1353484412666,3262.534171936364,3259.944521235849,3257.356030292048,3254.7795581138203,3252.2246056576355,3249.7326932210995,3247.2567448363425,3244.7879894965454,3242.3580112946547,3239.97252457149,3237.5929326262744,3235.225137765207,3232.9058348759645,3230.666620009518,3228.4783066231475,3226.3970943630443,3224.3872362767343
3276.3195669182655,3273.7824080985624,3271.3264251297674,3268.9114974992945,3266.5080956732086,3264.105853603837,3261.7156303000384,3259.346926718283,3257.0331755927123,3254.727512030606,3252.4378125202784,3250.1553060549104,3247.9115767274493,3245.7123388787136,3243.5189958079277,3241.3374498212893,3239.2043958064764,3237.151429814459,3235.149365302518,3233.254401916844,3231.4307927049636
3278.8996750385186,3276.600525855668,3274.345393704022,3272.1313168906986,3269.928765881762,3267.72737462954,3265.5380021428905,3263.3701493782846,3261.257249069863,3259.1524363249055,3257.0635876317274,3254.9819319835087,3252.939053473197,3250.9406664416106,3248.948174187974,3246.967479018485,3245.0352758208214,3243.183160645953,3241.381946951162,3239.687834382637,3238.065075987906
3283.0453423192203,3280.7533565167523,3278.5053877454893,3276.2984743125485,3274.103086683994,3271.908858812155,3269.726649705888,3267.565960321665,3265.460223393626,3263.3625740290513,3261.280888716256,3259.20639644842,3257.1706813184906,3255.179457667287,3253.194128794033,3251.2205970049267,3249.295557187646,3247.4506053931605,3245.656555078752,3243.9696058906093,3242.354010876261
3286.5586402106487,3284.433299996082,3282.3519768127203,3280.3117089676807,3278.2829669270277,3276.2553846430897,3274.239821124724,3272.2457773284027,3270.306685988265,3268.3756822115915,3266.4606424866975,3264.552795806763,3262.6837262647346,3260.859148201432,3259.04046491608,3257.233578714875,3255.4751844854954,3253.796878278911,3252.169473552404,3250.6491699521625,3249.2002205257154
3289.6129721558236,3287.6678498911615,3285.7667446577047,3283.9066947625697,3282.0581706718212,3280.2108063377877,3278.3754607693268,3276.5616349229103,3274.8027615326773,3273.0519757059083,3271.3171539309187,3269.5895252008886,3267.900673608765,3266.2563134953675,3264.61784815992,3262.9911799086194,3261.4130036291444,3259.9149153724647,3258.4677285958624,3257.1276429455256,3255.858911468983
3296.4071969611273,3294.3581333418756,3292.353086753829,3290.389095504104,3288.436630058766,3286.4853243701423,3284.5460374470913,3282.6282702460853,3280.7654555012623,3278.9107283199032,3277.071965190324,3275.240395105704,3273.4476021589903,3271.6993006910034,3269.956894000966,3268.2262843950753,3266.5441667610107,3264.942137149741,3263.391009018549,3261.9469820136223,3260.5743091824897
3300.9256242528813,3298.8340979643604,3296.7865887070448,3294.780134788051,3292.7852066734436,3290.791438315551,3288.8096887232314,3286.8494588529566,3284.9441814388642,3283.0469915882363,3281.1657657893884,3279.291733035499,3277.4564774195164,3275.6657132822606,3273.880843922954,3272.1077716477944,3270.383191344461,3268.7386990639225,3267.145108263461,3265.6586185892656,3264.243483088864
3304.1491942513576,3302.124569177757,3300.1439611353626,3298.2044084312893,3296.2763815316025,3294.349514388631,3292.434666011232,3290.5413373558777,3288.7029611567064,3286.872672520999,3285.058347937072,3283.251216398103,3281.4828619970413,3279.7589990747065,3278.0410309303206,3276.334859870082,3274.677180781669,3273.099589716051,3271.572900130511,3270.1533116712358,3268.8050773857553
3306.562521371778,3304.7863844646236,3303.0542645886744,3301.3632000510465,3299.683661317805,3298.00528234128,3296.338922130326,3294.694081641417,3293.1041936086913,3291.5223931394294,3289.9565567219483,3288.397913349425,3286.8780471148084,3285.402672358919,3283.933192380979,3282.4755094871857,3281.0663185652184,3279.737215666046,3278.4590142469515,3277.287913954122,3276.188167835087
3308.6157580477507,3307.0487825571577,3305.52582409777,3304.0439209767037,3302.573543660024,3301.10432610006,3299.6471273056677,3298.2114482333204,3296.8307216171565,3295.458082564456,3294.1014075635367,3292.751925607575,3291.44122078952,3290.175007450192,3288.9146888888135,3287.6661674115817,3286.466137906176,3285.346196423565,3284.277156421032,3283.315217544764,3282.4246328422905
3311.5398853212446,3310.0962010671187,3308.6965338441983,3307.3379219595995,3305.990835879387,3304.6449095558905,3303.3110019979654,3301.9986141620857,3300.741178782389,3299.491830966156,3298.258447201704,3297.032256482209,3295.8448429006216,3294.701920797761,3293.56489347285,3292.4396632320854,3291.362924963147,3290.3662747170033,3289.420525950938,3288.581878311137,3287.8145848451313
3314.943059696687,3313.8464885370477,3312.7939344086135,3311.7824356185006,3310.7824626327742,3309.7836494037642,3308.7968549403254,3307.8315801989315,3306.921257913721,3306.0190231919746,3305.1327525220086,3304.2536748969997,3303.4133744098986,3302.617565401524,3301.8276511710997,3301.049534024821,3300.319908850369,3299.6703716987113,3299.0717360271324,3298.5802014818173,3298.1600211102977
3317.319178198028,3316.533853329235,3315.7925454916476,3315.0922929923813,3314.403566297502,3313.7159993593386,3313.0404511867464,3312.386422736199,3311.7873467418353,3311.1963583109355,3310.621333931816,3310.053502597654,3309.5244484013997,3309.039885683872,3308.561217744294,3308.0943468888618,3307.6759680052564,3307.337677144446,3307.0502877637136,3306.869999509245,3306.7610654285722
3319.934894471013,3319.2622139387545,3318.6335504377016,3318.04594227497,3317.469859916625,3316.8949373149962,3316.3320334789382,3315.7906493649257,3315.3042177070965,3314.825873612731,3314.363493570146,3313.908306572519,3313.4918967127987,3313.1199783318057,3312.7539547287624,3312.3997282098644,3312.0939936627938,3311.868347138518,3311.69360209432,3311.625958176386,3311.6296684322474
3322.9055120748953,3322.3395785537236,3321.817662063758,3321.3368009121127,3320.8674655648547,3320.399289974313,3319.943133149342,3319.508496046416,3319.128811399674,3318.757214316395,3318.401581284897,3318.053141298357,3317.7434784497236,3317.4783070798176,3317.219030487861,3316.97155098005,3316.7725634440662,3316.653663930877,3316.585665897766,3316.624768990919,3316.7352262578675
3325.7460560306663,3325.310621799603,3324.919204599745,3324.568842738208,3324.230006681058,3323.8923303806246,3323.5666728457613,3323.2625350329436,3323.0133496763096,3322.772251883139,3322.547118141749,3322.329177445317,3322.1500138867914,3322.0153418069935,3321.886564505145,3321.769584287442,3321.7010960415664,3321.7126958184854,3321.775197075482,3321.9447994587435,3322.1857560157996
3326.6399069928025,3326.4462102785883,3326.2965305955804,3326.1879062508924,3326.090807710592,3325.994868927008,3325.910948908994,3325.8485486130257,3325.8411007732416,3325.84174049692,3325.8583442723793,3325.882141092797,3325.944715051121,3326.0517804881724,3326.1647407031737,3326.2894980023198,3326.4627472732936,3326.7160845670624,3327.0203233409084,3327.431663241019,3327.914357314925
3331.5074324973884,3331.588580657147,3331.713745848112,3331.8799663773966,3332.057712711069,3332.236618801458,3332.427543657417,3332.6399882354217,3332.90738526961,3333.1828698672616,3333.4743185166935,3333.7729602110844,3334.1103790433813,3334.4922893544053,3334.8800944433797,3335.2796966164983,3335.7277907614452,3336.2559729291866,3336.8350565770056,3337.5212413510894,3338.278780298968
3344.058888279858,3344.429657108218,3344.8444429677847,3345.3002841656707,3345.7676511679447,3346.236177926935,3346.716723451496,3347.218788698102,3347.7758064008917,3348.3409116671446,3348.9219809851784,3349.5102433481707,3350.137282849069,3350.8088138286944,3351.48623958627,3352.1754624279906,3352.913177241539,3353.7309800778817,3354.599684394302,3355.5754898369873,3356.6226494534676
3353.694620735416,3354.224372251904,3354.798140799598,3355.4129646856118,3356.0393143760134,3356.666823823131,3357.3063520358196,3357.9673999705533,3358.683400361471,3359.4074883158514,3360.147540322013,3360.894785373133,3361.680807562159,3362.511321229912,3363.3477296756155,3364.1959352054637,3365.0926327071397,3366.06941823161,3367.097105236158,3368.231893366971,3369.4380356715787
3361.7274657391413,3362.3320453474457,3362.9806419869565,3363.6702939647867,3364.3714717470048,3365.0738092859388,3365.788165590444,3366.524041616994,3367.314870099728,3368.113786145925,3368.928666243903,3369.7507393868395,3370.6115896676824,3371.516931427252,3372.428167964772,3373.3512015864367,3374.322727179929,3375.374340796216,3376.4768558925803,3377.6864721152097,3378.967442511634
3368.019648677124,3368.8995239563737,3369.82341626683,3370.7883639156053,3371.764837368769,3372.742470578648,3373.7321225540986,3374.743294251594,3375.8094184052734,3376.8836301224155,3377.973805891339,3379.0711747052205,3380.207320657009,3381.387958087524,3382.574490295989,3383.7728195885993,3385.019640853037,3386.3465501402693,3387.7243609075786,3389.2092728011535,3390.765538868523
3376.523802614362,3377.5209935399953,3378.562201496835,3379.644464791994,3380.738253891541,3381.8332027478036,3382.9401703696376,3384.0686577135166,3385.25209751358,3386.4436248771053,3387.6511162924126,3388.8658007526774,3390.1192623508496,3391.4172154277485,3392.721063282597,3394.0367082215907,3395.4008451324116,3396.845070066028,3398.3401964797204,3399.942424019679,3401.6160057334323
3382.1337094710125,3383.2134170601857,3384.3371416805653,3385.501921639264,3386.678227402351,3387.8556929221536,3389.045177207527,3390.256181214946,3391.5221376785494,3392.7961817056143,3394.0861897844616,3395.3833909082664,3396.719369169978,3398.099838910417,3399.4862034288053,3400.884365031339,3402.3310186056997,3403.857760202856,3405.435403280088,3407.1201474835866,3408.87624586088
3389.8075017470824,3390.8305079063152,3391.8975310967544,3393.005609625512,3394.1252139586586,3395.245978048521,3396.378760903954,3397.5330634814327,3398.7423185150956,3399.95966111222,3401.192967761127,3402.4334674549914,3403.7127442867627,3405.036512597261,3406.366175685709,3407.707635858302,3409.0975880027227,3410.567628169938,3412.0885698172297,3413.716612590788,3415.4160095381408
3398.538606140831,3399.503191718462,3400.5117943273,3401.561452274456,3402.6226360260007,3403.6849795342614,3404.759341808093,3405.8552238039697,3407.006058256031,3408.1649802715538,3409.339866338859,3410.5219454511216,3411.7428017012912,3413.008149430188,3414.2793919370342,3415.5624315280256,3416.8939630908444,3418.3055826764585,3419.7681037421485,3421.337725934105,3422.978702299856
3411.1487203768547,3411.8957981430126,3412.6868929403768,3413.5190430760595,3414.3627190161305,3415.207554712918,3416.0644091752756,3416.942783359679,3417.8761100002666,3418.817524204316,3419.7749024601476,3420.739473760937,3421.742822199633,3422.7906621170564,3423.844396812429,3424.909928591947,3426.023952343292,3427.2180641174327,3428.463077371649,3429.8151917521323,3431.2386603064097
3420.853755670003,3421.3404320026334,3421.8711253664706,3422.4428740686258,3423.0261485751694,3423.6105828384298,3424.20703586726,3424.8250086181365,3425.4979338251965,3426.178946595719,3426.875923418023,3427.580093285285,3428.3230402904537,3429.1104787743498,3429.903812036195,3430.708942382186,3431.562564700004,3432.496275040617,3433.480886861306,3434.572599808262,3435.735666929012
3429.3200506129274,3429.7382223150053,3430.20041104829,3430.7036551198926,3431.2184249958837,3431.734354628592,3432.2623030268696,3432.8117711471937,3433.416191723701,3434.028699863671,3434.6571720554225,3435.2928372921324,3435.9672796667487,3436.686213520092,3437.411042151385,3438.147667866823,3438.9327855540887,3439.79799126415,3440.714098454286,3441.73730677069,3442.8318692608873
3438.1002196260006,3438.39485207978,3438.7335015647664,3439.113206388071,3439.5044370157634,3439.8968274001736,3440.301236550153,3440.7271654221786,3441.208046750388,3441.69701564206,3442.2019485855126,3442.7140745739243,3443.2649777002425,3443.8603723052875,3444.461661688282,3445.074748155422,3445.736326594389,3446.477993056152,3447.2705609979903,3448.1702300660954,3449.1412533079947
3444.732131255711,3444.964041826569,3445.2399694286346,3445.556952369018,3445.8854611137895,3446.2151296152783,3446.556816882337,3446.920023871441,3447.3381833167296,3447.7644303254806,3448.206641386012,3448.656045491503,3449.1442267349,3449.676899457024,3450.2154669570973,3450.7658315413164,3451.3646880973624,3452.043632676204,3452.7734787351214,3453.6104259203053,3454.5187272792837
3450.1362463526075,3450.3589057973804,3450.625582273361,3450.9333140876593,3451.252571706346,3451.5729890817497,3451.9054252227234,3452.2593810857425,3452.668289404946,3453.085285287612,3453.5182452220583,3453.958398201464,3454.437328318776,3454.960749914815,3455.4900662888035,3456.0311797469376,3456.6207851768986,3457.2904786296554,3458.0110735624876,3458.8387696215864,3459.7378198544798
3453.137542785426,3453.445807283406,3453.798088812594,3454.1914256800997,3454.5962883519933,3455.0023107806046,3455.4203519747853,3455.859912891012,3456.3544262634227,3456.8570271992958,3457.3755921869497,3457.9013502195626,3458.465885390082,3459.0749120393284,3459.689833466524,3460.3165519778654,3460.991762461034,3461.7470609669977,3462.5532609530374,3463.466562065343,3464.451217351444
3456.818448812282,3457.156665028951,3457.538898276828,3457.962186863023,3458.397001253605,3458.8329754009055,3459.2809683137752,3459.750480948691,3460.274946039791,3460.8074986943525,3461.3560154006955,3461.9117251519974,3462.506212041206,3463.1451904091414,3463.7900635550254,3464.446733785056,3465.1518959869136,3465.9371462115664,3466.773297916295,3467.7165507472896,3468.7311577520795
3460.9800011722305,3461.3363650565498,3461.7367459720767,3462.1781822259213,3462.631144284154,3463.085266099104,3463.551406679624,3464.0390669821895,3464.5816797409398,3465.1323800631512,3465.699044437144,3466.2729018560963,3466.8855364129545,3467.5426624485403,3468.205683262074,3468.880501159755,3469.6038110292625,3470.407208921565,3471.261508293944,3472.2229087925884,3473.2556634650286
3465.390208924803,3465.90628689113,3466.466381888665,3467.067532224518,3467.6802083647585,3468.2940442617164,3468.9198989242445,3469.567273308818,3470.269600149576,3470.9800145537956,3471.7063930097966,3472.4399645107565,3473.212313149623,3474.0291532672168,3474.8518881627583,3475.6864201424473,3476.569444093963,3477.5325560682736,3478.5465695226603,3479.6676841033127,3480.860152857761
3473.842542565494,3474.3081114980328,3474.8176974617795,3475.368338763844,3475.930505870296,3476.4938327334653,3477.069178362205,3477.6660437129904,3478.31786151996,3478.977766890391,3479.6536363126033,3480.336698779775,3481.058538384853,3481.8248694686586,3482.5970953304113,3483.381118276312,3484.213633194039,3485.1262361345616,3486.08974055516,3487.1603461020236,3488.3023058226836
3482.4143993913312,3482.788794657578,3483.2072069550327,3483.666674590805,3484.1376680309654,3484.6098212278425,3485.0939931902903,3485.5996848747836,3486.1603290154612,3486.7290607196005,3487.3137564755207,3487.9056452764003,3488.5363112151863,3489.2114686327,3489.8925208281607,3490.5853701077694,3491.3267113592046,3492.148140633435,3493.0204713877415,3493.999903268313,3495.050689322681
3488.822488189073,3489.2313310641443,3489.684190970424,3490.178106215021,3490.683547264007,3491.190148069709,3491.7087676409815,3492.2489069342996,3492.8439986838025,3493.4471779967666,3494.0663213615117,3494.692657771216,3495.3577713188274,3496.067376345166,3496.7828761494516,3497.510173037885,3498.2859618981456,3499.141838781201,3500.048617144332,3501.0624966337286,3502.1477302969215
3494.4395483312987,3494.94779550751,3495.500059714929,3496.0933792606656,3496.698224610791,3497.304229717632,3497.9222535900444,3498.561797184502,3499.2562932351443,3499.958876849248,3500.6774245151323,3501.4031652259764,3502.1676830747274,3502.976692402205,3503.7915965076304,3504.6182976972036,3505.4934908586033,3506.4487720427983,3507.4549547070687,3508.568238497605,3509.7528764619374
3502.498476720039,3502.9978142336786,3503.541168778526,3504.1255786616907,3504.7215143492444,3505.3186097935136,3505.9277240033543,3506.55835793524,3507.2439443233106,3507.937618274843,3508.647256278155,3509.3640873264276,3510.1196955126065,3510.9197951775127,3511.7257896203664,3512.5435811473676,3513.4098646461957,3514.3562361678187,3515.3535091695176,3516.457883297482,3517.6336115992426
3507.581713636828,3508.005796577976,3508.4738965503316,3508.9830518610047,3509.5037329760667,3510.025573847844,3510.559433485193,3511.114812844587,3511.7251446601663,3512.3435640392067,3512.977947470027,3513.619523945808,3514.299877559495,3515.0247226519095,3515.7554625222715,3516.497999476781,3517.2890284031173,3518.1601453522485,3519.0821637814556,3520.1112833369284,3521.211757066197
3510.1919084501105,3510.7369879388675,3511.326084458832,3511.9562363171144,3512.5979139797855,3513.240751399172,3513.89560758413,3514.5719834911333,3515.3033118543212,3516.042727780971,3516.7981077594004,3517.5606807827903,3518.3620309440867,3519.20787258411,3520.0596090020813,3520.9231425042,3521.835167978145,3522.8272814748852,3523.8702964517015,3525.0204125547834,3526.2418828316613
3512.3717394379414,3513.1156766880385,3513.9036309693433,3514.7326405889658,3515.5731760129765,3516.414871193703,3517.2685851400015,3518.143818808345,3519.074004932873,3520.0122786208626,3520.966516360632,3521.927947145362,3522.9281550679984,3523.972854469362,3525.0234486486734,3526.085839912132,3527.1967231474173,3528.3876944054973,3529.6295671436537,3530.978541008076,3532.398869046294
3515.1802366329184,3516.0970633669713,3517.0579071322322,3518.059806235811,3519.0732311437773,3520.08781580846,3521.1144192387146,3522.1625423910136,3523.265617999498,3524.376781171444,3525.503908395169,3526.638228663855,3527.8113260704476,3529.0289149557675,3530.2523986190345,3531.4876793664494,3532.7714520856907,3534.1353128277265,3535.550075049839,3537.0719383982173,3538.665155920391
3521.5000430320124,3522.3270141099324,3523.1980022190605,3524.1100456665063,3525.03361491834,3525.9583439268895,3526.895091701011,3527.8533591971773,3528.8665791495287,3529.8878866653417,3530.9251582329343,3531.9696228454873,3533.0528645959466,3534.1805978251336,3535.3142258322678,3536.45965092355,3537.6535679866583,3538.9275730725612,3540.2524796385405,3541.684487330786,3543.187849196827
3530.915257029633,3531.66095893579,3532.4506778731547,3533.2814521488376,3534.123752228908,3534.9672120656946,3535.822690668053,3536.6996889924562,3537.6316397730443,3538.571678117094,3539.527680512924,3540.4908759537134,3541.49284853241,3542.5393125898336,3543.591671425205,3544.6558273447235,3545.768475236069,3546.961211150209,3548.204848544425,3549.5555870649073,3550.9776797591853
3539.175348236051,3539.8335475213257,3540.5357638378077,3541.279035492608,3542.0338329517954,3542.7897901676993,3543.5577661491748,3544.3472618526953,3545.191710012401,3546.044245735568,3546.912745510515,3547.7884383304217,3548.7029082882354,3549.6618697247764,3550.626725939265,3551.603379237901,3552.628524508364,3553.733757801621,3554.8898925749545,3556.153128474554,3557.487718547949
3551.731077505243,3551.993724896981,3552.3003893199257,3552.6481090811885,3553.007354646839,3553.367759969206,3553.7401840571442,3554.1341278671275,3554.583024133296,3555.040007962926,3555.512955844336,3555.9930967707055,3556.512014834982,3557.0754243779857,3557.6447286989373,3558.2258301040365,3558.855423480962,3559.5651048806817,3560.3256877604786,3561.1933717665406,3562.1324099463986
3561.0330173690118,3560.96293927459,3560.9368782113756,3560.951872486479,3560.97839256597,3561.0060724021773,3561.0457710039564,3561.10698932778,3561.223160107789,3561.34741845126,3561.48764084651,3561.6350562867206,3561.8212488648373,3562.051932921682,3562.288511756474,3562.5368876754137,3562.8337555661797,3563.21071147974,3563.638568873377,3564.17352739328,3564.7798400869788
3569.2633070562024,3569.0087681183,3568.798246211605,3568.628779643228,3568.4708388792383,3568.3140578719654,3568.1692956302636,3568.046053110607,3567.9777630471353,3567.917560547126,3567.873322098895,3567.836276695625,3567.8380084302617,3567.8842316436253,3567.936349634937,3568.000264710396,3568.1126717576817,3568.3051668277612,3568.548563377918,3568.8990610543406,3569.3209129045586
3576.709035681358,3576.4144636529877,3576.1639086558257,3575.9544089969813,3575.756435142524,3575.559621044784,3575.3748257126144,3575.2115501024905,3575.1032269485518,3575.0029913580747,3574.9187198193767,3574.841641325639,3574.8033399698083,3574.809530092705,3574.821614993549,3574.8454969785407,3574.917870935359,3575.070332914971,3575.2736963746606,3575.5841609606155,3575.9659797203662
3581.160048203813,3580.898761145295,3580.681491117985,3580.505276428992,3580.340587544387,3580.1770584164988,3580.025548054181,3579.895557413909,3579.8205192298224,3579.753568609197,3579.702582040351,3579.6587885164654,3579.6537721304867,3579.6932472232347,3579.7386170939308,3579.7957840487747,3579.9014429754448,3580.0871899249087,3580.3238383544503,3580.6675879102568,3581.0826916398596
3586.4576478446593,3586.2885027309017,3586.163374648352,3586.0793019041203,3586.0067549642754,3585.935367781148,3585.875999363591,3585.8381506680794,3585.8552544287536,3585.8804457528886,3585.921601128803,3585.9699495496784,3586.05707510846,3586.188692145969,3586.3262039614256,3586.47551286103,3586.673313732461,3586.9512026266852,3587.279993000988,3587.7158845015547,3588.223130175918
3588.8532665413654,3588.9183193917925,3589.027389273427,3589.17751449338,3589.3391655177193,3589.5019762987768,3589.676805845404,3589.873155114077,3590.1244568389357,3590.383846127255,3590.659199467354,3590.941745852414,3591.26306937538,3591.6288843770735,3592.000594156714,3592.3841010205033,3592.816099856119,3593.3281867145274,3593.8911750530146,3594.5612645177657,3595.3027081563137
3592.2270618651833,3592.4638996620492,3592.7447544901224,3593.066664656514,3593.4001006272924,3593.7346963547884,3594.0813108478546,3594.4494450629663,3594.8725317342637,3595.303705969022,3595.75084425556,3596.2051755870584,3596.6982840564633,3597.235884004596,3597.7793787306755,3598.334670540903,3598.9384543229576,3599.622326127805,3600.357099412731,3601.198973823921,3602.1122024089077
3594.593838262801,3595.0324334651696,3595.5150456987453,3596.0387132706396,3596.5739066469205,3597.110259779919,3597.658631678488,3598.228523299102,3598.853367375902,3599.486299016163,3600.1351947082035,3600.7912834452045,3601.486149320112,3602.225506673747,3602.970758805329,3603.727808021059,3604.533349208616,3605.418978418966,3606.3555091093945,3607.399140926087,3608.5141269165765
3599.413449760829,3599.950583265525,3600.531733801428,3601.15393967565,3601.787671354258,3602.422562789584,3603.06947299048,3603.7379029134213,3604.461285292549,3605.1927552351367,3605.940189229505,3606.694816268833,3607.488220446068,3608.3261161020305,3609.16990653594,3610.025494053997,3610.9295735438814,3611.913741056559,3612.9488100493145,3614.0909801683347,3615.3045044611513
3604.922421468116,3605.6315802381137,3606.3847560393174,3607.1789871788405,3607.98474412275,3608.791660823377,3609.610596289574,3610.4510514778167,3611.346459122245,3612.249954330134,3613.1694135898038,3614.0960658944327,3615.061495336969,3616.0714162582326,3617.087231957443,3618.1148447408013,3619.190949495987,3620.3471422739653,3621.554236532022,3622.8684319163435,3624.253981474461
3609.6616385911566,3610.386674392985,3611.155727226019,3611.9658353973728,3612.787469373113,3613.61026310557,3614.445075603598,3615.3014078236715,3616.21269249993,3617.13206473965,3618.06740103115,3619.0099303676097,3619.991236841977,3621.0170347950707,3622.0487275261116,3623.092217341301,3624.184199128317,3625.356268938126,3626.5792402280135,3627.9093126441653,3629.3107392341135
3612.7797179372396,3613.5669279822096,3614.398155058385,3615.2704374728805,3616.154245691762,3617.039213667361,3617.93620040853,3618.8547068717453,3619.8281657911452,3620.809712274007,3621.807222808648,3622.811926388249,3623.855407105758,3624.943379301993,3626.0372462761757,3627.1429103345063,3628.297066364664,3629.5313104176143,3630.8164559506436,3632.2087026099366,3633.6723034430265
3616.401548143175,3617.4430991411114,3618.528667170253,3619.655290537715,3620.793439709563,3621.932748638128,3623.0840763322635,3624.2569237484454,3625.4847236208116,3626.7206110566394,3627.972462544247,3629.2315070768145,3630.5293287472896,3631.871641896491,3633.2198498236403,3634.579854834937,3635.988351818061,3637.476936823978,3639.0164233099736,3640.663010922233,3642.380952708289
3620.2418316989415,3621.696496660035,3623.195178652334,3624.7349159829537,3626.286179117959,3627.838602009682,3629.403043666975,3630.989005046314,3632.629918881838,3634.2789202808235,3635.9438857315886,3637.6160442273135,3639.3269798609463,3641.0824069733053,3642.843728863612,3644.6168478380664,3646.438458784348,3648.340157753423,3650.2927582025754,3652.3524597779924,3654.4835155272062
3621.7150761993794,3623.5834544804375,3625.495849792702,3627.449300443286,3629.414276898256,3631.380413109944,3633.358568087202,3635.358242786506,3637.412869941995,3639.475584660945,3641.554263431675,3643.640135247365,3645.7647842009624,3647.933924633286,3650.108959843558,3652.295792137977,3654.531116404223,3656.8465286932633,3659.2128424623806,3661.6862573577623,3664.2310264269413
3622.756312003739,3625.027268888606,3627.3422428046797,3629.698272059073,3632.065827117852,3634.4345419333495,3636.8152755144165,3639.2175288175295,3641.6747345768276,3644.140027899587,3646.621285274126,3649.109735693625,3651.6369632510314,3654.2086822871643,3656.786296101245,3659.3757069994736,3662.013609869529,3664.731600762378,3667.5004931353046,3670.3764866344954,3673.2790652383046
3628.637121403453,3631.0354605427087,3633.4778167131713,3635.9612282219537,3638.4561655351217,3640.9522626050075,3643.4603784404635,3645.9900139979654,3648.5746020116526,3651.1672775888005,3653.7759172177284,3656.3917498916167,3659.0191321460056,3661.6737419578003,3664.372843248322,3667.077839316792,3669.7946324694094,3672.5599175938532,3675.4052907410914,3678.301565368407,3681.3049411219868
3632.884148352261,3635.337364528296,3637.834597735537,3640.3728862810985,3642.9227006310452,3645.47367473771,3648.0285517744887,3650.591544646724,3653.1760572410044,3655.8155222914706,3658.463074905397,3661.126591571104,3663.7973012817715,3666.479560572939,3669.189047421513,3671.9430257488134,3674.7028988540624,3677.4745690434584,3680.2947312046813,3683.194981388698,3686.1461330527927
3635.4525503603004,3638.057911957625,3640.7072905861555,3643.3594360074453,3646.049869974296,3648.7518297455326,3651.454949273487,3654.1619717315552,3656.8771100250797,3659.61376804065,3662.4053785124056,3665.205076547622,3668.0207386346183,3670.8435937665754,3673.6779984790323,3676.539630748896,3679.4457544974857,3682.357773024024,3685.28158863471,3688.253896217222,3691.3062918225287
3638.0811161547554,3640.7099437177517,3643.444132878073,3646.2223390696,3649.003312053886,3651.8225735837336,3654.6533609179664,3657.485308008917,3660.321158029982,3663.165123886503,3666.0306094650696,3668.951047499822,3671.8795730980346,3674.8240627480272,3677.775745442981,3680.7389777184344,3683.7294375512943,3686.764388862881,3689.8052349524155,3692.8578781260976,3695.9590132716066
3641.132215939647,3643.846787117779,3646.690185858908,3649.6389461973617,3652.6317235670213,3655.62726772944,3658.66110043742,3661.7064589497854,3664.752977218868,3667.803398418066,3670.861935452719,3673.9419922094185,3677.077001422303,3680.2200981986484,3683.3791590267733,3686.54541289986,3689.723216353446,3692.928247364438,3696.1777698541573,3699.433187121824,3702.700401473639
3648.6515667025756,3651.035555155752,3653.6341147870608,3656.3615019813665,3659.1942507729964,3662.0710165958326,3664.950549211428,3667.868370372584,3670.7977173381264,3673.728224060386,3676.66263371276,3679.6051592005897,3682.5692044104658,3685.5882020765266,3688.6152873060487,3691.6583365873503,3694.708578913613,3697.770370820376,3700.8593902845446,3703.99290122744,3707.1323069482837
3652.813179257461,3655.190794906871,3657.684422103104,3660.2766089306465,3662.9976233211855,3665.8239993090488,3668.6943923281183,3671.567552139947,3674.4790004973365,3677.401974659112,3680.326108577605,3683.2541454262123,3686.1902981102753,3689.1479705163847,3692.1605953786793,3695.1813078044347,3698.2179842819696,3701.2618538044658,3704.3172729074618,3707.399919567864,3710.5270577069928
3656.0649968741823,3658.568660587022,3661.1883358466853,3663.8143839101153,3666.5326188010877,3669.3796812550568,3672.33210530635,3675.3285463888496,3678.3277542641085,3681.365250684928,3684.414272910133,3687.464454892056,3690.5185398040935,3693.5807405515866,3696.664461021126,3699.8031339468507,3702.949894436036,3706.112618977001,3709.282536562927,3712.464003729353,3715.672698453185
3658.71834598406,3661.3248007147567,3663.9349191582933,3666.661049148653,3669.39355194278,3672.2182415644493,3675.171758749115,3678.230637531105,3681.333533344301,3684.439195950257,3687.583147101773,3690.7386240576748,3693.8952607702945,3697.055800413029,3700.2244558912184,3703.414631091455,3706.659758747876,3709.9129739677583,3713.18215323942,3716.4585255560423,3719.7464474531653
3662.741112526641,3665.3252722359753,3668.015886676007,3670.710164828878,3673.5204545285724,3676.3371170320343,3679.245966363038,3682.283643257038,3685.426681748363,3688.6137372708936,3691.803559586184,3695.031670447035,3698.271307112271,3701.5121035342254,3704.7568028862947,3708.0096180738187,3711.2839529833896,3714.6132403491456,3717.9506152783624,3721.3039542593588,3724.664486285316
3666.6254844377095,3669.2256684641293,3671.9100121998836,3674.700810666335,3677.495272845626,3680.4057465717397,3683.3225931016214,3686.331626459045,3689.4694873794647,3692.7127098972096,3695.99994944616,3699.28995578787,3702.618250675141,3705.958071366797,3709.299051815171,3712.64393519366,3715.996934407604,3719.3714533435946,3722.8009247357704,3726.238483691407,3729.692006698823
3673.759528640632,3676.1954165496722,3678.7314884851326,3681.351720129927,3684.078406505419,3686.80875659375,3689.6551182289036,3692.507852667826,3695.4527739342893,3698.5265227637497,3701.7056331905346,3704.9287606485254,3708.1546548992756,3711.4188376955867,3714.694546296283,3717.971414653697,3721.252185941227,3724.5410730642107,3727.851479909242,3731.2168392104577,3734.5902860751344
3682.930063264242,3685.371969756133,3687.8779883389834,3690.4200788572944,3693.0463290849393,3695.779034043282,3698.515402714464,3701.3677829324683,3704.226535954241,3707.1774758035554,3710.2572432158663,3713.442372225502,3716.6715182663434,3719.903431099944,3723.173632479106,3726.455359662653,3729.7382466029176,3733.025036473298,3736.3199421791323,3739.636367607014,3743.0077454910806
3691.408734892662,3693.719880477512,3696.0891195704717,3698.464377246282,3700.8757068575524,3703.371196178157,3705.973140229459,3708.5787479936007,3711.3003673045646,3714.028359419297,3716.8485383615703,3719.797544866841,3722.851912969436,3725.950298103237,3729.0514500297973,3732.1908905019186,3735.341856778425,3738.4939828116494,3741.6500117749893,3744.8141565737833,3747.9998210946246
3697.4790920028427,3699.6982991001364,3701.97559970554,3704.2589188937936,3706.5783100175076,3708.9818608505557,3711.3899223629996,3713.8999279267455,3716.4135972033305,3719.0432780267383,3721.6793316539142,3724.407572108631,3727.264640126345,3730.227069741384,3733.2335163876287,3736.2427298266325,3739.290231811198,3742.349259600148,3745.4094471458156,3748.473537621599,3751.545743932837
3705.9424963534975,3708.285991147121,3710.6875794488537,3713.0951863334367,3715.53886515348,3718.0667036828577,3720.599052891631,3723.22334058796,3725.857633848035,3728.49559082095,3731.249559340687,3734.009900664192,3736.862428815238,3739.8437845292815,3742.9305018406503,3746.061236183224,3749.194737318557,3752.3665269994517,3755.5498424847315,3758.7343177267285,3761.922695898841
3716.8914900690716,3719.03471098534,3721.2360254097184,3723.4433584169465,3725.686763359635,3727.98648948228,3730.314054134303,3732.6461294657215,3735.070143284696,3737.504162667416,3739.9418457629763,3742.4955404053585,3745.0556078515087,3747.7078621252,3750.4889439618887,3753.3753873959026,3756.3058478611215,3759.2390751190997,3762.2105909226398,3765.1936325305646,3768.1778338952067
3723.291510840306,3725.2866918167338,3727.339966301272,3729.3992593686594,3731.4946243715076,3733.646310554312,3735.8258352664952,3738.009870658073,3740.2858445372067,3742.5718239800867,3744.8614671358064,3747.2134271959662,3749.619081898508,3752.031109404818,3754.5353237386685,3757.168365635517,3759.9067691296905,3762.689189655069,3765.4743769732067,3768.2978528369063,3771.132854504991
3727.101736639379,3729.0363623140447,3731.029081496821,3733.0278192624464,3735.062628963533,3737.1537598445757,3739.2727292549966,3741.3962093448126,3743.611627922184,3745.8370520633025,3748.0661399172604,3750.357544675658,3752.702644076438,3755.0541162809864,3757.493560979224,3759.937220011313,3762.5097066063995,3765.187554798811,3767.909420022428,3770.6340520388035,3773.3969726007413
3731.063074944478,3733.135817485023,3735.2666535336784,3737.403508165183,3739.5764347321488,3741.8056824790706,3744.062768755371,3746.324365711066,3748.677901154317,3751.0414421613145,3753.4086468811515,3755.8381685054287,3758.3213847720876,3760.810973842515,3763.3885354066324,3765.9703113046003,3768.60842817048,3771.3190316314453,3774.134996689736,3776.9949787792325,3779.857727661487
3734.43708616421,3736.6393661163515,3738.899739576603,3741.166131619704,3743.4685955982663,3745.8273807567844,3748.214004444681,3750.6051388119727,3753.08821166682,3755.581290085414,3758.078032216847,3760.6370912527204,3763.249844930976,3765.8689714129996,3768.498508824596,3771.2056078003097,3773.916921109874,3776.6845753873495,3779.5247162599117,3782.4702187297985,3785.4597382308916
3739.6238893008785,3741.71175090676,3743.8577060207513,3746.009679717592,3748.197725349894,3750.4420921621518,3752.714297503788,3754.9910135248197,3757.3596680334067,3759.7383281057405,3762.1206518909135,3764.5062335446532,3766.950874234267,3769.449209566262,3771.9539177020256,3774.4690367673616,3777.0617173968153,3779.658612360119,3782.3118482913346,3785.0375708176366,3787.8686549412632
3746.069765375948,3748.1267874390946,3750.241903010351,3752.363037164457,3754.520243254024,3756.7337705235473,3758.9751363224486,3761.2210128007455,3763.5588277665975,3765.9066482961966,3768.2581325386345,3770.6128746496397,3773.0266757965182,3775.494171585779,3777.963332043044,3780.4372006360727,3782.9214801586736,3785.4833212453923,3788.0493766659615,3790.671773054442,3793.3666560380093
3751.770215879014,3753.8336067980745,3755.9550912252444,3758.082594235264,3760.246169180745,3762.4660653061815,3764.7137999609968,3766.966045295207,3769.3102291169726,3771.6644185024857,3774.022271600837,3776.3833825677557,3778.803552570548,3781.2774172157224,3783.752946528901,3786.2331839778435,3788.723832356358,3791.2302012122714,3793.798411154904,3796.3708354313867,3798.9996006757806
3755.3535159279663,3757.5448578358737,3759.7942932518904,3762.0497472507564,3764.341273185084,3766.6891202993675,3769.064805943029,3771.4450022660862,3773.9171370766985,3776.399277451058,3778.885081538256,3781.3741434940216,3783.9222644856604,3786.5240801196815,3789.1275604217067,3791.735748859496,3794.354348226857,3796.9822992157037,3799.616619060464,3802.312779991943,3805.0131552572725
3757.6608657930287,3760.0854534622636,3762.5681346396077,3765.056834399801,3767.581606095456,3770.162698971067,3772.7716303760562,3775.385072460441,3778.0904530323805,3780.8058391680675,3783.524889016593,3786.247196733686,3788.9804424950134,3791.7618092479797,3794.596870643328,3797.433596706681,3800.275030905798,3803.126876034486,3805.9880727846603,3808.855638390748,3811.785045083554
3761.193627234048,3763.7438877108298,3766.352241695721,3768.9666142634615,3771.5922870710083,3774.24273157421,3776.949497257368,3779.6841014699044,3782.423216361836,3785.2542697413223,3788.095328684556,3790.940051340629,3793.7880318652687,3796.646950434143,3799.553989994656,3802.514724197552,3805.4771230684514,3808.4442300751152,3811.4217480113502,3814.408617569072,3817.4018559827064
3763.6937588540154,3766.473570989927,3769.30364360262,3772.1918097234234,3775.085994427075,3777.9914793705334,3780.9217360096472,3783.9083138287165,3786.9227301771643,3789.9416572050072,3793.0525227204057,3796.173393799551,3799.2979285915353,3802.425721252087,3805.5644519568727,3808.7513036532973,3811.991849992105,3815.234060998916,3818.4809801414913,3821.7383102136378,3825.0049919072712
3766.195852079514,3769.056002111213,3772.1959642788233,3775.3861869232155,3778.634503075718,3781.8888378110687,3785.1544727862256,3788.4448794570385,3791.7916073078068,3795.1661736879537,3798.5452507474956,3802.0162662945927,3805.497287405437,3808.9819722291204,3812.469914921371,3815.968795657856,3819.515797385979,3823.116493756486,3826.718854794996,3830.32592396927,3833.9434040731157
3767.900432654168,3770.765595377501,3773.9909081325327,3777.4960330234762,3781.0514183912014,3784.664897267037,3788.2843947257206,3791.915192424211,3795.570761818357,3799.282652392458,3803.022381495938,3806.766621278813,3810.602799549243,3814.448983383421,3818.2988309304374,3822.151936346021,3826.015979805839,3829.928144257295,3833.894003351135,3837.8615271129784,3841.8337590105857
3769.7712368729813,3772.7349722847566,3776.063870419865,3779.7529185866724,3783.7217788893913,3787.740899668892,3791.8181139565027,3795.901346826962,3799.9958799372275,3804.115184743149,3808.2908107290255,3812.4942752442807,3816.702250438931,3821.0021641211365,3825.3120833670896,3829.6256663258814,3833.9425071532405,3838.2702860248337,3842.6461858880652,3847.0757803936804,3851.5070395672997
3773.2543569167906,3776.125527445198,3779.46043338538,3783.160502048895,3787.2207207441097,3791.5607515752354,3795.951042883143,3800.3994276991607,3804.8538310980266,3809.3195347366996,3813.8100100710276,3818.3568065853115,3822.9314416289735,3827.5105873520306,3832.1816715626433,3836.862761337003,3841.5475148242017,3846.235526179968,3850.934475579968,3855.6815459716067,3860.4823110056286
3778.2922860650024,3781.2232209907743,3784.5253264449534,3788.2911673109074,3792.4221709001945,3796.913324521181,3801.6842902780786,3806.5055165117583,3811.3848362535477,3816.2701745781856,3821.1668131426304,3826.0882234027304,3831.065954842786,3836.07152481222,3841.081605461049,3846.1836245974337,3851.2956492975654,3856.411337710536,3861.530283992074,3866.660168317846,3871.8381736352567
3781.618222330259,3784.496945341336,3787.8066032781844,3791.4874317434405,3795.631995620471,3800.1417222208347,3805.0115988528983,3810.1612876208724,3815.361236865629,3820.619279618495,3825.8833409542094,3831.1587025297313,3836.4588358009078,3841.8152902520405,3847.199583232551,3852.588386892457,3858.069129039918,3863.5598767511265,3869.054288175174,3874.5519574677887,3880.0605648046376
3789.960890804866,3792.709221115013,3795.836274436237,3799.3942626832327,3803.3234214586364,3807.716315645814,3812.474372556325,3817.5925794985355,3822.990598576657,3828.438878131561,3833.945251194574,3839.4576428404357,3844.9813347261047,3850.5297983074283,3856.1345830687087,3861.7672063593664,3867.4043403294195,3873.1334127870277,3878.872490808383,3884.6152325425783,3890.36123214534
3799.4405193806347,3802.3775266073426,3805.5628641441976,3809.1269246921297,3813.121920165833,3817.488086167945,3822.3179875818305,3827.513051719049,3833.0682658879673,3838.9032921927965,3844.7885789744087,3850.7319592641297,3856.681358136699,3862.642057249076,3868.6275280571076,3874.669320045096,3880.7389505624615,3886.8130917592225,3892.9791714435387,3899.1552566916016,3905.3350056525046
3807.16934571851,3809.8975255462506,3813.0627126006984,3816.4762299652934,3820.268470340966,3824.4916456424094,3829.0859914722614,3834.144072713887,3839.5673166788456,3845.350710675504,3851.4139168080733,3857.527383417426,3863.698943534887,3869.8765222351963,3876.0654011753136,3882.279051811085,3888.5490236268133,3894.8468339719193,3901.1491549964203,3907.543414508477,3913.9476795842797
3818.01446772786,3820.441598952032,3823.096910003945,3826.189228282565,3829.529876871333,3833.2492484711775,3837.3995549967935,3841.9210320508178,3846.906244516616,3852.2566197057467,3857.967144926578,3863.957482283319,3869.9980801168444,3876.0967714584776,3882.2014813829596,3888.317491547249,3894.4582734071932,3900.6553764470937,3906.8803180163723,3913.109770265046,3919.4311610012746
3825.843059025603,3828.242155452566,3830.714120655357,3833.3413969100607,3836.4056803914714,3839.7182941830297,3843.4096309856654,3847.531902714072,3852.025344970887,3856.9825226394764,3862.304863031398,3867.9873534550197,3873.9496560145517,3879.962219050868,3886.032875595292,3892.1095507225646,3898.197526089645,3904.31027315238,3910.479341395071,3916.6762481671403,3922.877665618605
3835.730677387757,3837.9711428039236,3840.2844769959183,3842.625845985122,3845.0944912290297,3848.000143699644,3851.154126480406,3854.6868322722453,3858.6504729898556,3862.985284235874,3867.7838308936675,3872.9475402747926,3878.471399687618,3884.2750712363536,3890.1290032618735,3896.041028795501,3901.9590729119777,3907.888417268262,3913.8425333202003,3919.852970552095,3925.891246313368
3842.613830037931,3844.865628736486,3847.1902962108693,3849.5429984824614,3852.0229770087576,3854.5343102911456,3857.4512960441484,3860.616612107299,3864.1606511815266,3868.1356251815255,3872.4817697099325,3877.291649650114,3882.4666923136274,3888.0018850088413,3893.8168898399654,3899.682155147874,3905.6055139638897,3911.5348913627545,3917.475569001427,3923.441018335754,3929.462788850037
3849.387386380291,3851.7081254225554,3854.1017332406477,3856.523375855949,3859.072294725954,3861.6412350696637,3864.221508695761,3867.2074347924727,3870.4416911993326,3874.0546706172695,3878.0985849609774,3882.5136698330934,3887.3924901169844,3892.636473124207,3898.24060616313,3904.1245513379636,3910.058756989581,3916.051056149306,3922.04937389188,3928.058991874262,3934.093381552298
3857.1622312507325,3859.4997409595035,3861.9101194441023,3864.3485327259104,3866.865303392417,3869.430992928929,3872.0167039391454,3874.613748231749,3877.6164449949674,3880.867472068334,3884.497222152778,3888.5579071629923,3892.989762701615,3897.885353652013,3903.146107325742,3908.7670110311715,3914.667726872512,3920.618703190636,3926.6277730168676,3932.6428614259485,3938.6692500748372
3862.885907426432,3865.49222908096,3868.171419511316,3870.878644738881,3873.647456684638,3876.4330392969023,3879.267540779171,3882.122063735145,3884.9879199735055,3888.259428682481,3891.7792677016046,3895.6778297318056,3900.007326687777,3904.7079941721568,3909.8723970683122,3915.4019626877985,3921.291678338985,3927.4612061260827,3933.680994389964,3939.9588761619525,3946.2427765167904
3869.174357281223,3872.047079448463,3875.0261232702314,3878.0780358678276,3881.157983262633,3884.2995173756303,3887.4578221551346,3890.665045804644,3893.8922909278576,3897.1308693334586,3900.7751002096743,3904.6676613960385,3908.9389455934797,3913.6411647166915,3918.7145543683114,3924.251679431707,3930.1539672184335,3936.4164050368604,3942.9586549911983,3949.5511654223196,3956.2017693615485
3880.542448971536,3882.833822777297,3885.4979187502977,3888.2683363778265,3891.1116227811835,3893.9829439817495,3896.9158519005077,3899.8655304857725,3902.8641279410426,3905.882746870017,3908.912699081379,3912.348303763355,3916.03223875548,3920.094896758682,3924.5884896876546,3929.453253145035,3934.781752014191,3940.4754136066786,3946.529225230866,3952.8628489909647,3959.2467332278466
3891.750938487091,3893.7248546624414,3895.907397032031,3898.2540353746217,3900.70699537174,3903.232824144687,3905.7866877148426,3908.4021380031904,3911.0343589580452,3913.715498782905,3916.416660081469,3919.1291546624207,3922.247301713987,3925.6137790757016,3929.358979448493,3933.5351147470556,3938.0824205740255,3943.0934618127717,3948.4696657748486,3954.206019768626,3960.2221858983144
3901.2013153813577,3902.9425606394198,3904.8924320917213,3907.0063995170235,3909.2266885968534,3911.4940176795653,3913.787175535224,3916.1083681880914,3918.4911475591507,3920.8906975967175,3923.3391665042886,3925.807656885565,3928.287480549228,3931.1729566835056,3934.3067631279323,3937.819292583435,3941.7627569647098,3946.077391874391,3950.8557621958494,3955.999295240638,3961.5029783171267
3905.990966261624,3907.655300997221,3909.528261927057,3911.565318829894,3913.708697387259,3915.8991159475054,3918.1153632806986,3920.3596454111007,3922.665514259695,3924.9881537747965,3927.3597121599023,3929.7512920187132,3932.1542051599113,3934.577294637446,3937.3858602492583,3940.4427561712196,3943.8783751042574,3947.7449289630667,3951.982653350283,3956.6841131492756,3961.750735671599
3919.0405642104624,3920.4121656724483,3921.9923933286736,3923.7367169578997,3925.587362241654,3927.4850475282897,3929.408561587872,3931.3601104446634,3933.373246019647,3935.403152261138,3937.481977372633,3939.580823957833,3941.6910038254205,3943.8213600293443,3946.0286267557335,3948.544459093935,3951.3086217422856,3954.4515074017127,3958.025327986911,3961.9703191005165,3966.3790456258985
3935.0165522034677,3936.1453906088377,3937.4828552084477,3938.984415781058,3940.5922980081964,3942.247220238217,3943.9279712411835,3945.636757041359,3947.4071295597273,3949.1942727446026,3951.030334799482,3952.8864183280666,3954.753835139038,3956.6414282863466,3958.60593195612,3960.863168899504,3963.1362381810904,3965.657637772825,3968.5577603756365,3971.8888179042196,3975.591045961209
3949.521353429064,3950.5592619574395,3951.8057966800548,3953.2164273756703,3954.733379725814,3956.2973720788395,3957.8871932048114,3959.505049127992,3961.1844917693656,3962.880705077246,3964.6258372551306,3966.3909909067206,3968.1674778406973,3969.9641411110115,3971.83771490379,3974.0040219701796,3976.186161374771,3978.5952314977762,3981.025701212516,3983.8348939383327,3987.075021589921
3961.432138878653,3962.2601326658855,3963.296752647358,3964.497468601831,3965.8045062108317,3967.1585838227147,3968.538490207544,3969.946431389582,3971.4159592898127,3972.9022578565505,3974.437475293292,3975.9927142037395,3977.5592863965735,3979.146034925745,3980.809693977381,3982.7660863026276,3984.7383109660764,3986.937466347939,3989.158021321536,3991.4481065803934,3994.047384565067
3970.6325469052176,3971.498964583375,3972.574008455772,3973.8131483011693,3975.1586098010953,3976.551111303903,3977.9694415796566,3979.4158066526193,3980.9237584437747,3982.448480901437,3984.0221222291034,3985.6157850304758,3987.2207811142343,3988.8459535343304,3990.548036476891,3992.5428526930623,3994.5535012474356,3996.791080520223,3999.050059384745,4001.378568534527,4003.9169924254516
3980.5921348675056,3981.545077785443,3982.7066468976204,3984.032311982798,3985.4642987225047,3986.9433254650926,3988.4481809806266,3989.9810712933695,3991.575548324305,3993.1867960217483,3994.846962589195,3996.5271506303475,3998.2186719538863,3999.9303696137627,4001.718977796104,4003.8003192520555,4005.897493046209,4008.221597558777,4010.567101663079,4012.9821360526416,4015.568661292422
4003.567797004496,4004.3922846132623,4005.425398416269,4006.622608192276,4007.926139622812,4009.276711056229,4010.6531112625926,4012.0575462661645,4013.5235679879293,4015.006360376202,4016.5380716344775,4018.0898043664597,4019.6528703808276,4021.2361127315335,4022.896265604704,4024.849151751485,4026.8178702364676,4029.013519439865,4031.230568234996,4033.5171473153882,4035.8886920062173
4019.7195099703804,4020.3154893195933,4021.1200948630467,4022.0887963795,4023.1638195504825,4024.285882724346,4025.433774671156,4026.609701415174,4027.8472148773853,4029.1014990061044,4030.404702004827,4031.7279264772556,4033.06248423207,4034.417218323222,4035.848862936839,4037.5732408240665,4039.3134510494956,4041.2805919933394,4043.269132528917,4045.3272033497556,4047.4702397810315
4033.223166266401,4033.643815125071,4034.2730901779814,4035.0664612038913,4035.9661538843307,4036.912886567651,4037.885448023918,4038.886044277393,4039.9482272490613,4041.027180887237,4042.1550533954164,4043.302947377302,4044.4621746415733,4045.6415782421823,4046.897892365256,4048.4469397619405,4050.0118194968263,4051.8036299501273,4053.6168399951616,4055.499580325457,4057.46728626619
4049.1264138059632,4049.428201870006,4049.9386161282896,4050.6131263595726,4051.3939582453845,4052.221830134078,4053.075530795718,4053.957266254566,4054.900588431607,4055.860681275156,4056.8696929887083,4057.898726175967,4058.939092645611,4059.999635451593,4061.13708878004,4062.5672753820973,4064.013294322356,4065.6862439810297,4067.380593231437,4069.1444727671055,4070.9933179132117
4064.1102401680687,4064.3875610308155,4064.873508087803,4065.52355111779,4066.279915802306,4067.0833204897035,4067.9125539500474,4068.7698222075996,4069.6886771833447,4070.6243028255976,4071.608847337854,4072.613413323817,4073.6293125921648,4074.665388196851,4075.778374324002,4077.184093724763,4078.605645463726,4080.2541279211036,4081.924009970215,4083.6634223045876,4085.487800249398
4077.9049831685497,4077.954354602983,4078.212352231657,4078.63444583333,4079.1628610895327,4079.738316348617,4080.3396003806474,4080.9689192098863,4081.659824757318,4082.3675009712574,4083.1240960552004,4083.90071261285,4084.6886624528843,4085.496788629257,4086.3818253280947,4087.5595953005422,4088.753197611192,4090.173730640256,4091.615663261054,4093.1271261671127,4094.7235546836096
4085.2170928813803,4085.2526899964064,4085.4969133056725,4085.905232587938,4086.4198735247332,4086.98155446441,4087.5690641770325,4088.1846086868636,4088.861739914888,4089.5556418094197,4090.298462573955,4091.0613048121972,4091.835480332824,4092.629832189789,4093.501094569219,4094.665090222259,4095.844918213501,4097.251676923158,4098.679835224548,4100.177523811199,4101.760178008289
4107.573813163464,4107.365678477015,4107.366169984804,4107.5307574655935,4107.801666600913,4108.119615739114,4108.4633936502605,4108.835206358616,4109.268605785164,4109.71877587822,4110.217864841279,4110.736975278046,4111.267418997197,4111.818039052685,4112.4455696306395,4113.365833482204,4114.301929671969,4115.464956580151,4116.649383080065,4117.903339865239,4119.242262260854
4133.0418752220585,4132.210742469379,4131.588235910938,4131.129825325496,4130.777736394586,4130.472687466557,4130.193467311473,4129.942281953598,4129.752683313915,4129.579855340741,4129.45594623757,4129.352058608106,4129.259504261026,4129.187126250285,4129.191658762009,4129.488924547342,4129.802022670878,4130.342051512829,4130.903479946512,4131.534438665456,4132.2503629948405
4158.833461451681,4157.345367330186,4156.06589940293,4154.950527448674,4153.941477148948,4152.979466852104,4152.0432853282055,4151.135138601515,4150.288578593018,4149.458789251029,4148.6779187790435,4147.917069780764,4147.16755406487,4146.438214685313,4145.785785828222,4145.426090244741,4145.082226999461,4144.9652944725985,4144.869761537466,4144.843758887595,4144.902721848165
4177.990093364098,4176.13425625112,4174.487045332382,4173.003930386642,4171.627137095435,4170.2973838071075,4168.993459291725,4167.717569573552,4166.503266573573,4165.3057342401,4164.157120776632,4163.028528786869,4161.911270079493,4160.814187708453,4159.7940158598785,4159.066577284915,4158.354971048152,4157.870295529806,4157.407019603191,4157.013273961837,4156.704493930924
4196.279365684766,4194.030334587467,4191.989929684408,4190.113620754347,4188.343633478818,4186.62068620617,4184.923567706466,4183.254484003973,4181.6469870196715,4180.056260701877,4178.514453254089,4176.992667280005,4175.482214588307,4173.991938232946,4172.578572400051,4171.457939840766,4170.353139619682,4169.475270117015,4168.618800206078,4167.831860580403,4167.12988656517
4242.503509325403,4239.264259638986,4236.233636146809,4233.367108627629,4230.606902762983,4227.8937369012165,4225.206399812394,4222.547097520783,4219.949381947364,4217.368437040452,4214.8364110035445,4212.3244064403425,4209.823735159527,4207.343240215047,4204.939655793034,4202.828804644631,4200.733785834429,4198.8656977426435,4197.019009242589,4195.241851027797,4193.549658423444
4283.281944876092,4279.338577267242,4275.55930563139,4271.886355650072,4268.2604456716335,4264.660364466138,4261.088318057855,4257.577858367764,4254.08416934418,4250.6393991906,4247.214650510726,4243.801235113238,4240.388490996566,4236.995251935414,4233.678923396728,4230.655328131654,4227.647565204779,4224.866732996321,4222.107300379595,4219.41739804813,4216.812461327106
4319.130615365773,4314.644121633099,4310.2639495549565,4305.930817479695,4301.623514177376,4297.34424567227,4293.126563885355,4288.925652764948,4284.773660514544,4280.641689737847,4276.521052243535,4272.4010860300405,4268.300624872065,4264.277074236556,4260.546256874658,4256.83127185096,4253.343217545678,4249.876562832128,4246.4794384038405,4243.167279585992,4239.960057489169
4350.133100985373,4345.143516430404,4340.200971878316,4335.28425609917,4330.395575117237,4325.568480853495,4320.758157256262,4315.996752529031,4311.255369275507,4306.525319304369,4301.795940614048,4297.0860669792455,4292.453103866909,4288.112874028186,4283.78847652766,4279.691009745552,4275.614942555175,4271.608405650061,4267.686834355386,4263.870199781736,4260.76078730491
4376.546464177025,4370.947694456258,4365.374753508435,4359.829847357823,4354.346527925403,4348.879979159492,4343.462349263583,4338.064740841381,4332.678465701564,4327.292861842565,4321.926763039084,4316.63757475807,4311.641119750668,4306.660497081464,4301.906805130678,4297.174512771622,4292.51175069783,4287.933954234477,4283.461094492149,4279.695456846644,4276.539231677966
4405.587429278072,4399.366767523436,4393.1741405660105,4387.043100326777,4380.928830754053,4374.86348005133,4368.818150822314,4362.784154875685,4356.750830209872,4350.737010599579,4344.800101511751,4339.155925697535,4333.527582221519,4328.126169463919,4322.74615629805,4317.435673417445,4312.210156147278,4307.089575598136,4302.6762171458195,4298.872271170328,4295.724550363514
4420.09739699093,4413.5213697320705,4407.006929191403,4400.509259317246,4394.060508313089,4387.631778782639,4381.214382534576,4374.797657567329,4368.400437655602,4362.08012826634,4356.052552150691,4350.040808373241,4344.255995314206,4338.492581846904,4332.798698664866,4327.189781093264,4321.685800242689,4316.889041488937,4312.701695212012,4309.170574103765,4306.2871738023305
4439.688104270734,4432.712205685006,4425.7530777657885,4418.842868716571,4411.952681141061,4405.073826847937,4398.19564383563,4391.336965878843,4384.55519844452,4378.066164283811,4371.592962461301,4365.3466913572065,4359.121819844843,4352.966478617745,4346.896103001083,4340.930664105448,4335.672447306636,4331.02364298465,4327.031063831343,4323.686205484848,4320.724747439788
4458.963480941883,4451.588848538295,4444.263135004706,4436.957442944825,4429.66308416733,4422.369396670653,4415.0952142294955,4407.897942310801,4400.993403665721,4394.10469735884,4387.442921770375,4380.802545773641,4374.231700062172,4367.745819961139,4361.364876581133,4355.69115529795,4350.626846491593,4346.218762853916,4342.45840002305,4339.081437493619,4336.165933009248
4483.434634864538,4475.913148312124,4468.411683233418,4460.921551437099,4453.432090921597,4445.962135461615,4438.569090524095,4431.468778860191,4424.384299534485,4417.526750927195,4410.690601911637,4403.923983181344,4397.2423300614855,4390.665613662655,4384.796119360647,4379.536037535466,4374.932180878964,4370.976045029273,4367.4033094810175,4364.292031977822,4361.596258958997
4502.499351596134,4494.788006527277,4487.086529662099,4479.385724077739,4471.704423548899,4464.100033542522,4456.78837680976,4449.492552415196,4442.423658739049,4435.376164654633,4428.398200855481,4421.505202666765,4414.717141199078,4408.636301828211,4403.164874934172,4398.349673208812,4394.1821922902645,4390.39811167315,4387.075489101097,4384.168371013415,4381.457025944556
4517.531036505627,4509.369838026932,4501.228144603757,4493.163361703045,4485.20296880871,4477.430919181613,4469.6747018927135,4462.145415322231,4454.63752834348,4447.199171649993,4439.845780566942,4432.59732620492,4426.056093939718,4420.124274151344,4414.848679531649,4410.220805718766,4405.976332207318,4402.19331674093,4398.825805758912,4395.654067795718,4392.693674901383
4531.9482854021435,4523.419169587905,4514.994443780045,4506.758061239423,4498.537511036999,4490.54389155299,4482.571671660714,4474.607338747189,4466.704649140177,4458.886925143601,4451.174137868053,4444.168572689326,4437.7724199874265,4432.0324924542065,4426.940285727798,4422.231479302824,4417.9841309229105,4414.1522870273675,4410.516216150649,4407.091490342788,4404.127157429262
4540.830338527792,4532.223875053713,4523.633243917831,4515.269543500365,4506.927242674632,4498.592828827649,4490.3200582871805,4482.1322533571465,4474.049385148141,4466.179304214684,4458.803658102499,4452.037424467143,4445.927416000465,4440.465128340599,4435.386240982168,4430.768811668797,4426.566886839797,4422.56073502962,4418.765928288303,4415.431514441319,4412.561433507862
4544.7000244427545,4536.0194901749355,4527.3603554988495,4518.709107801515,4510.119503410693,4501.614864630306,4493.215162570948,4485.028247787139,4477.211413936786,4469.518933974249,4462.43586648854,4456.00902417151,4450.229902661292,4444.834181452507,4439.899918288784,4435.381159609432,4431.058173948903,4426.9465333572325,4423.295285659897,4420.108370876086,4417.291537025733
4547.0920192608,4538.208461496778,4529.386547039269,4520.649598192194,4512.017586066149,4503.598361215652,4495.549217298612,4487.6244272693875,4479.8921172027,4472.576739650304,4465.917587266586,4459.90615568968,4454.278124414209,4449.111551183798,4444.360482437759,4439.805186710542,4435.461236052184,4431.577678288161,4428.158453437663,4425.109309520623,4422.376999453935
4555.022972474925,4545.940596739205,4536.9631577245145,4528.198505985372,4519.803935179687,4511.533718261817,4503.455981306484,4495.61055441784,4487.949749976799,4480.945170704435,4474.588312238884,4468.614854074767,4463.102853955711,4458.006358321027,4453.105635705166,4448.416258158162,4444.187273505494,4440.422621766351,4437.0280509606655,4433.950314005332,4431.104887116687
4556.191970136964,4547.166351854986,4538.510814506465,4529.979631045759,4521.640927547591,4513.53453411611,4505.612763132233,4497.851796589398,4490.586250774199,4483.968425765812,4477.734001058859,4471.961034396967,4466.6035722194465,4461.44188306075,4456.491538970911,4452.001587775407,4447.975969493428,4444.320432144907,4440.981728646738,4437.875335215256,4435.114368672421
4559.433264453047,4550.584746782925,4541.928709075343,4533.5049814344475,4525.265876241157,4517.187575488906,4509.370241279492,4501.787361254877,4494.8522020370765,4488.300443120708,4482.210142249402,4476.535345862467,4471.056322494356,4465.788644195102,4460.981358790184,4456.63840629879,4452.665534740854,4449.00949703327,4445.5857693923745,4442.507468640124,4439.69013443071
4561.348342495311,4552.734258673134,4544.3047972985605,4536.036140365028,4528.028449974332,4520.255213768435,4512.564857587154,4505.43934218807,4498.69722709042,4492.416570037833,4486.5514174696145,4480.8820379202225,4475.424003439686,4470.426361853485,4465.89305318081,4461.729825441592,4457.8834315527265,4454.269347730548,4451.0006907970155,4447.99300040632,4445.3026442250375
4560.925818132348,4552.496368497675,4544.327885405839,4536.393856498802,4528.5427076163805,4520.8819149152405,4513.595606815017,4506.6926990162265,4500.251249262499,4494.225303993142,4488.39513174261,4482.776304560934,4477.617870273592,4472.923768899777,4468.599748459419,4464.592561869414,4460.8176853460955,4457.388235711423,4454.219752619587,4451.368603737164,4448.707811036025
4560.080021965895,4552.068692341942,4544.140242742604,4536.402149324547,4528.82484860763,4521.46123979049,4514.481031274783,4507.9622808041395,4501.859034817865,4495.9515618504165,4490.255433951824,4485.019698947566,4480.248296856835,4475.846975699559,4471.762488392637,4467.910311152403,4464.4035608008135,4461.1577769920605,4458.229327392722,4455.491233974666,4452.91393325775
4557.633601138651,4549.998311413997,4542.523814390482,4535.126618083883,4527.865812960145,4520.98840813784,4514.572461360599,4508.572019067726,4502.767349793679,4497.174025588489,4492.041094277633,4487.372495880303,4483.07397841643,4479.09229480291,4475.342921256078,4471.93897459789,4468.795994482539,4465.970348576602,4463.335058851949,4460.860561828434,4458.463365521836
4559.918690144598,4552.367660216588,4544.893931005494,4537.556592977261,4530.602655250461,4524.110175568724,4518.033200371356,4512.151998192814,4506.482141083128,4501.272676867778,4496.527545565952,4492.1524951975825,4488.094278679568,4484.26837222824,4480.787892665557,4477.568379645711,4474.666200835279,4471.95437820613,4469.377845301635,4466.826815373624,4464.353086162531
4559.99426310944,4552.46075930532,4545.0636466840615,4538.049934364235,4531.497680089473,4525.360930299078,4519.41995352751,4513.690321824799,4508.421083016422,4503.616177121571,4499.181352160175,4495.063361049134,4491.177680004781,4487.637425849071,4484.3581382362,4481.396184832742,4478.624587610568,4475.988280113046,4473.377475592009,4470.817700998984,4468.284197194865
4562.041495728982,4554.684846921787,4547.711598416022,4541.199807955322,4535.103521978989,4529.203009021484,4523.513841132834,4518.28506613852,4513.520624057731,4509.126262910398,4505.048735613418,4501.203518383128,4497.70372804148,4494.464904242671,4491.543414653274,4488.812281245163,4486.216437561703,4483.646096854729,4481.126786075765,4478.6337460857085,4476.17420989977
4564.594082751058,4557.728608637956,4551.32459256992,4545.336080986251,4539.54334242141,4533.961948925424,4528.840948323773,4524.184280635647,4519.897693880977,4515.927940976661,4512.190498139034,4508.798482190051,4505.6674327839055,4502.8537175871725,4500.2303585717245,4497.742289280928,4495.279722966618,4492.868186580317,4490.475960972982,4488.090695375588,4485.738933582314
4567.085294329556,4560.747774938216,4554.825760031243,4549.099518143098,4543.584621323808,4538.530117398854,4533.939946387424,4529.719856309451,4525.816600081831,4522.1456539209,4518.820134648613,4515.755581919163,4513.008363399126,4510.4515010603745,4508.017997737071,4505.596425122971,4503.200355485356,4500.855315775752,4498.529586845113,4496.210817924416,4493.925552807837
4568.311581374271,4562.451674441141,4556.787540526841,4551.334751681396,4546.342355730286,4541.8142926927,4537.656310588572,4533.815162334796,4530.206324147709,4526.942912849267,4523.9404680936605,4521.2553575474685,4518.760603182561,4516.322711156406,4513.951315806946,4511.5918511666905,4509.25788950292,4506.97495776716,4504.7113368103655,4502.454675863512,4500.231518720779
4568.48866545718,4563.041547295226,4557.805774202127,4553.030394003365,4548.719346718125,4544.778380366343,4541.1542478649135,4537.762425430174,4534.716029884078,4531.930600880818,4529.462506086973,4527.179521839319,4524.901783226758,4522.68090695295,4520.526527355836,4518.384078467928,4516.267132556503,4514.20121657309,4512.154611368643,4510.114966174136,4508.108824783749
4567.339424224336,4562.339512482198,4557.799993634398,4553.7248077001195,4550.019702699299,4546.631431548831,4543.475470465052,4540.664936269918,4538.11536861762,4535.851229968582,4533.618996525698,4531.5718736290055,4529.529996367406,4527.544981444559,4525.626463198408,4523.719875661461,4521.838791100998,4520.008736468546,4518.19799261506,4516.394208771514,4514.62392873209
4566.8481419098935,4562.636498575823,4558.889188155275,4555.511958668186,4552.451563031448,4549.6234774614,4547.140818779996,4544.919126641429,4542.74700215516,4540.810739019852,4538.906381090699,4537.187133707737,4535.473131959868,4533.815992550752,4532.225349818331,4530.646637795115,4529.093428748382,4527.5912496296605,4526.108381289905,4524.63247296009,4523.190068434396
4567.915335838285,4564.574285710014,4561.6033165152,4558.949181170739,4556.5273558929675,4554.433616185244,4552.357217796116,4550.541785949826,4548.775921755832,4547.245918912801,4545.747821275924,4544.434834185238,4543.1270927296455,4541.876213612805,4540.691831172661,4539.519379441721,4538.3724306872655,4537.2765118608195,4536.199903813341,4535.130255775802,4534.094111542385
4570.2093796973,4567.681674495914,4565.47080314488,4563.414067138307,4561.435505853961,4559.785030139666,4558.151895743964,4556.7797278911,4555.457127690534,4554.37038884093,4553.31555519748,4552.44583210022,4551.581354638055,4550.773739514641,4550.032621067924,4549.30343333041,4548.599748569382,4547.947093736363,4547.313749682311,4546.6873656381995,4546.094485398209
4572.661326774228,4570.453455163693,4568.534712202125,4566.770104585018,4565.0836716901385,4563.7253243653095,4562.384318359073,4561.304278895676,4560.273807084576,4559.4791966244375,4558.716491370454,4558.13889666266,4557.566547589961,4557.0510608560135,4556.602070798762,4556.165011450715,4555.753455079152,4555.3929286356,4555.051712971013,4554.717457316368,4554.416705465844
4575.340431690308,4573.275359697661,4571.4994163539795,4569.877608354761,4568.333975077769,4567.118427370827,4565.920220982478,4564.982981136969,4564.095308943756,4563.443498101505,4562.823592465409,4562.388797375503,4561.959247920691,4561.586560804631,4561.280370365267,4560.986110635107,4560.717353881432,4560.499627055768,4560.3012110090685,4560.109754972311,4559.951802739673
4578.429533725068,4576.624143132851,4575.107881189599,4573.74575459081,4572.461802714248,4571.505936407736,4570.567411419816,4569.889852974738,4569.261862181955,4568.869732740133,4568.509508504467,4568.33439481499,4568.164526760609,4568.051521044978,4568.005012006044,4567.970433676314,4567.961358323069,4568.003312897834,4568.064578251565,4568.132803615237,4568.234532783029
4579.80046966812,4578.186013143966,4576.860685268777,4575.689492738053,4574.596474929554,4573.831542691105,4573.083951771249,4572.597327394234,4572.160270669514,4571.959075295756,4571.789785128153,4571.80560550674,4571.826671520422,4571.904599872854,4572.049024901984,4572.205380640317,4572.3872393551355,4572.620127997964,4572.872327419758,4573.131486851494,4573.4241500873495
4584.462210747311,4582.841571097178,4581.5100600960095,4580.332684439306,4579.233483504828,4578.4623681404,4577.708594094565,4577.215786591571,4576.772546740872,4576.565168241134,4576.389694947553,4576.399332200161,4576.414215087863,4576.485960314317,4576.624202217467,4576.774374829822,4576.950050418661,4577.176755935511,4577.422772231326,4577.675748537083,4577.962228646959
4590.712400567527,4589.1215941783885,4587.819916438215,4586.672374042505,4585.603006369021,4584.861724265588,4584.137783480747,4583.674809238747,4583.261402649042,4583.083857410299,4582.938217377712,4582.9776878913135,4583.022404040011,4583.123982527459,4583.292057691603,4583.472063564952,4583.677572414785,4583.93411119263,4584.209960749439,4584.492770316189,4584.809083687061
4600.14225404465,4598.4321873472245,4597.011249298763,4595.744446594766,4594.555818612994,4593.6952762012725,4592.852075108144,4592.269840557856,4591.737173659863,4591.440368112832,4591.175467771958,4591.095677977271,4591.0211338176805,4591.003451996841,4591.052266852697,4591.113012417759,4591.1992609593035,4591.336539428861,4591.493128677383,4591.656677935845,4591.853730998429
4605.258857541094,4603.470392235507,4601.971055578883,4600.625854266725,4599.358827676791,4598.419886656909,4597.498286955619,4596.837653797169,4596.226588291015,4595.851384135823,4595.508085186787,4595.349896783939,4595.196954016186,4595.100873587186,4595.071289834879,4595.053636791779,4595.0614867251625,4595.120366586559,4595.198557226919,4595.28370787722,4595.402362331642
4619.264253120197,4617.203057795169,4615.430991119106,4613.813059787507,4612.273303178134,4611.06163213881,4609.86730241808,4608.93393924019,4608.050143714596,4607.402209539963,4606.7861805714865,4606.355262149198,4605.929589362006,4605.560778913565,4605.258465141818,4604.968082079277,4604.70320199322,4604.489351835176,4604.294812456096,4604.1072330869565,4603.953157521938
4630.688332740222,4628.348135867662,4626.297067644066,4624.4001347649355,4622.58137660803,4621.090704021174,4619.617372752912,4618.40500802749,4617.242210954364,4616.315275232199,4615.420244716191,4614.71032474637,4614.005650411646,4613.357838415673,4612.776523096394,4612.207138486321,4611.663256852732,4611.170405147156,4610.696864220544,4610.230283303872,4609.7972061913215
4643.914858849698,4641.147170665214,4638.668611129693,4636.344186938637,4634.097937469807,4632.179773571026,4630.278950990839,4628.6390949534925,4627.048806568441,4625.694379534351,4624.371857706418,4623.234446424673,4622.102280778023,4621.0269774701255,4620.018170838922,4619.021294916924,4618.04992197141,4617.129578953909,4616.2285467153715,4615.334474486775,4614.4739060623
4654.748278469882,4651.85853178531,4648.990225565219,4646.276054689592,4643.64005853619,4641.332147952838,4639.041578688079,4637.011975966161,4635.031940896539,4633.287767177878,4631.575498665373,4630.048340699056,4628.526428367834,4627.061378375366,4625.662825059591,4624.276202453021,4622.915082822937,4621.6049931208645,4620.314214197755,4619.030395284588,4617.780080175541
4671.530267369429,4668.155424651834,4664.934717278705,4661.7921846278,4658.785648130298,4655.971201049443,4653.174095287181,4650.637956067761,4648.151384500636,4645.900674284472,4643.681869274465,4641.648174810644,4639.61972598192,4637.648139491949,4635.743049678672,4633.849890574599,4631.982234447012,4630.1656082474365,4628.3682928268245,4626.577937416155,4624.821085809605
4689.277944879168,4685.481091533005,4681.762412909068,4678.179730438534,4674.789137384646,4671.415885649351,4668.3036004568985,4665.227454483866,4662.164736943708,4659.337880754511,4656.542929771472,4653.933089334619,4651.328494532861,4648.780762069858,4646.299526283548,4643.830221206443,4641.386419105823,4638.993646933214,4636.62018553957,4634.253684155868,4631.920686576285
4699.856507410262,4695.835750517073,4691.950989777287,4688.258318454147,4684.582988449601,4681.168624987897,4677.790400745612,4674.425604936202,4671.296670477755,4668.199641225463,4665.287722519358,4662.38104944835,4659.531238716094,4656.729160446842,4653.9458463912815,4651.174463044924,4648.428582675052,4645.733732233192,4643.058192570296,4640.389612917342,4637.754537068508
4711.27077310123,4707.1439801373235,4703.209276590064,4699.291914361398,4695.6355186755745,4692.015262209169,4688.40843417564,4685.037467493073,4681.6984060166615,4678.544455086437,4675.395749791308,4672.303906834933,4669.259796341561,4666.234450061881,4663.221034491404,4660.233121897411,4657.296239231432,4654.3786673444165,4651.468055467342,4648.590947394388,4645.848915170269
4719.302929168255,4715.188110080139,4711.0906323106165,4707.254121083937,4703.453749076675,4699.666805502289,4696.115723278866,4692.596546261599,4689.262479790517,4685.933658954533,4682.661700457301,4679.437474423073,4676.232012602537,4673.038481491203,4669.870453356354,4666.753455149519,4663.655767721647,4660.565040303716,4657.507816689907,4654.58566892493,4651.905553384074
4727.465190800789,4723.165502957964,4719.126781657982,4715.124199577417,4711.135045929729,4707.381753633003,4703.660366542434,4700.124089998049,4696.593059088763,4693.118890518228,4689.692454410697,4686.284782516859,4682.889041332222,4679.518803124071,4676.1995948439335,4672.899697342759,4669.606759851526,4666.347326164413,4663.222968326135,4660.340642711975,4657.638432638673
4731.430978975734,4727.371386523952,4723.347933291588,4719.3379084921,4715.563745043574,4711.8214868012055,4708.2643391050215,4704.712437043935,4701.2173973216,4697.770090062269,4694.341547016632,4690.924934680195,4687.533825320244,4684.193745888307,4680.872977235334,4677.5591685923,4674.278863753388,4671.13363476331,4668.23043799735,4665.507356772248,4662.986485620449
4734.526902006733,4730.59990459985,4726.686335625845,4723.008628002802,4719.362825585916,4715.902133715214,4712.446687479611,4709.048103582759,4705.69725214891,4702.365164928755,4699.045008417801,4695.750354883333,4692.506731276878,4689.2824184493875,4686.065065631837,4682.881216618406,4679.832443453811,4677.025702513334,4674.399077113715,4671.974661787398,4669.571117612881
4738.841958243302,4735.217278723838,4731.828460555337,4728.4715475929925,4725.299745176832,4722.13318839577,4719.023493953459,4715.961531974152,4712.918334208539,4709.887067152126,4706.881303072199,4703.926568920287,4700.9911455473375,4698.062682184328,4695.167722625439,4692.407838915386,4689.88998742945,4687.552251484372,4685.341140938914,4683.205615067138,4681.090960347163
4743.156747955364,4739.935352859994,4736.745862970779,4733.7414836277485,4730.742349919817,4727.800078550636,4724.905539644459,4722.029764951975,4719.165920968693,4716.327579961896,4713.540268883114,4710.772268583294,4708.011228293414,4705.2836918076555,4702.691231170732,4700.340802757927,4698.008225831057,4695.837912959109,4693.79422548678,4691.826122688135,4689.8788910412895
4747.589061302117,4744.609214497433,4741.814478238933,4739.02498761553,4736.29235933088,4733.607463509234,4730.94133190128,4728.287131002528,4725.658433080262,4723.08076508601,4720.52240787072,4717.97101066537,4715.453117264142,4713.070299711749,4710.779942796279,4708.639157468005,4706.516223625665,4704.555553838248,4702.721509450448,4700.963049736333,4699.225461174018
4752.365804314334,4749.841920465136,4747.323282251035,4744.861506375687,4742.447462963343,4740.052183764691,4737.668835275242,4735.310989762277,4733.0041741773275,4730.716669371339,4728.436124575292,4726.189083583366,4723.959935992667,4721.847970849576,4719.828466343409,4717.958533424436,4716.106451991398,4714.416634613283,4712.853442634785,4711.3658353299725,4709.89909917696
4754.610543503336,4752.414653924876,4750.237402560517,4748.098375320809,4746.007080544107,4743.934549981096,4741.873950127288,4739.838853249964,4737.854786300655,4735.890030130307,4733.932233969901,4732.007941613616,4730.101542658558,4728.312326151108,4726.615570280583,4725.0683859972505,4723.539053199854,4722.17198445738,4720.931541114523,4719.766682445351,4718.622694927979
4757.082631497418,4754.968998934419,4752.87400458552,4750.817234361273,4748.808196600031,4746.81792305248,4744.839580214132,4742.886740352269,4740.984930418421,4739.102431263533,4737.226892118587,4735.384856777762,4733.560714838165,4731.853755346175,4730.23925649111,4728.774329223238,4727.327253441302,4726.042441714288,4724.884255386891,4723.80165373318,4722.739923231268
4758.376846652143,4756.468791494973,4754.579374551904,4752.728181733486,4750.924721378074,4749.140025236353,4747.367259803834,4745.619997347801,4743.923764819781,4742.246843070723,4740.576881331606,4738.940423396612,4737.321858862844,4735.820476776683,4734.411555327448,4733.152205465405,4731.910707089299,4730.831472768114,4729.878863846547,4729.001839598664,4728.145686502583
4766.158395205593,4764.360798373695,4762.581839755898,4760.841105262752,4759.148103232612,4757.473865416163,4755.811558308916,4754.174754178155,4752.588979975408,4751.022516551621,4749.463013137777,4747.937013528054,4746.428907319559,4745.03798355867,4743.739520434707,4742.590628897936,4741.459588847102,4740.490812851189,4739.648662254895,4738.882096332284,4738.1364015614745
4773.792955104716,4771.977139412859,4770.179961935102,4768.421008581997,4766.709787691898,4765.01733101549,4763.336805048282,4761.6817820575625,4760.077788994856,4758.49310671111,4756.915384437306,4755.371165967624,4753.844840899169,4752.435698278321,4751.119016294398,4749.9519058976675,4748.802646986875,4747.815652131002,4746.955282674748,4746.170497892178,4745.406584261409
4781.290337947776,4779.557287379823,4777.84287502597,4776.16668679677,4774.538231030575,4772.928539478071,4771.330778634768,4769.758520767952,4768.23729282915,4766.735375669309,4765.240418519409,4763.778965173631,4762.335405229081,4761.009027732137,4759.775110872118,4758.690765599293,4757.624271812404,4756.720042080436,4755.9424377480855,4755.24041808942,4754.559269582555
4793.293007403219,4791.630616466007,4789.986863742896,4788.381335144437,4786.823539008984,4785.284507087221,4783.7574058746595,4782.255807638585,4780.805239330523,4779.373981801425,4777.9496842822655,4776.558890567229,4775.18599025342,4773.930272387217,4772.76701515794,4771.7533295158555,4770.757495359709,4769.923925258481,4769.216980556872,4768.585620528948,4767.9751316528245
4807.428282655077,4805.89000330511,4804.370362169244,4802.888945158029,4801.455260609821,4800.040340275303,4798.637350649986,4797.2598640011565,4795.933407280339,4794.626261338485,4793.326075406571,4792.05939327878,4790.8106045522145,4789.678998273257,4788.639852631224,4787.7502785763845,4786.878556007483,4786.1690974935,4785.586264379135,4785.079015938456,4784.592638649578
4818.669021820889,4817.0153572128975,4815.380330819007,4813.783528549768,4812.234458743536,4810.704153150993,4809.1857782676525,4807.692906360799,4806.251064381958,4804.828533182079,4803.412961992141,4802.030894606326,4800.666720621736,4799.419729084755,4798.2651981846975,4797.260238871834,4796.273131044908,4795.448287272901,4794.750068900512,4794.127435201809,4793.525672654906
4826.702241434066,4824.94138181699,4823.199160414014,4821.49516313569,4819.838898320373,4818.201397718744,4816.575827826319,4814.97576091038,4813.426723922454,4811.89699771349,4810.374231514467,4808.884969119567,4807.413600125892,4806.059413579826,4804.797687670683,4803.685533348735,4802.591230512723,4801.659191731632,4800.853778350157,4800.123949642369,4799.414992086381
4835.930833675765,4834.019605598519,4832.127015735373,4830.272649996879,4828.466016721392,4826.678147659593,4824.902209306999,4823.151773930889,4821.452368482794,4819.77227381366,4818.099139154468,4816.459508299397,4814.837770845552,4813.333215839316,4811.9211214700035,4810.658598687885,4809.4139273917035,4808.331520150442,4807.375738308798,4806.495541140839,4805.636215124682
4842.764850446261,4840.633004098803,4838.519795965445,4836.44481195674,4834.4175604110405,4832.4090730790285,4830.412516456222,4828.4414628099,4826.521439091593,4824.620726152247,4822.726973222842,4820.86672409756,4819.0243683735025,4817.299195097054,4815.666482457529,4814.183341405199,4812.718051838805,4811.415026327331,4810.238626215475,4809.137810777304,4808.057866490935
4849.623035432617,4847.453647603196,4845.302897987875,4843.190372497207,4841.125579469545,4839.0795506555705,4837.045452550801,4835.036857422517,4833.079292222246,4831.141037800938,4829.209743389571,4827.3119527823255,4825.432055576305,4823.6693408178935,4821.999086696407,4820.478404162114,4818.9755731137575,4817.635006120321,4816.421064526502,4815.282707606369,4814.165221838037
4858.147721774197,4856.187229999056,4854.245376438017,4852.34174700163,4850.48585002825,4848.6487172685565,4846.823515218069,4845.023816144066,4843.275146998076,4841.545788631049,4839.823390273963,4838.134495720999,4836.463494569261,4834.90967586513,4833.448317797925,4832.136531317913,4830.842596323838,4829.710925384683,4828.705879845145,4827.776418979293,4826.867829265242
4875.381384293927,4873.117321698897,4870.871897317969,4868.664697061693,4866.505229268423,4864.36452568884,4862.235752818464,4860.132482924571,4858.080242958692,4856.047313771775,4854.0213445948,4852.028879221948,4850.05430725032,4848.1969177263,4846.431988839205,4844.816631539305,4843.21912572534,4841.783883966295,4840.475267606868,4839.242235921127,4838.030075387187
4893.468636234103,4890.793182853798,4888.1363676875935,4885.517776646041,4882.946918067496,4880.394823702637,4877.8546600469845,4875.339999367817,4872.876368616661,4870.4320486444685,4867.994688682218,4865.59083252409,4863.204869767186,4860.93608945789,4858.759769785519,4856.733021700344,4854.724125101103,4852.877492556782,4851.15748541208,4849.513062941062,4847.889511621846
4907.40239292795,4904.546873479487,4901.729578155676,4898.9600152948715,4896.209216647753,4893.470348709842,4890.756983748415,4888.058279466156,4885.395944432742,4882.75292017829,4880.116855933781,4877.514295493394,4874.929628454231,4872.462143862676,4870.087119908046,4867.861667540611,4865.654066659112,4863.608729832532,4861.690018405571,4859.846891652294,4858.024636050819
4916.905834090536,4913.700384002239,4910.5426663769495,4907.403712965345,4904.276690262948,4901.175170537036,4898.088311490291,4895.037821692391,4892.006642673454,4888.982423664459,4885.991708459585,4883.0188866559365,4880.130731891451,4877.275092535411,4874.5119138162945,4871.898306684375,4869.3025510383895,4866.869059447324,4864.562193255878,4862.330911738115,4860.120501372154
4932.92402102924,4929.272088137943,4925.638919460332,4922.017681491927,4918.421946500008,4914.840872187256,4911.296167123348,4907.770772838404,4904.252338563401,4900.767408092521,4897.300371022865,4893.918000992372,4890.568146370325,4887.3107523852,4884.202929987274,4881.112959075282,4878.118743809274,4875.191036952201,4872.3899554947475,4869.664458710978,4866.959833079009
4948.333010598389,4944.304406635698,4940.287733382213,4936.296563105215,4932.320053507383,4928.3799131583955,4924.459083588372,4920.54521402829,4916.664848272329,4912.802375917594,4909.024570602021,4905.279280694895,4901.6264514246905,4898.123193741684,4894.6377875446115,4891.248136993524,4887.924994851372,4884.728478108838,4881.607546039989,4878.50748512294,4875.6120498378605
4964.187079395509,4959.684442605267,4955.2073087915105,4950.744835656921,4946.318731771176,4941.911938664395,4937.512105567556,4933.145776274839,4928.797340383346,4924.533571531016,4920.302318087131,4916.16352528017,4912.174304060406,4908.202934326576,4904.327320238731,4900.518214559821,4896.83573428053,4893.228838674923,4889.642814221117,4886.26141539928,4883.275451862523
4973.659457194498,4968.806293791012,4963.967791066693,4959.165657591218,4954.382834894707,4949.606972208139,4944.864613325692,4940.140147844469,4935.5003494024095,4930.893066368795,4926.3782439721035,4922.012993162611,4917.66559383905,4913.413950161475,4909.228814892836,4905.170305023816,4901.187379828479,4897.225325784943,4893.467897373376,4890.10590424689,4887.2298746571605
4981.584234524324,4976.510747564584,4971.473629853687,4966.455822921755,4961.444975999765,4956.467632881896,4951.5081831652515,4946.633400487771,4941.791133218735,4937.041326586623,4932.441091541708,4927.858707982727,4923.37208006973,4918.95196056567,4914.658466461227,4910.440557030469,4906.243518751512,4902.251106104523,4898.654128742615,4895.543114917465,4892.808130682043
4994.569246642236,4989.326191111044,4984.102446358815,4978.8856616165285,4973.702380678363,4968.536993141422,4963.456272643644,4958.408067554312,4953.452323101903,4948.646150236692,4943.857828857414,4939.16526312412,4934.539205799763,4930.039773875024,4925.615926623969,4921.212950524716,4917.0146000574305,4913.211684875226,4909.894733229779,4906.953811174061,4904.247873353765
5004.065877359123,4998.720567787448,4993.382218225715,4988.077372468103,4982.790420111716,4977.588134794492,4972.418364885713,4967.341055613858,4962.413317929201,4957.503431730476,4952.6893011777365,4947.941679033934,4943.320682289748,4938.7752702192465,4934.2507293005465,4929.9308140138155,4926.006334012164,4922.567817547271,4919.505330672107,4916.677828032364,4914.056263212918
5014.3347507136095,5008.843404388655,5003.385561867821,4997.945612748212,4992.5903306677665,4987.267563995765,4982.037257960687,4976.956523512809,4971.893640550862,4966.926513234901,4962.025894327876,4957.251900820469,4952.553491986745,4947.875954304823,4943.40304225487,4939.325565489997,4935.734052261882,4932.518568623496,4929.538069220532,4926.763507637863,4924.1105108746415
5019.939896906036,5014.509036244795,5009.096068984779,5003.767768763927,4998.471983951518,4993.268659776034,4988.214907187749,4983.179006085395,4978.238860629027,4973.365223581594,4968.618211933781,4963.94678495965,4959.296229137321,4954.850298946962,4950.7998040416805,4947.23527267316,4944.046770894367,4941.093253350995,4938.3456736279195,4935.719658724291,4933.246640583884
5025.408544665798,5020.005691349837,5014.6875050730405,5009.4018342046875,5004.208623973259,4999.16498532903,4994.139198170731,4989.209166658419,4984.3456435550415,4979.608745851284,4974.947432821209,4970.306990942935,4965.871174696632,4961.830793735407,4958.276376310941,4955.097988476204,4952.154584876887,4949.417119097868,4946.801218138295,4944.31133208235,4941.848427885999
5029.20042687714,5023.839861244526,5018.511811020357,5013.276221433111,5008.190203433065,5003.12203691895,4998.14962605082,4993.243723591626,4988.464446532052,4983.760754146159,4979.077932912069,4974.599737309949,4970.516976992906,4966.920180212624,4963.69941302207,4960.713630066936,4957.9337849321,4955.275504616709,4952.733125260893,4950.200859849132,4947.695576296963
5030.499735032299,5025.2422728426,5020.077271289824,5015.061841324249,5010.064262844604,5005.162440010945,5000.327125586221,4995.618436561116,4990.985332209694,4986.373099010074,4981.9654914424245,4977.953319159852,4974.42711041404,4971.276931257957,4968.361736337292,4965.652479236926,4963.064786956006,4960.59299563466,4958.1313182573695,4955.696622739671,4953.26721077414
5034.587258118514,5029.553141867226,5024.668597203138,5019.80190402498,5015.030966492808,5010.326537369571,5005.748733645954,5001.24651459602,4996.765166697886,4992.488444431724,4988.607157450639,4985.211834006314,4982.192540151718,4979.408230532541,4976.829858733662,4974.373051754229,4972.003937055717,4969.663031035858,4967.332238960054,4965.028428743843,4962.7299020798
5037.948727066588,5033.158109775531,5028.3853439704035,5023.708333811263,5019.0978320610575,5014.613955710472,5010.205664033569,5005.818243508466,5001.635448615335,4997.8480890072815,4994.546692935988,4991.621326454423,4988.930944208278,4986.44649978243,4984.040427155461,4981.677547549059,4979.402360223578,4977.15538157675,4974.918516873978,4972.708634030798,4970.504034739786
5047.221315117773,5042.238031635288,5037.35050379879,5032.529484371226,5027.835090343282,5023.2162809890215,5018.618342786561,5014.225030216072,5010.227152930661,5006.715239182009,5003.5793550230865,5000.678455099583,4997.967937422225,4995.272975319019,4992.656385014692,4990.082987730933,4987.597282728094,4985.139786403908,4982.692404023777,4980.27200350324,4977.85688653487
5057.53264267992,5052.345535195678,5047.224936120372,5042.230962444684,5037.312573442681,5032.415055592478,5027.722163374246,5023.424706441092,5019.613213044698,5016.1777492380315,5012.977269666785,5009.967172341685,5006.972630590735,5004.056460638666,5001.183483707164,4998.383904059421,4995.598619408839,4992.84154343691,4990.094581409036,4987.374601240756,4984.659904624643
5063.694270129927,5058.489629153845,5053.411613577382,5048.4091826746035,5043.427622923625,5038.650688804617,5034.269189970689,5030.373654673519,5026.854148966077,5023.569627494056,5020.47548826818,5017.396904616455,5014.39669276361,5011.439673931332,5008.556052382814,5005.686725831458,5002.845607958753,5000.014604030104,4997.210581961049,4994.41184344416,4991.827801543384
5068.92564764927,5064.00996144492,5059.1698599142555,5054.35062953539,5049.736024788496,5045.516855326681,5041.783649401626,5038.426473066297,5035.304280966389,5032.372471112627,5029.456216833016,5026.618334352284,5023.823644892121,5021.102352715716,5018.395355536472,5015.716567035882,5013.047892479346,5010.406199782405,5007.769790637629,5005.3480781089675,5003.010407481081
5075.714794889515,5071.0443233676215,5066.394722997526,5061.949748259402,5057.900208806358,5054.336632890072,5051.149086563514,5048.196524472377,5045.434344627384,5042.687720356544,5040.019467884583,5037.394408433189,5034.8427462655545,5032.305379095082,5029.796220603261,5027.297176055496,5024.825113367325,5022.358334231319,5020.027964240089,5017.775881720198,5015.607841101081
5080.652861893825,5076.002446716761,5071.55665717167,5067.506302911658,5063.941912188405,5060.75355105488,5057.800174156775,5055.037179504814,5052.289740427006,5049.620673148078,5046.994798889717,5044.442321915114,5041.904139937674,5039.3941666388855,5036.893351831918,5034.393492477186,5031.920614982047,5029.453021039073,5027.121836240876,5024.868938914018,5022.700083487933
5087.3579144530795,5083.104864663483,5079.247250158966,5075.8755991912085,5072.879977813178,5070.119340670569,5067.549085774103,5064.99438645179,5062.518058928357,5060.0849244254905,5057.725187206383,5055.379744984439,5053.062511441145,5050.754436389673,5048.447176145169,5046.140056545931,5043.859918806287,5041.585064618808,5039.446619576107,5037.386462004744,5035.4103463341535
5094.53055375413,5090.7060938706845,5087.367597523998,5084.405130767037,5081.677648245499,5079.140547970104,5076.619003268862,5074.152157889932,5071.70898498757,5069.309005105774,5066.982422507738,5064.670134906864,5062.386055984641,5060.11113555424,5057.837029930806,5055.563064952639,5053.316081834067,5051.074382267658,5048.969091846027,5046.942088895736,5044.999127846216
5107.77723548126,5104.008862287714,5100.616518683895,5097.459159315498,5094.492182193246,5091.5407606451445,5088.610883798286,5085.714161572498,5082.841111823277,5080.011255094623,5077.254795649728,5074.512631201997,5071.798675432914,5069.093878155654,5066.389895685363,5063.686053860337,5061.009193894906,5058.3376174816385,5055.802450213149,5053.345570416,5050.972732519621
5117.708006391103,5113.980780691486,5110.488539227291,5107.18668000924,5103.900376365341,5100.635617422684,5097.404013101098,5094.196081256079,5091.031342431627,5087.940000890934,5084.862954347404,5081.814116482524,5078.774437109466,5075.735572543376,5072.696848622553,5069.685106561325,5066.678648052259,5063.808598687971,5060.973716592173,5058.181954699226,5055.474234707049
5137.798560770533,5133.728443493296,5129.848708462204,5125.9845290052635,5122.141894249565,5118.332414114938,5114.546606456877,5110.803991819384,5107.13477446565,5103.479852109078,5099.853138431156,5096.235583245057,5092.618842865925,5089.002243132061,5085.412625257791,5081.828290935684,5078.380365758355,5074.967607849515,5071.597970143526,5068.312374338308,5065.234498525267
5181.847641719605,5177.28108357836,5172.730081011267,5168.200623145416,5163.704319900637,5159.2316891324235,5154.802251384777,5150.446210920891,5146.1044654541665,5141.790928666092,5137.48655036984,5133.182986880556,5128.87956403654,5124.603123052117,5120.331965619857,5116.197217332376,5112.097636313383,5108.041175497242,5104.068756581871,5100.304057658677,5097.117234548525
5218.895966874924,5213.720447207014,5208.566472240347,5203.445651894751,5198.348504025721,5193.294549177259,5188.313991612556,5183.3477290450155,5178.409675156125,5173.4807797590565,5168.552699168956,5163.6247592241225,5158.723801138884,5153.8281266058075,5149.06886121751,5144.344763097701,5139.663785180744,5135.066849164556,5130.677633140545,5126.866292929577,5123.74177582876
5255.286468404831,5249.156226215902,5243.059138648045,5236.985723556753,5230.95550148603,5224.998676699064,5219.056146909263,5213.14182579811,5207.236663178781,5201.332315366419,5195.428108199323,5189.550882891823,5183.678941136485,5177.943408525926,5172.243043183856,5166.585798044637,5161.012594806187,5155.647111559915,5150.859504126685,5146.758719803607,5143.282452581346
5290.076166401228,5283.4614105040355,5276.87032708341,5270.322436683353,5263.847943567053,5257.387745447917,5250.955756007431,5244.532925058767,5238.11090891707,5231.689033420641,5225.294139783807,5218.904529699134,5212.651328759242,5206.433295087837,5200.258381619284,5194.167510051499,5188.284358475894,5182.979082713329,5178.360630060917,5174.366694509322,5171.349026179987
5326.912550180587,5319.955223142233,5313.041089124448,5306.200352390421,5299.373910653558,5292.575677595343,5285.786603028952,5278.998343269528,5272.21022415537,5265.449086900809,5258.693233198409,5252.073788640789,5245.489511351656,5238.948354265375,5232.491239079864,5226.241843886531,5220.570324506238,5215.585628236098,5211.225449066776,5207.841537119713,5204.975293501985
5375.81045796149,5368.623634206462,5361.510207735192,5354.411076261085,5347.340153465628,5340.278389161994,5333.217439665326,5326.156630813925,5319.122803822121,5312.094260382478,5305.202126087615,5298.345159061239,5291.531312237716,5284.801507314961,5278.279422384385,5272.335213266849,5267.077827259466,5262.4449583529,5258.788356668595,5255.649423313624,5252.8767335763805
5403.576493203789,5396.128999669434,5388.695801132242,5381.2908112737,5373.89497990698,5366.499963347227,5359.105087432741,5351.737193377851,5344.3745828751225,5337.148381517175,5329.957347427714,5322.809433541105,5315.745561555264,5308.889409561603,5302.611133380982,5297.019680310514,5292.052744340863,5288.062075593472,5284.589075175416,5281.482318375087,5278.648251312002
5431.681942742538,5423.441387418403,5415.229040772918,5407.025852619255,5398.823479272559,5390.62124657113,5382.445995729297,5374.276028439625,5366.242470294735,5358.24407941833,5350.288808744778,5342.417579971994,5334.754071191391,5327.668438223826,5321.2696283664145,5315.49533560982,5310.697310075487,5306.416952870488,5302.5028392832155,5298.861415433187,5295.554058646244
5513.8969424380675,5504.782687353102,5495.669247075104,5486.555947442373,5477.469629669237,5468.388595448264,5459.443970372071,5450.534512564364,5441.66817495951,5432.885879255424,5424.311303543518,5415.900236612216,5407.903536713349,5400.593659924635,5393.908300236739,5388.199207771103,5383.007783634802,5378.182603116227,5373.630112334897,5369.411688616651,5366.000621685349
5590.14809842329,5579.740574187312,5569.360031810928,5558.984772986708,5548.745923307268,5538.542240896313,5528.381678688212,5518.305158380877,5508.436358065725,5498.731066531175,5489.440142029061,5480.645917425813,5472.041816033852,5464.062231742708,5457.058914673825,5450.573265934276,5444.453860812454,5438.607145427876,5433.094497106383,5428.389205571833,5424.594980968585
5659.801410672221,5647.8114536847,5635.9579058419595,5624.139525267704,5612.364264896301,5600.673046425666,5589.189547947212,5577.869558249362,5566.963935583947,5556.555012817399,5546.336213262137,5536.7419308076915,5527.6272326443905,5519.009217412206,5510.908870509357,5503.1747672242345,5495.713353676356,5488.586007191561,5482.266017493711,5476.857094727163,5472.742396563862
5705.332851899832,5692.364194118785,5679.438656540591,5666.597160863165,5653.96338517792,5641.493118273278,5629.437218401072,5617.878018427732,5606.508941665678,5595.764382004441,5585.499406634349,5575.731114195374,5566.480490085733,5557.596109593819,5548.945832387028,5540.334141632357,5532.056517940771,5524.586251036129,5518.02705106279,5512.762075692698,5509.111798485907
5750.4409775191725,5736.63974296888,5722.972284103833,5709.334558334143,5696.11119959689,5683.384540758503,5670.848005131403,5658.935986605118,5647.503552369979,5636.567801065957,5626.149718091268,5616.097878734307,5606.280142662468,5596.500993042751,5587.055910486118,5578.388451621071,5569.7507258513815,5562.024067012995,5555.591632777856,5550.773896706017,5547.10643784097
5787.008517529781,5772.621764739125,5758.731711847335,5745.031782166831,5731.368388113428,5718.29297553374,5705.697147245198,5693.598001887773,5682.016524859681,5670.801291449317,5659.820161324074,5648.877617650955,5638.269141040918,5628.438288122468,5618.637168299376,5609.747115407586,5601.083721354183,5593.4878930656405,5587.506762940398,5582.675910021949,5579.012515968546
5819.6738617111905,5804.941006325256,5790.796132413037,5777.130842791965,5763.561381459434,5750.392774769479,5737.741836408856,5725.457141665962,5713.4065502081885,5701.394545202538,5689.716607259971,5678.81629300899,5667.945711853367,5657.986197629047,5648.253342243113,5639.588052622041,5631.0185912895095,5623.967999831737,5618.067685580757,5613.334830194824,5609.765368862292
5857.500147906369,5842.660478850398,5828.221664437002,5814.3005183529385,5800.530310629498,5786.975408163163,5773.6546089819485,5760.3723962528575,5747.42425058685,5735.253728612428,5723.112939733364,5711.883217785603,5700.880154676229,5690.944657331715,5681.1049882757425,5672.334780552302,5664.013981371088,5656.843459396668,5650.8403962872935,5646.000727231321,5642.230519507881
5881.158967418908,5866.335738116234,5851.727814070665,5837.353993310217,5823.018759001892,5809.017591756651,5795.464570177417,5782.241026623762,5769.047216165464,5756.76447263847,5744.708387949861,5733.719869026114,5722.827178390908,5713.003949088234,5703.630128327786,5695.077106748552,5686.853563194898,5679.79747850629,5673.904787871084,5669.0815585684095,5665.528536989176
5888.032863370372,5872.887889138911,5858.076981970535,5843.714220468164,5829.6809369913735,5815.677386609939,5802.367646686804,5789.2751632366735,5776.409338624929,5764.611079778046,5752.908649219703,5742.275679993893,5732.09211931031,5722.72935780794,5713.69607433115,5705.386334408014,5697.52050979627,5690.818079237929,5685.185110012118,5680.822348509749,5677.512608586612
5896.881289492168,5881.988423174985,5867.125289953156,5852.955967189627,5839.0039008991025,5825.278493446964,5811.91891060657,5799.261068919293,5786.699055520557,5775.206503454353,5764.163359930376,5753.941015587611,5744.0481492704275,5734.878826506898,5726.15341905476,5717.793836214366,5710.231822815631,5703.7392707494255,5698.516926406663,5694.347603643133,5690.988020802739
5903.929697820251,5889.0037008612335,5874.304362740601,5859.970849231714,5846.339076875945,5832.803132808714,5819.32920214022,5806.862719405523,5794.845645213053,5783.649370201794,5772.782573216117,5762.639319784094,5752.939981663463,5743.606468154575,5735.070524087347,5726.596593418853,5719.130110684155,5712.933835672899,5707.790582240875,5703.457068731987,5699.983138063494
5916.660789265063,5902.007718486754,5887.450475996985,5872.955246905953,5859.4339484834145,5845.9461673261785,5832.907794711169,5820.690221277372,5808.802125869156,5797.637574014595,5786.916937471425,5776.562125539998,5767.004883050231,5757.5096539592,5748.9883555366605,5740.500574379424,5733.283000945628,5727.118449091066,5721.76363715964,5717.268408068609,5713.7471096460695
5930.96097765999,5916.454656031769,5901.981851668851,5887.95845584816,5874.473432642478,5861.270836002998,5848.3977173891,5836.248142328857,5824.542482580005,5813.202647442896,5802.660381747446,5792.180129450732,5782.673807822512,5773.201003459592,5764.71598025391,5756.513383614432,5749.363808554188,5743.02397341708,5737.543721120366,5733.037399492145,5729.552376286462
5947.688801725674,5933.175613481304,5918.944851803137,5905.0435681505505,5891.515403111864,5878.337663012933,5865.603838225393,5853.235838049596,5841.665407315459,5830.156989980057,5819.622503313149,5809.1215339115415,5799.608345667172,5790.377583989007,5781.849418950319,5773.671678851387,5766.303678675591,5759.795261340189,5754.26077467328,5749.74758642891,5746.219421390223
5956.604377533298,5942.175036687516,5928.09612078149,5914.461120186854,5901.059944379758,5887.790768396866,5875.319161855633,5862.909568713136,5851.473906239132,5840.071761030429,5829.657396978964,5819.525459493703,5810.096118647919,5801.017202741891,5792.616026934796,5784.346850951904,5776.937257809407,5770.501595335402,5765.0872312839365,5760.657890438154,5757.2567146310585
5958.350642765758,5944.432015528617,5930.645388115679,5917.627936685634,5904.638878714356,5891.711834141814,5879.7587202377645,5867.839123599017,5856.907308117507,5846.2579192022,5836.31112692637,5826.714759590297,5817.796132353156,5809.00950494022,5800.992053510175,5793.065008937632,5786.111895033582,5780.180079552071,5775.233287276244,5771.314660039103,5768.297208609058
5967.7639735471075,5953.944106775851,5940.18625340333,5926.855444603351,5914.071521899324,5901.321116460597,5889.558492179109,5878.078294463824,5867.300693388015,5856.873517251964,5847.124081214844,5837.506645001929,5828.658384771907,5819.900531399386,5811.569722599407,5803.785799895379,5797.023175613889,5791.245574538083,5786.496138500964,5782.64787827094,5779.3170694709615
6005.958383765539,5991.774025455113,5977.623184409988,5963.72274880359,5950.559688915703,5937.679055594021,5925.501018911813,5913.673407169364,5902.5235355258465,5891.505663706533,5881.256967870112,5871.098678891192,5861.367434484816,5852.1830761743895,5843.282640567991,5835.119580680103,5827.941543997899,5821.791672354381,5816.54297651796,5811.811732111582,5807.9112965051845
6049.502258613395,6035.044354540232,6020.868877033274,6007.074032847999,5993.601151980515,5980.478696052791,5968.033980223998,5955.721264219409,5944.177724197712,5932.724591033518,5921.6985024418655,5911.219299946164,5901.024020154489,5891.566116081326,5882.771271896051,5874.298391028571,5866.853675199778,5860.310135178081,5854.284046586428,5849.0887667947545,5845.2939226094795
6071.873458895903,6057.524184818777,6043.52533568141,6030.148942471767,6016.827833433332,6003.6387242191,5991.218790987761,5978.889264613924,5966.986782812629,5955.631187107285,5944.5595141059675,5934.225216823162,5924.553979428245,5915.204705351122,5906.82831214148,5898.507203103044,5891.087269871704,5884.184788070409,5878.113115069093,5873.441877674175,5870.065484464532
6090.9094693833595,6076.492887249049,6062.208304938944,6048.612831843069,6035.097425515856,6021.672426046144,6008.6744711489755,5996.223402347757,5984.056256250566,5972.626485871885,5961.859775381095,5951.415028208097,5941.943161902581,5932.5265797682705,5923.931106672397,5915.415700345182,5907.417745448013,5900.250599350822,5894.483888860031,5890.012022554513,5886.416549458639
6108.064147197912,6093.484165499784,6078.9945906591565,6064.932060391072,6051.367485020157,6037.851840848022,6024.620119379916,6012.12577363032,6000.294487768614,5988.785165224702,5978.2487235482695,5967.767566043044,5958.107517576254,5948.527535878125,5939.465005610041,5930.900430239125,5922.668708771019,5915.8374229093115,5910.300981232879,5905.640932766089,5902.0763573951735
6120.628364495358,6106.363216832462,6092.147000368347,6078.21470660826,6065.014134316279,6051.819216274701,6039.287358121014,6027.077463285121,6015.840449316707,6004.658719519501,5994.29809876073,5984.01754477062,5974.254442210555,5964.989294547658,5956.05700078757,5947.856428495589,5940.324570341901,5934.087556373487,5928.726935614715,5924.461787951819,5921.261215659839
6130.195485751998,6116.122642844574,6102.055454187555,6088.6513254184265,6075.279054802985,6062.19688935165,6050.087604767794,6038.033604355146,6026.800712980933,6015.647888375382,6005.0125151998745,5994.875096921536,5985.070532546007,5975.997689638583,5967.5935608694535,5959.221290254011,5952.112005670157,5945.879114295943,5940.741696017604,5936.668853110183,5933.2965824947405
6132.3531631075,6118.239995654675,6104.4169333659565,6091.176036528574,6078.325855107334,6065.530957857303,6053.557169645706,6041.663448202772,6030.287178189882,6019.40886307416,6008.863401861247,5999.04966211644,5989.9046365099275,5980.7914690571015,5972.550572219719,5964.700390798481,5957.726602586883,5951.848287471162,5947.034547726356,5942.921380273531,5939.680483436148
6134.225919443205,6120.790728764887,6107.410822257776,6094.325813000696,6081.767015532019,6069.288284832005,6057.327005562036,6045.863681189234,6034.7332107192415,6024.334461717354,6014.604426853763,6004.906250143857,5996.080344049394,5987.645153371076,5979.560144113997,5972.001346645319,5965.538022272518,5960.139273270633,5955.4410965607285,5951.615190466266,5948.530181209186
6147.240998670209,6133.882924353854,6120.583647506177,6107.305639958485,6094.545083840839,6082.282482620359,6070.352735302689,6059.154709453124,6048.6253977418555,6038.127944184272,6028.502761242132,6019.268293716136,6010.38400761138,6002.0259332950245,5993.726656447347,5986.464055226868,5980.266029377305,5974.768575819724,5970.143392877583,5966.259106772826,5962.959829925148
6156.3725557962125,6142.801426829022,6129.490853979478,6116.417679909453,6103.67735974224,6091.668761043131,6080.328876482317,6069.02085007519,6058.585094283506,6048.540053907966,6038.845194953666,6029.676547787766,6020.5666980905435,6012.256125241,6004.182951170977,5997.1743524718695,5990.8663260647445,5985.430570273059,5980.735711318758,5976.625861621536,5973.315288771992
6162.977991985047,6149.445086544368,6136.152501270902,6123.351317298327,6111.218847464046,6099.118235783452,6087.8898947183025,6077.052269069296,6066.564824841529,6056.6035924021635,6046.701157431475,6037.597999308464,6028.732239964975,6020.439654691509,6012.638470718935,6005.537859038343,5999.309517973192,5993.822073745425,5988.919638774737,5984.816480651725,5981.523895378259
6163.722107394416,6150.662198896172,6137.969820563649,6125.309300384812,6113.521050821419,6102.123516674169,6091.076163948159,6080.55502301055,6070.092679541618,6060.429612920364,6051.003945078631,6042.151451306921,6033.790358836105,6025.730450337862,6018.069930159027,6011.281680595632,6005.234327869622,5999.771984400691,5995.108917779436,5991.256424007725,5988.196515509482
6170.253844835395,6157.19746074376,6144.85282708873,6132.898908849844,6121.295172032197,6110.217647002952,6099.198919442383,6088.9794687294925,6078.997416796123,6069.588538932777,6060.671062370324,6052.054769780444,6043.837865509972,6035.781481418336,6028.436847763304,6021.833110945658,6015.81438338509,6010.594932672198,6006.186054808852,6002.569762218972,5999.513378127335
6180.067496919034,6167.538243743338,6155.359171988881,6143.706312022826,6132.112249525447,6121.317463875746,6110.760077005566,6100.7758642054105,6091.283052706147,6082.0914251794575,6073.299185972175,6064.667466943729,6056.592132006918,6048.672163415077,6041.49309166062,6034.899029163243,6029.1042435135405,6024.120030713384,6019.928403186694,6016.296684158247,6013.221349221437
6194.371252366544,6182.277157135565,6170.241859373263,6159.005838458638,6148.0072163235345,6137.581768258455,6127.647721494268,6118.014858702654,6108.781384230449,6099.708429937078,6091.191859735344,6082.830655878579,6074.889420613656,6067.269113594275,6060.2338158319735,6053.997794917348,6048.572346852267,6043.939484060654,6039.866529767283,6036.349959565549,6033.408724300625
6207.138265582193,6195.204922862799,6183.508978922926,6172.386209053077,6161.754840484122,6151.4246558877385,6141.493859610764,6131.723583512625,6122.509691506121,6113.451165844587,6104.812608774895,6096.494979950745,6088.297658145976,6080.565038578905,6073.631695859511,6067.508925989661,6062.178741393278,6057.408465295139,6053.194573288636,6049.556016218942,6046.358694414173
6220.975366218573,6209.117955619922,6197.751946322165,6186.68712099698,6176.021683991205,6165.516767164264,6155.568234428959,6145.775068038623,6136.40187024013,6127.349600687178,6118.417638153608,6109.950377857735,6101.715737128933,6094.0477536807375,6087.190343082087,6081.125517756902,6075.620600929961,6070.672068194657,6066.298870396162,6062.366907862592,6059.13226713379
6236.257014053278,6224.567112802504,6213.27659987114,6202.1466071186105,6191.5729984577165,6181.154756141793,6171.15648241771,6161.4791369391705,6151.922098480011,6142.829762258549,6133.970045604159,6125.6769862303745,6117.551910304786,6110.0694237805465,6103.379522529774,6097.249529777244,6091.675921116351,6086.677647392267,6082.120608933108,6078.2608922787185,6075.1358163531295
6248.529326302295,6236.602815229676,6225.232688248691,6214.017927612677,6203.223135568504,6192.749271769875,6182.3957149906255,6172.5068604490725,6162.850625474593,6153.761047780718,6144.83945353504,6136.5429352149495,6128.263930370619,6120.777510799756,6113.850999727137,6107.480872746153,6101.686080701979,6096.33252392273,6091.676288948251,6087.754694702571,6084.458176382481
6260.822262314675,6248.826149893486,6237.25000606414,6225.994790480336,6214.8598819159115,6204.189675589184,6193.75208882953,6183.8811593504815,6174.178213319628,6165.100343214363,6156.039986584859,6147.758634799685,6139.490863443647,6131.783000585853,6124.631521819696,6118.055377990348,6111.920469425923,6106.48288266627,6101.779936635417,6097.702066530152,6094.420714744977
6267.793627426809,6255.961167940468,6244.249015473506,6233.001565244242,6221.98673458205,6211.538561200465,6201.258371267074,6191.603257259271,6181.96565672723,6173.107061039518,6164.2620457809435,6155.976939020612,6147.899695118075,6140.17097244938,6133.017584717495,6126.305432250533,6120.290601588342,6115.010411654952,6110.355297647149,6106.496701959438,6103.4194580569
6275.509990667164,6263.8729567936125,6252.468542487133,6241.6307854612605,6230.961011883583,6220.916314231492,6210.889130055164,6201.640950723164,6192.406351820302,6183.7316614156825,6175.264833868859,6167.146527555876,6159.256943911589,6151.713972535415,6144.612236424166,6138.207822117687,6132.53804854001,6127.493350887919,6123.245171555921,6119.778344009095,6116.888760364808
6277.10009412484,6265.92155631902,6254.9110019613945,6244.525523529357,6234.157558573082,6224.568598461134,6214.993218778325,6205.977747593758,6197.1701392669875,6188.711052174057,6180.480687749822,6172.596935593702,6164.756154813755,6157.313637922558,6150.568442836132,6144.557888478507,6139.172410046469,6134.583449934524,6130.77584160775,6127.545477183516,6124.704696403569
6279.218309814331,6268.515027977117,6257.829259615665,6247.922496098541,6238.029313010556,6228.696038420812,6219.570626688866,6210.793736190758,6202.245568361347,6194.044012800051,6185.885428614926,6178.06762520975,6170.307304913377,6163.244306421774,6156.915948658973,6151.212666821758,6146.305903304637,6142.180491572687,6138.632323743275,6135.473739558152,6132.655936152976
6296.913643274463,6286.506352543582,6276.11264224184,6266.27884043834,6256.652901492636,6247.375483780772,6238.326788737604,6229.624705962551,6220.96559456367,6212.647263944737,6204.386416434607,6196.38588922085,6188.82236351549,6181.993478538932,6175.78966948796,6170.382378757082,6165.7564398113755,6161.707744768208,6158.048633369328,6154.730302750395,6151.729775536638
6308.196497458583,6297.8105110938095,6287.632387586832,6277.802785313695,6268.201905709253,6258.947638372927,6249.7363424127725,6240.865827232566,6232.052795161163,6223.500083386132,6215.384373119499,6207.332188558225,6199.951119020395,6193.195125408149,6187.2356501159975,6182.057526609017,6177.456647004577,6173.245351044423,6169.374835864217,6165.822124089186,6162.769939527913
6320.963609118122,6310.60671231446,6300.4785381794945,6290.696976312644,6280.958385821966,6271.560576111235,6262.220249509308,6253.140243203753,6244.497238406596,6235.917759314798,6227.890464784274,6219.982100715919,6212.698812573149,6206.212042750473,6200.506624712969,6195.378450578004,6190.639860087326,6186.242050376596,6182.162044071041,6178.582564979244,6175.55527044872
6324.742884100659,6314.5810418547835,6304.462170985079,6294.684080895323,6284.96347391437,6275.5031872297905,6266.479902053608,6257.5201425827845,6249.112567673235,6240.823923225856,6232.94364284683,6225.280074325035,6218.413024123333,6212.327325706804,6206.818871192814,6201.7000003231105,6196.921910233355,6192.461623548776,6188.501864077953,6185.0942891684035,6182.214008789378
6323.872501992201,6313.798820135642,6303.782621387887,6294.026742936504,6284.70786599352,6275.452514755893,6266.749348079541,6258.165111865359,6249.98923971953,6242.030079430932,6234.234487664129,6227.071845695626,6220.690555512293,6214.886509231501,6209.472046594994,6204.398364738437,6199.6424862870535,6195.387135049428,6191.683968373076,6188.508096227248,6185.7125044604445
6323.384252889357,6313.454477739651,6303.961704098344,6294.532456162395,6285.655392787719,6276.897259875214,6268.547491031063,6260.414434044143,6252.444945579016,6244.771048880693,6237.434510213867,6230.879323332211,6224.901380353096,6219.313021018267,6214.065442463387,6209.135667313681,6204.706419377732,6200.829356003057,6197.479587158906,6194.51009869378,6191.8362019954575
6329.387428236615,6319.631605437594,6310.4279671998465,6301.3432594242695,6292.666915717046,6284.207283867054,6275.911220538856,6267.910748977461,6260.084174114389,6252.421060584489,6245.539298839762,6239.2347809975745,6233.3198467996735,6227.745693381721,6222.489343368943,6217.733520569923,6213.5298823321755,6209.853538624952,6206.557475296754,6203.55700373536,6200.730428872288
6333.129494428253,6323.673274453406,6314.625418546913,6305.794274497651,6297.1266989701835,6288.7547152095185,6280.556628147177,6272.522002418008,6264.650490218739,6257.397216274741,6250.721186233285,6244.434739836114,6238.489074218893,6232.861212006845,6227.733877008555,6223.158726571538,6219.110870665046,6215.4432951375775,6212.071311376913,6208.873224314572,6206.001712115302
6337.5780384364025,6328.489715864999,6319.56496181539,6310.9357995325845,6302.480533948102,6294.188729696792,6286.060038975381,6278.30286045324,6270.792407987101,6263.859199423504,6257.315574504191,6251.112730364829,6245.227689630639,6239.843176110209,6235.01084715105,6230.705812722417,6226.781058672807,6223.151896390003,6219.69663080552,6216.567940084109,6213.810761561967
6338.329519408314,6329.499687969027,6320.843753228063,6312.351279820272,6304.02191994238,6296.064072263758,6288.352950641138,6280.652281484657,6273.518403764578,6266.774109688784,6260.370596392941,6254.28488650227,6248.6997038253585,6243.666705709718,6239.161002124604,6235.035578918513,6231.205747479227,6227.549812738263,6224.220452860371,6221.262605181748,6218.561936025267
6337.727160619165,6329.10594686134,6320.647846633415,6312.561258604759,6304.721396632105,6296.891987125591,6289.2632467755575,6282.000628705445,6275.127594279617,6268.59534063374,6262.380890393036,6256.666967366091,6251.505228900417,6246.87078496527,6242.616621409145,6238.658049619826,6234.873374528828,6231.415274300902,6228.328686272245,6225.49927676573,6222.870536415698
6339.027830063007,6330.78077957933,6322.780455151654,6314.790583190118,6307.0013803850625,6299.340917930041,6291.917837404906,6284.884340524057,6278.191624423158,6271.8167117274315,6265.942326245465,6260.620125324769,6255.8252189346,6251.410592923454,6247.291558679112,6243.346421133093,6239.727858450145,6236.480807966466,6233.49093600493,6230.701733199875,6228.041270744853
6341.130302475081,6333.203084139314,6325.476534960027,6317.878726130773,6310.441379756541,6303.080952857175,6296.110109602094,6289.480047126964,6283.167788057005,6277.356056200807,6272.096508905879,6267.364256141479,6263.0122837561,6258.955903137527,6255.073419217276,6251.517510160095,6248.333113302186,6245.405894966417,6242.679345787131,6240.081536957877,6237.6441905836455
6343.815288786291,6336.28985880083,6328.862237644624,6321.497270114184,6314.209222058612,6307.310757647323,6300.7530740159855,6294.51319378982,6288.773840777415,6283.586672326281,6278.926798405673,6274.647204864088,6270.663203089307,6266.853098012849,6263.369567799462,6260.257549785345,6257.40271029337,6254.748539957876,6252.223109972416,6249.7954888162085,6247.43052128577
6342.749884585634,6335.480839193641,6328.274447427416,6321.144975136057,6314.405086488981,6308.005978621857,6301.924674159906,6296.343896911714,6291.315304224793,6286.814006068399,6282.692988291028,6278.86756228046,6275.216032968216,6271.891078519042,6268.937636269139,6266.241372541377,6263.745777970097,6261.37892374885,6259.037499513064,6256.76845412107,6254.562062354845
6352.83776499669,6345.6713989708105,6338.581952419798,6331.882089513069,6325.523007386291,6319.481728664687,6313.940977156842,6308.952410210267,6304.49113779422,6300.410145757195,6296.624745486974,6293.013241915076,6289.7283132062485,6286.814896696692,6284.158658709277,6281.698684449623,6279.243115618689,6276.916287137789,6274.61488864235,6272.385868990702,6270.219502964824
6367.544874553719,6360.576014257162,6353.99673760489,6347.7582417325675,6341.8375492654195,6336.41738401203,6331.549403319912,6327.208717158321,6323.248311375753,6319.583497359987,6316.092580042546,6312.928237588174,6310.135407333074,6307.599755600115,6305.220341854571,6302.880953849373,6300.545971272896,6298.339729046452,6296.158916805469,6294.050483408277,6292.004703636855
6379.868008483053,6373.599586313041,6367.6719449229795,6362.062106938092,6356.952796166964,6352.395669957105,6348.365838277775,6344.7162869774675,6341.3623274439615,6338.182264608781,6335.32877663667,6332.846800863831,6330.622003613132,6328.4328580953925,6326.36429883211,6324.3357653091725,6322.311637214955,6320.416249470772,6318.546291712049,6316.748712797117,6315.013787507956
6387.468471150806,6381.62020732286,6376.089746900087,6371.059813691074,6366.582065043332,6362.631610926116,6359.061437187924,6355.786855216533,6352.686169943468,6349.9120595334725,6347.491437095588,6345.088838884863,6342.943419196279,6340.833651240656,6338.844469539488,6336.895313578666,6334.950563046564,6333.134552864495,6331.343972667889,6329.625771315072,6327.970223588026
6412.94379225532,6406.784660961006,6401.126056880451,6396.019637361167,6391.44051237241,6387.241667762676,6383.338414919744,6379.609058775136,6376.206277493599,6373.077606622058,6370.028313312631,6366.997044230366,6364.22295367024,6361.484514843075,6358.866662270365,6356.288835438001,6353.715414034357,6351.270732980747,6348.851481912599,6346.504609688241,6344.220391089652
6435.786874455266,6429.665191347884,6424.095692801773,6419.0534887861895,6414.391565149629,6410.02523327987,6405.832798108436,6401.966937800073,6398.3751879017045,6394.8628155654515,6391.368467456359,6388.131297869407,6384.929780015415,6381.848848415878,6378.8079425566875,6375.771442126217,6372.808363099391,6369.900603018954,6367.01827292398,6364.208321672794,6361.461024047379
6570.032629502833,6563.059493292429,6556.613651612551,6550.548090311696,6544.7781207776425,6539.182047941914,6533.912549969257,6528.917162406595,6524.001152406047,6519.103166632661,6514.462359381414,6509.857203863129,6505.372634599297,6500.9280910758125,6496.487952981048,6492.121236289927,6487.809838545197,6483.523870785928,6479.310281870448,6475.159346580739,6471.255708916445
6752.592208525792,6743.667879333624,6735.12383052048,6726.875373474137,6718.800813126119,6711.052827641172,6703.57895256622,6696.184455053384,6688.807981767708,6681.688687004172,6674.605043973597,6667.641987197476,6660.7189561617015,6653.800330554647,6646.955126351237,6640.165241094217,6633.40078582266,6626.70870939489,6620.079286592892,6613.697161416308,6608.718673904018
6903.047508354227,6892.591420971687,6882.309230287472,6872.3536144663285,6862.645984130131,6852.964478718982,6843.362350869948,6833.778247248075,6824.451322148342,6815.16004878157,6805.989361669252,6796.85870029728,6787.732444354028,6778.6796098144205,6769.682094221203,6760.71000861345,6751.810301849483,6742.973248711287,6734.383493198506,6727.197375350019,6722.489745013821
6992.156307800823,6980.457159323337,6969.005996330796,6957.580958263303,6946.235297757927,6934.9076614797095,6923.837203723633,6912.802397700518,6901.888177931856,6891.013983903541,6880.144195303946,6869.347828107995,6858.6067798584345,6847.891161594337,6837.247922174028,6826.667336379488,6816.334048210363,6807.0905155540195,6798.16086504919,6791.709702056649,6787.466169400305
7066.83094647715,7053.877568209572,7041.003567504112,7028.14759102581,7015.548793069648,7002.985646846448,6990.543086877701,6978.140552649301,6965.742423849621,6953.417716453586,6941.14832800394,6928.904369539758,6916.732789919363,6904.6238639247385,6892.7622355555295,6881.990362699101,6871.532371994186,6862.504031794101,6854.524528601475,6848.752655745047,6844.724315544962
7134.3166450652925,7120.181312727418,7106.081632122505,7092.045097740792,7078.066003390332,7064.126934780219,7050.192271598827,7036.331029821078,7022.5251069897195,7008.744614143824,6995.036500141717,6981.391039765379,6967.992877014456,6955.6844697763145,6943.689944689687,6933.125070107889,6923.60903253355,6914.572498151837,6907.264090913696,6901.699216331898,6897.662681950185
7188.219607653812,7172.870183694064,7157.56078547466,7142.255792683979,7127.0242212969415,7111.847968856294,7096.697146401109,7081.618702789713,7066.602912804086,7051.8344204438745,7037.9640908345855,7024.285353987155,7010.920499291238,6998.985295100151,6988.098927916522,6977.69206392552,6968.821734316231,6960.142997468802,6953.207793277715,6947.800929286713,6943.930599677424
7223.31357547796,7206.792737549529,7190.327218567488,7173.88712957091,7157.51941941812,7141.2143628911,7125.156603989494,7109.997007838812,7095.029004449988,7080.3748832126785,7066.585616671285,7053.361145938804,7041.185512213782,7029.4893816813865,7019.329785530704,7009.361782141881,7000.572515600487,6992.348044868007,6985.651914335612,6980.492318184929,6976.703051643536
7273.636151088825,7255.562775975359,7237.552054487662,7219.7886306253795,7202.923369514021,7186.24970116452,7169.889914966534,7154.394983464464,7139.464847771306,7125.25918281063,7111.377884124931,7097.976088631859,7086.1108275205,7074.4371591710005,7063.94222766893,7054.012091975773,7044.806427015096,7036.404631522025,7029.5393704106655,7024.044438908596,7019.8387739479185
7315.281952011154,7296.709330732545,7278.328302215793,7260.261155850557,7243.058864181236,7226.421368320827,7210.508343192901,7194.919684339951,7179.810528679629,7165.603168512378,7152.030547233768,7138.6495187170185,7126.447227047697,7114.809731187289,7103.896706059362,7093.78755039904,7084.580190231789,7076.0075689531795,7068.805277283859,7062.892252155931,7058.684891988681
7348.316583397817,7329.52957817238,7311.307368755855,7293.809630071813,7276.636257662748,7259.94238844631,7244.150314722943,7228.992979888217,7214.027237815352,7199.942524259236,7186.155519033799,7172.933309617275,7160.435570933232,7148.741701716794,7137.949627993427,7127.792293158702,7118.707579602586,7109.92057437715,7102.422835693105,7096.630761969739,7092.546048413624
7387.604338413931,7368.7523319208285,7350.379828620355,7332.909120812951,7316.0731518941875,7299.428775737287,7283.665428097134,7268.19978878766,7253.2989452871,7239.120311203063,7224.9439384349835,7211.571435134509,7199.100727327105,7187.264758408343,7176.501410768191,7166.035771458718,7156.857137374682,7147.680764606601,7140.210056799197,7134.446709159046,7130.268075075009
7418.757694391162,7400.669402745814,7382.77270386233,7365.757033495593,7349.039071459534,7332.8859052323905,7317.454948421769,7302.026252927106,7287.401426900047,7273.649104173463,7259.926073639475,7246.83778199413,7234.822111627393,7223.104149591336,7212.673192780715,7202.24449728605,7193.492174559467,7184.769144025478,7177.753473658743,7172.322516848122,7168.5701941215375
7467.940763438458,7450.198934619536,7433.021901609528,7416.567078016043,7400.114515738515,7384.465822928593,7369.689633419144,7354.942736102294,7340.8305776740835,7327.30671089122,7314.2671737416185,7301.525344922698,7290.070521329213,7278.617959051684,7268.841769542237,7259.094872225384,7250.571005442521,7242.531468292921,7236.076644699437,7231.300455189988,7227.776588407124
7495.273455226144,7478.223274155695,7461.976962552852,7446.603154250481,7431.258638140709,7416.548860919577,7402.427375343793,7388.7902194012695,7375.4507717894285,7362.353152996507,7350.3007106100995,7338.2505295396495,7327.87672123728,7317.532205127507,7308.410719551722,7299.7735636092,7291.675944816279,7284.623502429873,7279.249694127503,7275.128208551718,7272.030589758796
7505.408860587005,7489.2101516468665,7473.646181595369,7458.670503189218,7444.179154416329,7429.985513974122,7416.033702350834,7402.679509520468,7389.772874303694,7376.868500402878,7365.640499270144,7354.441790330004,7344.466111923853,7334.9747631509645,7326.022951527678,7317.668758697312,7309.762123480539,7303.5341223478035,7298.558443941652,7294.606632318364,7291.252439487998
7523.072202744764,7507.610782296468,7492.447070178853,7477.525186880158,7463.200922374385,7449.324215482205,7435.449769905982,7421.979698230575,7409.7816254224335,7397.612844806887,7386.667094725329,7376.205674277034,7366.28379097834,7356.959526472568,7348.082819580388,7339.612747904981,7332.414675096838,7326.46892501528,7321.547041716585,7317.222777210813,7313.752705535406
7539.274437511793,7523.948421481125,7509.069963064048,7494.193765962931,7479.721942762629,7466.220191237733,7453.020366904696,7439.8498347642535,7427.9023331578,7416.4391611846095,7405.51552636102,7395.189510330352,7385.311051913277,7375.839228712975,7367.33747718808,7359.137652855042,7352.190151248587,7346.2665164249975,7340.940500394329,7336.468677194027,7332.966925669131
7558.196748679268,7542.462782553563,7527.698888103264,7513.236920844823,7498.804245778977,7485.042102853574,7471.832458321717,7459.1071434231235,7446.921365674131,7435.333206718059,7424.192605375581,7413.458639249875,7403.694744799577,7394.232777541136,7385.470634615732,7377.260990083874,7370.075212334881,7363.48705337881,7357.753087253104,7352.989192802805,7349.227049877401
7634.706545785196,7618.672754659433,7603.3094956741115,7588.498735082338,7574.1723041238265,7560.071188063909,7546.284294254999,7533.095019239009,7520.353301836613,7508.01821965099,7496.653209140774,7485.590125822416,7475.226866837094,7465.416106245319,7456.314990185401,7447.528096376491,7439.338821360502,7432.003739174878,7425.638728664661,7420.275469679341,7416.174353619423
7711.703625905743,7695.723173297318,7679.968035587486,7664.527120128661,7649.683823462757,7635.288084410447,7621.134062760532,7607.144958924995,7594.125926764865,7581.408821796592,7569.391541161355,7557.926758919665,7547.171621209834,7536.730705751009,7526.887409085106,7517.733387435192,7508.744283599653,7500.725251439521,7493.707970804287,7487.952833094454,7483.79881144454
7767.967255871319,7751.837272491567,7736.154846725411,7720.714138361649,7705.4383478122645,7691.132628938287,7677.128837256167,7663.342150542319,7650.038183193235,7637.286714237699,7625.24488981402,7613.517287641348,7602.387304261598,7591.946595897836,7581.67080534845,7572.365086474471,7563.578399760625,7555.274432411543,7548.232607987863,7542.7918996241015,7539.005212910254
7798.141290916927,7781.570641831675,7765.97006442183,7750.671414203843,7735.589868954128,7720.991043069177,7706.944715577773,7693.149857041906,7679.81317408236,7666.790713373822,7654.365871458204,7642.6303045585755,7631.059655473322,7620.459078063476,7610.377532813763,7600.778706928813,7591.983848392946,7583.647165433399,7576.91159853377,7571.830053284056,7568.035194748189
7819.102883774735,7802.732457459209,7786.844750508447,7771.509541951232,7756.425802349553,7741.800238324196,7727.488896549846,7713.700015484035,7699.986292502606,7686.961844537166,7674.102314386101,7662.212855910444,7650.842429594919,7639.954722644158,7629.8709830424805,7620.245419017122,7611.456537951311,7603.43208998587,7597.061663670344,7591.977924068666,7588.189043002854
7849.29628052254,7832.936689663622,7817.035274381026,7801.448081349437,7786.383349026388,7771.393774787721,7757.093475565041,7742.958094156737,7729.182242899499,7716.016933166603,7703.370655593839,7691.20709738584,7679.847506526923,7668.946091244326,7658.881358921276,7649.581059698597,7640.805208441358,7633.158930868593,7626.799340009676,7621.734607686626,7617.958756429387
7855.2315654122,7839.160536706757,7823.164666085696,7807.858070480623,7792.716392689925,7777.934245050294,7763.762638935003,7750.110064979845,7736.603768597452,7723.433914007059,7711.068026765748,7699.160315100758,7688.089286395314,7677.782690790241,7668.000543150609,7659.34796919545,7650.841672813056,7643.475785571745,7637.404756866302,7632.622609226669,7629.116312844275
7872.59902437642,7856.2949084586135,7840.350322691874,7825.016278449475,7810.2012663672085,7795.532531857706,7781.200239140206,7767.537801013097,7754.009475644678,7740.93932585258,7728.705859020027,7717.236825287845,7706.292239521104,7696.477227438837,7686.8084929293345,7678.146054802226,7669.617729433808,7662.384262601256,7656.439676834514,7651.770942325012,7648.108504197903
7903.2586669179545,7887.121505858861,7871.130622372531,7855.4761806782035,7840.491593574267,7825.641119229022,7811.248820460096,7797.426671483268,7783.871055673888,7771.0798729648795,7758.813138221311,7747.675977162216,7736.6850936758865,7726.700506571951,7716.8500322267055,7708.027883249878,7699.472267440498,7692.20553269693,7686.2146492106,7681.230062106664,7677.407913129837
7924.84957702099,7908.724427195287,7892.733390128273,7877.20052863758,7862.237816938984,7847.541638407836,7833.609892977061,7819.969330255292,7806.562032789957,7794.284309009094,7782.152862800996,7771.027712975294,7760.03667590828,7750.073964209685,7740.377785678537,7731.73722295677,7723.329925491435,7716.198479283336,7710.073329457633,7705.110617759037,7701.47005503727
7949.794097655597,7933.541708560868,7917.555852633585,7902.334429806676,7887.404189688774,7872.707214827304,7858.91753743117,7845.350136254173,7831.929012649941,7819.514185428105,7807.233470964957,7795.981081870227,7784.995225942946,7775.0649858250445,7765.368010963574,7756.5783335674405,7748.1572099632085,7740.74238274137,7734.489993646641,7729.55975352874,7725.770076132605
7960.969395137457,7944.842189997719,7928.948250114414,7913.961607696445,7899.197241497613,7884.579152871545,7870.88218784971,7857.270395606039,7843.7927161210555,7831.343362004491,7819.160541055374,7808.0333359156375,7797.139396032331,7787.152753614362,7777.534664988295,7768.83769996646,7760.225907722786,7752.776553606222,7746.649348466485,7741.662706048515,7737.96574102668
7981.960941547683,7965.910970737642,7950.007277500366,7935.024707867323,7920.127311012442,7905.364026916251,7891.578422305042,7877.843463577268,7864.375038016943,7851.962228265998,7839.782683771483,7828.5104367423055,7817.60674350503,7807.6241738719855,7797.726777017104,7788.9411724058955,7780.2062136781215,7772.793403927177,7766.5211568979985,7761.538587264954,7757.752982653746
7994.117780147847,7978.161859853799,7962.340052318439,7947.495924268063,7932.702442101121,7918.1754931016285,7904.616969662461,7891.145636472348,7877.907568538665,7865.57679807032,7853.6145813938765,7842.573488321665,7831.617568027615,7821.773439977239,7811.9799578102975,7803.421434371129,7794.950101181017,7787.6193307126705,7781.578237640459,7776.734109590083,7773.175586150915
8006.048814461876,7990.204489561659,7974.626697828891,7960.01733165645,7945.495155733061,7931.206245066104,7917.65540233283,7904.27378913121,7891.260729721492,7879.168793916005,7867.16203088868,7856.26706010503,7845.422735204814,7835.813369032371,7826.291193108984,7817.74035037571,7809.358737174089,7802.266801368602,7796.371830584952,7791.762464412508,7788.211621679234
8020.920433809025,8005.283608923606,7989.8800492946175,7975.214557599312,7960.718295435661,7946.590587063912,7932.97593810188,7919.769353334363,7906.647941345007,7894.6383215993255,7882.679347737078,7871.955332602604,7861.318507717186,7851.653016021881,7842.1567538582285,7833.542104896197,7825.3355201286795,7818.325900382998,7812.601885248523,7807.936393553218,7804.321744591187
8046.81827793502,8031.025770041324,8015.601815939529,8000.690921247453,7986.18809074989,7971.770433030489,7957.974187300444,7944.668321824717,7931.4131022324245,7919.392841367905,7907.459770752442,7896.498033327091,7885.705525433394,7875.794630741317,7866.291800243755,7857.495554513709,7849.189689037982,7842.169428173463,7836.207690748112,7831.296796056035,7827.50055032599
8060.223222679729,8044.630109465705,8029.1221690298435,8014.235640583338,7999.83949239115,7985.493990082397,7971.9037073659365,7958.793163784956,7945.769810453033,7933.7177903112215,7921.834999701063,7910.833822292526,7900.240709078503,7890.354180631996,7880.958032439809,7872.367749723348,7864.257206142368,7857.205186000558,7851.20400859202,7846.317480145513,7842.727197429053
8088.1323547622205,8072.521669645252,8056.961630411718,8042.156810770475,8027.831730264714,8013.5938400080095,7999.8793030832285,7986.612746016636,7973.5154184816965,7961.299704148378,7949.492054009574,7938.390988638286,7927.780303521318,7917.975483880076,7908.650403374314,7899.935866449533,7891.669309382942,7884.453595049623,7878.3525296783355,7873.5477100370945,7869.833173112313
8106.1827817159265,8090.60651700922,8075.11744255157,8060.151721425844,8045.633980158307,8031.285468422422,8017.534284221477,8004.067385687213,7991.008551347464,7978.656301775231,7966.794432457318,7955.738428615131,7945.162163908423,7935.196442782698,7925.678701515161,7916.927517314216,7908.460618779952,7901.10836920772,7895.052365365534,7890.086644239806,7886.335460038861
8119.724916449911,8104.288371933047,8089.021056947833,8074.35106949756,8059.965367713968,8045.987730124892,8032.568926875563,8019.297874054003,8006.517201486762,7994.542394395246,7983.047326439211,7972.162802064157,7961.726257547293,7952.0562700970195,7942.670568313428,7934.251765064099,7925.98071224254,7919.005905151025,7913.1213807759705,7908.451393325697,7905.032590076369
8131.213363138164,8116.206221821093,8101.60714469854,8087.566901915734,8073.6744095606955,8060.272297459977,8047.1508579265,8034.554611301506,8022.438103811994,8010.9321399034625,7999.87415585312,7989.582728869369,7979.575587552299,7970.535344769493,7961.642852414457,7953.5214128809785,7945.925166255986,7939.419202347454,7934.127775363702,7930.0875325808975,7926.96609304742
8131.456688949043,8116.943177293399,8102.920045892074,8089.17758705799,8075.96032113239,8062.839301831783,8050.101775041664,8037.9747918325265,8026.295788481578,8015.38334219722,8004.755181579544,7995.093919496132,7985.580407840489,7976.837949006404,7968.620683080806,7960.4996637802,7953.372680571061,7947.460234286703,7942.798972203292,7939.056513369207,7935.935494068601
8134.094540064445,8120.188091349391,8106.377889259328,8092.951179679755,8079.7619968903,8066.945830891708,8054.577644751304,8042.976015677493,8031.658672270361,8021.308227397495,8011.105532952397,8001.673891328857,7992.767442613805,7983.957240523743,7975.768057734289,7967.951891735695,7961.350262661883,7955.999817789017,7951.568176165478,7947.757974075416,7944.568791285962
8141.806814345982,8128.03328977202,8114.632781988922,8101.548440204416,8088.595912279505,8076.409941421187,8064.508256229548,8053.573469572176,8042.786433342571,8032.770449934525,8023.279659434966,8013.885115560397,8005.111590986437,7996.711083203337,7988.62674141883,7981.440770560511,7975.505983903137,7970.490000495092,7966.095456620525,7962.321932046563,7959.237590262057
8156.550147042023,8142.697262666999,8129.296906216888,8116.210578908457,8103.408537266707,8091.573394159222,8079.8860014795055,8068.969661621346,8058.578514671674,8048.283614346994,8038.609733322921,8029.308869089709,8020.3241708550895,8011.923814404978,8003.837487096546,7997.00234398906,7991.086004130903,7985.791103806223,7981.11722278215,7977.132524547531,7973.732168097418
8162.6472029334955,8149.146391467387,8135.9476216430285,8123.413708711185,8111.0275462071095,8099.412436524592,8088.322519750562,8077.328849601523,8066.956198753091,8056.956564695521,8047.2730966365425,8038.173970362072,8029.388873229282,8021.190103404923,8013.656190473079,8007.041080790564,8001.047410641524,7995.674759793093,7990.991291734115,7986.892165459644,7983.693395635286
8164.485236513105,8151.537772823953,8138.7041466307255,8126.641573259057,8115.104192795875,8103.663058957685,8092.842944420101,8082.395846673379,8072.26491492525,8062.718324961628,8053.485764139686,8044.839530626176,8036.85815400518,8028.910690316029,8021.848116944362,8015.406983106171,8009.586868568588,8004.455936820459,7999.909346856836,7996.263113343327,7993.315649654175
8185.163954825892,8172.1545923428675,8159.670422768331,8147.282499818787,8135.515596169848,8124.121709311771,8113.0439884522875,8102.550609377311,8092.371259444014,8082.778236819149,8073.850071086798,8064.955818286293,8056.509029174938,8048.499666691916,8041.11174374237,8034.344840093433,8028.267119233949,8022.773740158972,8018.180717534107,8014.286464733601,8010.839675622246
8201.008115817705,8187.599102949101,8174.811109381101,8162.3961326039625,8150.297321825417,8138.78285283138,8127.582412979022,8116.968300435095,8107.019044783684,8097.103702064117,8087.635823033701,8078.605370631618,8070.084280712556,8061.675267843949,8053.887274275951,8046.788463497406,8040.273994503368,8034.659881959442,8029.744539239874,8025.276660209459,8021.755570290397
8202.089672369313,8189.12400771045,8176.474509050181,8164.409352174421,8152.658224440339,8141.493424014689,8130.993480481554,8120.527449880264,8110.5088829681235,8100.927742684317,8091.855964883533,8082.896264133201,8074.55758268348,8066.506894801756,8058.857396141488,8051.7922392657265,8045.627438840076,8040.161408238785,8035.142841326647,8031.071063525861,8028.020375644138
8200.645772691387,8188.1008674562545,8175.8699913628,8164.225442577776,8153.24575068527,8142.299971724607,8131.801656453094,8121.740767809915,8112.1892416497585,8102.749792540054,8093.931362730961,8085.400926489864,8077.271679470224,8069.291931110851,8061.747025875718,8055.102477090694,8049.15669813003,8043.65838285852,8039.106856698361,8035.576420457266,8032.596672097893
8222.754189512423,8210.403985932184,8198.71863924446,8187.067205488581,8175.863235421853,8165.096691983456,8154.8395110280835,8144.694407123162,8135.170322518853,8125.934231482539,8117.0993296676825,8108.4139265130925,8100.163366482743,8091.957711687526,8084.607508107287,8077.956074351406,8071.752104284679,8066.494923329304,8062.258832292992,8058.573429138402,8055.367774343186
8246.345197755283,8233.747697721446,8221.59766137676,8209.885051660405,8198.681804427075,8187.590634244195,8177.120483361928,8166.938326047656,8157.157357954841,8147.525888522294,8138.329262213986,8129.177541140811,8120.731474862853,8112.4352050046555,8104.837704970816,8097.687668626132,8091.484421392798,8086.302264078529,8081.670794645981,8077.5190735728065,8074.073007294849
8262.194676047167,8249.730548772903,8237.775783981664,8225.933096240873,8214.711427800697,8203.777752928516,8193.24526727779,8182.862280287334,8172.914136421116,8163.010897790032,8153.813313954164,8144.765526538057,8136.416508946308,8128.164991388398,8120.263437485804,8113.308672694561,8107.374997822382,8101.992010831925,8097.08877220084,8092.8911883649735,8089.639670807063
8268.768127121679,8256.465603285611,8244.784098750159,8233.3905877827,8222.398266036698,8211.555442950965,8201.14746298947,8190.78438826311,8181.126968331965,8171.619344820581,8162.810491133555,8154.099137480369,8145.737747482498,8137.777911387222,8130.363310500702,8123.969799533246,8118.126976447512,8112.76390172115,8108.106481790008,8104.395128136821,8101.435292041544
8310.939291554008,8298.63224628171,8286.726390230868,8274.970032840296,8263.64851857396,8252.371909542762,8241.800955306777,8231.379797490554,8221.657409498688,8212.032521540663,8202.757597237953,8193.884226837836,8185.470692532997,8177.142557341638,8169.835512069342,8163.079154678769,8156.802545647568,8151.231591411585,8146.606703453559,8142.733333053443,8139.319798748603
8359.070395810877,8345.920977775011,8333.20640286338,8320.536733186887,8308.572718305608,8296.75849984409,8285.643051206931,8274.625102603612,8263.957117655606,8253.690686610194,8243.884091660062,8234.162895823409,8225.269835178115,8216.569729260524,8208.420311224656,8200.75064154816,8193.786626666883,8187.768678063563,8182.502247018152,8177.695652068018,8173.802591422724
8385.00243458899,8371.527160092175,8358.587870714082,8345.79837775575,8333.707654621776,8321.714431521641,8310.071172076821,8298.829466534595,8288.047597087649,8277.35112675418,8267.48279161207,8257.807411197666,8248.682718664983,8240.037774491673,8231.562499994858,8223.623210616766,8216.629987516631,8210.388281974407,8204.606412527457,8199.73807738535,8196.262802888534
8400.935209414809,8387.646447057552,8374.766961566324,8361.984976108932,8349.552954306857,8337.522486407373,8325.951854603172,8314.466621912446,8303.809524413082,8293.34538164142,8283.431926751482,8273.998220220916,8264.734183366845,8256.006131631497,8247.717369274242,8239.93538381685,8232.90491591737,8226.334284113163,8220.6771866138,8216.413149759728,8213.124387402473
8413.243371022167,8399.852477618731,8386.529562413221,8373.608201110303,8361.146675902666,8348.770549808505,8337.222558905705,8325.86752273061,8315.063174437237,8304.738574503235,8294.58364424573,8284.964699106946,8275.785043346255,8267.112164485428,8258.721271081993,8250.799909779078,8243.338384571436,8236.790393668638,8231.635463411132,8227.455807650442,8224.064914247007
8431.238860237887,8417.665775168449,8404.131164891372,8390.681953727772,8378.060877755532,8365.632756510997,8353.755323148185,8342.357638144744,8331.129622817798,8320.437592609574,8310.184851779444,8300.438887849177,8290.974909376304,8281.980463003949,8273.407377934509,8264.872767657427,8257.25169168519,8251.023676358245,8245.770935528115,8241.30695705524,8237.7338719858
8436.425461785297,8423.337581842741,8410.370777872424,8397.475852657572,8385.131615324442,8373.267126350685,8361.572307053422,8350.413472874881,8339.693928074434,8329.481160173851,8319.55037773066,8310.089127387988,8301.04923834823,8292.047824100833,8283.959944158278,8275.99314018796,8269.298320890699,8263.578776090253,8258.64799364706,8254.608104607303,8251.641300636986
8442.369870953908,8429.39833250986,8416.582556732685,8404.24652931488,8392.08017157357,8380.449798950984,8369.258715706488,8358.57440936186,8348.172088474623,8338.239299687903,8328.7278722041,8319.254919512654,8310.695501126052,8302.257158711689,8294.285620267641,8287.119262526334,8280.928179281842,8275.525858394602,8271.014430910798,8267.576088496433,8264.604550052387
8454.15955112484,8441.153616236481,8428.317351024618,8416.017070931479,8404.15608021643,8392.801866401247,8381.729638043456,8371.126941786184,8360.945606831827,8350.802746669828,8341.573420812674,8332.465170927757,8323.823725013155,8315.653817542601,8307.817552330742,8300.956561615696,8294.884333257902,8289.702998303545,8285.594748418627,8281.953302504027,8278.783395033473
8464.70083338198,8451.765668000346,8439.269791996801,8427.280692893124,8415.573579246839,8404.335997701071,8393.51977745822,8382.742032007725,8372.877820862077,8363.134685688667,8353.85835448557,8345.053561726521,8336.582411226167,8328.447525937672,8320.951649934132,8314.244536287842,8308.42831604499,8303.685180871578,8299.408849668484,8295.604056909437,8292.469171620942
8475.900794807332,8463.529181692516,8451.439554035094,8439.81945847819,8428.620724224202,8417.460464762571,8407.213739605786,8397.088090421239,8387.429245207006,8378.24193843682,8369.38827392533,8360.870874625698,8352.988360614561,8345.109970599884,8338.020342942458,8331.82160868847,8326.69595950392,8322.03711428969,8317.849807519506,8314.332408219874,8311.449894208738
8485.206533937057,8472.869359285776,8460.953545937413,8449.076207381406,8438.112403130244,8427.269674851323,8416.893750542713,8406.989364678151,8397.418621072286,8388.184142678278,8379.584549572764,8370.989080463713,8362.772001369336,8354.965294617536,8348.04948126917,8342.206752990245,8336.83082868164,8331.926442817079,8327.691964423071,8324.09237131756,8320.875292223183
8492.763956337327,8480.078325270404,8468.306228508327,8456.65520771849,8445.470990898964,8434.758312523487,8424.379276406706,8414.336505501782,8404.928619885353,8395.524858265386,8386.499486660092,8377.884487397376,8369.57619488646,8361.85208902718,8355.201068237338,8349.016851417817,8343.304173042341,8338.261402137417,8333.85351652099,8329.828144915698,8326.519852404783
8499.681500183297,8487.526296053871,8475.83789589476,8464.621034179694,8453.737814723327,8443.190860478815,8433.2787915228,8423.370846563244,8413.841291618364,8404.72210901606,8395.909633165558,8387.68134396669,8379.677160627101,8372.521956497674,8365.833556338564,8359.616694623503,8354.06974037899,8349.157671422978,8344.628116478098,8340.815640627596,8337.811457288008
8505.505200399186,8494.048617401026,8482.925676661564,8472.139001133957,8461.98721089485,8451.839544652199,8442.070268424224,8432.711364538825,8423.659167405229,8415.191156923265,8406.947252300584,8399.20753101749,8391.812605604968,8384.884484162763,8378.427901164607,8372.641225637002,8367.489435397894,8362.72015916992,8358.667962036323,8355.42405741364,8352.684336130545
8507.76447527981,8496.81335145779,8486.497112924268,8476.184998387203,8466.251273864815,8456.727921685002,8447.511276256993,8438.878817480616,8430.470464563521,8422.566294986013,8414.901846691599,8407.342472984663,8400.249903248045,8393.628871955474,8387.677748133456,8382.361509599934,8377.427785077547,8373.211139649537,8369.80278673244,8366.898617154931,8364.234168860517
8510.264499965155,8499.820182620724,8489.754255290969,8480.098700303788,8470.749852068413,8461.98519048467,8453.444634760208,8445.408262375331,8437.61161127355,8429.920034759249,8422.287831951882,8415.063059407896,8408.309825307959,8402.226498678574,8396.778057337684,8391.71213000793,8387.363281772554,8383.82272604809,8380.786353663214,8377.989702561434,8375.357499754067
8509.884661481152,8500.254005094564,8490.930055459785,8482.190292476635,8473.674635352769,8465.663161568486,8457.8914090673,8450.224731153592,8442.617426946821,8435.142325547415,8427.942451604024,8421.21411610468,8415.15568807589,8409.732145335594,8404.691116606436,8400.367166971653,8396.851509847786,8393.840036063502,8391.068283562317,8388.460979355545,8385.98587795614
8512.146579780388,8503.205283637311,8494.488093353519,8486.275086409309,8478.301800748199,8470.433589674563,8462.624752307865,8454.923219147939,8447.246584588605,8439.845177485287,8432.91530882602,8426.655347637303,8421.03027173708,8415.787709847995,8411.262227053285,8407.54503676949,8404.332029825282,8401.35874416417,8398.54990679747,8395.848373637544,8393.171739078212
8519.514651692969,8510.899651614454,8502.524372819038,8494.254168611098,8486.043338110094,8477.939811815862,8469.861184122223,8461.959190987916,8454.155790750294,8446.82392895672,8440.161974633698,8434.134905599169,8428.49035057578,8423.562874646763,8419.443691228664,8415.82869115015,8412.453412354733,8409.242581853727,8406.139055559493,8403.060427865857,8400.158434731551
8526.773416084925,8518.08797101488,8509.46189965177,8500.943132495433,8492.449263939687,8484.132029943274,8475.913388843546,8467.99814798144,8460.25104532576,8453.173850140633,8446.731540243996,8440.671744358502,8435.329027567379,8430.794603287175,8426.764362346554,8422.97384268903,8419.34777132592,8415.82900416958,8412.33513561384,8409.017901617426,8406.10266075532
8529.815542419263,8521.048978990986,8512.307314163298,8503.742283894944,8495.275846523275,8487.112809389226,8479.117910461606,8471.370114189664,8464.045122732596,8457.355016564017,8451.047424406583,8445.456911343517,8440.674690791373,8436.39665357881,8432.358337649346,8428.484470014293,8424.717906586011,8420.97624175833,8417.411211489974,8414.248174355927,8411.500378083985
8529.608953980038,8520.861919783954,8512.213478484553,8503.868437422772,8495.691534567422,8487.761734367748,8480.079730440018,8472.572735055219,8465.700624958909,8459.211028873744,8453.438511882947,8448.474287403073,8444.014246262777,8439.793926405584,8435.7380548428,8431.789487486785,8427.865818731374,8424.118784535287,8420.77374347351,8417.843943273836,8415.161939346106
8529.055795315298,8520.549466673749,8512.211276238628,8504.120188459183,8496.276896951684,8488.608613987113,8480.947326407344,8473.913928731263,8467.26304506633,8461.329240495761,8456.203728436118,8451.582399716051,8447.200792279087,8442.983633136533,8438.873778200748,8434.788821865568,8430.88050008971,8427.374171448164,8424.283083668719,8421.43979216122,8418.778504581449
8528.640000379792,8520.470522822436,8512.548841537026,8504.802168794544,8497.062491436864,8489.484101658953,8482.372314204958,8475.643040762114,8469.630846413635,8464.42694457608,8459.727226078103,8455.267228863228,8450.971679942762,8446.783435229067,8442.620089115975,8438.633377562206,8435.048659142749,8431.879181585393,8428.957500299983,8426.2178229423,8423.63943316439
8533.006048905261,8525.263184306936,8517.527315093412,8509.952733459655,8502.456541603811,8495.348562293973,8488.623096995283,8482.61471079096,8477.414617097562,8472.71870674374,8468.26251767302,8463.970776896711,8459.786340327171,8455.626802358236,8451.643898948621,8448.06298867332,8444.89731926012,8441.979446118865,8439.243576905339,8436.668995271584,8434.17280341574
8535.844987131388,8528.098442986076,8520.426480474522,8512.758326107125,8505.478384285732,8498.580956475487,8492.40060775961,8487.028551554657,8482.16067868928,8477.532527107005,8473.068823819141,8468.712424738049,8464.380924257559,8460.22605833639,8456.473185549534,8453.13555362478,8450.045717971969,8447.137886246888,8444.391342101579,8441.719379590024,8439.051225222627
8545.700883895404,8537.58784858095,8529.642967633892,8521.918144865442,8514.575836108139,8507.950606445203,8502.133669293193,8496.82091548076,8491.747882951426,8486.839298716504,8482.038018688356,8477.261637260808,8472.661890392581,8468.464136658667,8464.681623786855,8461.146907186987,8457.794194514849,8454.602769422481,8451.485925963869,8448.372890649414,8445.428009702357
8555.101716899977,8547.079826497918,8539.282758864309,8531.643382473398,8524.721085176852,8518.607080391233,8512.99725894519,8507.627158782248,8502.421506913717,8497.32315925196,8492.249710190803,8487.352895688968,8482.858074321444,8478.778493816024,8474.946709582546,8471.296929276798,8467.808436550822,8464.3945254586,8460.984422510537,8457.74247392987,8454.945406296261
8560.165229305305,8552.262942379492,8544.500031844587,8537.31482401314,8530.937908692618,8525.06517671167,8519.432166013827,8513.963603610393,8508.602345413734,8503.265985817672,8498.106260780934,8493.348528878509,8489.006037838186,8484.911343069803,8480.998652229153,8477.247248968275,8473.57042734115,8469.897413858183,8466.392554742613,8463.332576574103,8460.569666039199
8563.525654859985,8555.722971456064,8548.235080220695,8541.555481496252,8535.380066111384,8529.444372009619,8523.673126202264,8518.009184601684,8512.3701416017,8506.90773316104,8501.847317854694,8497.20214341045,8492.804765238147,8488.589390993575,8484.535304328776,8480.55579929773,8476.58010241084,8472.77255989135,8469.409898318918,8466.344304380093,8463.541620976172
8564.591582372197,8556.941590280056,8550.099890698843,8543.762374457203,8537.664579498667,8531.73123283454,8525.905190377189,8520.104046520433,8514.479537223004,8509.257021059884,8504.44974575887,8499.890266729795,8495.512791628453,8491.296604106883,8487.154998219065,8483.017200475404,8479.047557099142,8475.52279466994,8472.295099874342,8469.33031561365,8466.668214756879
8566.75555645798,8559.90520456374,8553.559036009072,8547.45258873751,8541.510589760353,8535.675894989976,8529.866098820192,8524.232937209736,8519.001768733588,8514.185841119546,8509.617709777443,8505.231582363074,8501.006742528476,8496.85648432763,8492.710034270944,8488.731738581653,8485.198323839424,8481.961976730798,8478.98854015708,8476.31778698728,8473.809134674253
8565.996080180987,8559.824933475398,8553.893508052915,8548.126530924837,8542.46685800354,8536.832083682835,8531.373943921459,8526.317797294389,8521.676891529427,8517.283782036404,8513.072676471114,8509.022858485596,8505.047622133829,8501.076193926221,8497.27292008601,8493.914527192861,8490.853201933312,8488.054787208674,8485.559055887954,8483.225425424007,8480.900447273085
8565.570215804577,8559.953982927398,8554.502198344624,8549.15771796863,8543.83813619323,8538.695188977159,8533.954234895393,8529.628521675735,8525.550604728016,8521.65469170803,8517.920066267816,8514.260022461354,8510.60378679905,8507.115705504144,8504.072505156299,8501.326372442054,8498.843150262719,8496.658342808025,8494.47780403261,8492.459366113966,8490.449580508348
8566.943620951313,8561.82424968187,8556.812182619207,8551.825014157137,8547.014480254396,8542.605939485962,8538.612639579635,8534.867135945247,8531.303636238592,8527.901424111707,8524.573793618578,8521.249971269604,8518.09430328803,8515.383516253514,8512.9697968526,8510.802210165932,8508.651401299927,8506.799007158565,8504.950881696479,8503.264857091166,8501.58748479888
8569.232612653856,8564.638517442543,8560.069320831823,8555.676758780432,8551.686189863349,8548.11086180837,8544.783330025333,8541.637802170027,8538.653561894493,8535.743903252713,8532.838052755089,8530.100356624864,8527.8075414417,8525.72551329305,8523.729765743485,8521.980150908166,8520.247313893511,8518.812891603498,8517.382737992762,8516.1146852388,8514.855284797863
8570.476703531162,8566.316913981109,8562.333758990388,8558.752597133975,8555.586676139666,8552.668551417297,8549.93243062266,8547.357597407796,8544.857345826684,8542.36090238973,8540.032613320174,8537.942020380844,8536.058612258348,8534.385991170368,8532.799650681472,8531.459442906824,8530.136012952837,8529.110997723494,8528.090251173428,8527.231605480134,8526.381612099865
8571.334187055458,8567.786366858898,8564.640539796648,8561.909953596503,8559.427163668297,8557.126377667824,8554.98687924712,8552.921962460172,8550.857297254335,8548.796188611544,8546.90323433615,8545.247976190984,8543.799902862651,8542.562616568834,8541.411610874102,8540.506737893615,8539.61864273379,8539.028962298611,8538.443550542708,8538.020239643578,8537.60558105747
8571.905284200575,8569.24677629235,8567.003509246231,8564.990828400256,8562.995357626074,8561.181890779626,8559.529711512947,8557.952113880023,8556.37476782821,8554.800978339445,8553.395343218075,8552.227404226933,8551.266650052625,8550.516682912832,8549.852996372125,8549.435442545662,8549.034666539863,8548.932305258708,8548.83421265683,8548.898220911724,8548.970881479641
8574.36198816578,8572.286267050149,8570.467278888398,8568.87887692679,8567.307685036978,8565.918497074897,8564.690596692586,8563.53727794403,8562.384210776587,8561.234700172188,8560.253343935186,8559.509683828413,8558.973208538473,8558.647520283048,8558.408112626708,8558.414837684615,8558.438340563183,8558.760258166396,8559.086444448885,8559.574731588149,8560.071671040434
8576.211802447617,8574.630311795063,8573.305554096389,8572.211382597856,8571.13442117112,8570.239463672115,8569.50579375288,8568.8467054674,8568.187868763032,8567.53258862171,8567.045462847784,8566.796033204088,8566.753788377224,8566.922330584874,8567.17715339161,8567.678108912593,8568.195842254238,8569.011990320527,8569.832407066091,8570.814924668432,8571.806094583791
8578.680170326512,8577.7406022467,8577.057767120768,8576.605518194978,8576.170479340984,8575.917444414721,8575.825697068229,8575.808531355491,8575.791617223866,8575.778259655286,8575.933056454101,8576.325549383148,8576.925227129026,8577.735691909418,8578.632437288898,8579.775315382622,8580.934971297009,8582.39304193604,8583.855381254347,8585.47982142943,8587.112913917532
8581.946815662735,8581.644135240653,8581.59818777245,8581.782826504388,8581.984675308124,8582.36852803959,8582.913668350826,8583.533390295817,8584.15336382192,8584.77689391107,8585.568578367614,8586.59795895439,8587.834524357997,8589.281876796118,8590.815509833326,8592.59527558478,8594.391819156896,8596.486777453656,8598.586004429691,8600.847332262503,8603.117312408333
8584.505821723562,8584.8519203108,8585.454751851918,8586.288169593176,8587.138797406233,8588.171429147018,8589.365348467574,8590.633849421887,8591.90260195731,8593.17491105578,8594.615374521645,8596.29353411774,8598.178878530667,8600.275009978108,8602.457422024638,8604.88596678541,8607.331289366846,8610.075026672928,8612.823032658283,8615.733139500415,8618.651898655566
8587.583461939435,8588.268958167477,8589.211187349398,8590.384002731458,8591.574028185318,8592.946057566905,8594.479374528266,8596.087273123381,8597.695423299607,8599.307130038878,8601.086991145548,8603.104548382446,8605.329290436175,8607.764819524418,8610.286629211752,8613.054571613327,8615.839291835566,8618.678689476368,8621.761824423253,8624.849228049412,8628.098732532346
8589.43589494196,8590.45516390666,8591.731165825238,8593.237753943957,8594.761552134474,8596.46735425272,8598.334443950738,8600.276115282511,8602.218038195395,8604.163517671324,8606.277151514654,8608.62848148821,8611.186996278597,8613.956298103498,8616.790070840156,8619.645653264148,8622.74736840238,8625.865861361277,8629.039031738737,8632.45593942228,8635.877115785099
8591.128731037934,8592.55136543907,8594.230732794087,8596.140686349245,8598.0678499762,8600.177017530885,8602.44747266534,8604.792509433551,8607.137797782874,8609.486642695241,8612.003641975009,8614.758337385003,8617.66170282144,8620.623583048266,8623.796250309606,8627.033388482701,8630.292336343133,8633.797416917803,8637.319275313137,8640.895811127037,8644.716084247017
8593.472711397282,8595.252938801927,8597.28989916045,8599.557445719114,8601.842202349577,8604.30896290777,8606.937011045733,8609.639640817451,8612.34252217028,8615.048960086155,8617.906553089662,8620.781145372937,8623.89343378644,8627.154392226383,8630.473865456715,8634.004125721563,8637.598856898167,8641.215397762106,8645.078071340284,8648.957522739123,8652.89165155653
8594.985008554413,8597.119352093443,8599.51042858635,8602.1320912794,8604.770964044246,8607.591840736824,8610.445956871208,8613.428121143555,8616.48486704966,8619.541864536872,8622.602418587132,8625.814127725023,8629.042836142684,8632.50924069057,8636.124315264899,8639.797904629615,8643.682281028849,8647.631128339835,8651.60178533816,8655.818575050722,8660.052142583947
8599.374567725705,8601.880776998942,8604.643719226058,8607.515584960265,8610.509113387523,8613.519851886578,8616.712594313363,8619.938576181956,8623.292606188512,8626.721217828823,8630.150081050244,8633.582500834711,8637.166075706811,8640.76664985868,8644.604920140773,8648.59186044931,8652.637315548236,8656.893557681677,8661.214270726872,8665.556793459404,8670.145448906174
8602.215179665169,8605.018190377043,8607.827410362152,8610.893363301142,8614.068239747223,8617.364778886355,8620.678528097284,8624.174281235943,8627.703273816407,8631.360314534837,8635.091936887022,8638.823810820317,8642.559241316658,8646.445826900632,8650.349411764373,8654.49069275834,8658.780643778751,8663.12910958955,8667.688362434865,8672.312086191934,8676.957619636338
8605.404226940096,8608.036348486867,8610.971480745511,8613.912822277389,8617.11089676315,8620.417894756,8623.846555441902,8627.292426199601,8630.920300885029,8634.581415012264,8638.370577277465,8642.234321176418,8646.098316656484,8649.965868699595,8653.984575830338,8658.02028224085,8662.293684781587,8666.715757348768,8671.196344706337,8675.887719098422,8680.64356440226
8612.893781849185,8615.529040463629,8618.296420624843,8621.366811497932,8624.443411644254,8627.776744744458,8631.219001351752,8634.782920652098,8638.364050024244,8642.127183324115,8645.923556065794,8649.847976945439,8653.846979458836,8657.846233553346,8661.849044210901,8666.003009956088,8670.173974981044,8674.582636136225,8679.13996731785,8683.755813289863,8688.582446296392
8632.519393132618,8634.55992079248,8636.735707066788,8639.043614887863,8641.654533420815,8644.271661226998,8647.145521987066,8650.128306254222,8653.23275321443,8656.354410246438,8659.658071206171,8662.994971607714,8666.459920147221,8669.99945032048,8673.539232074852,8677.08257039227,8680.777063797319,8684.488556482138,8688.43774529718,8692.535604138668,8696.691977770543
8653.74883413702,8655.234212033145,8656.854848543713,8658.607606601052,8660.552456837313,8662.608225606527,8664.670203648971,8666.988914645302,8669.41654914872,8671.965846345189,8674.53235361346,8677.280864809454,8680.06261544726,8682.972414223028,8685.95679463255,8688.941426623183,8691.929615176861,8695.068958818174,8698.225301739254,8701.61934079056,8705.162049868308
8668.51953539813,8669.704387798289,8671.024498812892,8672.476731374265,8674.12105611456,8675.87629938781,8677.637751934288,8679.655937434653,8681.783046442106,8683.98252094614,8686.231292646644,8688.497274418949,8690.945260118977,8693.426485260818,8696.03575854062,8698.719613454175,8701.403719948845,8704.091383006556,8706.930201151905,8709.786018577019,8712.879532132358
8682.567241121806,8683.337967213405,8684.24395191945,8685.282058172264,8686.512256604003,8687.853373568694,8689.200699806614,8690.80475899842,8692.517741697317,8694.303089892792,8696.137735284738,8697.989590748484,8700.023450139955,8702.090548973238,8704.17642266468,8706.371569635923,8708.641298240922,8710.911278427033,8713.184815176186,8715.609507012976,8718.051198129533
8701.183974310406,8701.443443224185,8701.838170752411,8702.365019827404,8703.083961081324,8703.913820868194,8704.749889928295,8705.84269194228,8707.044417463358,8708.318508481012,8709.641896695139,8710.982494981065,8712.505097194717,8714.060938850178,8715.6355553638,8717.319445157224,8719.077916584403,8720.836639592693,8722.598919164027,8724.512353822996,8726.442787761735
8721.35540293949,8721.283031118295,8721.345917911547,8721.540926251566,8721.92802677051,8722.426045822405,8722.930274147531,8723.691235426542,8724.561120212646,8725.503370495326,8726.494917974478,8727.50367552543,8728.694437004107,8729.918437924594,8731.161213703243,8732.513262761691,8733.939893453897,8735.366775727212,8736.797214563572,8738.378808487567,8739.97740169133
8737.193197563003,8736.709879818089,8736.361820687624,8736.145883103924,8736.12203769915,8736.209110827327,8736.302393228734,8736.652408584026,8737.111347446413,8737.642651805374,8738.223253360808,8738.821064988042,8739.600880543001,8740.41393553977,8741.245765394699,8742.18686852943,8743.202553297917,8744.218489647514,8745.237982560157,8746.408630560432,8747.596277840477
8755.4342453112,8754.32955476974,8753.36012284273,8752.522812462486,8751.877594261168,8751.3432945928,8750.815204197663,8750.54384675641,8750.381412822253,8750.291344384668,8750.250573143558,8750.227011974248,8750.385454732663,8750.577136932885,8750.78759399127,8751.107324329458,8751.501636301398,8751.896199854451,8752.29431997055,8752.843595174281,8753.40986965778
8773.291879859938,8771.634151022521,8770.111680799557,8768.721332123358,8767.523075626084,8766.43573766176,8765.354608970669,8764.53021323346,8763.814741003347,8763.171634269807,8762.577824732742,8762.001225267477,8761.606629729935,8761.245273634202,8760.902692396632,8760.669384438865,8760.51065811485,8760.352183371948,8760.19726519209,8760.193502099866,8760.20673828741
8787.405077344274,8785.305896165184,8783.341973600549,8781.510172582679,8779.870463743733,8778.341673437739,8776.819092404976,8775.553244326096,8774.39631975431,8773.3117606791,8772.276498800364,8771.258446993426,8770.422399114213,8769.61959067681,8768.83555709757,8768.160796798129,8767.560618132444,8766.96069104787,8766.36432052634,8765.919105092446,8765.490888938319
8799.974400677262,8797.471554647293,8795.103967231778,8792.86850136303,8790.825127673204,8788.892672516333,8786.96642663269,8785.296913702932,8783.736324280268,8782.248100354178,8780.809173624562,8779.387456966746,8778.147744236656,8776.941270948373,8775.753572518253,8774.675147367934,8773.67130385137,8772.667711915918,8771.66767654351,8770.818796258736,8769.98691525373
8812.473595579224,8809.77543999544,8807.20969699614,8804.776075543607,8802.534546269999,8800.403935529343,8798.279534061916,8796.411865548373,8794.653120541923,8792.966741032049,8791.32965871865,8789.70978647705,8788.271918163175,8786.867289291107,8785.481435277203,8784.204854543099,8783.002855442752,8781.801107923515,8780.602916967322,8779.555881098764,8778.525844509973
8826.813056883357,8824.113275979438,8821.479238074819,8818.911578717665,8816.536011539438,8814.27136289416,8812.012923522114,8810.011217103951,8808.118434192882,8806.298016778388,8804.52689656037,8802.772986414147,8801.201080195653,8799.662413418966,8798.142521500442,8796.731902861718,8795.395865856752,8794.060080432895,8792.72785157208,8791.546777798903,8790.382703305493
8837.740370300351,8834.832781720546,8831.99157168821,8829.218021013025,8826.568903159612,8824.03070383915,8821.49871379192,8819.223456698572,8817.057123112318,8814.96315502264,8812.918484129437,8810.89102330803,8809.04556641435,8807.23334896248,8805.43990636877,8803.755737054862,8802.14614937471,8800.53681327567,8798.931033739671,8797.476409291308,8796.038784122713
8846.162070664399,8843.276551923895,8840.458692540544,8837.765265978964,8835.182757950335,8832.606459194938,8830.062150486772,8827.742584685257,8825.531942390835,8823.393665592992,8821.304685991621,8819.232916462048,8817.3431508602,8815.486624700165,8813.648873398288,8811.920395376212,8810.266498987894,8808.612854180687,8806.962765936521,8805.463832779991,8803.98189890323
8853.79602256951,8851.14337007455,8848.615150401361,8846.197849261125,8843.786757394118,8841.407655574345,8839.072862462735,8836.918503549612,8834.87306814358,8832.89999823413,8830.97622552115,8829.069662879969,8827.345104166512,8825.653784894868,8823.981240481382,8822.417969347698,8820.92927984777,8819.440841928956,8817.955960573183,8816.622234305043,8815.305507316674
8862.460542079594,8860.026106106487,8857.619889806567,8855.29637236641,8852.979064199482,8850.693746079789,8848.45273666826,8846.392161455215,8844.440509749264,8842.561223539893,8840.731234526993,8838.91845558589,8837.287680572514,8835.69014500095,8834.111384287544,8832.641896853938,8831.246991054091,8829.852336835356,8828.461239179664,8827.221296611602,8825.998353323313
8874.415265654947,8871.652180398936,8868.917314816115,8866.265148093056,8863.619190643227,8861.00522324063,8858.4355645462,8856.046340050252,8853.7660390614,8851.558103569127,8849.399465273325,8847.25803704932,8845.298612753042,8843.372427898576,8841.465017902268,8839.66688118576,8837.943326103012,8836.220022601374,8834.50027566278,8832.931683811816,8831.380091240626
8882.4801920078,8879.482480237066,8876.567467326091,8873.658663688348,8870.781850097837,8867.949345215491,8865.186499027577,8862.534428343715,8859.991281166947,8857.52049948676,8855.099015003045,8852.694740591125,8850.472470106932,8848.283439064551,8846.11318288033,8844.052199975906,8842.065798705244,8840.079649015692,8838.097055889182,8836.265617850304,8834.4511790912
8889.314995147291,8886.302071400078,8883.295356926095,8880.320632499348,8877.390216780763,8874.52945975661,8871.77947823651,8869.138420223504,8866.540509387265,8863.97181687084,8861.452421550886,8858.950236302728,8856.630054982297,8854.343113103678,8852.074946083218,8849.916052342556,8847.831740235655,8845.747679709864,8843.667175747118,8841.737826872,8839.825477276658
8894.8267431874,8891.646476468984,8888.498199797803,8885.394231834784,8882.359922566198,8879.436388801665,8876.621778544224,8873.850315463551,8871.108070702694,8868.415123138306,8865.739385645713,8863.06583340128,8860.572099836416,8858.111605713362,8855.669886448468,8853.337440463374,8851.079576112039,8848.821963341814,8846.567907134635,8844.465006015083,8842.379104175307
8901.83264277879,8898.552012892513,8895.315691714399,8892.149029230719,8889.093142251091,8886.146178778556,8883.242362482788,8880.367764506836,8877.542463727354,8874.734373019664,8871.928467560138,8869.296114345043,8866.670027565084,8864.077180226936,8861.503107746947,8859.038308546758,8856.648090980327,8854.258124995007,8851.871715572734,8849.636461238088,8847.418206183216
8908.031859209104,8904.689540538147,8901.416880561626,8898.254996089156,8895.202035123779,8892.192221335168,8889.211625866375,8886.28032759405,8883.36623939352,8880.45433644115,8877.715985733214,8874.983901460411,8872.285056629422,8869.60498665659,8866.998989163749,8864.428192470717,8861.931977411445,8859.436013933282,8856.943607018167,8854.602355190678,8852.278102642966
8913.468890298065,8910.271189544297,8907.184264294581,8904.20626255196,8901.271407986103,8898.365771740066,8895.509432690495,8892.670303712717,8889.833359983102,8887.169968497921,8884.512843447874,8881.88895783964,8879.283847089562,8876.752808819476,8874.256971349198,8871.831930571952,8869.410674735434,8866.989670480027,8864.572222787667,8862.305930182933,8860.056636857973
8919.32495286518,8916.1094621811,8913.002895004114,8909.939475003894,8906.905273323493,8903.920368839557,8900.952674427415,8897.987165263437,8895.195208343892,8892.409517859482,8889.657066816882,8886.92339063244,8884.263786927992,8881.635221493627,8879.010818588984,8876.457212377376,8873.907391106493,8871.357821416721,8868.811808289998,8866.4169502509,8864.039091491575
8927.389975952916,8924.051701164992,8920.756573553832,8917.490664262494,8914.27405216762,8911.074650144541,8907.877433369624,8904.85376883914,8901.836370743793,8898.852212090256,8895.886828294877,8892.995516979488,8890.135243934186,8887.279133418606,8884.49381959606,8881.71229071424,8878.931013413528,8876.153292675868,8873.42158506493,8870.795019414894,8868.185453044633
8933.14880506833,8929.70508033181,8926.290573915116,8922.925364694884,8919.577365546447,8916.231551646173,8913.059289990331,8909.893294769627,8906.760538990731,8903.646558069995,8900.60664962925,8897.597779458589,8894.593071817651,8891.659160869749,8888.72903486257,8885.799160436502,8882.872842573483,8879.992537837188,8877.217375061795,8874.459211566174,8871.810614440818
8937.65629877077,8934.09064645853,8930.574291342753,8927.075146298772,8923.578186502953,8920.254778951567,8916.937637835317,8913.653736160875,8910.388609344594,8907.197555008304,8904.037538942099,8900.881685405617,8897.79662856217,8894.715356659446,8891.634336337833,8888.556872579267,8885.525421947428,8882.59911327649,8879.689803885325,8876.890060864424,8874.238914968879
8944.714377423648,8941.140725480256,8937.584283608661,8934.030026985229,8930.649322606228,8927.274884662364,8923.933686160308,8920.611262516413,8917.36291135251,8914.145598458688,8910.932448094592,8907.790094423532,8904.651525693194,8901.513208543965,8898.378447957786,8895.289700498333,8892.306094999782,8889.339488781001,8886.482448932486,8883.774006209327,8881.216709381713
8949.642157013142,8945.948952366456,8942.257932967932,8938.740465813842,8935.229265094886,8931.751303817739,8928.292117398754,8924.907003459759,8921.552927790846,8918.20301465166,8914.923898205509,8911.64856670008,8908.373486775761,8905.10196341449,8901.876453179946,8898.756084906303,8895.652715912433,8892.658913288826,8889.813707790576,8887.119648187872,8884.48288541278
8953.350722183994,8949.641716448989,8946.106262958418,8942.57707590298,8939.081128289352,8935.603955533887,8932.20085525841,8928.828793253017,8925.46089377735,8922.163790994717,8918.870473152807,8915.577406892007,8912.287897194255,8909.04440062323,8905.906046013106,8902.784690682754,8899.772901722667,8896.909709887936,8894.197663948751,8891.542914837179,8889.024928500698
8955.872058822577,8952.495542926727,8949.12529346601,8945.7882834471,8942.470048286355,8939.2258856056,8936.012761194925,8932.803799313979,8929.665634126066,8926.531253878875,8923.397125212796,8920.266553109765,8917.181994133458,8914.202577118054,8911.240159382423,8908.387308017054,8905.683053777044,8903.12994543258,8900.634133915726,8898.275085173966,8895.934022768686
8961.408540988295,8958.135226207092,8954.895150867696,8951.673850386465,8948.526622385221,8945.41043265406,8942.298405452628,8939.257174944229,8936.219729376551,8933.182535389986,8930.148897966468,8927.161273669675,8924.278791333785,8921.413308277668,8918.657391591812,8916.050072031316,8913.593898366364,8911.190833045877,8908.791956208537,8906.52984214629,8904.285714420525
8969.680012248811,8966.255337408735,8962.849437426823,8959.517609924897,8956.216820693055,8952.920193990942,8949.694363981862,8946.472318913504,8943.250525426258,8940.03228850206,8936.860064704586,8933.792982868015,8930.742900311216,8927.80238412468,8925.010465063502,8922.325865562821,8919.685092397189,8917.097427576022,8914.513951238001,8912.067237675074,8909.638510448627
8975.079585482847,8971.536474159411,8968.067435315961,8964.629434742596,8961.195596698957,8957.832555348354,8954.473298938472,8951.114294109702,8947.75884584398,8944.449410704981,8941.245117526887,8938.057823628564,8934.980096100504,8932.050965697803,8929.229154855599,8926.45117034844,8923.72629418575,8921.005606506205,8918.368395164682,8915.78447026023,8913.218531692259
8977.807585047403,8974.271141047126,8970.765735316934,8967.264492116468,8963.834045609037,8960.407384042328,8956.980974056733,8953.558120634183,8950.181280338356,8946.909582003436,8943.654882948285,8940.509750263398,8937.51321470387,8934.62399870484,8931.778609040854,8928.986327721335,8926.198234884963,8923.493618386614,8920.842288325335,8918.208944600536,8915.641539443708
8981.103036653214,8977.603461002018,8974.108047880547,8970.683431452111,8967.262599964397,8963.842020057797,8960.424996714242,8957.05398649741,8953.788118241486,8950.53924926533,8947.39994665944,8944.409241178906,8941.525855258871,8938.68629567388,8935.899844433357,8933.11758167598,8930.418795256626,8927.773295274343,8925.145781628538,8922.584206550706,8920.090036629701
8985.002702687272,8981.350317523,8977.768729051762,8974.190925521247,8970.613373571845,8967.039378185487,8963.511395925854,8960.088555627128,8956.68271460817,8953.386439959479,8950.238762436144,8947.198404473305,8944.201872845513,8941.258449562189,8938.31921476201,8935.463456299854,8932.66098427477,8929.876498586164,8927.157951465528,8924.500979422726,8921.84983745892
8987.280371215296,8983.653130881648,8980.029675488724,8976.406471676913,8972.786824428145,8969.213190306104,8965.744698144967,8962.2932052636,8958.9512787525,8955.757949366754,8952.671939541508,8949.629756051307,8946.640680905572,8943.655794242984,8940.754383918418,8937.906260030924,8935.07612247991,8932.311923496864,8929.609299591653,8926.912505765438,8924.366853903028
9008.167612592106,9004.427078144498,9000.686795278003,8996.950068974551,8993.259355797827,8989.673784582006,8986.105212645956,8982.646207080172,8979.335798639742,8976.132709759811,8972.973447214927,8969.867293014508,8966.765327297238,8963.746837917988,8960.78163497581,8957.834418370112,8954.953140332382,8952.133437372488,8949.319564491589,8946.656833574494,8944.03975451981
9037.357787038763,9033.505446575657,9029.656662675592,9025.853891902256,9022.156263089822,9018.47563355716,9014.904570394763,9011.482104357721,9008.166957881178,9004.895637739683,9001.677425942651,8998.46340262877,8995.332855652907,8992.255595114117,8989.196320911806,8986.202985277463,8983.271224720957,8980.345294243445,8977.57050572974,8974.841369078444,8972.229311481831
9063.200630942894,9059.042079950867,9054.929542085569,9050.922146181172,9046.931749556546,9043.050919302188,9039.318686173183,9035.693772604676,9032.11268537122,9028.584706482225,9025.06091607638,9021.620602008556,9018.233574377802,9014.864533083528,9011.561430357222,9008.319902708754,9005.08420513928,9001.99964953361,8998.960745790353,8996.038921101777,8993.229154009814
9127.494174043064,9122.718648770904,9118.048265459645,9113.39488142816,9108.851063766939,9104.455843231071,9100.167942255703,9095.923867615384,9091.732901319529,9087.546123506821,9083.442822032135,9079.39280699452,9075.360778293383,9071.394688160217,9067.490173104887,9063.59148812855,9059.84394511602,9056.1420539659,9052.557241870463,9049.084487371638,9045.921499964776
9183.080377714497,9177.74547327479,9172.427568114857,9167.219229325188,9162.159487660874,9157.207065557057,9152.298469788291,9147.44298236399,9142.591683422834,9137.8238608197,9133.109324653637,9128.412774824053,9123.782163562439,9119.213127378662,9114.649921273878,9110.237857132899,9105.871444854332,9101.622111630448,9097.484836003176,9093.657327467865,9090.492806339418
9228.143249463626,9222.17829068494,9216.322898276516,9210.616102993448,9205.016627270878,9199.460977883356,9193.958436840301,9188.46008428039,9183.045208058504,9177.683618273686,9172.340014825348,9167.06234994498,9161.846260142449,9156.63600041891,9151.576882659177,9146.563416761857,9141.667029919217,9136.882700673192,9132.408138519128,9128.596563771926,9125.449510153172
9266.4379186241,9260.178489725828,9254.067657952912,9248.064145740494,9242.104459863125,9236.197882330222,9230.295493280462,9224.476580568728,9218.710954294062,9212.963314355877,9207.28161298566,9201.661486693281,9196.047190479894,9190.584036230313,9185.166533843145,9179.866110510658,9174.677744774785,9169.799146130872,9165.583534893822,9162.03244478522,9159.128408295372
9316.101760503774,9308.794414815624,9301.594388687974,9294.43818889537,9287.335097447232,9280.23619448224,9273.220767855271,9266.258627665373,9259.314473811954,9252.436258526503,9245.619618318891,9238.80880819027,9232.149140025456,9225.535123723053,9219.038186475333,9212.653306824226,9206.57819426508,9201.166069112796,9196.41846508896,9192.317914683877,9188.621400768645
9359.55659055588,9351.248175561337,9342.983586901839,9334.772106586806,9326.564814754922,9318.440999261058,9310.370470204267,9302.317927483953,9294.33132333161,9286.406294257104,9278.48709526159,9270.719038229881,9262.996633060586,9255.39130694597,9247.898038427971,9240.71453700193,9234.194022982752,9228.338030092023,9223.129090820046,9218.324188037921,9214.715799171026
9388.870382679093,9379.80051383847,9370.734833480996,9361.752629461542,9352.82371187916,9343.912780633256,9335.067787955322,9326.284370355226,9317.506782834122,9308.880337276823,9300.299543581938,9291.83582894173,9283.47744041614,9275.12578337255,9267.083893420919,9259.704990876151,9252.990609459832,9246.923281662264,9241.259990354549,9236.793212962064,9233.434824436474
9421.78689579434,9412.01605900998,9402.298508662694,9392.598944651885,9382.965319209048,9373.393268844047,9363.827048558038,9354.411970235835,9345.042543776044,9335.790196370932,9326.643175080437,9317.502885271942,9308.672362555406,9300.383729790503,9292.21619448083,9284.713180299606,9277.857219737134,9271.405295664514,9266.149885507124,9262.002864216629,9258.714231451724
9451.94806803666,9441.523683291862,9431.165237115036,9420.868366016046,9410.577324996048,9400.437425939856,9390.343178746074,9380.366010606973,9370.494168582489,9360.629058040005,9351.07371458948,9342.060261090588,9333.167905046927,9324.940070131714,9316.715249397723,9309.134468101262,9301.957723294652,9295.977492403274,9291.10565037879,9287.092196879896,9283.867376145907
9481.198922164227,9470.099264617635,9459.005437150032,9448.062751646235,9437.165718004851,9426.385763418146,9415.711134946057,9405.04323795597,9394.685108057842,9384.868868111345,9375.17372562008,9366.143104257262,9357.115497075669,9348.731929331603,9340.429142883999,9332.449611629785,9325.666594290804,9319.991965818715,9315.175725872217,9311.148118690626,9307.845332243021
9501.570138734269,9490.038311222252,9478.552135572649,9467.183038977722,9455.919268497413,9444.662229499107,9433.714957592758,9423.309575638043,9413.025291138556,9403.40552776752,9393.788778577706,9384.81606882542,9375.924140369596,9367.355467107162,9359.266325098943,9351.89416575174,9345.630395271433,9340.225013316714,9335.608264126902,9331.716335671079,9328.627193662858
9510.327135794774,9498.55316983448,9486.884529988805,9475.222621625133,9463.870480353416,9453.060229033335,9442.371075168483,9432.34644243208,9422.3248238769,9412.947244759247,9403.650446938056,9394.676904310256,9386.182892936671,9378.278023571303,9370.500994858736,9363.832355013063,9358.022103692976,9353.000485137798,9348.703687316609,9345.20967594302,9342.304806577655
9514.94681966359,9502.82480985495,9491.012567138267,9479.742214373218,9468.592959063399,9458.108224882028,9447.62650488188,9437.788824319261,9428.031925053103,9418.598280980335,9409.644168161783,9401.279197351449,9393.042067193914,9385.081965748945,9377.953224458304,9371.68287169325,9366.201151693105,9361.444252426949,9357.490139608393,9354.12516879806,9351.165067353093
9539.157130939197,9526.82341595274,9514.610798421512,9503.062702018733,9491.517619797178,9480.61657701315,9469.796315525584,9459.299309231408,9449.281834191448,9439.853501159705,9430.553008780762,9421.529545114385,9412.966182892977,9404.774079380928,9397.440364394466,9390.895282172913,9385.075020685348,9380.057545645384,9375.629212613643,9371.605748947268,9368.04238672586
9559.665661551262,9547.233215227745,9534.803783085452,9523.018390380686,9511.31377897238,9499.932422757467,9489.03059779677,9478.717914844288,9468.533072544607,9458.625258957492,9449.177546815346,9440.10109338256,9431.716743461822,9423.498678554623,9416.069246412331,9409.364635004029,9403.462810043327,9398.150127090847,9393.242313503733,9388.794601361587,9385.41025144085
9579.167708446012,9566.709101458748,9554.331275767943,9542.276705270531,9530.701666027335,9519.715768792355,9508.857712210176,9498.276684340562,9488.155757915918,9478.406090200633,9469.348525997397,9460.457246807699,9452.2840325252,9444.18138610041,9436.803560409608,9430.228521166408,9424.242623931428,9418.661596061816,9413.540669637172,9409.483105433936,9406.309891151437
9595.793452803871,9582.728839992065,9570.143758434477,9558.147818885103,9546.279719988532,9534.688649804524,9523.557681065487,9512.797971035809,9502.73036451818,9492.82904301409,9483.645786417197,9474.533097678015,9466.023055363621,9457.635187358426,9450.050105800832,9443.05416625146,9436.463096067455,9430.332127328418,9425.264520810788,9421.081264213897,9417.571221899505
9611.389583822991,9598.387624535646,9585.513505901103,9572.916415979123,9560.779427502115,9549.013697734465,9537.940071478864,9527.032730236802,9516.843453901938,9506.724745424784,9497.208683372419,9487.814795629252,9479.223694333687,9470.717674595715,9462.715715308372,9455.118625386394,9447.981636909386,9441.908010653784,9436.718734318922,9432.202672266558,9428.696652528586
9620.057220443077,9606.966043066437,9594.237877212789,9581.880970068498,9570.21616643626,9558.717647817557,9547.937194106053,9537.22730825226,9527.120068823255,9517.135003703448,9507.952725031242,9498.855527916632,9490.262391252649,9482.074123954031,9473.982946577391,9466.254780723744,9459.589977091502,9453.80952338,9448.702283950997,9444.605086836385,9441.513909459745
9632.50346650419,9619.439618629127,9607.067874266118,9594.862414916644,9583.375020474368,9571.958193889805,9561.144013730029,9550.45200787945,9540.562788476473,9530.75865063109,9521.458573236338,9512.563365206948,9503.765247099536,9495.33014051512,9487.123199784348,9479.751455421334,9473.26406097906,9467.449880819288,9462.645742973904,9458.847624866492,9455.64068413572
9640.217162056191,9627.206847686408,9614.914598223822,9602.692916618951,9591.073881438866,9579.577020567978,9568.882946144691,9558.273953279002,9548.16902086394,9538.46895781424,9528.86598468652,9519.626023081795,9510.614227330714,9502.309372310405,9494.132772927083,9486.8405234645,9480.221488284418,9474.612495418725,9470.009522291006,9465.997726539925,9462.692871519615
9643.229886844638,9630.39978089452,9618.172321369188,9606.067036153052,9594.764537384519,9583.547120173582,9572.833763413271,9562.525276018327,9552.313878545358,9542.465492595386,9532.845272499058,9523.931993133501,9515.146969404932,9507.038545059686,9499.137871251854,9491.910411726525,9485.692994515586,9480.481597042619,9475.86137694629,9471.948097580735,9468.839673235487
9647.196112300122,9634.809667591375,9623.22600933023,9611.727432626682,9600.732916373758,9590.143269486201,9579.65071252062,9569.521167078037,9559.619787489099,9550.42534863093,9541.359165409749,9532.969581571891,9524.787748271448,9517.006588778837,9509.497969760896,9502.999393057346,9497.506836091765,9492.605456502824,9488.411017644657,9485.021433806798,9482.240274314187
9653.386732570125,9641.165724966622,9629.448777813745,9618.136700026233,9606.921712160698,9596.06973581816,9585.445925329266,9575.529055571144,9565.740441450009,9556.628426712196,9547.724162511799,9539.220572119233,9530.989522201337,9522.767091301383,9515.546083697878,9509.331095832342,9503.707285343447,9498.790415585327,9494.678400847512,9491.174810454946,9487.952379554992
9684.207455761198,9671.916836742954,9659.723307646685,9647.892790073416,9636.29043835379,9625.395027364933,9614.627872013067,9604.537316044522,9594.65451061339,9585.172378990093,9575.962787841465,9566.761815710777,9558.283274480045,9550.083725645809,9542.890196549539,9536.287844829913,9530.392433841058,9525.30187787251,9520.819746249213,9516.618774118526,9513.140232887794
9726.302823567466,9713.314989169496,9700.555320625166,9688.502592811608,9676.57812063504,9665.330247841794,9654.29012558596,9643.65067713796,9633.283769164631,9622.925480209242,9613.289622153807,9603.932756494869,9595.275439670168,9586.924593749194,9579.164925204866,9572.11219739131,9565.864324598062,9560.224876150061,9554.866587194672,9550.230729139239,9546.573412314538
9757.65684306251,9744.484796385088,9731.441005344655,9719.073813687544,9706.914372567846,9695.155605255983,9683.669378418788,9672.191770599535,9661.436593680237,9650.960409157435,9641.183773468869,9631.713608684031,9622.834621275839,9614.215302411974,9606.043255734554,9598.676064077441,9591.917296765576,9585.439688946322,9579.684512027025,9574.907876338459,9571.288557474594
9769.720661930596,9756.649543085034,9743.786174776882,9731.323480276567,9719.133326250922,9706.951791243217,9695.492687135466,9684.312575424212,9673.832012547195,9663.657920573905,9654.07500597726,9644.751759924944,9635.875786059072,9627.67185887062,9619.600740025055,9612.138045524738,9604.956510517033,9598.497406409284,9593.016843532267,9588.693597479949,9585.489670291498
9806.792007679645,9793.178808775196,9779.838150345415,9766.506110933575,9753.896502421689,9741.5658863063,9729.93481902515,9718.610222647725,9707.876803646945,9697.403053190494,9687.376574920487,9678.0221433279,9668.800520078199,9660.150015674064,9651.536816769612,9643.204777357772,9635.595168845888,9628.964101564736,9623.490351108283,9619.135919515697,9615.485415111561
9854.142623295435,9840.499239650784,9826.965464518018,9813.601073269865,9800.93623085595,9788.57785934576,9776.810665212215,9765.303139623,9754.242886220227,9743.854679494876,9733.59928111241,9723.915001575511,9714.268027538294,9704.90221299369,9696.25882934904,9687.725054216275,9680.060211802358,9673.552686213141,9668.164479487788,9663.480199950889,9659.946424818125
9962.157153376585,9947.595527803704,9933.198744644737,9918.94358997558,9905.279612683069,9891.875303934887,9878.918267373148,9866.63327748883,9854.481095947398,9842.900033251533,9831.356276055349,9820.093678351777,9809.553511548162,9799.12295325643,9789.561327683547,9780.16454452458,9771.760235776397,9764.475245892078,9757.894183196211,9752.463624904482,9748.066841745514
10054.626223671294,10038.77022774372,10023.173900360478,10008.024845163678,9993.332826528616,9978.855818009239,9964.511617832744,9950.738536501818,9937.002760670572,9923.54814433194,9910.815958893263,9898.19338196647,9886.439737758525,9874.850935964498,9864.254608581254,9854.562589946192,9845.085581426812,9836.312500095884,9828.689923169093,9822.101121375064,9817.409102740005
10136.471331636109,10119.870898568965,10103.485475617505,10087.232861008928,10071.55136524592,10055.907174982589,10040.544144211875,10025.903544341116,10011.37255298224,9996.964138550158,9983.30207991013,9969.804863684021,9957.300121868695,9945.69968880155,9934.314265850087,9923.632770087077,9914.101778728203,9904.693364296121,9896.19614807001,9889.595715002868,9885.187300570786
10207.42554635094,10189.81220500308,10172.236169154898,10154.941292799333,10138.368847343721,10121.906010399995,10105.56575038306,10089.971846158182,10074.54278434722,10060.106196947043,10045.674351362191,10032.142072710194,10018.82480417388,10006.211462826019,9994.748625882294,9983.40836586536,9972.979304054397,9963.547458469546,9955.015179817552,9948.674919800618,9944.243074215767
10285.866289347405,10267.374722445484,10248.992764055445,10230.7333825922,10213.220356921009,10195.872173663738,10179.516464817249,10163.165497786085,10147.714097687776,10132.477707705153,10117.94524491098,10103.526123464668,10090.144165074631,10076.884783611387,10064.536600354113,10053.18563332295,10042.734233224644,10033.315111778335,10025.055730315089,10018.704763283926,10014.285641837614
10365.683061726435,10346.255475421482,10326.979705859258,10308.696410707815,10290.417857371698,10273.038870968436,10255.87489468086,10239.414845581732,10223.068137830467,10207.758593135477,10192.57162536728,10178.144039062327,10163.868269500099,10150.589716163982,10138.210729760724,10126.86402200946,10116.677054241261,10107.249467936308,10098.970914600191,10092.624206848926,10088.196620543973
10413.80263170499,10394.632171985486,10375.582725862721,10356.748289855643,10338.617781037014,10320.600613566245,10303.620609151752,10286.763181664053,10270.665135639598,10254.718906357866,10239.769893302248,10225.599433582745,10211.549987459983,10198.532819989217,10186.675392501516,10175.577346477061,10165.62833342144,10156.457873701938,10148.440706231171,10142.342660206716,10138.172200487212
10441.69541287176,10422.427055017539,10403.675864634086,10385.44466983614,10367.33605196499,10349.986815557082,10332.789395891898,10316.589192452826,10301.167542349871,10285.866905843657,10271.598547989439,10257.847357605986,10244.738739734832,10232.389503326924,10221.189299887852,10210.767649784897,10201.499291930677,10192.748101547224,10185.398865139316,10179.977215036359,10176.226024652908
10456.623606646628,10437.800038106665,10419.127233158795,10400.606244953648,10383.082472974615,10366.337254331698,10349.713049285521,10334.121122891342,10319.046363967926,10304.61417755681,10290.790609016849,10277.117804068977,10264.594032089944,10252.848813447028,10242.256887052845,10232.18212812943,10223.358559589467,10214.685754641598,10207.94053599868,10202.865777075265,10199.042208535304
10504.186176480252,10484.880558067125,10466.329721011081,10447.899897551777,10430.502352744468,10413.621975407925,10397.384170583682,10381.754983630593,10366.276560269594,10351.947169877434,10337.641551464307,10324.090714408263,10311.693169600952,10299.81279226441,10289.18360531132,10278.705181950323,10269.399563537196,10260.84872648115,10253.968349144609,10248.33916219152,10244.033543778392
10545.408686255127,10526.294697107565,10507.697875430771,10489.743626266278,10472.397994972936,10455.203127271687,10439.157292539276,10423.135229785896,10407.867948389601,10393.65150404935,10379.537514901787,10365.940693224995,10353.595061931654,10341.400194230404,10330.378131477026,10320.11085008073,10310.894405740477,10302.297584063685,10294.951952770345,10288.929890016965,10284.713445676714
10594.274608805224,10575.088795071979,10556.053744930825,10538.16772775851,10520.305482565223,10503.198018729025,10487.14139194887,10471.187220361402,10455.750216244705,10441.4100338048,10427.224220071554,10413.1891699304,10400.326924737117,10388.219460900917,10377.162834120758,10366.725830004061,10357.385647564157,10348.199833830913,10340.337588637629,10334.280961857474,10329.940779417568
10639.316207275533,10620.20548727303,10601.487303434327,10583.819956651667,10566.255065061696,10549.207340942496,10533.256438500086,10517.459904764335,10501.814134620678,10487.341169424892,10473.230449422388,10459.512265583682,10446.84491880102,10434.79719468182,10423.84629223941,10413.049758503663,10403.576793307875,10394.466073305372,10386.798726522711,10380.847824080302,10376.737104077798
10690.70015505348,10671.91914795899,10653.5904167453,10636.3585072084,10619.280966378159,10602.354189140013,10586.600216849736,10571.208489752744,10556.209298819547,10542.260944942396,10528.479937847906,10515.151206634217,10502.919297097316,10490.84175626708,10480.087783976802,10469.69605687981,10460.747703002658,10451.96669590817,10444.73478637127,10439.343059274277,10435.562052179786
10718.06052415694,10699.804733144629,10681.699705724413,10664.767483252066,10648.197505973005,10632.02006485774,10616.893460798517,10601.934203521958,10587.4272221262,10573.74897194413,10560.33881222516,10547.083021212853,10535.150798740506,10523.580821461444,10513.454217402223,10503.494960125665,10494.816709943596,10486.406550224625,10479.836572945564,10474.877315669002,10471.199065486933
10726.087714691213,10708.619548042236,10691.543917557052,10675.519124127914,10659.661677481436,10644.256506715761,10629.680067163772,10615.371718074886,10601.217737692661,10587.819548322743,10574.989136480479,10562.5209698315,10551.496176402361,10540.638729755885,10531.0622902039,10521.75394111501,10513.355751745094,10505.887585096114,10500.030138449636,10495.453698897649,10492.055509527732
10726.826733871398,10710.477612526294,10694.580767061996,10679.512652811381,10664.712629023872,10650.066973943021,10636.17710987448,10622.85502333359,10609.863348634966,10596.903507287363,10585.3870391596,10574.0379178145,10563.969803563888,10554.169779776375,10545.279915707833,10537.28824100921,10529.328399661605,10522.979278316503,10517.91116406589,10514.02129999735,10511.029625298725
10723.956197350833,10708.620453531217,10693.439078418258,10679.013494317609,10665.155687744611,10651.62829301388,10638.132731634169,10625.097011602062,10613.044823442191,10601.159982064983,10590.556147782265,10580.220403962643,10570.794819861994,10562.267425131262,10553.77186375155,10545.736143719441,10538.851302342233,10533.247468059511,10528.821883958864,10525.294489228132,10522.258769196023
10715.678524878436,10701.573819507918,10687.799525979666,10674.057065802433,10660.774446972806,10648.027548175285,10635.728461217894,10623.596721043165,10612.745987962926,10602.163345345783,10592.490862447614,10583.71656891936,10574.974108742128,10566.691489912499,10558.944591114978,10551.812850940249,10545.962117860006,10541.289634961839,10537.515341433585,10534.232722603956,10531.485823806435
10720.498780726104,10706.621767747867,10693.280474801735,10680.186080653126,10667.292599547125,10654.566465223787,10643.121337994939,10631.944301229187,10621.677424182406,10612.308736505543,10602.971882179701,10594.094869201463,10585.753576255333,10577.659182106723,10569.933047783383,10563.487920554531,10558.221043507754,10553.852355830892,10549.975342852653,10546.634049906523,10543.539655757912
10730.21093925491,10716.690198175549,10703.33680387885,10690.20954390549,10678.137156703282,10666.33285996417,10655.438722944029,10645.442775293806,10635.478660994604,10625.974388043005,10617.005835123515,10608.284181001545,10599.930786704845,10591.803526731484,10584.731139529273,10578.837002509137,10573.841054858915,10569.336781907316,10565.368228987825,10561.646574865854,10558.519314892494
10740.719862916376,10727.766206844655,10715.240163570725,10702.982210759892,10691.634417668029,10681.184813946085,10670.76704357516,10660.809114551841,10651.386905560628,10642.211595366938,10633.404544998515,10624.823628953434,10616.869972881712,10609.34392960778,10602.996136515922,10597.546532793978,10592.588603770657,10588.166394779446,10583.991084585754,10580.410168540671,10577.45651246895
10751.324082890082,10738.339648402147,10726.265373633181,10715.089288234134,10703.945036186107,10693.260625485686,10683.11193481737,10673.210142946577,10663.676610901051,10654.369213178868,10645.689075430044,10637.43655047901,10629.210068801905,10622.135794032945,10615.9597086339,10610.275297933476,10605.126607265163,10600.224815394367,10595.917417672183,10592.23727992336,10589.010798246258
10757.868577788477,10745.953098733422,10734.069453029388,10722.645648672958,10711.757564348638,10701.116378821836,10690.843453120304,10680.796661742115,10671.377130337283,10662.385211730241,10653.419336397132,10645.179942741124,10637.366274316157,10630.450795261104,10624.026990904675,10618.138906580354,10612.49772105355,10607.45092967536,10603.03139827053,10599.06552293742,10595.826129281413
10766.923297819718,10754.953465193934,10743.519352600259,10732.332138804102,10721.513184833215,10710.920365185671,10700.954805511483,10691.416858635086,10681.904955032622,10673.11953310726,10664.759836412937,10656.713808143582,10649.252300819175,10642.28246819339,10635.848355599715,10629.661141803555,10624.06832215601,10619.102762481825,10614.59085887936,10610.805436953999,10607.759408684644
10767.912642852456,10756.269120709552,10744.993858391916,10733.944730397625,10723.522862376689,10713.528607153543,10703.560395204331,10694.31866493222,10685.50265989115,10677.000323275048,10669.044014928299,10661.126199257144,10653.70005828461,10646.809637344188,10640.16611520128,10634.116987206986,10628.695119186053,10623.72690723684,10619.48517696473,10615.982840348628,10613.026532001879
10768.706796870034,10757.137880997076,10746.196225097472,10735.682181995657,10725.194182167777,10715.432664016998,10706.096871097261,10697.074746602491,10688.598650377073,10680.16104682725,10672.141258948583,10664.195330097382,10656.785121278292,10649.621811256717,10643.052895383753,10637.111239484153,10631.623239656272,10626.861721505495,10622.839597010725,10619.363500785306,10616.343712906639
10769.149397001986,10758.430159534346,10747.736965340642,10737.770252824039,10728.229265538475,10719.001946677881,10710.320656086638,10701.677858170991,10693.4528759265,10685.301752709473,10677.596558343648,10669.981155158734,10662.612650771334,10655.838540532546,10649.691690267122,10643.998496073415,10639.031783556813,10634.804464696219,10631.123174104976,10627.898191860484,10625.192997494658
10769.204484823107,10758.975110590673,10749.17146158928,10739.681481012854,10730.737528705782,10721.832069074304,10713.344425113983,10704.930640181125,10696.96278409947,10689.084719198725,10681.322057482896,10673.690891379665,10666.654119425048,10660.244607443792,10654.288751534255,10649.059377301823,10644.569396725397,10640.625444418325,10637.137800458002,10634.169944376346,10631.407282660515
10765.508242789621,10755.854835738925,10746.74745695758,10737.678570851831,10729.027500417238,10720.450289010108,10712.319006454183,10704.277515079166,10696.351426889065,10688.556834311563,10680.893407837291,10673.693209408404,10667.120270952877,10661.000988569069,10655.608187862365,10650.954780811668,10646.847402030324,10643.19633159573,10640.065049039802,10637.1389608497,10634.475534375428
10766.210730999715,10757.019924869855,10748.24693441115,10739.54780297991,10731.294600399875,10723.131189000747,10715.083180786536,10707.166668184924,10699.381321686542,10691.759401662432,10684.437283209434,10677.742424729797,10671.501222321878,10665.986501591064,10661.211174516255,10656.9818757108,10653.208885252096,10649.955682672058,10646.907674457845,10644.122327959463,10641.500407935353
10767.564721460343,10758.647924476147,10750.177056343156,10741.795979391072,10733.530305623906,10725.39612746934,10717.393115418,10709.553529840936,10701.83586428798,10694.296080282027,10687.383556249433,10680.92468828856,10675.192302004789,10670.199309377025,10665.752345018615,10661.761689006955,10658.290820873961,10655.025147106793,10652.022135055457,10649.18254947839,10646.464883925435
10769.558383073356,10761.086318783557,10752.729657678676,10744.504492186392,10736.410492797339,10728.479919882559,10720.671266991887,10713.040495648218,10705.449508310503,10698.445996940194,10691.896141641606,10686.072768020118,10680.98878805464,10676.450836358514,10672.369193009139,10668.807337538428,10665.450676433546,10662.356677044494,10659.42610412971,10656.61745123904,10654.026463901326
10770.134275647455,10761.925978258052,10753.84884697188,10745.93514215998,10738.14335737219,10730.529454131402,10722.955334896567,10715.472202999446,10708.485559732018,10701.952572536311,10696.146067017704,10691.078955155106,10686.557871561861,10682.493096315367,10678.948108947538,10675.608315945534,10672.531184659363,10669.61747984746,10666.825695059671,10664.251575824837,10661.768443927718
10770.2053379547,10762.31330626008,10754.543194589569,10746.950964466061,10739.398518348506,10731.920191465786,10724.458732685946,10717.493762535796,10710.98244845737,10705.197616056043,10700.152177310723,10695.652766834759,10691.609664705546,10688.086350454994,10684.768230570271,10681.71277240138,10678.820740706758,10676.050629036248,10673.498182918695,10671.019856035975,10668.558397256134
10771.298688438103,10763.743083875313,10756.227263318475,10748.763888879192,10741.32218755719,10733.897354338067,10726.969009748635,10720.494321230924,10714.746114390317,10709.737301205714,10705.274516290467,10701.268039721972,10697.781351032138,10694.499856708131,10691.48102409996,10688.625617966054,10685.89213185626,10683.376311299426,10680.912936860143,10678.47123553814,10676.046402319016
10771.039962723942,10763.725457399318,10756.44757763541,10749.191370988785,10741.952032445037,10735.20918253098,10728.919988688645,10723.357276523413,10718.533958014186,10714.256667774314,10710.435685881193,10707.134491866735,10704.038492218104,10701.205154285308,10698.535242826778,10695.98725139236,10693.6569255109,10691.342420186276,10689.064540422369,10686.808333775742,10684.568995231994
10775.998027062318,10768.933372702046,10761.890391459054,10754.86427831894,10748.334653808519,10742.25868536982,10736.90919860822,10732.299105502629,10728.235040666392,10724.627284176904,10721.53931556608,10718.656541321085,10716.036428791924,10713.579742737027,10711.244976706244,10708.95820210988,10706.841101632053,10704.739821711064,10702.675167350792,10700.6321861078,10698.606072967685
10779.667010016294,10772.776046565275,10765.901951217136,10759.52434449869,10753.600393851964,10748.40292488234,10743.944849568723,10740.03280252446,10736.577063826948,10733.641113008098,10730.910356555078,10728.44226181789,10726.094279609866,10723.789611346943,10721.606863108134,10719.472106303745,10717.507023617893,10715.557761488879,10713.64512492058,10711.754161469562,10709.880066121423
10784.491411049257,10777.535322512753,10771.075722605941,10765.06977877085,10759.790316612864,10755.25024811088,10751.256207878252,10747.718475992377,10744.700531985161,10741.887782343776,10739.30578915541,10736.75570122986,10734.32572583347,10731.939064382183,10729.674322955008,10727.457572962256,10725.410497088038,10723.379241770659,10721.384612013997,10719.411655374613,10717.455566838109
10791.113131245582,10784.551440450836,10778.44340572781,10773.061852681889,10768.419693291971,10764.323562171408,10760.683739397598,10757.563704502449,10754.648863973129,10751.964779896829,10749.312601083344,10746.71051019541,10744.178443911085,10741.689691571863,10739.322859256754,10737.004018376067,10734.854851613914,10732.721505408601,10730.624784764004,10728.549737236686,10726.491557812247
10796.74825061588,10790.520127185639,10785.0184854325,10780.256237335367,10776.040017507587,10772.280106026561,10769.039982424194,10766.005053187659,10763.200880404142,10760.428612883441,10757.70643328829,10755.05427829675,10752.434189589532,10749.825348543094,10747.338427520768,10744.899497932865,10742.630242463496,10740.376807550967,10738.159998199153,10735.96486196462,10733.786593832963
10799.998662350848,10794.547960652173,10789.836652609505,10785.67137283619,10781.962401409628,10778.773217861726,10775.789228679656,10773.035995950602,10770.314668484367,10767.64342894368,10765.042214006604,10762.473065353852,10759.915164361877,10757.466104416342,10755.030123448481,10752.642133915042,10750.423818500138,10748.221323642074,10746.055454344723,10743.911258164655,10741.783930087464
10802.701779061848,10798.222693564121,10794.289636335747,10790.812887454125,10787.855926451166,10785.104159814036,10782.583149629923,10780.094044708629,10777.655027712883,10775.286035320747,10772.949109212937,10770.623430765903,10768.355653310844,10766.13881591025,10763.93505748733,10761.779290498831,10759.79319762887,10757.822925315746,10755.889278563336,10753.977304928208,10752.082199395958
10806.135091315675,10802.247307471673,10798.815831974425,10795.904144355838,10793.19765110308,10790.721914303342,10788.267187687714,10785.823356150791,10783.429612539418,10781.105893531656,10778.814240808219,10776.533835745557,10774.311331674871,10772.13976765865,10769.981282620101,10767.870789015975,10765.929969530387,10764.004970601636,10762.116597233598,10760.249896982845,10758.400064834967
10812.444174768236,10809.053008087149,10806.18162928472,10803.51544484812,10801.055753664281,10798.6203256807,10796.20590788123,10793.802385160468,10791.448950365253,10789.16554017365,10786.91419626637,10784.674100019869,10782.491904765342,10780.360649565278,10778.24247334289,10776.172288554922,10774.271777885493,10772.3870877729,10770.539023221023,10768.712631786428,10766.903108454708
10818.126241184531,10815.207270817065,10812.49349481543,10809.945903250393,10807.438620501516,10804.955600952899,10802.493591588393,10800.042477302593,10797.641450942341,10795.310449185701,10793.011513713385,10790.723825901847,10788.494039082283,10786.315192317183,10784.149424529758,10782.031648176753,10780.083545942287,10778.151264264658,10776.255608147743,10774.381625148111,10772.524510251355
10824.22138968955,10821.460132844293,10818.865060435635,10816.310296843138,10813.762815999517,10811.23231560728,10808.722825399152,10806.224230269732,10803.775723065859,10801.397240465598,10799.050824149661,10796.715655494503,10794.438387831318,10792.212060222597,10789.998811591551,10787.833554394925,10785.837971316838,10783.85820879559,10781.915071835054,10779.9936079918,10778.089012251423
10829.8131687124,10827.244100713659,10824.715341531077,10822.19386509737,10819.689369115049,10817.205883316838,10814.731887726753,10812.25929700725,10809.836794213292,10807.484316022947,10805.163904116924,10802.854739871682,10800.603476618413,10798.403153419607,10796.215909198478,10794.076656411768,10792.107077743596,10790.153319632262,10788.236187081642,10786.340727648305,10784.462136317843
10835.393268751617,10833.03757560467,10830.6891652066,10828.357735259915,10826.03080129555,10823.720381532976,10821.419451978527,10819.119927294658,10816.870490536337,10814.691078381627,10812.54373251124,10810.407634301635,10808.329437084001,10806.302179920833,10804.288001735338,10802.321814984263,10800.525302351729,10798.74461027603,10797.000543761045,10795.278150363345,10793.572625068518
10846.022574603694,10843.85334689906,10841.691401943304,10839.546437438932,10837.40596891688,10835.28201459662,10833.167550484484,10831.054491242929,10828.991519926922,10826.998573214525,10825.03769278645,10823.08806001916,10821.19632824384,10819.355536522984,10817.527823779805,10815.748102471043,10814.138055280822,10812.543828647436,10810.986227574766,10809.450299619379,10807.931239766865
10852.93284815493,10850.930975537834,10848.936385669615,10846.95877625278,10844.985662818266,10843.029063585544,10841.081954560947,10839.136250406928,10837.240634178459,10835.415042553599,10833.621517213063,10831.839239533309,10830.114862845527,10828.441426212208,10826.781068556567,10825.168702335342,10823.72601023266,10822.29913868681,10820.908892701678,10819.54031983383,10818.188615068853
10864.920122140322,10863.254719043398,10861.596598695347,10859.955458798684,10858.31881488434,10856.698685171787,10855.08804566736,10853.478811033512,10851.919664325213,10850.430542220523,10848.973486400158,10847.527678240573,10846.139771072962,10844.802803959814,10843.478915824342,10842.203019123288,10841.096796540776,10840.006394515096,10838.952618050134,10837.920514702457,10836.90527945765
10876.542100841909,10875.3712436333,10874.207669173564,10873.061075165215,10871.918977139187,10870.793393314947,10869.677299698835,10868.5626109533,10867.498010133317,10866.503433916942,10865.54092398489,10864.589661713619,10863.696300434323,10862.85387920949,10862.024536962332,10861.243186149592,10860.631509455396,10860.03565331803,10859.476422741382,10858.938865282018,10858.418175925526
10888.768435978298,10887.497317107753,10886.23348098608,10884.986625315794,10883.74426562783,10882.518420141654,10881.302064863607,10880.087114456135,10878.922251974216,10877.827414095904,10876.764642501917,10875.713118568709,10874.719495627478,10873.776812740707,10872.847208831614,10871.965596356937,10871.253658000805,10870.557540201502,10869.898047962917,10869.260228841618,10868.63927782319
10899.07100675729,10897.677045762488,10896.290367516558,10894.920669722016,10893.555467909795,10892.20678029936,10890.867582897055,10889.529790365328,10888.242085759151,10887.024405756581,10885.83879203834,10884.664425980873,10883.547960915384,10882.482435904356,10881.429989871007,10880.425535272072,10879.590754791683,10878.771794868122,10877.989460505281,10877.228799259725,10876.485006117038
10907.906388797312,10906.457288563093,10905.015471077748,10903.59063404379,10902.170292992152,10900.766466142302,10899.372129500582,10897.979197729439,10896.636353883847,10895.363534641861,10894.122781684204,10892.893276387322,10891.721672082416,10890.601007831972,10889.493422559208,10888.433828720857,10887.543909001053,10886.669809838077,10885.83233623582,10885.016535750847,10884.217603368745
10916.685923433713,10915.032267400073,10913.385894115307,10911.756501281929,10910.131604430868,10908.523221781597,10906.924329340454,10905.326841769891,10903.779442124878,10902.30206708347,10900.856758326392,10899.42269723009,10898.046537125761,10896.721317075897,10895.40917600371,10894.145026365939,10893.050550846714,10891.971895884315,10890.929866482638,10889.909510198244,10888.90602201672
10932.52398453535,10930.51372947237,10928.510757158263,10926.524765295546,10924.543269415146,10922.578287736535,10920.622796266052,10918.66870966615,10916.764710991796,10914.93073692105,10913.128829134632,10911.338169008988,10909.605409875321,10907.923590796117,10906.25485069459,10904.63410202748,10903.183027478915,10901.747773487175,10900.34914505616,10898.972189742426,10897.612102531562
10947.268951235277,10944.984593428038,10942.707518369672,10940.447423762695,10938.191825138036,10935.952740715164,10933.723146500422,10931.49495715626,10929.316855737647,10927.20877892264,10925.132768391963,10923.06800552206,10921.061143644132,10919.10522182067,10917.162378974883,10915.267527563512,10913.542350270689,10911.832993534688,10910.160262359414,10908.50920430142,10906.875014346297
10957.408474597842,10955.105019752309,10952.808847655648,10950.529656010374,10948.254960347422,10945.996778886254,10943.748087633217,10941.50080125076,10939.303602793852,10937.176428940551,10935.08132137158,10932.997461463381,10930.971502547158,10928.996483685401,10927.03454380132,10925.120595351653,10923.376321020536,10921.64786724624,10919.95603903267,10918.285883936382,10916.632596942964
10963.502121224179,10961.2933556851,10959.091872894891,10956.907370556071,10954.72736419957,10952.563872044857,10950.409870098274,10948.25727302227,10946.154763871815,10944.122279324965,10942.121861062447,10940.132690460703,10938.201420850932,10936.32109129563,10934.453840717999,10932.634581574786,10930.984996550123,10929.35123208228,10927.754093175163,10926.178627385327,10924.620029698362
10968.092721127356,10965.978622726683,10963.871807074882,10961.781971874469,10959.696632656376,10957.62780764007,10955.568472831894,10953.510542894297,10951.50270088225,10949.564883473808,10947.659132349698,10945.764628886362,10943.928026414997,10942.142363998102,10940.36978055888,10938.645188554074,10937.090270667819,10935.551173338383,10934.048701569673,10932.567902918245,10931.103972369687
10974.478993327843,10972.429556052553,10970.387401526134,10968.362227451104,10966.341549358394,10964.337385467472,10962.342711784677,10960.349442972463,10958.4062620858,10956.53310580274,10954.692015804012,10952.86217346606,10951.090232120077,10949.369230828566,10947.661308514726,10946.001377635303,10944.511120874431,10943.036684670378,10941.59887402705,10940.182736501005,10938.78346707783
10983.392214352853,10981.728043587666,10980.071155571348,10978.43124800642,10976.795836423813,10975.176939042993,10973.567531870302,10971.95952956819,10970.40161519163,10968.913725418672,10967.457901930045,10966.013326102195,10964.626651266315,10963.290916484906,10961.96826068117,10960.693596311849,10959.58860606108,10958.499436367129,10957.446892233902,10956.41602121796,10955.402018304887
10992.440605010377,10990.835989445446,10989.238656629386,10987.658304264714,10986.082447882363,10984.5231057018,10982.973253729366,10981.42480662751,10979.926447451207,10978.498112878506,10977.101844590135,10975.716823962543,10974.389704326919,10973.113524745766,10971.850424142287,10970.635314973222,10969.589879922709,10968.560265429016,10967.567276496045,10966.595960680359,10965.641512967544
11003.142134165437,11001.316482221198,10999.498113025831,10997.696724281852,10995.899831520193,10994.119452960325,10992.348564608583,10990.57908112742,10988.85968557181,10987.2103146198,10985.593009952123,10983.986952945224,10982.438796930293,10980.941580969833,10979.457443987047,10978.021298438674,10976.754827008854,10975.504176135855,10974.290150823577,10973.097798628583,10971.922314536461
11024.27174687075,11022.140352252645,11020.016240383411,11017.909108965567,11015.806473530041,11013.720352296308,11011.643721270699,11009.56849511567,11007.543356886194,11005.588243260318,11003.665195918775,11001.75339623801,10999.899497549213,10998.096538914886,10996.306659258235,10994.564771035995,10992.992556932308,10991.436163385444,10989.9163953993,10988.41830053044,10986.937073764451
11048.422612635219,11045.983847640335,11043.552365394322,11041.137863599699,11038.727857787393,11036.334366176881,11033.950364774493,11031.567768242685,11029.235259636429,11026.972775633774,11024.742357915453,11022.523187857907,11020.361918792332,11018.251589781226,11016.154339747796,11014.105081148777,11012.22549666831,11010.361732744668,11008.534594381745,11006.729129136105,11004.940531993338
11074.646265020698,11071.580689281158,11068.522396290487,11065.481083751209,11062.444267194245,11059.423964839078,11056.413152692034,11053.403745415568,11050.444426064656,11047.555131317344,11044.697902854366,11041.851922052165,11039.063842241932,11036.32670248617,11033.602641708083,11030.926572364408,11028.420177139285,11025.929602470986,11023.475653363406,11021.04337737311,11018.627969485686
11096.519135086464,11092.77368182541,11089.045209015747,11085.3212321884,11081.61376956285,11077.915797145422,11074.219229598573,11070.572749977277,11066.996294959581,11063.45190622622,11059.918765153636,11056.44352507302,11053.019225046875,11049.608003998403,11046.244774384344,11043.051218888839,11039.864058618456,11036.686323679773,11033.545214301808,11030.425778041128,11027.323209883321
11129.063154822,11124.527795010183,11119.996931180684,11115.48258155298,11110.977722133399,11106.474267584397,11102.020900960948,11097.637558941098,11093.286283205585,11088.946255130846,11084.664128048078,11080.43294101978,11076.214832969154,11072.044716352942,11068.044273855285,11064.050226582747,11060.065604641912,11056.117608261795,11052.19128499896,11048.281829839001,11044.974942836847
11156.877249703832,11151.526243925784,11146.191752349532,11140.866750981402,11135.543154483852,11130.269645911854,11125.066161943458,11119.894744259396,11114.734574236109,11109.632305204792,11104.580976227946,11099.54272622877,11094.55246766401,11089.731883217804,11084.917693996718,11080.112930107334,11075.344791778669,11070.598326567286,11065.868729458778,11061.741700508075,11058.421558559527
11176.90251140063,11170.843810597073,11164.794600001635,11158.746794276776,11152.749076477472,11146.821383281767,11140.9257563704,11135.041377119804,11129.21489886118,11123.439360657027,11117.676901430543,11111.962433638477,11106.417639964962,11100.87924151657,11095.350268399878,11089.857920843904,11084.387246405215,11078.933440069399,11074.08220189139,11070.037850715533,11066.813641488226
11190.686372043936,11184.33362376961,11177.982280365864,11171.681024887672,11165.449794013079,11159.250629422822,11153.062712493338,11146.932696555828,11140.853620672786,11134.787623767414,11128.76961829646,11122.921286944056,11117.079350816775,11111.246840021196,11105.450954786334,11099.676742668757,11093.919398654052,11088.764622797155,11084.41673394241,11080.888987036216,11078.085449357328
11201.52193964195,11194.864900151457,11188.257948586515,11181.721021625173,11175.216160948168,11168.722547931935,11162.286835907677,11155.902063937885,11149.530370945764,11143.20666938806,11137.052641948909,11130.905009734879,11124.766802852551,11118.66522153094,11112.585313326614,11106.52227322516,11101.061801281516,11096.408216340022,11092.57477334708,11089.465539581442,11086.659843494694
11209.502812306175,11202.506382341115,11195.579976979654,11188.68563790253,11181.802546486178,11174.977356061801,11168.203105691891,11161.441934299652,11154.72875434183,11148.18524850256,11141.648137888411,11135.120452605965,11128.629392884235,11122.16000627979,11115.707487778218,11109.857537434455,11104.814474092842,11100.591552699781,11097.092840534026,11093.897666047158,11091.00818764704
11211.632097374704,11204.724358606323,11197.84868612228,11190.984261299009,11184.177737467711,11177.42215369088,11170.679648891723,11163.98513552698,11157.46029628079,11150.94185225972,11144.432833570356,11137.960440441706,11131.50972043034,11125.075868521848,11119.244584771166,11114.220188022633,11110.015933222652,11106.535887649978,11103.35937975619,11100.48856794915,11098.00723454223
11215.700585903769,11209.001609258656,11202.313880274316,11195.68405228195,11189.10516434405,11182.539355383822,11176.021537858012,11169.673394450752,11163.331646268614,11156.99932341818,11150.703626128461,11144.429601956026,11138.172445886465,11132.517857974713,11127.670157065111,11123.642598104063,11120.33924837032,11117.339436315462,11114.645320347354,11112.322016186285,11110.017378618295
11218.970411775019,11212.48457287334,11206.056634963634,11199.679637108395,11193.315718230828,11186.999790787679,11180.85353746308,11174.713679363602,11168.583246595828,11162.48943938877,11156.417305298995,11150.362039312095,11144.909341483004,11140.263530656062,11136.437861777675,11133.336402126592,11130.538480154395,11128.046254268947,11125.748144351608,11123.6267302732,11121.52398278787
11225.24308008304,11218.940418668879,11212.688697309184,11206.450054927162,11200.259403979557,11194.238427150502,11188.223845546569,11182.21868927434,11176.250158562825,11170.303300968595,11164.373311477239,11159.045890143692,11154.525355812293,11150.82496342945,11147.848780273911,11145.176134797259,11142.801411292803,11140.4344619029,11138.261628481105,11136.26549089824,11134.288019908456
11228.916649070648,11222.773090439632,11216.64261078629,11210.560122567364,11204.647308466989,11198.740889591734,11192.843896048185,11186.98352806535,11181.1448331998,11175.323006437122,11170.103747832256,11165.691376229535,11162.099146575372,11159.231126148512,11156.66664340054,11154.27480612922,11152.008245353443,11149.74945869222,11147.684787999104,11145.79681314492,11143.927504883814
11232.458288277017,11226.56446809322,11220.718639343839,11215.042484713007,11209.372725307298,11203.712391233292,11198.088682720001,11192.486647323994,11186.901480030861,11181.91888089554,11177.743168762363,11174.387598577745,11171.756237620428,11169.428414342,11167.165073811546,11165.00989600977,11162.979994703537,11160.957867511857,11159.129856288286,11157.478540903647,11155.845892112084
11237.591706922029,11232.100989224477,11226.779945645474,11221.465297291592,11216.160074269415,11210.891476807954,11205.644552463777,11200.414496222473,11195.78700813898,11191.966407057631,11188.965947924842,11186.689698019354,11184.544809071183,11182.572096844586,11180.663867365958,11178.86380061601,11177.189010361608,11175.521994221757,11174.049094050015,11172.752889717203,11171.47535197747
11243.556467742632,11238.606682158024,11233.663291798537,11228.729326770756,11223.831987303689,11218.956320953906,11214.097522706998,11209.841292617897,11206.391949530944,11203.76274839255,11201.634006386945,11199.729014475852,11197.955383522076,11196.353929289873,11194.81695780564,11193.388149050086,11192.084616790078,11190.788858644622,11189.687216467275,11188.762270128858,11187.85599038352
11249.340759588451,11244.6785495049,11240.025764753056,11235.409605561927,11230.815119488081,11226.23750151711,11222.262451703946,11219.09428889293,11216.746268030472,11214.52744830641,11212.679886576741,11211.056074941585,11209.563624263747,11208.243350307479,11206.987559099183,11205.839930619566,11204.817578635495,11203.803000765976,11202.982538864566,11202.338772802086,11201.713673332684
11253.444948535673,11249.085344905938,11244.762366836916,11240.46106188518,11236.176625036318,11232.494756345264,11229.619774656358,11227.412955778465,11225.358116038118,11223.432477436165,11221.878096828606,11220.54746631556,11219.34819675983,11218.321103925671,11217.358493839485,11216.504046481978,11215.774875620016,11215.053478872607,11214.526198093306,11214.175613152935,11213.843694805642
11256.770567893142,11252.82289836275,11248.896901949644,11244.987773639412,11241.681213486989,11239.18154033671,11237.056848875342,11235.22533853608,11233.545807334362,11231.995477271039,11230.816405202111,11229.861083227694,11229.037122210595,11228.385337915066,11227.798036367509,11227.318897548632,11226.965035225301,11226.61894701652,11226.46697477585,11226.49169837411,11226.535088565448
11259.85981312132,11256.370053237048,11252.897161455649,11250.02683783206,11247.963074360894,11245.89963773945,11244.211182806914,11242.815908996487,11241.572614323602,11240.458520789112,11239.715685249019,11239.196599803436,11238.808875315171,11238.593327548475,11238.442262529752,11238.39936023971,11238.481734445213,11238.571882765265,11238.85614705343,11239.317107180523,11239.796733900695
11261.728025648428,11258.705794184041,11256.286130877466,11254.23679119448,11252.623688040327,11251.010911735897,11249.773117120374,11248.828503626959,11248.035869271089,11247.37243605361,11247.080260830531,11247.011835701962,11247.07477153071,11247.309884081027,11247.609479379318,11248.017237406288,11248.550271928805,11249.091080565871,11249.826005171048,11250.737625615155,11251.66791265234
11264.859678626244,11262.824572263182,11260.869802593545,11259.285356547496,11258.13714703028,11256.989264362788,11256.216363384203,11255.736643527725,11255.408902808793,11255.210363228252,11255.38308164211,11255.779550150479,11256.307379616164,11257.007385803417,11257.771874738646,11258.644526402553,11259.642454562008,11260.648156836012,11261.847975078126,11263.22448915917,11264.619669833293
11269.549851855316,11268.167174600449,11266.864834039005,11265.932817101151,11265.437036692128,11264.941583132832,11264.82111126244,11264.993820514157,11265.318508903418,11265.772398431072,11266.597545953124,11267.646443569687,11268.826702143566,11270.179137439014,11271.596055482436,11273.121136254538,11274.771493522187,11276.429624904385,11278.281872254693,11280.310815443932,11282.358425226248
11275.090503688112,11274.346992759256,11273.683818523821,11273.390967911979,11273.534353828965,11273.67806659568,11274.196761051298,11275.008636629025,11275.972491344297,11277.06554719796,11278.529861046023,11280.217924988598,11282.037349888486,11284.028951509945,11286.085035879376,11288.24928297749,11290.538806571149,11292.836104279357,11295.327517955675,11297.995627470924,11300.68240357925
11283.449977282384,11283.269936903422,11283.170233217883,11283.440853155935,11284.147709622815,11284.854892939426,11285.937057944939,11287.31240407256,11288.839729337727,11290.496255741285,11292.524040139242,11294.775574631713,11297.158470081495,11299.713542252848,11302.333097172175,11305.060814820183,11307.913808963738,11310.77457722184,11313.829461448053,11316.892931997949,11320.124512063092
11289.204968146014,11289.559634756482,11289.994638060374,11290.799964987857,11292.041528444168,11293.283418750209,11294.900290745152,11296.810343862204,11298.872376116802,11301.06360950979,11303.626100897178,11306.412342379079,11309.329944818292,11312.364651807724,11315.454430968508,11318.608692877266,11321.871117514704,11325.25881864769,11328.654293895223,11332.243885110865,11335.842062650192
11294.916196232023,11295.462109853315,11296.088360168033,11297.08493410634,11298.517744573475,11299.950881890341,11301.75900089611,11303.860301023986,11306.11358028941,11308.496060693224,11311.187307704047,11313.94104610226,11316.918534594986,11320.027384045023,11323.25333804528,11326.53436421689,11329.879873136473,11333.333544784735,11336.912492928546,11340.499215186905,11344.280053413371
11299.052287583268,11299.801037398127,11300.63012390641,11301.829534038283,11303.465180698984,11305.101154209417,11307.112109408752,11309.416245730194,11311.872361189182,11314.457677786562,11317.160513980129,11320.054597184519,11323.011171776296,11326.191496462588,11329.503182106191,11332.931972300015,11336.415834665191,11339.964179778339,11343.620687620167,11347.402471957545,11351.19203040947
11302.11045188569,11303.110087501109,11304.190059809955,11305.64035574239,11307.526888203653,11309.413747514647,11311.675588514543,11314.230610636547,11316.937611896097,11319.68849769666,11322.524700094602,11325.478422088729,11328.62339109368,11331.83085148602,11335.262061972875,11338.824633417038,11342.504309411424,11346.239057577162,11350.038288490872,11353.945682133262,11357.9783522712
11305.817525755489,11307.004991772408,11308.272794482755,11309.91092081669,11311.985283679454,11314.05997339195,11316.509644793347,11319.197475194847,11321.940327718352,11324.835159379403,11327.773875581466,11330.79790838091,11333.939460776537,11337.27226018299,11340.66755097683,11344.286591865186,11348.03699371085,11351.904500106737,11355.827078673976,11359.814139989187,11363.909364033078
11309.772600843608,11311.152051933534,11312.611839716888,11314.44195112383,11316.7082990596,11318.974973845105,11321.616630319508,11324.308615392516,11327.188430867023,11330.123268463534,11333.210085197594,11336.340786472663,11339.556804345113,11342.890341813749,11346.415126293208,11350.002402160055,11353.813428121419,11357.75581504009,11361.815306508985,11365.92987014923,11370.108916537447
11313.547133293348,11315.09898974327,11316.731182886622,11318.73369965356,11321.172452949328,11323.611533094827,11326.283938454824,11329.098000289225,11331.962390722229,11335.014611556733,11338.12185451324,11341.381076607297,11344.684183242362,11348.072606474809,11351.578549303442,11355.275739142897,11359.03542036974,11363.0188516911,11367.133643969768,11371.365540798659,11375.652509798902
11315.907168572834,11317.829318059665,11319.831804239926,11322.204614043772,11325.01366037645,11327.82303355886,11330.693326595769,11333.736024992675,11336.920379863985,11340.155063333897,11343.577577205313,11347.055113198729,11350.684628329695,11354.358028001669,11358.116744271025,11361.992980136569,11366.060463012933,11370.190437276686,11374.544161634954,11379.029246950533,11383.631436816333
11320.080678861164,11322.388877392017,11324.7774126163,11327.536271464167,11330.422320508189,11333.617415884886,11336.812838111318,11340.069180192248,11343.497927633176,11347.068331548508,11350.68906406244,11354.497626977878,11358.361212015314,11362.376776190302,11366.436224906296,11370.580990219674,11374.84327512924,11379.296807049624,11383.8128303574,11388.552603759688,11393.423738119289
11323.049365825715,11325.57261293676,11328.176196741237,11330.891245321429,11333.86515274949,11336.966250373704,11340.376394330595,11343.786865137221,11347.258255798342,11350.902051819465,11354.687504314988,11358.523285409115,11362.546896904745,11366.625530522375,11370.856143277557,11375.130640573743,11379.490454467315,11383.967787957074,11388.636368457652,11393.367440345619,11398.322262328102
11327.901358324849,11330.61013453348,11333.342157853156,11336.154517866264,11339.078342655086,11342.261026291779,11345.570900124623,11349.189820290145,11352.809067305403,11356.489234175155,11360.341806404907,11364.336035109063,11368.38059241182,11372.61298011608,11376.900389942342,11381.339778906155,11385.823052410971,11390.391642513176,11395.077752211564,11399.955108920773,11404.894957017372
11331.542770274591,11334.310235103592,11337.286476141222,11340.285964289898,11343.365789132007,11346.557078749829,11350.007227215521,11353.584565877367,11357.470950871888,11361.357662716146,11365.305294414899,11369.42533147365,11373.687025006806,11377.999047138564,11382.498899671824,11387.053774327085,11391.760628119899,11396.511366453715,11401.347421384919,11406.300995912308,11411.445817450516
11334.50996742647,11337.344813859196,11340.447125120923,11343.75821259128,11347.092547172682,11350.50721844752,11354.033354498068,11357.818349396486,11361.730534491058,11365.951765918306,11370.17332419529,11374.45580232677,11378.910685818248,11383.50722578413,11388.154094348614,11392.9887933146,11397.878514402588,11402.920214628128,11408.00579939467,11413.176700758602,11418.465121718718
11337.815502154583,11340.746919948528,11344.013184175197,11347.54691323087,11351.289418495171,11355.055170870517,11358.901259939299,11362.858813783792,11367.075226476154,11371.418829364671,11376.071478585864,11380.72445465679,11385.438350582215,11390.324651867639,11395.352609627464,11400.430895985894,11405.697012745824,11411.018151627757,11416.49126964724,11422.008272207728,11427.610591365605
11340.705459271043,11343.683259117715,11347.092476758335,11350.836540831677,11354.848069734024,11359.068374844997,11363.311927067018,11367.635815982474,11372.07116967364,11376.765382212676,11381.586784947865,11386.717234015732,11391.848009933332,11397.03970570543,11402.403806837527,11407.909564444026,11413.465650649128,11419.209567255733,11425.00850598434,11430.959423850496,11436.954226257658
11343.002387834254,11345.991130793289,11349.457673598998,11353.355634198651,11357.588441231028,11362.088713092411,11366.79776116242,11371.530056343476,11376.342688217966,11381.266784868169,11386.449740366239,11391.759886060465,11397.379078087366,11402.998596964002,11408.679035695135,11414.531879786267,11420.526380351801,11426.57120951594,11432.80386908158,11439.091550769223,11445.531211594413
11345.836156444337,11348.863983805959,11352.380554126616,11356.374924293947,11360.800712255223,11365.561346649221,11370.589445872227,11375.826321303857,11381.086443846536,11386.426903082649,11391.878827094473,11397.589609954166,11403.427583010014,11409.574602398538,11415.721948636796,11421.930214729551,11428.310886182306,11434.833214109462,11441.405870635223,11448.166357562484,11454.98186661175
11350.155364771765,11353.257084670991,11356.88663193184,11361.004922151722,11365.60101221828,11370.628520078782,11375.990874372006,11381.620693494238,11387.459288825095,11393.321131267001,11399.263310402339,11405.31695431339,11411.62945707231,11418.069150027384,11424.817889315133,11431.566955452618,11438.3769414446,11445.359332796581,11452.483380622962,11459.65775704795,11467.019963874438
11353.952163050268,11357.104654451294,11360.858865751547,11365.140904413422,11369.91168603433,11375.160267501913,11380.840266763444,11386.855112457693,11393.137422980952,11399.628509712835,11406.142843555766,11412.737514092132,11419.44364940421,11426.408643564155,11433.500827920256,11440.90205860903,11448.303616147541,11455.766093540551,11463.400976293558,11471.177515520965,11479.004383346979
11359.210131807673,11362.412377373985,11366.26711434132,11370.723571207885,11375.707855436072,11381.180882623292,11387.131709657186,11393.513954485028,11400.23104574559,11407.21560183516,11414.408934133353,11421.625513542596,11428.922429645274,11436.330810523663,11443.998050249918,11451.792480172331,11459.895956427417,11467.99975953224,11476.16448249156,11484.366728057872,11492.703856377191
11363.5059642196,11366.662688648581,11370.521658643876,11375.033120040196,11380.146301335742,11385.787309992913,11391.917061609114,11398.524613071992,11405.563582328818,11412.93739801836,11420.578678536915,11428.428735264091,11436.302039102316,11444.255679633978,11452.32078494135,11460.477509370332,11468.801473525571,11477.252627876967,11486.012828561035,11494.773356094842,11503.594803483145
11368.159011008072,11371.362574363617,11375.222862148143,11379.78539549898,11385.000420250844,11390.817164901933,11397.161736914648,11403.995051886393,11411.306166704813,11419.048699317183,11427.12607836227,11435.329641717814,11443.674485591911,11452.22810567463,11460.8049728684,11469.462176755604,11478.23084541852,11487.091133203046,11496.118660713828,11505.273378420768,11514.73714246038
11376.124431999842,11379.209981733555,11382.999094822813,11387.444932341052,11392.593015425602,11398.393589911178,11404.795884295982,11411.726006042409,11419.144870747867,11427.0415353,11435.127085033713,11443.455167379796,11452.118096158596,11460.907209247853,11469.837602855663,11478.976772672095,11488.139189599578,11497.381943220495,11506.736161617124,11516.181999135364,11525.795076379858
11386.396749805113,11389.504416544132,11393.197633016864,11397.59441284514,11402.647917102397,11408.403666925964,11414.81190815056,11421.821869274381,11429.359657759825,11437.386189204302,11445.493855943321,11453.998187234472,11462.691403707204,11471.627152792305,11480.897748310123,11490.294528138398,11499.832588485227,11509.579425040676,11519.349508707179,11529.199929067112,11539.16181420276
11393.282152614136,11396.307365373841,11399.940244872563,11404.158674105,11409.080666692978,11414.659383709939,11420.940346293211,11427.87380027751,11435.408974161037,11443.43418692074,11451.49718816589,11460.04893237007,11468.681811868793,11477.711355919648,11486.929785152084,11496.390746996889,11506.18655527441,11516.10854786239,11526.171820968922,11536.443870284076,11546.739166710282
11398.932937785581,11401.907611611205,11405.407498196531,11409.515051520877,11414.208154578937,11419.60482099254,11425.658211835123,11432.41384824402,11439.821976053941,11447.796649879565,11455.806497588716,11464.306384174042,11472.844059244815,11481.870477274619,11490.978030598966,11500.482248475444,11510.175351533504,11520.110987203932,11530.381469307076,11540.77813572068,11551.316082652836
11404.962445780213,11408.065231586208,11411.642691217825,11415.745363609145,11420.455702739486,11425.751591603539,11431.751043823135,11438.407220471714,11445.765642686603,11453.776556302519,11461.879342108514,11470.45680174013,11479.069435255275,11488.172107646596,11497.312568523363,11506.94177235916,11516.6521114895,11526.759115171973,11537.055004036027,11547.593425512448,11558.466693421587
11410.342490460886,11413.41598751158,11417.092270368268,11421.24322705058,11425.919396492593,11431.203232673628,11437.072618588374,11443.645567858664,11450.875241557937,11458.80716082352,11466.880657874215,11475.465068540823,11484.141351397513,11493.292308079823,11502.478438645661,11512.154608087676,11521.868566015137,11532.071266901627,11542.355103082662,11553.03560381583,11563.904989730576
11413.756088096823,11416.849959094969,11420.51732714381,11424.787480998646,11429.532308679105,11434.802349119265,11440.680056298448,11447.143313211342,11454.31013347978,11462.133678177199,11470.227549175346,11478.753339439078,11487.42070748792,11496.598989152675,11505.86914300751,11515.613970687968,11525.393972251954,11535.664012692116,11545.971841617724,11556.768413502361,11567.646120681544
11422.979787288932,11425.993835514013,11429.60175473724,11433.783171011164,11438.56737309108,11443.82624899662,11449.610337661861,11456.002093066125,11462.979398204101,11470.66026669762,11478.6743149227,11487.0119078452,11495.61982706843,11504.659665557243,11513.841081831166,11523.533411721002,11533.317613800918,11543.576489706458,11553.870539495525,11564.654628160768,11575.476505311457
11430.101405409134,11432.97330765624,11436.359258128427,11440.33907959876,11444.89239811979,11450.048502446813,11455.679280599457,11461.835271511805,11468.598929163174,11475.948136548257,11483.820038795362,11491.872809535987,11500.258760008173,11508.96825517778,11517.948076648116,11527.359817384035,11536.913135905063,11546.977368042006,11557.133472369027,11567.764250521674,11578.430202557845
11435.672979527179,11438.440548213423,11441.580019146775,11445.233538305205,11449.480928461782,11454.301815669056,11459.725488682323,11465.623835521212,11472.047395119804,11479.078621457416,11486.695397528743,11494.462966214987,11502.602437148336,11510.922776575206,11519.576295733636,11528.553359589487,11537.800749746066,11547.480059168229,11557.300946375502,11567.63274719869,11578.056420211955
11441.64407600413,11444.30840561178,11447.240303905675,11450.544104446679,11454.36195321276,11458.773672976988,11463.758889791912,11469.34689241283,11475.40956885937,11481.997458065613,11489.193014010876,11496.857343618527,11504.638449297505,11512.5703475914,11520.8741481324,11529.35881716692,11538.176665933,11547.318059396503,11556.729779160733,11566.573418190546,11576.558635005471
11445.999789301868,11448.611200045536,11451.386940396857,11454.43024943442,11457.845460719092,11461.774720228843,11466.297850736739,11471.394478295333,11477.09389165992,11483.267978850128,11489.96727880004,11497.274245488974,11504.885656232642,11512.661396583962,11520.55391300661,11528.597222044173,11537.012433328842,11545.60851310703,11554.53777261678,11563.790576823953,11573.31370733185
11453.177515528472,11455.588092205246,11458.110079625687,11460.79639665378,11463.750282368117,11467.076070329564,11470.915906516087,11475.349613700757,11480.356817936125,11485.966807977486,11492.051471844467,11498.661348471152,11505.87889183686,11513.289468513633,11520.811455934074,11528.497772962168,11536.300866061589,11544.254751775925,11552.580539737368,11561.08719619233,11569.927032378853
11460.1174809319,11462.599968203574,11465.171878798476,11467.765776813816,11470.524004436811,11473.549800746046,11476.947499302394,11480.859246083819,11485.364863863388,11490.443978693656,11496.125879329918,11502.282453791799,11508.964241013386,11516.253694973992,11523.736182245666,11531.308092840567,11538.901990855908,11546.660218478903,11554.535222173223,11562.56101848246,11570.958717038804
11466.450321830456,11469.02568039346,11471.61855168479,11474.28333357102,11476.97010287769,11479.821201792016,11482.939869392581,11486.43043924026,11490.435057313014,11495.033546383913,11500.20553250551,11505.980304433102,11512.229750186312,11519.00440869923,11526.386733951165,11533.96209251417,11541.554963805498,11549.21974569173,11556.9065149984,11564.757613912725,11572.725488898375
11471.181460057287,11473.815957148734,11476.525812803184,11479.25318118596,11482.052460163635,11484.873726561753,11487.859322567523,11491.112487259536,11494.737554198658,11498.87666936286,11503.609655525204,11508.916138738248,11514.825407757286,11521.209350601943,11528.118506206305,11535.635328549688,11543.269825641133,11550.979681295585,11558.707049678358,11566.506328656036,11574.327595054152
11473.986213410582,11476.761036903607,11479.670357488076,11482.655036635548,11485.657228511349,11488.731330982046,11491.827420873185,11495.087840371978,11498.615828557015,11502.51571898916,11506.929657646384,11511.937467301752,11517.518774007818,11523.702866519878,11530.361632857559,11537.545611954944,11545.320435447966,11553.112081284373,11561.02140186884,11569.006081016314,11577.00827289211
11476.579304147603,11479.24392659626,11482.183372537942,11485.257315571069,11488.406617167198,11491.573431491657,11494.81215641101,11498.072868750807,11501.497910698257,11505.190521331951,11509.255034212754,11513.833595318636,11519.006027422662,11524.751956577385,11531.1006715381,11537.92406032444,11545.272661870482,11552.93728431914,11560.87673026082,11568.832998545884,11576.906941579009
11477.63556242055,11480.339786353597,11483.208632735303,11486.35230261003,11489.630469576205,11492.98399510538,11496.355033362886,11499.797982215287,11503.26291848813,11506.892184368628,11510.78901893537,11515.057755749218,11519.840540788147,11525.217196825219,11531.16734991299,11537.720288806753,11544.747901526138,11552.300727005228,11560.004950938275,11567.873797319979,11576.017467194706
11481.717520535387,11484.548732638856,11487.584168675372,11490.784227160546,11494.259109138744,11497.868488208387,11501.553225841031,11505.255476202006,11509.029637157877,11512.825785534189,11516.786263518155,11521.014310188368,11525.614259105685,11530.728256248083,11536.436124388623,11542.717489579865,11549.601640577097,11556.96046539995,11564.79167750342,11572.67571508598,11580.711151122496
11485.058040289468,11487.818736362302,11490.910644538606,11494.206776647956,11497.667531205965,11501.403109256997,11505.273184399475,11509.218618104953,11513.181564538761,11517.216421567467,11521.273266016613,11525.494440073415,11529.98318281646,11534.843827806613,11540.218521021845,11546.187085235219,11552.729146499296,11559.873993569361,11567.49351446505,11575.254210537883,11583.346118714187
11488.278477633437,11491.125073837138,11494.232366113674,11497.67087049368,11501.313598806732,11505.120949568442,11509.203123823174,11513.419795169355,11517.711825078533,11522.021367716043,11526.402820948451,11530.806261601298,11535.374031861802,11540.209370808549,11545.416612002402,11551.137901421336,11557.45306183841,11564.341719306189,11571.833162579956,11579.679758783657,11587.645875883049
11491.20757086473,11494.03390161661,11497.206828572193,11500.64045160061,11504.405286732495,11508.374345797429,11512.508027311022,11516.916532317635,11521.459534415697,11526.077895076756,11530.713768466147,11535.421552450436,11540.151323855163,11545.045424867549,11550.207094566176,11555.74066651191,11561.788286682726,11568.429777851681,11575.64476607134,11583.46254009699,11591.288870848872
11492.513754188145,11495.346802878817,11498.506182321371,11502.012157967625,11505.778829686715,11509.876713509271,11514.178821264877,11518.645551469142,11523.387105166428,11528.263155955163,11533.214565306895,11538.183487386957,11543.224320061918,11548.287140157317,11553.514289860375,11559.009008249675,11564.875628886082,11571.25629774757,11578.230837607196,11585.778874517528,11593.6119232082
11493.13972654708,11496.058957652585,11499.311237448761,11502.88984799682,11506.815054748577,11511.000957573171,11515.51807250123,11520.239411362341,11525.12537267211,11530.2861574749,11535.58143936914,11540.952079826375,11546.340233011942,11551.800296792406,11557.28234799331,11562.928728801871,11568.842678296676,11575.128530038586,11581.928430005579,11589.322200970708,11597.241432076213
11493.67271145502,11496.61887613727,11499.984271925026,11503.682716403455,11507.707491633764,11512.078863067773,11516.71093057462,11521.67421018493,11526.841713728292,11532.173839720313,11537.780789205355,11543.522235781846,11549.339040921333,11555.173358789152,11561.079587251867,11567.007803135022,11573.100348625836,11579.460462802892,11586.192479227053,11593.438543876298,11601.278479523678
11500.07146381762,11502.674080172077,11505.722861208784,11509.190873350997,11512.991934183883,11517.11932576865,11521.593313557116,11526.327997418419,11531.393893383187,11536.664013281006,11542.098755627485,11547.808321466984,11553.65238439793,11559.571805891876,11565.508740114152,11571.517584931324,11577.548417168937,11583.743579014206,11590.20630954572,11597.040942324338,11604.389623328041
11506.488466463205,11509.026739292749,11511.667628476749,11514.754682343,11518.260967314758,11522.100300977187,11526.265965391498,11530.778226009508,11535.551182700354,11540.655351494666,11545.96374422203,11551.436759398051,11557.184598067095,11563.066933827586,11569.024628151074,11574.999835202894,11581.04695284961,11587.116057916766,11593.34949259158,11599.850495952638,11606.7234015608
11515.501659573758,11517.965479919836,11520.467573095457,11523.072282625535,11526.123156837863,11529.593262155699,11533.396416164203,11537.525900924593,11542.00198188868,11546.738758925603,11551.806748065994,11557.078961139434,11562.515796661533,11568.227455676653,11574.073611783222,11579.995126452786,11585.934153850685,11591.945091843478,11597.978017256712,11604.175272277602,11610.640095984738
11520.325828406054,11522.750818228307,11525.211987704482,11527.675250356278,11530.241129362532,11533.253173051035,11536.684447845046,11540.448771329726,11544.53942556629,11548.976676006552,11553.674622519651,11558.703781136217,11563.937163685832,11569.335168684105,11575.0079971754,11580.815322758144,11586.698006903884,11592.598203777958,11598.570311246925,11604.564406136335,11610.7228306334
11525.208594197422,11527.599498142326,11530.026581741151,11532.455758515598,11534.921672638247,11537.453465767152,11540.431423578304,11543.828612494965,11547.558850102296,11551.61541846151,11556.018583024423,11560.682443660171,11565.677516399388,11570.876813071653,11576.240732192575,11581.879474806521,11587.652714511914,11593.501312780305,11599.367423777028,11605.305445368647,11611.265454380706
11529.812468684268,11532.228361845682,11534.680434661017,11537.134600651974,11539.625503991132,11542.150493207642,11544.707275553057,11547.71022258072,11551.13240071389,11554.887627537732,11558.969185113456,11563.397338892879,11568.086188745136,11573.106250700863,11578.330536589638,11583.71944492707,11589.383176757527,11595.18140567943,11601.05499316433,11606.946093377563,11612.909104185692
11532.971082241107,11535.424193251061,11537.913483914937,11540.404867754434,11542.932988942133,11545.470206790673,11548.032413855724,11550.626414049679,11553.666578925882,11557.125974907593,11560.918419579975,11565.037195004239,11569.502566632202,11574.228634333,11579.285914137266,11584.547417874583,11589.973544060555,11595.674493739552,11601.509940509995,11607.420745843438,11613.349063905209
11535.489943102431,11538.00270018251,11540.551636916507,11543.102666826126,11545.66231289625,11548.25008015407,11550.846944072731,11553.468797207906,11556.122443471982,11559.222254418308,11562.741296470142,11566.593387212646,11570.771808707032,11575.296826405116,11580.082540176038,11585.199466050426,11590.520615857864,11596.00638811396,11601.766983863079,11607.662076703644,11613.63252810721
11538.445869785386,11541.02124938104,11543.60938605677,11546.233702386422,11548.860111891694,11551.495137557471,11554.158284410945,11556.83052792526,11559.527760656089,11562.256786515818,11565.431977057797,11569.026398705284,11572.953869043442,11577.20767013348,11581.808067427219,11586.669160793794,11591.861466263836,11597.257995666927,11602.819147518676,11608.655122863449,11614.625595299667
11541.24033356394,11543.7983928647,11546.431831761116,11549.078027737609,11551.76040336802,11554.444872174054,11557.137957140592,11559.859163294828,11562.589466109905,11565.344758141493,11568.131843301984,11571.365093144725,11575.017574092974,11579.003103731893,11583.314964122692,11587.973420717191,11592.892573384528,11598.142938155332,11603.597526859185,11609.216738011693,11615.110772657228
11543.564888817522,11546.214064720221,11548.92129992368,11551.703914722795,11554.499286601987,11557.330838135096,11560.16448284383,11563.006743713067,11565.877125770001,11568.756604487777,11571.661072422063,11574.597333485253,11577.979759230693,11581.78141608164,11585.916121623259,11590.377157916755,11595.184790413954,11600.25311898399,11605.652659657491,11611.256424264044,11617.02481131925
11545.9631694469,11548.586258436075,11551.358523327948,11554.188847520583,11557.094551308872,11560.013012177238,11562.967652699523,11565.92438639743,11568.889736255844,11571.883207301951,11574.885775008901,11577.913331932363,11580.972681984727,11584.478196719343,11588.402942559464,11592.660737090257,11597.244862372929,11602.175583859302,11607.367001418512,11612.889631081189,11618.616484676915
11547.585314944667,11550.236427598664,11553.010629241833,11555.934006787702,11558.915443634332,11561.972260076618,11565.04183359898,11568.14758677526,11571.255433127164,11574.371895639573,11577.516479339676,11580.670159700621,11583.84882927808,11587.05929198444,11590.715919373051,11594.791777867167,11599.200685051957,11603.935922988625,11609.017757128993,11614.3602873422,11620.034029658873
11555.062055985738,11557.549938932569,11560.188934533398,11562.951019123399,11565.862279616098,11568.83159940956,11571.876298798677,11574.93375526787,11578.02739139098,11581.123120689717,11584.227466148957,11587.359932795891,11590.501496103667,11593.668048627958,11596.866394281149,11600.51090461659,11604.57464605754,11608.97143618916,11613.694557072658,11618.764274159857,11624.094687319897
11560.531508200926,11563.023875840783,11565.52836053381,11568.171840827667,11570.938410110693,11573.85415529642,11576.827959782908,11579.877143865053,11582.93908502727,11586.037205843408,11589.137419835171,11592.246249987438,11595.383201327399,11598.529249328201,11601.70028654552,11604.903116891737,11608.552111920204,11612.62033805418,11617.021612878827,11621.749218455352,11626.823420235578
11564.909064511203,11567.508669031986,11570.11590591291,11572.72762748686,11575.47834466164,11578.35215082559,11581.37513289224,11584.456174259652,11587.612595222721,11590.781773265862,11593.987130962923,11597.19458183561,11600.410648868801,11603.654837089685,11606.908121971412,11610.186396069654,11613.496463296795,11617.252695206185,11621.428158221084,11625.936669926657,11630.771512384106
11567.721610562508,11570.500301110176,11573.378596178627,11576.264523607219,11579.154935728837,11582.184343451287,11585.336840162905,11588.638512777223,11591.998244692302,11595.433356203039,11598.881224793848,11602.365273038577,11605.851414458932,11609.34617203979,11612.869050808342,11616.401026237736,11619.957990883646,11623.546748658455,11627.581671115513,11632.03582467808,11636.82302693132
11570.778021427945,11573.409763415273,11576.32019595027,11579.33023300605,11582.34790242197,11585.370056530917,11588.531206240697,11591.815444939644,11595.24885954129,11598.7403334437,11602.307186941765,11605.886797519903,11609.502587751962,11613.120471159646,11616.746970727832,11620.401591483715,11624.065308900437,11627.754015533676,11631.474515295815,11635.641179740202,11640.227075290097
11573.322600524256,11575.951682800322,11578.712507063716,11581.752021874778,11584.891141206625,11588.03789289861,11591.189129283623,11594.479361269468,11597.89268224448,11601.455179122191,11605.075735300667,11608.771671074797,11612.480363929,11616.225236437125,11619.972202120874,11623.727783965127,11627.511486997075,11631.304286689863,11635.122075599167,11638.971657637372,11643.267404357824
11575.255125195386,11578.071611123956,11581.017179328592,11584.094489520556,11587.450490260188,11590.906095520604,11594.36933314116,11597.837055454742,11601.443773369157,11605.17358027274,11609.052563079022,11612.989605186067,11617.002026888767,11621.02720567154,11625.088564108235,11629.152015720554,11633.224083493376,11637.324272453894,11641.433558075252,11645.567832913126,11649.7339008799
11577.273627886292,11580.00923215542,11583.06132235312,11586.242494826884,11589.555409287976,11593.147014296736,11596.838223826282,11600.537065715966,11604.240392298676,11608.082714482221,11612.048125654932,11616.162712730342,11620.335359106515,11624.583385078346,11628.844168130247,11633.14113083607,11637.440186717518,11641.747858759469,11646.083651989115,11650.4285418796,11654.798420986604
11578.99889842308,11581.726035015805,11584.68877587766,11587.968002668083,11591.376311734573,11594.91636278839,11598.735104389876,11602.653450512149,11606.579428994557,11610.509892169994,11614.579350946264,11618.7718987117,11623.113622379835,11627.513405348735,11631.988567913291,11636.476487557917,11641.000586856466,11645.52677933064,11650.061587965316,11654.624517787686,11659.196544270899
11584.185597208476,11587.06507924987,11590.171697883989,11593.513920787238,11597.172629619057,11600.96042072694,11604.879953822152,11609.078177465033,11613.3760056287,11617.681466152502,11621.991411369332,11626.440352186997,11631.012381993829,11635.733587703357,11640.512852713651,11645.367497319603,11650.234899005622,11655.138480345566,11660.044154861134,11664.958445537204,11669.90085740097
11587.507333287327,11590.338838988235,11593.549826730537,11596.987951065563,11600.66167966972,11604.651894202447,11608.771191011238,11613.022229807357,11617.551959151147,11622.181293015721,11626.818259240432,11631.45971015817,11636.240156676742,11641.143692184482,11646.196403594917,11651.30717430612,11656.493324612979,11661.692231999907,11666.927319040758,11672.164499257235,11677.410295634212
11590.102030474465,11592.779669689977,11595.788814606398,11599.177441564212,11602.793205114749,11606.64457293442,11610.812426682658,11615.10936270696,11619.538040718593,11624.245409277895,11629.05238235798,11633.866987798205,11638.686077931454,11643.64416366554,11648.725338388791,11653.955689014738,11659.244098941454,11664.607888463825,11669.984435066264,11675.39716132263,11680.811980754617
11593.406811135934,11596.221998069563,11599.214824218701,11602.539156068751,11606.242969960194,11610.17392044436,11614.34047519766,11618.823515879527,11623.435638837458,11628.17950378272,11633.20205927565,11638.324219289365,11643.454011663218,11648.588288730096,11653.86156139781,11659.25792305469,11664.803460614266,11670.407057474611,11676.086033930611,11681.77776746668,11687.505680656674
11596.38150700566,11599.237954869108,11602.409589666182,11605.758863678766,11609.439643392261,11613.49990514715,11617.78730349476,11622.310306111505,11627.14979465682,11632.118365478196,11637.218678286903,11642.59768164328,11648.076289520439,11653.562529757737,11659.053254688062,11664.682975219222,11670.435784739548,11676.337770162569,11682.297814886359,11688.333239205804,11694.381420605318
11597.620683295167,11600.486694761601,11603.70915409148,11607.24680035499,11610.962085834008,11615.008877013937,11619.43515023526,11624.088560049306,11628.977574132483,11634.183074144232,11639.517656432043,11644.983980707184,11650.728995529995,11656.573614873589,11662.42586657732,11668.282602974079,11674.278334971674,11680.397155958433,11686.665152847889,11692.991209038111,11699.39264482399
11602.674436305546,11605.47738059723,11608.64633635535,11612.171739976915,11616.012330532109,11620.030560302812,11624.380295774426,11629.109513287434,11634.065867393165,11639.257825768027,11644.76627007146,11650.403796650957,11656.173065217783,11662.221024332279,11668.368587967558,11674.523783962974,11680.683464651418,11686.982140940698,11693.403906219142,11699.974847400283,11706.60384788219
11606.214105766756,11608.84072320729,11611.770284939506,11615.06585813816,11618.717879200256,11622.685087195981,11626.829934407218,11631.306287319365,11636.162122272906,11641.245093819169,11646.563669634565,11652.19873137853,11657.96287539856,11663.858761405918,11670.033337960946,11676.307519036758,11682.589332472706,11688.875630601684,11695.300924331495,11701.849307050474,11708.546865672146
11613.966471595262,11616.638243206506,11619.436632258283,11622.537965601745,11626.005310411641,11629.829103084981,11633.968082691952,11638.284701514433,11642.932826037822,11647.960432602607,11653.215175760115,11658.705523186754,11664.512356541964,11670.448272173237,11676.51592979184,11682.862277958111,11689.308230645167,11695.76181569236,11702.219885432582,11708.816950773637,11715.537105103858
11620.412894950408,11623.015489719082,11625.789856099002,11628.690839919453,11631.89476803159,11635.464707610163,11639.391095052177,11643.632669427823,11648.051883018978,11652.802602311043,11657.932803644504,11663.290141570686,11668.883083766,11674.792511889884,11680.831022289833,11687.00127467711,11693.450217612057,11699.998765067789,11706.554944883655,11713.115609392553,11719.815269502282
11625.795626396437,11628.410097895452,11631.127164163141,11634.016002042075,11637.031457361543,11640.349856972696,11644.034268050284,11648.075126991313,11652.431172865976,11656.964857956145,11661.830048747226,11667.074721579702,11672.5465310049,11678.25394469923,11684.277844322129,11690.430826221093,11696.715550107387,11703.278964541349,11709.941983496095,11716.612634810977,11723.287770818892
11631.515852913313,11634.335901992854,11637.270422571408,11640.307537918638,11643.516424877113,11646.851929276121,11650.490377966815,11654.494838123941,11658.85574614451,11663.531841098715,11668.385575268425,11673.570815139044,11679.135537051061,11684.9273955558,11690.954858329671,11697.298807032108,11703.771838010613,11710.376610976447,11717.26007448995,11724.243142524236,11731.233842918658
11633.93228376752,11636.68362630223,11639.755017916481,11642.940881029746,11646.229338911686,11649.68956840487,11653.276415338589,11657.166206563992,11661.422009255828,11666.034259811107,11670.961697300021,11676.066774004441,11681.50335640977,11687.319420856496,11693.362621895945,11699.641427204528,11706.236718441674,11712.961091954889,11719.817207455433,11726.952013503646,11734.18642407264
11637.475186542018,11640.054576647195,11642.885309287081,11646.036091006508,11649.30134422495,11652.669192212066,11656.208811810428,11659.875048849322,11663.844230179902,11668.179422976915,11672.87106363737,11677.877891231461,11683.062358041057,11688.578330551563,11694.473785103466,11700.596376248091,11706.95457166185,11713.629253004174,11720.433016622565,11727.368522228286,11734.582718381675
11641.119870714063,11643.837828419675,11646.635176230462,11649.68386657596,11653.052606000998,11656.535816925052,11660.121622617778,11663.879199921752,11667.763394666257,11671.95053370245,11676.503684205072,11681.41328257114,11686.638067870841,11692.04049238605,11697.774422602166,11703.88783485968,11710.228383709917,11716.804536829288,11723.697175877222,11730.718897201225,11737.872360512556
11644.940821893322,11647.750132464558,11650.777400741405,11653.884059123428,11657.24206004016,11660.920110036432,11664.712631531722,11668.607747795682,11672.67463567089,11676.868140986631,11681.364590594058,11686.227051667916,11691.445960605219,11696.980056476154,11702.691791562598,11708.735032349949,11715.157755178698,11721.80761460017,11728.693078290775,11735.895027909944,11743.226059805182
11647.642887975313,11650.463727058206,11653.593876712333,11656.941984072071,11660.369481536987,11664.048321536611,11668.047210615776,11672.160571193957,11676.37652654081,11680.76425349891,11685.278597897543,11690.09588658786,11695.279186744612,11700.818934764806,11706.673869718634,11712.70644388797,11719.070523758211,11725.814085669854,11732.784784174217,11739.991086947713,11747.513875649776
11652.779386727125,11655.420734174171,11658.38292070411,11661.654417805285,11665.143872612069,11668.712717524031,11672.532904970702,11676.673141496913,11680.92784952214,11685.285152316039,11689.814226721186,11694.469918566865,11699.42855470423,11704.753202308028,11710.434297775268,11716.430580176142,11722.604501792524,11729.109929109813,11735.994838468501,11743.10688441991,11750.454534640454
11657.241152454979,11659.822278745572,11662.54475248321,11665.588065303744,11668.94068869551,11672.511269792887,11676.161240995443,11680.062554732705,11684.28391754951,11688.61975186533,11693.058180949822,11697.668381645562,11702.405199781833,11707.44496220979,11712.850736104181,11718.612957862015,11724.690366553481,11730.945414460457,11737.531968068339,11744.49800371762,11751.691175959622
11661.142437514252,11663.712505870199,11666.363700516738,11669.156242610323,11672.269623786802,11675.692315534514,11679.332964987838,11683.05300454634,11687.024386639549,11691.3158178123,11695.721720484067,11700.230217924505,11704.910486976192,11709.71737346841,11714.827204252313,11720.30304650265,11726.13533661643,11732.282813663842,11738.607929926764,11745.264551890592,11752.300655895819
11668.171306182583,11670.572800432088,11673.044363037541,11675.597051933586,11678.291088276676,11681.305963702662,11684.630149699879,11688.172293402708,11691.793827210717,11695.66670355343,11699.859628975686,11704.16702589696,11708.577017586904,11713.158780888096,11717.86716162982,11722.878486663229,11728.25582316307,11733.989607526355,11740.038578823274,11746.265189335702,11752.823305549035
11673.664114440686,11675.92281254715,11678.251579009564,11680.608782866524,11683.018675619529,11685.56991581958,11688.441995102527,11691.623384956703,11695.022732516492,11698.501470181462,11702.231550381135,11706.281679660351,11710.446280438586,11714.713475985489,11719.152443143641,11723.718027742327,11728.586556632696,11733.821096989497,11739.412085209742,11745.318260363621,11751.402074733009
11683.365381057767,11685.482419072703,11687.669525443587,11689.885069209018,11692.153301870494,11694.511641778963,11696.921221887485,11699.651641078903,11702.69137084155,11705.94905830981,11709.28613588325,11712.874555991395,11716.783025179082,11720.805965865788,11724.931501321162,11729.228808387783,11733.65273289494,11738.37960169378,11743.472481959052,11748.921810087768,11754.686325150118
11689.711354899287,11691.70019930189,11693.75911206044,11695.846462213534,11697.986501262676,11700.216647558811,11702.498034055,11704.869840442663,11707.472066021746,11710.38360217206,11713.513096027986,11716.72197998909,11720.1822064849,11723.962482060253,11727.857229134623,11731.854570977663,11736.02368443195,11740.319415326772,11744.918090513276,11749.882777166215,11755.203911682596
11703.47588928864,11705.126235755048,11706.846650577403,11708.595502794306,11710.397043907253,11712.288692267193,11714.231580827187,11716.264889278658,11718.426391342464,11720.690118985352,11723.263157199472,11726.054153119205,11728.924539144115,11732.04626770373,11735.488045342889,11739.044294481066,11742.703138387911,11746.533753906004,11750.490986864632,11754.751164114943,11759.377352831687
11715.727598854735,11717.138840166072,11718.620149833356,11720.129896895189,11721.692332853065,11723.344876057934,11725.048659462858,11726.842862759258,11728.765259667993,11730.789882155812,11733.05077700074,11735.384710059789,11737.936600824452,11740.567881694291,11743.450505098835,11746.653177582924,11749.97032156603,11753.390060317804,11756.981570680828,11760.699698484384,11764.720770579625
11723.748206010005,11725.01076332523,11726.343388996404,11727.704452062126,11729.11820402389,11730.622063232648,11732.177162641461,11733.82268194175,11735.596394854374,11737.472333346082,11739.5845441949,11741.769793257838,11744.121109261727,11746.52431603028,11749.006912904008,11751.740852312441,11754.79484080042,11757.963300787414,11761.234355543078,11764.67718190999,11768.246625717435
11730.66178344297,11731.87895002521,11733.166184963397,11734.481857296132,11735.850218524909,11737.30868700068,11738.818395676506,11740.418524243809,11742.146846423446,11743.977394182168,11746.044214298,11748.18407262795,11750.489997898852,11752.847813934419,11755.28502007516,11757.739629342172,11760.428178017619,11763.43677577261,11766.559845026619,11769.785509049296,11773.182944683222
11735.597577340512,11736.918565399834,11738.309621815104,11739.729115624923,11741.201298330783,11742.763588283637,11744.377118436547,11746.081068480935,11747.913212137655,11749.84758137346,11752.018222966375,11754.261902773409,11756.671649521395,11759.133287034045,11761.67431465187,11764.232745395964,11766.836566873048,11769.628937025578,11772.741356257653,11775.968246988745,11779.297732488505
11739.793196591436,11741.136309414926,11742.549490594361,11743.991109168346,11745.485416638374,11747.069831355393,11748.705486272469,11750.431561081023,11752.28582950191,11754.242323501881,11756.435089858962,11758.700894430163,11761.132765942315,11763.61652821913,11766.138652983296,11768.701805365288,11771.282360873549,11773.908307114798,11776.722802031496,11779.857346027737,11783.106361522994
11742.112538240652,11743.634148429588,11745.22582697447,11746.845942913902,11748.518747749376,11750.281659831842,11752.095812114365,11754.000384288365,11756.033150074698,11758.168141440116,11760.539405162643,11762.98370709929,11765.59407597689,11768.256335619151,11770.934832984598,11773.63545511421,11776.377104861649,11779.136157735356,11781.940601342052,11784.933593624197,11788.246634985884
11745.11475659109,11747.029051162943,11749.013414090741,11751.026214413087,11753.091703631477,11755.247300096858,11757.454136762297,11759.751393319213,11762.17684348846,11764.704519236793,11767.468467342236,11770.3054536618,11773.198138044714,11776.201191305228,11779.256135330406,11782.327317078769,11785.420623591295,11788.55495772165,11791.706694978273,11794.903822967884,11798.289499632943
11748.695015724707,11751.005242574274,11753.385537779788,11755.79427037985,11758.255691875956,11760.807220619054,11763.40998956221,11766.103178396841,11768.924560843803,11771.820493121519,11774.74410114757,11777.903981530728,11781.136900128007,11784.425516788637,11787.824502326868,11791.275378629762,11794.74249265584,11798.231731446082,11801.761997854153,11805.309667388492,11808.902727655819
11752.39157960566,11755.114019303162,11757.90652735661,11760.727472804607,11763.601107148646,11766.51331999658,11769.477061587613,11772.492043378703,11775.597445061268,11778.831040356165,11782.139185481814,11785.475006355799,11789.04709958689,11792.692231032106,11796.39306054067,11800.204258926835,11804.067348077662,11807.946674951674,11811.84812658985,11815.790605845856,11819.75048822813
11754.276325287376,11757.225773629641,11760.397661669409,11763.63961806512,11766.910011855383,11770.233094541689,11773.594755731887,11777.007945665186,11780.472375798541,11784.027225823373,11787.710269460533,11791.467862928448,11795.253132144699,11799.274673718055,11803.369253505536,11807.519531356365,11811.780178084797,11816.092715577888,11820.421490794166,11824.772390774608,11829.16431837288
11756.35001577904,11759.294177524005,11762.687787611236,11766.303837395968,11769.989955536645,11773.70451107187,11777.47175550314,11781.277578438303,11785.134930116566,11789.043521994887,11793.042533764681,11797.169739146806,11801.371494359686,11805.600925320901,11810.06662863922,11814.605370171666,11819.19980976746,11823.904618240857,11828.661317478913,11833.434254440153,11838.22931616556
11758.161449585818,11761.204487937519,11764.691688034185,11768.628336473119,11772.787424609553,11777.01658110193,11781.274174988857,11785.58445777183,11789.933319058695,11794.33370908866,11798.785339318682,11803.32738944018,11807.997633174005,11812.742426738587,11817.514896051503,11822.523637721526,11827.605417605673,11832.742895553169,11837.990742378266,11843.290479968024,11848.606455280968
11761.113678290914,11764.18031746098,11767.789994982746,11771.84383424948,11776.347121858478,11781.072849164977,11785.868644827422,11790.692877884414,11795.569799837453,11800.485300294384,11805.452329494414,11810.470598894502,11815.579288186065,11820.816171089957,11826.127603824605,11831.466712307587,11837.042093147675,11842.690512201889,11848.39462931945,11854.209115314612,11860.075492074437
11764.712443664517,11767.926417861963,11771.707031229475,11776.030682948687,11780.798496412865,11786.01575821931,11791.455459723255,11796.965229583146,11802.503436837584,11808.094332988068,11813.723807642446,11819.404811039922,11825.137054637455,11830.959718126463,11836.910575227801,11842.935982159896,11848.989064840323,11855.278419877857,11861.640813129517,11868.058904444522,11874.587364637131
11771.019348148864,11774.32650220578,11778.34763046014,11782.935397884568,11788.066203660697,11793.641171181791,11799.665587045152,11805.912442606012,11812.229366522819,11818.574727834173,11824.972778041574,11831.409406752866,11837.897564207258,11844.436961861707,11851.066779407633,11857.824790565886,11864.657351554895,11871.51758829224,11878.61409738669,11885.783644695266,11893.008890067185
11775.868488114034,11779.075969424464,11783.09060479181,11787.819214356601,11793.114463091459,11798.952750178018,11805.235199009541,11811.967096183333,11818.921433054622,11825.94583828186,11832.998680903644,11840.104212421475,11847.248322443196,11854.443961208017,11861.690840172896,11869.028139029251,11876.493631497935,11884.033673797374,11891.601391845148,11899.405382250028,11907.282410869035
11778.973033823082,11781.9380939898,11785.610635466948,11790.090331001014,11795.284000732523,11801.044309634099,11807.347656887376,11814.09516588562,11821.292123226129,11828.711520264136,11836.200985658092,11843.718888446596,11851.289480131145,11858.898650319585,11866.559349251123,11874.271288382723,11882.073647405796,11890.004200041198,11897.969260207916,11905.974362674075,11914.007140888567
11782.068732017764,11785.079405411596,11788.555138972146,11792.738353843126,11797.728722771024,11803.433065896364,11809.704048191774,11816.518068838883,11823.776251230958,11831.4838819653,11839.413952397139,11847.414091184926,11855.424764578758,11863.453340761094,11871.534605839477,11879.654449421749,11887.82582174712,11896.04843427255,11904.361466689455,11912.80269271869,11921.27842627924
11785.028358201815,11787.846547608468,11791.175410408952,11794.969333376155,11799.470737653788,11804.779295988339,11810.801828520332,11817.391000222395,11824.523210276157,11832.099582074885,11839.917771481538,11847.943591622532,11856.191851461024,11864.510179655465,11872.83904245595,11881.185808044938,11889.585262529974,11898.023295518899,11906.512857250922,11915.053659183006,11923.684881006562
11790.27555217295,11792.963687395899,11795.9700120255,11799.487010048933,11803.469068239085,11808.158607739666,11813.655301297165,11819.865969052107,11826.643275977118,11833.963621253828,11841.651756476776,11849.416263498453,11857.422588128054,11865.636543491997,11874.072938553438,11882.579401970826,11891.09639999426,11899.631300806197,11908.218890514181,11916.845058726054,11925.522755681026
11794.311638441875,11797.044173044005,11799.964842869082,11803.203702100813,11806.953234726374,11811.167827518653,11816.089901621364,11821.819129780992,11828.262332138063,11835.272173665202,11842.82505354404,11850.55758814617,11858.478257971246,11866.475299595053,11874.714158826782,11883.160648792853,11891.829578456423,11900.56857647594,11909.318109101503,11918.085544515568,11926.90566882568
11797.963769489746,11800.871016054109,11804.010797220599,11807.338713610035,11810.984819406127,11815.14159859605,11819.76343795269,11825.092758619761,11831.229233343749,11838.079682265183,11845.496770356682,11853.404016921042,11861.36414336424,11869.503924530733,11877.83184092017,11886.236129108336,11894.882234904428,11903.735971434859,11912.81214766279,11921.958392246666,11931.115171436591
11808.592155383125,11811.37551468035,11814.566120541938,11817.989261005656,11821.600536692318,11825.530001785637,11829.970140272786,11834.875338926651,11840.48801889095,11846.907852912163,11854.041661130823,11861.74210851955,11869.525467816775,11877.71607367836,11885.959559418787,11894.382699882504,11902.993975569168,11911.681623054561,11920.611088147878,11929.748183975536,11939.107719500693
11817.43789375211,11820.118082905894,11823.081631356903,11826.452426372272,11830.055755989773,11833.847220830217,11837.95687507732,11842.57720271825,11847.662590525899,11853.45545964398,11860.055482818976,11867.369480191419,11875.0496693452,11882.93030588771,11890.893854338718,11899.264649354087,11907.688324248295,11916.291653865796,11925.083118706241,11933.950955345417,11943.060609592518
11825.866517976243,11828.471813045593,11831.257297268725,11834.326140789084,11837.802230873804,11841.510855560653,11845.407615470447,11849.6225647869,11854.348187497179,11859.538870374177,11865.437034561608,11872.142352805955,11879.561645247746,11887.166940317096,11894.952424540228,11902.938356152086,11911.007199672444,11919.483289757163,11928.012259720721,11936.72088440757,11945.617644317366
11831.721704008578,11834.35178694205,11837.08716494487,11840.002732101475,11843.201658555306,11846.807831573498,11850.646539193818,11854.673382037085,11859.01841428701,11863.874119930759,11869.19488574123,11875.223132862133,11882.05853403995,11889.607909415214,11897.237992348686,11904.973370351507,11912.88893750811,11921.004952053441,11929.20387850727,11937.810051525461,11946.469104422491
11837.81681596995,11840.50024998655,11843.313766936622,11846.232578956042,11849.331580129245,11852.713940599675,11856.503547634467,11860.525689271386,11864.735966131251,11869.264432397777,11874.303572058125,11879.807771885195,11886.019453022696,11893.038288217114,11900.721722233713,11908.454531625575,11916.268048575646,11924.186860595068,11932.28586176827,11940.5853103302,11948.967670800628
11843.411465262378,11845.898508926926,11848.568986608072,11851.369547222694,11854.275402906662,11857.361447744413,11860.730851879393,11864.507502578732,11868.5166878802,11872.714008404613,11877.229518335687,11882.255701660584,11887.746945152203,11893.945669954252,11900.951548813218,11908.438592477767,11916.109070158915,11923.828923215326,11931.629483829944,11939.535339513914,11947.621384351665
11848.54742302812,11850.951416541404,11853.368366390141,11855.955793920022,11858.673304383381,11861.496109916085,11864.499104602573,11867.785458586288,11871.479059134364,11875.405194284567,11879.519464657718,11883.951924437528,11888.895057611162,11894.303250951516,11900.418925602302,11907.341754310004,11914.74574782329,11922.162697672025,11929.75012520191,11937.386928107057,11945.104438570412
11855.535520188834,11857.910195523109,11860.297827192837,11862.768509013827,11865.326618364697,11868.014810649047,11870.808298002741,11873.781974510219,11877.039010314924,11880.703292683991,11884.600109655184,11888.685061849324,11893.088203450125,11898.00201844475,11903.380893606094,11909.467250077869,11916.360760606562,11923.735435940838,11931.123067610564,11938.593749431553,11946.151858782428
11862.86371822888,11865.227856632544,11867.604951371663,11870.065096262042,11872.554559331433,11875.102131751692,11877.779787105432,11880.562737528515,11883.525877105383,11886.772375979477,11890.426121417935,11894.312401458517,11898.386816722048,11902.779421392237,11907.682699456253,11913.051037686986,11919.126857228151,11926.009830826233,11933.3739692299,11940.751063969015,11948.211208859395
11868.768229019573,11871.070699595453,11873.386126506788,11875.784603569382,11878.212398810989,11880.650730983205,11883.13663557568,11885.752623101636,11888.473905696936,11891.37537744602,11894.560208492328,11898.152286103003,11901.976898315801,11905.989645751548,11910.320582593953,11915.162192830185,11920.468863233134,11926.483014946516,11933.304320716812,11940.606791292696,11947.922218204027
11874.651674493241,11876.95905781289,11879.279397467993,11881.682787274356,11884.115495259732,11886.558740175717,11889.04955751196,11891.554470255729,11894.175370525454,11896.90156586452,11899.807950357374,11902.99769414745,11906.594684501893,11910.42420945846,11914.441869637976,11918.77771922415,11923.62424220415,11928.935825350869,11934.954889808017,11941.781108322082,11949.088491641734
11880.220817772419,11882.42669136443,11884.645521291895,11886.94740137062,11889.278599628358,11891.620334816706,11894.009642425312,11896.408132697674,11898.811535713805,11901.330926255892,11903.95561186732,11906.760486632536,11909.848720694976,11913.344201321781,11917.07221655071,11920.988367002588,11925.222706861125,11929.967720113487,11935.177793532568,11941.095348262079,11947.820057048504
11887.207767506658,11889.299469432344,11891.404127693486,11893.591836105887,11895.808862697302,11898.036426219325,11900.311562161607,11902.595880767647,11904.885112117454,11907.27094045113,11909.676159326893,11912.186673272,11914.87737637089,11917.851438767006,11921.232747727488,11924.846591290094,11928.648570075648,11932.76873826786,11937.3995798539,11942.495481606657,11948.298864669843
11892.561731682616,11894.534181949684,11896.519588552206,11898.588045305989,11900.685820238785,11902.79413210219,11904.950016385852,11907.115083333274,11909.285063024461,11911.551639699519,11913.837606916664,11916.218355258045,11918.609617544533,11921.181068984804,11924.035879722302,11927.297937024165,11930.792528928152,11934.475256055086,11938.47617258868,11942.9877625161,11947.96441261024
11896.035485211645,11898.092158100855,11900.16178732552,11902.314466701446,11904.496464256385,11906.688998741933,11908.929105647736,11911.178395217301,11913.432597530631,11915.783396827832,11918.15358666712,11920.618557630642,11923.094042539273,11925.678265161416,11928.33393922383,11931.27297258347,11934.619252507475,11938.198067033605,11941.965016782682,11946.05015593842,11950.645968487983
11903.340551014706,11905.165175587015,11907.002756494781,11908.923387553808,11910.873336791848,11912.833822960496,11914.8418815494,11916.859122802067,11918.881276798498,11921.0000277788,11923.138169301188,11925.37109194781,11927.614528539543,11929.882480222645,11932.234654527887,11934.658280273403,11937.365265316144,11940.47949692325,11943.82626313248,11947.361164564658,11951.214255403496
11912.573655814582,11914.146536850089,11915.732374221054,11917.401261743278,11919.099467444516,11920.808210076362,11922.564525128464,11924.33002284433,11926.100433303958,11927.96744074746,11929.853838733045,11931.835017842866,11933.826710897796,11935.842919044095,11937.943349812536,11940.11523202125,11942.363488484449,11944.818729990388,11947.681218060692,11950.77624073312,11954.059398628495
11919.137437740123,11920.727780458448,11922.33107951223,11924.017428717272,11925.733096101327,11927.459300415992,11929.233077150911,11931.016036549594,11932.80390869204,11934.68837781836,11936.592237486762,11938.590878279401,11940.600033017148,11942.633702846266,11944.751595297525,11946.940939189055,11949.206657335071,11951.679360523829,11954.196822206646,11957.076771959768,11960.189256315012
11925.494195032223,11927.039712795424,11928.598186894082,11930.239711143999,11931.91055357293,11933.591932932472,11935.320884712266,11937.059019155824,11938.802066343145,11940.641710514341,11942.500745227619,11944.454561065133,11946.418890847755,11948.407735721748,11950.480803217883,11952.625322154288,11954.84621534518,11957.274093578813,11959.729268623689,11962.201905351381,11965.037030149379
11931.42551154115,11932.915486899636,11934.41841859358,11936.00440043878,11937.619700462996,11939.24553741782,11940.9189467929,11942.601538831743,11944.289043614348,11946.07314538083,11947.876637689391,11949.77491112219,11951.683698500095,11953.617000969374,11955.634526060792,11957.723502592482,11959.888853378658,11962.261189207577,11964.660821847736,11967.077916170712,11969.522373765998
11937.779434814893,11939.342556555728,11940.918634632022,11942.577762859573,11944.26620926614,11945.965192603315,11947.711748360747,11949.46748678194,11951.228137946895,11953.085386095727,11954.962024786639,11956.933444601787,11958.915378362044,11960.921827213673,11963.012498687442,11965.174621601484,11967.41311877001,11969.858600981279,11972.331380003789,11974.821620709115,11977.339224686752
11942.188355879376,11943.924794095941,11945.674188647963,11947.506633351242,11949.368396233538,11951.240696046441,11953.160568279602,11955.089623176524,11957.023590817207,11959.054155441767,11961.104110608409,11963.248846899285,11965.404097135272,11967.583862462629,11969.847850412125,11972.183289801897,11974.59510344615,11977.213902133148,11979.859997631387,11982.523554812442,11985.196871288172
11946.674604809621,11948.43630880235,11950.210969130532,11952.068679609974,11953.955708268431,11955.853273857498,11957.79841186682,11959.752732539904,11961.71196595675,11963.767796357472,11965.843017300276,11968.013019367314,11970.193535379463,11972.398566482982,11974.687820208641,11977.048525374576,11979.48560479499,11982.010870571154,11984.654935034312,11987.326296308715,11990.01511926593
11950.563555342073,11952.373331235747,11954.196063464877,11956.101845845267,11958.03694640467,11959.982583894685,11961.975793804953,11963.978186378987,11965.98549169678,11968.089393998447,11970.2126868422,11972.430760810184,11974.659348723282,11976.912451727747,11979.249777354355,11981.658554421236,11984.143705742597,11986.691777643546,11989.265115320655,11991.957251684762,11994.676684860111
11953.950100973847,11955.867612520742,11957.798080403092,11959.811598436705,11961.854434649329,11963.907807792564,11966.008753356053,11968.118881583307,11970.233922554322,11972.44556050921,11974.676589006183,11977.002398627388,11979.338722193706,11981.699560851393,11984.144622131222,11986.661134851323,11989.254021825906,11991.861757479128,11994.517565033297,11997.198638363627,11999.998510380954
11956.63993139768,11958.708389552437,11960.78980404265,11962.954268684125,11965.14805150461,11967.352371255707,11969.604263427058,11971.865338262174,11974.13132584105,11976.4939104038,11978.875885508636,11981.352641737702,11983.839911911882,11986.351697177432,11988.947705065122,11991.598651672983,11994.266111000947,11997.009944583391,11999.768626844474,12002.575381006505,12005.407400944698
11960.079736190435,11962.424939025814,11964.783098196647,11967.224307518743,11969.694835019849,11972.175899451568,11974.704536303538,11977.242355819275,11979.785088078772,11982.424417322143,11985.0831371076,11987.836638017287,11990.600652872088,11993.37739755271,11996.16592749888,11999.038680067191,12001.966371355673,12004.910575364258,12007.931153627324,12010.966580569027,12014.05007941168
11963.414177745239,11966.033005007615,11968.664788605447,11971.379622354541,11974.123774282645,11976.87846314136,11979.652087568358,11982.454348847326,11985.265792790062,11988.082149476557,11990.995103146925,11993.92744735938,11996.954572696064,11999.992211977864,12003.042581085483,12006.10473545865,12009.25111245396,12012.45242816944,12015.670256605023,12018.964459295086,12022.273510663787
11968.409458627488,11970.950152963476,11973.609674561842,11976.282152495662,11979.037680580745,11981.822526844837,11984.61791003954,11987.432228802527,11990.275184417484,11993.127322696208,11995.984373718691,11998.938021725047,12001.91106027349,12004.978879946164,12008.057213563952,12011.14827700756,12014.251125716715,12017.438197048014,12020.680207099482,12023.938729871054,12027.273626897106
11974.686734060711,11977.28159060713,11979.917141489537,11982.67151963432,11985.438854114558,11988.289238746058,11991.168941556569,11994.05918129769,11996.968356607094,11999.90616876847,12002.85316359361,12005.805071162513,12008.853575715288,12011.921470810148,12015.08414702924,12018.257337193447,12021.443257183471,12024.640962439045,12027.92289031676,12031.259756914647,12034.613136232638
11980.928849596203,11983.461125396774,11986.088257743766,11988.756084426745,11991.5427383721,11994.34234865291,11997.225009084981,12000.136987696065,12003.059503237759,12006.000954347735,12008.971042309682,12011.950312935396,12014.93449630487,12018.015276658218,12021.11544755365,12024.310399573314,12027.515865538093,12030.73406132869,12033.964042384836,12037.278246063124,12040.647388461583
11983.40983283467,11985.940520087428,11988.503483140757,11991.16130274051,11993.859816676246,11996.67715787436,11999.507455407927,12002.420803092757,12005.363468956599,12008.31667175105,12011.288810113787,12014.289585328492,12017.299543206964,12020.314413829195,12023.425881435302,12026.556739583491,12029.782378855916,12033.018532073453,12036.267415116808,12039.528083425712,12042.872974356758
11984.969614495256,11987.631850978552,11990.324774714609,11993.049974251237,11995.870030334285,11998.73078075332,12001.71035843473,12004.702892451596,12007.778476619722,12010.883378966862,12013.998818244612,12017.133193090645,12020.296204788649,12023.468399150417,12026.645506255947,12029.91921034535,12033.212304976838,12036.600180732561,12039.998570433394,12043.409689960048,12046.832594752248
11987.31509088678,11989.98337212722,11992.813889850959,11995.675094827455,11998.568575604524,12001.556912928014,12004.585944587488,12007.73380350934,12010.894618766648,12014.138484175213,12017.411667762795,12020.695388280987,12023.99804436746,12027.329337305904,12030.669812908114,12034.015201254084,12037.457186583928,12040.918562455858,12044.47471945202,12048.041390393295,12051.62079116039
11990.409555591794,11993.044409326525,11995.847544301698,11998.812915760169,12001.808974471396,12004.837308983197,12007.960500041418,12011.124385435625,12014.407098092208,12017.702767084247,12021.081486227544,12024.489523549857,12027.908097802781,12031.345607623985,12034.811754297161,12038.287083634103,12041.767325714805,12045.34416477938,12048.940394386042,12052.631405116936,12056.332929792943
11995.69763090839,11998.391937829492,12001.221098485326,12004.218540381604,12007.378218761178,12010.568584393508,12013.791225826411,12017.108723805737,12020.466916121048,12023.943935698733,12027.433911611877,12031.006937676277,12034.609281919693,12038.222163093722,12041.853979836029,12045.514433430308,12049.184069688352,12052.85861869016,12056.629764675838,12060.420301203601,12064.3056188556
12000.456856244917,12003.05643917943,12005.850329035047,12008.779072625395,12011.876097456186,12015.135358770274,12018.425307337118,12021.747531704534,12025.164612618373,12028.622387868198,12032.198990380397,12035.788549228055,12039.461158226968,12043.163085404898,12046.875549513441,12050.606949190262,12054.366985719054,12058.136204911612,12061.910336847934,12065.781065768124,12069.671185230402
12003.665824978954,12006.22694675276,12008.88765146108,12011.742663090503,12014.732528454657,12017.890675059254,12021.211058147146,12024.562128487796,12027.945474629018,12031.423677316663,12034.942574340294,12038.580298626299,12042.23097924776,12045.96471002048,12049.727758972216,12053.501344854565,12057.293866305192,12061.115024607789,12064.945365574153,12068.78061928428,12072.712469978276
12009.423642048758,12012.132069169671,12014.901618064392,12017.770749893625,12020.834188643961,12024.03248112903,12027.39905485454,12030.927865063346,12034.487362524911,12038.079135787046,12041.765765595605,12045.49308974015,12049.339241147069,12053.198348889444,12057.140506783078,12061.111982855728,12065.09399585899,12069.09494443053,12073.124529854042,12077.163297941319,12081.20697877236
12017.444668860673,12020.074507125983,12022.912772512205,12025.812159672236,12028.811129766778,12032.004406782424,12035.3325375328,12038.82894952362,12042.487597997735,12046.17693372461,12049.898545252054,12053.715013325922,12057.572175735777,12061.548165408003,12065.537111415688,12069.609107574632,12073.71042191259,12077.822273181162,12081.953060018011,12086.112483706833,12090.281090059418
12028.787254377106,12031.593883470105,12034.530350828414,12037.675245307635,12040.881261560666,12044.186860748207,12047.686766856852,12051.321526700227,12055.124567784047,12059.08984535116,12063.085810171035,12067.114050791477,12071.237147958345,12075.400939461199,12079.683558226423,12083.979133327108,12088.35775857905,12092.765702010009,12097.184182371579,12101.621598301428,12106.087651083248
12057.799921624017,12059.832630669163,12062.171968807308,12064.641145210762,12067.31874873513,12070.057474033305,12072.895782265992,12075.928397419784,12079.095866308304,12082.43161643727,12085.929603049528,12089.458276914549,12093.019226580136,12096.67503279215,12100.37153334015,12104.18686115052,12108.015145296351,12111.926479593438,12115.867132069543,12119.81832147626,12123.788446451254
12081.840462076028,12083.342699723806,12085.151566464581,12087.090271470666,12089.059800073297,12091.206932200295,12093.415186101101,12095.723022936418,12098.22516669284,12100.86216418399,12103.667442915588,12106.634958130477,12109.633160598129,12112.663638866346,12115.788973680992,12118.955002831623,12122.239859244622,12125.537671993085,12128.918534892802,12132.328715971536,12135.749433980884
12098.163786590718,12099.393805457279,12100.93045341684,12102.59693964171,12104.294249463126,12106.169162808908,12108.1051979285,12110.140815982602,12112.368597201386,12114.598522176595,12116.96330088653,12119.496360836913,12122.191657270585,12124.917640957023,12127.675900444025,12130.529016477456,12133.422826846872,12136.435464478656,12139.461058445904,12142.569702564406,12145.707664861926
12114.940278780326,12115.637269968363,12116.6408902494,12117.774348795745,12118.938630938635,12120.280516605893,12121.68352404696,12123.186114422539,12124.880867962798,12126.577765259482,12128.40951629089,12130.376488612366,12132.376520884225,12134.538789639373,12136.731745647287,12138.956977455764,12141.27706581067,12143.637848501561,12146.11745845482,12148.610024743544,12151.185641183522
12129.361835004149,12129.564503088723,12130.073800266298,12130.712935709182,12131.38289474861,12132.230457312406,12133.139141650012,12134.147408922128,12135.347839358925,12136.550413552148,12137.887841480095,12139.360490698107,12140.866199866505,12142.534145518192,12144.232778422642,12145.963687127658,12147.789452379102,12149.655911966533,12151.641198816329,12153.639442001591,12155.64511889813
12143.437769349965,12143.308471031185,12143.485801805407,12143.792970844937,12144.130963481013,12144.646559641455,12145.22327757571,12145.899578444472,12146.768042477916,12147.638650267785,12148.644111792379,12149.78479460704,12150.958537372084,12152.294516620417,12153.661183121514,12155.060125423177,12156.55392427127,12158.088417455347,12159.74173790179,12161.408014683699,12163.081725176884
12151.498097487884,12151.38707301676,12151.582677638638,12151.908120525824,12152.264387009556,12152.798257017652,12153.393248799563,12154.087823515982,12154.97456139708,12155.863443034606,12156.887178406856,12158.046135069173,12159.238151681873,12160.592404777863,12161.977345126616,12163.394561275934,12164.906633971683,12166.459401003414,12168.130995297513,12169.815545927078,12171.50753026792
12157.282464862712,12157.253017331626,12157.530198893544,12157.937218720768,12158.37506214454,12158.990509092673,12159.667077814624,12160.44322947108,12161.41154429222,12162.382002869783,12163.487315182072,12164.727848784427,12166.001442337165,12167.437272373194,12168.903789661985,12170.402582751343,12171.99623238713,12173.6305763589,12175.383747593038,12177.149875162642,12178.923436443521
12162.66209532911,12162.666123737572,12162.976781239038,12163.41727700581,12163.88859636913,12164.537519256812,12165.24756391831,12166.057191514315,12167.058982275003,12168.062916792114,12169.201705043952,12170.475714585855,12171.782784078141,12173.252090053718,12174.752083282057,12176.284352310964,12177.911477886299,12179.579297797618,12181.365944971303,12183.165548480456,12184.972585700883
12166.301773067307,12166.466545085212,12166.937946196118,12167.539185572332,12168.171248545092,12168.980915042213,12169.851703313154,12170.822074518599,12171.984608888728,12173.14928701528,12174.448818876557,12175.883572027902,12177.351385129628,12178.981434714648,12180.642171552427,12182.335184190775,12184.12305337555,12185.95161689631,12187.899007679436,12189.859354798029,12191.827135627898
12172.380513580443,12172.674013326605,12173.274142165767,12174.004109270238,12174.764899971255,12175.703294196632,12176.70281019583,12177.80190912953,12179.093171227916,12180.386577082725,12181.814836672258,12183.37831755186,12184.974858381842,12186.733635695118,12188.523100261154,12190.344840627758,12192.26143754079,12194.218728789805,12196.29484730119,12198.38392214804,12200.480430706164
12178.097678903914,12178.532040425884,12179.273031040855,12180.143859921136,12181.045512397963,12182.124768399148,12183.265146174155,12184.505106883666,12185.93723075786,12187.371498388478,12188.940619753821,12190.644962409231,12192.382365015023,12194.282004104109,12196.212330445953,12198.174932588367,12200.232391277208,12202.33054430203,12204.547524589225,12206.777461211885,12209.014831545817
12182.988517427995,12183.52178602772,12184.361683720448,12185.331419678485,12186.33197923307,12187.51014231201,12188.749427164774,12190.08829495204,12191.61932590399,12193.152500612367,12194.820529055465,12196.623778788631,12198.460088472179,12200.458634639022,12202.487868058623,12204.549377278792,12206.70574304539,12208.902803147968,12211.21869051292,12213.547534213336,12215.883811625024
12187.919187828202,12188.560441176967,12189.508323618737,12190.586044325813,12191.69458862944,12192.98073645742,12194.328006059226,12195.774858595532,12197.413874296524,12199.055033753943,12200.831046946081,12202.742281428289,12204.686575860876,12206.793106776762,12208.930324945402,12211.099818914614,12213.364169430251,12215.669214281872,12218.093086395864,12220.529914845321,12222.974177006052
12192.942017311329,12193.822447828634,12195.009507438943,12196.32640531456,12197.674126786726,12199.199451783246,12200.785898553591,12202.471928258437,12204.350121127969,12206.230457753927,12208.245648114606,12210.396059765351,12212.579531366478,12214.925239450904,12217.301634788084,12219.710305925835,12222.213833610012,12224.758055630173,12227.421104912704,12230.097110530702,12232.780549859972
12197.004371210887,12198.00101062197,12199.304279126058,12200.73738589545,12202.201316261395,12203.842850151694,12205.545505815817,12207.347744414441,12209.342146177749,12211.338691697485,12213.470090951942,12215.736711496465,12218.03639199137,12220.498308969572,12222.99091320053,12225.51579323206,12228.132002125838,12230.751738703793,12233.41216961773,12236.19142779404,12238.983642305815
12203.914337318227,12205.06889179915,12206.530075373075,12208.121097212308,12209.74294264809,12211.542391608229,12213.402962342192,12215.363116010654,12217.515432843802,12219.669893433376,12221.959207757673,12224.383743372035,12226.84133893678,12229.46117098482,12232.111690285617,12234.769605355457,12237.452400456825,12240.226524420443,12243.004176068236,12245.822522052013,12248.75969529816
12209.574505899165,12211.00413578601,12212.740394765857,12214.606492011011,12216.503412852715,12218.577937218775,12220.71358335866,12222.948812433044,12225.376204672113,12227.805740667609,12230.370130397827,12233.06974141811,12235.802412388777,12238.577487794699,12241.47239524866,12244.39798995538,12247.330980431143,12250.288850938432,12253.338050307972,12256.390777361687,12259.484198751385
12218.209868900458,12219.626266036525,12221.349292265591,12223.202156759968,12225.085844850893,12227.147136466174,12229.26954985528,12231.491546178886,12233.905705667177,12236.322008911893,12238.808776161115,12241.359933140555,12244.046311410058,12246.765749629947,12249.52759228509,12252.409266988272,12255.321628944213,12258.241386669199,12261.186024425708,12264.22199104447,12267.261485347406
12225.666274654754,12227.05203220508,12228.744418848406,12230.566643757043,12232.419692262229,12234.450344291768,12236.542118095136,12238.733474833001,12241.116994735552,12243.50265839453,12245.95878605801,12248.428146472272,12250.948663865971,12253.604402549734,12256.293201183884,12259.024404253287,12261.875439370728,12264.75716174093,12267.646279880175,12270.560278050945,12273.565605083966
12231.2417798165,12232.722555736618,12234.509960749736,12236.427204028165,12238.375270903143,12240.500941302475,12242.687733475634,12244.97410858329,12247.452646855632,12249.9333288844,12252.484474917674,12255.048853701726,12257.643872071518,12260.259407835008,12263.010164888565,12265.793981892506,12268.6202033317,12271.566256818933,12274.542997558927,12277.527134067963,12280.536150608525
12236.255411282198,12237.721221287293,12239.49366038539,12241.395937748795,12243.32903870875,12245.43974319306,12247.611569451197,12249.882978643831,12252.34655100115,12254.812267114898,12257.297301199875,12259.833481318125,12262.382894187154,12264.962946641925,12267.563516490392,12270.299307628926,12273.068158717846,12275.879414242017,12278.810501814227,12281.772276639198,12284.741447233213
12240.109459726935,12241.574524748954,12243.346218863977,12245.24775124431,12247.18010722119,12249.290066722424,12251.461147997488,12253.731812207046,12256.194639581292,12258.659610711966,12261.143899813867,12263.643154830794,12266.178589965968,12268.727257851924,12271.30656532362,12273.906390189013,12276.641436344473,12279.40954245032,12282.220052991415,12285.150395580551,12288.111425422449
12245.222183211017,12246.889698488914,12248.863842859817,12250.967825496027,12253.102631728785,12255.4150414859,12257.788573016842,12260.261687482278,12262.926965112403,12265.594386498955,12268.281125856736,12270.98283112954,12273.685281385418,12276.423166776472,12279.174284918307,12281.956042645881,12284.758317767153,12287.69581417849,12290.666370540217,12293.67933133719,12296.812124182205
12248.165807152405,12250.05367578161,12252.24817350382,12254.57250949134,12256.927669075405,12259.460432183827,12262.054317066077,12264.74778488282,12267.468138234128,12270.35376921556,12273.24154395342,12276.148636662509,12279.07069528662,12281.993498893806,12284.95173763617,12287.92320912931,12290.925320208193,12293.947948680772,12297.105798443417,12300.296708156451,12303.530022304732
12250.496520036775,12252.45719707571,12254.724503207652,12257.121647604903,12259.5496155987,12262.122424008432,12264.727995526586,12267.394688818567,12270.160965045043,12272.954126806082,12275.912566197245,12278.873149344836,12281.853050463656,12284.8479174975,12287.843529514417,12290.874576666512,12293.918856569386,12296.993776058,12300.089212940311,12303.319871112688,12306.583589235452
12252.403783444855,12254.536557750285,12256.975961148722,12259.54520281247,12262.145268072762,12264.817365339257,12267.562271015484,12270.339939800133,12273.17873035861,12276.11710385158,12279.082362879115,12282.212899536773,12285.34557995086,12288.497578336175,12291.664542636514,12294.832251919926,12298.035396338517,12301.251773507885,12304.498790262995,12307.766324411801,12311.169079850673
12254.040001025523,12256.465002696752,12259.196633460986,12261.988860826785,12264.850329856328,12267.74262248242,12270.706947114712,12273.744080156737,12276.813976307183,12279.944994231459,12283.175595090226,12286.43308148356,12289.855845507014,12293.2807532869,12296.724979038012,12300.18417070415,12303.644107353359,12307.139479137748,12310.648083672915,12314.187327793821,12317.747089308426
12255.366757838854,12258.129912237586,12260.968064965089,12264.037848456826,12267.168228550128,12270.367850307175,12273.59829566077,12276.900773020565,12280.276058790094,12283.684107668045,12287.153278319824,12290.722031906094,12294.31767102693,12298.078587777889,12301.841648285277,12305.624026763893,12309.421371157534,12313.219460534247,12317.052985046139,12320.89974230881,12324.777139157219
12258.546458611185,12261.269035127569,12264.254766042686,12267.315495286573,12270.607855294696,12273.960811904382,12277.383010177815,12280.836032047793,12284.361085923974,12287.958948209889,12291.589573604224,12295.281320772388,12299.072650875043,12302.890866512265,12306.874359779607,12310.859996803381,12314.864951798383,12318.884872708408,12322.905538601506,12326.961639629782,12331.030973408839
12261.770570023436,12264.556192222853,12267.564390938656,12270.835744053193,12274.182095496499,12277.76007770404,12281.398656513144,12285.106476985995,12288.845121055392,12292.655797130992,12296.539281616324,12300.455529210078,12304.432898577661,12308.509850879735,12312.613688716376,12316.882804183135,12321.154063406328,12325.444640600748,12329.750183710192,12334.056471802709,12338.398195030402
12265.617825623927,12268.577584817167,12271.822966209824,12275.290924118866,12279.022036426642,12282.82814706319,12286.865888463972,12290.964226466314,12295.131806132405,12299.330209395042,12303.600644663882,12307.943888342455,12312.319895129449,12316.757023690272,12321.293735185585,12325.857332215466,12330.586206875465,12335.317225291898,12340.06756167956,12344.832863982243,12349.598911268
12268.516706440218,12271.511514820273,12274.966082393566,12278.706272166277,12282.669038455373,12286.894959143203,12291.195878159804,12295.72842794064,12300.321574323038,12304.983962369182,12309.677174011873,12314.442417660766,12319.280469719393,12324.15128488644,12329.083221827317,12334.114741702686,12339.17314711262,12344.396830152673,12349.62265694916,12354.867801716875,12360.127912399612
12270.869865087745,12273.702855048989,12277.030653390288,12280.818210924825,12284.891390658779,12289.187146909118,12293.746057558192,12298.379966536037,12303.245506278115,12308.171642621757,12313.167020629146,12318.19322223308,12323.291455843217,12328.462497863087,12333.666302991378,12338.931229893498,12344.295739730109,12349.687135101287,12355.243808102583,12360.802624860313,12366.380759589272
12273.865254657254,12276.798170639964,12280.064076583916,12283.824790907924,12288.04526442517,12292.551360141833,12297.280032374883,12302.271859006665,12307.338683967218,12312.637139692008,12317.996192018358,12323.424486008455,12328.883603595099,12334.414753187944,12340.018711190525,12345.655432301524,12351.353275186353,12357.150701005674,12362.97501235956,12368.964601343567,12374.956334084005
12275.885154573127,12278.706667770839,12281.961096951263,12285.548516092927,12289.630743614649,12294.172730329608,12299.000339243985,12304.050524674747,12309.363864504243,12314.752202662508,12320.372171585012,12326.052737109074,12331.802544296885,12337.583175081241,12343.4358378718,12349.361309072094,12355.319543380807,12361.338899463348,12367.457838480383,12373.603663031981,12379.914765213702
12276.938143366251,12279.756640264606,12282.896650360675,12286.469576439455,12290.375492479474,12294.77621689955,12299.636700512865,12304.782806325597,12310.151488654714,12315.783325382565,12321.490160439185,12327.428626260044,12333.427688682461,12339.495992768627,12345.595120451339,12351.766280140253,12358.010248238901,12364.28697944597,12370.624832426865,12377.062268342255,12383.526589792209
12280.298836612099,12283.149028461317,12286.317717208889,12289.807919154176,12293.731037082172,12297.98714497141,12302.738061240703,12307.948736703234,12313.445034365184,12319.163908543518,12325.145937120587,12331.202964026425,12337.4916216965,12343.840875968135,12350.259371903518,12356.708691435448,12363.230042973579,12369.824202921445,12376.45112597773,12383.139170807843,12389.926798572451
12282.983733686582,12285.736488286642,12288.839434735919,12292.26087808355,12296.003834628898,12300.179707156953,12304.68856964625,12309.692240515602,12315.155670578193,12320.904722840203,12326.876351618595,12333.111134795725,12339.42091630162,12345.962328571755,12352.56433744345,12359.235587978892,12365.937662110882,12372.711768249072,12379.558682796998,12386.438360453341,12393.379159883514
12286.52810178322,12289.283149054932,12292.290950926705,12295.648944647693,12299.325435267037,12303.323439084097,12307.754358883863,12312.518268644873,12317.776986785937,12323.49546412024,12329.499563653962,12335.726239704067,12342.216070152908,12348.780898930516,12355.577358472361,12362.434414615767,12369.360712422922,12376.317833826624,12383.346987236526,12390.448949056165,12397.58367398422
12289.694886568357,12292.560988942314,12295.682138587983,12299.056042833712,12302.780138928658,12306.822731921959,12311.186838112975,12315.983860286698,12321.113872421665,12326.738692936686,12332.823272644946,12339.193474552625,12345.786252976686,12352.642185799486,12359.57311695105,12366.735678866853,12373.958837384216,12381.251237565328,12388.574461342987,12395.969717126845,12403.437781320441
12291.662528051738,12294.518016008156,12297.739606338533,12301.216243940622,12304.94563614277,12309.025220194135,12313.423301143855,12318.14289529129,12323.295405421433,12328.78090551282,12334.761213984259,12341.201281648939,12347.926971513038,12354.875237893517,12362.086658672737,12369.373077780721,12376.891127652942,12384.469774126725,12392.117662264256,12399.796373998333,12407.547117738612
12295.926072898581,12298.481580913392,12301.392576884622,12304.669675229808,12308.201820846709,12311.986721063668,12316.121813129843,12320.575402094375,12325.350504256621,12330.558522401574,12336.099530507772,12342.135346994022,12348.630922673512,12355.412120552422,12362.415894947713,12369.682823741743,12377.024750864539,12384.58025887935,12392.15381676638,12399.787971254975,12407.491367407318
12299.209007889744,12301.8452814068,12304.53706293867,12307.584332426957,12310.997704289202,12314.66612342316,12318.587297157177,12322.85866274041,12327.448525221998,12332.359900901303,12337.704192563313,12343.38147418657,12349.553564189877,12356.185413386425,12363.102884782393,12370.242932694742,12377.646135005829,12385.124335645683,12392.76060916274,12400.45239069461,12408.162222098697
12308.02009686376,12310.473261446286,12313.06269954587,12315.707645660266,12318.70807973108,12322.07461617585,12325.696199892336,12329.57053820888,12333.795068374639,12338.338095438754,12343.202635700585,12348.500091945121,12354.130538150905,12360.255792736738,12366.840806515813,12373.711442494307,12380.804654989184,12388.161021882797,12395.592387105178,12403.045551687705,12410.634989787288
12323.947675330624,12326.019487564672,12328.138135216193,12330.346220967298,12332.609814733216,12335.22889645555,12338.214080551843,12341.45431191985,12344.947297887915,12348.790475705195,12352.952150420831,12357.435338334186,12362.351442230243,12367.600536087548,12373.344438324903,12379.548099755499,12386.037383385514,12392.749243531913,12399.724258077047,12406.77427095095,12413.846083184997
12337.907938179014,12339.545768051814,12341.230433342087,12343.004536731944,12344.834148136613,12346.900165775365,12349.085265136451,12351.636466871496,12354.442715878255,12357.501719485072,12360.910914941103,12364.638607295492,12368.687812847598,12373.169934382408,12377.985045878464,12383.29496575457,12389.064644823919,12395.119946092685,12401.397823877836,12407.938856061723,12414.554886574377
12355.63375903652,12356.783657955708,12357.98039229237,12359.266564728612,12360.60824517967,12362.18633186481,12363.883500272284,12365.895569318673,12367.958840100104,12370.27715815325,12372.848230806456,12375.769495308876,12379.00925670965,12382.570531308145,12386.564721889343,12390.891902431787,12395.71389135428,12400.995639470017,12406.563009785172,12412.35295661671,12418.406057846985
12369.378177499511,12370.023918509314,12370.716494936589,12371.498509463447,12372.336032005118,12373.409960780871,12374.60297127896,12376.110882415962,12377.669995288008,12379.484155431768,12381.479997522381,12383.546912266202,12385.964018859235,12388.699622350625,12391.756739039733,12395.246771711545,12399.069794344603,12403.38762535771,12408.16521556406,12413.228427969829,12418.514216891983
12382.915326625978,12383.055778960706,12383.243066712908,12383.519792564692,12383.852026431288,12384.420666531967,12385.108388354982,12386.111010816909,12387.16483501388,12388.473706482566,12389.964259898105,12391.52588596685,12393.437703884809,12395.432415209734,12397.66273002605,12400.214558040085,12403.199302036823,12406.517035994806,12410.329578332838,12414.601879864114,12419.159803594808
12397.267457801787,12396.93647346452,12396.652324544728,12396.457613724517,12396.31841091912,12396.415614347805,12396.631899498825,12397.163085288757,12397.745472813735,12398.582907610426,12399.60202435397,12400.69221375072,12402.132594996685,12403.655869649616,12405.414747793939,12407.443311121944,12409.523702463985,12412.037009788728,12414.883307074717,12418.224412740754,12422.025277600036
12407.751409320286,12407.027770761531,12406.350967620248,12405.763602578549,12405.231745551664,12404.93629475886,12404.759925688391,12404.898457256835,12405.088190560324,12405.532971135526,12406.15943365758,12406.856968832843,12407.904695857318,12409.03531628876,12410.401540211595,12412.037449318112,12413.725186438664,12415.832532217173,12417.953185320428,12420.406828384928,12423.355279829477
12422.080348156858,12420.898927542055,12419.764342344724,12418.719195246977,12417.729556164044,12416.976323315192,12416.342172188673,12416.02292170107,12415.75487294851,12415.741871467664,12415.91055193367,12416.150305052885,12416.740250021312,12417.413088396705,12418.32153026349,12419.49965731396,12420.729612378464,12422.379176100925,12424.042047148132,12426.037908156584,12428.080126100534
12430.432160615856,12428.997500321088,12427.609675443791,12426.31128866608,12425.068409903182,12424.061937374365,12423.174546567883,12422.602056400314,12422.08076796779,12421.81452680698,12421.72996759302,12421.71648103227,12422.053186320734,12422.472785016162,12423.127987202983,12424.052874573486,12425.029589958027,12426.425914000523,12427.835545367765,12429.578166696254,12431.367144960239
12438.277659743706,12436.655433525124,12435.080042724014,12433.594090022489,12432.163645335779,12430.969606883147,12429.894650152852,12429.134594061468,12428.42573970513,12427.971932620509,12427.699807482735,12427.49875499817,12427.64789436282,12427.879927134434,12428.347563397443,12429.084884844133,12429.87403430486,12431.082792423542,12432.30485786697,12433.859913271644,12435.461325611817
12447.404302874904,12445.601039898946,12443.84461234046,12442.177622881558,12440.566141437472,12439.191066227464,12437.935072739792,12436.993979891033,12436.104088777318,12435.46924493532,12435.016083040171,12434.63399379823,12434.602096405504,12434.653092419741,12434.939691925374,12435.495976614688,12436.104089318038,12437.131810679344,12438.172839365398,12439.546858012696,12440.967233595493
12453.540662437594,12451.568452533449,12449.643078046778,12447.80714165969,12446.02671328742,12444.482691149226,12443.05775073337,12441.947710956423,12440.888872914524,12440.08508214434,12439.462973321006,12438.911937150879,12438.711092829968,12438.593141916019,12438.710794493467,12439.098132254594,12439.53729802976,12440.39607246288,12441.268154220748,12442.47322593986,12443.724654594473
12463.490547004221,12461.326990760586,12459.210269934425,12457.182987207847,12455.211212496086,12453.4758440184,12451.859557263053,12450.558171146617,12449.307986765227,12448.312849655553,12447.499394492728,12446.75701198311,12446.36482132271,12446.05552406927,12445.981830307228,12446.177821728865,12446.42564116454,12447.09306925817,12447.773804676548,12448.787530056168,12449.84761237129
12470.282508967155,12468.146184449406,12466.056695349129,12464.056644348435,12462.112101362558,12460.403964610758,12458.814909581295,12457.540755190743,12456.317802535237,12455.34989715145,12454.563673714509,12453.848522930775,12453.483563996258,12453.201498468705,12453.155036432547,12453.378259580068,12453.653310741627,12454.347970561143,12455.055937705405,12456.09689481091,12457.184208851915
12476.393257197014,12474.389384389238,12472.432346998934,12470.564747708213,12468.752656432309,12467.176971390481,12465.720368070992,12464.578665390412,12463.48816444488,12462.652710771064,12461.998939044097,12461.416239970336,12461.183732745792,12461.034118928212,12461.120108602026,12461.47578345952,12461.883286331053,12462.710397860541,12463.550816714776,12464.724225530254,12465.943991281232
12484.860004652557,12482.708425770375,12480.603682305667,12478.588376940543,12476.628579590235,12474.905188474002,12473.300879080109,12472.011470325126,12470.77326330519,12469.79010355697,12468.988625755597,12468.258220607433,12467.878007308485,12467.580687416501,12467.51897101591,12467.726939799,12467.986736596129,12468.666142051214,12469.358854831045,12470.384557572117,12471.456617248692
12488.809988312962,12486.604804054161,12484.446455212832,12482.377544471088,12480.36414174416,12478.587145251307,12476.929230480793,12475.586216349191,12474.294403952634,12473.257638827796,12472.402555649802,12471.618545125018,12471.18472644945,12470.833801180846,12470.718479403635,12470.872842810106,12471.079034230614,12471.70483430908,12472.34394171229,12473.316039076743,12474.334493376697
12494.276533664972,12492.01600464556,12489.802311043619,12487.678055541262,12485.609308053721,12483.776966800257,12482.063707269132,12480.665348376917,12479.318191219747,12478.226081334296,12477.315653395692,12476.476298110296,12475.987134674115,12475.580864644899,12475.410198107076,12475.509216752935,12475.66006341283,12476.230518730683,12476.814281373283,12477.731033977123,12478.694143516464
12501.552506843305,12499.366791361264,12497.227911296693,12495.178469331708,12493.184535381537,12491.427007665443,12489.788561671689,12488.465016316844,12487.192672697045,12486.175376348965,12485.33976194773,12484.575220199704,12484.160870300893,12483.829413809048,12483.733560808596,12483.907392991825,12484.13305318909,12484.778322044314,12485.436898224285,12486.428464365496,12487.466387442208
12508.9768531223,12506.747401336235,12504.56478496764,12502.471606698633,12500.433936444439,12498.63267242432,12496.950490126545,12495.583208467677,12494.267128543854,12493.206095891752,12492.326745186492,12491.518467134443,12491.06038093161,12490.685188135742,12490.545598831266,12490.675694710473,12490.857618603715,12491.459151154915,12492.073991030864,12493.02182086805,12494.01600764074
12515.17133027847,12512.825083310172,12510.525671759344,12508.315698308103,12506.161232871675,12504.243173669323,12502.444196189315,12500.960119348214,12499.527244242157,12498.349416407822,12497.353270520329,12496.428197286046,12495.85331590098,12495.361327922878,12495.10494343617,12495.118244133144,12495.183372844152,12495.668110213119,12496.166154906834,12496.997189561787,12497.874581152242
12522.553546176114,12520.2656992117,12518.024687664758,12515.873114217402,12513.77704878486,12511.917389586393,12510.17681211027,12508.751135273054,12507.376660170883,12506.257232340433,12505.319486456825,12504.452813226428,12503.936331845247,12503.50274387103,12503.304759388207,12503.376460089066,12503.49998880396,12504.043126176812,12504.599570874412,12505.48900553325,12506.42479712759
12529.640462745065,12527.235013159489,12524.876398991384,12522.607222922865,12520.39355486916,12518.416293049531,12516.558112952247,12515.014833493868,12513.522755770535,12512.285725318921,12511.230376814152,12510.246100962593,12509.61201696025,12509.06082636487,12508.745239260885,12508.699337340582,12508.705263434313,12509.130798186003,12509.56964026244,12510.341472300117,12511.159661273294
12535.003559437002,12532.520826193047,12530.084928366565,12527.738468639669,12525.447516927587,12523.39297144958,12521.457507693918,12519.836944577162,12518.267583195451,12516.953269085461,12515.820636922313,12514.759077412376,12514.047709751656,12513.419235497899,12513.026364735537,12512.903179156856,12512.83182159221,12513.180072685522,12513.541631103582,12514.236179482881,12514.97708479768
12538.200021255847,12535.905944572218,12533.658703306059,12531.500900139488,12529.398604987731,12527.53271607005,12525.785908874714,12524.354002318283,12522.973297496897,12521.847639947233,12520.90366434441,12520.030761394799,12519.508050294404,12519.068232600972,12518.864018398936,12518.92948938058,12519.046788376258,12519.583696029895,12520.13391100828,12521.017115947905,12521.946677823029
12544.218687645885,12542.02733585539,12539.882819482364,12537.827741208928,12535.828170950304,12534.065006925757,12532.420924623555,12531.091742960258,12529.813763032005,12528.790830375476,12527.949579665787,12527.179401609308,12526.759415402048,12526.42232260175,12526.320833292846,12526.489029167626,12526.709053056436,12527.348685603207,12528.001625474728,12528.987555307485,12530.019842075742
12549.702711247384,12547.611494323828,12545.567112817744,12543.61216941125,12541.712734019568,12540.04970486196,12538.5057574267,12537.276710630344,12536.09886556903,12535.176067779443,12534.434951936695,12533.764908747156,12533.445057406838,12533.20809947348,12533.206745031517,12533.475075773238,12533.79523452899,12534.5350019427,12535.288076681163,12536.374141380862,12537.50656301606
12555.030674158912,12553.278148480313,12551.572458219183,12549.956206057645,12548.395461910919,12547.071123998267,12545.865867807963,12544.975512256562,12544.136358440204,12543.552251895573,12543.14982729778,12542.818475353199,12542.837315257835,12542.939048569433,12543.276385372426,12543.883407359102,12544.542257359812,12545.620716018477,12546.712482001894,12548.13723794655,12549.608350826704
12561.687411741686,12560.339884647463,12559.039192970711,12557.827939393548,12556.6721938312,12555.752854502924,12554.952596896997,12554.467239929972,12554.033084697992,12553.853976737737,12553.856550724322,12553.930197364116,12554.35403585313,12554.860767749104,12555.603103136475,12556.615123707526,12557.678972292613,12559.162429535654,12560.65919410345,12562.488948632481,12564.365060097012
12566.693719345578,12565.717702811471,12564.788521694834,12563.948778677788,12563.164543675555,12562.616714907395,12562.187967861584,12562.074121454676,12562.011476782813,12562.203879382672,12562.577963929374,12563.023121129283,12563.818470178414,12564.696712634503,12565.81055858199,12567.194089713157,12568.62944885836,12570.484416661518,12572.352691789429,12574.553956878577,12576.801578903223
12571.49733887679,12570.893304900179,12570.33610634104,12569.86834588149,12569.456093436755,12569.280247226092,12569.223482737778,12569.481618888367,12569.790956774,12570.355341931358,12571.101409035557,12571.918548792963,12573.08588039959,12574.336105413175,12575.82193391816,12577.577447606824,12579.384789309524,12581.61173967018,12583.851997355587,12586.425245002232,12589.044849584376
12574.62523801731,12574.487833715559,12574.397264831281,12574.396134046592,12574.450511276718,12574.741294740918,12575.151159927464,12575.875925752915,12576.651893313408,12577.682908145627,12578.895604924686,12580.179374356954,12581.813335638442,12583.530190326888,12585.482648506735,12587.70479187026,12589.978763247822,12592.672343283337,12595.379230643606,12598.345860318466,12601.385737639974
12575.688254115956,12575.98325513847,12576.325091578457,12576.756366118034,12577.243148672425,12577.96633746089,12578.808607971701,12579.96577912142,12581.174152006179,12582.637572162663,12584.282674265987,12585.99884902252,12588.065215628274,12590.214475640985,12592.599339145097,12595.253887832889,12597.960264534717,12600.892669858982,12604.018655218762,12607.157947903297,12610.556982902423
12578.869931971729,12579.536492413241,12580.249888272228,12581.052722230805,12581.911064204194,12583.005812411659,12584.219642341468,12585.748372910186,12587.328305213945,12589.163284789427,12591.179946311751,12593.267680487283,12595.705606512036,12598.226425943745,12600.982848866857,12603.854408285857,12606.880516392646,12609.958452513474,12613.262417256738,12616.759962035518,12620.270814139052
12581.51394947644,12582.440131465086,12583.413148871208,12584.475604376918,12585.59356789744,12586.94793765204,12588.421389128982,12590.209741244833,12592.049295095727,12594.143896218342,12596.4201792878,12598.767535010466,12601.465082582352,12604.224704129485,12607.005145108329,12610.021189578574,12613.152370544707,12616.438100198631,12619.775657866592,12623.339244156989,12627.096410482904
12588.449553409964,12589.774356808144,12591.1459956238,12592.607072539042,12594.1236574691,12595.876648633232,12597.748721519709,12599.935695045093,12602.173870305522,12604.66709283767,12607.341997316662,12610.087974448861,12612.986595858394,12616.082764839815,12619.241007796481,12622.42007018486,12625.834736064638,12629.364538440306,12633.048889503763,12636.785068581257,12640.747276281189
12595.131624728012,12596.88748444539,12598.690179580242,12600.582312814684,12602.529954063939,12604.714001547269,12607.017130752944,12609.635160597525,12612.304392177153,12615.228671028499,12618.159727347696,12621.265688145886,12624.442721597285,12627.772399326015,12631.299624626634,12634.888923902497,12638.499042610074,12642.344764809051,12646.305623503917,12650.421030886571,12654.588266283263
12603.147427549104,12605.479271635217,12607.857951138805,12610.326068741982,12612.849694359973,12615.609726212038,12618.488839786447,12621.564824155183,12624.7588383685,12628.004054316863,12631.504317536945,12635.011358224878,12638.693303391801,12642.446321211935,12646.351983309401,12650.455192978756,12654.620476623355,12658.806579699667,12663.22828626738,12667.76512933098,12672.45652108237
12609.86986757425,12612.679055948514,12615.535079740253,12618.480541631583,12621.457885919734,12624.458855825875,12627.69623196609,12631.052689828652,12634.606018485538,12638.277376987005,12641.99993722352,12645.977544731753,12649.961929707837,12654.121219162911,12658.351581271198,12662.734587656814,12667.31514161432,12671.957769547069,12676.621216911533,12681.520267767397,12686.534455119147
12617.219554569498,12620.185121138726,12623.45987608222,12626.781466443188,12630.192494903746,12633.635405761126,12637.101942236495,12640.804884945941,12644.626909377732,12648.645804603846,12652.782729674544,12656.970856480286,12661.41403055775,12665.863982103063,12670.488838127365,12675.184766804881,12680.033339759726,12685.07946028646,12690.18765478844,12695.316668722133,12700.681286147226
12627.222638607846,12629.837864142846,12632.918656247077,12636.308636725571,12639.74545262154,12643.2717066171,12646.829843009482,12650.411605019852,12654.229773264298,12658.167023231092,12662.301143992207,12666.553294597905,12670.85664693865,12675.415046551114,12679.980223631428,12684.72030519073,12689.53145940325,12694.495257893095,12699.65660395483,12704.880023991811,12710.124263460506
12634.561144279985,12637.104954482742,12639.7639902205,12642.888592527486,12646.322383208737,12649.803009307463,12653.37307350578,12656.975020100917,12660.600592314044,12664.462570761247,12668.443630930797,12672.621561894668,12676.917522703123,12681.264685246624,12685.866895061845,12690.475882344916,12695.259774106975,12700.11473852225,12705.122347214852,12710.327503479344,12715.594733719081
12639.45576683997,12642.01503139937,12644.618106161528,12647.336406458686,12650.520273325074,12654.013328565725,12657.553219223852,12661.182547981569,12664.843759136107,12668.528595908634,12672.44983891524,12676.49016364419,12680.727359167462,12685.082584535317,12689.48901163822,12694.15048601284,12698.818737855312,12703.661894176772,12708.576123151448,12713.64299640345,12718.907417227343
12642.980752309957,12645.565201825182,12648.20891589981,12650.896440177194,12653.699189989577,12656.967506371191,12660.545011127067,12664.169351300421,12667.883129573365,12671.628790243129,12675.398076530882,12679.403769052715,12683.52854329689,12687.85018833539,12692.28986321847,12696.780739836599,12701.526663726447,12706.279365084143,12711.20697092083,12716.205649410731,12721.35697217796
12646.895187568556,12649.521244024376,12652.23174999542,12655.001520525868,12657.815101259072,12660.743907527274,12664.138280364708,12667.841841576404,12671.592238205578,12675.432072934342,12679.303790059925,12683.199132803498,12687.33088178115,12691.581712481146,12696.029413975464,12700.595145314364,12705.212078388313,12710.08405873398,12714.962816547497,12720.016478840003,12725.141213785724
12651.233529564675,12653.923435412451,12656.739397716046,12659.639809534867,12662.59948591309,12665.602972494069,12668.721684610047,12672.305963295255,12676.199430354727,12680.139732831676,12684.169473408216,12688.231096381574,12692.316344972924,12696.637999798351,12701.078736346122,12705.716343688217,12710.47198087489,12715.278819796615,12720.340705990058,12725.40936965135,12730.652937791632
12656.759899976487,12659.573977618591,12662.57796110847,12665.708001054172,12668.922490515097,12672.196244535424,12675.51380875851,12678.946598516592,12682.844954843904,12687.052499545482,12691.306879664535,12695.65069788318,12700.026398498643,12704.425724732097,12709.06145719963,12713.816271389505,12718.767956373704,12723.837671202484,12728.958587766312,12734.33455160186,12739.717292905258
12661.812817579434,12664.36253721734,12667.226334497347,12670.280037625133,12673.459797208738,12676.724006307566,12680.047479965799,12683.414763826788,12686.897273222776,12690.845349187992,12695.102613527473,12699.406713284432,12703.800251140981,12708.22567139435,12712.674717265707,12717.360169371144,12722.164703198925,12727.166107821027,12732.285542287713,12737.456178489445,12742.881861962896
12666.014243566198,12668.598793023644,12671.233062118996,12674.18140885645,12677.319661441681,12680.58397048273,12683.932729039005,12687.340752154683,12690.792585473118,12694.359644326552,12698.392269749214,12702.734083546142,12707.122732760547,12711.600820074542,12716.110789785356,12720.64438511416,12725.414386677043,12730.30346996227,12735.389424041818,12740.59340796595,12745.848593625127
12671.271119120529,12673.870073148651,12676.55357663422,12679.286799757694,12682.33410052327,12685.571307136623,12688.934570205794,12692.382282790191,12695.889259933992,12699.44004728055,12703.106060162107,12707.23763961289,12711.67840743794,12716.166010680467,12720.743052022584,12725.351975761521,12729.984525118447,12734.853480709451,12739.8415180228,12745.026426130471,12750.329364082725
12682.025300559117,12684.214442896804,12686.502539262612,12688.875185085868,12691.29755054703,12694.033993650291,12696.960342601331,12700.01274800819,12703.149602930273,12706.345722411761,12709.585652096006,12712.940807315248,12716.761529103718,12720.891439266454,12725.068184846668,12729.334368526474,12733.632434603096,12737.954126297709,12742.5122242264,12747.189403877435,12752.063454322793
12692.693568068371,12694.55422369985,12696.513833359448,12698.557992476495,12700.651871231446,12702.823384525238,12705.231340922292,12707.82920316712,12710.553121867772,12713.361490083646,12716.229122858924,12719.14056583696,12722.167234349994,12725.659469432254,12729.460892888781,12733.309151762785,12737.246848736382,12741.216428106796,12745.209633095199,12749.439244317682,12753.787937262508
12698.871109649383,12700.569398148404,12702.366640675544,12704.248432660133,12706.179944282627,12708.18909044396,12710.434679708556,12712.772312576099,12715.20780768847,12717.769359256663,12720.41536034008,12723.1206259829,12725.869701828478,12728.734003209054,12732.063871158856,12735.702927482926,12739.388819224472,12743.164149065611,12746.971361303567,12750.802199159512,12754.869443249538
12702.596872279426,12704.287994451994,12706.07807065268,12707.952696310816,12709.877041606858,12711.879021441739,12714.11744437988,12716.44791092097,12718.87623970689,12721.369073380436,12723.923458622176,12726.562293379138,12729.260392695507,12732.002302214632,12734.859437268755,12738.182138892103,12741.81402888972,12745.492754304814,12749.2609178195,12753.060963731003,12756.884635260494
12708.37596717075,12710.068363285814,12711.859713429,12713.735613029634,12715.661232268174,12717.664486045553,12719.904182926193,12722.23592340978,12724.665526138198,12727.159633754243,12729.660907696742,12732.21656688098,12734.85667558044,12737.556048839308,12740.299232300931,12743.15764129755,12746.481616863397,12750.114780803511,12753.794780161104,12757.564217618288,12761.36553747229
12712.060650823189,12713.757081771204,12715.552466747342,12717.432401180928,12719.362055252419,12721.36934386275,12723.613075576342,12725.948850892883,12728.382488454252,12730.880630903248,12733.384665736201,12735.88997451165,12738.449668528841,12741.093812061254,12743.797220153074,12746.544438447649,12749.406882277219,12752.734892676019,12756.372091449084,12760.05612563963,12763.829597929765
12715.645707685764,12717.685261836858,12719.823770016073,12722.046827652737,12724.319604927305,12726.670016740714,12729.256871657384,12731.935770177002,12734.71253094145,12737.553796593524,12740.396919796602,12743.244077832633,12746.09250981116,12748.995327031429,12751.98259376692,12755.029125061817,12758.11946655947,12761.325033592117,12764.996167193995,12768.976489170138,12773.003646563762
12719.901278531932,12722.37631632648,12724.950308149148,12727.608849429264,12730.317110347283,12733.103005804145,12736.038489447597,12739.060828007721,12742.175210170792,12745.387454578691,12748.664203874217,12751.942810720748,12755.225452400233,12758.509368022213,12761.847668885934,12765.270419264876,12768.752434203227,12772.278259344333,12775.919310020432,12780.025927265762,12784.441732885358
12724.614951637228,12727.56226622051,12730.534543009242,12733.580811620644,12736.711629689495,12739.892167396247,12743.150339641843,12746.558100074028,12750.052715422886,12753.63937437469,12757.323895571322,12761.072921655583,12764.823805290847,12768.578723759065,12772.334916169779,12776.145493822234,12780.040520989909,12783.994812716994,12787.992914646833,12792.106242111666,12796.68513614573
12729.655522565725,12732.687054528962,12736.165901075481,12739.669709827453,12743.247510402092,12746.90986043418,12750.621930104171,12754.411634313004,12758.350926708428,12762.377074020524,12766.495264935566,12770.711318095437,12774.991876142934,12779.274291741436,12783.560742172893,12787.848466546844,12792.190576162538,12796.61713529345,12801.102958983773,12805.632592876851,12810.277452304921
12732.772490104391,12735.79358383586,12739.346209530568,12743.346149808558,12747.371052292,12751.469946598108,12755.653390361666,12759.886553763126,12764.19735170343,12768.657737830323,12773.20497887389,12777.844263520401,12782.581410411742,12787.38306219071,12792.18657152068,12796.994115683607,12801.80293378903,12806.666137136193,12811.613789998575,12816.620707420367,12821.671435044915
12735.428952115344,12738.456109068795,12742.004359753713,12746.08414240187,12750.61123963331,12755.163299070202,12759.789350329762,12764.499951046768,12769.26027140168,12774.098226295431,12779.085769375775,12784.160167372791,12789.326608972753,12794.590912817543,12799.91972154996,12805.250387833381,12810.585088949758,12815.92106400863,12821.311424309244,12826.786234125075,12832.320308500317
12738.225236733273,12741.28242838237,12744.866776984918,12748.972219318934,12753.609193616188,12758.693482496725,12763.802733582714,12768.98597649137,12774.253768857476,12779.571280861484,12784.966427404333,12790.511162133775,12796.142751779887,12801.866385028947,12807.687880522833,12813.573880904349,12819.461738836866,12825.35363160234,12831.24679831031,12837.194350260022,12843.22635172495
12739.753862332089,12742.792803379149,12746.388936075306,12750.512225724913,12755.156609105989,12760.332524450303,12765.955754377901,12771.60394651095,12777.326130466667,12783.132863879831,12788.9893169309,12794.923404520809,12801.007080297311,12807.177610990484,12813.440185286603,12819.80062182755,12826.225563256125,12832.652362235702,12839.083196048236,12845.515303803268,12852.00179680004
12742.499208672576,12745.71463207975,12749.46899653398,12753.78055263731,12758.619265694091,12763.97907248234,12769.870411233826,12776.209064568597,12782.572680108819,12789.010287471709,12795.532444292045,12802.104320750286,12808.753831747368,12815.552930931042,12822.438885031388,12829.41688273468,12836.4927426828,12843.633107518546,12850.775329905297,12857.921587125003,12865.069118287209
12745.201217037606,12748.41585039603,12752.345907161627,12756.814904974284,12761.841094436038,12767.394440851243,12773.468880997916,12780.074853107828,12787.128139801023,12794.20638869967,12801.358629420985,12808.595419599746,12815.881929416411,12823.24607377192,12830.759806314018,12838.360393772788,12846.053024834504,12853.84351814105,12861.69851633522,12869.555372080395,12877.416262658528
12747.574756594826,12750.777429474085,12754.694735711766,12759.327465356622,12764.499136048536,12770.22799838955,12776.484017684012,12783.261130709943,12790.569775699112,12798.325735271565,12806.10665704947,12813.961570650043,12821.901033708062,12829.890216403985,12837.957033638751,12846.159706518009,12854.376111939366,12862.679372277393,12871.074676218366,12879.56784240417,12888.125513477598
12751.52794428591,12754.743258855297,12758.661246303942,12763.29386711101,12768.641911325252,12774.528896586553,12780.973073496953,12787.944407360801,12795.43683495612,12803.460794514674,12811.676109084061,12820.1473832259,12828.643619573191,12837.21384774315,12845.868625370556,12854.573122635866,12863.355254440019,12872.273241888663,12881.204961879406,12890.22353678682,12899.33415529718
12753.458528637504,12756.530170140135,12760.31712621215,12764.806755163427,12770.011017473124,12775.930703189997,12782.389329953927,12789.405148366957,12796.948123733435,12805.012192831384,12813.083834334015,12821.6794353952,12830.466391467216,12839.509307111684,12848.577184961607,12857.719054634195,12866.945473764232,12876.22161253217,12885.575385838954,12895.065014790229,12904.568376283602
12756.672418464308,12759.726795640225,12763.352814318772,12767.694147566706,12772.7381536939,12778.496793179514,12784.970856072305,12791.983860012153,12799.5540556011,12807.608432777017,12815.705785319413,12824.324231593278,12832.950250271828,12842.100228508929,12851.441561756863,12861.03885457725,12870.661109603088,12880.357356451595,12890.138152757549,12899.968668701404,12909.876819184106
12759.669192316098,12762.784229012468,12766.453642884757,12770.694698259675,12775.65106820398,12781.310111027546,12787.683787209531,12794.772886798693,12802.400927434912,12810.515964131284,12818.701196416603,12827.37061028889,12836.082999527658,12845.316482497894,12854.557537872815,12864.322552806289,12874.278922750593,12884.491252267351,12894.72854398956,12905.03982753444,12915.435660536765
12763.153430838292,12766.337359240802,12770.136324339685,12774.489666614483,12779.414650391913,12785.05494873873,12791.397919964806,12798.455524549303,12806.228552540975,12814.412480943487,12822.724449982215,12831.5234150811,12840.39257576893,12849.745918043727,12859.142235685007,12869.059647057753,12878.984630835186,12889.43357417117,12900.073872517985,12910.970130437254,12921.891350561975
12767.232857328534,12770.446526963628,12774.34412500123,12778.856759735203,12783.923771645095,12789.562425057617,12795.916393039528,12802.973033900695,12810.744308120285,12818.957977755377,12827.444675382141,12836.342273419747,12845.367912093567,12854.880546827544,12864.463377150467,12874.530389060355,12884.640376336729,12895.271457344566,12905.910110757093,12917.072723728168,12928.426691710078
12769.183391652869,12772.284019421822,12776.09831682587,12780.596542632426,12785.709805135353,12791.3774448142,12797.616725995675,12804.57132174654,12812.22859037666,12820.329218145616,12828.701120134161,12837.515417538207,12846.602742933925,12856.100968740484,12865.727235183258,12875.84049768619,12886.023955778066,12896.691595456909,12907.402210502236,12918.63391927903,12929.87320046051
12772.938791973005,12776.045257514492,12779.75235082493,12784.173113770463,12789.277805118505,12794.997533162918,12801.271638383249,12808.11738510621,12815.67844639856,12823.784911940047,12832.048646111652,12840.755739422093,12849.734106952124,12859.154869897655,12868.84866083486,12878.953352182903,12889.186084167162,12899.90581221158,12910.695735844942,12921.969841065269,12933.286921652083
12775.734600155356,12778.786698026299,12782.445261438728,12786.704452620112,12791.677313436587,12797.334102655572,12803.605928570929,12810.432131662203,12817.829976256107,12825.882074127052,12833.995233290345,12842.653796702774,12851.469628745324,12860.728819926708,12870.259285327682,12880.232146144157,12890.478034952304,12901.134824171293,12911.919654026495,12923.191479941856,12934.533501446162
12779.35708631597,12782.39818285654,12785.991377268054,12790.191037221055,12794.99132494301,12800.505282300055,12806.703168059612,12813.51609051554,12820.883390147386,12828.82233128186,12836.863427822433,12845.456622233949,12854.110877937814,12863.310537890813,12872.667466473935,12882.46775419589,12892.539316137436,12903.05327349448,12913.8402588432,12925.03814460276,12936.364070998534
12784.552854701631,12787.628003143469,12791.244248125875,12795.412590979226,12800.187399374065,12805.562835537856,12811.651941336739,12818.424975538132,12825.813046435898,12833.75549450958,12841.830642951418,12850.344732527728,12858.960977510136,12868.12932036349,12877.358724509191,12887.133532904028,12897.065609928986,12907.44104609278,12918.087756476161,12929.176862275044,12940.5389960656
12788.387698702109,12791.374747409918,12794.936944559568,12799.040238249785,12803.695629810947,12808.957486913596,12814.819971785199,12821.396126291893,12828.656209201095,12836.531328806674,12844.518377514485,12852.947874295976,12861.510071445626,12870.511209729748,12879.614503419967,12889.269894981131,12898.986347834643,12909.248204937292,12919.66733067006,12930.529815541664,12941.663574632857
12793.669668574492,12796.645337408381,12800.108054950082,12804.14592093362,12808.72488345773,12813.855943852783,12819.59346978932,12825.931623494815,12832.9834468354,12840.719198578492,12848.694867412383,12857.045655851853,12865.508373393553,12874.413539008936,12883.451404992475,12892.928212110488,12902.507174634598,12912.638235029652,12922.830356717055,12933.567882653595,12944.462677220252
12797.659229905355,12800.673643713513,12804.163726355559,12808.140857705417,12812.693137497114,12817.78651382938,12823.431988032591,12829.683927777287,12836.536495290937,12844.10273243968,12852.117146247838,12860.367311799087,12868.857394441136,12877.722596688764,12886.699728038622,12896.11930746216,12905.671587253857,12915.662808180028,12925.756184512296,12936.401658715507,12947.108194211069
12811.131583439483,12814.031102125095,12817.445034618864,12821.33463594652,12825.71128598199,12830.663084459298,12836.155979477177,12842.200972366,12848.852430796305,12856.104516995567,12864.004035681179,12871.969791515534,12880.383724009303,12889.033408246163,12897.923009573824,12907.187730507063,12916.564380542533,12926.383478651684,12936.33527712899,12946.726016740773,12957.218911758653
12824.977357202859,12827.888082595888,12831.198326674526,12835.022984561325,12839.323311282007,12844.110686710506,12849.473210580842,12855.376830991749,12861.832549273598,12868.894733096933,12876.557544689222,12884.46827008225,12892.77851416089,12901.154995388273,12909.97965327507,12919.040062904958,12928.340389625646,12938.015835951914,12947.803211380411,12958.03303488259,12968.395558752924
12836.07752065961,12838.678372440589,12841.689949614596,12845.101045474214,12849.02655514199,12853.427733643652,12858.31596085313,12863.779336504444,12869.78380869633,12876.340378759158,12883.50341436347,12891.104266144448,12898.867929517715,12906.879506691723,12915.29060255134,12923.767935559703,12932.693445227478,12941.854706638345,12951.255885140012,12961.032183247258,12970.920410456734
12855.855196744886,12858.388354374256,12861.022363784607,12864.067098587984,12867.511352076974,12871.470019374123,12875.904355505154,12880.825740344004,12886.322273624688,12892.359903445946,12898.949631138144,12906.145824371828,12913.6789820012,12921.312991411549,12929.109812414188,12937.154547217566,12945.598800706555,12954.109291344288,12963.067958641435,12972.262377681674,12981.696713812711
12886.088854125197,12888.651193716016,12891.246690936207,12893.943039937376,12897.050114331572,12900.55670741138,12904.57771429935,12909.0743900212,12914.058114450869,12919.616987322373,12925.71695673445,12932.369024017467,12939.627556841971,12947.18989643279,12954.785393652981,12962.48174265415,12970.340903247608,12978.447977641805,12986.954570721613,12995.527400950166,13004.548407838132
12915.661760891078,12917.819690573853,12920.039959847447,12922.293386750414,12924.647665434359,12927.41266951133,12930.577192273913,12934.256128844658,12938.410734249283,12943.052388361726,12948.269190916006,12954.027090010859,12960.337086976651,12967.25354948393,12974.411479166705,12981.631748440299,12988.885175343265,12996.239454027209,13003.756544303442,13011.521548380415,13019.686071142998
12942.542204309082,12944.227676725743,12945.975488733224,12947.756458370077,12949.638279787909,12951.665822521794,12953.958369332653,12956.650434829122,12959.856914133754,12963.539062272264,12967.708259118595,12972.45260440676,12977.738046235501,12983.57558593518,12990.019591176346,12996.705063593006,13003.452875600487,13010.233845237339,13017.11566665517,13024.143209389056,13031.187842399177
12961.631920749087,12963.08405848098,12964.59853580369,12966.146170755776,12967.79465748884,12969.588865537957,12971.648077664047,12973.91474297928,12976.37347379098,12979.346618410844,12982.795431864586,12986.731294026149,12991.242304629546,12996.294411773519,13001.898616788429,13008.109287344825,13014.561425076718,13021.07590239943,13027.623537351514,13034.272024084577,13041.066232133695
12991.875199356027,12992.79536787752,12993.777875989832,12994.793541731517,12995.910059254182,12997.172298092899,12998.699541008591,13000.434237113423,13002.360998714723,13004.329029504324,13006.770204913788,13009.687049157132,13013.090942108294,13017.069983501293,13021.590121434865,13026.662357239375,13032.341058585373,13038.261227106865,13044.24373521918,13050.259400960862,13056.375918483525
13015.743623650964,13015.93656797894,13016.19185189774,13016.48029344591,13016.869586775061,13017.404601420263,13018.20462014244,13019.212092053758,13020.411629461543,13021.652436057631,13023.36638727358,13025.139163080066,13027.328783129895,13030.005451887544,13033.257269087027,13037.050182827084,13041.39519443808,13046.346671590563,13051.539615918542,13056.794899837341,13062.08334138551
13055.314351822097,13054.83818891348,13054.424365595685,13054.04369990726,13053.763885999819,13053.629793408425,13053.760704894008,13054.099069568732,13054.629499739924,13055.201199099416,13056.24604307877,13057.349711648663,13058.870224461898,13060.701117225302,13062.708678746358,13065.291388709247,13068.41519521271,13072.09109958711,13076.373469503,13080.897306594385,13085.48348327659
13095.03878207418,13094.052094832503,13093.127747181647,13092.236557160162,13091.446218919658,13090.801601995205,13090.421989147726,13090.24982948939,13090.26973532752,13090.330910353952,13090.865230000245,13091.458374237078,13092.46836271725,13093.788731147595,13095.285768335589,13097.275244002529,13099.347429632357,13101.96071180276,13105.126091844098,13108.897937426927,13112.91125018525
13124.208392017446,13122.688325555264,13121.230598683902,13119.806029441912,13118.482311980903,13117.304315835943,13116.391323767959,13115.685784889118,13115.172311506742,13114.700107312668,13114.701047738456,13114.760812754783,13115.23742201445,13116.024411224287,13116.988069191775,13118.44416563821,13119.982972047532,13121.949592827026,13124.029495776924,13126.661496597757,13129.89996296008
13150.373653295324,13148.37837848439,13146.44544326428,13144.545665673539,13142.746739863778,13141.09353537007,13139.705334953334,13138.524587725742,13137.535905994615,13136.588493451793,13136.114225528829,13135.698782196405,13135.700183107323,13136.011963968409,13136.500413587146,13137.481301684831,13138.544899745402,13140.036312176146,13141.641006777294,13143.665798428543,13145.822590900625
13167.170412132507,13164.813508234529,13162.518943927373,13160.257537249585,13158.09698235278,13156.082148772026,13154.332319268244,13152.789942953606,13151.439632135434,13150.130590505565,13149.294693495556,13148.517621076087,13148.157392899959,13148.107544674,13148.234365205692,13148.85362421633,13149.555593189856,13150.685376533555,13151.928442047656,13153.59160461186,13155.386767996897
13188.080069930931,13185.176224827585,13182.334719315062,13179.526371431906,13176.818875329735,13174.257100543613,13171.960329834465,13169.87101231446,13167.97376029092,13166.117777455684,13164.734939240308,13163.410925615472,13162.503756233977,13161.90696680265,13161.486846128975,13161.559163934246,13161.714191702406,13162.297033840736,13162.993158149471,13164.109379508309,13165.357601687978
13206.085053416236,13202.66499171174,13199.27808763661,13195.992035342464,13192.851704364368,13189.773148172395,13186.897821271272,13184.229947559292,13181.754139343779,13179.319600316569,13177.358205909219,13175.455636092407,13173.96991051894,13172.794564895637,13171.795888029988,13171.289649643286,13170.866121219471,13170.870407165827,13170.987975282587,13171.525640449452,13172.195306437146
13222.101126962574,13218.284472859823,13214.568670538056,13210.998589532337,13207.490283312742,13204.185206383996,13201.087582644393,13198.157832616773,13195.252274373637,13192.387985318805,13189.996840883832,13187.664521039398,13185.74904543831,13184.143949787385,13182.715522894114,13181.779534479789,13180.926256028353,13180.500791947086,13180.188610036224,13180.296525175467,13180.536441135539
13238.832843209379,13235.05025212132,13231.413382349312,13227.838287363425,13224.46642166839,13221.302009162497,13218.305470368587,13215.33312335916,13212.402045538038,13209.835256771747,13207.377323570483,13204.97821495976,13202.99595059238,13201.324066175166,13199.828850515603,13198.826073334989,13197.906006117262,13197.413753269706,13197.034782592553,13197.075908965506,13197.249036159286
13253.17443669689,13249.590523102637,13246.068384294505,13242.749474777225,13239.638018449088,13236.694435832933,13233.77504500126,13230.896923357894,13228.383090769357,13225.936046947112,13223.531069923603,13221.184917490635,13219.25560930101,13217.636681061553,13216.194421579745,13215.244600576885,13214.377489536913,13213.938192867112,13213.612178367714,13213.706260918421,13213.932344289957
13266.196781997005,13262.401896321175,13258.810239936196,13255.42603674036,13252.209707256507,13249.017569557136,13245.86670104607,13243.080121589835,13240.307374722137,13237.587584032195,13234.909860140988,13232.29096084032,13230.088905782997,13228.197230675842,13226.482224326335,13225.259656455777,13224.119798548107,13223.407755010607,13222.80899364351,13222.63032932652,13222.583665830356
13276.084634461266,13272.280014488546,13268.68284770497,13265.253554633375,13261.848453346262,13258.484621247455,13255.48507820348,13252.49936774804,13249.566613470357,13246.675925991407,13243.844063102999,13241.131099515258,13238.716080870194,13236.611442175297,13234.683472238048,13233.24794077975,13231.895119284338,13230.970112159097,13230.15838720426,13229.766759299526,13229.507132215622
13280.941578652279,13277.465516691003,13274.157328441708,13270.873331976896,13267.630604700389,13264.752166478713,13261.887560845575,13259.075911390191,13256.306328733543,13253.595570667434,13251.003711901993,13248.624816724294,13246.330902901529,13244.347369028934,13242.540503913984,13241.226077277985,13239.994360604875,13239.190458301933,13238.499838169397,13238.229315086963,13238.090792825358
13284.735182586164,13281.576379688086,13278.441768574492,13275.348426649201,13272.619373778743,13269.904153496822,13267.241889392657,13264.621692087225,13262.060319372335,13259.61784595811,13257.267231309328,13255.037721482846,13252.8931930113,13251.05904448992,13249.40156472619,13248.236523441406,13247.154192119515,13246.49967516779,13245.958440386472,13245.837302655254,13245.848165744868
13290.515555793,13287.546130883125,13284.617975161553,13282.054108494814,13279.50407441661,13277.006996516166,13274.551985414451,13272.15579890328,13269.820985106999,13267.543697896494,13265.35826945143,13263.293945828667,13261.314603560839,13259.64564124318,13258.153347683166,13257.153492602103,13256.23634748393,13255.747016735924,13255.370968158324,13255.415016630826,13255.591065924158
13298.802707092382,13295.725524116147,13293.012630194746,13290.31356886188,13287.664541607219,13285.01843645211,13282.414398095734,13279.8691843299,13277.385343278956,13274.95902881379,13272.624573114063,13270.411222236638,13268.282852714148,13266.464863141826,13264.82354232715,13263.674659991426,13262.608487618589,13261.970129615922,13261.44505378366,13261.340075001499,13261.367097040169
13307.757364289453,13304.976301481927,13302.20907126294,13299.491875122154,13296.777601080923,13294.105393838425,13291.492011186467,13288.923842300344,13286.371832363277,13283.877349011987,13281.474724426136,13279.19320466259,13276.996666253975,13275.11050779553,13273.401018094733,13272.183966872884,13271.049625613925,13270.343098725134,13269.74985400675,13269.576706338465,13269.535559491012
13334.703672519954,13331.634919856826,13328.616201271898,13325.600404786526,13322.626675099888,13319.711770003789,13316.842078673524,13313.988546292316,13311.187023848175,13308.391018052745,13305.686871022752,13303.103828815065,13300.60576796231,13298.418087059725,13296.407074914785,13294.888501248795,13293.452637545695,13292.444588212764,13291.549821050237,13291.075150937811,13290.732481646219
13358.290406044885,13354.696152102599,13351.104820259867,13347.55555521587,13344.065114762412,13340.619888074787,13337.19082033622,13333.81376253472,13330.44222138193,13327.162538994578,13324.003961429533,13320.928426072172,13317.854829862059,13315.091613602115,13312.505066099815,13310.410957076467,13308.399558016008,13306.815973325716,13305.345670805831,13304.295465336047,13303.377260687095
13374.544573155144,13370.555782517895,13366.60905867938,13362.721159431405,13358.878473949262,13355.051947416177,13351.277430820159,13347.508430872851,13343.831289690981,13340.275253331418,13336.80225917954,13333.331204174909,13330.170529120447,13327.186522823627,13324.28906402911,13321.797496211244,13319.388638356268,13317.407594871458,13315.539833557055,13314.092169292753,13312.776505849282
13384.158028821977,13380.016477311396,13375.933750391352,13371.896237237142,13367.874883031991,13363.905538763905,13359.94171114453,13356.069742290592,13352.318878258962,13348.651056435017,13344.98517375832,13341.62967103179,13338.450837062903,13335.358550596318,13332.663722924251,13329.977327434317,13327.373641907274,13325.197770750397,13323.135181763928,13321.492689827559,13319.98219871202
13404.026111019333,13399.622761338454,13395.26462542341,13390.922648457423,13386.6326814285,13382.348231048289,13378.155639433517,13374.084152641051,13370.095708056271,13366.109202618738,13362.43307713137,13358.933620401649,13355.52071117423,13352.505260741327,13349.498242490557,13346.573934202679,13343.753311441842,13341.25681752413,13338.873605776826,13336.910491079621,13335.079377203247
13478.706342393236,13472.917066130143,13467.143948816109,13461.422841439136,13455.707250710877,13450.083518748057,13444.580891607544,13439.161306674716,13433.743660889135,13428.63639505372,13423.70579797595,13418.861748400483,13414.415157619533,13409.976999020715,13405.621550384789,13401.369787275904,13397.438646927856,13393.511012662097,13389.696660566742,13386.30240552149,13383.040151297067
13540.615036594274,13533.44559469942,13526.328162741629,13519.216247432552,13512.196190888913,13505.297239167581,13498.481329653934,13491.667359287536,13485.163768871302,13478.836847212713,13472.596473056428,13466.75355769466,13460.919074515023,13455.16730129828,13449.519213608575,13444.191748679708,13438.86778983313,13433.657113156958,13428.866533530887,13424.207954725645,13420.311630144828
13589.289880004646,13581.088178909204,13572.891994462476,13564.787668781186,13556.8044479222,13548.904269270903,13541.006029766853,13533.418170212966,13526.006979416727,13518.68233612279,13511.75515162337,13504.836399306081,13498.000356951687,13491.268000124332,13484.856266057812,13478.448038073582,13472.15309225976,13466.278243496037,13460.535395553143,13455.554801834674,13451.970532697023
13632.198934630807,13622.952180421713,13613.826531034925,13604.783923855823,13595.74325582397,13587.01296774228,13578.370539214477,13569.816919890432,13561.349848068694,13553.280235041471,13545.219054196377,13537.24058331418,13529.36579795902,13521.811635364698,13514.260978852664,13506.823604511039,13499.806327219512,13492.921050748815,13486.798028502542,13482.071330837089,13478.428902309286
13671.237180289876,13660.995534175645,13650.755827208664,13640.826500191844,13630.985032728913,13621.23237446974,13611.566263712873,13602.297611750522,13593.037391970298,13583.859882152972,13574.786057862684,13566.032856333233,13557.28316088607,13548.584121950942,13539.947708674188,13531.731392447531,13523.647077041705,13516.325015860304,13510.399279259722,13505.55781179679,13501.858772861662
13706.522362702297,13695.777887649912,13685.121272151417,13674.55346585668,13664.072207064248,13653.988407066332,13643.913039250545,13633.920381397655,13624.031409071802,13614.463059506787,13604.89821602406,13595.384029053366,13585.93246774105,13576.901003478828,13568.001540037438,13559.686392001873,13551.549182784907,13544.80829814876,13539.151682650265,13534.637495679573,13531.322347644009
13726.202254050457,13715.129015717372,13704.142324886592,13693.553092850329,13682.972292996192,13672.474203104954,13662.079798740753,13652.00601713739,13641.935741616313,13631.916122607272,13621.959129256607,13612.422232956036,13603.017337476298,13594.196757402386,13585.554116147072,13577.548684108722,13570.302367434228,13564.140319897384,13559.120700888345,13555.30012081443,13552.294688776083
13737.419871707554,13726.31042624456,13715.209412963692,13704.191109645724,13693.276491854793,13682.682496824698,13672.09200787689,13661.552175441118,13651.074968663725,13641.017858936422,13631.092750029953,13621.75195652931,13612.589101847267,13604.063456382186,13596.043242955455,13588.27671285423,13581.594451890656,13576.054619454886,13571.71382595424,13568.188180489162,13565.16796706243
13742.98771177025,13731.696209601789,13720.50839296036,13709.641199079771,13698.777511281467,13687.9644799952,13677.21407436731,13666.883765789511,13656.685458032547,13647.071465681407,13637.63541214887,13628.836567833292,13620.543155556066,13612.503426604344,13604.73022775385,13597.77476793978,13591.961736653515,13587.347744302373,13583.5488999868,13580.255487709572,13577.482288859077
13747.10226627412,13735.973461390899,13724.848162589962,13713.773520301063,13702.761503670543,13692.169584090112,13681.709665330516,13671.834061976744,13662.136397441574,13653.075942123365,13644.520918843507,13636.219578889153,13628.184769036026,13620.423158033394,13613.206087216695,13607.131444927798,13602.255841574024,13598.195386255818,13594.640362975959,13591.605553122832,13588.8439421202
13751.559267133536,13740.24301605716,13728.989390639163,13718.155862271255,13707.454334724182,13697.337122582932,13687.397849260286,13678.095785154599,13669.299153087262,13660.75620434543,13652.479785704827,13644.476565914718,13636.73495712724,13629.276277523064,13622.96002644669,13617.842814305439,13613.540750199756,13609.74411813242,13606.467699491815,13603.464479701704,13600.722870914227
13754.567404534455,13743.491340479408,13732.547277245196,13722.18752941681,13712.005720407024,13702.461120614198,13693.421952859724,13684.636468430754,13676.11751410301,13667.871758625764,13659.887614151148,13652.14507846401,13644.443863172695,13637.885076409182,13632.525328580792,13627.980728787972,13623.941561033496,13620.422606705753,13617.176851228505,13614.192706753889,13611.45017106675
13758.626692967435,13747.980207942877,13737.51166173692,13727.680324747924,13718.354419797279,13709.282198172137,13700.476506648223,13691.944013974806,13683.673132304019,13675.643859420708,13667.655906933223,13659.869169737052,13653.023645777368,13647.377160752807,13642.545823763816,13638.219918813169,13634.414227289255,13630.881734615836,13627.610852945048,13624.581580061738,13621.794842865567
13767.064044527258,13757.049764656194,13747.540916823484,13738.285752316275,13729.297117910293,13720.58168235481,13712.127857801956,13703.91564203658,13695.744746667027,13687.77506658879,13680.092123706723,13673.063656864972,13667.234228958345,13662.219949087286,13657.711101254574,13653.722466848592,13650.007031293108,13646.553206740253,13643.340990974877,13640.371310896639,13637.688368014571
13767.958063804392,13758.545526657708,13749.39951961225,13740.526711417293,13731.915514224964,13723.545925820112,13715.217657811085,13707.090605093374,13699.25028957183,13691.592916932355,13684.40707745113,13678.420276905028,13673.248624394493,13668.582403922306,13664.43639687685,13660.563588681889,13656.95239148956,13653.58280308471,13650.455750366995,13647.615434845453,13644.958062205978
13766.060219934525,13757.094410393418,13748.390211854938,13739.927622103934,13731.506352748758,13723.286298684896,13715.352981817203,13707.602607831577,13700.009606485426,13692.73076565805,13686.650963765798,13681.386309909112,13676.627088090776,13672.388079699169,13668.422270158057,13664.718071619578,13661.255481868577,13658.03542780471,13655.10211093702,13652.351736951394,13649.758735605243
13760.214311803484,13751.887073619644,13743.601155831633,13735.516453334936,13727.718488034408,13720.103465615948,13712.645815836962,13705.281167404128,13698.137678143916,13692.193227818829,13687.063925529308,13682.440055278137,13678.336398453695,13674.505940479748,13670.937093508435,13667.609855324597,13664.525152827897,13661.727187527371,13659.11216510891,13656.654515329925,13654.28986689709
13755.9986660645,13748.083212810974,13740.454496753619,13733.008723578328,13725.677972821499,13718.389572285685,13711.19417309602,13704.21993307898,13698.444731997064,13693.484678950714,13689.030057942715,13685.095650361443,13681.434441630669,13678.034843902526,13674.876854961858,13671.96140170833,13669.332685650974,13666.886912475686,13664.556161718856,13662.26776118304,13660.072361993378
13752.144876355263,13744.822593178342,13737.554536826132,13730.401502892382,13723.290819179649,13716.273136813064,13709.476613619105,13703.879129360266,13699.096793136996,13694.819888952077,13691.063198193886,13687.579706286191,13684.357825381128,13681.37755326354,13678.63981683309,13676.188817598815,13673.866534421895,13671.598478069687,13669.445444135938,13667.334760423202,13665.317078056618
13754.495961193541,13747.066461428782,13739.751984082484,13732.479856957201,13725.30073117807,13718.34276457156,13712.583836900174,13707.640057264356,13703.201709666888,13699.283575496149,13695.638640175905,13692.255315858294,13689.113600328157,13686.21442048516,13683.55297707261,13680.940534425787,13678.456807836319,13676.027308071561,13673.712830725264,13671.44070359998,13669.261577820847
13754.582707745738,13747.2424976633,13739.944637801875,13732.739779286601,13725.75607994395,13719.971419536423,13715.001907164464,13710.537826830854,13706.593959923974,13702.923291867588,13699.514234813836,13696.346786547558,13693.421873968418,13690.734697819727,13688.096522436763,13685.570789700621,13683.061330375014,13680.606097874115,13678.265887791677,13675.96802793025,13673.763169414977
13757.165516552328,13749.860172152517,13742.647829098858,13735.656645217821,13729.864500271908,13724.887503361562,13720.415938489567,13716.4645870443,13712.786434449528,13709.36989285739,13706.194960052726,13703.2625629352,13700.567902248124,13697.922242326775,13695.389025052247,13692.872081188254,13690.364596649868,13687.901879610583,13685.554184989758,13683.248840589946,13681.036497536286
13759.147023515168,13751.731057668498,13744.536250994452,13738.540483255527,13733.359863552172,13728.684675887165,13724.52970164889,13720.647926261106,13717.02776187596,13713.649206278284,13710.513186367749,13707.61490288766,13704.765620173303,13702.028780105764,13699.308213448761,13696.597106117366,13693.893483324355,13691.22714349206,13688.675826078224,13686.166858885403,13683.750893038732
13761.52954410723,13754.142580537888,13747.954655903666,13742.581879305017,13737.714534744713,13733.36740361114,13729.293471328061,13725.481150047617,13721.910437554645,13718.582260748815,13715.49182037343,13712.450380763776,13709.52138380094,13706.608660248641,13703.70539602195,13700.809616333643,13697.951119606052,13695.20764529692,13692.506521208801,13689.814364313504,13687.206241571537
13766.373934326222,13760.098820503572,13754.638854716493,13749.684320967763,13745.250000645761,13741.088879174253,13737.18936870538,13733.531467023979,13730.116101029722,13726.938471465908,13723.809842667824,13720.79365651656,13717.793743775834,13714.803290360713,13711.820321483978,13708.874635567958,13706.043972070396,13703.25565879385,13700.476312710125,13697.781000779729,13695.1938115913
13767.712900440198,13762.25642827737,13757.30538815289,13752.87456145514,13748.716933607882,13744.820916763261,13741.166508706112,13737.754636336105,13734.580500396543,13731.455365222711,13728.442672695699,13725.446253579223,13722.459293788354,13719.47981853587,13716.5376262441,13713.71045637079,13710.925636718497,13708.149784259023,13705.457965952877,13702.8742703887,13700.377764012952
13768.640266545006,13763.720912162767,13759.321771207258,13755.19582910224,13751.33149799986,13747.70877568495,13744.328589057184,13741.186138859863,13738.092689428271,13735.111682643499,13732.146949269263,13729.191675220634,13726.243885710392,13723.333379160862,13720.537895029793,13717.78476111974,13715.040594402506,13712.3804618386,13709.828452016664,13707.360137758904,13704.895317125396
13771.203790573563,13766.864302886273,13762.798014049473,13758.993336215312,13755.43026716862,13752.109733809073,13749.02693687997,13745.993140716597,13743.071787200044,13740.166707094028,13737.271086313616,13734.382950071593,13731.53209679028,13728.79626592743,13726.102785285597,13723.418271836581,13720.817792540895,13718.325435987175,13715.885089255395,13713.476428265854,13711.071260900564
13773.465966288544,13769.570319116168,13765.936282946432,13762.543855564165,13759.393963869043,13756.481808604365,13753.618654105416,13750.867942253288,13748.133503811696,13745.40852469571,13742.69103011811,13740.010818501223,13737.445629302798,13734.922790325389,13732.408918540797,13729.979080909536,13727.649722573959,13725.328007684664,13723.058302617308,13720.820283292192,13718.585757591327
13778.49333610564,13775.020366036299,13771.789004754428,13768.800179159703,13766.049089995422,13763.347001596869,13760.757355845137,13758.18398350394,13755.620070488352,13753.06364201115,13750.544496494658,13748.140373396629,13745.778600519616,13743.42579483542,13741.086860935819,13738.818089404953,13736.649797169772,13734.489148380873,13732.380509413913,13730.303556189196,13728.230096588726
13782.05691077004,13778.979260132111,13776.14414518133,13773.546766660991,13770.99838890638,13768.562453798591,13766.142792101338,13763.732589729692,13761.329871896432,13758.964437023884,13756.618147667827,13754.36773521374,13752.15967298067,13749.960577940417,13747.775354684758,13745.660293797835,13743.645712206597,13741.638774061641,13739.683845738624,13737.760603157849,13735.840854201324
13786.967615162252,13784.347988341793,13781.966097951778,13779.633208327488,13777.348696457811,13775.128249480345,13772.924075913415,13770.729361672093,13768.542131969154,13766.392185226929,13764.261384001195,13762.226459677431,13760.233885574682,13758.250278664753,13756.280543539417,13754.380970782817,13752.581877321902,13750.790427307267,13749.050987114573,13747.343232664121,13745.63897183792
13793.199297399533,13791.029293644122,13788.977399498695,13786.974506118997,13785.019990493909,13783.129539761032,13781.255362438691,13779.390644441957,13777.533410983608,13775.713460485973,13773.912655504828,13772.207727425654,13770.545149567493,13768.891538902153,13767.251800021408,13765.682223509397,13764.21312629307,13762.751672523025,13761.34222857492,13759.964470369057,13758.590205787446
13795.675823759297,13793.871268174076,13792.18482219884,13790.54737698933,13788.958309534433,13787.433306971747,13785.924577819596,13784.425307993053,13782.933522704894,13781.47902037745,13780.043663566494,13778.70418365751,13777.40705396954,13776.11889147439,13774.844600763836,13773.640472422016,13772.536823375878,13771.440817776023,13770.396821998109,13769.384511962437,13768.375695551016
13797.322879363854,13795.869591666142,13794.534413578413,13793.24823625641,13792.010436689021,13790.836702013841,13789.6792407492,13788.531238810163,13787.390721409512,13786.287486969575,13785.203398046127,13784.21518602465,13783.26932422419,13782.332429616547,13781.4094067935,13780.556546339187,13779.804165180558,13779.05942746821,13778.366699577804,13777.705657429638,13777.048108905727
13799.166261941451,13798.249289059182,13797.450425786896,13796.700563280336,13795.999078528392,13795.361658668655,13794.740512219456,13794.128825095862,13793.524622510657,13792.957702886162,13792.409928778157,13791.958031572123,13791.548484587107,13791.147904794907,13790.761196787304,13790.444651148433,13790.228584805249,13790.020161908344,13789.86374883338,13789.739021500658,13789.617787792191
13802.079427765293,13801.751875928272,13801.542433701232,13801.38199223992,13801.269928533224,13801.221929718733,13801.190204314782,13801.167938236436,13801.153156696477,13801.17565811723,13801.217305054472,13801.354828893685,13801.534702953917,13801.723544206963,13801.926257244608,13802.199132650985,13802.572487353047,13802.95348550139,13803.386493471675,13803.851187184198,13804.31937452098
13804.672938645343,13804.953382701951,13805.351936368541,13805.799490800857,13806.29542298779,13806.855420066928,13807.431690556607,13808.017420371889,13808.610634725559,13809.241132039942,13809.890774870812,13810.636294603655,13811.424164557515,13812.22100170419,13813.031710635465,13813.91258193547,13814.893932531162,13815.882926573133,13816.923930437048,13817.996620043199,13819.07280327361
13807.203017670163,13808.118035884021,13809.151163707862,13810.23329229743,13811.363798641614,13812.558369878001,13813.769214524931,13814.989518497465,13816.217307008385,13817.48237848002,13818.76659546814,13820.146689358233,13821.569133469344,13823.000544773271,13824.445827861795,13825.961273319052,13827.577198071995,13829.200766271215,13830.876344292381,13832.583608055784,13834.294365443446
13808.6344968906,13810.1180749069,13811.719762533186,13813.370450925197,13815.069517071826,13816.832648110656,13818.61205256003,13820.400916335007,13822.19726464837,13824.03089592245,13825.883672713013,13827.83232640555,13829.823330319105,13831.823301425477,13833.837144316443,13835.921149576145,13838.10563413153,13840.297762133196,13842.541899956805,13844.817723522652,13847.097040712757
13810.105487280496,13812.175844875379,13814.364312080246,13816.601780050838,13818.88762577605,13821.23753639346,13823.603720421417,13825.979363774975,13828.36249166692,13830.78290251958,13833.222458888726,13835.757892159845,13838.33567565198,13840.922426336934,13843.523048806483,13846.193833644764,13848.965097778731,13851.744005358978,13854.574922761169,13857.437525905598,13860.303622674284
13810.896787003441,13813.487495449413,13816.196313505372,13818.954132327053,13821.760328903354,13824.630590371855,13827.5171252509,13830.41311945555,13833.316598198584,13836.257359902334,13839.217267122569,13842.23761797366,13845.29340209587,13848.391536439094,13851.498637975137,13854.619611295777,13857.810746985147,13861.102361970205,13864.40162040154,13867.752888654823,13871.135842650341
13811.701523313664,13814.69736609927,13817.783917330848,13820.988578172412,13824.242239779698,13827.544279141603,13830.910383395709,13834.29276106036,13837.684598050615,13841.083919579254,13844.52052406861,13847.976274074448,13851.492467711145,13855.04409461896,13858.63807174779,13862.241016069438,13865.857832175681,13869.544810650657,13873.33226842132,13877.127369638261,13880.974480677149
13813.166274538917,13816.270760675898,13819.871089598486,13823.562126967046,13827.371273945591,13831.22942168986,13835.135947188748,13839.106537579835,13843.09340138147,13847.089724508707,13851.093532174327,13855.134622800666,13859.194858943485,13863.315538717165,13867.471651761962,13871.670115027773,13875.877545486404,13880.09884772963,13884.390312341588,13888.782256249233,13893.181843603157
13815.03488664555,13818.196282698174,13821.962164887778,13826.223889862991,13830.576323284175,13835.046866315344,13839.566410112238,13844.134331663749,13848.76631810746,13853.41457796172,13858.07229714158,13862.737500859825,13867.439987538786,13872.16161973423,13876.943695560534,13881.761204657954,13886.62106397639,13891.489890487646,13896.372588783495,13901.325449448077,13906.378789408345
13816.682692719485,13819.83487589946,13823.64845513206,13828.066520501636,13832.980428656823,13837.98504525798,13843.107771469124,13848.27949844599,13853.499603177475,13858.78377280116,13864.084215835393,13869.394118195227,13874.711505093446,13880.066174952382,13885.439990327799,13890.874249334078,13896.34394161147,13901.855984109881,13907.37699380111,13912.911875276934,13918.516919121488
13817.755534429356,13820.828774838697,13824.554198428013,13828.941018069952,13833.93232384887,13839.4194724134,13844.997329423895,13850.693296044381,13856.43826343059,13862.231608571414,13868.08901860444,13873.962702048015,13879.845844817188,13885.736472124749,13891.664382393026,13897.611438177782,13903.618937593403,13909.661870280137,13915.747153187887,13921.841403288458,13927.949525173623
13819.93766612145,13823.007900330083,13826.651374948056,13830.947032746006,13835.904086596578,13841.465626584128,13847.52300935729,13853.67110057642,13859.937301405536,13866.252503000378,13872.616082349834,13879.043726591493,13885.487644243702,13891.941021221506,13898.4018827377,13904.900027214611,13911.417317207999,13917.995050832253,13924.608217727618,13931.263734844002,13937.928219153206
13823.410122729289,13826.473796715132,13830.107704909607,13834.314853513424,13839.174185297215,13844.694913133631,13850.820127107025,13857.441183866029,13864.152949071002,13870.98282388596,13877.861699466646,13884.788952801946,13891.780271029447,13898.7878626675,13905.804913631146,13912.829449133184,13919.891267595936,13926.972231575168,13934.113639185265,13941.290480066473,13948.5096711687
13827.482736682812,13830.643896809155,13834.36873092134,13838.663799242158,13843.532107972318,13849.052599882452,13855.234487845211,13862.020861944946,13869.303078830293,13876.676004161609,13884.167039102911,13891.707074809938,13899.29548827158,13906.947966625425,13914.61671838982,13922.294929479809,13929.980625108188,13937.703603697284,13945.445727802859,13953.248295539299,13961.08629654685
13830.501343268195,13833.602452066369,13837.364720990885,13841.690663901243,13846.586841020235,13852.056258548568,13858.177859256875,13864.960856017808,13872.348338915715,13880.231664599236,13888.205698728725,13896.2978424682,13904.398951266374,13912.540095771574,13920.72961803139,13928.983205183407,13937.253065745976,13945.532385634138,13953.81919006069,13962.14327744796,13970.486510351708
13832.931030430114,13835.989116821205,13839.648312010468,13843.968667326073,13848.852696627522,13854.306960137603,13860.334464057027,13867.014151156423,13874.355234308445,13882.300803597444,13890.358889988533,13898.800302063142,13907.332422583722,13915.982652714287,13924.64184790355,13933.34107879984,13942.088687450745,13950.900360993854,13959.728307947511,13968.565714226763,13977.410605044406
13837.197502291829,13840.359709719078,13844.080003537418,13848.40140615393,13853.383968896784,13858.930205625482,13865.046676562812,13871.736387909485,13879.078282436132,13887.081573015403,13895.243780442652,13903.8515571589,13912.571850977238,13921.675470479096,13930.869798426926,13940.18223598474,13949.50363860125,13958.86507692479,13968.274893002945,13977.748773973302,13987.238928354209
13842.791523447564,13845.928205710745,13849.727095401173,13854.084071482692,13859.042156362384,13864.661401368418,13870.844320360296,13877.597473560805,13884.923867170657,13892.902443960485,13901.039126223664,13909.679099066114,13918.477988756544,13927.72244773597,13937.07942381749,13946.819725582527,13956.650735793535,13966.59985561453,13976.55794049422,13986.55606108094,13996.602559422274
13846.186293148357,13849.039796270366,13852.529981655554,13856.682374467991,13861.392853671518,13866.704441673219,13872.67718980126,13879.213611915147,13886.320268237663,13894.000164969524,13901.853668091531,13910.185748003367,13918.675933388555,13927.669409353011,13936.82180216545,13946.419764266884,13956.130243470412,13966.224048357457,13976.408561690474,13986.711184633476,13997.022772635175
13848.986021197756,13851.845474680524,13855.0584312853,13858.908070153257,13863.41991644846,13868.489849134754,13874.160890619223,13880.493092230032,13887.388967826688,13894.855077631972,13902.71453111474,13910.753881329369,13918.966837934144,13927.658371328745,13936.508010196701,13945.860939643926,13955.372785939133,13965.330201523335,13975.40013420963,13985.853392579444,13996.397359395229
13851.547079015349,13854.447830327977,13857.708035123373,13861.321743040779,13865.572133221363,13870.484730829194,13875.955414828117,13882.027207625213,13888.76016054865,13896.056787457934,13903.923648575847,13911.824399888474,13920.08460468387,13928.524706211128,13937.13841412853,13946.230698835761,13955.481089016344,13965.234769776198,13975.147367384032,13985.505534280863,13995.976218279786
13854.60395199956,13857.440654355261,13860.678108023592,13864.275015174688,13868.225425447796,13872.81251798408,13878.061817947613,13883.869204302238,13890.277699455035,13897.347354734175,13904.98068399916,13912.81738635486,13921.020949828475,13929.258403496802,13937.855310647901,13946.632114530861,13955.582524803964,13965.011511866896,13974.598604403182,13984.688987518735,13994.938287482271
13856.517039873892,13859.297209569882,13862.414081621577,13865.931704985898,13869.808781832984,13874.039361802084,13878.90662403436,13884.436093693883,13890.523649744498,13897.212314593287,13904.562139568417,13912.342309264408,13920.255808225384,13928.372680277076,13936.856413446681,13945.374036811,13954.25111365809,13963.308087237041,13972.538667206134,13982.247823965057,13992.115086197335
13858.994675777389,13861.861144560087,13865.007783038776,13868.49112387317,13872.37521602019,13876.618761649974,13881.215810401773,13886.449541416747,13892.345479858968,13898.79950469228,13905.854638323768,13913.570932081597,13921.437400864295,13929.584039342984,13937.864007086659,13946.34734792105,13955.197549873354,13964.08164202037,13973.32518765016,13982.748630011809,13992.3456787636
13862.635549307191,13865.68586295631,13869.102645388128,13872.799597515936,13876.833251999447,13881.267657795586,13886.06151707449,13891.208879475407,13896.9929241395,13903.439176230839,13910.44351471327,13918.048961993876,13926.099275642995,13934.365883049943,13942.78266548176,13951.479617609568,13960.30989900236,13969.34355348587,13978.744069087294,13988.178474883429,13997.972334162338
13864.545294256284,13867.49196373439,13870.988946861617,13874.85239877154,13878.996020377454,13883.476344339071,13888.357419613316,13893.597948370327,13899.19198024935,13905.42269439155,13912.315615960993,13919.766623921532,13927.713293399638,13935.76541015835,13944.262393285575,13952.97567017063,13961.839122080553,13970.982743686467,13980.259694557366,13989.740018518984,13999.587203598512
13865.393340315677,13868.216451568605,13871.48623229964,13875.306326679796,13879.492889842648,13883.95962270149,13888.763057916038,13893.96724444321,13899.53088445315,13905.448027585104,13912.001852980231,13919.217885802605,13926.992005016073,13934.815116269001,13943.084897000037,13951.460125011678,13960.28021939183,13969.316607529816,13978.503170692667,13987.96990355151,13997.569965675339
13866.455233471475,13869.35083094396,13872.569539669375,13876.234917872895,13880.450609725536,13885.032770360875,13889.895100692202,13895.094133379234,13900.693917378894,13906.653154861318,13912.965895465759,13919.915318333371,13927.52694862823,13935.422546100717,13943.59226278667,13951.810971512085,13960.476349715605,13969.247175199731,13978.46286705237,13987.894852662841,13997.477013298178
13868.208310391701,13870.974867879673,13874.137022840128,13877.622289053514,13881.554224745005,13886.036474085617,13890.885192208927,13896.014080028224,13901.479670203227,13907.346011690859,13913.571806661254,13920.151104753664,13927.367085109248,13935.133642597219,13943.011830380048,13951.173985340507,13959.61025951443,13968.095525727815,13977.027461419308,13986.064844391403,13995.547093732013
13869.272074339442,13872.004905386997,13875.004293922522,13878.399279930532,13882.117377191471,13886.282143930517,13890.997224318684,13896.078773489548,13901.4404923564,13907.138913578956,13913.238086114143,13919.69671213209,13926.508841272056,13933.957652675195,13941.690483722748,13949.689872258274,13957.800891088656,13966.19587709667,13974.864982318148,13983.583079579086,13992.747846318134
13870.096473633977,13872.87074832075,13875.877854055081,13879.15151727738,13882.820777972165,13886.813149919877,13891.252191345699,13896.241546420639,13901.597370278278,13907.233363831903,13913.206059741235,13919.579506963195,13926.312407667918,13933.398811494657,13941.121897584571,13948.896172271347,13956.903278005673,13965.176941227974,13973.56223474513,13982.231495439919,13991.17487534817
13871.417666656085,13874.257472088118,13877.371552206925,13880.718463373289,13884.33193202762,13888.34099815444,13892.673175534184,13897.452022392039,13902.781182899012,13908.476812188685,13914.452611174343,13920.765112515708,13927.478365169702,13934.551071306458,13941.97728056523,13949.817085997263,13957.879977519211,13965.99405763802,13974.34096880438,13982.954437458713,13991.679536407903
13873.177574925425,13875.991320179064,13879.144870864735,13882.57269623718,13886.233352657182,13890.160566565151,13894.48337794561,13899.129300578992,13904.221892690486,13909.864798451097,13915.874172994407,13922.163717233705,13928.789963828707,13935.81696173634,13943.203413126734,13950.943367639145,13958.757112892783,13966.910663578454,13975.28730035404,13983.715125726487,13992.375782146486
13875.446098978055,13878.267566520146,13881.402779315875,13884.877797543635,13888.627090458169,13892.609214420261,13896.85789587032,13901.50217479287,13906.469564968342,13911.883624621925,13917.847997924626,13924.178840010025,13930.789851791415,13937.737565928506,13945.086031378229,13952.793950310712,13960.615417852801,13968.676839907304,13976.812052703031,13985.287070930792,13993.985175248468
13877.906320789274,13880.864262840847,13884.143672434513,13887.736827281815,13891.669787561148,13895.877022527256,13900.317088540922,13905.023712042554,13910.125933016678,13915.551265243723,13921.423266948881,13927.845582303155,13934.634366440127,13941.70332027309,13949.108976461755,13956.915383963053,13964.873326014625,13973.039186998682,13981.318596592346,13989.837960698422,13998.431115545722
13880.252159115018,13883.239110450118,13886.684003836794,13890.450364765562,13894.530470947966,13898.950382562402,13903.644568863612,13908.57158621238,13913.765161049112,13919.354333358338,13925.266616920486,13931.625569960746,13938.534836650122,13945.810572122196,13953.366477290263,13961.259084814028,13969.24603614913,13977.53939498553,13985.984288372205,13994.637100691363,14003.40346162013
13881.767078218705,13884.697647305093,13888.115167726579,13891.99063019964,13896.187560214794,13900.698235483585,13905.548716184407,13910.673471572003,13916.031058007156,13921.655201930274,13927.674943325888,13934.017795974421,13940.807318101068,13948.14715387683,13955.853458435291,13963.784027521677,13971.77050177613,13980.09367838628,13988.511198807768,13997.235126730555,14006.110589203616
13884.120010209985,13887.013883260244,13890.338325396891,13894.149718868637,13898.419054391958,13903.009857457371,13907.914405776422,13913.158759527503,13918.67738796536,13924.428847450772,13930.44686442415,13936.860478870023,13943.597204568816,13950.780599745722,13958.514308571743,13966.408181622002,13974.508359230724,13982.832801367369,13991.213148672081,13999.930198332491,14008.741591804239
13887.208121596192,13890.154821267884,13893.495393989839,13897.266535798179,13901.524628941619,13906.240664136632,13911.27816687374,13916.629414864485,13922.32046828726,13928.285796396809,13934.483955553917,13940.948672198987,13947.808986316555,13954.99241168704,13962.622506535641,13970.569206207334,13978.74961470505,13987.090187427002,13995.637064707418,14004.408206515756,14013.235253492163
13890.066456235,13893.047177885244,13896.47459920718,13900.29589357938,13904.547757037963,13909.286571831648,13914.483328676904,13920.001553064256,13925.833522705245,13932.005297778263,13938.451347538057,13945.130228345408,13952.075666640723,13959.416702408535,13967.080849429265,13975.061571079508,13983.172387578354,13991.59980890029,14000.26093904825,14009.082233420446,14018.109832351105
13891.972718186535,13894.953254985187,13898.414513434082,13902.322471554668,13906.624302725517,13911.356702982752,13916.576054575087,13922.253348218994,13928.252109404995,13934.564615844636,13941.216927716305,13948.143514274749,13955.30293188075,13962.728906974717,13970.550479541178,13978.531016339828,13986.675700159209,13995.136958608104,14003.7283119056,14012.636270026185,14021.777936972796
13894.283140016505,13897.314960494958,13900.827317772062,13904.82039669941,13909.260175298448,13914.09382694775,13919.358047683438,13925.109219754228,13931.318333876587,13937.84891554104,13944.693242459134,13951.877374809255,13959.335781846152,13967.027019930605,13974.984815503025,13983.016635981478,13991.370029026391,13999.882386303494,14008.558890601327,14017.551969528675,14026.675143304623
13896.499020262701,13899.5090993522,13903.050998920153,13907.073435286757,13911.576593303604,13916.526450992142,13921.870181730943,13927.64448155613,13933.90573271642,13940.624925928278,13947.665586682231,13955.019992689824,13962.714204129445,13970.68269025584,13978.692769345342,13986.894086519294,13995.361961181214,14003.903860749166,14012.767332883579,14021.789769250181,14030.976352637514
13897.673493187334,13900.5924076944,13904.021401290964,13907.98221536598,13912.42356623965,13917.34563876356,13922.714410959163,13928.477056205029,13934.67027053728,13941.350436204635,13948.488543923559,13955.948119184575,13963.721439699233,13971.640354206298,13979.753480152984,13988.140880786445,13996.56987438301,14005.190106064027,14014.07689523301,14023.037709308028,14032.320095949506
13899.705428752568,13902.567512933296,13905.848511621087,13909.639589398377,13913.962487654122,13918.765922708517,13924.050079413155,13929.780935789484,13935.905665216078,13942.460963729056,13949.503213577138,13957.003405476788,13964.82506491853,13972.687149099258,13980.822553794642,13989.103552482435,13997.578762609846,14006.328247424035,14015.119325201327,14024.101641063071,14033.350514412781
13901.542859929967,13904.433362399677,13907.685949050114,13911.357450207615,13915.539030454614,13920.25243118007,13925.446368704173,13931.121027878522,13937.24238672456,13943.757618620864,13950.703419603551,13958.136171921344,13966.026674391052,13973.917368760413,13982.129530671864,13990.382117322302,13998.908024487395,14007.579525644896,14016.445238242019,14025.585225525916,14034.766805772919
13903.605399119451,13906.593171667906,13909.97144668607,13913.711805884961,13917.871079590916,13922.540432386368,13927.741605660278,13933.423315732834,13939.585747455638,13946.194878850129,13953.197883294888,13960.631456826028,13968.551981692275,13976.539754240728,13984.918029258892,13993.296496176705,14001.996430636611,14010.736789835502,14019.75046954905,14028.909743255004,14038.263228400581
13904.894409050547,13907.86422399727,13911.321811492448,13915.169901457335,13919.38007560295,13924.009164255627,13929.148331997803,13934.819320218437,13940.970845237716,13947.603091907244,13954.682038248457,13962.15485763994,13970.058246117804,13978.028061064526,13986.418400877497,13994.875988372674,14003.72407833756,14012.572360202097,14021.742109608727,14030.95228375434,14040.435778414612
13905.86985216339,13908.866520797825,13912.333004378981,13916.28726050859,13920.632019107912,13925.33886188796,13930.464619175069,13936.100455551677,13942.268112406746,13948.916306060457,13956.045221364417,13963.620836340064,13971.59032436598,13979.586993000412,13987.98705011271,13996.453533693864,14005.340542141268,14014.29479827088,14023.639556870197,14032.984507369167,14042.650925410231
13907.582219647551,13910.68131880992,13914.277086606724,13918.34266935025,13922.896024642228,13927.83988240392,13933.145824346338,13938.870680795817,13945.105616334795,13951.872372352233,13959.119665168313,13966.847679634642,13974.946778797012,13983.121492935028,13991.690080123313,14000.285847920115,14009.285004194784,14018.350586938308,14027.836694548081,14037.390049840062,14047.33390760175
13908.87378058609,13911.975276325795,13915.675871227868,13919.873134764377,13924.540213247608,13929.69506427929,13935.240417780687,13941.147855462812,13947.474207651994,13954.310638930678,13961.678890687821,13969.527679243605,13977.62917498331,13985.958685189345,13994.659280091419,14003.43548996914,14012.605572897131,14021.802836433637,14031.403488448012,14041.070566931241,14051.158170280718
13910.404225481545,13913.554932405346,13917.307135068853,13921.658436894728,13926.506407355038,13931.824192762071,13937.629750717557,13943.825811142755,13950.38395574868,13957.361014861664,13964.84815306415,13972.867111745094,13981.017818668895,13989.517314148483,13998.26951681199,14007.249733941826,14016.6010357677,14026.027952569224,14035.848742421016,14045.696712881323,14055.9480718195
13913.027639399512,13915.846853943998,13919.316775412284,13923.388192620278,13928.058708990638,13933.225893995434,13938.862893946953,13944.987666446923,13951.502941416607,13958.380300567018,13965.676574224488,13973.48292697146,13981.302141515944,13989.640314741375,13998.11023620966,14006.928946233735,14016.000363441726,14025.299795116049,14034.97031148641,14044.716442832418,14054.856447228696
13914.86228480773,13917.646706889542,13920.750343515838,13924.504687065933,13928.860526355737,13933.815464807907,13939.267071894512,13945.188493927843,13951.597688509622,13958.397385561117,13965.559166793337,13973.139862532616,13980.924284614426,13989.015059443207,13997.118696069503,14005.741291376744,14014.49563492684,14023.598767032723,14032.954606322524,14042.538460078656,14052.493398530829
13918.548823095327,13921.35039560228,13924.436390191042,13927.841599324289,13931.897515381335,13936.554927178091,13941.811438137212,13947.564617730768,13953.78761227105,13960.49837935978,13967.599648918227,13975.063002657398,13982.864575164349,13990.74684341058,13998.832837999342,14007.225185335074,14015.63039446832,14024.554562282512,14033.61047833956,14043.015182952395,14052.672594749147
13920.461244801972,13923.146474310102,13926.133276325185,13929.404500422077,13932.994939063454,13937.23608462863,13942.078725933514,13947.520466400765,13953.45887550245,13959.867099550862,13966.763096147723,13974.0495952143,13981.698178461598,13989.383407969728,13997.370209984809,14005.43770773917,14013.708931836061,14022.286508679923,14030.876947321298,14039.98634464362,14049.227490208797
13922.433691824355,13925.169100274154,13928.08973823208,13931.31194869696,13934.81858124365,13938.644428334825,13943.1209823498,13948.19903210448,13953.87618102153,13960.049998573011,13966.69363107122,13973.82503611788,13981.346943634253,13989.082352084051,13996.966343781147,14004.886981739075,14013.109192203954,14021.412098408111,14029.918730954802,14038.73171624846,14047.557563339633
13925.904018003432,13928.818363274835,13931.968116996035,13935.303100225363,13938.939655961647,13942.860633779737,13947.100826142314,13951.99172542869,13957.484120454774,13963.575614643225,13970.163777466109,13977.221755235722,13984.767505553782,13992.681850825184,14000.61810361296,14008.76785733416,14017.066194302657,14025.401177531989,14034.03773326827,14042.754984743828,14051.67596256192
13927.33627210669,13930.302006911168,13933.68208698705,13937.29757551273,13941.098293546536,13945.200584087299,13949.587296709868,13954.293223876924,13959.64985796778,13965.607987798341,13972.16521679127,13979.219114418633,13986.742826992726,13994.708561797204,14002.720046919743,14011.100126995623,14019.502114587878,14028.117603113558,14036.881674886534,14045.682392920344,14054.784683461103
13927.78897317806,13930.699440047822,13934.075641722062,13937.866188667706,13941.892144063147,13946.103328966714,13950.616086377238,13955.413265869569,13960.529659906388,13966.296760867004,13972.665357567328,13979.63305343002,13987.097417927143,13995.007884796905,14002.94206424076,14011.318265915,14019.740217907301,14028.530764852942,14037.343219314958,14046.3691747104,14055.543713353138
13929.256101557561,13932.314892866656,13935.784151045511,13939.719144028846,13944.068482283585,13948.653228988122,13953.423205200783,13958.4947539204,13963.850724721826,13969.52591006774,13975.85180233745,13982.77919034687,13990.305677518654,13998.328833324873,14006.387624633968,14014.856882812825,14023.349853565773,14032.284846549108,14041.265589850504,14050.614928105239,14059.98617387635
13931.642832154657,13934.745369357413,13938.406697869264,13942.478493250876,13947.016023436967,13951.967898894462,13957.155182801755,13962.527696217172,13968.201782139544,13974.160290143725,13980.438012692395,13987.366442164863,13994.896367377038,14002.998904579794,14011.127928954334,14019.753621963308,14028.414950475159,14037.486745856771,14046.582253812476,14056.119783998567,14065.703064502719
13933.5883611156,13936.688846948062,13940.39186998328,13944.653684327592,13949.325965541664,13954.463981560217,13960.016342850171,13965.804112589925,13971.777111837804,13978.051683592637,13984.61067742928,13991.488885810411,13999.01780111534,14007.118286947802,14015.248697992438,14023.951721027655,14032.681231234657,14041.907410076092,14051.169224420404,14060.841505634477,14070.537499422642
13935.400051992736,13938.49768911764,13942.195812075006,13946.496472235127,13951.355923704345,13956.62584204332,13962.361495186778,13968.511493601636,13974.896900466296,13981.467536839078,13988.339745718817,13995.496376680363,14002.9722221864,14011.069859311303,14019.196411741137,14027.894534698502,14036.622582868044,14045.923243028166,14055.250390360072,14065.074206326412,14074.933657795627
13937.278096745618,13940.389534378492,13944.09860913627,13948.40816972651,13953.320267519506,13958.791156621597,13964.672512593448,13971.01960336978,13977.781039417512,13984.777883915045,13991.959957920702,13999.443604433314,14007.211673027736,14015.298956166647,14023.41039379952,14032.1194685573,14040.857458620007,14050.167019210247,14059.506505012661,14069.41860280566,14079.357187770438
13938.797037031129,13941.695927144467,13945.20625489068,13949.314219761796,13954.022670465376,13959.33365837171,13965.20343758714,13971.48368367233,13978.229664562,13985.389990723072,13992.785725333944,14000.36668945294,14008.249226078891,14016.14811619223,14024.31507489999,14032.80124815224,14041.311575898453,14050.41954076957,14059.556420945617,14069.264871649195,14079.00324756495
13940.288396314512,13943.211987161796,13946.534468122418,13950.468386715916,13954.999942434317,13960.131983985182,13965.8665627388,13972.159932801516,13978.86376973399,13986.033341470946,13993.6172584793,14001.436583937459,14009.360174784742,14017.364729751022,14025.670857224259,14033.99333818488,14042.583887739927,14051.49365183946,14060.42757043296,14069.95912615136,14079.519597174693
13941.615250438515,13944.593680220589,13947.995700849946,13951.79661159264,13956.208959968211,13961.218945468685,13966.829416801624,13973.042425337313,13979.814225182103,13986.996491896649,13994.644493415677,14002.62292319775,14010.685269988178,14018.98302522841,14027.385045857765,14035.868030606118,14044.652587861428,14053.453498604122,14062.522477941242,14071.910671822849,14081.323020198419
13943.013470077318,13946.02775862654,13949.520476957834,13953.436786136414,13957.751985428327,13962.67862235312,13968.202896402816,13974.327656284975,13981.054953369885,13988.341041763897,13996.037597027664,14004.051885576886,14012.214175645135,14020.706893976429,14029.283529316079,14038.095573105531,14047.011882284107,14056.009155581682,14065.308001386213,14074.623200678128,14084.20646856447
13945.047513127638,13948.1337472376,13951.734269896782,13955.813222338038,13960.315765626578,13965.217199028451,13970.730070063206,13976.840578222862,13983.551572214983,13990.865103409853,13998.737425913827,14006.823660023787,14015.106449397515,14023.706972056698,14032.455496234908,14041.534448676162,14050.697318125774,14060.095596025187,14069.598139313724,14079.18164672126,14089.06672663575
13947.163708614104,13950.251765509478,13953.926056514814,13958.114636069371,13962.781645406001,13967.872245589913,13973.361735887162,13979.46266381729,13986.16122887232,13993.460279759815,14001.361867850059,14009.449924745433,14017.910304144782,14026.584595150116,14035.455441419217,14044.644020973774,14053.980602047359,14063.647611383987,14073.398537728974,14083.384872523759,14093.47547270767
13948.31359929199,13951.388329888588,13955.05111738056,13959.300138982495,13964.06344913365,13969.305189066878,13974.970519847388,13981.034740741234,13987.710399267962,13994.98369491959,14002.857476403682,14010.93220700028,14019.408525687122,14028.071313179094,14037.10642317504,14046.355444776973,14055.801021642672,14065.564331793827,14075.47564346401,14085.717383397236,14096.04304033882
13949.420866752798,13952.545738497365,13956.24534083853,13960.53300007507,13965.40689342157,13970.795075317292,13976.661686995087,13982.951889520164,13989.640982158577,13996.941512429872,14004.839679826067,14012.964551570634,14021.463204799293,14030.162807140458,14039.263997571867,14048.551656808404,14058.211638548917,14068.085531895416,14078.155980505682,14088.544162401404,14099.080345816154
13951.065979749694,13954.248482208417,13958.055856411707,13962.437961211597,13967.40812290686,13972.964518712084,13979.035203066529,13985.584317203047,13992.557022186847,13999.928617283984,14007.911650014003,14016.094152472728,14024.674822327646,14033.482196530937,14042.663352218318,14052.045457018206,14061.829149908339,14071.7993116036,14082.141795802836,14092.69819160806,14103.45114267705
13952.331630859446,13955.4844621526,13959.319795904481,13963.780001400926,13968.814937493973,13974.437930482392,13980.647157580772,13987.370673228374,13994.572618658047,14002.198154935004,14010.222581325295,14018.375412618452,14027.011276641626,14035.846610393508,14045.080111541582,14054.540317038029,14064.374304018565,14074.40924011161,14084.845764294898,14095.468757283315,14106.464072775709
13953.843345024095,13956.995754026593,13960.800994322244,13965.288737076622,13970.401351575565,13976.08869667111,13982.364098662027,13989.225734762904,13996.601659413003,14004.456013845174,14012.608422847672,14020.886368127127,14029.563203519914,14038.368443815569,14047.65671684124,14057.14445959562,14067.030369746191,14077.142984245136,14087.62938022817,14098.316725323713,14109.405658509499
13955.204161989732,13958.35470438827,13962.157655789306,13966.613438483495,13971.751723636411,13977.514880533892,13983.852768027975,13990.77871241743,13998.290890916845,14006.317357965481,14014.46790036402,14022.972797194729,14031.775748595765,14040.704236273757,14050.031614065083,14059.487396759276,14069.426212183485,14079.564497336403,14090.100949885513,14100.864106782996,14112.001045164568
13956.022459643425,13959.102419214018,13962.83292118315,13967.215832154778,13972.251574419559,13977.969819143069,13984.312935611142,13991.230782675817,13998.736686635866,14006.816646206458,14014.908784276467,14023.515210895695,14032.245712864826,14041.330569266129,14050.713480237757,14060.221927486342,14070.129264848261,14080.165007113046,14090.68378210785,14101.40202683136,14112.518438951061
13957.135500284727,13960.239933449393,13963.924326184651,13968.259261318448,13973.246605454742,13978.88678088419,13985.209458772366,13992.157008405104,13999.679288634445,14007.783721799111,14015.894058923826,14024.578451659083,14033.275022893758,14042.485882677653,14051.82081781145,14061.510107377419,14071.497451513711,14081.610331926962,14092.122102453548,14102.762277883,14113.885486042467
13958.563629939421,13961.739459127895,13965.519721481034,13969.879943404765,13974.890707727036,13980.553881051803,13986.869885669723,13993.868392746374,14001.491771567584,14009.667600756058,14017.865710173872,14026.64597252701,14035.4321388402,14044.79236076393,14054.164761187078,14064.051450159446,14074.062214481715,14084.427333236159,14095.090506560924,14105.879216162648,14117.066815877708
13959.914010938795,13963.095819171822,13966.953456593325,13971.41552717949,13976.457557336247,13982.150129891545,13988.495111449338,13995.492924300286,14003.173239609963,14011.35504784299,14019.660234897226,14028.517872318727,14037.39778996957,14046.859860555734,14056.32783510195,14066.369865258706,14076.42407391488,14086.992571120278,14097.685143675573,14108.732070663043,14120.077052220835
13961.164071474057,13964.326718655106,13968.17117406918,13972.691458671734,13977.816176438948,13983.520853776754,13989.876073513102,13996.883702251944,14004.54416228394,14012.706809464991,14021.049771955717,14029.894227369792,14038.86206160508,14048.382346207629,14057.92491103952,14068.049628806735,14078.180250534,14088.884927871804,14099.60178370903,14110.832928095475,14122.18814783182
13962.449023386853,13965.623104921337,13969.459833636867,13973.978370585424,13979.17273672246,13984.971536024155,13991.350294896445,13998.379596167275,14006.061306440599,14014.23538797508,14022.56992954156,14031.406658257092,14040.423702282302,14049.942239230859,14059.584155000628,14069.77852113766,14079.995167504032,14090.793966805732,14101.598670067478,14112.977428939765,14124.368366311472
13964.427443126986,13967.683531255965,13971.613700919428,13976.20651776394,13981.481142841476,13987.43159710749,13993.986484538167,14001.121331539436,14008.906720939245,14017.162809068226,14025.60060747053,14034.53077713399,14043.62140682945,14053.214223673962,14062.98735582815,14073.261980905689,14083.659984804437,14094.610439070448,14105.583173565801,14117.13806099648,14128.698852387206
13966.726435216222,13970.008264739034,13974.046182390823,13978.758181577097,13984.132827944419,13990.189282544767,13996.92156633359,14004.25828328708,14012.174959811158,14020.45678933397,14029.024008256589,14038.061925908381,14047.281553833494,14056.993553019767,14066.866012238037,14077.24065860536,14087.795620282359,14098.852074882707,14110.031908304267,14121.764192093087,14133.518756111253
13968.926571413966,13972.162496101622,13976.18025031209,13980.954092651536,13986.402016525468,13992.512587580446,13999.304966868449,14006.77317534493,14014.845816986075,14023.081741673732,14031.734342885467,14040.752097095936,14050.055240706211,14059.82908304566,14069.78463565843,14080.23255953236,14090.840943438287,14101.951514493265,14113.24240085792,14125.034780145925,14136.950538255142
13970.796261974996,13973.810217751337,13977.560098215336,13982.091808202145,13987.379606317932,13993.341485968207,13999.966012799527,14007.27234786387,14015.254512116693,14023.268467893036,14031.855065310523,14040.604945774521,14049.771502762598,14059.303212749408,14069.120312136027,14079.408110251818,14089.877618640929,14100.8394982912,14111.961837973467,14123.586364804789,14135.391206945786
13975.062586916842,13977.964394648638,13981.380158156775,13985.53184635257,13990.465364071175,13996.154969918758,14002.518657300829,14009.544991863944,14017.253134660084,14025.15494239188,14033.538914376499,14041.954677884638,14050.94308303392,14060.094771229713,14069.663135949586,14079.596653668192,14089.815560786607,14100.505166634193,14111.3764827551,14122.740170137167,14134.264317551231
13981.81970098606,13984.404481382231,13987.391069510197,13990.891613414504,13995.12808200647,14000.146380121245,14005.920766365,14012.36923414324,14019.480349102525,14027.065129498696,14034.858052691006,14042.844640818974,14051.313393199762,14059.813937104072,14068.887122649525,14078.123591241487,14087.776736357531,14097.795034472307,14108.098721986893,14118.87310823065,14129.829204747726
13985.992303806574,13988.572373920537,13991.237224430672,13994.3038826726,13997.884496690871,14002.2010353968,14007.299403625539,14013.153859983257,14019.68239787546,14026.873582948709,14034.453653062672,14042.118503572807,14049.991496879082,14058.058155121013,14066.606977615764,14075.187591634038,14084.340847293453,14093.657385999379,14103.390601229386,14113.488969458125,14123.872727086675
13988.389114492711,13991.112404393598,13993.915764408446,13996.803904819466,14000.093852962282,14003.897756881437,14008.437585488253,14013.759243617877,14019.83698987648,14026.58881766957,14034.003292643703,14041.726582544588,14049.529942559438,14057.418082970458,14065.514366177618,14073.804314320436,14082.576426716072,14091.380330635231,14100.756876195534,14110.296704802344,14120.253209933238
13991.390484961195,13994.202433712817,13997.237672365327,14000.352981131799,14003.55307029444,14007.154967188879,14011.270819859656,14016.122597218095,14021.75620409934,14028.145899109566,14035.209675654278,14042.936099380035,14050.748048131656,14058.783286784164,14066.898595550638,14075.098684713279,14083.506916672062,14092.108813566501,14101.19287471376,14110.308727384541,14119.997221696467
13993.955579152418,13996.790670564991,13999.937710729184,14003.308040794265,14006.75844097331,14010.293621548522,14014.230609855533,14018.68155393888,14023.868422709893,14029.83712100371,14036.561907426507,14043.960775383792,14051.795866796363,14059.857381934691,14068.004422098886,14076.374752163965,14084.82515234301,14093.360332918222,14102.103656289579,14111.04064459659,14120.45979715642
13995.398276662561,13998.252461037975,14001.441736825962,14004.942961365568,14008.667475806062,14012.47206036052,14016.361425311146,14020.652597993569,14025.45772645233,14030.998779598756,14037.321662267987,14044.400633066196,14052.153685398895,14060.007869774308,14068.197145562293,14076.612845076033,14085.114069615642,14093.838584056135,14102.643168610592,14111.532533561218,14120.630041307988
13996.629918018542,13999.595631757338,14002.915529871547,14006.57051939833,14010.537457676734,14014.727685856022,14018.997984149277,14023.3530628387,14028.109949259917,14033.380791457475,14039.387558342698,14046.176154750723,14053.72083928773,14061.686553026526,14069.905319098021,14078.22521721223,14086.880206739012,14095.761619991548,14104.728558269951,14113.918786449241,14123.189084742495
13997.602993850658,14000.489454318435,14003.84162852501,14007.547987106997,14011.589437101557,14015.942835847738,14020.519524494805,14025.176283255836,14029.917822413037,14035.061169302033,14040.718471967368,14047.111699320369,14054.28675619617,14062.173216663949,14070.104361668733,14078.456535875306,14087.06176241458,14095.768120996567,14104.809570991125,14114.07744471144,14123.430843457621
13998.623109515449,14001.461196784972,14004.685744522272,14008.376005998372,14012.420451849883,14016.799989113966,14021.491475129671,14026.40625104626,14031.401097076816,14036.48072350354,14041.96215766206,14047.95754759692,14054.688862219444,14062.202006364769,14070.040093634292,14078.264641371594,14086.533873645902,14095.224135121998,14104.167448930795,14113.211894782307,14122.591432046389
13999.191887428698,14002.05911930004,14005.264438440903,14008.856218049545,14012.913711396985,14017.325389119836,14022.07215825526,14027.130876142306,14032.412883930236,14037.774961832132,14043.221820130197,14049.070486160055,14055.433107966257,14062.531654460121,14070.398886331463,14078.279262348127,14086.484581488992,14095.076361097634,14103.712825243283,14112.77031859072,14122.080864270858
14000.337577980607,14003.283358463255,14006.596370817248,14010.247470440761,14014.285030532052,14018.788304362142,14023.645762567645,14028.838312185719,14034.342810555414,14040.070598825994,14045.878457210541,14051.771095991255,14058.065542503764,14064.873944792616,14072.418271769131,14080.36405225178,14088.677064605772,14097.003221105088,14105.654320728601,14114.691880819893,14123.774125448193
14002.248166322794,14005.25117600888,14008.699966177615,14012.515988217694,14016.670097527294,14021.210667304673,14026.21695082085,14031.577418712439,14037.2729780166,14043.28048607238,14049.511284029048,14055.822152099681,14062.217800566481,14069.015256765078,14076.326668740017,14084.329678426104,14092.377015088705,14100.82580525744,14109.641827297519,14118.47099348292,14127.625102792521
14003.076202825607,14006.060254716354,14009.547316293188,14013.480158352671,14017.780232283496,14022.418393483844,14027.44301515197,14032.933350558895,14038.777870341231,14044.957481536137,14051.449041482667,14058.163891330081,14064.958811291463,14071.83851164901,14079.120019738353,14086.91548360404,14094.899535494787,14103.386597071622,14111.91798562497,14120.850827684451,14130.150901615278
14004.09421974389,14007.131217590057,14010.65226732697,14014.67632674997,14019.146166655619,14023.98323843261,14029.158397479123,14034.720016993415,14040.747350246505,14047.128867875008,14053.84547691608,14060.874034708775,14068.125882402355,14075.457800209902,14082.874498413616,14090.693004349125,14098.73000219529,14107.062463907143,14115.583513644056,14124.607573067056,14133.675959466571
14005.592922596099,14008.790459274183,14012.524993798435,14016.743580213433,14021.46517631452,14026.632552898252,14032.167161353327,14038.039857077927,14044.299013270303,14051.023883201478,14058.102937508067,14065.517083227223,14073.243177698005,14081.19256206967,14089.2220165553,14097.3362514371,14105.533788115185,14114.049830728778,14122.78436525303,14131.814363642967,14141.032950057965
14006.925183975398,14010.106836543793,14013.986025790271,14018.402212882917,14023.302451866308,14028.705700535787,14034.554729687914,14040.770990711382,14047.325339004377,14054.266147765147,14061.672670264716,14069.433377139698,14077.529175427248,14085.710827995641,14094.118575034818,14102.749611974876,14111.4607190289,14120.256606479094,14129.135795725571,14138.333490907558,14147.749678000206
14008.148078911418,14011.301071109996,14015.135715876972,14019.667897322028,14024.737076613252,14030.290307795221,14036.34654866328,14042.848570013986,14049.717823236033,14056.925163727607,14064.518964686955,14072.578479385103,14080.731471583682,14089.145170657242,14097.89396114337,14106.728605910343,14115.7893451481,14125.073374286736,14134.43747353934,14143.88635318811,14153.418534633167
14009.242336272993,14012.374455067229,14016.159566060041,14020.626329621251,14025.790629860541,14031.491927946,14037.677277922203,14044.365637584495,14051.499777729436,14059.001149745716,14066.840609031524,14074.97272782576,14083.198647579342,14091.890281071725,14100.675392064537,14109.721209932331,14119.102119212694,14128.5688827739,14138.26174080589,14148.17788873876,14158.174106785598
14010.862559160625,14014.023977840874,14017.817515315359,14022.26404498842,14027.392227229879,14033.217946149418,14039.580662915125,14046.427431571577,14053.777209914118,14061.572768739308,14069.734187419557,14077.896978116087,14086.397856082143,14095.191393556628,14104.07873199046,14113.431784163091,14122.878313836152,14132.585550384196,14142.627878344807,14152.756060586262,14163.110337298502
14011.949574976983,14015.080742141989,14018.873327987241,14023.298032626732,14028.375729464798,14034.135078871263,14040.591964955807,14047.58584888652,14055.063784707978,14063.044730215524,14071.17589738053,14079.602623370725,14088.39520921598,14097.189167077515,14106.321212208577,14115.745916848067,14125.264422446904,14135.24864178454,14145.326338622606,14155.664742335655,14166.338237461272
14013.136926505302,14016.287306167882,14020.068852995466,14024.511818503297,14029.586902805368,14035.314979306013,14041.724708375057,14048.83197412218,14056.476237715473,14064.60455319951,14072.754932862088,14081.386258032215,14090.167804859799,14099.244910512574,14108.687876020407,14118.13221354452,14127.914638338163,14137.989722640232,14148.158607901649,14158.793206901863,14169.521283402508
14015.136458543251,14018.358468956954,14022.230859033238,14026.734416274523,14031.899392196057,14037.696486911831,14044.14657382618,14051.278313308927,14059.107589469753,14067.329599883455,14075.69587389045,14084.54619978819,14093.418589864472,14102.771925448302,14112.275482689587,14122.074598756066,14132.239574677602,14142.405922615419,14152.910357822764,14163.707452538536,14174.598348213654
14018.323260834222,14021.528632190868,14025.456013961217,14030.033775394146,14035.242703992077,14041.113051270257,14047.615517342676,14054.77097561367,14062.608086453063,14070.813457809709,14079.34810532718,14088.275487097528,14097.34713246117,14106.902829715555,14116.480591148482,14126.539298088957,14136.748226686888,14147.252714110013,14158.123061388194,14168.994780682657,14180.204587246648
14020.332134372311,14023.45238808872,14027.278013161775,14031.825648648533,14037.023663797872,14042.852846112211,14049.343447106801,14056.46616689563,14064.241878883033,14072.362132599443,14080.819497155244,14089.6451222283,14098.800023462181,14108.347658948936,14118.039558028988,14128.215508999781,14138.413524149119,14149.092484806004,14159.921667120343,14171.046408259877,14182.537009254469
14022.420682942333,14025.565243824823,14029.330058423724,14033.80024437927,14038.99244074852,14044.83501678035,14051.308759977179,14058.443921854261,14066.211202525581,14074.355763408072,14082.776036277965,14091.540850876867,14100.642776315159,14110.112962270705,14119.912424387077,14130.104620756323,14140.441080718867,14151.261592572151,14162.104168603979,14173.427690143355,14184.901433340186
14026.14707764626,14029.313419001453,14033.124321239138,14037.555477193233,14042.692004503975,14048.550542228419,14055.059459615442,14062.199544167466,14070.001047399743,14078.167388754937,14086.60101078145,14095.411913019136,14104.498527244223,14113.929683198321,14123.697949991807,14133.834477302547,14144.300280774114,14155.158818498554,14166.161619816292,14177.64847302477,14189.157390411792
14030.234076111059,14033.418826032901,14037.269917309937,14041.765569469462,14046.881475345399,14052.702752577983,14059.246040224269,14066.439707533133,14074.264542006998,14082.44929192884,14090.935545082959,14099.786636359995,14108.90500830835,14118.400660467876,14128.172024614805,14138.287930490746,14148.740947206072,14159.562224438654,14170.712777832063,14182.256065478345,14193.943616717925
14032.852439598379,14035.89129153063,14039.614893384723,14044.004836594011,14049.039340685786,14054.694098493974,14061.05422765881,14068.136367237346,14075.868886478462,14083.907738410713,14092.27142481683,14100.995026670924,14110.020131757294,14119.41007496658,14129.067298847185,14139.101802938963,14149.412019018144,14160.066776826336,14171.058645473913,14182.418774638747,14194.108179964407
14034.548401923,14037.599828549037,14041.190107107324,14045.465135587456,14050.40650542278,14055.99243614059,14062.198620574814,14069.110176365688,14076.743742570261,14084.795169196297,14093.079115063449,14101.669393621738,14110.584506653891,14119.859535134021,14129.436066846427,14139.377436681749,14149.586087188392,14160.172017906207,14171.033660611423,14182.239845045651,14193.783140319267
14036.801122649686,14039.89491453046,14043.54013303727,14047.724203476331,14052.593023837237,14058.128185553333,14064.307908151917,14071.107884466915,14078.613232138563,14086.707024019337,14094.934382104682,14103.579600611492,14112.457338359418,14121.641408798481,14131.150313711409,14141.019134072312,14151.18945766549,14161.724619381586,14172.527061769004,14183.706784367592,14195.162218953583
14038.173647088366,14041.221805564433,14044.863755921273,14049.05713290415,14053.789361819277,14059.20634065625,14065.289660848412,14072.017541923064,14079.36567671413,14087.413835190195,14095.46734133791,14104.10929169475,14112.884808256162,14122.07818523904,14131.50408146303,14141.23631037816,14151.293373767154,14161.710352604125,14172.42883467337,14183.512154865532,14194.862755729016
14039.895687387983,14042.912090455187,14046.476651998459,14050.635005422502,14055.344785472584,14060.593417454917,14066.526799359093,14073.126522618459,14080.370806760315,14088.235344618584,14096.251747685788,14104.816309229058,14113.386218443979,14122.544571868022,14131.836491496639,14141.54627154672,14151.488570837915,14161.73720282025,14172.310669276449,14183.244051180624,14194.478936317073
14041.99887943293,14045.058138477041,14048.633800588357,14052.75762117574,14057.475233643898,14062.744272738091,14068.552163764536,14075.044804712827,14082.203787016304,14090.007330202272,14098.066589246384,14106.490386148767,14115.066048260083,14124.189868847465,14133.3190371065,14143.036649574655,14152.887828247383,14163.156867341577,14173.658425676886,14184.466316703332,14195.599042203643
14044.337365990843,14047.450136308753,14051.122165670775,14055.310598099999,14060.047189005292,14065.377571791358,14071.259381203461,14077.680042547816,14084.785453814015,14092.557206435402,14100.66997675331,14109.086290257188,14117.75831961921,14126.794886839501,14135.983319268727,14145.719910174017,14155.461848750962,14165.792231537027,14176.256180527664,14187.137989939767,14198.252318592984
14045.88071913184,14048.958170770782,14052.648392727637,14056.897873728602,14061.66375779677,14066.977800341007,14072.885634766017,14079.344895817063,14086.343008800362,14094.025871705504,14102.103323344449,14110.452527604779,14119.142749561632,14128.136514704453,14137.38599570542,14147.000014564654,14156.765898632824,14167.079941177057,14177.399331392944,14188.307165817954,14199.348566447534
14049.125465370795,14052.179064789983,14055.810115848113,14060.053937224155,14064.857017644308,14070.176501131664,14076.044143095089,14082.505576939286,14089.518437409519,14097.070149812007,14105.123749231194,14113.360211555522,14121.991262613656,14130.894066293173,14140.137887669214,14149.685252231222,14159.488332651375,14169.655950929799,14179.975434417156,14190.843076380577,14201.716066015651
14051.520218373258,14054.55786086612,14058.149102778169,14062.317796329158,14067.099260198062,14072.439983111075,14078.29710909129,14084.702393547577,14091.701469884634,14099.251972847727,14107.289615340589,14115.378970235937,14123.970212147984,14132.744316965174,14141.913010516168,14151.353456688545,14161.134920557448,14171.219927612316,14181.560650525329,14192.265911296614,14203.123037276831
14056.453942443988,14059.079394467857,14062.242488984586,14065.959182920504,14070.25332849536,14075.160244388133,14080.626419325014,14086.608997329098,14093.139733809252,14100.264262170178,14107.889714194045,14115.565669181007,14123.728763697738,14131.943570616953,14140.66026455287,14149.559821393927,14158.853966968789,14168.419865165033,14178.326781057805,14188.53724013654,14199.003415073423
14059.754485150332,14062.355201090317,14065.08136905417,14068.345179510885,14072.162589386788,14076.55745090163,14081.565082734387,14087.131973611253,14093.215267555322,14099.846719975461,14107.071964276372,14114.672680216358,14122.39884818021,14130.175519107157,14138.439329563873,14146.754852423073,14155.572262298974,14164.572535080017,14173.967396594864,14183.634010731093,14193.64164256385
14063.27836052985,14065.959015541282,14068.740386492702,14071.64720946799,14075.091674936139,14079.089739823476,14083.665256349752,14088.853543193944,14094.601089082244,14100.865038037748,14107.67714546932,14115.083044781666,14122.7636997931,14130.54507074452,14138.451893719806,14146.409219658188,14154.853685126338,14163.349862996973,14172.347927884308,14181.528855676783,14191.104372203064
14066.88548447193,14069.584776482086,14072.464723503674,14075.44538646525,14078.551501450695,14082.195258929,14086.392615826493,14091.167424362924,14096.555003217272,14102.501841115729,14108.96508208139,14115.976481523117,14123.58167284562,14131.280964855776,14139.160911877367,14147.14157483894,14155.247689824384,14163.404307772922,14172.048065251229,14180.74353513202,14189.94089202951
14069.776419266183,14072.5091467647,14075.441166273375,14078.553840793478,14081.767231253572,14085.106073737534,14088.982558714357,14093.412643110367,14098.420179145316,14104.04048549818,14110.220050895154,14116.916019359332,14124.160146299577,14131.892873798095,14139.730792619113,14147.662812127788,14155.775486647895,14163.988877107988,14172.327719591947,14180.717065039004,14189.593550015827
14073.312057217083,14076.08538500726,14079.091440295953,14082.296787594803,14085.682789905084,14089.169508155353,14092.781678429492,14096.93149119649,14101.634903382677,14106.915767207802,14112.809401350843,14119.262294537994,14126.231590792348,14133.749045522769,14141.522373312944,14149.52842860164,14157.639675212833,14165.845022511685,14174.23102482197,14182.717743072237,14191.329913346373
14075.913530383394,14078.92953527913,14082.218867965044,14085.740928149477,14089.462280344063,14093.364287550081,14097.367010696089,14101.495185865964,14106.1610035287,14111.380420610625,14117.177289331486,14123.586928370265,14130.555826453154,14138.041127603245,14146.057132498981,14154.090592125141,14162.379924811054,14170.901984995486,14179.529236502418,14188.250588697007,14197.152595903028
14077.37412901858,14080.272347292219,14083.686570461596,14087.374121421148,14091.29439987922,14095.413970347445,14099.714195827102,14104.115137246748,14108.641530690264,14113.705566626637,14119.323201982203,14125.518288976702,14132.32614628912,14139.693262645647,14147.576782069376,14155.475000343016,14163.889223512391,14172.320901412191,14181.008452371741,14189.928730829814,14198.954200610384
14079.46992190893,14082.414782447977,14085.757861260663,14089.616944969086,14093.749356467686,14098.114495464804,14102.678926472077,14107.424012490781,14112.269814449475,14117.241068432037,14122.749964907458,14128.81246080207,14135.452408335617,14142.705126187082,14150.517103082657,14158.461963621703,14166.79034358448,14175.133422397166,14183.99250610559,14192.869044544435,14202.001456043034
14082.954590038124,14086.025548266747,14089.541367034417,14093.455404075727,14097.885446012771,14102.588815739995,14107.524912965737,14112.660302201633,14117.97634644896,14123.393106636278,14128.935318847462,14135.015173551506,14141.648627674742,14148.859533436913,14156.683209517001,14164.754167745625,14173.137102869821,14181.652921637491,14190.552259828892,14199.466296870201,14208.896338807248
14085.064158105726,14087.98810003598,14091.483000194858,14095.42276089278,14099.760739864343,14104.614723731642,14109.74203538912,14115.102074545113,14120.661405711264,14126.401391888845,14132.242094006417,14138.208248147852,14144.71204478215,14151.76944083564,14159.404288528065,14167.328230458317,14175.57584846866,14184.070748627537,14192.877625681987,14201.81738637991,14211.140666501564
14087.0166696862,14089.839789832302,14093.08685190866,14096.90487221364,14101.167753057664,14105.82885217533,14111.005956188732,14116.456387992312,14122.139547294408,14128.02199860666,14134.085104930346,14140.24892719402,14146.538201481557,14153.365118261958,14160.745634461551,14168.568754607653,14176.52672244618,14184.773784522535,14193.34452267898,14202.16254298396,14211.292540184513
14089.128495792125,14091.992765953823,14095.180156261624,14098.79148849968,14102.973778966358,14107.60092997208,14112.626299251444,14118.167673426546,14123.982375391824,14130.029804855618,14136.27652632957,14142.703902814954,14149.231995240325,14155.885539689561,14163.07672663166,14170.821512992952,14178.685783154651,14186.87317346245,14195.195411462677,14203.80674370073,14212.741752018874
14090.279440684302,14093.110311410761,14096.305452298917,14099.823713333175,14103.76591629769,14108.279077490824,14113.237099223006,14118.593339228828,14124.465584130387,14130.611156822124,14136.989457012376,14143.567049212785,14150.325296424628,14157.184259576456,14164.16867475215,14171.690732420708,14179.521603147165,14187.597260234916,14195.792401123073,14204.31066215733,14212.963770884015
14091.428144469488,14094.309437685995,14097.521601628961,14101.098035733625,14104.99758998439,14109.321086165413,14114.215540575055,14119.554855523744,14125.292388746073,14131.545926864139,14138.072792772384,14144.832386179143,14151.791271596061,14158.930812024411,14166.171068392747,14173.53677678495,14181.418070001457,14189.321420886521,14197.533584829485,14205.990535133744,14214.566969238409
14092.919665097506,14095.822129778815,14099.10588767663,14102.720516300902,14106.699415086872,14111.001434018945,14115.727394881274,14121.024313972222,14126.766093602218,14132.906091505856,14139.562094305229,14146.49142489478,14153.653482982847,14161.014833081072,14168.556838190729,14176.199559240371,14183.96773231388,14191.870196995189,14200.153954893003,14208.459770459374,14217.074399083645
14094.164223707778,14097.088928091567,14100.416097156663,14104.124559438265,14108.163892446328,14112.567495616086,14117.294218931946,14122.444884178063,14128.1665076528,14134.332991666584,14140.89769395401,14147.97840113717,14155.332436110511,14162.919198582365,14170.705253064378,14178.629957448167,14186.596666941612,14194.664092375042,14202.856969832339,14211.184138897437,14219.892601179039
14095.170664555773,14098.164242615367,14101.582525058748,14105.403272183437,14109.60531252463,14114.138223592287,14119.035404821636,14124.25570619709,14129.899949502798,14136.11515103713,14142.775213110504,14149.833493457523,14157.407778700275,14165.25539173321,14173.248969792801,14181.329310324249,14189.608942865854,14198.027225309235,14206.487512862273,14215.048516355295,14223.734971872185
14096.35106671759,14099.245213016837,14102.632937375674,14106.4453661183,14110.660259542236,14115.256446182673,14120.183503549575,14125.474831078169,14131.089278752866,14137.127668357822,14143.737016191397,14150.791224564018,14158.243651210281,14166.137797509526,14174.106229051524,14182.347988383703,14190.735712742538,14199.210199573232,14207.883978414082,14216.696407156709,14225.550841008991
14099.943580352132,14102.707980520723,14105.86652698856,14109.51865151599,14113.595480427206,14118.074774019733,14122.935360828762,14128.126818364255,14133.68254606144,14139.561393904729,14145.864183678277,14152.737931680444,14160.056540221656,14167.77336703651,14175.537767205102,14183.696313672937,14191.929145383527,14200.435304884297,14209.087429411724,14217.826316411009,14226.764495420452
14104.359612781773,14107.188403981792,14110.281595350403,14113.76893301826,14117.749848745709,14122.155468856947,14126.963553649493,14132.152931658542,14137.673180394055,14143.55769929126,14149.765338334568,14156.396919308136,14163.599458510324,14171.246858251556,14179.075649451575,14187.12126746645,14195.21445883506,14203.701796502915,14212.263419413526,14221.098370114316,14230.079285841763
14110.52918476392,14113.30111063354,14116.40182770318,14119.76694494141,14123.526208478885,14127.779050075953,14132.45659605681,14137.536606718977,14142.997910597645,14148.790085202778,14154.946529969602,14161.42609488253,14168.329601725718,14175.804066797526,14183.575992667144,14191.495318277995,14199.596035347635,14207.913579232129,14216.27869647036,14225.037960007834,14233.871508788065
14115.845908751848,14118.527773068727,14121.481563255224,14124.76414464174,14128.311126196848,14132.2522540512,14136.686959965145,14141.54637026288,14146.808245241926,14152.451413437471,14158.425452359481,14164.763761443182,14171.425190672988,14178.510561833053,14186.166891221737,14193.848755538616,14201.802545725111,14209.90373565284,14218.186317039357,14226.685725240728,14235.232706795836
14121.338206785822,14124.03579600928,14126.915249549618,14130.066628959572,14133.546799569547,14137.291370348114,14141.430087425922,14146.062382563327,14151.119382084518,14156.578846287022,14162.419603706026,14168.591231851493,14175.127130158653,14181.986148611917,14189.269108995439,14196.966698218897,14204.820616831039,14212.700070371377,14220.85144978133,14229.150228932516,14237.630399542491
14126.105708046336,14128.917197117786,14131.926275412694,14135.117218024481,14138.580086505883,14142.371746187308,14146.427806037324,14150.878012186582,14155.821796395436,14161.190284988077,14166.96123826203,14173.113484752485,14179.596601969399,14186.443989348008,14193.614496872722,14201.208946327693,14209.020435399143,14217.029513694051,14225.194921377642,14233.38586398943,14241.848732470831
14127.864648624503,14130.671173546089,14133.789187539125,14137.104790755619,14140.602258288991,14144.37165169198,14148.46983629499,14152.83242106659,14157.589152137436,14162.839461267875,14168.514474782101,14174.591952977642,14181.05072438968,14187.84036652818,14194.994278828377,14202.471311274676,14210.277836196261,14218.17881057282,14226.296824565854,14234.612427782347,14243.084360387526
14130.353933527911,14133.082386539772,14136.11736447322,14139.463831478119,14143.007887706473,14146.733808251709,14150.731654666559,14155.058292281432,14159.649330064894,14164.634514147603,14170.113276289903,14176.016742815991,14182.322674023395,14189.009898447295,14196.027993597658,14203.410358909716,14211.115844367876,14218.84429737974,14226.879275313186,14235.008702701607,14243.355169706503
14133.656230003231,14136.389902446701,14139.35202790203,14142.620678278947,14146.200817727315,14149.978546399137,14153.938139387841,14158.16965824616,14162.729968304502,14167.554678531433,14172.773535057611,14178.48596964338,14184.623108612936,14191.16271226381,14198.083609131178,14205.335376725008,14212.951414480536,14220.685086924004,14228.624244825633,14236.586370280966,14244.85502065788
14136.265216025979,14139.05050927685,14142.069474971195,14145.316893677396,14148.870837305187,14152.736270004427,14156.799291927124,14161.0441781667,14165.560990275892,14170.406593585107,14175.51659706291,14181.020746839962,14187.018474676603,14193.440906897033,14200.265803798779,14207.47199391702,14215.009054761724,14222.794348012598,14230.695679018998,14238.714644713338,14246.93909586584
14138.01566403333,14140.900653330462,14144.070935878466,14147.474890869942,14151.107298873276,14155.046231798198,14159.29665379457,14163.744665014397,14168.374540551105,14173.27634195743,14178.506934563777,14184.001927338712,14189.891066412896,14196.273783546669,14203.08120506423,14210.291091263109,14217.882270678481,14225.767259975613,14233.689310117448,14241.859592665454,14250.145912968987
14140.105679479986,14143.027689889941,14146.334689597028,14149.926982554987,14153.752947956418,14157.807366369709,14162.168309704586,14166.840742110913,14171.710763740695,14176.762649687358,14182.086461503637,14187.73906451994,14193.65606770483,14199.967217188969,14206.771944732696,14214.001376660213,14221.633273269048,14229.555283679003,14237.56847350433,14245.875473211418,14254.219533763207
14143.016867400363,14145.70202229033,14148.809187590252,14152.301342187304,14156.07879003523,14160.089910326627,14164.329483629885,14168.875581854729,14173.733169151023,14178.788345670771,14184.025386507401,14189.534353213647,14195.372111119914,14201.47426919477,14207.970573568877,14214.960456002571,14222.375042820055,14230.060197710021,14237.877249208823,14245.984414508745,14254.182759224039
14144.708144231521,14147.446799407608,14150.370609473663,14153.71642994967,14157.44723972281,14161.463342746822,14165.713118214308,14170.191346693651,14174.976100094582,14180.072342566964,14185.3661742628,14190.841870275515,14196.589492157847,14202.665905240203,14209.006718491146,14215.741678041339,14222.970215651121,14230.623457644691,14238.362112820778,14246.285922886833,14254.34162956172
14146.037371292474,14148.855560830354,14151.91240554432,14155.154405148256,14158.818415162143,14162.867414473161,14167.201707035054,14171.76967204042,14176.566090057644,14181.669032996455,14187.083465006715,14192.695486240431,14198.489371791027,14204.55518321124,14210.949785831475,14217.608788620297,14224.66193770837,14232.208664856033,14240.026854393913,14247.998285925363,14256.05513063933
14146.446289308846,14149.267682426012,14152.40726508106,14155.785502912193,14159.348895633295,14163.334298764348,14167.704691192534,14172.360376871593,14177.249734994126,14182.367546128517,14187.791882184494,14193.527707311921,14199.461121662804,14205.576400330569,14211.963604867948,14218.67960060535,14225.659996511338,14233.034538716578,14240.855931833745,14248.724052098574,14256.863634753621
14147.412313664261,14150.284657264789,14153.478393982483,14156.990320238057,14160.740901669717,14164.676637991346,14169.034384722927,14173.77712075164,14178.805150031225,14184.066851754285,14189.557006489204,14195.353686145709,14201.461854873662,14207.767612825071,14214.255235093364,14221.01478323127,14228.103122569199,14235.455862075714,14243.202747881482,14251.07509148201,14259.268828199703
14148.82808753693,14151.613507007607,14154.771270078812,14158.250426267185,14162.047771993437,14166.083772895772,14170.30492868808,14174.948094890338,14179.97625038973,14185.289699139992,14190.83682033373,14196.612394539326,14202.69449366651,14209.08808186514,14215.679259287228,14222.452301026198,14229.497268634783,14236.871027443389,14244.509186420582,14252.29460589126,14260.326911167705
14150.383688474984,14153.27663078948,14156.454992574654,14160.005697960354,14163.877796463223,14168.068084503971,14172.497027720803,14177.111125827607,14182.147234344362,14187.56833215825,14193.274723223007,14199.214786731241,14205.383303251334,14211.858344693013,14218.64487520614,14225.628994942725,14232.794978996191,14240.23288891927,14247.999590042373,14255.89253235687,14263.92363364856
14153.09459733792,14156.132171550755,14159.562688078084,14163.278624076092,14167.366903674625,14171.776576390326,14176.50443864391,14181.470956073574,14186.622628393212,14192.1963111228,14198.15498314952,14204.398948427111,14210.876586148179,14217.582676881106,14224.595292535618,14231.919397261578,14239.441091210996,14247.144649477295,14255.120133613209,14263.157707826042,14271.461983161978
14156.72320097264,14159.346339493448,14162.50705222709,14166.060707275226,14169.899781794044,14174.111199913383,14178.644011149892,14183.495011924284,14188.584667874755,14193.859478715201,14199.556299965598,14205.638110513124,14212.005214311524,14218.605990553398,14225.435219807134,14232.570973982454,14240.01821722922,14247.64135575003,14255.286188220254,14263.112885007362,14271.211507664084
14159.175404073823,14161.790007502525,14164.527749452034,14167.803065614378,14171.471324091215,14175.425002038734,14179.751023586774,14184.398438251985,14189.364042455078,14194.56830183425,14199.957716103398,14205.769140782495,14211.965554758723,14218.447261985822,14225.162641656398,14232.106474338834,14239.356831942856,14246.918678618324,14254.533282047025,14262.271023996534,14270.03045989546
14161.993332195932,14164.79244182288,14167.706154878528,14170.743006454984,14174.317432244276,14178.28480034806,14182.537587922525,14187.162719097514,14192.109243389672,14197.373957219712,14202.877326225831,14208.565850121926,14214.67638442797,14221.171908031145,14227.952724885192,14234.967214182714,14242.210156492098,14249.759623723068,14257.558733350015,14265.41968965243,14273.333402708078
14164.503483104521,14167.245215182813,14170.286056888051,14173.441502021991,14176.72008567674,14180.536243544322,14184.745343726398,14189.239863379154,14194.106726632435,14199.294983002885,14204.801428911214,14210.546529995625,14216.476785970011,14222.829052354347,14229.566308035814,14236.588856968152,14243.845078343966,14251.32975273164,14259.071484809932,14266.862684119194,14274.903525824433
14167.720781316368,14170.482249562292,14173.48544988651,14176.787759837673,14180.204673217539,14183.744725118211,14187.822351231718,14192.29291965972,14197.048907558401,14202.177239057608,14207.626963673982,14213.394877828237,14219.401447158572,14225.593171378885,14232.206906009145,14239.205629936538,14246.4896471148,14254.00733673654,14261.75347937014,14269.514947616066,14277.518147940282
14170.994805998973,14173.76890064149,14176.804463529932,14180.081758496666,14183.658163090346,14187.34917111273,14191.163317655919,14195.515038411942,14200.25970148246,14205.28978402366,14210.692210165384,14216.416029424274,14222.458038221048,14228.7387021939,14235.204521056728,14242.092350329505,14249.365168899416,14256.923280720195,14264.697375362712,14272.48915962697,14280.509396903086
14173.63802849351,14176.605215202047,14179.8464965531,14183.349246150081,14187.093727825353,14191.13731912757,14195.295513858493,14199.57684711022,14204.395754574782,14209.607604353838,14215.104873603575,14220.974486453837,14227.165492421265,14233.674687926577,14240.422538607965,14247.355544179332,14254.710560160647,14262.450565439096,14270.417752147634,14278.443050676951,14286.684332028006
14175.975163181418,14178.836934122592,14182.165891772305,14185.768944064532,14189.633464602686,14193.739717219134,14198.145079462525,14202.665045134621,14207.308149327524,14212.48882773326,14218.06244845349,14223.921488644402,14230.152872435838,14236.70564934444,14243.576615790927,14250.686237413489,14257.98101392603,14265.697800848518,14273.559571789694,14281.661348009316,14289.990305659028
14177.478071083126,14180.30870467397,14183.501109205985,14187.160700446542,14191.094386329612,14195.28954045861,14199.726426665902,14204.462422500137,14209.313021763077,14214.286759546821,14219.7980715434,14225.702325854474,14231.891999636231,14238.45401701851,14245.337427517956,14252.539027555287,14259.97928276869,14267.604692872075,14275.435326462919,14283.482746976251,14291.67515150827
14180.078610170069,14182.737591087242,14185.72720559526,14189.078591044448,14192.89716320218,14196.989830002423,14201.343965048596,14205.93983217306,14210.83480892447,14215.844389104584,14220.977107805502,14226.647400719256,14232.710635947502,14239.059290646434,14245.780288945885,14252.822680362506,14260.18326131701,14267.782497447588,14275.44147836476,14283.22586938532,14291.215483893338
14181.750946406886,14184.413460775773,14187.234956061833,14190.387084938739,14193.900984756814,14197.882071283433,14202.137252452563,14206.653901867623,14211.412283360974,14216.469774481273,14221.641869030274,14226.937102100079,14232.76990938272,14238.995658979853,14245.506828047672,14252.39034071601,14259.595246501518,14267.11834182491,14274.780856193796,14282.542606693261,14290.364101979323
14191.569539626471,14194.101636389767,14196.79624752195,14199.649839571304,14202.834065211506,14206.380061792877,14210.393245082792,14214.680523015217,14219.229269193573,14224.01974745022,14229.109335333815,14234.31352664611,14239.640856479211,14245.505760525148,14251.763606885577,14258.30687271669,14265.222482148325,14272.459484697129,14279.991581460425,14287.54677354711,14295.241384679293
14237.5643061306,14239.110533927069,14240.688858486836,14242.429697415488,14244.329517261313,14246.559970697983,14249.152195075825,14252.211606162211,14255.545111891104,14259.14008586593,14262.976791919047,14267.112607599112,14271.363026707877,14275.736584337448,14280.647716179854,14285.951790336754,14291.541283964336,14297.503121192442,14303.786351537714,14310.332579334185,14316.91090389395
14278.522911617189,14279.106044718088,14279.721274582285,14280.499018815366,14281.435743965621,14282.703102706722,14284.240008011153,14285.869137693424,14287.96545408424,14290.335865117564,14292.967744396821,14295.841355754366,14299.014076738862,14302.301401152057,14305.711864086059,14309.659901232893,14314.000880694224,14318.627279626236,14323.626022158773,14328.946157808474,14334.529290909375
14304.853303259908,14304.787106275311,14304.75300605401,14304.881420201593,14305.168815266352,14305.786843921955,14306.674419140887,14307.654218737662,14309.10120504298,14310.822285990806,14312.67295590531,14314.655505099068,14316.879786371115,14319.403177270115,14322.041171597812,14324.802304446315,14328.101011507653,14331.792660883486,14335.769729730002,14340.11914217704,14344.789947741243
14326.888476250999,14326.290564459225,14325.724749430747,14325.321448771152,14325.077129028734,14325.16344287716,14325.519303288915,14325.967388078512,14326.882659576655,14328.072025717303,14329.39098082463,14330.841815211212,14332.534381676081,14334.502666868904,14336.494342960726,14338.600622481246,14340.830040522573,14343.597032776734,14346.756967345389,14350.202321384728,14354.020019024589
14347.708234489926,14346.50978494519,14345.34343216375,14344.339593751194,14343.494736255814,14342.980512351278,14342.735835010071,14342.583382046707,14342.898115791888,14343.486944179574,14344.20536153394,14345.05565816756,14346.147686879469,14347.51543431933,14348.90657265819,14350.412314425748,14352.041194714113,14353.940656961151,14356.10711146235,14358.666508278044,14361.51132456442
14365.765792242759,14364.233467438398,14362.733239397336,14361.395525725155,14360.21679297015,14359.36869380599,14358.790141205158,14358.303812982169,14358.284671467725,14358.539624595789,14358.92416669053,14359.440588064524,14360.19874151681,14361.232613697046,14362.289876776282,14363.461743284215,14364.756748312957,14366.32233530037,14368.154914541945,14370.32103928232,14372.54656083839
14375.702449215141,14374.025794879792,14372.38123730774,14370.899194104572,14369.576131818578,14368.583703123428,14367.86082099161,14367.230163237631,14367.066692192198,14367.177315789275,14367.417528353026,14367.789620196032,14368.40344411733,14369.292986766577,14370.205920314824,14371.23345729177,14372.384132789522,14373.805390245947,14375.493639956532,14377.51543516592,14379.596627191
14383.94610732846,14382.056580056189,14380.199149547216,14378.504233407124,14376.968298184209,14375.762996552137,14374.827241483397,14373.983710792498,14373.607366810142,14373.505117470297,14373.532457097126,14373.69167600321,14374.092626987587,14374.769296699913,14375.469357311236,14376.28402135126,14377.221823912092,14378.430208431595,14379.905585205259,14381.714507477724,14383.582826565882
14391.76704998446,14389.851389181638,14387.967825142116,14386.246775471473,14384.684706718006,14383.453271555385,14382.491382956094,14381.621718734643,14381.219241221737,14381.090858351341,14381.09206444762,14381.225149823154,14381.59996727698,14382.250503458756,14382.924430539528,14383.712961049001,14384.624630079283,14385.806881068234,14387.256124311347,14389.038913053262,14390.88109861087
14400.211058463534,14398.254640548945,14396.330319397655,14394.568512615246,14392.965686750013,14391.693494475625,14390.690848764567,14389.78042743135,14389.337192806677,14389.168052824514,14389.128501809026,14389.220830072794,14389.554890414853,14390.164669484862,14390.797839453868,14391.545612851573,14392.416524770088,14393.558018647273,14394.966504778618,14396.708536408767,14398.509964854607
14409.189518800866,14407.231929067668,14405.306436097771,14403.543457496755,14401.939459812913,14400.666095719918,14399.662278190253,14398.750685038427,14398.306278595148,14398.135966794378,14398.09524396028,14398.186400405442,14398.519288928894,14399.127896180295,14399.759894330693,14400.50649590979,14401.376236009697,14402.516558068275,14403.923872381014,14405.664732192554,14407.464988819787
14417.891371682166,14416.004772791037,14414.150270663209,14412.458282904261,14410.925276062488,14409.72290281156,14408.790076123963,14407.949473814206,14407.576058212995,14407.476737254294,14407.507005262265,14407.669152549495,14408.073031915015,14408.752630008485,14409.455619000952,14410.273211422118,14411.213942364093,14412.42525526474,14413.903560419547,14415.715411073155,14417.586658542457
14425.818413482502,14424.066611312877,14422.346905906554,14420.78971486911,14419.39150474884,14418.323928219417,14417.525898253325,14416.820092665072,14416.581473785365,14416.616949548168,14416.782014277644,14417.078958286378,14417.617634373402,14418.432029188376,14419.269814902347,14420.222204045018,14421.297731708497,14422.643841330648,14424.25694320696,14426.203590582072,14428.209634772878
14434.416780366695,14432.91944518141,14431.454206759423,14430.151482706317,14429.007739570387,14428.1946300253,14427.651067043545,14427.199728439631,14427.215576544262,14427.505519291402,14427.925051005217,14428.476461998289,14429.26960506965,14430.338466868963,14431.430719567272,14432.63757569428,14433.967570342098,14435.568146948586,14437.435715809235,14439.636830168687,14441.89734134383
14436.797364927357,14435.847940949292,14434.930613734528,14434.175800888643,14433.579968959933,14433.31477062207,14433.319118847536,14433.415691450842,14433.979450762694,14434.817304717057,14435.784747638092,14436.884069838385,14438.225124116969,14439.841897123502,14441.482061029032,14443.23682836326,14445.114734218301,14447.26322203201,14449.67870209988,14452.427727666554,14455.236150048919
14438.71448559417,14438.33844286034,14437.99449688981,14437.813065288161,14437.790614603686,14438.098797510058,14438.676526979758,14439.3464808273,14440.483621383386,14441.894856581985,14443.435680747254,14445.108384191783,14447.0228197146,14449.21297396537,14451.426519115133,14453.754667693598,14456.205954792873,14458.927823850818,14461.916685162923,14464.990066407157,14468.312473218068
14440.475922998701,14440.742178364993,14441.040530494587,14441.501396993059,14442.121244408707,14443.0717254152,14444.291752985024,14445.604004932688,14447.383443588897,14449.436976887617,14451.62009915301,14453.93510069766,14456.4918343206,14459.324286671492,14462.180129921378,14465.150576599965,14468.244161799363,14471.386459899484,14474.750627057552,14478.38178646978,14482.097465814137
14442.646658672873,14443.597738503571,14444.580915097573,14445.72660606045,14447.031277940507,14448.666583411406,14450.571435445636,14452.568511857708,14455.032774978323,14457.771132741449,14460.63907947125,14463.638905480306,14466.823729944712,14470.065288032061,14473.582564847358,14477.123232561651,14480.778503704645,14484.55691336845,14488.384035932979,14492.433027555453,14496.749011432086
14445.329517209086,14446.995511948313,14448.693603450842,14450.554209322247,14452.57379611083,14454.924016490259,14457.543783433015,14460.255774753614,14463.434952782756,14466.649867691285,14470.103140362939,14473.686002001266,14477.40074291885,14481.300482291785,14485.256955287661,14489.489147011485,14493.744729634305,14498.114915685828,14502.60824025816,14507.150277731216,14511.914184262218
14447.509048553744,14449.813788721827,14452.150625653214,14454.649976953477,14457.308309170916,14460.297274979202,14463.43602040806,14466.694532779673,14470.04526952913,14473.86319298713,14477.716853324515,14481.808871425026,14486.030478492212,14490.383964838653,14494.922449640444,14499.517668065178,14504.38860521786,14509.282933269536,14514.291864749917,14519.423934751107,14524.60471765302
14449.267533246762,14452.249490197877,14455.263543912295,14458.440111995587,14461.617328778619,14464.95287777909,14468.619060370407,14472.435022582296,14476.37075173694,14480.398705269428,14484.89384551046,14489.424722630876,14494.193957514419,14499.092781364636,14504.123484494108,14509.33918607893,14514.611621286695,14520.159775222408,14525.731320057115,14531.417468320527,14537.226755104748
14450.904104521356,14454.11679330569,14457.811439041136,14461.538181539887,14465.42743840751,14469.317343974875,14473.36558175968,14477.744453135329,14482.273104131551,14486.921522070526,14491.662164387348,14496.86999341271,14502.11355931746,14507.595482985336,14513.206995619885,14518.95038753369,14524.878777902844,14530.863901894942,14537.124744614986,14543.408978234027,14549.807815281772
14452.210649525963,14455.398131336979,14459.298301932327,14463.68042947879,14468.094653788557,14472.671392467197,14477.248779845577,14481.984499441396,14487.050852628061,14492.2669854353,14497.602885185292,14503.031009313128,14508.926320149507,14514.857367865272,14521.026773344163,14527.325767789729,14533.75664151455,14540.37251369472,14547.045119497832,14553.993444028893,14560.965159458949
14453.942064417432,14457.141279294665,14461.027975982914,14465.627361455494,14470.70870387919,14475.82214306619,14481.098096622063,14486.374698877677,14491.80963335073,14497.575201414627,14503.4905490991,14509.525663726323,14515.653002731393,14522.247528445005,14528.877791038003,14535.746411394128,14542.744620716927,14549.874709318981,14557.189796376384,14564.56161705673,14572.209156465022
14455.51141639862,14458.701926801483,14462.591652081577,14467.168859172689,14472.458755048132,14478.230607874691,14484.034557464554,14490.001021423288,14495.968134081764,14502.09357895768,14508.54965742444,14515.155515511777,14521.881140541862,14528.698989949793,14535.984026066268,14543.304799062129,14550.863929821116,14558.552649546778,14566.373248551696,14574.37884601196,14582.441177095168
14457.271771924587,14460.493679600357,14464.40609767899,14469.017730634852,14474.316845401734,14480.328648952946,14486.822409455275,14493.348266720906,14500.03663835541,14506.725658689655,14513.57301124134,14520.750997383871,14528.078763146976,14535.526295852831,14543.06605293653,14551.072996728775,14559.115677400405,14567.337585076175,14575.61862351093,14584.029250912363,14592.57175759305
14459.64626636641,14462.924779347191,14466.925200003743,14471.616131063158,14477.006276999802,14483.083904747466,14489.874221279459,14497.14649476257,14504.450865008983,14511.917749624268,14519.385282939294,14527.011148471762,14534.967647595075,14543.07392633896,14551.299972025598,14559.57848500638,14567.89675507086,14576.682211843887,14585.503405496298,14594.50382615285,14603.563377568387
14461.704112673719,14464.959104462494,14468.992609232051,14473.748021677377,14479.193944525567,14485.339082250986,14492.171701787423,14499.717010108192,14507.744275380079,14515.803637415265,14524.025513819326,14532.248038923128,14540.503030711901,14548.883888033144,14557.595378945232,14566.456649477892,14575.437686953304,14584.471191722861,14593.544453576116,14603.084902137918,14612.661087579103
14463.438158305511,14466.677246103358,14470.67132568998,14475.443918257384,14480.938418500555,14487.123429146592,14494.007654669858,14501.579362004142,14509.81844980199,14518.102845920603,14526.869198990336,14535.66764882337,14544.628613025277,14553.590225926926,14562.584305513546,14571.704250632634,14581.15482934257,14590.755187673076,14600.475312946335,14610.24790551374,14620.060255164839
14465.900757279951,14469.058698773919,14472.955728065734,14477.607749146324,14483.038283207696,14489.190724944834,14496.033677084839,14503.575844102073,14511.733785596041,14519.963434424293,14528.860463716108,14537.80280132869,14547.227095892391,14556.683487219392,14566.302392915268,14575.921947310884,14585.573968391473,14595.351855004528,14605.460375208431,14615.718675032906,14626.096741800133
14467.511296547049,14470.506725242258,14474.160095431434,14478.552553418456,14483.700003194255,14489.625965950836,14496.273836383183,14503.612217218397,14511.607645913604,14519.645241626047,14528.298611815224,14537.023689338685,14546.416147325708,14555.853913633498,14565.773636892407,14575.725456914617,14585.839791305702,14595.954774396527,14606.102224172324,14616.375539480587,14626.979488379699
14468.871086086312,14471.888987952596,14475.402318514089,14479.573590569547,14484.483950422853,14490.149302064936,14496.5931666878,14503.75893898643,14511.615221687927,14519.633123554211,14528.146454115702,14536.70195169443,14545.873223749888,14555.116203139632,14565.02656299294,14574.982231167014,14585.419856292207,14595.889578180699,14606.521814438067,14617.154699395176,14627.820051037257
14469.693406300255,14472.75622641219,14476.336948390408,14480.413099063835,14485.147191231228,14490.620371196468,14496.848542950485,14503.855227685284,14511.583820095846,14519.64664020778,14528.065743021212,14536.64646499943,14545.722615672856,14554.840933363517,14564.57502553091,14574.38082503259,14584.854004997831,14595.372493283838,14606.372938520964,14617.405480521391,14628.600536890694
14470.493437988001,14473.499831464536,14477.069045053007,14481.15616050776,14485.738704657722,14490.97919030165,14496.958763743427,14503.693328973979,14511.206407185313,14519.21280066185,14527.447786548946,14536.017000137415,14544.942496427382,14554.029611882137,14563.612156032097,14573.236867199294,14583.477352843222,14593.789545821437,14604.769119263214,14615.794001025755,14627.300839739417
14471.139845581514,14474.13333622048,14477.633220335983,14481.69592456342,14486.27653065714,14491.35256544607,14497.086541728964,14503.559605809707,14510.787661679227,14518.781152318194,14526.787721168494,14535.287605283998,14544.016081810061,14553.078786037497,14562.497772966432,14572.078379060153,14582.154413849079,14592.272615655242,14603.006591938138,14613.81227555532,14625.285339636062
14471.990712276724,14475.059564530566,14478.621907423376,14482.690643792721,14487.322200274,14492.471658621564,14498.116545664336,14504.419374201072,14511.461290535659,14519.258198659021,14527.327050912865,14535.889393805674,14544.464814909816,14553.533551279164,14562.83088005907,14572.462436540347,14582.450275723126,14592.599734070689,14603.244621113457,14613.931675173464,14625.234503710202
14473.729608018233,14476.91509369406,14480.66943162373,14484.917260192367,14489.67148223754,14494.988524394646,14500.823468418037,14507.153841136636,14514.1421553492,14521.869557359614,14530.055043035441,14538.537436834631,14547.291774764302,14556.53960333294,14565.80051011291,14575.554732158085,14585.537546613818,14595.854588770922,14606.527913629528,14617.362857652919,14628.693230371515
14475.35633645327,14478.545241315023,14482.419631852605,14486.862874644028,14491.799608074418,14497.242734981344,14503.248682000205,14509.77253088535,14516.791808465701,14524.469027540019,14532.657932401773,14541.074239273941,14549.948629811523,14559.119928472464,14568.56317126389,14578.499904694281,14588.449716336005,14598.892843242933,14609.56456256042,14620.570509579278,14631.932739299638
14476.612666877323,14479.772446218754,14483.62113042194,14488.15530030095,14493.258322433805,14498.854835205626,14504.957741453984,14511.623467814276,14518.807096040851,14526.486152962634,14534.645932304065,14542.982930719812,14551.831614922998,14560.907701136597,14570.44187101561,14580.272949017983,14590.37597115084,14600.972483922662,14611.582074905817,14622.684981154176,14634.016479813092
14479.054657950097,14482.20111048128,14486.007342353892,14490.502479088262,14495.683101498455,14501.432576162491,14507.675541465494,14514.424900245034,14521.737079136508,14529.567159894266,14537.71361242545,14546.039121878415,14554.845353751029,14563.828804697958,14573.323941432325,14583.046480177107,14593.227102587301,14603.704633120857,14614.454107784897,14625.697073087902,14636.953116602239
14480.91014179738,14484.021203975557,14487.778718684916,14492.196012735705,14497.302211648252,14503.093896236622,14509.454433078836,14516.308460560016,14523.668881517733,14531.592122587384,14539.703184765562,14548.144327701497,14556.901842410856,14565.838414041998,14575.255708092789,14584.850221217896,14594.95642013044,14605.290021053399,14616.08170564177,14627.170298353503,14638.530835195721
14481.849273560969,14484.870197297936,14488.50218321308,14492.780621659407,14497.718839447161,14503.345962096675,14509.658570422012,14516.540031001192,14523.91498221934,14531.796326914024,14539.817250650989,14548.261415457608,14556.893401372752,14565.855468045655,14575.13390649198,14584.591401860089,14594.529619647847,14604.645056509919,14615.27217915943,14626.126703819356,14637.439312144694
14482.574705475043,14485.613184809998,14489.17258788192,14493.343053132017,14498.159970913299,14503.636668036008,14509.802270020475,14516.653357680767,14524.0732975949,14531.986728148002,14540.025207482957,14548.445031512594,14557.004434584514,14565.987078726088,14575.157543976185,14584.658089984043,14594.475007765323,14604.470982468385,14614.947679591098,14625.601595788125,14636.76719777259
14483.363398036576,14486.399987591321,14489.97505648102,14494.071049107688,14498.778103912531,14504.131611248558,14510.144897926013,14516.847089465224,14524.234766680262,14532.19129614914,14540.227885703885,14548.677905811734,14557.252974701432,14566.209388285815,14575.305380912481,14584.8246146088,14594.531669413644,14604.568804976245,14614.92231231227,14625.454876570078,14636.468163247537
14484.0890224847,14487.149683105645,14490.746933281333,14494.882662791975,14499.539316039587,14504.807031465372,14510.721199422343,14517.295146720742,14524.557998880895,14532.506336716877,14540.56699733782,14549.084187427641,14557.68143760333,14566.692118332123,14575.827847842764,14585.34492204809,14595.0015752957,14605.081469612962,14615.349185038749,14625.946981222294,14636.861149179262
14485.174839088235,14488.274074160292,14491.933969853293,14496.130455101038,14500.865419683736,14506.121308003405,14511.988258501247,14518.501661530276,14525.674843900732,14533.536931132941,14541.636166204999,14550.183739113038,14558.843634806039,14567.960059967916,14577.156545215663,14586.766461016512,14596.50142559921,14606.617734876594,14616.873623196261,14627.55275258558,14638.419703083424
14487.19807050042,14490.242954995516,14493.88707456267,14498.091854750768,14502.833224493608,14508.113073571403,14513.913846386167,14520.325681379107,14527.38396890323,14535.102035768783,14543.14692026388,14551.553891991185,14560.19801155834,14569.290468961473,14578.495249149571,14588.156558806544,14597.897928549388,14608.052728845334,14618.332577923127,14628.993771695608,14639.79454451037
14489.058865947445,14492.023334328067,14495.532687203784,14499.641275151558,14504.310523720278,14509.516361843738,14515.260679302155,14521.52592049754,14528.4022238711,14535.924979775846,14543.889448156466,14552.07198340264,14560.581336278357,14569.452776386284,14578.561364334058,14588.118290117814,14597.787538686534,14607.913316724127,14618.119154847593,14628.738423524159,14639.482740982574
14491.244290195136,14494.174677817788,14497.56953382106,14501.50927431943,14506.048249889855,14511.147886081226,14516.784111827337,14522.958816908405,14529.65444572644,14536.961136722653,14544.891524345305,14552.844667872701,14561.239523875973,14569.852446744799,14578.792187243169,14588.094014973747,14597.632990544173,14607.62030395058,14617.719940141951,14628.276105802195,14638.912331548312
14492.893368693505,14495.91153529346,14499.360089516067,14503.273112119296,14507.73101921762,14512.788161388,14518.405964179326,14524.560356525393,14531.253228206417,14538.467023624407,14546.291881220575,14554.31004782053,14562.758602043137,14571.22991217049,14580.142934773716,14589.274024242497,14598.731931340822,14608.551925671356,14618.609067841737,14629.1145478481,14639.732350639426
14493.843501595644,14496.62681800793,14499.92830102017,14503.660171655063,14507.856510670577,14512.597734181187,14517.938192763853,14523.839311967466,14530.277020725818,14537.253208819126,14544.750320649402,14552.533637061688,14560.641811070142,14568.943294082383,14577.675164717275,14586.429791256913,14595.626130272425,14605.040536153492,14614.781759664103,14624.885070406921,14635.225528989587
14494.5941237699,14497.408007135604,14500.505206913595,14504.120573291539,14508.166327292134,14512.676549673351,14517.731656549666,14523.385998498035,14529.60100106735,14536.352593191406,14543.642664650419,14551.453659846398,14559.267543212101,14567.36474299009,14575.786800364249,14584.402166742193,14593.447920742788,14602.51643064813,14612.026653029347,14621.754942276117,14631.810049152431
14495.966603155422,14498.919827820886,14502.18693585205,14505.737360295505,14509.80595133891,14514.30493000497,14519.268377051649,14524.776708593427,14530.884275207258,14537.552502442037,14544.757319231554,14552.50061535603,14560.453840021493,14568.718059882935,14576.985167914101,14585.535592357552,14594.410874397174,14603.47946544058,14612.978444106639,14622.500178677441,14632.463625724122
14497.06762839784,14500.010794525588,14503.407185318798,14507.117459477711,14511.111050048912,14515.622807220065,14520.564952013872,14525.971565188298,14531.923062857824,14538.473795599402,14545.58518896193,14553.233171879194,14561.17633800694,14569.362800259165,14577.759191052375,14586.466577041565,14595.176851200478,14604.170441771677,14613.488889939046,14623.000647110199,14632.942791904006
14498.081617228416,14501.030976688397,14504.423502276126,14508.269252529317,14512.428886148213,14516.871836179394,14521.832952810528,14527.224457064316,14533.080429698723,14539.48128682823,14546.481379029789,14554.042131852297,14561.99149131228,14570.088833689524,14578.481359277252,14587.117180989457,14595.962931242648,14605.119676691818,14614.279310310712,14623.722260341892,14633.490067969242
14500.74630211708,14503.674878204933,14507.052813752765,14510.873915428345,14515.148241769388,14519.736451476136,14524.60797759517,14529.997670314153,14535.817750655793,14542.102299378052,14548.931732595409,14556.36040088482,14564.288976972672,14572.27830588303,14580.656241430865,14589.182159895961,14598.003261571539,14607.067659371596,14616.34198571264,14625.92730724966,14635.515516956406
14502.731074092517,14505.679473377886,14509.056448751107,14512.88278358431,14517.152284545258,14521.87501017167,14526.911619163786,14532.231544568189,14538.069636572542,14544.338116199551,14551.071064207179,14558.348896709906,14566.225964284686,14574.174363570055,14582.551338943274,14590.989067139002,14599.815401972206,14608.789719722672,14618.059220683619,14627.572017769045,14637.294743395458
14503.797193168937,14506.717768160539,14510.08674243751,14513.884292802333,14518.131202627137,14522.821278579688,14527.964579197702,14533.421763181419,14539.162263577426,14545.42093057338,14552.109985191992,14559.263508191221,14566.96191568555,14574.882490677152,14583.180133243533,14591.549107520505,14600.346657885326,14609.204961072655,14618.451870897461,14627.846763639529,14637.536839592078
14505.245273968707,14508.204040551098,14511.58338212509,14515.411122984453,14519.667439931667,14524.373116338862,14529.521958873804,14535.124026074209,14541.039976640317,14547.239243618715,14553.95667719706,14561.104498398063,14568.716787979683,14576.675554562074,14584.832728638794,14593.212070212787,14601.96847936156,14610.796220220922,14620.052537168134,14629.369606937855,14639.075283345052
14506.836099681246,14509.84800763449,14513.318682170124,14517.209931697362,14521.549580509967,14526.317805410425,14531.535389770863,14537.19614025905,14543.310115412698,14549.73797393205,14556.449148863692,14563.678490395281,14571.338219549527,14579.350127502772,14587.474325037636,14595.94499957327,14604.614081603235,14613.505331130471,14622.773648232487,14632.113297045094,14641.88152194555
14507.67014705968,14510.67578938888,14514.193339671323,14518.169656536156,14522.566548392595,14527.4118395344,14532.685706764056,14538.408933453693,14544.57532627108,14551.194943753928,14558.128444602478,14565.345261863322,14573.08024572411,14581.085888053309,14589.251259536753,14597.7688098192,14606.398649683262,14615.374966548095,14624.549690907259,14633.946582763696,14643.720542194911
14508.637387109271,14511.732334682622,14515.332924585171,14519.445422440964,14524.016686879146,14529.008526308935,14534.448765024088,14540.317579827095,14546.63575409008,14553.397094480819,14560.611659537015,14568.140107958916,14575.95187279311,14584.046820366459,14592.376751800597,14600.977341703145,14609.73766075994,14618.850158615734,14628.074946053148,14637.64621049133,14647.415882423844
14511.093848102724,14514.282085007704,14518.065269486033,14522.354096293562,14527.154831054333,14532.414332397495,14538.094408732262,14544.222884352395,14550.77993606038,14557.786347228346,14565.235924524062,14573.138726485238,14581.326963390216,14589.543648717097,14598.04365045627,14606.826834934598,14615.845003273715,14625.133830081242,14634.582386043016,14644.38312080379,14654.296145146182
14513.820813941109,14517.020823575738,14520.909070115347,14525.392264228305,14530.381100670464,14535.881845065865,14541.841356043657,14548.221442013053,14555.049927267815,14562.30698861043,14570.013409413024,14578.16299634337,14586.363005977999,14594.965817573804,14603.854064113413,14612.770759074923,14621.970770448725,14631.453964561682,14641.172142535428,14651.160978977585,14661.309544573987
14515.405982239767,14518.56947466563,14522.432976726124,14526.984715691597,14532.13140223042,14537.783731098441,14543.947967919708,14550.570971323363,14557.614549718624,14565.10652739925,14573.02708116773,14581.190573593592,14589.560486822053,14598.373566178263,14607.237068238755,14616.503372260426,14626.055111225898,14635.635298613273,14645.498802412938,14655.64548895176,14666.02715935137
14516.731757250553,14519.886681823331,14523.705098821973,14528.223525455245,14533.430188993496,14539.231800105097,14545.539053545897,14552.358214939943,14559.636142916375,14567.334645884415,14575.48154813782,14583.636472710597,14592.211951051855,14601.030368050497,14610.055205851733,14619.523209780722,14629.041636413993,14638.962865008441,14649.169528546692,14659.404640506846,14669.923068879289
14518.55410150451,14521.750157504941,14525.601138078151,14530.115611077224,14535.330093710929,14541.23281324961,14547.730480361643,14554.733789802875,14562.249007197352,14570.222991174216,14578.419047174648,14586.81360614312,14595.656564396953,14604.507544970164,14613.779079311853,14623.293552310926,14633.014446112595,14643.178506042015,14653.392988675718,14664.010273270596,14674.912992809279
14520.2730244155,14523.476788467835,14527.376608520604,14531.93135314615,14537.149590197561,14543.067836883602,14549.67432047462,14556.875751638989,14564.582825132558,14572.786589184896,14581.005570631709,14589.683318660911,14598.583138713679,14607.681461734488,14617.228184040658,14626.782928666205,14636.758227060232,14646.976464111642,14657.401121965648,14668.268945947404,14679.187192633444
14521.853343619196,14524.976601336495,14528.80362310613,14533.3267008762,14538.504703219045,14544.346197987756,14550.887702391095,14558.117443699413,14565.942132581082,14574.065390298381,14582.39572150925,14591.22274327889,14600.064982443002,14609.365988189504,14618.88906595957,14628.61064669768,14638.780626721149,14648.958629063996,14659.557185175323,14670.398679944032,14681.446595515337
14523.304268406562,14526.364577332035,14530.048143974807,14534.435474669914,14539.518861365455,14545.257172633772,14551.658976327955,14558.760789656768,14566.550839890557,14574.61114881603,14582.996146623169,14591.679713265941,14600.570353402283,14609.957684097393,14619.360232186978,14629.221546858953,14639.304933554491,14649.586823218073,14660.317112167013,14671.055423435333,14682.214288472132
14525.289617908642,14528.317202536253,14531.905096089336,14536.116247359721,14541.031162682439,14546.642134005591,14552.908029901519,14559.837418223313,14567.466816179736,14575.494400807347,14583.812035668747,14592.39992922183,14601.31251165658,14610.523662926964,14619.941887690917,14629.856803013638,14639.786935730834,14650.175835030419,14660.786806353568,14671.59628064476,14682.854154221312
14527.068370557066,14530.135006049934,14533.72922617041,14537.883755216359,14542.661541979609,14548.143092795191,14554.320699611211,14561.153231000004,14568.649254814663,14576.715890307529,14584.91192375682,14593.506143877295,14602.39041423156,14611.54494327751,14621.024161205127,14630.801947968375,14640.786808225193,14651.26835904078,14661.765127250843,14672.720662043293,14683.898268859308
14529.482601414704,14532.34413823905,14535.772310556262,14539.728067501084,14544.24413337138,14549.383456958974,14555.226544598903,14561.765688239268,14568.959756452407,14576.817317091412,14584.678853915757,14593.107026232969,14601.664596506605,14610.620353451426,14619.866160630037,14629.382226500331,14639.222981252295,14649.36230483989,14659.708701921052,14670.551789560985,14681.410094595394
14531.514519126451,14534.361508156637,14537.57003401117,14541.345195358568,14545.647941333576,14550.51099623406,14555.99730885184,14562.187385521955,14569.073518192507,14576.614575435831,14584.461564466017,14592.66611413521,14600.87463998974,14609.649801337138,14618.554360640963,14627.85710661597,14637.449902824766,14647.312957725248,14657.500701507397,14667.98701412518,14678.680400236528
14534.850829655103,14537.904922518808,14541.3060044127,14545.068623130937,14549.39787734204,14554.254716180754,14559.671863944943,14565.712269426429,14572.456438960247,14579.896664494505,14587.95075735821,14596.04590746524,14604.446989359132,14613.20563189203,14621.968250610265,14631.297504821368,14640.756156988899,14650.61299582761,14660.759884900112,14671.177032664298,14681.918869310153
14537.219163735828,14540.225403928636,14543.78573698515,14547.69305907185,14551.961917982895,14556.797412386806,14562.160491418328,14568.083879375325,14574.630525049619,14581.880934776245,14589.82740050331,14597.833640696119,14606.393973752633,14614.995364052473,14623.902686139172,14633.167568864877,14642.436427775921,14652.271922179832,14662.23681454017,14672.59989357169,14683.253022837
14539.334957006227,14542.377454990943,14545.926193168469,14550.0290242097,14554.478844281117,14559.290201176878,14564.668193565507,14570.573770581746,14577.039656523459,14584.12880018247,14591.921707893815,14599.964205878532,14608.453169590313,14617.001907767839,14626.10473880907,14635.248627093628,14644.698447165043,14654.505827875466,14664.317184771227,14674.695177159856,14685.20256750491
14542.675064335883,14545.817739845814,14549.502913340459,14553.694327027915,14558.439833579077,14563.532329160424,14568.986361566116,14575.007029464676,14581.555281990846,14588.663843442488,14596.39566261143,14604.538338121361,14612.973921342635,14621.659094837283,14630.790734058995,14639.982147746452,14649.727654297612,14659.514218092101,14669.606713673447,14680.0567698938,14690.510802299492
14545.949712643183,14549.144050397661,14552.981063662068,14557.360574911188,14562.246326353123,14567.68617065876,14573.473003994583,14579.621374154753,14586.336379807788,14593.578970088436,14601.381869294553,14609.57620704903,14618.00236397245,14626.839377236856,14635.969298212605,14645.348809461731,14655.17478643792,14665.060537879854,14675.50038218549,14685.981283734454,14696.768117070278
14548.028929440621,14551.17348576732,14555.012379848498,14559.493949439606,14564.518017015425,14570.04832478406,14576.132725416399,14582.56411507892,14589.35704156579,14596.716603545527,14604.603750152874,14612.748306479574,14621.195762012392,14630.034656093567,14639.105369343688,14648.586938934795,14658.361416237243,14668.38548381307,14678.856017115959,14689.386324884592,14700.470725516929
14550.427522892669,14553.608301117158,14557.433635668345,14561.953307974014,14567.11565578961,14572.820501589918,14579.031587583042,14585.79676643987,14592.90893432688,14600.38263903824,14608.422979242465,14616.603757466954,14625.171682298791,14633.99701684998,14643.125250607287,14652.64492291295,14662.39641438756,14672.558762203158,14683.014017730095,14693.71886353041,14704.870175057787
14553.268875404381,14556.455712034895,14560.323326889898,14564.8354980716,14570.042007007782,14575.891191453893,14582.282873884715,14589.180796508352,14596.632811995694,14604.431816513219,14612.592357855094,14620.779194485607,14629.506371320345,14638.37398617535,14647.6287476377,14657.140918819405,14666.955989207225,14677.162498143402,14687.600826248527,14698.450010694638,14709.59210285209
14554.883944630625,14557.99673742355,14561.796366846987,14566.276774494914,14571.40173846954,14577.221040198645,14583.683017437681,14590.687492661427,14598.198208077987,14606.263016358254,14614.375809151177,14622.787606461627,14631.560940596424,14640.360570019862,14649.700539647525,14659.180947295452,14669.048501550727,14679.173465525355,14689.6013287061,14700.4206304352,14711.471751333249
14556.795416914245,14559.936094119626,14563.689564117934,14568.129870746754,14573.250955600062,14579.01659678007,14585.476575714556,14592.579230158975,14600.224382588103,14608.365059793485,14616.516452415426,14625.221937901075,14633.97540789938,14643.027882415212,14652.441893755391,14661.88220038421,14671.862847217255,14681.983932070563,14692.492163531222,14703.257804711231,14714.326345097357
14559.556382539722,14562.792156354826,14566.668607375312,14571.157851188724,14576.333931632647,14582.19079030106,14588.692205296173,14595.887958045763,14603.726386305287,14611.96216012039,14620.343086364623,14629.219537385108,14638.106703822154,14647.547963122906,14657.037206936315,14666.825455267252,14676.975240422535,14687.151320866458,14697.867741514608,14708.72460018302,14719.968605458784
14562.248513540646,14565.43876998363,14569.364800241716,14573.931507705183,14579.111007961577,14584.977344848483,14591.52445995988,14598.716131397974,14606.602140590547,14614.792397033529,14623.321081736036,14632.247111994122,14641.318294681336,14650.885002144803,14660.46242502483,14670.593940768567,14680.773441024958,14691.251945798876,14702.091987397142,14712.958324284049,14724.365001375181
14564.162702351612,14567.353447699144,14571.23444948966,14575.851225095279,14581.108677906279,14586.978923510205,14593.536005744643,14600.773866203572,14608.6562829892,14616.847028336731,14625.423782876836,14634.30478466735,14643.52421471739,14653.140990323009,14662.902918357755,14673.160371168755,14683.428539396315,14694.250800487584,14705.121046091504,14716.290296212956,14727.821083158753
14566.024394845746,14569.186409350894,14573.039169203574,14577.58218549924,14582.860975610005,14588.780442926154,14595.312703035228,14602.531799774813,14610.431674738891,14618.593689244039,14627.138120534815,14635.990880387495,14645.229649432747,14654.772665728411,14664.654110283598,14674.932900394366,14685.35684293426,14696.276310250407,14707.206492983116,14718.690768579532,14730.223028688602
14567.481566054272,14570.53922228755,14574.258893025977,14578.669309111934,14583.769981640879,14589.606427984922,14596.08355153435,14603.1734678767,14610.950220849565,14619.007877082844,14627.465408280199,14636.185079018625,14645.28716654268,14654.697582628638,14664.49400790717,14674.59468043611,14685.033781224576,14695.870227568621,14706.851826341794,14718.32894989122,14729.816788857206
14568.681718142874,14571.7574067601,14575.390751610603,14579.686110966255,14584.672215669436,14590.348576815606,14596.760711776873,14603.813523943525,14611.479128903102,14619.554817520326,14627.907259110416,14636.540603960919,14645.5738237755,14654.86918313115,14664.54695927243,14674.533063975612,14684.90517787137,14695.581539017534,14706.596328423226,14718.008463384494,14729.565750774893
14569.54017928918,14572.616025563533,14576.267560455111,14580.476751579967,14585.347957209973,14590.909908187507,14597.16211560803,14604.150096843648,14611.778755284653,14619.854601559005,14628.096052792935,14636.747587684513,14645.675875548955,14654.88506667381,14664.494132762744,14674.365338392747,14684.618960808379,14695.180911785914,14706.128871956025,14717.381079376542,14728.971715056587
14570.33690726926,14573.36391524055,14576.966769486193,14581.145312349061,14585.881511445206,14591.279725046505,14597.368683995328,14604.14789938714,14611.66288859405,14619.68989656534,14627.845562977636,14636.448417223279,14645.216876428498,14654.395419291366,14663.850715127099,14673.586914223244,14683.722988283469,14694.121201884762,14704.901832271684,14715.990791220509,14727.46575936191
14570.863898251522,14573.886076736037,14577.435263191841,14581.560295921998,14586.26101726938,14591.51939485004,14597.439786935853,14604.05092436919,14611.352318245517,14619.374496730032,14627.411664421455,14635.96085087726,14644.63869577407,14653.763728504227,14663.054366193961,14672.755087541344,14682.73256186159,14692.99093944225,14703.64919198699,14714.569584072797,14725.872392944233
14571.597301607791,14574.677541486955,14578.279959850635,14582.409386185604,14587.114658794924,14592.395620021472,14598.234237481296,14604.734869446273,14611.926246758776,14619.807880514267,14627.88812039343,14636.490538757109,14645.107946327698,14654.237372662667,14663.495457438641,14673.200730047964,14683.071607616861,14693.352568843407,14703.91028304282,14714.748900502644,14725.987392926547
14573.225702633026,14576.408716309044,14580.171969864226,14584.457401903926,14589.269841914913,14594.658128200252,14600.62210310282,14607.143734238662,14614.327379879656,14622.20177086818,14630.384784544198,14638.949431975707,14647.712685530889,14656.998117570587,14666.298538817195,14676.110978828181,14686.052077280176,14696.440363565516,14706.994254810432,14717.958229712998,14729.198957588429
14574.698702070262,14577.872261060433,14581.728833726622,14586.165646271977,14591.124637301848,14596.610636303005,14602.672481578515,14609.310015471256,14616.505205597268,14624.362410228434,14632.535969218605,14641.083919197301,14649.94049186349,14659.17869828517,14668.615510830523,14678.574501860394,14688.548482097172,14699.03448109833,14709.649138540495,14720.710983816009,14731.938434051095
14576.205139865982,14579.394557189573,14583.257533503333,14587.803523493112,14592.929753362057,14598.578161715519,14604.753578040267,14611.504840639367,14618.831791855699,14626.716399305302,14634.905816628892,14643.452438583648,14652.31541489741,14661.552782199697,14671.098772189474,14681.026395934745,14691.152625803688,14701.80103415715,14712.464431717519,14723.639848042267,14734.943922808023
14577.727809408178,14580.889158524178,14584.739924963771,14589.264250393531,14594.471589499311,14600.25916848426,14606.568925953721,14613.40569139447,14620.818303109572,14628.806603441904,14636.967952557905,14645.513909123509,14654.364675563102,14663.572646633858,14673.09697206362,14682.99568848191,14693.203027587688,14703.792000448959,14714.579579433903,14725.889336903367,14737.214083579736
14578.8801851071,14582.015752247067,14585.812668503037,14590.299002082596,14595.458894652325,14601.301800898073,14607.724947022989,14614.670271632418,14622.142604213135,14630.190783068205,14638.326350208174,14646.950217680473,14655.747133936442,14664.928657642013,14674.414991221574,14684.258529432298,14694.418422002029,14704.952705560285,14715.795611806032,14727.02015180727,14738.443297932183
14580.207515077926,14583.361278898892,14587.150609859824,14591.60128993676,14596.741387337284,14602.55504372798,14609.051713794692,14616.128623740575,14623.727712170969,14631.85380857265,14640.007572393617,14648.709515069651,14657.498846030587,14666.77647732385,14676.227157400786,14686.062444927322,14696.20254232785,14706.699844359538,14717.513500750236,14728.701548129457,14740.198218196168
14581.98364179209,14585.190561436344,14589.051244901564,14593.54749550675,14598.705095227939,14604.552112272717,14611.072688307666,14618.276278018631,14626.060107608768,14634.267027253021,14642.573035327669,14651.406051373604,14660.266734838824,14669.675597159112,14679.1718477643,14689.156398701818,14699.313998423007,14709.856205593796,14720.703222638578,14731.90744431452,14743.42802034947
14582.972301088925,14586.107484078255,14589.949586711837,14594.445453166387,14599.5768867609,14605.36966947142,14611.851869505526,14619.007628529806,14626.8464012301,14634.98158421943,14643.400596798894,14652.242699432478,14661.183890496455,14670.652089531719,14680.14795598627,14690.192001295885,14700.323434890404,14710.94316881725,14721.73595152777,14732.913341687887,14744.395541721999
14583.942257984387,14586.96569213176,14590.624309268462,14594.989846049415,14600.009146651337,14605.664014393224,14611.980231251115,14618.985865432593,14626.665058604245,14634.688492751617,14643.050699599282,14651.709316735984,14660.651763462822,14670.017300243777,14679.481925455126,14689.473558637761,14699.492859239685,14710.060338696672,14720.715206438563,14731.858374512782,14743.174591370673
14585.16345476312,14588.243535878244,14591.847051140743,14596.085749392569,14601.031367288646,14606.630749005692,14612.865697862702,14619.761995835719,14627.347711132321,14635.427792247445,14643.687066534221,14652.290581796717,14661.232869759508,14670.471568011333,14679.994095853295,14689.939713749374,14699.984420075849,14710.556134373608,14721.155516090656,14732.303076662767,14743.538025519782
14585.929817586039,14588.978990856973,14592.608245243031,14596.760933776462,14601.548805299222,14607.043596466234,14613.192151454214,14619.976273582159,14627.42174482611,14635.470918097042,14643.605806664578,14652.235061050636,14661.043508608347,14670.196197141777,14679.687658375502,14689.47552989826,14699.547231011156,14710.04202217817,14720.635901775579,14731.756789344272,14742.905344332254
14587.294015086794,14590.398121837763,14594.051401859668,14598.284762996695,14603.041558281097,14608.433536554825,14614.532434472805,14621.285096211755,14628.67332509067,14636.722903085589,14644.82700983656,14653.48028985846,14662.219285176967,14671.452646313994,14680.865200622673,14690.621995907073,14700.717563891767,14711.109542165494,14721.78535002936,14732.884247947342,14744.082234295722
14589.060609941,14592.19163290289,14595.92676261575,14600.211065599548,14605.075449698465,14610.463267944759,14616.48626918038,14623.216190060251,14630.599874761092,14638.619126601898,14646.75014956379,14655.430750520602,14664.165880233462,14673.450183217255,14682.820201497654,14692.684585596571,14702.728162867143,14713.115981113435,14723.84257206002,14734.865573295638,14746.172404121397
14590.150392339994,14593.201981194212,14596.88459301032,14601.1713115774,14606.007203415415,14611.423176368551,14617.362583469063,14623.937173558903,14631.218683292993,14639.153956848053,14647.20554570227,14655.776386397294,14664.458998213406,14673.691188024435,14682.977906591515,14692.813798429526,14702.735405564144,14713.15137851728,14723.74654464207,14734.68595174258,14745.964131543384
14591.556110136355,14594.681392130398,14598.358262978662,14602.666156788813,14607.578157349939,14613.039331181997,14619.08058612918,14625.645275223735,14632.84514730762,14640.751939035754,14648.8772210298,14657.437776578903,14666.114647427166,14675.310770116233,14684.61866392639,14694.476135731464,14704.38813629259,14714.849310124644,14725.396199253308,14736.437454200486,14747.657902319323
14592.756341361,14595.868816969714,14599.606574572472,14603.895921029449,14608.816290448314,14614.340766618154,14620.414416058926,14627.068146614822,14634.24531131809,14642.05765901069,14650.170134619404,14658.689401956251,14667.42715955901,14676.600190716828,14685.889537173805,14695.698135471586,14705.618504890457,14716.088452304244,14726.612928474084,14737.68657791485,14748.845942652228
14593.59996622447,14596.681808917921,14600.376127220088,14604.695727516297,14609.566916666727,14615.069128779043,14621.175447642336,14627.830939776559,14635.066513025908,14642.82552042263,14650.90736311608,14659.301553502133,14667.995871804298,14677.096981834598,14686.416582130809,14696.17145598208,14706.042645132507,14716.433086123741,14726.935298236063,14737.987088343303,14749.093407206594
14595.827157326803,14598.963326247895,14602.68133786244,14607.0118250857,14611.967594303,14617.474952374523,14623.613333407933,14630.355821192317,14637.647482247634,14645.519224418076,14653.655393339168,14662.050569656983,14670.768581271528,14679.798940578672,14689.12942780193,14698.866706753324,14708.822475970626,14719.21351874299,14729.720876814512,14740.747486726837,14751.885867760253
14597.750244088364,14600.858829543029,14604.603583918786,14608.930180987996,14613.869253665922,14619.433608337888,14625.549551864075,14632.29651835215,14639.6475915912,14647.547838101182,14655.656423555847,14664.136751180955,14672.881505556712,14681.885267329193,14691.211864398403,14700.850809160213,14710.789881838136,14721.135746244196,14731.700100916163,14742.699729143193,14753.815672669378
14598.841602805762,14601.859486743324,14605.485956135553,14609.748594448873,14614.593075455647,14620.050032071134,14626.132270680664,14632.766098144413,14640.030948570053,14647.899905746664,14655.917789684228,14664.335920131773,14672.962389524002,14681.960601086672,14691.223239399993,14700.744885110036,14710.589366116808,14720.746194816182,14731.203151431668,14742.066899775291,14753.14913838482
14599.992953679784,14602.990231508023,14606.505393273826,14610.629140494297,14615.389056635855,14620.73081547087,14626.685049914597,14633.264566352367,14640.395671644355,14648.157799898236,14656.155077726475,14664.521312731327,14673.036474497132,14681.951882772915,14691.075629993386,14700.571119384294,14710.331035525856,14720.349959064139,14730.691717899152,14741.345824426764,14752.30005887049
14600.799433231445,14603.792058104627,14607.281960806049,14611.289747445033,14615.906119538686,14621.158660553427,14626.993044261622,14633.439903578532,14640.512044889485,14648.135775054654,14656.128399927837,14664.3831530549,14672.873055756321,14681.731915634355,14690.739702273342,14700.147735422308,14709.764107515959,14719.75222178005,14730.004762794795,14740.516311206258,14751.350694914454
14601.39633198098,14604.399449976228,14607.895192844657,14611.888213541326,14616.399118175555,14621.518608264454,14627.274267274443,14633.611768977884,14640.56174629004,14648.13700559624,14656.140123591487,14664.266971751902,14672.762714620332,14681.52058574264,14690.513606439308,14699.87558431259,14709.386488946822,14719.297640091036,14729.417130179932,14739.908362439272,14750.664021449262
14601.995483887351,14605.032354589981,14608.57234328786,14612.60495685892,14617.134848258222,14622.182623595081,14627.838984386612,14634.131514099232,14641.005886505303,14648.492734520092,14656.529605222724,14664.641735231555,14673.181723929432,14681.845442792479,14690.878056363541,14700.172798188481,14709.702689587779,14719.601538163692,14729.649313500557,14740.097335347402,14750.753696138929
14602.93384623257,14605.998871524704,14609.600767519467,14613.70578150948,14618.303420372673,14623.398337064107,14629.0111376931,14635.232523776764,14642.090078781517,14649.529476479722,14657.581349786644,14665.646375078777,14674.248271073542,14682.925426374506,14692.030440364515,14701.259184519695,14710.85682338289,14720.716590499964,14730.811507191394,14741.27538105944,14751.888181688439
14604.834670512657,14608.014298690854,14611.758952161184,14616.040476334147,14620.825118502356,14626.102385543747,14631.876930413378,14638.169359220568,14645.07037348243,14652.60755666538,14660.726582541782,14668.906210719979,14677.637712205098,14686.382365675428,14695.663889848393,14705.020673327554,14714.80531549576,14724.713687829137,14734.99095487053,14745.5303501658,14756.304895035428
14606.130804732917,14609.267133433046,14613.083090311371,14617.464072481831,14622.38192535492,14627.80289622326,14633.716491964778,14640.12736553454,14647.056123041857,14654.593466003847,14662.729794703975,14670.903306587055,14679.658661163585,14688.474618041912,14697.842448227158,14707.223430397618,14717.14128327071,14727.13439545,14737.555366318335,14748.100067351841,14759.013663093361
14607.270624691786,14610.357686161347,14614.081076331038,14618.484094678925,14623.452138318946,14628.957052661597,14634.965084999498,14641.465742210577,14648.4636772499,14655.979496226779,14664.06655769634,14672.190962127892,14680.91435229758,14689.67492565022,14699.017341696312,14708.4203600442,14718.375251699008,14728.34329533903,14738.848209681682,14749.428383330534,14760.43641566843
14610.069588190549,14613.032242807492,14616.581958893998,14620.768003680632,14625.633676645462,14631.064374902428,14637.031943862023,14643.502630816867,14650.46594264489,14657.926532301157,14665.889186918102,14673.867660511925,14682.41737659843,14691.004435646926,14700.190480433557,14709.413708403143,14719.218779066177,14729.08445203101,14739.501998302761,14749.932696559727,14760.900265519325
14614.835882387168,14617.7643831246,14621.155538478979,14625.133755302917,14629.748300826986,14635.04247452925,14640.90167352365,14647.297743220677,14654.196930912956,14661.588743478413,14669.477833872113,14677.406334609546,14685.797489963927,14694.204464295182,14703.18268111912,14712.19824090505,14721.812786429115,14731.464515136135,14741.698086536602,14751.992260238869,14762.838307248054
14618.655819300846,14621.657547049781,14625.087775536149,14628.98065863946,14633.460603212334,14638.576876485336,14644.372777936534,14650.733704679868,14657.63150212583,14665.032417567043,14672.925957881434,14680.927685630368,14689.318503773004,14697.748732259372,14706.641615362685,14715.550317442876,14725.030262015747,14734.547549550613,14744.66382282361,14754.817279279565,14765.552578428966
14622.618588156101,14625.5776728378,14629.038485268435,14632.927798436502,14637.279766221514,14642.218795476087,14647.794153430788,14654.049139563685,14660.869150988718,14668.22603311638,14676.086033239293,14684.045117920992,14692.397742917083,14700.858555347715,14709.70845817205,14718.597771340117,14727.949739125132,14737.317525887021,14747.256555141592,14757.232927358156,14767.808285312853
14629.282342916786,14632.329588462822,14635.835918690556,14639.843976667227,14644.28053538133,14649.179748712379,14654.666023512988,14660.788627013724,14667.590858692658,14674.958115663725,14682.862243337424,14690.909488883459,14699.316734552409,14707.823064780143,14716.72293532227,14725.730993298937,14735.12814166931,14744.564700383411,14754.463913714462,14764.378946022387,14774.865220822994
14637.16776875826,14640.323279732063,14644.026036251904,14648.187877453442,14652.851446403916,14657.94351609182,14663.498240396673,14669.640026171086,14676.418140645626,14683.875883298364,14691.898651243235,14700.054162217039,14708.613800864541,14717.31655738438,14726.379314027132,14735.54115522867,14745.0965367446,14754.760105695072,14764.812765039247,14774.904834727153,14785.459559032008
14641.990773239806,14644.910574492715,14648.485886719425,14652.608444492174,14657.19008694662,14662.273457150002,14667.785328090815,14673.759853648577,14680.321440675898,14687.519356403345,14695.396900308991,14703.3167015619,14711.759270759678,14720.33458298639,14729.314022886801,14738.436580659547,14747.919138555208,14757.500781009654,14767.475963778492,14777.559333981872,14788.031794578956
14644.512880115932,14647.44350965867,14650.793940454314,14654.79988222376,14659.353069539247,14664.36534153643,14669.879341282549,14675.821841766097,14682.226996866595,14689.219213436654,14696.847758706837,14704.778388249573,14713.086561697957,14721.436992493602,14730.310191234117,14739.316133003565,14748.726202446713,14758.279389762196,14768.192577200592,14778.204849197777,14788.61066150935
14647.613486114196,14650.589001123088,14653.995145674715,14657.82109147925,14662.302548257587,14667.331250581965,14672.819037588037,14678.808552343047,14685.226567835487,14692.107237944874,14699.574969523825,14707.550484532714,14715.654544811789,14724.060689363414,14732.84437782069,14741.670323625223,14751.01903737463,14760.50049415297,14770.386078605006,14780.41478092938,14790.803483376667
14650.278829867195,14653.266028507946,14656.72874215759,14660.622085349967,14664.935229795254,14669.903885214342,14675.419786179471,14681.394771826293,14687.871485222056,14694.776699355247,14702.144568105385,14710.099498325088,14718.086696965838,14726.549410615478,14735.140669535305,14744.034012727681,14753.304899825707,14762.618044270994,14772.453956661151,14782.422612080241,14792.79539517303
14652.565160516617,14655.424513691274,14658.771065506682,14662.593132330983,14666.845828698019,14671.518326317962,14676.846334911708,14682.721589051494,14689.055927872974,14695.891994443395,14703.156561751242,14710.883783676038,14718.743136850695,14727.057420245055,14735.403972060463,14744.22603888476,14753.176650979245,14762.429347346279,14772.059587618962,14781.732085238906,14791.92735080372
14654.794970572586,14657.636092423314,14660.8365674487,14664.524241114836,14668.687429789867,14673.28124800763,14678.294867478302,14683.963997922776,14690.180373913292,14696.8558345855,14704.033023006648,14711.638712165224,14719.479834015952,14727.548177791477,14735.748652816863,14744.404058061951,14753.091731728087,14762.254920403115,14771.546654348327,14781.140472566089,14791.1118346895
14657.87405091179,14660.877950450194,14664.222971839326,14667.927346403116,14672.118919607656,14676.78600782109,14681.883725577258,14687.401244586334,14693.574274569211,14700.294550098131,14707.473910308743,14715.154998268295,14723.1588978067,14731.268486503679,14739.613507892811,14748.18575120674,14756.89012577053,14766.049430554021,14775.241003758561,14784.908091971993,14794.703725455609
14660.78038989231,14663.810677967349,14667.344865580793,14671.220175044964,14675.454837683794,14680.176698963372,14685.374075251848,14691.002081083056,14697.04988816717,14703.753206225088,14711.003769829047,14718.7134181147,14726.743706189738,14734.95508222433,14743.489269837773,14752.129146609794,14761.004456073964,14770.106987462934,14779.341650101764,14789.031242960295,14798.753104239875
14662.462494704563,14665.48591555459,14669.039624479654,14673.097232943124,14677.495963257319,14682.254046746175,14687.49932887578,14693.220126014281,14699.371552695515,14705.942780629655,14713.169519537598,14720.943503991582,14728.966924841608,14737.199993977287,14745.753702902352,14754.48849978697,14763.546108250437,14772.709405872483,14782.10813618668,14791.734088425676,14801.492171914531
14663.579884139785,14666.618708421542,14670.180953553323,14674.273486760145,14678.86991950537,14683.807474101322,14689.104381871934,14694.888488283294,14701.148109703552,14707.838360666541,14714.948412882439,14722.713976072137,14730.752800353892,14739.065609089634,14747.627854221415,14756.39974763885,14765.49228084567,14774.765902012046,14784.362334757268,14794.06445666107,14804.002011257024
14666.197552841162,14669.022225034021,14672.385721508635,14676.272638833276,14680.689844232955,14685.61094917104,14690.87317595985,14696.494755923319,14702.603534527538,14709.187828140655,14716.202751296501,14723.637475705258,14731.462147898115,14739.552383280672,14747.915879755286,14756.553360683885,14765.440278008526,14774.53684361882,14783.954049018497,14793.552342377732,14803.473447315811
14668.165688219246,14670.943932821881,14674.046849617378,14677.688590694628,14681.853752621906,14686.549202624221,14691.748552164943,14697.28902355639,14703.188848122496,14709.57587132935,14716.438409545106,14723.731577303588,14731.444546314982,14739.222790917618,14747.325707713113,14755.694187698306,14764.335928775557,14773.251654306792,14782.41681623407,14791.791626447,14801.487076449315
14670.650714558076,14673.542101928651,14676.711733901864,14680.206038067936,14684.239166515763,14688.795715813616,14693.882553186506,14699.473290097805,14705.405148859827,14711.69636079651,14718.47477137394,14725.72869696027,14733.413252089329,14741.304639459904,14749.408995841875,14757.578627815086,14766.072931981158,14774.832799336926,14783.865927784753,14793.173040686564,14802.729589984418
14672.375212297937,14675.22776278938,14678.471700651397,14681.993883116053,14685.840737773566,14690.226416712836,14695.13551650213,14700.574904366464,14706.518191769206,14712.80260102267,14719.446363450796,14726.577324519667,14734.18380059744,14742.036351088882,14750.073456709384,14758.3173945714,14766.774301444815,14775.296483909467,14784.143338566982,14793.255756414192,14802.641435353462
14673.6595643607,14676.531617405899,14679.75622094254,14683.372211849754,14687.266447359607,14691.485355062317,14696.243087046785,14701.524239881277,14707.335680790808,14713.651021238747,14720.307483537408,14727.323299010732,14734.8263131248,14742.698366169998,14750.676895292969,14758.901498829608,14767.310657495307,14775.926648402523,14784.755608321135,14793.649843830985,14802.868751533697
14676.067823052927,14678.979991578748,14682.26421314977,14685.900985212233,14689.929144645268,14694.235548680945,14698.866624909477,14704.036525419766,14709.72984678008,14715.953456215433,14722.680965189194,14729.749596013677,14737.177580012822,14745.089748538645,14753.004931178535,14761.289152749554,14769.679850398346,14778.316622460809,14787.13794965233,14796.166109085367,14805.407237529802
14677.601668744086,14680.591272884232,14683.9930455502,14687.766871261369,14691.893247463979,14696.41101103716,14701.207019212983,14706.327699581661,14711.987204232099,14718.170129732558,14724.883343308058,14732.100456421966,14739.658691386596,14747.576279525887,14755.565883666033,14763.967656332004,14772.37244311204,14781.146268823206,14790.026570612144,14799.152946814755,14808.463878146422
14678.796716930141,14681.627247510656,14684.947382231316,14688.679685477797,14692.78404176948,14697.240948552604,14702.0892427063,14707.215781462637,14712.666992411829,14718.657027642781,14725.170483723754,14732.21422787977,14739.76187157419,14747.592402154703,14755.481167699849,14763.729286419653,14772.049421140315,14780.7817243868,14789.51704174735,14798.62139803903,14807.832230408481
14680.041017236197,14682.94301901687,14686.175551378055,14689.897687879387,14694.031992906539,14698.538350978895,14703.39725954269,14708.647555477059,14714.176096014065,14720.02930874393,14726.421345755552,14733.336803617198,14740.782549553884,14748.684551334556,14756.634196809648,14764.866729170833,14773.15749649665,14781.807616997126,14790.52975349846,14799.664058525615,14808.801377666838
14683.487906427477,14686.304040485915,14689.522176325027,14693.070842744652,14697.109113304423,14701.559552390014,14706.38204452081,14711.557087143043,14717.123517135851,14722.968191731297,14729.137538519599,14735.845709589661,14743.077301509746,14750.83918150487,14758.65531556331,14766.873451402422,14775.139230935953,14783.687897355578,14792.294798739833,14801.26105329875,14810.29932385852
14686.674348837589,14689.380335293483,14692.402455807814,14695.826578102819,14699.581230978338,14703.825487994003,14708.481913535488,14713.510392122178,14718.891421200306,14724.663837649006,14730.714498700347,14737.089831944542,14744.003989470499,14751.441567846477,14759.14755430237,14767.11542075339,14775.137541267723,14783.561663562728,14792.033429552153,14800.788082427673,14809.60097026782
14689.377430035853,14692.015413668103,14694.85938375625,14698.019487902831,14701.581593830088,14705.474230337859,14709.856470985775,14714.650880159512,14719.817342378452,14725.336355088832,14731.246755169785,14737.435399853375,14743.948716729823,14751.00085788803,14758.57641989626,14766.214403528513,14774.058373616655,14782.164223699927,14790.32432784651,14798.886433773769,14807.496183395446
14691.949663713349,14694.611260750922,14697.410841420746,14700.416408546465,14703.73810973062,14707.46181269545,14711.516046240795,14716.059883926284,14721.015890137594,14726.343949394108,14732.024559142059,14738.096556260585,14744.44679798175,14751.12171189577,14758.33545009155,14765.997047129124,14773.734206174928,14781.533786844753,14789.53935397047,14797.806801091314,14806.128502275471
14694.600691316768,14697.322391792384,14700.205689305572,14703.226970451013,14706.454238052347,14709.997639712117,14713.943043152563,14718.218977173523,14722.984515334629,14728.162222021554,14733.711981753684,14739.61429197725,14745.907989571391,14752.479931768172,14759.376546157808,14766.811984829204,14774.53368530482,14782.416982818007,14790.375842339428,14798.397123484869,14806.624391086201
14696.542287485237,14699.308395505275,14702.29620400093,14705.445609534156,14708.732998699632,14712.226374321004,14716.035884000812,14720.247395461296,14724.789437502293,14729.821083683437,14735.264898390398,14741.080766142566,14747.24918438617,14753.808990000349,14760.647040217167,14767.80976262684,14775.511309318274,14783.277417338311,14791.265225833964,14799.41463136719,14807.639598908649
14697.223871986584,14700.077069827372,14703.196375688198,14706.53738202464,14710.039985398655,14713.680572404919,14717.52714586708,14721.689853387676,14726.254562688948,14731.149802570733,14736.534646592665,14742.331659140415,14748.50072473337,14755.02234081776,14761.935344272728,14769.126592330334,14776.642512580796,14784.495710421585,14792.550454953805,14800.669760814631,14809.010767151072
14698.2694295857,14701.032969584961,14704.149707425013,14707.5325532851,14711.137099620804,14714.90324299408,14718.807369999606,14722.91748346103,14727.343730980887,14732.17198028142,14737.330760162467,14742.979144183662,14749.039696730673,14755.47230232289,14762.257458406542,14769.434001860773,14776.88878991764,14784.652329916902,14792.431790166625,14800.548528006677,14808.86681253816
14699.642345757331,14702.440759096053,14705.502712434034,14708.917863612807,14712.599122811615,14716.502082486038,14720.566639198036,14724.769179542282,14729.177706342425,14733.902367201004,14739.029029840258,14744.486223060027,14750.433020419941,14756.791986305672,14763.523005236611,14770.606574658983,14778.081531451935,14785.834732847523,14793.633146186243,14801.695099524226,14809.77297311267
14702.72156905915,14705.597997245872,14708.772838771318,14712.211220296023,14716.00279966152,14720.06048704705,14724.339874908199,14728.78085980692,14733.35982833789,14738.144783324757,14743.24587237006,14748.748963196038,14754.58258460253,14760.905810149168,14767.641204221623,14774.748651339287,14782.20864894838,14790.060033928057,14797.936462114782,14806.066091697094,14814.240933222536
14705.381260023316,14708.259327503081,14711.51382316957,14715.06673217478,14718.883181179253,14723.052828024516,14727.488582889811,14732.146038230725,14736.965090609214,14741.92212661995,14747.08514908658,14752.56430561165,14758.445463917395,14764.657152803651,14771.358445830056,14778.471907382276,14785.957421979707,14793.795487068566,14801.673554548332,14809.903007007773,14818.157502674265
14708.894529064051,14711.750294400295,14714.984127216305,14718.594388219039,14722.503062560494,14726.675276901211,14731.20068908272,14735.992209284259,14741.005429961417,14746.180247676151,14751.49304902313,14757.011836826006,14762.84675868732,14769.08368232931,14775.65113655181,14782.70819491446,14790.177421802926,14798.0187017366,14805.874467072845,14814.06829749795,14822.30213031396
14713.835920489473,14716.77464173084,14720.069128308454,14723.741682365831,14727.790664609933,14732.138060192756,14736.74899577484,14741.713129197717,14746.943370640623,14752.395312559149,14758.008851515253,14763.7603741036,14769.717883147843,14775.991526250524,14782.667171133882,14789.67334659775,14797.169126201767,14805.0770743316,14813.01579557297,14821.295796748012,14829.590283325624
14718.519725259752,14721.509364778196,14724.937725538006,14728.721851634064,14732.884045209885,14737.42266697243,14742.259702073698,14747.360277174224,14752.814050115545,14758.533931076896,14764.475512513865,14770.578690988414,14776.819853095203,14783.26700165789,14790.030284279015,14797.195568680818,14804.691383663128,14812.676802785589,14820.666442304033,14829.064029952311,14837.492390712125
14720.597500527012,14723.547529335312,14726.987197662056,14730.865587230166,14735.099742134524,14739.711964518643,14744.700615089489,14749.987678999056,14755.538282907883,14761.442084657503,14767.611994427154,14774.003604672424,14780.556811955272,14787.248002870361,14794.145180241347,14801.358491670771,14808.973804880874,14816.919648671485,14824.869677479785,14833.305125410545,14841.744793737289
14722.147395053562,14725.129901741691,14728.56243723812,14732.484612252994,14736.845508509234,14741.56217010172,14746.65689917397,14752.128056432945,14757.897627030641,14763.9307376276,14770.31704606535,14776.96946252313,14783.843579456528,14790.879293427506,14798.052991030725,14805.43267508984,14813.128493207394,14821.110999895523,14829.208819793756,14837.637170272495,14846.069705768925
14725.146671018769,14728.141331127157,14731.618497923675,14735.545693528493,14739.962528651755,14744.818085016384,14750.02940671726,14755.618795897897,14761.58461326526,14767.848843971346,14774.376614676692,14781.257583222832,14788.404659789001,14795.773436830788,14803.303810910154,14810.972168621762,14818.846512789265,14826.841172897655,14835.031651123598,14843.508817920116,14852.101297926736
14727.058805801831,14730.001696483716,14733.439247273991,14737.359304752394,14741.729391039098,14746.589116844247,14751.887563890761,14757.541776273523,14763.574056136045,14769.982764185295,14776.689885573265,14783.660546960498,14790.984406188525,14798.574373436579,14806.386041160253,14814.328931842138,14822.30219660339,14830.413444996884,14838.730679846272,14847.16823063655,14855.801599544377
14728.565114815394,14731.554894522938,14734.987564912368,14738.914895410187,14743.324732596135,14748.184598590384,14753.534104103077,14759.322330857134,14765.46632294744,14771.988382517507,14778.886870274302,14786.083771369817,14793.544212464594,14801.357851400166,14809.347631107708,14817.427378063307,14825.728825494525,14834.161495883955,14842.624540352752,14851.22556845379,14860.032583010723
14730.497336934504,14733.570268126981,14737.132979027003,14741.138580608907,14745.638842299204,14750.621610677628,14756.054407864354,14761.976844569523,14768.338002516057,14775.05492579884,14782.149916561384,14789.621335510654,14797.391167798645,14805.4245400859,14813.497471278377,14821.884041406423,14830.446752306443,14839.099430454518,14847.973809078214,14856.97941066012,14866.015386321393
14733.065065877689,14736.147747612158,14739.803360539107,14743.948753173598,14748.537036489972,14753.619979914738,14759.185430027632,14765.200908948827,14771.706027388465,14778.64986706947,14785.949472086724,14793.627144583737,14801.681245267477,14809.763927001946,14818.116441024407,14826.732495046132,14835.388107973078,14844.357359835596,14853.502752470085,14862.73811235263,14872.195172710795
14735.795570719367,14738.684610437183,14742.156331889471,14746.200984534238,14750.735416886548,14755.71273992074,14761.184723063325,14767.139212894037,14773.543731533051,14780.437889690505,14787.770769089328,14795.459413824401,14803.34845354222,14811.415165757051,14819.858306158609,14828.330027610897,14837.071581351176,14846.076675090717,14855.121327735482,14864.479619315818,14874.014051668126
14738.06322615262,14740.987148299842,14744.30011016488,14748.19575376439,14752.664328556377,14757.622683055908,14763.023928237322,14768.919833527129,14775.298245505062,14782.126686291298,14789.444766595974,14797.201568142016,14805.125490289238,14813.238057171533,14821.551019036573,14830.041653398626,14838.908715947406,14847.804359546913,14856.969835434415,14866.398851321177,14875.867426113164
14739.880866958987,14742.844001608963,14746.23105840616,14750.007154921173,14754.365933170659,14759.29764261262,14764.71913176213,14770.583511593519,14776.9425515333,14783.78409816121,14791.075673597421,14798.856888552073,14806.820023202048,14815.039959398066,14823.427016195263,14832.002717727535,14840.77881424255,14849.73258325458,14859.062780453334,14868.421558702817,14878.050169240294
14741.313581203578,14744.277543693679,14747.704640833756,14751.555660121054,14755.79571912617,14760.618459865756,14766.01413179782,14771.899583437431,14778.227925758922,14785.050928188804,14792.356437306815,14800.111975233129,14808.07593772323,14816.321115167982,14824.748212308059,14833.43211099418,14842.283130281477,14851.322794303851,14860.562853308968,14869.9805848111,14879.774744499955
14743.22203127009,14746.136789329097,14749.515509878207,14753.35736507729,14757.623142423598,14762.277959487723,14767.515458286316,14773.325888277388,14779.626097976008,14786.369198356506,14793.606958845397,14801.327226022417,14809.241984081424,14817.412280066746,14825.791000615856,14834.450936119616,14843.292791318701,14852.39144806383,14861.657225410136,14871.111647491518,14880.766464555643
14745.88891674096,14748.771353334505,14752.068547987057,14755.829705129712,14760.053996922341,14764.702210862193,14769.739464519864,14775.359399912002,14781.55226649662,14788.234912788785,14795.360449762828,14802.980646845264,14810.86308343881,14818.965787209374,14827.262981861926,14835.815714440794,14844.57687158345,14853.619243680754,14862.843535473385,14872.324628812059,14881.97284275191
14747.710893715463,14750.704972900274,14754.08148867863,14757.872762515994,14762.12799884346,14766.8463698209,14771.988662945563,14777.519995788045,14783.634010364995,14790.320956134423,14797.4976816114,14805.117297770254,14813.111376955065,14821.225653222313,14829.60216900067,14838.198951956045,14846.990225793408,14856.037037557087,14865.292273884554,14874.82872516667,14884.547096144111
14749.285102600956,14752.268684506316,14755.746345596488,14759.606443280205,14763.881299022929,14768.620117255756,14773.822070138556,14779.44794516858,14785.462859916423,14792.060456398733,14799.230984073523,14806.89129145586,14814.874873361221,14822.978071425436,14831.455732515607,14840.053590688216,14848.913688371933,14857.99405323267,14867.268908975393,14876.799302644433,14886.53812087726
14751.497220108013,14754.528898507775,14758.044158812896,14762.053498302828,14766.445274386308,14771.251808528792,14776.52230516138,14782.255936443942,14788.413489873727,14794.96008302133,14802.089357903402,14809.791563977953,14817.823242377714,14826.015228159811,14834.530488464934,14843.16536492891,14852.174704418841,14861.304240991212,14870.69601707469,14880.308060335186,14890.114594477673
14753.012980192238,14756.029416335521,14759.577530878565,14763.60922732697,14768.135002960184,14773.043215186946,14778.366185472712,14784.153118248581,14790.403185674428,14797.077175247494,14804.14020453838,14811.785915563734,14819.802351707018,14828.02099392485,14836.569108467893,14845.277530393274,14854.309226841679,14863.460539448937,14872.986315082151,14882.632287797804,14892.540500024565
14754.284798411132,14757.222243196613,14760.676124125375,14764.6616834539,14769.130824687785,14774.09404510648,14779.439702118721,14785.200117189968,14791.424494751318,14798.112006962645,14805.223441321192,14812.723915397557,14820.661360183038,14828.744515993872,14837.198396922637,14845.85448392595,14854.840043254471,14863.985909965333,14873.455051199218,14883.043808591958,14893.00702901065
14755.634378732155,14758.589687183718,14761.982440420763,14765.891629801088,14770.332497581176,14775.256947266624,14780.675476136881,14786.476441600686,14792.692165123495,14799.371851136408,14806.514671799298,14814.081414609407,14822.03672306097,14829.992505588898,14838.385258825941,14846.92372308834,14855.832912468666,14864.944307923543,14874.385175703626,14883.986350866051,14893.910800551499
14757.458284713226,14760.268151007944,14763.533325754224,14767.235945285986,14771.455000961028,14776.205735035834,14781.440051015998,14787.168446180973,14793.279277939493,14799.80486775702,14806.79442006465,14814.247107022256,14822.056973316974,14829.933582421801,14838.19875716808,14846.464405990726,14855.167025522485,14864.0153560796,14873.234411754645,14882.655673504238,14892.40640757904
14758.85727962941,14761.686896944311,14764.826380553932,14768.421172615115,14772.453409461777,14777.002082451723,14782.082433841431,14787.646367136496,14793.704379616374,14800.144828689796,14807.000035822226,14814.319205444759,14822.101509717266,14829.931127032169,14838.07061064179,14846.276837061518,14854.8716291227,14863.466895260248,14872.499132106908,14881.677079978926,14891.225752968872
14759.833763017019,14762.720521765605,14765.936897829093,14769.4631401873,14773.44469099707,14777.863686592318,14782.799118330851,14788.266228469145,14794.216920512796,14800.661691741261,14807.488899563268,14814.730865444286,14822.436793815405,14830.323552563992,14838.492615585084,14846.708991648575,14855.235234006781,14863.828219175097,14872.809769984864,14881.791794871,14891.210790466246
14761.407941942249,14764.18328987748,14767.345396561297,14770.837120560016,14774.638710853455,14778.895609598458,14783.589953128936,14788.800732802702,14794.543190876226,14800.769230855109,14807.489350018806,14814.591905776044,14822.109219592294,14829.884567527524,14837.865843833875,14846.027950517695,14854.472361474018,14862.96408547274,14871.765675766177,14880.634008869725,14889.890907614725
14762.716551546375,14765.541184307878,14768.641165004614,14772.127904449935,14775.94426121016,14780.070484265101,14784.65201577161,14789.670992063591,14795.206404498862,14801.27349533389,14807.824168074278,14814.868919999479,14822.296108518221,14830.120741279725,14837.96268785748,14846.062668554214,14854.368577622068,14862.855317067393,14871.62436078522,14880.440717545447,14889.566940600387
14764.606412152312,14767.474907694348,14770.668035997885,14774.136512236655,14777.99174722401,14782.17659952627,14786.671318123246,14791.621345171789,14797.008817005804,14802.91272498311,14809.348311360172,14816.267479642594,14823.680727109831,14831.476411170608,14839.344906712642,14847.53803501618,14855.74847713597,14864.216953374738,14872.891357984627,14881.746592971987,14890.884132231848
14765.700458153617,14768.650721361435,14771.969480111291,14775.612871622649,14779.531611069237,14783.837109264412,14788.47222477449,14793.417206579286,14798.817496835649,14804.655231877483,14811.00940306261,14817.895252647491,14825.264684137732,14833.128194812789,14841.078458020607,14849.324405289204,14857.643164039058,14866.286555550414,14874.947260878025,14883.866000324613,14892.99066814232
14766.548916335483,14769.517076719174,14772.935500310681,14776.722419444228,14780.833971339274,14785.220871169553,14789.994529748417,14795.097805642186,14800.510947830673,14806.379398470724,14812.68529389625,14819.507625465065,14826.861635433637,14834.699227307567,14842.667387691257,14850.999058750003,14859.417482341512,14868.131589993798,14876.918509127343,14886.030061022388,14895.15892673369
14767.396250485728,14770.37030074954,14773.812511397042,14777.70498525236,14781.965954649717,14786.551556808576,14791.412506902665,14796.66021574534,14802.237541902921,14808.124734355219,14814.46723525908,14821.247180948416,14828.543562781044,14836.371623013427,14844.345673277237,14852.657315414977,14861.09952606248,14869.905247385037,14878.797721240357,14887.985879156453,14897.24684855381
14768.224673884339,14771.287131278383,14774.823638936241,14778.828306977786,14783.283238227148,14788.106665018551,14793.254724571454,14798.678132059587,14804.488298296308,14810.628081847934,14817.077731694275,14823.982689992183,14831.325093075562,14839.183932302234,14847.24638969628,14855.636907322707,14864.173414980562,14873.047514512347,14882.052182553894,14891.420361270495,14900.87529251986
14769.267789178708,14772.305951845045,14775.906571905423,14779.981242229616,14784.524072937496,14789.517166853193,14794.878756310933,14800.56497853017,14806.526548684638,14812.874877587694,14819.552823805654,14826.54063631833,14833.983757282575,14841.864323032289,14849.902485698623,14858.29948759163,14866.90010765201,14875.828787944773,14884.903458268964,14894.315720467084,14903.858551174966
14770.595207480612,14773.587999738025,14777.118954661773,14781.212366979564,14785.77982956117,14790.815452526462,14796.301338699572,14802.155720414723,14808.334734891372,14814.789097303254,14821.63021846372,14828.800956939092,14836.281561709182,14844.217474930838,14852.210267188251,14860.583625195377,14869.114580119123,14878.004374269543,14887.097786587336,14896.519259137509,14906.086721719113
14773.033339086782,14776.073618702894,14779.60669057642,14783.67792511628,14788.311617050183,14793.419359247902,14798.995261829306,14805.021427618529,14811.41608894979,14818.135383042552,14825.130025070546,14832.511425847126,14840.22244393861,14848.243328324812,14856.283607940924,14864.759800778693,14873.292872652219,14882.206510275457,14891.277744815316,14900.707818581848,14910.341510515753
14774.384236478696,14777.3624251296,14780.880893396616,14784.892153921044,14789.44157711181,14794.553457696615,14800.139388545238,14806.193479777545,14812.69783421767,14819.570684199836,14826.7681669435,14834.240997622397,14842.100587049881,14850.078775700784,14858.267982443173,14866.767055480277,14875.285523747292,14884.239905235965,14893.251165760394,14902.642992034534,14912.192415225298
14775.406810922917,14778.421803664049,14781.914985056084,14785.94844606423,14790.47469932979,14795.539115261685,14801.165988587622,14807.266912177376,14813.835996150814,14820.85534333207,14828.243186055366,14835.955661540162,14843.94348496019,14851.95847770132,14860.333059869936,14868.82624126197,14877.530440745488,14886.544506523724,14895.57796753187,14905.047341761674,14914.573595027234
14777.595876258478,14780.70283890917,14784.324794300994,14788.424938343722,14793.06536200256,14798.198577918813,14803.8699565014,14810.103792478028,14816.811678718475,14823.987725342606,14831.614035174554,14839.608840548543,14847.715803199235,14856.035241334723,14864.630027405443,14873.251982797266,14882.233527616574,14891.3336716593,14900.64483379351,14910.265862222439,14919.906285881278
14778.790460328462,14781.860623829418,14785.537749981066,14789.729868873845,14794.400176417528,14799.610763577324,14805.314142994532,14811.555685078074,14818.359684555659,14825.63773429706,14833.383944422147,14841.454107923102,14849.650581256006,14858.21555013095,14866.892676282598,14875.782277919043,14884.947227490718,14894.139346383497,14903.69105470376,14913.361362247442,14923.242687882608
14780.345922034123,14783.522497773316,14787.269237013465,14791.622938904306,14796.491633536278,14801.838516819154,14807.725679718144,14814.105634874544,14821.02375269728,14828.504327914057,14836.458953394653,14844.635529133846,14853.058314998125,14861.805054238273,14870.67810331037,14879.919647924507,14889.273349815348,14898.839527190987,14908.681052501855,14918.549747133828,14928.778031193284
14781.975911307825,14785.098376258706,14788.89741694878,14793.266621139808,14798.242787981531,14803.733947564384,14809.703295798141,14816.21292364801,14823.215343755293,14830.75592652891,14838.858966696567,14846.981431647448,14855.558522078925,14864.357562768999,14873.402813584158,14882.772017775187,14892.267531798165,14902.131541363184,14912.107708204905,14922.296350531424,14932.760340793173
14783.643682938695,14786.72306986756,14790.424921747306,14794.803349366244,14799.75194048614,14805.307494256727,14811.378040768446,14817.92677593107,14825.015790709804,14832.597597745953,14840.676984674818,14848.7969543773,14857.479381473822,14866.181233353569,14875.337710713913,14884.716138332851,14894.340776076877,14904.28936719677,14914.364268148614,14924.807664642498,14935.363218413086
14784.716727230096,14787.77281647111,14791.40829264099,14795.66623376175,14800.600750621705,14806.105430982614,14812.217073994218,14818.84370974695,14825.94853415059,14833.593638170338,14841.649727411354,14849.787623688517,14858.423099858395,14867.099158801893,14876.33767513943,14885.595616260192,14895.30818286155,14905.242699721504,14915.423426706544,14925.928107067453,14936.559097260311
14785.556967110393,14788.653642871945,14792.306407874508,14796.53855980594,14801.393176688252,14806.924369309758,14813.025725432219,14819.734044205374,14826.957355719658,14834.658855884849,14842.7555316464,14850.9973114277,14859.650076430267,14868.384648468982,14877.616800400412,14886.889535105462,14896.72472720455,14906.579344086864,14916.888586449773,14927.419779071279,14938.19718181787
14786.668546761484,14789.80157436216,14793.531277724387,14797.817070327626,14802.682249859734,14808.169894342722,14814.334114564903,14821.06849828804,14828.40984466187,14836.26618377683,14844.399211377506,14852.733739143372,14861.4634425056,14870.338249887576,14879.62404249082,14888.99164213021,14898.856821662315,14908.76258396804,14919.230803667804,14929.718448150794,14940.660718114379
14787.448334992427,14790.522412006934,14794.229516622116,14798.53329699885,14803.393166616595,14808.83242316321,14814.894144660706,14821.632441897393,14828.940902635037,14836.856326023373,14844.93040303788,14853.360819167347,14862.06792378253,14870.976528562904,14880.280308939637,14889.729193336121,14899.58906295387,14909.530739607768,14919.96999615438,14930.449835474612,14941.492132188883
14788.322442539305,14791.4299524729,14795.111539421003,14799.42615396978,14804.33744428011,14809.804823831451,14815.851590311662,14822.520821742753,14829.866628913036,14837.782599584276,14845.890109517872,14854.413042839804,14863.094629787907,14872.132555850969,14881.447170399748,14890.963285113716,14900.874575424044,14910.930969754125,14921.39834930547,14931.947535892963,14942.99430237317
14789.712119308118,14792.892308642544,14796.680007910563,14801.041784193094,14806.036588076297,14811.628067721054,14817.77563660682,14824.502592421459,14831.852013186975,14839.878009691685,14848.05819902611,14856.654359031778,14865.4420582998,14874.645180956159,14884.006957238687,14893.725072636176,14903.71987651938,14913.916180567776,14924.50766021253,14935.244243877038,14946.391812762808
14792.77213035643,14795.907946781823,14799.72395254164,14804.147468235053,14809.145060942976,14814.77568125157,14821.002977321721,14827.78636263288,14835.14913487291,14843.13437206382,14851.27018848921,14859.932001419313,14868.74800717913,14877.97998361019,14887.403499303604,14897.242438385356,14907.240031093277,14917.593962916158,14928.224583224755,14939.056703698541,14950.283999768688
14794.503308572468,14797.45715241764,14801.046812688206,14805.316662293195,14810.19402183178,14815.645458384874,14821.729922538641,14828.411062453964,14835.648291610294,14843.464907695497,14851.41875154067,14859.85783257675,14868.447492847314,14877.563149622587,14886.832999227578,14896.51881950381,14906.396179042395,14916.68896196932,14927.140398522411,14937.948174190466,14949.032638344235
14795.92324228456,14798.897277274737,14802.325156110086,14806.388851370828,14811.132735965994,14816.484130494757,14822.409602038028,14828.968101181972,14836.123276087472,14843.834540233978,14851.808575224155,14860.099226299535,14868.527105134885,14877.440221161141,14886.503916421882,14896.093608187331,14905.8374927825,14915.99734804891,14926.348742577671,14937.115560494773,14948.041032038042
14797.318696431199,14800.396585527587,14803.948509614152,14807.95427754589,14812.595861903019,14817.917635594573,14823.846919219724,14830.350279859384,14837.486668099717,14845.219732101605,14853.297621197993,14861.586774440888,14870.138698527451,14879.00723869922,14888.013006630958,14897.504011753603,14907.145596110731,14917.31317697257,14927.634950664127,14938.372695026923,14949.301978652073
14798.528710015536,14801.594200599706,14805.237580280264,14809.354994950998,14813.926253466905,14819.133328408203,14825.020592683926,14831.515366893247,14838.584218117076,14846.286096941578,14854.351587525747,14862.650142111805,14871.293521792362,14880.148165619426,14889.265580290159,14898.699611046097,14908.270869562006,14918.32736526882,14928.534440210118,14939.267511656126,14950.154775931853
14799.543191647996,14802.59529198521,14806.212882906593,14810.408362924365,14815.077877932314,14820.201236785435,14825.960412063947,14832.399776676884,14839.44665122342,14847.067602784462,14855.119703121674,14863.37368228339,14871.991273204774,14880.841928128046,14890.037408145818,14899.444152310096,14909.113667318043,14919.099798411195,14929.223157264318,14939.831753308346,14950.590928586858
14801.015505128511,14804.1813826105,14807.899360429703,14812.182828833076,14817.044186332838,14822.379578822776,14828.168815157887,14834.593867918387,14841.699110013315,14849.41186204184,14857.57773952383,14865.864568566862,14874.582546386062,14883.502403029768,14892.785871433141,14902.302403838403,14912.163761338164,14922.23638298443,14932.571775474367,14943.223784049509,14954.013020384622
14802.480940777652,14805.61663246377,14809.41820163188,14813.7718711372,14818.691031226692,14824.188080412572,14830.15916458863,14836.584092609859,14843.644837056478,14851.385770837524,14859.521462523642,14867.869906238286,14876.671475406392,14885.593996135543,14894.947665640862,14904.503213970687,14914.42237406018,14924.57459815156,14935.07164733744,14945.779960669825,14956.75104484588
14803.734871371451,14806.839432136487,14810.579684587641,14814.985814520785,14819.944044791142,14825.46776564567,14831.569375596586,14838.145020537679,14845.174509323944,14852.839814535599,14860.944375300634,14869.289869846716,14878.03012229787,14886.98312677755,14896.389256710692,14905.91633820488,14915.874568475234,14926.034677570095,14936.558398424622,14947.315183281038,14958.416793231954
14804.769377863387,14807.870273355835,14811.57572961332,14815.916877556923,14820.923902982515,14826.48302874532,14832.607645092297,14839.310150535663,14846.486690969203,14854.117075247917,14862.217970740367,14870.48417144447,14879.189627701953,14888.136017740484,14897.477165684088,14907.031065656214,14917.038091081806,14927.166068068442,14937.725193831246,14948.486198418554,14959.61081476553
14805.67302028801,14808.726321549817,14812.38051830407,14816.639275823361,14821.533725028772,14827.09405171617,14833.206478740783,14839.884396349567,14847.14020305474,14854.870044750087,14862.923346011894,14871.107031552414,14879.76122830667,14888.58073027258,14897.83948779187,14907.339179092209,14917.23362829762,14927.340829531553,14937.901156218952,14948.582434467395,14959.694861492004
14806.833466657019,14809.934184830381,14813.58820426555,14817.843119193165,14822.702594885819,14828.197762264592,14834.358807125353,14841.071952323327,14848.350588105473,14856.207112984008,14864.30783115737,14872.638391026077,14881.292410461247,14890.076814175129,14899.331729102747,14908.75194924202,14918.611424934672,14928.711834408372,14939.207001787145,14949.91492119444,14961.075966055201
14807.91512276433,14810.775685426957,14814.236966262946,14818.251548360744,14822.867025950985,14828.087064306266,14833.942794347666,14840.464401871053,14847.538109731657,14855.17730817643,14863.037870839056,14871.254958380217,14879.716239216206,14888.407361747542,14897.421943845338,14906.566910221847,14916.182387812092,14925.963170613992,14936.183208969273,14946.6441811056,14957.499911146999
14809.05429864324,14811.91603376356,14815.13833154651,14818.961347502822,14823.337664720942,14828.314877431505,14833.896650907109,14840.114116068831,14846.997458712542,14854.432901693466,14862.29463681379,14870.295570378885,14878.517868161834,14887.096690823317,14895.919706779629,14904.972564431288,14914.348881649405,14923.855583146236,14933.832795856804,14943.975313779027,14954.557087254629
14811.424679786056,14814.420204442527,14817.777464219318,14821.49528665874,14825.813827271522,14830.685669146114,14836.158406513148,14842.235704645222,14848.948694463415,14856.327561763597,14864.258529400993,14872.254054057463,14880.611313834257,14889.107772055824,14897.825594495245,14906.899941813197,14916.21848242598,14925.76686473411,14935.638706608699,14945.640932762002,14956.11367012904
14813.105098847273,14816.063858561954,14819.518142933108,14823.334162424582,14827.510744578685,14832.288044906152,14837.618646495426,14843.550143577144,14850.0862014239,14857.257950956775,14865.09557797164,14873.054337686322,14881.444065038402,14889.898349409554,14898.714368901032,14907.66958683728,14916.846168991384,14926.37927602402,14936.156576351485,14946.163718374299,14956.494319963569
14815.493048613229,14818.499252601961,14821.964216305376,14825.924704665262,14830.246928145469,14834.929714288304,14840.213218604506,14846.050024182512,14852.487725252962,14859.52998708845,14867.207940610058,14875.21414459879,14883.557975602389,14892.022939305803,14900.918870646616,14909.879359006502,14919.201582486712,14928.663004411694,14938.34579055453,14948.385101575897,14958.668605892095
14818.18292115568,14821.068745665338,14824.460774163726,14828.311562376799,14832.657875246343,14837.365923236206,14842.4345338887,14848.103862714557,14854.326492802222,14861.150018382328,14868.578104727474,14876.46392923713,14884.527707268397,14892.919735766787,14901.649391280042,14910.500179493114,14919.781935343583,14929.128248213126,14938.836296202993,14948.683542637633,14958.752153290126
14820.294230305513,14823.093608720028,14826.2788116442,14829.970218557104,14834.120385184691,14838.76607646875,14843.773502873126,14849.141491940134,14855.110199180506,14861.632207682685,14868.755111677307,14876.482576436967,14884.281954851482,14892.467157775653,14900.830314221434,14909.521721134337,14918.550755062106,14927.700921689693,14937.282055954676,14946.927747238735,14956.935173643116
14821.465120466904,14824.31071175909,14827.455681465788,14830.986475682144,14835.023473887233,14839.519231807004,14844.510514383246,14849.863532079808,14855.577112439,14861.891410971555,14868.75901076592,14876.227506052724,14884.073097344908,14892.146153396754,14900.291123103452,14908.821917319807,14917.530665057773,14926.56766326286,14935.942288482813,14945.438046402585,14955.364771959752
14822.17169934393,14825.08556639656,14828.345024741375,14831.903861500701,14835.848522769687,14840.299388027406,14845.209012999807,14850.614162628677,14856.381047377869,14862.50849478969,14869.236660374874,14876.518127221869,14884.400489561303,14892.314356613933,14900.573814958745,14909.060738063221,14917.61957482255,14926.564236091532,14935.686850882128,14945.137716139845,14954.926208412428
14823.103504479328,14826.06446935797,14829.439301289243,14833.1597245127,14837.179526150669,14841.585152298296,14846.496982434657,14851.867572285699,14857.733686793212,14863.961536421044,14870.549948711508,14877.739079175333,14885.48151090097,14893.442475779613,14901.785802997689,14910.160634928961,14918.881058152414,14927.828946135533,14936.848747773502,14946.254373921127,14955.837953590364
14823.949965660364,14826.927610047644,14830.366219313566,14834.218695632118,14838.416763242854,14842.914209268101,14847.797479803008,14853.18695432665,14859.03518856497,14865.378947459763,14872.084441474874,14879.150498152618,14886.817273003722,14894.794917391002,14903.014993503919,14911.453602769841,14920.274574375195,14929.127050693747,14938.32511830448,14947.750650674878,14957.248096700127
14825.288155370283,14828.358386424423,14831.906261865844,14835.915102185907,14840.3378095586,14845.106108223477,14850.173785302864,14855.627286891911,14861.586992469694,14868.005457762156,14874.91944771109,14882.19517278034,14889.831460512225,14897.901691566367,14906.138697471612,14914.686572913031,14923.47688008009,14932.485720400153,14941.876923059648,14951.29963043234,14961.067929097213
14827.368672699191,14830.526853265754,14834.255264886458,14838.461320894443,14843.12834178107,14848.209229720327,14853.635708951768,14859.36156659772,14865.47324875333,14872.091134897677,14879.167780756703,14886.7399512722,14894.673856908015,14902.832037474578,14911.126505773027,14919.854917393734,14928.750103865541,14937.956159873525,14947.404647607147,14957.071668493774,14967.121051719834
14829.50381939104,14832.65302496822,14836.460411111964,14840.83802830985,14845.693289895016,14851.009516358823,14856.739609875262,14862.815294683884,14869.190357907017,14875.951245639806,14883.218337361335,14890.944188797543,14899.093394374724,14907.314770467401,14915.897881680397,14924.705267824142,14933.648941699772,14943.026558897658,14952.570950946647,14962.426212531813,14972.523905842614
14831.443439643805,14834.650555716038,14838.506877365451,14843.021379581427,14848.106112851547,14853.668490508946,14859.691833044986,14866.129042633656,14872.911843514512,14879.994022809879,14887.462026614901,14895.436234408664,14903.643350480896,14912.076317989337,14920.932639638751,14929.861131803662,14939.15135908889,14948.665861304868,14958.316651252731,14968.401384522851,14978.652892644073
14833.538491956711,14836.744784981438,14840.658194078398,14845.220808752538,14850.441603993238,14856.232630288085,14862.50130097021,14869.230936530977,14876.374439144372,14883.863533049955,14891.652005370048,14899.826302199797,14908.032595224524,14916.713096043011,14925.62650513997,14934.765765673137,14944.328380347279,14953.963165536916,14963.959685846869,14974.180481087573,14984.537564060163
14834.69282863416,14837.803749703702,14841.620963797972,14846.145293964473,14851.318829708156,14857.1505460184,14863.552493382787,14870.432085134456,14877.772641764765,14885.527065447703,14893.627080422828,14901.73800149237,14910.137394882006,14918.922612781296,14927.739826875566,14937.031248763595,14946.555578930096,14956.305760532807,14966.47929627649,14976.72500253567,14987.332443915164
14835.769038604167,14838.887211179423,14842.616304824218,14847.051691493743,14852.194194235499,14857.985902554437,14864.435791439935,14871.455911379579,14878.953675706502,14886.912404912066,14895.03057748732,14903.403173745513,14912.121361295893,14920.85045494069,14929.86802090558,14939.271411380127,14948.70679804965,14958.616392512935,14968.75889525469,14979.127249432657,14989.918957751594
14837.063368362327,14840.22710483922,14844.009013891366,14848.401844013053,14853.50096715947,14859.307206378118,14865.762651173947,14872.876276536337,14880.560132952873,14888.721633756686,14896.885370233578,14905.507835916034,14914.28974496818,14923.326077703265,14932.708001730536,14942.100831852225,14951.782134294006,14961.849261245445,14971.94838439186,14982.521715332037,14993.327954550683
14838.098918780306,14841.2322327072,14845.029283110984,14849.444506090023,14854.470650138604,14860.203087211916,14866.642640357457,14873.731399080178,14881.478338369461,14889.611652296355,14897.928822639784,14906.72363737049,14915.520687774277,14924.776467383625,14934.191690362664,14943.861337024642,14953.876574978807,14963.90271902739,14974.217335396062,14984.917776274395,14995.650213347704
14839.405339536272,14842.543090944593,14846.314156279808,14850.748958091914,14855.801932479275,14861.465827936177,14867.836016417808,14874.913320971671,14882.639831102713,14890.777582511035,14899.16227320864,14907.933338543855,14916.888260295604,14926.320826434632,14935.75562824674,14945.649159264409,14955.70213365177,14966.00953172207,14976.662521084554,14987.326416541458,14998.278784318452
14840.774104111519,14843.931306849505,14847.726260995814,14852.154529069016,14857.246533619109,14862.956710744456,14869.277808939347,14876.305200158964,14884.039707450813,14892.1969101888,14900.58062305783,14909.375577204139,14918.41747063973,14927.845738712933,14937.457863202668,14947.547632079684,14957.639636629778,14968.190370385433,14978.900547510782,14989.865148319068,15001.17534041954
14842.112677071747,14845.283550948645,14849.111627563527,14853.577455586734,14858.67659753683,14864.439475963822,14870.820526966065,14877.812499037853,14885.510764134366,14893.681638011263,14902.087019180008,14910.915095794893,14919.969682540817,14929.435510564024,14939.148277876513,14949.247419826612,14959.530418193244,14970.291060947156,14981.053939374147,14992.275547006699,15003.656598008945
14843.372458846516,14846.52793033356,14850.354275697502,14854.837823799427,14859.959123309678,14865.71373674682,14872.132086660855,14879.168609150143,14886.816052708975,14894.971524196018,14903.325260779577,14912.151606143518,14921.212458799306,14930.696006901237,14940.406065134204,14950.527364644457,14960.895603443989,14971.650216881131,14982.588686734809,14994.004800975765,15005.4231508898
14844.50029829038,14847.650011888396,14851.455196973453,14855.93125593541,14861.064517635348,14866.835530743612,14873.239857778768,14880.307921290816,14887.994157378118,14896.143870976131,14904.441028132976,14913.246213218034,14922.249663399605,14931.725722361562,14941.436288615363,14951.569550315307,14961.929322146289,14972.700335254554,14983.7182876521,14995.122614687256,15006.710798138947
14845.847635196764,14849.031784348577,14852.865647098404,14857.354981335275,14862.515189449043,14868.332600300795,14874.787762560873,14881.87623874784,14889.628451411701,14897.812600563513,14906.182985802629,14915.016848552454,14923.998154861112,14933.487489097983,14943.175088431366,14953.335296545136,14963.730011950749,14974.547422802507,14985.5913437853,14997.046506045379,15008.748607594738
14847.584441690882,14850.818450711198,14854.736608883328,14859.30448065347,14864.527823910657,14870.422041044741,14876.973460916808,14884.162632197202,14891.985117404485,14900.219126424801,14908.705348108979,14917.623506281107,14926.727900540538,14936.29577231068,14946.011087639652,14956.234430896839,14966.656039250538,14977.550256384624,14988.678980810553,15000.230400682627,15012.008330685736
14849.40543597923,14852.613393703808,14856.555360448703,14861.181476345413,14866.457305840135,14872.3886068219,14878.990781680563,14886.25015927721,14894.147288282182,14902.35524600676,14910.885688938624,14919.827655683519,14929.021835092275,14938.647950988981,14948.460302972993,14958.736132467713,14969.159405521264,14980.090706503031,14991.22027258131,15002.822447439974,15014.659129590482
14851.220826320732,14854.432439610277,14858.3520106244,14863.00559065884,14868.343319845095,14874.33076262936,14880.97367690067,14888.28746504888,14896.25845593507,14904.470069224615,14913.078811519134,14921.998382533257,14931.240438754665,14940.894018789104,14950.799811487406,14961.137540673657,14971.661505947213,14982.648948731478,14993.783835074575,15005.426749345886,15017.267928713709
14852.959231185783,14856.172634712895,14860.097651529552,14864.730626070786,14870.097609632337,14876.148742345704,14882.849588657082,14890.205906455503,14898.233098130824,14906.446501657936,14915.13089607124,14924.055912887896,14933.378058709526,14943.011033250761,14952.966492999281,14963.333476560832,14973.952672786247,14985.003805499608,14996.241174300276,15007.942020611652,15019.790310481862
14854.892628251253,14858.128146390241,14862.077068056344,14866.737603011989,14872.106095692212,14878.208597392753,14884.995248245108,14892.431612695475,14900.523448632886,14908.758966771875,14917.521676586186,14926.470598252286,14935.890510804578,14945.551045760225,14955.608709720844,14965.977202401069,14976.668180288578,14987.770681989117,14999.125396353522,15010.912047205871,15022.884934145528
14857.229028607353,14860.451701253662,14864.409892038959,14869.081486351371,14874.464693953325,14880.555859279857,14887.381033626707,14894.890357125372,14903.049394222047,14911.272066868356,14920.086575452078,14929.044766237375,14938.530148697995,14948.201743010404,14958.344328209007,14968.727535810962,14979.50787241789,14990.599037744423,15002.012688278242,15013.83786262509,15025.915249635804
14858.852416931079,14862.029560356234,14865.929376427697,14870.56471063815,14875.913448375717,14881.973799402826,14888.742108154513,14896.244425926518,14904.421569351673,14912.608036275493,14921.444216797323,14930.344032868787,14939.835684877664,14949.471019088118,14959.633544973893,14969.982282711457,14980.802011335214,14991.862362362324,15003.319842394407,15015.088151146096,15027.17894510507
14859.847726478905,14862.939318017852,14866.708052981952,14871.199460592363,14876.426386341762,14882.366715618275,14889.01865818433,14896.378558474962,14904.470150013909,14912.564059324859,14921.332794288961,14930.110852751728,14939.538624812503,14949.030032422914,14959.113275970736,14969.340201720137,14980.094319144859,14991.034648421368,15002.445968584072,15014.097911150127,15026.146982721157
14861.052784369824,14864.163961786877,14867.866730742877,14872.24664312403,14877.349228151494,14883.187331317946,14889.738838011514,14897.001957994622,14904.973035702307,14913.08421311936,14921.78698207536,14930.492068803364,14939.871981184519,14949.261217064339,14959.300166542167,14969.40275156963,14980.097172534508,14990.935275700962,15002.300570542737,15013.852077236299,15025.874574816056
14862.7763219137,14865.929193339174,14869.6932421817,14874.048882563175,14879.0816663698,14884.837122822739,14891.328097414664,14898.532475533706,14906.448466942287,14914.601338367762,14923.22528750092,14931.989336343448,14941.34497672492,14950.702934878398,14960.735718685026,14970.77782599032,14981.469646893622,14992.22510334656,15003.57239573691,15015.063370328839,15027.081536596086
14864.212471420671,14867.344367882499,14871.129135769803,14875.525081074156,14880.51261791746,14886.177298185914,14892.564651100682,14899.687522154434,14907.523796735306,14915.655693197134,14924.203581067544,14932.988348954847,14942.244194549834,14951.64013985419,14961.627676697492,14971.617531312797,14982.282211581254,14992.956215348377,15004.279932713507,15015.667285628273,15027.64647448045
14865.762941171024,14868.92092812704,14872.710811544883,14877.153566388202,14882.207498648573,14887.853022447893,14894.175689672362,14901.221029543145,14909.001887552915,14917.15987450893,14925.654136045818,14934.44401946366,14943.649894290089,14953.092649133407,14963.00648168441,14973.06041394478,14983.7059377441,14994.353779315421,15005.676446539894,15017.008437263032,15028.99014158418
14868.032813891823,14871.077754544884,14874.78068215396,14879.115506224864,14884.103201721244,14889.702074634675,14895.892539087055,14902.760146964585,14910.350427488427,14918.395368141488,14926.721166804318,14935.424094413394,14944.463296603342,14953.798120674246,14963.548936153735,14973.536631650111,14983.995404854175,14994.594277767606,15005.784742219987,15016.977524444368,15028.845132321901
14870.052348615263,14873.110298660878,14876.713189359554,14880.974067014246,14885.866841130764,14891.412486672758,14897.569309631805,14904.3177241298,14911.743282052945,14919.80123209856,14927.949462668017,14936.552353366693,14945.436102075138,14954.69697972983,14964.294131965393,14974.186906081912,14984.495671607016,14995.041317149007,15006.058040398686,15017.214863357733,15028.963277855728
14871.456261031966,14874.538726794768,14878.179142603185,14882.364499064663,14887.207842482156,14892.683082361476,14898.81119366627,14905.550482388118,14912.881362648915,14920.889386334862,14928.971852097664,14937.61226790608,14946.34296423834,14955.528320699817,14964.994535171063,14974.837878588556,14985.017496586921,14995.492736466242,15006.383967754147,15017.51207905894,15029.111268071421
14873.086397362453,14876.145511297853,14879.787090996055,14883.986620739872,14888.731091136748,14894.13354848964,14900.167902304362,14906.855127544555,14914.153530201804,14922.043524398001,14930.1026383334,14938.669775954746,14947.311355652948,14956.510885396765,14965.800695664424,14975.545166061302,14985.570494467947,14995.972951820839,15006.711683754604,15017.746037569324,15029.19638279263
14875.147314068527,14878.207289357922,14881.826378582717,14886.027933570314,14890.787438603527,14896.091884289799,14902.054316932086,14908.648646036203,14915.895846565792,14923.754224512435,14931.814199801831,14940.264169287424,14948.883258512218,14958.010371422959,14967.211926410557,14976.97143144377,14986.821217000825,14997.125662687096,15007.710966383138,15018.673399025425,15029.972106248586
14877.36752965287,14880.451180860136,14884.0948073568,14888.297547788861,14893.082753983726,14898.425910224205,14904.314007117744,14910.860090967299,14918.038071278683,14925.86892301554,14933.952574222805,14942.394603376715,14951.038229873378,14960.071850566239,14969.2745909983,14978.985355116307,14988.770561311172,14999.113717551652,15009.547154315975,15020.435251209514,15031.604206112821
14878.97368661798,14882.076287085687,14885.76253876066,14890.008765725031,14894.814106624799,14900.201913287372,14906.147669995558,14912.638367356805,14919.787051674068,14927.56763245316,14935.670232920866,14944.10368512543,14952.789936800404,14961.834566422021,14971.080793386393,14980.717014546959,14990.522355446728,15000.835720032443,15011.223526695016,15022.169283403204,15033.205320635232
14880.946518246847,14884.08702984275,14887.830141906361,14892.156905177237,14897.04364373751,14902.48949623318,14908.517814491655,14915.104082795744,14922.235291752895,14930.02448766606,14938.164999261962,14946.586091636957,14955.329203700565,14964.403167501032,14973.729930771908,14983.41507198943,14993.301810549703,15003.578543306172,15014.024395801844,15024.97827198346,15036.006590241936
14882.8068046598,14885.924678840936,14889.683064617979,14894.044050862725,14898.988688314737,14904.493301056147,14910.557027732955,14917.203220172567,14924.407362657792,14932.15644579608,14940.274319977218,14948.681390071519,14957.439775848557,14966.478742404688,14975.839728649435,14985.531566631038,14995.47620408305,15005.779219481708,15016.28383222312,15027.178439160725,15038.242165837533
14884.329464368093,14887.465789788008,14891.219989389061,14895.614700586018,14900.612012250682,14906.19297512261,14912.333913283936,14919.03396538066,14926.316483240187,14934.156951145329,14942.293276565244,14950.678685123448,14959.432884724501,14968.47628023872,14977.870991435673,14987.54628341172,14997.543595076382,15007.871758477902,15018.45272134983,15029.392062168405,15040.533000329731
14886.361758820418,14889.50653717145,14893.287640942395,14897.68661889448,14902.72610844247,14908.368198458165,14914.593939681125,14921.379656193481,14928.724486641238,14936.651782851795,14944.796561202827,14953.281807459001,14962.062911229948,14971.093098139183,14980.492076091268,14990.180249956518,15000.219739504502,15010.539809831582,15021.181899847275,15032.154841599828,15043.380582822785
14887.806042102045,14890.924204042882,14894.687144334748,14899.08641004653,14904.10354993945,14909.761201428275,14916.021453384805,14922.8653565486,14930.269235001791,14938.232227390385,14946.350389331219,14954.895847482612,14963.658787774479,14972.762195971489,14982.16146168327,14991.809810533341,15001.82695042626,15012.133286232347,15022.790937721165,15033.729169989081,15044.98942194561
14888.866898316644,14891.94352018995,14895.638304004091,14899.977866169264,14904.953753754351,14910.547515520575,14916.781788882707,14923.618662712543,14931.039187749642,14939.01968807614,14947.096309949444,14955.635924211343,14964.330708025484,14973.452788050181,14982.792350215354,14992.47238028567,15002.448267870755,15012.673238594132,15023.267000360358,15034.149958039749,15045.384231401873
14890.101492184825,14893.178562135581,14896.832253959645,14901.10410772454,14906.02073984047,14911.573697376312,14917.744529093292,14924.55587240618,14931.969816186773,14939.967411174628,14948.044481125384,14956.602051402637,14965.255743226697,14974.372427439352,14983.64428120425,14993.343431179703,15003.260063295631,15013.517163316703,15024.070120852544,15034.872161526677,15046.04299324366
14891.113603812153,14894.192319928461,14897.848105995527,14902.080513935898,14906.931083817104,14912.42643204934,14918.558105701493,14925.307653534781,14932.697712963978,14940.69037286088,14948.76908897719,14957.345400081354,14966.001186148418,14975.137472541981,14984.369880482349,14994.065280811314,15003.91585069252,15014.193716784283,15024.689065016519,15035.5248811539,15046.65655480605
14891.654054779188,14894.688019666748,14898.300700670616,14902.490451625239,14907.25682445317,14912.641359221936,14918.67067234173,14925.336310881443,14932.61982360229,14940.543847919045,14948.577812806605,14957.104437591066,14965.717118594934,14974.827394586659,14984.017145541282,14993.687396822403,15003.45376965033,15013.683134866855,15024.067669635619,15034.879500614941,15045.908813734737
14892.53128563804,14895.625003290796,14899.252685831112,14903.459084487737,14908.242553095115,14913.602643575803,14919.580895997326,14926.203926769876,14933.463282962344,14941.340513335948,14949.434230988705,14957.951972958215,14966.579655498532,14975.69999793575,14984.906396592372,14994.610390236854,15004.393858844234,15014.657827778112,15025.017918258794,15035.841001128076,15046.819253549596
14893.953499618829,14897.124104391298,14900.888426816522,14905.18671412931,14910.063717558403,14915.517790938251,14921.548486191408,14928.1973433854,14935.49097893042,14943.420939895357,14951.591544667826,14960.139379813902,14968.903702239128,14978.092048981107,14987.390336293893,14997.18128350358,15007.058286932672,15017.432885349623,15027.886958729474,15038.82153243582,15049.852227688973
14895.327657515998,14898.515678844946,14902.374304946363,14906.826648700535,14911.812957342272,14917.377982100314,14923.520076809109,14930.238793391214,14937.575671914155,14945.557328788123,14953.745350117071,14962.363332410956,14971.221958512375,14980.457814987398,14989.910158741572,14999.786526812499,15009.772835454232,15020.25180399287,15030.816828750909,15041.879448496808,15053.021543205607
14896.766992447954,14899.960716030057,14903.842460941109,14908.394810624628,14913.540877960904,14919.220910184746,14925.47965852489,14932.31547681579,14939.727916979997,14947.758519085042,14955.952242667145,14964.627623123217,14973.509368034267,14982.821073910256,14992.373423593779,15002.303003650904,15012.449070987182,15023.019162640212,15033.69919486405,15044.871886984789,15056.130635324933
14898.419954979261,14901.641955716788,14905.557680036418,14910.161425684999,14915.435776106046,14921.303844179849,14927.705877141218,14934.68662621889,14942.244445247317,14950.378886149052,14958.60088688658,14967.353489729152,14976.269214048783,14985.666595242383,14995.27034089096,15005.304047504476,15015.578397925528,15026.229978720181,15037.098046793986,15048.390139184543,15059.792172145908
14899.704731434644,14902.864264325752,14906.745797954385,14911.321055165123,14916.58433370481,14922.518217016965,14929.045817981874,14936.107383834351,14943.74766580313,14951.907198694238,14960.124550613771,14968.918524406614,14977.80005803525,14987.212193768928,14996.787450979667,15006.844365064373,15017.107643604058,15027.80088310868,15038.734766420841,15050.0458801066,15061.573481071513
14900.826798902612,14903.981726616528,14907.796187221551,14912.3326485641,14917.562833488753,14923.481039742355,14930.069850768426,14937.25237944725,14944.968873013642,14953.123800727559,14961.419010410253,14970.233471015277,14979.105750648725,14988.554652155482,14998.091113498034,15008.158176945628,15018.388361870282,15029.100203668904,15040.018409922504,15051.366577141043,15062.955388167118
14902.262340236151,14905.450722086776,14909.294031651318,14913.796874106965,14919.021717300137,14924.940284075416,14931.546872179642,14938.824065056338,14946.694975585786,14954.88335743641,14963.288232853427,14972.131542417968,14981.115133951285,14990.617976406935,15000.178637891007,15010.31592124839,15020.540764441565,15031.296209739783,15042.214776515062,15053.61500016431,15065.221588268532
14904.05227694914,14907.292320249526,14911.220745400535,14915.804098265462,14921.046984021494,14927.01187051505,14933.670480590714,14941.017111995327,14949.034348172407,14957.274391472793,14965.885345302624,14974.813770453635,14983.958689171035,14993.542042035962,15003.265676869663,15013.508562625699,15023.809267410155,15034.686594067924,15045.651480561482,15057.146969160087,15068.80557923575
14905.774766533157,14909.00483202,14912.97494080723,14917.633431445081,14922.946849796852,14928.919801039727,14935.614753020127,14943.003428582633,14951.080125474089,14959.310190960932,14968.057492624856,14977.027601412085,14986.36862072876,14996.027111366613,15005.902095570857,15016.215513922627,15026.669214243171,15037.64216548605,15048.67293575735,15060.28032790196,15071.975279882365
14907.45101498028,14910.684484178999,14914.64801886456,14919.351596850505,14924.743556687075,14930.790444237564,14937.496864679157,14944.925285858273,14953.047430619497,14961.280899818215,14970.09106590839,14979.054600593949,14988.53537145659,14998.238949442537,15008.31343795793,15018.7053977945,15029.313851197461,15040.36073874795,15051.547908267212,15063.254328708806,15075.018568178824
14910.335681014003,14913.555486423249,14917.508761031215,14922.192101126022,14927.615484521215,14933.727249767033,14940.493942726767,14947.920168577608,14956.06839516597,14964.288200575218,14973.130150745688,14982.083425353654,14991.613396853076,15001.296736947881,15011.49731321977,15021.920696614963,15032.714990539604,15043.82675578542,15055.155014597629,15066.921707557363,15078.828682485873
14913.25727106279,14916.480382411557,14920.423299169572,14925.099685126306,14930.506136569882,14936.652631313842,14943.487507908429,14950.977312216932,14959.126649416541,14967.349760765308,14976.22109870244,14985.164015460456,14994.729076979695,15004.405462936427,15014.658545784618,15025.064997228192,15035.98868484885,15047.13517959281,15058.652584866219,15070.487461460803,15082.538831621781
14916.137991304504,14919.38766724593,14923.360454536123,14928.053047235562,14933.479109133723,14939.635236518725,14946.53140720411,14954.115959740122,14962.355439990051,14970.605115931476,14979.504129072511,14988.476916362704,14998.097930241262,15007.790522940702,15018.105260401368,15028.531322299526,15039.534081089141,15050.690208474141,15062.363572036225,15074.25974272161,15086.526823936445
14918.926159544983,14922.177944677602,14926.179405751645,14930.903978174458,14936.348356006514,14942.526203037294,14949.434115554914,14957.082071372917,14965.333856505535,14973.670194174167,14982.661459556713,14991.662920630757,15001.31371890441,15011.038291327222,15021.411090338397,15031.855468170457,15042.92199076374,15054.099837794518,15065.85438171675,15077.76229423437,15090.187442929071
14922.113360893685,14925.382243952276,14929.402912143487,14934.17325627612,14939.666711757523,14945.879972648172,14952.826702737542,14960.503498313752,14968.772381372342,14977.189220248938,14986.209888440146,14995.315109167368,15005.075257608507,15014.84560174114,15025.265283073384,15035.758738554787,15046.900420624554,15058.113681515204,15069.949087167077,15081.895817256447,15094.41924423727
14925.77616105214,14929.04226568805,14933.077253382551,14937.864026209672,14943.400474978216,14949.66003509553,14956.639400622089,14964.352235347369,14972.61833998328,14981.0612401954,14990.0962278899,14999.279171402408,15009.065944229525,15018.937269592658,15029.463522669708,15039.999971438252,15051.185757406405,15062.44531752372,15074.353104229396,15086.332469755956,15098.933980043741
14927.82303210855,14930.848048682967,14934.639169893295,14939.199174162215,14944.510963563755,14950.572428906715,14957.357005598447,14964.861387699424,14972.886404273842,14981.12425557354,14989.915376783869,14998.883293570407,15008.443297839325,15018.15125792625,15028.463047327785,15038.859389265335,15049.910658916804,15060.972124259766,15072.682926802338,15084.467503494068,15096.900306774163
14929.128557462138,14932.121739512555,14935.63993813739,14939.924241398136,14944.977427717473,14950.782399169431,14957.337046562809,14964.61480530496,14972.607987355377,14980.605551506771,14989.123750131608,14997.854783481724,15007.13908674247,15016.600185579426,15026.653371898763,15036.854514036106,15047.659485488057,15058.549009476026,15070.093461177912,15081.648108571293,15093.852093164282
14930.986552710394,14934.092676989976,14937.691983319975,14941.816306224393,14946.70673376472,14952.36604436364,14958.77714009518,14965.93791176814,14973.821794789874,14981.927919069456,14990.527225399455,14999.130913830431,15008.25523673485,15017.592394364548,15027.482821904878,15037.550045021415,15048.209355620334,15059.01662203726,15070.427717768793,15081.923366036344,15094.073942017812
14932.78294507005,14935.895204349834,14939.6135879092,14943.825153518983,14948.561735703186,14954.064422523297,14960.335992402,14967.359347413325,14975.13237836607,14983.244637645854,14991.740779947371,15000.459163506737,15009.670729116522,15018.886676827282,15028.623259011485,15038.572675920967,15049.075362741081,15059.754845137402,15071.026415016106,15082.445940712814,15094.469295724131
14934.361423547642,14937.419690679006,14941.090217090155,14945.366867780887,14950.136700522035,14955.431549837604,14961.49250378908,14968.322340799148,14975.903962941838,14983.962230073204,14992.293528157314,15000.964054568463,15010.018464001347,15019.295114692077,15029.064947433228,15038.839162275353,15049.13401159092,15059.641695631768,15070.702649583249,15081.940399110934,15093.770236121003
14936.021832520804,14939.09459974435,14942.725634099259,14946.968927733955,14951.818345648231,14957.160945612924,14963.028562152038,14969.66228332706,14977.064887560673,14985.137654784217,14993.292044150454,15001.923078505364,15010.82714381302,15020.070437447714,15029.697614104143,15039.547032018418,15049.889631983115,15060.236614048785,15071.104230587896,15082.18468185229,15093.818403027315
14937.8143197231,14940.95721045573,14944.672868411908,14948.946793499448,14953.832977866776,14959.325286513684,14965.310777211007,14971.821284482752,14979.097896390405,14987.14339135665,14995.286282089282,15004.001940045458,15012.799220144325,15022.073145231867,15031.620101272154,15041.50628563948,15051.776353028541,15062.268661675445,15073.254152372774,15084.244025171076,15095.75453244282
14939.089199728915,14942.198863488802,14945.95141798132,14950.276739697385,14955.160328544813,14960.656176672028,14966.758149078823,14973.353303536034,14980.473474567667,14988.359750235208,14996.469413995095,15005.124572721228,15013.877127213747,15023.202448929813,15032.609392788567,15042.492981635996,15052.649601436171,15063.145449563384,15074.025180712333,15085.127153119125,15096.722307576341
14940.102555649306,14943.21487158491,14946.936851280405,14951.301721708527,14956.239359360197,14961.735264143232,14967.843428206052,14974.557716548452,14981.765186941268,14989.497673908507,14997.609989844112,15006.108581447257,15014.830561142751,15024.098035804489,15033.462906232613,15043.400543884283,15053.419803678644,15063.915708461678,15074.684644197458,15085.792808260276,15097.284855344831
14940.941416653868,14944.00134677795,14947.673592837635,14951.955502657209,14956.880303209411,14962.377870985163,14968.433705892277,14975.101800079177,14982.376018545658,14990.143419062555,14998.203349186635,15006.495766277954,15015.168012337639,15024.226534064866,15033.50844388444,15043.335848670258,15053.260649222462,15063.758216998214,15074.337406916655,15085.39324182377,15096.722107683629
14941.625350586652,14944.694082095402,14948.322743728233,14952.563721296669,14957.414362624992,14962.907894685944,14968.974193970445,14975.59876038631,14982.83558608196,14990.67853605719,14998.74726756594,15007.083399591587,15015.712061224416,15024.573209824486,15033.81418739292,15043.441440628896,15053.292081957221,15063.688218251787,15074.181750312742,15085.248049597243,15096.395971024434
14942.239240381876,14945.289566130226,14948.908623387328,14953.087610768509,14957.878914085295,14963.279881161969,14969.323738971274,14975.940364004126,14983.115256168341,14990.90240761234,14998.952733360691,15007.346009084273,15015.965066341374,15024.851524115373,15034.030511496552,15043.441985844973,15053.233289161757,15063.410868146084,15073.811835222761,15084.758297265678,15095.802155074984
14943.146900961769,14946.227637378268,14949.858699543118,14954.058493216717,14958.818217014397,14964.190256747683,14970.171960240856,14976.79655446666,14983.993915916011,14991.749544496726,14999.830280913226,15008.198168773724,15016.829230938574,15025.803243078655,15035.003036752254,15044.470230942752,15054.229954740431,15064.22216550535,15074.594205238634,15085.35252063946,15096.334224132637
14944.573329621211,14947.695641255437,14951.398689306163,14955.652063105239,14960.474168413066,14965.856203844973,14971.850555212484,14978.454570339884,14985.701476199914,14993.521149283491,15001.64346091772,15010.02140113266,15018.724449183386,15027.714648678111,15036.968022477187,15046.564346251494,15056.386451559321,15066.475957384046,15076.85799281595,15087.472515215097,15098.466866582607
14946.068034990261,14949.241544729992,14953.037366103948,14957.413923894404,14962.340807433211,14967.836422480768,14973.891967652404,14980.559828759646,14987.837353626775,14995.757769226537,15003.931278966267,15012.424461789575,15021.220283163533,15030.271733118205,15039.64829090866,15049.312000143116,15059.238883681923,15069.50871719596,15080.004332243518,15090.767347807972,15101.822892979606
14947.718327967259,14950.923828091773,14954.802837956018,14959.304159454488,14964.38621736946,14970.01860103278,14976.219716204852,14982.980761501001,14990.354122732759,14998.337147724402,15006.542647848915,15015.168563573192,15024.047573437436,15033.246256385259,15042.74757788373,15052.504527962918,15062.586585877887,15072.955795236858,15083.588178900178,15094.56351253873,15105.764627710802
14949.212494806095,14952.297237118832,14956.087479556083,14960.551231733067,14965.637295544275,14971.304095771984,14977.521221748042,14984.307079232853,14991.65286684174,14999.610970386233,15007.695712698971,15016.263480003352,15025.053722440603,15034.264380477618,15043.7281326546,15053.51155791516,15063.59762172637,15073.939314118294,15084.606114346001,15095.56006601771,15106.777191993768
14950.385023823586,14953.4766833127,14957.153085114549,14961.534987040914,14966.59039870701,14972.268122007332,14978.526581724154,14985.335367189326,14992.71288416325,15000.65033126125,15008.741990750363,15017.29175378397,15025.96815558582,15035.127582379315,15044.50948430568,15054.311801831807,15064.367213497902,15074.742298247575,15085.420021547898,15096.353373428934,15107.611833145755
14951.791377143316,14954.945160902807,14958.690604151412,14963.020789712753,14968.05647539861,14973.765670824196,14980.097177884008,14987.009421360322,14994.471990584985,15002.5032913184,15010.657075077892,15019.248305935382,15027.993749183986,15037.197295977085,15046.527481538427,15056.340692091413,15066.37637777727,15076.832479062887,15087.541674488473,15098.570542997637,15109.902050057452
14953.360095634498,14956.520435857214,14960.33455983942,14964.740343310741,14969.7308690948,14975.426895003371,14981.796430651673,14988.788277934202,14996.360861633231,15004.483771080611,15012.644111303327,15021.335752259458,15030.149876241665,15039.40144732187,15048.807230793193,15058.671117809006,15068.661643593065,15079.135194368766,15089.83122027734,15100.947661785673,15112.317197433975
14954.278309001831,14957.371237933841,14961.124507088569,14965.531560002788,14970.530272406118,14976.113727122189,14982.402681962772,14989.365146543085,14996.949922757625,15005.042851689637,15013.208364320677,15021.92420270007,15030.677471854797,15039.962041742938,15049.369094657157,15059.213594669374,15069.212307072707,15079.669123020532,15090.252577736603,15101.319057444314,15112.6080122849
14955.267022339303,14958.376973751185,14962.079854095076,14966.443074661684,14971.460078987784,14977.068742802996,14983.262148930948,14990.161055183413,14997.733471175605,15005.843422587486,15014.038150213908,15022.741030557801,15031.51649460072,15040.842284391994,15050.205504958603,15060.100026258626,15070.117030584724,15080.571482008823,15091.180145824037,15102.246913183744,15113.440319311696
14956.465095027324,14959.612043521036,14963.368943426627,14967.71877226423,14972.728941324549,14978.39289414436,14984.648506453283,14991.488861074946,14999.03471582112,15007.181664314832,15015.401028800736,15024.157928706329,15032.99960482646,15042.349433664065,15051.771846200696,15061.74458448568,15071.754753546,15082.296223339734,15092.960176159544,15104.061576077353,15115.317188386278
14958.624432167564,14961.631457397047,14965.285431120243,14969.549356255318,14974.406210322404,14979.923404612207,14986.0943826615,14992.857020199908,15000.204400051056,15008.211425280539,15016.264305256198,15024.918278979392,15033.64466869478,15042.908593829858,15052.257295179472,15062.114149246561,15072.043587012675,15082.523350527143,15093.040544816948,15104.089039840164,15115.260017889459
14961.40616536095,14964.433251031285,14967.967361931103,14972.148421324635,14976.939432130046,14982.323371867467,14988.367651827604,14995.065715547233,15002.355438755976,15010.22990427746,15018.256989947795,15026.791100847613,15035.371066493608,15044.552125887138,15053.805601272861,15063.596612078274,15073.472399098224,15083.856338835649,15094.312862272098,15105.319711456901,15116.363991417042
14964.679972282169,14967.827449945704,14971.502013279574,14975.683601842926,14980.512138899992,14985.950627368939,14991.982044769895,14998.673802393567,15006.01934377673,15013.956544649009,15022.104022312544,15030.625965497562,15039.300528831433,15048.482117394786,15057.709560704314,15067.538097761379,15077.439050810637,15087.877539279585,15098.40080396307,15109.43222136403,15120.536222464014
14967.783913096911,14970.927978855443,14974.719522277512,14979.038151369916,14983.8638056918,14989.336408507399,14995.418962734879,15002.094445894369,15009.430269276572,15017.41987641827,15025.563942176803,15034.145208807613,15042.936752229682,15052.102761173233,15061.421390265637,15071.247044587522,15081.118553655584,15091.591156471182,15102.136175278973,15113.218729506454,15124.386059948472
14969.699965135564,14972.683016671666,14976.3101339663,14980.584728924472,14985.386409552979,14990.695115410967,14996.650769762668,15003.21637552625,15010.374910221843,15018.193785140149,15026.176836676252,15034.649495354051,15043.276612648688,15052.3409308156,15061.615525773772,15071.264586253426,15081.066266881933,15091.37497273992,15101.729533344085,15112.685187695786,15123.71325803968
14973.017499566216,14975.988183290567,14979.441918551021,14983.539719570006,14988.28499825253,14993.557362605387,14999.336752187726,15005.763090263777,15012.799379751712,15020.428598171655,15028.399281896007,15036.688840538663,15045.142575799118,15054.085918201268,15063.183719220257,15072.71872111152,15082.463999794043,15092.583743998048,15102.856108350907,15113.635497933245,15124.460742261761
14976.946074724056,14979.961765684582,14983.448140369459,14987.41756659044,14992.031058569952,14997.292028213002,15003.080083526384,15009.37516406925,15016.317193105828,15023.869173554289,15031.884864514815,15040.029773895285,15048.516148580162,15057.321398183345,15066.290824404326,15075.749857767003,15085.363349746518,15095.414042598308,15105.675012241356,15116.310447405887,15127.098502719273
14978.96051685479,14981.923242320177,14985.401658746092,14989.350758896357,14993.782910582726,14998.859128027625,15004.582823136063,15010.833603914833,15017.591409923087,15024.996164425052,15032.95888989044,15040.97359580429,15049.452012230204,15058.05964707606,15067.008747226324,15076.276722294895,15085.708873981264,15095.630632809329,15105.706850254232,15116.22026857141,15126.943963679845
14982.966124990355,14985.593698639019,14988.683997753069,14992.289987827648,14996.366661626575,15000.926386961606,15006.13017805517,15011.98144681227,15018.359801239703,15025.24518089662,15032.77750904725,15040.405082695912,15048.495381809962,15056.637661372475,15065.243651447052,15073.978859941571,15083.055533740499,15092.451082457734,15102.010807792765,15112.060140269492,15122.263931363059
14987.182341356767,14989.851781191039,14992.648794673976,14995.908533622298,14999.683963531148,15003.930077164348,15008.659242333651,15014.032473261486,15020.053181852858,15026.600976114565,15033.655795605753,15041.325235440025,15049.027003424926,15056.824016907862,15065.083755856183,15073.395475252968,15082.170905161818,15091.07555349061,15100.321667123808,15109.886655675315,15119.61582084462
14991.963505670072,14994.716835088238,14997.639604340677,15000.68994724178,15004.20301560827,15008.231774935286,15012.731217986655,15017.713712574125,15023.340272920126,15029.614310929664,15036.415434609538,15043.723583518893,15051.47691293706,15059.3996821895,15067.354779592568,15075.40512249367,15083.918190860159,15092.48323967511,15101.511999002127,15110.669976749085,15120.169419800452
14996.02680795721,14998.600037370743,15001.426596202442,15004.42259486841,15007.546167183047,15011.132464963068,15015.234453703617,15019.807126168518,15024.862850169518,15030.562639929052,15036.909907352123,15043.784260445529,15051.165638768416,15058.738868181947,15066.565427013646,15074.561425679618,15082.589752496218,15090.713324810853,15099.299622590872,15107.937900819355,15117.039889559905
15002.993261541056,15005.578739472368,15008.237446817213,15011.149483580224,15014.230960177505,15017.440010423454,15021.111786134787,15025.299252806648,15029.957403202861,15035.098605135174,15040.88387282602,15047.316618180403,15054.276449205121,15061.74330545932,15069.328783390632,15076.987490735475,15084.899527498486,15092.981004095771,15101.094808843683,15109.30385908963,15117.975634800961
15009.879000418348,15012.467168905829,15015.140815324621,15017.887691156946,15020.887896407437,15024.0575414922,15027.35476022563,15031.114704424443,15035.390339583784,15040.136658467478,15045.36602888727,15051.239465065597,15057.76037890746,15064.808378419659,15072.363403161338,15079.951571648819,15087.625218067613,15095.372093899936,15103.372299150427,15111.541944235192,15119.743917470585
15020.547973598752,15022.780923442413,15025.102041773556,15027.50863803601,15029.988463711998,15032.72161880615,15035.624213734576,15038.654382311666,15042.14727635414,15046.155861357145,15050.6351300845,15055.597450347956,15061.203836369943,15067.45770005547,15074.238649411329,15081.471599254992,15088.759573840332,15096.080692171474,15103.487288433931,15110.967114109915,15118.70026920407
15027.644345858776,15029.675196261587,15031.79421515188,15033.998711973483,15036.27643820862,15038.574338767772,15041.105394421074,15043.80588990865,15046.63395904489,15049.924753646514,15053.731239208668,15058.008408495172,15062.768629317778,15068.172915898915,15074.22468014359,15080.8035300586,15087.834380461412,15094.920255605903,15102.039274496194,15109.2437713178,15116.521497552934
15039.616481366087,15041.360035310136,15043.191757741668,15045.108958104509,15047.099387880886,15049.109991981277,15051.322695522515,15053.566454717056,15055.97965374587,15058.520426423349,15061.523924566212,15065.043113669604,15069.032986497348,15073.505910861191,15078.622900983568,15084.387368769481,15090.67892222573,15097.422476169782,15104.22105485551,15111.052777287041,15117.969977649886
15049.683048500869,15051.116699830895,15052.638519648404,15054.245817397223,15055.926344559577,15057.627046045947,15059.529846973162,15061.463703553682,15063.566999968472,15065.75709735445,15067.987967417906,15070.681562946747,15073.890849436117,15077.570819649838,15081.733841399659,15086.540928908013,15091.995494079903,15097.977144922132,15104.410796252161,15110.899472323867,15117.421292141375
15058.175893421656,15059.450290090826,15060.812855247483,15062.260898335448,15063.782170836948,15065.323617662465,15067.067163928827,15068.841765848492,15070.78580760243,15072.816650327553,15074.888265730156,15077.229011069303,15079.76335193729,15082.813383765806,15086.334099318674,15090.33786640764,15094.985699255141,15100.281009766177,15106.103405947551,15112.377802616727,15118.70722402758
15068.98622722042,15070.193348640914,15071.488638548895,15072.869406388185,15074.323403641009,15075.79757521785,15077.473846235536,15079.181172906527,15081.057939411789,15083.021506888235,15085.025847042163,15087.299317132634,15089.732041883959,15092.199107503271,15095.18186408311,15098.635304387302,15102.571796227594,15107.15235382642,15112.380389088778,15118.135510021477,15124.342631441978
15079.01055827117,15080.197900088699,15081.473410393713,15082.834398630037,15084.268616279896,15085.723008253772,15087.379499668492,15089.067046736516,15090.924033638812,15092.867821512293,15094.852382063254,15097.10607255076,15099.519017699118,15101.966303715464,15104.446524112498,15107.40950108937,15110.843161790597,15114.759874027923,15119.320652023782,15124.528907683174,15130.264249012907
15088.708313506202,15089.892523830333,15091.164902641949,15092.522759384876,15093.953845541337,15095.405106021813,15097.058465943137,15098.742881517763,15100.59673692666,15102.537393306744,15104.518822364307,15106.769381358414,15109.179195013376,15111.623349536323,15114.10043843996,15116.597306946562,15119.557152430036,15122.987681637866,15126.901262381793,15131.458908884253,15136.664033050249
15095.155203698749,15096.511243481697,15097.95545175213,15099.485137953874,15101.088053569152,15102.711143508444,15104.536332888585,15106.392577922028,15108.418262789743,15110.530748628644,15112.684007145022,15115.106395597946,15117.688038711725,15120.30402269349,15122.952941055944,15125.621639021363,15128.293468480178,15131.42514342247,15135.027502089117,15139.112912291861,15143.842388253139
15099.376812643211,15100.88136986419,15102.474095572654,15104.152299212428,15105.903732265737,15107.67533964306,15109.64904646123,15111.653808932704,15113.828011238447,15116.089014515379,15118.390790469788,15120.961696360742,15123.610213798773,15126.340374350582,15129.104875770377,15131.902311570862,15134.719526974312,15137.539873871156,15140.820066251477,15144.570942356155,15148.80486999693
15103.355925930504,15105.014675463264,15106.761593483508,15108.593989435065,15110.499614800156,15112.42541448926,15114.553313619213,15116.712268402469,15119.040663019994,15121.455858608708,15123.911826874899,15126.566019186681,15129.291117389417,15132.09382713923,15134.978180002821,15137.896873734398,15140.848501846664,15143.819909561895,15146.79444877052,15150.228833462625,15154.133901879084
15107.82289816847,15109.72133295313,15111.707936225273,15113.78001742873,15115.92532804572,15118.090812986724,15120.458397368577,15122.857037403732,15125.425117273157,15128.07999811377,15130.77565163186,15133.51533688376,15136.409214447442,15139.373997902077,15142.41639290379,15145.54043101928,15148.698810002757,15151.890123366922,15155.101216334053,15158.315440794579,15161.989510738582
15113.288564247767,15115.311232511445,15117.422069262608,15119.618383945082,15121.887928041091,15124.177646461116,15126.669464321987,15129.19233783616,15131.81657131518,15134.508884663623,15137.287998983255,15140.107885980364,15142.971804711282,15145.989915753982,15149.078932687637,15152.245561168367,15155.493832762877,15158.776445225372,15162.091992068556,15165.427318514705,15168.76577645425
15119.121380812485,15121.289426579166,15123.54564083333,15125.887333018809,15128.30225461782,15130.737350540849,15133.374545904722,15136.019923407726,15138.688174424902,15141.457785406925,15144.29547625837,15147.219968081006,15150.185232581118,15153.194528815038,15156.358017360742,15159.5924117974,15162.904417781134,15166.298066878646,15169.726056844145,15173.18698119033,15176.667685139484
15122.628967764698,15125.150355150809,15127.759911024403,15130.45494482931,15133.22320804775,15136.011645590208,15138.864987209638,15141.855524192939,15144.854243315373,15147.875835951978,15150.99878855343,15154.189821024303,15157.467654466369,15160.78626058591,15164.14889843926,15167.665728604392,15171.253464660478,15174.918812263642,15178.665802980584,15182.447134565511,15186.261400531126
15125.502675566697,15128.323611730897,15131.165935281208,15134.096427319002,15137.112397288109,15140.20159667075,15143.310970377408,15146.485248161038,15149.79672130854,15153.116376595173,15156.458905395979,15159.902794161631,15163.414762796705,15167.01353240297,15170.653074686712,15174.336648704262,15178.174415033594,15182.08308725388,15186.069371021245,15190.137297902387,15194.239565651515
15127.007838095777,15129.858570593944,15133.030239256312,15136.22329530479,15139.50451984075,15142.871222308024,15146.311154188832,15149.771260393658,15153.296270675455,15156.958476321124,15160.628864105925,15164.322125404899,15168.116746668717,15171.979447801958,15175.92894990639,15179.9192246883,15183.953531204017,15188.142030031517,15192.40143474997,15196.738451015503,15201.15711039481
15128.121217144802,15130.983208919977,15134.19593319332,15137.729593630862,15141.284641454517,15144.927857765651,15148.6565520081,15152.458475664083,15156.280573644084,15160.167575701058,15164.191773121902,15168.224152681878,15172.279405756026,15176.436018795019,15180.660711703436,15184.972205583044,15189.324472140128,15193.72077043102,15198.271261033695,15202.892657527325,15207.591665568032
15131.165415121543,15133.981504415851,15137.159585485337,15140.688399052988,15144.53814878484,15148.409285902804,15152.36859150825,15156.413375045007,15160.531387995301,15164.66957526961,15168.872666620895,15173.212953336048,15177.561422190334,15181.932764558791,15186.405466892094,15190.94624909482,15195.57383226874,15200.242188120132,15204.954575705335,15209.821155602318,15214.758641390259
15132.994039250996,15135.792619273367,15138.907288590046,15142.383949681902,15146.211343271922,15150.359673026145,15154.529390166479,15158.787275794295,15163.130639353423,15167.547232326086,15171.983999622766,15176.48567099642,15181.124537733944,15185.7715866106,15190.441509001426,15195.2127913571,15200.052153582197,15204.978316778484,15209.945252652247,15214.95622025982,15220.121380179175
15135.556861551759,15138.421154802032,15141.584028074676,15145.062990641629,15148.903944983756,15153.09563182405,15157.608254828547,15162.142265219154,15166.764444097244,15171.472100906645,15176.252987129581,15181.054047676533,15185.920012300461,15190.923172288258,15195.934514415187,15200.968730056287,15206.104305662235,15211.307961137603,15216.598417584164,15221.9296467082,15227.304907566047
15139.606616369292,15142.55677831163,15145.87123350424,15149.484268719221,15153.413393228511,15157.704509512976,15162.346358295606,15167.309143242443,15172.293315575387,15177.365656395814,15182.523475147553,15187.754523312826,15193.005745802115,15198.32187236838,15203.775194298514,15209.23669836778,15214.721075951218,15220.306813499503,15225.960630917209,15231.701249306108,15237.482640372482
15142.428479600412,15145.351629913552,15148.724942169027,15152.462547674777,15156.498733202896,15160.851008025325,15165.565274622928,15170.630273718698,15176.016208978672,15181.423531624756,15186.91902275832,15192.499991823199,15198.15419030161,15203.828563104038,15209.567839983441,15215.444312226715,15221.328966609119,15227.236494505696,15233.245382367119,15239.322350097964,15245.486118800001
15145.034397920017,15147.957687232198,15151.30412685752,15155.100728425175,15159.261623243108,15163.721098083408,15168.49666221802,15173.634218127803,15179.122506535754,15184.93173110791,15190.762343066175,15196.681123511922,15202.685381888981,15208.762869679575,15214.860531794184,15221.023097985768,15227.322859541224,15233.630803235808,15239.961620444568,15246.393797618171,15252.8940546612
15147.946077631033,15151.004733297237,15154.486678275622,15158.391773567148,15162.747030801007,15167.466581285144,15172.484711791647,15177.818931592463,15183.51514316845,15189.562087242604,15195.929967480964,15202.319235105433,15208.796671217384,15215.359585260647,15221.995728717444,15228.652046498257,15235.373268356045,15242.231685577704,15249.098284938493,15255.987757813456,15262.978590653263
15151.189844802966,15154.25196862871,15157.872748120659,15161.91681692479,15166.38403604206,15171.301417101664,15176.583091411545,15182.163345743795,15188.059689370355,15194.318024772087,15200.927092671987,15207.857096736092,15214.808488186305,15221.848048124002,15228.97308599301,15236.171353275551,15243.38979488211,15250.673140565643,15258.093681613047,15265.522404799582,15272.97400150029
15154.000276228971,15156.998440700876,15160.558728998525,15164.677672962378,15169.219906238413,15174.185289827588,15179.600835359097,15185.380674140883,15191.459092945037,15197.853601043502,15204.61010091714,15211.717333288945,15219.145501824954,15226.595057747072,15234.132782156674,15241.755984497586,15249.452416252032,15257.169022330496,15264.950532485933,15272.869238005242,15280.79612566368
15155.897940009141,15158.895448855987,15162.391122174735,15166.44891931923,15171.065372129928,15176.105114252807,15181.568006688827,15187.481061067181,15193.75840869581,15200.33433634681,15207.22635329212,15214.480362012602,15222.085103231253,15230.010780614108,15237.957845383069,15245.955354229915,15253.99058748636,15262.111298674117,15270.305239275409,15278.519354200716,15286.798373202999
15158.34602494558,15161.38100023312,15164.913484367506,15168.944132973793,15173.536905405826,15178.688333504066,15184.263050914484,15190.260918638045,15196.708948303938,15203.521271220108,15210.632174158647,15218.059166391497,15225.848150399519,15233.883125687058,15242.02284219325,15250.483494863644,15258.965534920144,15267.49801905453,15276.068227598515,15284.723914073813,15293.452829962644
15161.254055336187,15164.310348123043,15167.901616197438,15171.99039311868,15176.577334511823,15181.726399730715,15187.43412061581,15193.565130813084,15200.1192913235,15207.123613776252,15214.492229479278,15222.159425204673,15230.142710224378,15238.199003011236,15246.544279806114,15255.135547880509,15263.831557173557,15272.848502630806,15281.886835474164,15290.975612395407,15300.102113726247
15162.972524377416,15165.986034040972,15169.555836491387,15173.660614229339,15178.26290081414,15183.36335187084,15189.02592675329,15195.247157301941,15201.891677162772,15208.959347336748,15216.477179453055,15224.35930481964,15232.372814483197,15240.55351987215,15249.050314555412,15257.620117005828,15266.478903464264,15275.583681202217,15284.793200158821,15294.32365527963,15303.875497786545
15164.442042373166,15167.466359305414,15171.004185901218,15175.09830528388,15179.72739995408,15184.85400347113,15190.478771460077,15196.665663274774,15203.411210755674,15210.580047548752,15218.172034654976,15226.196351587223,15234.238500635778,15242.64494293461,15251.182769530415,15259.887791851615,15268.908903467125,15278.003022849789,15287.386126240472,15297.015220910673,15306.749056799525
15165.928480885419,15169.012654518854,15172.621145084539,15176.743145313778,15181.421438329877,15186.634706633511,15192.345483783998,15198.55442540638,15205.325490854515,15212.65521196885,15220.408222395365,15228.4923960288,15236.66855676846,15245.277047334142,15253.903370016134,15262.893985948402,15272.015986177643,15281.305182132279,15290.910467381225,15300.588760397324,15310.556037421442
15167.600353730651,15170.650299318524,15174.284418539832,15178.442854693389,15183.1148005105,15188.343039114472,15194.106253005979,15200.366975744339,15207.125862954594,15214.4468739906,15222.326540692808,15230.37648628068,15238.679442295068,15247.313561516376,15256.039667843908,15265.198103997465,15274.37437226733,15283.91493378747,15293.586879604583,15303.426021147092,15313.581251983911
15169.233638239282,15172.335202552556,15175.986712453705,15180.222395988287,15184.98239645512,15190.255906585506,15196.085709502753,15202.450487707534,15209.312774759168,15216.673226282699,15224.59580163198,15232.697365945256,15241.178596960737,15249.830106861886,15258.734627189548,15267.970310724131,15277.297981364938,15287.057981831771,15296.83581441491,15306.977940248324,15317.251450378713
15170.421323466897,15173.520939751465,15177.222120349306,15181.473246535023,15186.308546354174,15191.668163105574,15197.541289520528,15203.970708722343,15210.935103211692,15218.397006547893,15226.357074355992,15234.45669064056,15242.978882274409,15251.680062872254,15260.760910172303,15270.012036358019,15279.516172970249,15289.3514727894,15299.278759714774,15309.638376466175,15320.015825333881
15172.195297755405,15175.341452526818,15179.0872235828,15183.434558952056,15188.331839909186,15193.81329449975,15199.819066022565,15206.338347208934,15213.413921182162,15221.024470442924,15229.13252855054,15237.278683321954,15245.884905901466,15254.63067695745,15263.799023362712,15273.14635873197,15282.873360803434,15292.770641760564,15302.920933144207,15313.402387734774,15323.975829431562
15174.28014645575,15177.427110169465,15181.220228654594,15185.61296342429,15190.607262507261,15196.151507178107,15202.279925482386,15208.932660718916,15216.098905619,15223.821443305944,15231.968407019658,15240.225919994136,15248.980941815467,15257.774060300597,15267.027246593823,15276.419981363522,15286.235291482499,15296.229590565474,15306.603556350652,15317.147801021498,15327.945056118855
15175.722126864888,15178.858031692835,15182.640900234494,15187.06992354757,15192.09856314521,15197.728767056127,15203.90891655492,15210.673239687143,15217.96187975162,15225.76402947965,15233.899934307594,15242.258376822485,15251.041245364144,15259.934663166568,15269.325589815846,15278.75461312892,15288.643704250093,15298.672343847738,15309.12355879466,15319.75376270558,15330.763633318704
15177.45184358936,15180.645488241333,15184.475037721251,15188.951550914882,15194.07421887993,15199.79650312954,15206.12035169243,15212.994145843195,15220.45211362739,15228.434398343838,15236.62804299581,15245.123837375811,15253.953386855728,15263.005474022591,15272.48198721622,15282.069049670617,15292.153620971867,15302.276288936913,15312.859024710056,15323.581308959674,15334.726168558567
15179.634429275793,15182.902139893231,15186.86349516264,15191.460755259997,15196.704979071066,15202.59535765355,15209.085352520598,15216.176911700926,15223.818416469128,15232.044094870762,15240.3118054882,15249.061800822083,15258.023156091493,15267.286661088932,15276.883921186287,15286.703718970588,15296.947942781655,15307.302715853488,15318.154997772175,15329.04537635466,15340.39582274524
15181.569059182293,15184.810136930048,15188.818925295238,15193.521358312402,15198.859696157511,15204.844997716333,15211.476454046571,15218.707526661372,15226.540163589454,15234.781241337207,15243.163823853163,15252.13058000255,15261.139368367742,15270.630441449377,15280.33287446654,15290.337457211734,15300.67579505684,15311.236670588896,15322.221972147716,15333.317822967303,15344.911182633743
15183.152007680843,15186.347646736089,15190.28436353909,15194.988790959525,15200.386863031936,15206.42083993229,15213.101780546358,15220.428875931842,15228.355587601889,15236.551226657135,15245.079502640463,15254.016219443462,15263.094441014664,15272.756836219296,15282.461263639734,15292.647975776616,15303.046047849024,15313.746269649462,15324.780246549815,15336.036761137117,15347.717701751182
15185.252903722463,15188.447784340573,15192.338304013929,15196.969901435039,15202.369209473585,15208.462162164105,15215.19101968257,15222.566840914747,15230.588816918342,15238.783697536452,15247.405289824608,15256.295809497964,15265.518966099402,15275.15056352051,15284.923665709823,15295.280941532565,15305.680249571113,15316.561842326104,15327.654795016622,15339.04989743517,15350.778754953633
15188.384072045967,15191.638107263114,15195.587023098371,15200.231577988876,15205.617210627133,15211.770553882827,15218.617541790496,15226.100434526108,15234.230290975434,15242.484326192582,15251.260337413323,15260.209253248582,15269.584880753886,15279.229435644389,15289.206627462976,15299.592260101232,15310.119397507693,15321.230708547582,15332.384051803278,15344.019679775418,15355.866667683084
15190.850088902507,15194.062664575777,15198.029275466193,15202.69076697472,15208.047897538494,15214.146105850023,15221.012024778986,15228.571588359924,15236.767056768806,15244.979632442075,15253.822064564672,15262.78867545509,15272.2772623491,15281.938753857628,15292.026957036202,15302.384087599976,15313.073855091832,15324.172063403357,15335.411776483088,15347.235663196247,15359.101582125213
15192.99674046965,15196.20221302212,15200.120261247857,15204.792344690744,15210.15930875174,15216.221911867982,15223.025592731981,15230.596984213413,15238.802456765883,15247.06749289929,15255.96843386064,15264.88648208638,15274.434386761446,15284.106470204331,15294.300529650813,15304.66749371181,15315.461169442851,15326.523772559096,15337.919012603421,15349.722693467415,15361.667879099616
15195.926915558093,15199.200491647409,15203.179540289191,15207.871164604245,15213.316824136447,15219.457364286756,15226.293543492315,15233.87080044563,15242.144376534943,15250.48934410569,15259.468392747476,15268.507004970197,15278.181522020863,15287.873146335918,15298.194627100298,15308.640286632499,15319.607922168296,15330.748462318606,15342.315714138964,15354.151893344524,15366.320709478165
15198.433127668155,15201.69012367231,15205.72069576578,15210.456740411715,15215.905360730923,15222.10801626728,15229.005552421742,15236.598727631455,15244.85572363561,15253.18997659308,15262.220548686546,15271.322512261448,15281.058556907388,15290.854165134262,15301.285678189082,15311.734298508292,15322.812775276825,15334.01543081318,15345.740062353132,15357.637598507596,15369.961846332108
15200.415812024074,15203.664413397248,15207.670010774578,15212.449184241224,15217.933830260336,15224.13105195272,15231.082308862253,15238.728446389889,15246.977047763065,15255.318824345954,15264.324421723284,15273.40727605393,15283.186449520572,15293.037014468648,15303.521660487764,15314.065870087814,15325.24598451581,15336.443206208196,15348.270284349905,15360.221541259436,15372.694774172562
15202.171500693494,15205.197782717189,15208.972666114058,15213.504545515083,15218.810001005424,15224.82092904823,15231.544432764309,15239.021971697537,15247.048253721232,15255.220673272564,15263.995556669435,15272.86361527602,15282.395494677045,15292.004631031385,15302.310086521722,15312.686933493493,15323.697861536304,15334.768353160049,15346.47474961174,15358.198253327822,15370.551613493226
15203.884940435746,15206.88219470211,15210.40573099217,15214.677868655403,15219.707002322793,15225.509712079498,15232.01789438867,15239.238652371112,15247.213445570706,15255.21069983707,15263.73423612713,15272.403909944826,15281.676047608062,15291.041360481011,15301.0704941484,15311.176884769106,15321.979594525807,15332.853695763943,15344.361878073118,15355.929623963228,15368.133274681282
15205.34955015334,15208.382991899589,15211.9136879122,15215.970665948507,15220.776245357987,15226.338820771625,15232.674972274577,15239.716596329996,15247.470796058686,15255.504237804933,15264.012472750774,15272.543168763385,15281.600146799692,15290.803262363635,15300.608841773119,15310.507596392315,15321.070171805952,15331.710004172905,15343.046155675855,15354.453698660238,15366.49532271566
15206.863486468925,15209.971361333193,15213.612677943713,15217.751248820592,15222.41610172117,15227.829555994918,15234.000006272827,15240.944032640047,15248.593531559736,15256.701406424005,15265.063481016965,15273.704797627483,15282.820907437592,15291.959478314473,15301.62433121505,15311.435321643263,15321.848775917015,15332.355405400482,15343.525855678387,15354.77356290961,15366.71758927683
15208.442525059263,15211.5604643053,15215.286278415604,15219.545534272162,15224.302044395077,15229.584836541691,15235.616230061478,15242.404619585423,15249.96658519868,15258.084524444717,15266.351962610443,15275.077776720747,15284.057790559746,15293.3170464163,15303.051095472445,15312.807605595364,15323.090397741977,15333.519327416227,15344.550720936015,15355.67528966552,15367.46367918946
15209.912018294557,15213.023008113516,15216.751937178513,15221.088741107777,15225.958986783293,15231.326486725167,15237.22026869074,15243.862652029486,15251.262031372391,15259.37302119135,15267.545976623565,15276.274905688562,15285.153333673246,15294.490137602512,15304.081141260469,15313.951386935982,15324.296425811086,15334.663925752964,15345.557707718535,15356.597627211746,15368.240010550493
15211.923113737994,15215.150706119468,15218.989288319899,15223.445809766368,15228.510206077106,15234.108044134095,15240.203136457443,15246.824510804488,15254.194486524708,15262.321458249085,15270.549050630558,15279.38763283099,15288.288180644679,15297.74470209115,15307.350722457306,15317.415118768045,15327.733714807475,15338.33155286446,15349.404184121038,15360.499276444389,15372.120650791434
15214.601680859572,15217.869304186492,15221.864519894887,15226.470725422238,15231.694870195628,15237.526889833285,15243.892351217195,15250.755066867463,15258.14406454143,15266.281663588568,15274.54928691549,15283.443881966787,15292.43909767518,15302.045303202533,15311.713474343142,15321.937619116532,15332.31126280961,15343.143282447269,15354.22950181362,15365.594963197524,15377.435217781023
15217.62415821473,15220.891966502608,15224.927398117406,15229.69042211368,15235.064435928907,15241.056388990177,15247.656216915711,15254.7894865875,15262.420010525646,15270.57681648749,15278.844624775369,15287.750032110385,15296.785463725186,15306.44786706436,15316.210891060631,15326.584904875863,15337.02088430435,15348.012837365619,15359.154289346574,15370.75411727211,15382.60814492634
15219.994891636023,15223.217271323754,15227.207459299363,15231.965270601893,15237.450674285896,15243.547067788855,15250.261400537856,15257.58360815112,15265.439257510641,15273.661637198373,15282.01454082425,15290.893726473823,15299.883914449434,15309.511701472182,15319.269512774712,15329.654295801618,15340.13969948562,15351.236092988582,15362.3944521048,15374.1087848538,15385.972616522487
15223.186936195636,15226.40620821975,15230.347859931599,15235.057319931324,15240.53440325797,15246.73907896609,15253.554744493165,15260.988349266281,15269.029828903662,15277.249100927778,15285.824022311415,15294.765674023263,15303.837849673255,15313.436307346945,15323.145767346672,15333.492826393536,15343.969909720183,15355.073964771205,15366.278640479322,15378.0943060064,15389.971937146734
15225.429494914431,15228.573970455178,15232.43771802004,15237.023845272635,15242.377780813109,15248.499339680502,15255.34849092937,15262.808631997192,15270.886712311056,15279.031187851804,15287.717143029931,15296.580890594796,15305.80028751918,15315.386414771776,15325.103065962514,15335.345999176952,15345.699934717426,15356.691469305038,15367.813028172432,15379.561558764202,15391.410710013066
15227.919846907373,15231.038127784004,15234.800884201384,15239.282912642879,15244.487320772105,15250.45953718921,15257.199376933237,15264.666809058735,15272.74523100319,15280.863511879823,15289.559873070319,15298.322629487699,15307.62686554246,15317.108893983956,15326.94657178497,15337.1509799142,15347.48591198157,15358.34712607264,15369.319342489745,15380.929157953991,15392.668997698016
15230.331967362768,15233.483203648866,15237.252720811597,15241.666713515075,15246.799978242667,15252.65562265799,15259.279075361193,15266.670151391318,15274.788819802914,15282.940056089012,15291.669714319563,15300.439231482294,15309.786828958888,15319.200821662365,15329.156294003224,15339.28955873082,15349.778472817932,15360.63411723326,15371.620285586727,15383.132735963894,15394.756188667097
15233.358398185099,15236.625630325863,15240.544098752725,15245.080848056221,15250.262072900461,15256.162569768818,15262.785446324906,15270.176131168873,15278.334439339762,15286.601671480526,15295.487572032886,15304.406040459748,15313.902930831064,15323.43968013456,15333.554509751917,15343.73573459616,15354.45843907778,15365.35893594614,15376.615082174018,15388.23795873011,15399.991359224341
15235.299342813145,15238.45586681968,15242.379622966979,15246.954615400376,15252.147888710406,15257.985637561182,15264.542658436072,15271.822058998696,15279.869267849197,15288.025791855733,15296.840624033155,15305.764380180455,15315.306804739348,15324.881797172746,15335.035211550596,15345.228484860627,15355.999838484518,15366.837587335296,15378.21681582345,15389.773836698347,15401.686506932758
15237.022523506104,15240.182237690255,15243.998475880939,15248.581946212387,15253.816652829933,15259.669640324113,15266.167103359037,15273.383838418078,15281.32295316485,15289.482667348999,15298.18959038365,15307.005828574334,15316.480374935907,15326.063845267356,15336.265984010399,15346.500690627945,15357.313819189945,15368.166806684125,15379.597874492165,15391.095337527093,15403.134280199396
15239.360814805312,15242.576857816359,15246.452615011554,15250.984896213286,15256.284409555781,15262.235159184373,15268.8041896896,15276.017695735569,15283.950473805657,15292.166516816702,15300.821674574521,15309.697431769715,15319.120397815414,15328.652679017143,15338.843268389763,15349.142781732258,15360.060963486347,15371.01171311494,15382.540884687985,15394.109915193212,15406.257026012298
15240.921176287415,15244.005848494575,15247.80656371278,15252.266993115136,15257.383946524027,15263.268132073683,15269.803553909433,15276.95725662182,15284.755434874949,15292.84010708211,15301.357557359357,15310.15827257756,15319.39810254254,15328.858531944894,15338.866170197753,15348.98312360664,15359.75838518642,15370.642570736076,15382.145424697324,15393.680846533076,15405.794690313282
15242.542692812573,15245.636678613113,15249.315336620813,15253.71003763956,15258.764452842455,15264.475392051887,15270.953563402085,15278.082971038375,15285.830659551302,15293.924645351843,15302.316809405513,15310.995467413213,15320.106903491002,15329.501604509747,15339.335420275267,15349.389835478161,15359.99145953156,15370.702398740988,15382.071646121309,15393.549817471507,15405.646657233296
15244.41278043971,15247.542750927154,15251.266707215138,15255.575335710282,15260.600007216472,15266.284392906813,15272.625302603688,15279.73344444133,15287.492822565064,15295.622793052507,15304.000452052878,15312.724408340862,15321.746542881978,15331.055171377122,15340.796577942354,15350.821249448543,15361.285035701507,15371.969421391845,15383.20101593269,15394.54192562956,15406.541143497325
15246.583203075972,15249.783196788669,15253.613160988807,15258.037110989488,15263.045733197328,15268.770398416213,15275.15477781925,15282.195681228823,15290.003816779159,15298.203810491856,15306.663182328286,15315.493146528424,15324.570799241492,15333.99474924217,15343.716877495983,15353.725499703824,15364.16689998175,15374.891565200636,15386.055345166296,15397.439724569329,15409.37131282287
15248.392585459895,15251.594623344956,15255.496654942715,15260.028657027915,15265.154644913657,15270.865305006559,15277.292008110504,15284.378425398603,15292.121366693238,15300.3234045783,15308.833578013697,15317.735609611454,15326.897019332946,15336.429021418146,15346.208712016274,15356.334699902016,15366.75886604089,15377.469526133791,15388.612964296779,15400.039667400726,15411.905485251447
15250.070727638104,15253.265389760627,15257.16208976821,15261.758783488493,15266.985447696215,15272.806097704479,15279.211419919904,15286.332785146371,15294.113864556994,15302.308526679517,15310.746130096673,15319.642830104258,15328.847665662179,15338.444359382458,15348.300431226473,15358.527095434196,15369.001448154846,15379.822098163111,15390.940926424506,15402.346248639931,15414.184348925442
15252.121305375593,15255.38146033288,15259.336277412689,15263.993132377556,15269.349981055126,15275.336800220135,15281.917605185685,15289.083082358396,15296.964602542148,15305.224757499434,15313.765991867343,15322.720808947153,15331.918567321596,15341.575422286467,15351.540412801673,15361.897261479238,15372.51348828054,15383.500307445549,15394.734815123486,15406.315620089035,15418.194603307717
15254.619802338428,15257.912801188499,15261.965954995856,15266.713770925735,15272.163624740673,15278.313472268313,15285.093290283392,15292.467094099013,15300.425570121795,15308.718568971866,15317.393088005687,15326.446241813044,15335.780475031024,15345.528290960903,15355.519048185417,15365.968902000359,15376.726891365635,15387.87673889327,15399.285964544642,15411.065782559723,15423.093289087728
15257.130177358404,15260.426462315765,15264.515746123197,15269.365184887916,15274.909285775155,15281.155424547454,15288.101557032456,15295.677660004896,15303.847748777878,15312.144033735238,15320.898794715382,15329.988078522814,15339.458882513996,15349.308321278715,15359.438839454055,15369.982940341295,15380.76998252317,15392.016121295474,15403.570395618111,15415.516528103106,15427.72203871184
15258.60961293324,15261.703633134859,15265.593938293838,15270.27724230289,15275.720701269227,15281.858822358083,15288.698981332001,15296.23913401862,15304.33315422024,15312.503277394298,15321.267386368898,15330.157691527877,15339.50647270964,15349.18977671869,15359.25460091149,15369.698059877828,15380.422598254785,15391.560719343644,15402.941781727137,15414.78194070106,15426.930235225316
15259.680571498679,15262.753421697038,15266.420292097016,15270.883447454355,15276.139601661765,15282.155910826463,15288.866882113678,15296.279891285956,15304.352741484316,15312.465744369294,15321.132614769274,15329.875588141693,15339.212547314652,15348.67570267199,15358.597334052112,15368.853488259521,15379.491162650682,15390.50747181538,15401.804860390695,15413.515831677914,15425.469744259766
15261.008761978883,15264.121941075706,15267.807970370888,15272.08801986769,15277.164354321849,15283.033687626083,15289.663175887603,15296.987326271641,15305.013514540742,15313.126693637563,15321.812722932746,15330.538904914547,15339.81895441135,15349.175106880592,15359.125245150373,15369.201579604533,15379.736390081478,15390.60572338571,15401.856576873693,15413.486065135214,15425.396632807351
15262.480953327537,15265.556343910337,15269.244913589962,15273.506333467945,15278.361773547547,15284.013498584507,15290.458222471541,15297.663101315862,15305.562642282703,15313.638032865503,15322.239611717405,15330.928181397026,15340.18960127501,15349.491173839611,15359.346613919215,15369.278156971259,15379.803685823841,15390.4554108608,15401.565611920547,15413.01033580758,15424.836579878363
15264.072453477962,15267.153182022786,15270.809301150413,15275.078599374863,15279.92074779767,15285.356916422099,15291.589370003883,15298.614822435742,15306.400429824887,15314.481158369714,15322.961427881379,15331.617547009004,15340.799854405732,15350.069152630178,15359.911301052985,15369.793602162414,15380.229770786842,15390.74204238371,15401.848299781117,15413.080753362903,15424.771682967474
15265.513184989264,15268.571157456498,15272.209858468555,15276.423950063416,15281.251220755099,15286.651341645142,15292.645482736803,15299.435908785821,15307.019333684913,15315.077306152147,15323.420886008525,15332.059587020587,15341.097828999486,15350.311920594344,15360.052200458305,15369.879471149985,15380.279592040026,15390.719865616687,15401.714006708351,15412.784250772453,15424.448480637093
15266.873929801477,15269.99625631649,15273.676555298736,15277.937582825807,15282.774000935678,15288.223598142375,15294.24604554743,15300.862513154105,15308.275265718134,15316.397592233146,15324.603343647252,15333.283642629498,15342.249549000888,15351.510576527962,15361.171145021874,15371.007563131745,15381.370169510717,15391.81976671741,15402.842214122464,15413.904814214138,15425.521281820815
15268.119873939804,15271.260519875816,15275.023492326842,15279.3444372451,15284.246110708184,15289.723174754066,15295.813417896774,15302.476511237843,15309.733624780529,15317.787023280569,15325.927669216582,15334.690641667607,15343.537039017725,15352.857983935983,15362.464536243384,15372.366209706472,15382.667424136394,15393.144488182279,15404.147740497263,15415.237983639967,15426.901076981034
15269.303563478603,15272.389126801903,15276.115336061213,15280.46387183554,15285.370380077096,15290.85761686348,15296.920244232662,15303.59605069867,15310.844707363038,15318.687384229022,15326.772947552323,15335.411909375662,15344.138118634975,15353.486654409298,15362.918615082717,15372.825123324274,15383.017238954975,15393.504475741362,15404.391253494585,15415.453880863768,15427.042696502052
15270.158552070807,15273.180912487394,15276.788836227284,15281.037405903182,15285.908302094096,15291.33717075224,15297.346767955214,15303.931755740983,15311.129922623579,15318.900939704534,15326.923300121123,15335.288337403696,15343.896261143584,15353.05758338351,15362.306153059413,15372.177049250324,15382.13137034033,15392.560238998476,15403.274715045765,15414.28431224874,15425.69345041855
15272.334812145355,15275.360463585364,15278.908475441962,15283.042050621862,15287.816271737769,15293.212819368693,15299.167339466847,15305.70258810983,15312.813227335611,15320.537045658217,15328.562697098227,15336.859365619192,15345.40737747579,15354.298066198373,15363.43164137827,15373.118615058207,15382.89283617412,15393.28938380504,15403.769356335057,15414.723876433212,15425.964003920511
15276.45748244996,15279.16073012236,15282.38962923477,15286.14088876377,15290.477711616071,15295.455180404379,15301.054975707704,15307.21274347826,15313.951239793645,15321.265126691826,15328.968374364227,15336.895440359234,15345.124339471646,15353.62425566501,15362.375515194011,15371.469451588995,15380.806274441295,15390.696495793632,15400.673964581945,15411.273759885267,15421.956980087685
15278.97709375849,15281.634482586114,15284.49511908614,15287.881407026174,15291.790055382797,15296.284267062723,15301.419124678654,15307.176308809603,15313.491465407782,15320.387350550793,15327.858626276597,15335.51601510422,15343.376651604247,15351.461106426877,15359.847394366912,15368.5046993879,15377.413347744527,15386.664672967134,15396.158884647057,15406.20649482702,15416.341352442956
15280.664954423824,15283.426327813988,15286.345090031773,15289.467099921962,15293.114761252158,15297.284782998944,15302.040368069032,15307.436599075127,15313.455156596237,15320.03168658458,15327.188945117752,15334.92159423372,15342.682967623881,15350.601729841668,15358.723739731857,15367.06956794465,15375.717229274847,15384.635907685999,15393.805929432787,15403.318628045557,15413.074213115642
15281.958339646319,15284.789588162335,15287.882210068516,15291.132220802318,15294.585479208523,15298.564389054738,15303.06565931754,15308.152492903646,15313.879972425757,15320.229778462884,15327.137556967244,15334.626064016433,15342.45731253245,15350.521210164434,15358.613832070612,15366.863842804416,15375.317101210621,15383.994177939432,15392.973087785647,15402.223014712816,15411.72428497562
15282.894377069919,15285.702377017311,15288.841625480718,15292.242247334289,15295.80025801548,15299.561516369078,15303.848426162684,15308.657696372877,15314.052529906374,15320.088009375875,15326.745815360393,15333.961593812144,15341.758100808724,15349.566100756114,15357.705349219523,15366.077246798897,15374.477868652466,15383.035879333662,15391.797137687257,15400.782214363458,15410.069124157066
15284.572007522413,15287.364494919508,15290.464982263995,15293.896718124497,15297.589827375163,15301.44032545345,15305.494071204143,15310.073468394841,15315.17522600213,15320.862546932722,15327.190513799318,15334.140807180931,15341.649073029777,15349.441560426872,15357.530554820547,15365.631042165032,15374.062778025536,15382.727163002006,15391.42027225267,15400.27077033096,15409.324516081651
15286.252383441415,15289.217742252458,15292.475588460595,15296.041434616125,15299.938529287669,15304.096997349377,15308.412854238706,15312.931958800442,15317.976714802182,15323.543831220513,15329.696510962149,15336.489836639787,15343.905488832443,15351.870847643484,15359.844472303374,15368.10231851151,15376.656671716228,15385.222517871754,15394.119612543302,15403.249356330814,15412.40782439252
15287.17314394992,15290.131026202655,15293.554267266432,15297.269995727303,15301.293724135568,15305.648701059847,15310.265051374292,15315.038790516355,15320.015777330826,15325.5184155853,15331.543414256366,15338.153976250736,15345.40518418111,15353.278718626501,15361.236600879236,15369.659841943012,15378.091348855636,15386.807077316507,15395.819312773961,15404.843041182223,15414.198018106505
15288.222317170566,15291.156725654902,15294.549016391975,15298.406665940089,15302.556802885298,15307.014939777899,15311.804325186513,15316.855083985296,15322.063231611695,15327.474626910504,15333.411673649314,15339.871080804718,15346.916051283424,15354.601667698134,15362.536076182472,15370.844019112199,15379.236309849271,15388.093959397384,15396.959874794344,15406.110011739553,15415.556655681343
15290.268304712657,15293.259015926351,15296.68413562438,15300.567137575148,15304.915498336955,15309.556346495858,15314.505194602152,15319.78529122446,15325.326761236936,15331.025620077029,15336.92772658953,15343.355484542035,15350.305602911132,15357.841284603532,15365.831995817225,15374.00832344563,15382.433443143662,15391.232097287082,15400.115099237848,15409.463459999653,15418.820086610307
15292.51357560732,15295.521440479875,15299.020016566126,15302.953001136713,15307.343867960039,15312.200093594403,15317.348806625863,15322.805519604715,15328.593481099579,15334.642815984613,15340.849539697263,15347.259511082322,15354.195133907384,15361.653117149039,15369.660982021596,15377.704528586552,15386.203104672803,15394.887297173766,15403.820281744354,15413.126800760332,15422.517667583656
15293.815532563689,15296.72818571565,15300.148703740166,15304.059932978378,15308.405570700927,15313.209090676213,15318.47796946254,15324.03933564596,15329.908701776772,15336.109316423597,15342.571304460593,15349.190681325204,15356.013305862225,15363.361581839246,15371.232218232863,15379.144871384824,15387.565389409343,15396.02158912626,15404.932818364472,15414.029664017395,15423.375301739945
15295.13897663583,15298.09179086126,15301.457258238648,15305.330590488593,15309.694633952233,15314.49308590021,15319.749420100925,15325.471113112679,15331.48529352153,15337.807473877769,15344.460902750023,15351.375705012446,15358.447896102487,15365.723334864935,15373.524425067386,15381.477239292813,15389.800689911859,15398.166157289248,15407.039489539195,15415.94850348154,15425.31254694518
15296.654212816275,15299.566032173658,15302.93066575647,15306.707952491242,15310.99310409857,15315.768966919593,15320.979238224954,15326.647391783052,15332.78090415219,15339.206903918424,15345.940903632047,15353.006151861684,15360.33277348149,15367.816783928914,15375.504042048746,15383.415861406129,15391.628770965963,15399.993404548773,15408.728674525204,15417.505961259976,15426.791112867306
15297.203491800077,15300.183758960893,15303.575845479092,15307.420746222719,15311.678300118307,15316.443718886449,15321.699848868288,15327.390387334463,15333.538808053376,15340.15258758333,15347.058854510378,15354.273121384816,15361.818636775268,15369.62552555589,15377.589803164128,15385.570070324944,15393.737595605591,15402.129682123788,15410.822858844438,15419.667759588063,15428.88329672531
15298.616577859124,15301.70189058823,15305.267470478151,15309.244869725455,15313.675083198188,15318.51794982288,15323.868681320128,15329.710124031073,15335.985975226353,15342.71970867437,15349.918800933432,15357.410380589585,15365.209960193128,15373.295272922234,15381.42610104179,15389.818302551517,15398.36789288886,15406.933472778783,15415.686310788535,15424.663710035837,15433.942199485593
15300.251963762383,15303.358596112028,15307.050541190778,15311.222753430342,15315.80678502729,15320.843630849668,15326.293129824004,15332.250493670894,15338.698568731483,15345.581052276406,15352.92141807407,15360.727142682774,15368.82535468857,15376.931987038213,15385.338198991401,15394.030144070151,15402.767604539351,15411.766438398721,15420.92266108571,15430.094873325275,15439.45434368467
15301.637759953745,15304.709731075887,15308.388334547675,15312.65225074857,15317.396434110276,15322.552436829368,15328.16125377389,15334.18272387037,15340.712058839403,15347.732105022136,15355.186559689202,15363.098896609008,15371.170867731153,15379.548563462,15388.21874658994,15396.897350061727,15405.87553313706,15415.139449337952,15424.448880929296,15434.01968591081,15443.74787971994
15302.797401093145,15305.88119770508,15309.536965439158,15313.79936552288,15318.64707833571,15323.975058309352,15329.71485764038,15335.907471196835,15342.512737905252,15349.625869486219,15357.229712280889,15365.267963559889,15373.351760171825,15381.847893703567,15390.503661437646,15399.46515378043,15408.719133520304,15417.981533604026,15427.543513291293,15437.391226104122,15447.2844543074
15304.527545696796,15307.704456680327,15311.465164275794,15315.797842993406,15320.73715406066,15326.261777857024,15332.266668814198,15338.683379128757,15345.552903668746,15352.835081360696,15360.625123925194,15368.802034908727,15377.08278868693,15385.797950949462,15394.558658544931,15403.731703060204,15413.064381777816,15422.702785104133,15432.63367582754,15442.572986894795,15452.811877565595
15305.971941359621,15309.148738218204,15313.00244606032,15317.43995051437,15322.449426090565,15328.065534016401,15334.266954671348,15340.948642487105,15348.042149660248,15355.58847105882,15363.547445609353,15371.724242467935,15380.191081891016,15389.044789733132,15398.00234036992,15407.394299491034,15416.831803945086,15426.681645318942,15436.691120895137,15447.006321080036,15457.614008662027
15307.023924900564,15310.142821665922,15313.938515289863,15318.411119897339,15323.467521116747,15329.0958934583,15335.330898149494,15342.1512155698,15349.451800150915,15357.164204089417,15365.283100854775,15373.448319018706,15382.026190334596,15390.821883958537,15399.907620146978,15409.380224754452,15418.956672156597,15428.96752804307,15439.023929262481,15449.492667401695,15460.121039743248
15308.02008487338,15311.148828831085,15314.896469554147,15319.320907135792,15324.422255700973,15330.107400878083,15336.36451717734,15343.22826582624,15350.67732720425,15358.60665574307,15366.735399700774,15375.07654759698,15383.824188320043,15392.618150441676,15401.824765715271,15411.249203296917,15420.963683443062,15431.06503200824,15441.27022336809,15451.909823212267,15462.594968389383
15309.369377909605,15312.543135261953,15316.345636572005,15320.767034647415,15325.865229581408,15331.640335498936,15337.999238028395,15344.930111680002,15352.467617681248,15360.590436411607,15368.764193763955,15377.367279655122,15386.169780965174,15395.184686213728,15404.606084289138,15414.07380376312,15423.954176389063,15434.052371323056,15444.44060882155,15455.215714739075,15466.094663451273
15310.811850063705,15314.001719154396,15317.865345597436,15322.35771599818,15327.468983164283,15333.257047188967,15339.722022197187,15346.770793817337,15354.391536559637,15362.581405650328,15370.808780742267,15379.621468563317,15388.485095006357,15397.778049988216,15407.27042038896,15416.975194728207,15427.086461894309,15437.244050458983,15447.814292175617,15458.602356200303,15469.680462789487
15312.599953565486,15315.81535345496,15319.720622435123,15324.299648767636,15329.50741905785,15335.334086113426,15341.837550027583,15349.017924925276,15356.782096434898,15364.99749632437,15373.333638956143,15382.238907936306,15391.181682917717,15400.709770628238,15410.288796960751,15420.297151832083,15430.5049221223,15440.925096351019,15451.751763406592,15462.62475186074,15473.910393466846
15314.874138009465,15318.12617409536,15322.093610070728,15326.750915136785,15332.081977555194,15338.041783931303,15344.620487072772,15351.875987072825,15359.808398056413,15368.060434142308,15376.576641737824,15385.54407771319,15394.632256430858,15404.289561496917,15413.984372564222,15424.264496360638,15434.595558779045,15445.355949736273,15456.315756112384,15467.487966426997,15479.066669568465
15318.285194416681,15321.629888121293,15325.7266179118,15330.53874759178,15336.040746362449,15342.21650248547,15349.02100256619,15356.444399412272,15364.544593116936,15372.889286821548,15381.666391509749,15390.763121300255,15400.124022600383,15409.936152280361,15419.86902470264,15430.371023473312,15440.910528245231,15452.035345746259,15463.211101869278,15474.816186531118,15486.620686611841
15321.189690117835,15324.498350988772,15328.651705564322,15333.557096225764,15339.177886776682,15345.488546418288,15352.472963412245,15360.086124363905,15368.318182080922,15376.62684295186,15385.53569752746,15394.689052103009,15404.274817662148,15414.18020832359,15424.349770494657,15434.970561045571,15445.712094338787,15457.022753980396,15468.370919623252,15480.304397995218,15492.288814989173
15323.910304494268,15327.216111807773,15331.330579992215,15336.28974188127,15342.00093985622,15348.427537720643,15355.544004675754,15363.334228983216,15371.640036296722,15380.059004561888,15389.096869592411,15398.211337776855,15407.92599966596,15417.885161555014,15428.27673442766,15438.987932402608,15449.96330188718,15461.389899751599,15472.93724035832,15485.053707313436,15497.207680269797
15325.888494487119,15329.104126715321,15333.12556625703,15337.955666669674,15343.630460786932,15350.057290990084,15357.19952108271,15365.031620266023,15373.247252494228,15381.753109029893,15390.7745485716,15399.90914906497,15409.662646323695,15419.492746736341,15429.92304085365,15440.597834970906,15451.705040071754,15463.131870274905,15474.822871987679,15486.965102080301,15499.228074915227
15327.993837737813,15331.144888905686,15335.01157230176,15339.684063011342,15345.16521459186,15351.49105987699,15358.568941248015,15366.362222508513,15374.513273676386,15382.996424027573,15391.86310742365,15401.020015127187,15410.692505836767,15420.47815749801,15430.882705924609,15441.363857505126,15452.445202790308,15463.771048075436,15475.529304344158,15487.607185715182,15499.949238595827
15329.562532298003,15332.677444550425,15336.44340797072,15340.925003619217,15346.21240658122,15352.308470414162,15359.249227951714,15366.942021575162,15375.056933827584,15383.465127340505,15392.2310907608,15401.32915336441,15410.810749012908,15420.582568968868,15430.869971930872,15441.270535844536,15452.289996523557,15463.386060356497,15475.082317894103,15487.023075431653,15499.396243952797
15331.424414737841,15334.577355500956,15338.345208516492,15342.764112699902,15347.898649111514,15353.838992836632,15360.587997432689,15368.181695733356,15376.334636496471,15384.680370883034,15393.448223898571,15402.509358174608,15411.928262358017,15421.67926572474,15431.813802136354,15442.23856285543,15453.178906580548,15464.232411257328,15475.904812699464,15487.653817295519,15500.00301559624
15333.62607141097,15336.807082632302,15340.64103461675,15345.08989885362,15350.189814258361,15356.005361891306,15362.626716837758,15370.056732655146,15378.23774387648,15386.51245339848,15395.346405382927,15404.373150990823,15413.822015227694,15423.564160725062,15433.664076129804,15444.096090717861,15454.911638350806,15466.017410291215,15477.638765237667,15489.373281135779,15501.726693799248
15337.06776232564,15340.335056994827,15344.283362885344,15348.88460953898,15354.100768445036,15359.967978518964,15366.550820821096,15373.939470436735,15382.136780923309,15390.404075592496,15399.352381483017,15408.394385674203,15417.995632327837,15427.789672604918,15438.005831510976,15448.515271677532,15459.38248175146,15470.581791008704,15482.164633310837,15494.03769992043,15506.42634953607
15340.24602937128,15343.515517881548,15347.552301061001,15352.270095461787,15357.640830625689,15363.626478042013,15370.263176626207,15377.615507438608,15385.773645564514,15394.043134074782,15403.009933071622,15412.046716251078,15421.764510651865,15431.576003353317,15441.94673851722,15452.510267304568,15463.495914720894,15474.774843397716,15486.411541981912,15498.380339749423,15510.732670561823
15343.216577742765,15346.495383153313,15350.54367707413,15355.359265664134,15360.855865475467,15367.005406049919,15373.769858876793,15381.185362871534,15389.316499094484,15397.595304505034,15406.532248041487,15415.580541962305,15425.326146369693,15435.141734959698,15445.638334771034,15456.228632883034,15467.378173457486,15478.720507655384,15490.484960482258,15502.542694569629,15514.958198564374
15345.836536223238,15348.852497666652,15352.647264520616,15357.211519884848,15362.543069918267,15368.555631173014,15375.221133190882,15382.50154746117,15390.433012899328,15398.448974342742,15407.096072009108,15415.890838863073,15425.343743842941,15434.907999207175,15445.169565057977,15455.501115091398,15466.513676346149,15477.619935901565,15489.28543791943,15501.143733560744,15513.424147831032
15347.090843737038,15350.045573043777,15353.516263793932,15357.765759954635,15362.784744625606,15368.571023965764,15375.03831452725,15382.158545851857,15389.893689428884,15397.848418735623,15406.23461348052,15414.705304230672,15423.807131203777,15433.056627364482,15442.96426165109,15452.983246322063,15463.699541479604,15474.485820819764,15485.953111381254,15497.514100243408,15509.634331568013
15349.161410523735,15352.083930147139,15355.461179077281,15359.35438945084,15364.026405234947,15369.467909529323,15375.676708492885,15382.566518677775,15390.109269625786,15398.03178924919,15406.18945244962,15414.566701379763,15423.375415748063,15432.26862612162,15441.792972718129,15451.464988502237,15461.79514241225,15472.236646706626,15483.37546148757,15494.584260451134,15506.474070636028
15350.478125768372,15353.276841391955,15356.49807663894,15360.174041192666,15364.365967189808,15369.336698597495,15375.076918515455,15381.5844331026,15388.772958911071,15396.571674534654,15404.413141106248,15412.634376353235,15421.090755177247,15429.766719730973,15438.874149722857,15448.066075719995,15457.889137940087,15467.859869347778,15478.488738881371,15489.228958799331,15500.666489203859
15356.023628954257,15358.578870196267,15361.432827061859,15364.709303550853,15368.440509346588,15372.68767658574,15377.713649235438,15383.509110395407,15390.071866224562,15397.315633275042,15404.870874517052,15412.724831382644,15420.621539196247,15428.898015685245,15437.409635751266,15446.140841547001,15455.303512780894,15464.550680020042,15474.428983482143,15484.454956131844,15495.139066907446
15360.195276704473,15362.771746613997,15365.403457765531,15368.333884540649,15371.686830939168,15375.494506644427,15379.818143793103,15384.920586352328,15390.792517421822,15397.4317431605,15404.751980120505,15412.32845003003,15419.960161181563,15427.890587956681,15435.86376567981,15444.216712078332,15452.804802053877,15461.612477759138,15470.851618902556,15480.175256051229,15490.130029422853
15363.654848956843,15366.352053547509,15369.125728047698,15371.9546437899,15375.082275155684,15378.63242614487,15382.637306440796,15387.158148180139,15392.457795330029,15398.52693099019,15405.363361319534,15412.880802870206,15420.578007460872,15428.351681961065,15436.180597703264,15444.308229069047,15452.478611382843,15461.028762372032,15469.814056938243,15478.818937234171,15488.255282968255
15367.15284774326,15369.7835023364,15372.611361520205,15375.515690613533,15378.475260948875,15381.733546907797,15385.414352490123,15389.549887379188,15394.201383711668,15399.631685454699,15405.831475707999,15412.798560630483,15420.429215223621,15428.077311367433,15435.905170551237,15443.809499644569,15451.769069979908,15460.02735593883,15468.328392845766,15477.009198428093,15485.925147587443
15371.666625511816,15374.351588981184,15377.16720704369,15380.180029696863,15383.269322259557,15386.413856064266,15389.857105492556,15393.722874544248,15398.043372902679,15402.879832704528,15408.495097916924,15414.879851639593,15422.031900031443,15429.71686350081,15437.532481563316,15445.365541176494,15453.378363829665,15461.467656392364,15469.61219019707,15478.055439625357,15486.541440001662
